Navigation backend: ego-shadow
Mission sequencer:  false
Map file:           <disabled for validation>
Map auto-load:      false
Recognition:        false
Navigation output:  false
[INFO] [launch]: All log files can be found below /home/robot/.ros/log/2026-08-09-14-57-52-050862-robot-36011
[INFO] [launch]: Default logging verbosity is set to INFO
[INFO] [launch.user]: [TUNING_FILE]
[INFO] [launch.user]: path=/home/robot/rong_ws/ws_offboard_control/install/race_bringup/share/race_bringup/config/astar_ego_tuning.yaml
[INFO] [launch.user]: schema_version=1
[INFO] [launch.user]: [EGO_MAP_SOURCE]
[INFO] [launch.user]: ego_map_source=static_live_px4
[INFO] [launch.user]: [EGO_MAP_TUNING]
[INFO] [launch.user]: {'live_obstacle_memory_sec': 1.0, 'live_obstacle_voxel_size_m': 0.1, 'live_obstacle_min_observations': 2, 'minimum_reliable_detection_range_m': 0.725, 'pose_sync_max_skew_sec': 0.3, 'pose_buffer_duration_sec': 1.0}
[INFO] [launch.user]: [SHARED_BOUNDS]
[INFO] [launch.user]: x=[-0.85,11.9] y=[-1.3,12.4] z=[0.5,0.85] margin=0.15
[INFO] [launch.user]: [GLOBAL_PLANNER_TUNING]
[INFO] [launch.user]: {'grid_resolution': 0.15, 'planning_resolution': 0.05, 'hard_inflation_radius': 0.28, 'min_planning_inflation_radius': 0.28, 'soft_obstacle_cost_radius': 0.54, 'clearance_cost_weight': 3.0, 'tracking_lookahead_distance': 0.3, 'max_local_goal_distance': 1.7, 'smoothing_min_clearance': 0.1, 'allow_direct_path': False, 'enable_path_shortcut': False}
[INFO] [launch.user]: [EGO_TUNING]
[INFO] [launch.user]: {'planning_horizon': 5.0, 'local_update_range_x': 6.0, 'local_update_range_y': 6.0, 'local_update_range_z': 1.25, 'occupancy_map_size_x': 24.0, 'occupancy_map_size_y': 26.0, 'occupancy_publish_max_height': 2.5, 'max_velocity': 0.6, 'max_acceleration': 0.8, 'control_point_spacing': 0.25, 'planning_clearance_m': 0.34, 'constrained_clearance_enable': False, 'constrained_clearance_m': 0.24, 'constrained_optimization_clearance_m': 0.3, 'far_end_clearance_extra_m': 0.06, 'optimization_clearance_m': 0.42, 'max_reference_deviation_m': 0.8, 'use_distinctive_trajectories': True, 'replan_start_position_error_m': 0.25, 'handover_position_tolerance_m': 0.01, 'handover_velocity_tolerance_mps': 0.005, 'handover_acceleration_tolerance_mps2': 0.01, 'fixed_flight_height': 0.78}
[INFO] [launch.user]: [BRIDGE_TUNING]
[INFO] [launch.user]: {'occupancy_timeout_sec': 1.0, 'active_recheck_history_sec': 0.5, 'bspline_timeout_sec': 0.2, 'command_timeout_sec': 0.2, 'dynamic_invalid_grace_sec': 0.75, 'replan_hold_timeout_sec': 3.0, 'collision_sample_spacing_m': 0.04, 'braking_deceleration_mps2': 0.8, 'reaction_time_sec': 0.15, 'dynamic_limit_margin': 1.1, 'max_yaw_rate_rad_s': 0.8}
[INFO] [launch.user]: [OFFBOARD_TUNING]
[INFO] [launch.user]: {'takeoff_height_m': 0.55, 'ego_goal_release_height_m': 0.5, 'ego_goal_stable_height_tolerance_m': 0.05, 'ego_goal_stable_horizontal_speed_mps': 0.08, 'ego_goal_stable_vertical_speed_mps': 0.05, 'ego_goal_stable_duration_sec': 0.5, 'fixed_flight_height_m': 0.78, 'max_safe_height_m': 0.85, 'goal_tolerance_xy_m': 0.1, 'goal_tolerance_z_m': 0.05, 'setpoint_rate_hz': 20.0, 'trusted_position_max_speed_mps': 4.0, 'trusted_position_jump_allowance_m': 0.4, 'ego_setpoint_max_lead_m': 2.0, 'ego_setpoint_timeout_sec': 2.5, 'same_goal_retry_on_safety_latch': True, 'ego_yaw_rate_limit_rad_s': 0.8, 'initial_position_stabilization_sec': 0.5, 'initial_position_max_spread_m': 0.08, 'initial_position_max_speed_mps': 0.2}
[INFO] [offboard_waypoint_node-1]: process started with pid [36049]
[INFO] [fastlio_bridge_node-2]: process started with pid [36051]
[INFO] [frame_transform_node-3]: process started with pid [36053]
[INFO] [map_io_node-4]: process started with pid [36055]
[INFO] [mapping_manager_node-5]: process started with pid [36057]
[INFO] [super_planner_ros2_node-6]: process started with pid [36059]
[INFO] [race_ego_odom_bridge-7]: process started with pid [36061]
[INFO] [race_ego_cloud_bridge-8]: process started with pid [36063]
[INFO] [race_ego_goal_bridge-9]: process started with pid [36065]
[INFO] [ego_planner_node-10]: process started with pid [36067]
[INFO] [traj_server-11]: process started with pid [36069]
[INFO] [race_ego_trajectory_bridge-12]: process started with pid [36071]
[race_ego_trajectory_bridge-12] [INFO] [1786258672.310399705] [race_ego_trajectory_bridge]: [BRIDGE_CLEARANCE_THRESHOLD] hard_clearance=0.290000000
[race_ego_trajectory_bridge-12] [INFO] [1786258672.310635326] [race_ego_trajectory_bridge]: [BRIDGE_BRAKING_CONTRACT] max_speed=0.600 deceleration=0.800 reaction=0.150 clearance=0.290 braking_horizon=0.605 detection_range=0.725
[mapping_manager_node-5] [INFO] [1786258672.325238844] [mapping_manager_node]: mapping_manager_node started
[mapping_manager_node-5] [INFO] [1786258672.325354342] [mapping_manager_node]:   auto_load_on_start: false
[mapping_manager_node-5] [INFO] [1786258672.325361670] [mapping_manager_node]:   auto_save_on_land: true
[frame_transform_node-3] [INFO] [1786258672.326513402] [frame_transform_node]: frame_transform_node started
[frame_transform_node-3] [INFO] [1786258672.326695499] [frame_transform_node]:   Published static TF: map -> odom (identity)
[frame_transform_node-3] [INFO] [1786258672.326711588] [frame_transform_node]:   Published static TF: camera_init -> map (identity, RViz display only)
[race_ego_trajectory_bridge-12] [INFO] [1786258672.340010579] [race_ego_trajectory_bridge]: [EGO_STATUS] state=WAIT_MAP control_enabled=false map=missing odom=missing goal=missing trajectory=missing
[fastlio_bridge_node-2] [INFO] [1786258672.786180677] [fastlio_bridge_node]: FAST-LIO2 里程计桥接已启动：订阅 /Odometry -> /race/odom, /race/pose
[map_io_node-4] [INFO] [1786258672.795273340] [map_io_node]: map_io_node started
[map_io_node-4] [INFO] [1786258672.797932938] [map_io_node]:   map_file: /home/robot/rong_ws/ws_offboard_control/maps/fastlio_global_3d/GlobalMap.pcd
[map_io_node-4] [INFO] [1786258672.797952959] [map_io_node]:   publish_topic: /saved_map
[map_io_node-4] [INFO] [1786258672.797963715] [map_io_node]:   display_leaf_size: 0.10 m
[map_io_node-4] [INFO] [1786258672.797977822] [map_io_node]:   max_display_points: 3000000
[race_ego_odom_bridge-7] [INFO] [1786258672.834007170] [race_ego_odom_bridge]: EGO odom bridge: /mavros/local_position/odom -> /race/ego/odom frame=map conversion=enuToMap(-y,x,z) strict=false
[race_ego_cloud_bridge-8] [INFO] [1786258672.872453303] [race_ego_cloud_bridge]: EGO cloud bridge: source=static_live_px4 input=/saved_map+/fast_lio/cloud_registered_body output=/race/ego/cloud required_frame=map frame_transform=px4_pose_projection
[ego_planner_node-10] [INFO] [1786258672.881209159] [race_ego_planner]: [EGO_RECOVERY_GEOMETRY_CONFIG] search_distance=0.600 minimum_forward_progress=0.150 extra_clearance=0.060 max_reference_deviation=0.780 max_lateral_offset=0.750 lateral_offset_step=0.150
[ego_planner_node-10] [INFO] [1786258672.985467488] [race_ego_planner]: [EGO_HANDOVER_TOLERANCE] position_m=0.010 velocity_mps=0.005 acceleration_mps2=0.010
[ego_planner_node-10] [INFO] [1786258672.985530423] [race_ego_planner]: [EGO_REFERENCE_GEOMETRY_LIMIT] max_reference_deviation_m=0.800
[ego_planner_node-10] [INFO] [1786258673.014587186] [race_ego_planner]: [EGO_OCCUPANCY_SAFETY_MODEL] required_center_clearance=0.290 planning_clearance=0.340 resolution=0.150 coarse_inflation_steps=2 coarse_voxel_clearance=0.300 continuous_query=true
[ego_planner_node-10] hit: 0.619039
[ego_planner_node-10] miss: -0.619039
[ego_planner_node-10] min log: -1.99243
[ego_planner_node-10] max: 2.19722
[ego_planner_node-10] thresh log: 1.38629
[super_planner_ros2_node-6] [INFO] [1786258673.019058858] [super_planner_ros2_node]: MODE_INIT enable_output=false setpoint_topic=/race/navigation_setpoint setpoint_frame=px4_ned control_rate=20.0 replan_rate=2.0 tracking_lookahead=0.30 heading_lookahead=0.80 max_yaw_rate=1.00 odom_topic=/mavros/local_position/odom odom_input_frame=map_enu require_mavros_connected=false mavros_state_topic=/mavros/state cloud_topic=/saved_map PLANNER_INTERNAL_FRAME=map hard_inflation=0.28 soft_cost_radius=0.54 clearance_cost_weight=3.00 smoothing=true method=chaikin iterations=2 sample_resolution=0.10 allow_direct_path=false enable_path_shortcut=false
[super_planner_ros2_node-6] [INFO] [1786258673.019281842] [super_planner_ros2_node]: GLOBAL_MODE global_only=false control_output=false global_path=/race/global_path local_goal=/race/ego/local_goal
[super_planner_ros2_node-6] [INFO] [1786258673.019299281] [super_planner_ros2_node]: [SUPER_MODE] global_only=false max_planning_distance=9.000 segment_chaining=false
[super_planner_ros2_node-6] [INFO] [1786258673.019310582] [super_planner_ros2_node]: [SUPER_DIRECT_MODE] enabled=false
[super_planner_ros2_node-6] [INFO] [1786258673.019328137] [super_planner_ros2_node]: [SHARED_BOUNDS] x=[-0.85,11.90] y=[-1.30,12.40] z=[0.50,0.85] margin=0.15
[offboard_waypoint_node-1] [INFO] [1786258673.048262391] [offboard_waypoint_node]: Offboard adapter: control_source=navigation navigation_topic=/race/navigation_setpoint ego_topic=/race/ego/trajectory_setpoint frame=px4_ned timeout=0.80s ego_timeout=0.20s height=[0.50, 0.85]m warmup=1.0s stabilization=3.0s takeoff_complete=0.55m strict_health=false
[offboard_waypoint_node-1] [INFO] [1786258673.048756379] [offboard_waypoint_node]: [PLANNER_SOURCE] backend=navigation
[offboard_waypoint_node-1] [INFO] [1786258673.048791875] [offboard_waypoint_node]: [TRAJECTORY_SOURCE] selected=navigation timeout=2.50s
[super_planner_ros2_node-6] [INFO] [1786258673.069919326] [super_planner_ros2_node]: SUPER_ROS2 mode=NO_ODOM enable_output=false reason=NO_ODOM odom=(0.00,0.00,0.00) goal=none tracking_setpoint_enu=(0.00,0.00,0.00) setpoint_ned=none yaw(desired/cmd/rate)=(0.00/0.00/0.00) cross_track=0.00 frame_id=px4_ned path_points=0 odom_source=none cloud_source=none mavros_connected=false
[offboard_waypoint_node-1] [INFO] [1786258673.080941840] [offboard_waypoint_node]: [EV_HEALTH] state=HEALTHY continuous_healthy=0.00s
[ego_planner_node-10] [INFO] [1786258673.086742777] [race_ego_planner]: [EGO_OBSTACLE_CLEARANCE_CONTRACT] required_center_clearance=0.290000000 planning_clearance=0.340000000 optimization_target_clearance=0.420000000 far_end_clearance_extra=0.060000000 far_end_target_clearance=0.480000000 collision_weight=1.200000000 valid=true
[ego_planner_node-10] [INFO] [1786258673.089490645] [race_ego_planner]: [EGO_ACTIVE_OPTIMIZATION_TERMS] smoothness=true obstacle=true feasibility=true reference=false endpoint=true smoothness_weight=1.000000 obstacle_weight=1.200000 feasibility_weight=0.400000 reference_weight=0.000000 configured_fitness_weight=1.000000 obstacle_clearance=0.420000
[offboard_waypoint_node-1] [INFO] [1786258673.098506854] [offboard_waypoint_node]: [CONTROL_ARBITER] selected_source=safety_hold state=WAITING_FOR_ODOM
[ego_planner_node-10] [INFO] [1786258673.175274070] [race_ego_planner]: [EGO_CONSTRAINED_CLEARANCE_CONFIG] enabled=false normal=0.340 constrained=0.240 optimization=0.300
[ego_planner_node-10] [INFO] [1786258673.184578459] [race_ego_planner]: single drone:-1
[traj_server-11] [WARN] [1786258673.333110630] [race_ego_traj_server]: [Traj server]: ready.
[super_planner_ros2_node-6] [WARN] [1786258673.869048479] [super_planner_ros2_node]: New publisher discovered on topic '/mavros/local_position/odom', offering incompatible QoS. No messages will be sent to it. Last incompatible policy: RELIABILITY_QOS_POLICY
[fastlio_bridge_node-2] [INFO] [1786258674.013280461] [fastlio_bridge_node]: 已桥接并转换里程计: ENU(0.01, -0.01, -0.04) -> NED(-0.01, -0.01, 0.04)
[fastlio_bridge_node-2] [INFO] [1786258674.013457753] [fastlio_bridge_node]: 已桥接并转换里程计: ENU(0.01, -0.01, -0.04) -> NED(-0.01, -0.01, 0.04)
[fastlio_bridge_node-2] [INFO] [1786258674.013537774] [fastlio_bridge_node]: 已桥接并转换里程计: ENU(0.01, -0.01, -0.04) -> NED(-0.01, -0.01, 0.04)
[fastlio_bridge_node-2] [INFO] [1786258674.066264047] [fastlio_bridge_node]: 已桥接并转换里程计: ENU(0.01, -0.01, -0.04) -> NED(-0.01, -0.01, 0.04)
[offboard_waypoint_node-1] [INFO] [1786258674.098538628] [offboard_waypoint_node]: [CONTROL_ARBITER] selected_source=safety_hold state=WAITING_FOR_ODOM
[super_planner_ros2_node-6] [INFO] [1786258674.119311890] [super_planner_ros2_node]: SUPER_ROS2 mode=NO_ODOM enable_output=false reason=NO_ODOM odom=(0.00,0.00,0.00) goal=none tracking_setpoint_enu=(0.00,0.00,0.00) setpoint_ned=none yaw(desired/cmd/rate)=(0.00/0.00/0.00) cross_track=0.00 frame_id=px4_ned path_points=0 odom_source=none cloud_source=none mavros_connected=false
[ego_planner_node-10] [FSM]: state: INIT
[ego_planner_node-10] no odom.
[ego_planner_node-10] wait for goal or trigger.
[offboard_waypoint_node-1] [INFO] [1786258675.148606243] [offboard_waypoint_node]: [CONTROL_ARBITER] selected_source=safety_hold state=WAITING_FOR_ODOM
[super_planner_ros2_node-6] [INFO] [1786258675.169287355] [super_planner_ros2_node]: SUPER_ROS2 mode=NO_ODOM enable_output=false reason=NO_ODOM odom=(0.00,0.00,0.00) goal=none tracking_setpoint_enu=(0.00,0.00,0.00) setpoint_ned=none yaw(desired/cmd/rate)=(0.00/0.00/0.00) cross_track=0.00 frame_id=px4_ned path_points=0 odom_source=none cloud_source=none mavros_connected=false
[ego_planner_node-10] [FSM]: state: INIT
[ego_planner_node-10] no odom.
[ego_planner_node-10] wait for goal or trigger.
[fastlio_bridge_node-2] [INFO] [1786258676.064143213] [fastlio_bridge_node]: 已桥接并转换里程计: ENU(0.02, -0.00, -0.04) -> NED(-0.02, -0.00, 0.04)
[super_planner_ros2_node-6] [INFO] [1786258676.169307262] [super_planner_ros2_node]: SUPER_ROS2 mode=NO_ODOM enable_output=false reason=NO_ODOM odom=(0.00,0.00,0.00) goal=none tracking_setpoint_enu=(0.00,0.00,0.00) setpoint_ned=none yaw(desired/cmd/rate)=(0.00/0.00/0.00) cross_track=0.00 frame_id=px4_ned path_points=0 odom_source=none cloud_source=none mavros_connected=false
[offboard_waypoint_node-1] [INFO] [1786258676.198428360] [offboard_waypoint_node]: [CONTROL_ARBITER] selected_source=safety_hold state=WAITING_FOR_ODOM
[ego_planner_node-10] [FSM]: state: INIT
[ego_planner_node-10] no odom.
[ego_planner_node-10] wait for goal or trigger.
[offboard_waypoint_node-1] [WARN] [1786258676.377956444] [offboard_waypoint_node]: [POSE_WAIT] no local velocity sample yet on /mavros/local_position/velocity_local
[ego_planner_node-10] [FSM]: from INIT to WAIT_TARGET
[offboard_waypoint_node-1] [INFO] [1786258676.911873687] [offboard_waypoint_node]: [POSE_TRUSTED] stable_for=0.50s position_ned=(-0.001,0.020,0.123)
[offboard_waypoint_node-1] [WARN] [1786258676.948541978] [offboard_waypoint_node]: [HOLD_POSITION] x=-0.001 y=0.020 z=0.123 yaw=1.573 reason=startup idle hold
[offboard_waypoint_node-1] [WARN] [1786258676.948610912] [offboard_waypoint_node]: [CONTROL_STATE] WAITING_FOR_ODOM -> IDLE_HOLD: no active goal
[offboard_waypoint_node-1] [INFO] [1786258676.948728952] [offboard_waypoint_node]: [HOLD_ERROR] position_error=0.000 velocity=0.008 state=IDLE_HOLD
[offboard_waypoint_node-1] [INFO] [1786258677.198448191] [offboard_waypoint_node]: [CONTROL_ARBITER] selected_source=safety_hold state=IDLE_HOLD
[super_planner_ros2_node-6] [INFO] [1786258677.219257247] [super_planner_ros2_node]: SUPER_ROS2 mode=NO_ODOM enable_output=false reason=NO_ODOM odom=(0.00,0.00,0.00) goal=none tracking_setpoint_enu=(0.00,0.00,0.00) setpoint_ned=none yaw(desired/cmd/rate)=(0.00/0.00/0.00) cross_track=0.00 frame_id=px4_ned path_points=0 odom_source=none cloud_source=none mavros_connected=true
[ego_planner_node-10] [FSM]: state: WAIT_TARGET
[ego_planner_node-10] wait for goal or trigger.
[offboard_waypoint_node-1] [INFO] [1786258677.998492234] [offboard_waypoint_node]: [HOLD_ERROR] position_error=0.004 velocity=0.008 state=IDLE_HOLD
[fastlio_bridge_node-2] [INFO] [1786258678.063958121] [fastlio_bridge_node]: 已桥接并转换里程计: ENU(0.02, -0.01, -0.04) -> NED(-0.02, -0.01, 0.04)
[offboard_waypoint_node-1] [INFO] [1786258678.198484328] [offboard_waypoint_node]: [CONTROL_ARBITER] selected_source=safety_hold state=IDLE_HOLD
[super_planner_ros2_node-6] [INFO] [1786258678.219305708] [super_planner_ros2_node]: SUPER_ROS2 mode=NO_ODOM enable_output=false reason=NO_ODOM odom=(0.00,0.00,0.00) goal=none tracking_setpoint_enu=(0.00,0.00,0.00) setpoint_ned=none yaw(desired/cmd/rate)=(0.00/0.00/0.00) cross_track=0.00 frame_id=px4_ned path_points=0 odom_source=none cloud_source=none mavros_connected=true
[ego_planner_node-10] [FSM]: state: WAIT_TARGET
[ego_planner_node-10] wait for goal or trigger.
[offboard_waypoint_node-1] [INFO] [1786258679.048588952] [offboard_waypoint_node]: [HOLD_ERROR] position_error=0.006 velocity=0.004 state=IDLE_HOLD
[offboard_waypoint_node-1] [INFO] [1786258679.198595470] [offboard_waypoint_node]: [CONTROL_ARBITER] selected_source=safety_hold state=IDLE_HOLD
[super_planner_ros2_node-6] [INFO] [1786258679.269297448] [super_planner_ros2_node]: SUPER_ROS2 mode=NO_ODOM enable_output=false reason=NO_ODOM odom=(0.00,0.00,0.00) goal=none tracking_setpoint_enu=(0.00,0.00,0.00) setpoint_ned=none yaw(desired/cmd/rate)=(0.00/0.00/0.00) cross_track=0.00 frame_id=px4_ned path_points=0 odom_source=none cloud_source=none mavros_connected=true
[ego_planner_node-10] [FSM]: state: WAIT_TARGET
[ego_planner_node-10] wait for goal or trigger.
[fastlio_bridge_node-2] [INFO] [1786258680.064054859] [fastlio_bridge_node]: 已桥接并转换里程计: ENU(0.02, -0.01, -0.04) -> NED(-0.02, -0.01, 0.04)
[offboard_waypoint_node-1] [INFO] [1786258680.098692987] [offboard_waypoint_node]: [HOLD_ERROR] position_error=0.007 velocity=0.002 state=IDLE_HOLD
[offboard_waypoint_node-1] [INFO] [1786258680.248451873] [offboard_waypoint_node]: [CONTROL_ARBITER] selected_source=safety_hold state=IDLE_HOLD
[super_planner_ros2_node-6] [INFO] [1786258680.319275094] [super_planner_ros2_node]: SUPER_ROS2 mode=NO_ODOM enable_output=false reason=NO_ODOM odom=(0.00,0.00,0.00) goal=none tracking_setpoint_enu=(0.00,0.00,0.00) setpoint_ned=none yaw(desired/cmd/rate)=(0.00/0.00/0.00) cross_track=0.00 frame_id=px4_ned path_points=0 odom_source=none cloud_source=none mavros_connected=true
[ego_planner_node-10] [FSM]: state: WAIT_TARGET
[ego_planner_node-10] wait for goal or trigger.
[offboard_waypoint_node-1] [INFO] [1786258681.148464316] [offboard_waypoint_node]: [HOLD_ERROR] position_error=0.005 velocity=0.003 state=IDLE_HOLD
[offboard_waypoint_node-1] [INFO] [1786258681.298778389] [offboard_waypoint_node]: [CONTROL_ARBITER] selected_source=safety_hold state=IDLE_HOLD
[ego_planner_node-10] [FSM]: state: WAIT_TARGET
[ego_planner_node-10] wait for goal or trigger.
[super_planner_ros2_node-6] [INFO] [1786258681.369328847] [super_planner_ros2_node]: SUPER_ROS2 mode=NO_ODOM enable_output=false reason=NO_ODOM odom=(0.00,0.00,0.00) goal=none tracking_setpoint_enu=(0.00,0.00,0.00) setpoint_ned=none yaw(desired/cmd/rate)=(0.00/0.00/0.00) cross_track=0.00 frame_id=px4_ned path_points=0 odom_source=none cloud_source=none mavros_connected=true
[fastlio_bridge_node-2] [INFO] [1786258682.063690897] [fastlio_bridge_node]: 已桥接并转换里程计: ENU(0.02, -0.01, -0.04) -> NED(-0.02, -0.01, 0.04)
[offboard_waypoint_node-1] [INFO] [1786258682.148473026] [offboard_waypoint_node]: [HOLD_ERROR] position_error=0.007 velocity=0.005 state=IDLE_HOLD
[offboard_waypoint_node-1] [INFO] [1786258682.298885038] [offboard_waypoint_node]: [CONTROL_ARBITER] selected_source=safety_hold state=IDLE_HOLD
[ego_planner_node-10] [FSM]: state: WAIT_TARGET
[ego_planner_node-10] wait for goal or trigger.
[super_planner_ros2_node-6] [INFO] [1786258682.369333048] [super_planner_ros2_node]: SUPER_ROS2 mode=NO_ODOM enable_output=false reason=NO_ODOM odom=(0.00,0.00,0.00) goal=none tracking_setpoint_enu=(0.00,0.00,0.00) setpoint_ned=none yaw(desired/cmd/rate)=(0.00/0.00/0.00) cross_track=0.00 frame_id=px4_ned path_points=0 odom_source=none cloud_source=none mavros_connected=true
[offboard_waypoint_node-1] [INFO] [1786258683.148560574] [offboard_waypoint_node]: [HOLD_ERROR] position_error=0.011 velocity=0.006 state=IDLE_HOLD
[offboard_waypoint_node-1] [INFO] [1786258683.348649841] [offboard_waypoint_node]: [CONTROL_ARBITER] selected_source=safety_hold state=IDLE_HOLD
[ego_planner_node-10] [FSM]: state: WAIT_TARGET
[ego_planner_node-10] wait for goal or trigger.
[super_planner_ros2_node-6] [INFO] [1786258683.419449853] [super_planner_ros2_node]: SUPER_ROS2 mode=NO_ODOM enable_output=false reason=NO_ODOM odom=(0.00,0.00,0.00) goal=none tracking_setpoint_enu=(0.00,0.00,0.00) setpoint_ned=none yaw(desired/cmd/rate)=(0.00/0.00/0.00) cross_track=0.00 frame_id=px4_ned path_points=0 odom_source=none cloud_source=none mavros_connected=true
[fastlio_bridge_node-2] [INFO] [1786258684.063448922] [fastlio_bridge_node]: 已桥接并转换里程计: ENU(0.01, -0.01, -0.04) -> NED(-0.01, -0.01, 0.04)
[offboard_waypoint_node-1] [INFO] [1786258684.198434400] [offboard_waypoint_node]: [HOLD_ERROR] position_error=0.010 velocity=0.003 state=IDLE_HOLD
[ego_planner_node-10] [FSM]: state: WAIT_TARGET
[ego_planner_node-10] wait for goal or trigger.
[offboard_waypoint_node-1] [INFO] [1786258684.398510933] [offboard_waypoint_node]: [CONTROL_ARBITER] selected_source=safety_hold state=IDLE_HOLD
[super_planner_ros2_node-6] [INFO] [1786258684.469276152] [super_planner_ros2_node]: SUPER_ROS2 mode=NO_ODOM enable_output=false reason=NO_ODOM odom=(0.00,0.00,0.00) goal=none tracking_setpoint_enu=(0.00,0.00,0.00) setpoint_ned=none yaw(desired/cmd/rate)=(0.00/0.00/0.00) cross_track=0.00 frame_id=px4_ned path_points=0 odom_source=none cloud_source=none mavros_connected=true
[offboard_waypoint_node-1] [INFO] [1786258685.198485665] [offboard_waypoint_node]: [HOLD_ERROR] position_error=0.002 velocity=0.010 state=IDLE_HOLD
[ego_planner_node-10] [FSM]: state: WAIT_TARGET
[ego_planner_node-10] wait for goal or trigger.
[offboard_waypoint_node-1] [INFO] [1786258685.398578474] [offboard_waypoint_node]: [CONTROL_ARBITER] selected_source=safety_hold state=IDLE_HOLD
[super_planner_ros2_node-6] [INFO] [1786258685.469309206] [super_planner_ros2_node]: SUPER_ROS2 mode=NO_ODOM enable_output=false reason=NO_ODOM odom=(0.00,0.00,0.00) goal=none tracking_setpoint_enu=(0.00,0.00,0.00) setpoint_ned=none yaw(desired/cmd/rate)=(0.00/0.00/0.00) cross_track=0.00 frame_id=px4_ned path_points=0 odom_source=none cloud_source=none mavros_connected=true
[fastlio_bridge_node-2] [INFO] [1786258686.063851676] [fastlio_bridge_node]: 已桥接并转换里程计: ENU(0.02, -0.01, -0.04) -> NED(-0.02, -0.01, 0.04)
[offboard_waypoint_node-1] [INFO] [1786258686.198509404] [offboard_waypoint_node]: [HOLD_ERROR] position_error=0.005 velocity=0.011 state=IDLE_HOLD
[ego_planner_node-10] [FSM]: state: WAIT_TARGET
[ego_planner_node-10] wait for goal or trigger.
[offboard_waypoint_node-1] [INFO] [1786258686.448789070] [offboard_waypoint_node]: [CONTROL_ARBITER] selected_source=safety_hold state=IDLE_HOLD
[super_planner_ros2_node-6] [INFO] [1786258686.469316053] [super_planner_ros2_node]: SUPER_ROS2 mode=NO_ODOM enable_output=false reason=NO_ODOM odom=(0.00,0.00,0.00) goal=none tracking_setpoint_enu=(0.00,0.00,0.00) setpoint_ned=none yaw(desired/cmd/rate)=(0.00/0.00/0.00) cross_track=0.00 frame_id=px4_ned path_points=0 odom_source=none cloud_source=none mavros_connected=true
[offboard_waypoint_node-1] [INFO] [1786258687.198556910] [offboard_waypoint_node]: [HOLD_ERROR] position_error=0.010 velocity=0.009 state=IDLE_HOLD
[ego_planner_node-10] [FSM]: state: WAIT_TARGET
[ego_planner_node-10] wait for goal or trigger.
[super_planner_ros2_node-6] [INFO] [1786258687.469340569] [super_planner_ros2_node]: SUPER_ROS2 mode=NO_ODOM enable_output=false reason=NO_ODOM odom=(0.00,0.00,0.00) goal=none tracking_setpoint_enu=(0.00,0.00,0.00) setpoint_ned=none yaw(desired/cmd/rate)=(0.00/0.00/0.00) cross_track=0.00 frame_id=px4_ned path_points=0 odom_source=none cloud_source=none mavros_connected=true
[offboard_waypoint_node-1] [INFO] [1786258687.498627399] [offboard_waypoint_node]: [CONTROL_ARBITER] selected_source=safety_hold state=IDLE_HOLD
[fastlio_bridge_node-2] [INFO] [1786258688.063462120] [fastlio_bridge_node]: 已桥接并转换里程计: ENU(0.01, -0.01, -0.04) -> NED(-0.01, -0.01, 0.04)
[offboard_waypoint_node-1] [INFO] [1786258688.198630208] [offboard_waypoint_node]: [HOLD_ERROR] position_error=0.015 velocity=0.009 state=IDLE_HOLD
[ego_planner_node-10] [FSM]: state: WAIT_TARGET
[ego_planner_node-10] wait for goal or trigger.
[super_planner_ros2_node-6] [INFO] [1786258688.469471105] [super_planner_ros2_node]: SUPER_ROS2 mode=NO_ODOM enable_output=false reason=NO_ODOM odom=(0.00,0.00,0.00) goal=none tracking_setpoint_enu=(0.00,0.00,0.00) setpoint_ned=none yaw(desired/cmd/rate)=(0.00/0.00/0.00) cross_track=0.00 frame_id=px4_ned path_points=0 odom_source=none cloud_source=none mavros_connected=true
[offboard_waypoint_node-1] [INFO] [1786258688.548578080] [offboard_waypoint_node]: [CONTROL_ARBITER] selected_source=safety_hold state=IDLE_HOLD
[offboard_waypoint_node-1] [INFO] [1786258689.198892018] [offboard_waypoint_node]: [HOLD_ERROR] position_error=0.010 velocity=0.001 state=IDLE_HOLD
[ego_planner_node-10] [FSM]: state: WAIT_TARGET
[ego_planner_node-10] wait for goal or trigger.
[super_planner_ros2_node-6] [INFO] [1786258689.519854725] [super_planner_ros2_node]: SUPER_ROS2 mode=NO_ODOM enable_output=false reason=NO_ODOM odom=(0.00,0.00,0.00) goal=none tracking_setpoint_enu=(0.00,0.00,0.00) setpoint_ned=none yaw(desired/cmd/rate)=(0.00/0.00/0.00) cross_track=0.00 frame_id=px4_ned path_points=0 odom_source=none cloud_source=none mavros_connected=true
[offboard_waypoint_node-1] [INFO] [1786258689.598507810] [offboard_waypoint_node]: [CONTROL_ARBITER] selected_source=safety_hold state=IDLE_HOLD
[fastlio_bridge_node-2] [INFO] [1786258690.064009077] [fastlio_bridge_node]: 已桥接并转换里程计: ENU(0.01, -0.01, -0.04) -> NED(-0.01, -0.01, 0.04)
[offboard_waypoint_node-1] [INFO] [1786258690.248655213] [offboard_waypoint_node]: [HOLD_ERROR] position_error=0.008 velocity=0.002 state=IDLE_HOLD
[ego_planner_node-10] [FSM]: state: WAIT_TARGET
[ego_planner_node-10] wait for goal or trigger.
[super_planner_ros2_node-6] [INFO] [1786258690.569337262] [super_planner_ros2_node]: SUPER_ROS2 mode=NO_ODOM enable_output=false reason=NO_ODOM odom=(0.00,0.00,0.00) goal=none tracking_setpoint_enu=(0.00,0.00,0.00) setpoint_ned=none yaw(desired/cmd/rate)=(0.00/0.00/0.00) cross_track=0.00 frame_id=px4_ned path_points=0 odom_source=none cloud_source=none mavros_connected=true
[offboard_waypoint_node-1] [INFO] [1786258690.598700341] [offboard_waypoint_node]: [CONTROL_ARBITER] selected_source=safety_hold state=IDLE_HOLD
[offboard_waypoint_node-1] [INFO] [1786258691.249470859] [offboard_waypoint_node]: [HOLD_ERROR] position_error=0.008 velocity=0.003 state=IDLE_HOLD
[ego_planner_node-10] [FSM]: state: WAIT_TARGET
[ego_planner_node-10] wait for goal or trigger.
[super_planner_ros2_node-6] [INFO] [1786258691.569621816] [super_planner_ros2_node]: SUPER_ROS2 mode=NO_ODOM enable_output=false reason=NO_ODOM odom=(0.00,0.00,0.00) goal=none tracking_setpoint_enu=(0.00,0.00,0.00) setpoint_ned=none yaw(desired/cmd/rate)=(0.00/0.00/0.00) cross_track=0.00 frame_id=px4_ned path_points=0 odom_source=none cloud_source=none mavros_connected=true
[offboard_waypoint_node-1] [INFO] [1786258691.598767709] [offboard_waypoint_node]: [CONTROL_ARBITER] selected_source=safety_hold state=IDLE_HOLD
[fastlio_bridge_node-2] [INFO] [1786258692.065063087] [fastlio_bridge_node]: 已桥接并转换里程计: ENU(0.01, -0.01, -0.04) -> NED(-0.01, -0.01, 0.04)
[offboard_waypoint_node-1] [INFO] [1786258692.298563468] [offboard_waypoint_node]: [HOLD_ERROR] position_error=0.006 velocity=0.009 state=IDLE_HOLD
[ego_planner_node-10] [FSM]: state: WAIT_TARGET
[ego_planner_node-10] wait for goal or trigger.
[super_planner_ros2_node-6] [INFO] [1786258692.619414292] [super_planner_ros2_node]: SUPER_ROS2 mode=NO_ODOM enable_output=false reason=NO_ODOM odom=(0.00,0.00,0.00) goal=none tracking_setpoint_enu=(0.00,0.00,0.00) setpoint_ned=none yaw(desired/cmd/rate)=(0.00/0.00/0.00) cross_track=0.00 frame_id=px4_ned path_points=0 odom_source=none cloud_source=none mavros_connected=true
[offboard_waypoint_node-1] [INFO] [1786258692.648601653] [offboard_waypoint_node]: [CONTROL_ARBITER] selected_source=safety_hold state=IDLE_HOLD
[offboard_waypoint_node-1] [INFO] [1786258693.298596751] [offboard_waypoint_node]: [HOLD_ERROR] position_error=0.010 velocity=0.006 state=IDLE_HOLD
[ego_planner_node-10] [FSM]: state: WAIT_TARGET
[ego_planner_node-10] wait for goal or trigger.
[offboard_waypoint_node-1] [INFO] [1786258693.648619535] [offboard_waypoint_node]: [CONTROL_ARBITER] selected_source=safety_hold state=IDLE_HOLD
[super_planner_ros2_node-6] [INFO] [1786258693.669430832] [super_planner_ros2_node]: SUPER_ROS2 mode=NO_ODOM enable_output=false reason=NO_ODOM odom=(0.00,0.00,0.00) goal=none tracking_setpoint_enu=(0.00,0.00,0.00) setpoint_ned=none yaw(desired/cmd/rate)=(0.00/0.00/0.00) cross_track=0.00 frame_id=px4_ned path_points=0 odom_source=none cloud_source=none mavros_connected=true
[fastlio_bridge_node-2] [INFO] [1786258694.064144111] [fastlio_bridge_node]: 已桥接并转换里程计: ENU(0.01, -0.01, -0.04) -> NED(-0.01, -0.01, 0.04)
[offboard_waypoint_node-1] [INFO] [1786258694.298710545] [offboard_waypoint_node]: [HOLD_ERROR] position_error=0.012 velocity=0.004 state=IDLE_HOLD
[ego_planner_node-10] [FSM]: state: WAIT_TARGET
[ego_planner_node-10] wait for goal or trigger.
[offboard_waypoint_node-1] [INFO] [1786258694.648709689] [offboard_waypoint_node]: [CONTROL_ARBITER] selected_source=safety_hold state=IDLE_HOLD
[super_planner_ros2_node-6] [INFO] [1786258694.719751264] [super_planner_ros2_node]: SUPER_ROS2 mode=NO_ODOM enable_output=false reason=NO_ODOM odom=(0.00,0.00,0.00) goal=none tracking_setpoint_enu=(0.00,0.00,0.00) setpoint_ned=none yaw(desired/cmd/rate)=(0.00/0.00/0.00) cross_track=0.00 frame_id=px4_ned path_points=0 odom_source=none cloud_source=none mavros_connected=true
[offboard_waypoint_node-1] [INFO] [1786258695.348566056] [offboard_waypoint_node]: [HOLD_ERROR] position_error=0.011 velocity=0.004 state=IDLE_HOLD
[ego_planner_node-10] [FSM]: state: WAIT_TARGET
[ego_planner_node-10] wait for goal or trigger.
[offboard_waypoint_node-1] [INFO] [1786258695.698621591] [offboard_waypoint_node]: [CONTROL_ARBITER] selected_source=safety_hold state=IDLE_HOLD
[super_planner_ros2_node-6] [INFO] [1786258695.769415740] [super_planner_ros2_node]: SUPER_ROS2 mode=NO_ODOM enable_output=false reason=NO_ODOM odom=(0.00,0.00,0.00) goal=none tracking_setpoint_enu=(0.00,0.00,0.00) setpoint_ned=none yaw(desired/cmd/rate)=(0.00/0.00/0.00) cross_track=0.00 frame_id=px4_ned path_points=0 odom_source=none cloud_source=none mavros_connected=true
[fastlio_bridge_node-2] [INFO] [1786258696.063765923] [fastlio_bridge_node]: 已桥接并转换里程计: ENU(0.01, -0.01, -0.04) -> NED(-0.01, -0.01, 0.04)
[offboard_waypoint_node-1] [INFO] [1786258696.398588130] [offboard_waypoint_node]: [HOLD_ERROR] position_error=0.009 velocity=0.001 state=IDLE_HOLD
[ego_planner_node-10] [FSM]: state: WAIT_TARGET
[ego_planner_node-10] wait for goal or trigger.
[offboard_waypoint_node-1] [INFO] [1786258696.698635216] [offboard_waypoint_node]: [CONTROL_ARBITER] selected_source=safety_hold state=IDLE_HOLD
[super_planner_ros2_node-6] [INFO] [1786258696.769599643] [super_planner_ros2_node]: SUPER_ROS2 mode=NO_ODOM enable_output=false reason=NO_ODOM odom=(0.00,0.00,0.00) goal=none tracking_setpoint_enu=(0.00,0.00,0.00) setpoint_ned=none yaw(desired/cmd/rate)=(0.00/0.00/0.00) cross_track=0.00 frame_id=px4_ned path_points=0 odom_source=none cloud_source=none mavros_connected=true
[offboard_waypoint_node-1] [INFO] [1786258697.398635985] [offboard_waypoint_node]: [HOLD_ERROR] position_error=0.011 velocity=0.009 state=IDLE_HOLD
[ego_planner_node-10] [FSM]: state: WAIT_TARGET
[ego_planner_node-10] wait for goal or trigger.
[offboard_waypoint_node-1] [INFO] [1786258697.698710207] [offboard_waypoint_node]: [CONTROL_ARBITER] selected_source=safety_hold state=IDLE_HOLD
[super_planner_ros2_node-6] [INFO] [1786258697.819413706] [super_planner_ros2_node]: SUPER_ROS2 mode=NO_ODOM enable_output=false reason=NO_ODOM odom=(0.00,0.00,0.00) goal=none tracking_setpoint_enu=(0.00,0.00,0.00) setpoint_ned=none yaw(desired/cmd/rate)=(0.00/0.00/0.00) cross_track=0.00 frame_id=px4_ned path_points=0 odom_source=none cloud_source=none mavros_connected=true
[fastlio_bridge_node-2] [INFO] [1786258698.065295763] [fastlio_bridge_node]: 已桥接并转换里程计: ENU(0.01, -0.01, -0.04) -> NED(-0.01, -0.01, 0.04)
[offboard_waypoint_node-1] [INFO] [1786258698.448624931] [offboard_waypoint_node]: [HOLD_ERROR] position_error=0.012 velocity=0.007 state=IDLE_HOLD
[ego_planner_node-10] [FSM]: state: WAIT_TARGET
[ego_planner_node-10] wait for goal or trigger.
[offboard_waypoint_node-1] [INFO] [1786258698.748779211] [offboard_waypoint_node]: [CONTROL_ARBITER] selected_source=safety_hold state=IDLE_HOLD
[super_planner_ros2_node-6] [INFO] [1786258698.819499067] [super_planner_ros2_node]: SUPER_ROS2 mode=NO_ODOM enable_output=false reason=NO_ODOM odom=(0.00,0.00,0.00) goal=none tracking_setpoint_enu=(0.00,0.00,0.00) setpoint_ned=none yaw(desired/cmd/rate)=(0.00/0.00/0.00) cross_track=0.00 frame_id=px4_ned path_points=0 odom_source=none cloud_source=none mavros_connected=true
[offboard_waypoint_node-1] [INFO] [1786258699.498612987] [offboard_waypoint_node]: [HOLD_ERROR] position_error=0.011 velocity=0.005 state=IDLE_HOLD
[ego_planner_node-10] [FSM]: state: WAIT_TARGET
[ego_planner_node-10] wait for goal or trigger.
[offboard_waypoint_node-1] [INFO] [1786258699.798704631] [offboard_waypoint_node]: [CONTROL_ARBITER] selected_source=safety_hold state=IDLE_HOLD
[super_planner_ros2_node-6] [INFO] [1786258699.819621584] [super_planner_ros2_node]: SUPER_ROS2 mode=NO_ODOM enable_output=false reason=NO_ODOM odom=(0.00,0.00,0.00) goal=none tracking_setpoint_enu=(0.00,0.00,0.00) setpoint_ned=none yaw(desired/cmd/rate)=(0.00/0.00/0.00) cross_track=0.00 frame_id=px4_ned path_points=0 odom_source=none cloud_source=none mavros_connected=true
[fastlio_bridge_node-2] [INFO] [1786258700.065145878] [fastlio_bridge_node]: 已桥接并转换里程计: ENU(0.01, -0.01, -0.04) -> NED(-0.01, -0.01, 0.04)
[offboard_waypoint_node-1] [INFO] [1786258700.498774835] [offboard_waypoint_node]: [HOLD_ERROR] position_error=0.012 velocity=0.005 state=IDLE_HOLD
[ego_planner_node-10] [FSM]: state: WAIT_TARGET
[ego_planner_node-10] wait for goal or trigger.
[offboard_waypoint_node-1] [INFO] [1786258700.798760156] [offboard_waypoint_node]: [CONTROL_ARBITER] selected_source=safety_hold state=IDLE_HOLD
[super_planner_ros2_node-6] [INFO] [1786258700.869653402] [super_planner_ros2_node]: SUPER_ROS2 mode=NO_ODOM enable_output=false reason=NO_ODOM odom=(0.00,0.00,0.00) goal=none tracking_setpoint_enu=(0.00,0.00,0.00) setpoint_ned=none yaw(desired/cmd/rate)=(0.00/0.00/0.00) cross_track=0.00 frame_id=px4_ned path_points=0 odom_source=none cloud_source=none mavros_connected=true
[offboard_waypoint_node-1] [INFO] [1786258701.548622469] [offboard_waypoint_node]: [HOLD_ERROR] position_error=0.008 velocity=0.005 state=IDLE_HOLD
[ego_planner_node-10] [FSM]: state: WAIT_TARGET
[ego_planner_node-10] wait for goal or trigger.
[offboard_waypoint_node-1] [INFO] [1786258701.848607304] [offboard_waypoint_node]: [CONTROL_ARBITER] selected_source=safety_hold state=IDLE_HOLD
[super_planner_ros2_node-6] [INFO] [1786258701.919419957] [super_planner_ros2_node]: SUPER_ROS2 mode=NO_ODOM enable_output=false reason=NO_ODOM odom=(0.00,0.00,0.00) goal=none tracking_setpoint_enu=(0.00,0.00,0.00) setpoint_ned=none yaw(desired/cmd/rate)=(0.00/0.00/0.00) cross_track=0.00 frame_id=px4_ned path_points=0 odom_source=none cloud_source=none mavros_connected=true
[fastlio_bridge_node-2] [INFO] [1786258702.063479228] [fastlio_bridge_node]: 已桥接并转换里程计: ENU(0.01, -0.01, -0.04) -> NED(-0.01, -0.01, 0.04)
[mapping_manager_node-5] [INFO] [1786258702.325642560] [mapping_manager_node]: Mapping status: in_flight=false, map_loaded=false, map_saved=false
[offboard_waypoint_node-1] [INFO] [1786258702.548694267] [offboard_waypoint_node]: [HOLD_ERROR] position_error=0.007 velocity=0.004 state=IDLE_HOLD
[ego_planner_node-10] [FSM]: state: WAIT_TARGET
[ego_planner_node-10] wait for goal or trigger.
[offboard_waypoint_node-1] [INFO] [1786258702.848618196] [offboard_waypoint_node]: [CONTROL_ARBITER] selected_source=safety_hold state=IDLE_HOLD
[super_planner_ros2_node-6] [INFO] [1786258702.919509347] [super_planner_ros2_node]: SUPER_ROS2 mode=NO_ODOM enable_output=false reason=NO_ODOM odom=(0.00,0.00,0.00) goal=none tracking_setpoint_enu=(0.00,0.00,0.00) setpoint_ned=none yaw(desired/cmd/rate)=(0.00/0.00/0.00) cross_track=0.00 frame_id=px4_ned path_points=0 odom_source=none cloud_source=none mavros_connected=true
[offboard_waypoint_node-1] [INFO] [1786258703.548700525] [offboard_waypoint_node]: [HOLD_ERROR] position_error=0.005 velocity=0.008 state=IDLE_HOLD
[ego_planner_node-10] [FSM]: state: WAIT_TARGET
[ego_planner_node-10] wait for goal or trigger.
[offboard_waypoint_node-1] [INFO] [1786258703.848924550] [offboard_waypoint_node]: [CONTROL_ARBITER] selected_source=safety_hold state=IDLE_HOLD
[super_planner_ros2_node-6] [INFO] [1786258703.969455215] [super_planner_ros2_node]: SUPER_ROS2 mode=NO_ODOM enable_output=false reason=NO_ODOM odom=(0.00,0.00,0.00) goal=none tracking_setpoint_enu=(0.00,0.00,0.00) setpoint_ned=none yaw(desired/cmd/rate)=(0.00/0.00/0.00) cross_track=0.00 frame_id=px4_ned path_points=0 odom_source=none cloud_source=none mavros_connected=true
[fastlio_bridge_node-2] [INFO] [1786258704.064980242] [fastlio_bridge_node]: 已桥接并转换里程计: ENU(0.01, -0.01, -0.05) -> NED(-0.01, -0.01, 0.05)
[offboard_waypoint_node-1] [INFO] [1786258704.548740893] [offboard_waypoint_node]: [HOLD_ERROR] position_error=0.007 velocity=0.003 state=IDLE_HOLD
[ego_planner_node-10] [FSM]: state: WAIT_TARGET
[ego_planner_node-10] wait for goal or trigger.
[offboard_waypoint_node-1] [INFO] [1786258704.898642891] [offboard_waypoint_node]: [CONTROL_ARBITER] selected_source=safety_hold state=IDLE_HOLD
[super_planner_ros2_node-6] [INFO] [1786258704.969678890] [super_planner_ros2_node]: SUPER_ROS2 mode=NO_ODOM enable_output=false reason=NO_ODOM odom=(0.00,0.00,0.00) goal=none tracking_setpoint_enu=(0.00,0.00,0.00) setpoint_ned=none yaw(desired/cmd/rate)=(0.00/0.00/0.00) cross_track=0.00 frame_id=px4_ned path_points=0 odom_source=none cloud_source=none mavros_connected=true
[offboard_waypoint_node-1] [INFO] [1786258705.548747662] [offboard_waypoint_node]: [HOLD_ERROR] position_error=0.008 velocity=0.007 state=IDLE_HOLD
[ego_planner_node-10] [FSM]: state: WAIT_TARGET
[ego_planner_node-10] wait for goal or trigger.
[offboard_waypoint_node-1] [INFO] [1786258705.898877879] [offboard_waypoint_node]: [CONTROL_ARBITER] selected_source=safety_hold state=IDLE_HOLD
[super_planner_ros2_node-6] [INFO] [1786258706.019452377] [super_planner_ros2_node]: SUPER_ROS2 mode=NO_ODOM enable_output=false reason=NO_ODOM odom=(0.00,0.00,0.00) goal=none tracking_setpoint_enu=(0.00,0.00,0.00) setpoint_ned=none yaw(desired/cmd/rate)=(0.00/0.00/0.00) cross_track=0.00 frame_id=px4_ned path_points=0 odom_source=none cloud_source=none mavros_connected=true
[fastlio_bridge_node-2] [INFO] [1786258706.065286394] [fastlio_bridge_node]: 已桥接并转换里程计: ENU(0.01, -0.01, -0.04) -> NED(-0.01, -0.01, 0.04)
[offboard_waypoint_node-1] [INFO] [1786258706.549349971] [offboard_waypoint_node]: [HOLD_ERROR] position_error=0.006 velocity=0.010 state=IDLE_HOLD
[ego_planner_node-10] [FSM]: state: WAIT_TARGET
[ego_planner_node-10] wait for goal or trigger.
[offboard_waypoint_node-1] [INFO] [1786258706.948810444] [offboard_waypoint_node]: [CONTROL_ARBITER] selected_source=safety_hold state=IDLE_HOLD
[super_planner_ros2_node-6] [INFO] [1786258707.020537112] [super_planner_ros2_node]: SUPER_ROS2 mode=NO_ODOM enable_output=false reason=NO_ODOM odom=(0.00,0.00,0.00) goal=none tracking_setpoint_enu=(0.00,0.00,0.00) setpoint_ned=none yaw(desired/cmd/rate)=(0.00/0.00/0.00) cross_track=0.00 frame_id=px4_ned path_points=0 odom_source=none cloud_source=none mavros_connected=true
[offboard_waypoint_node-1] [INFO] [1786258707.598687081] [offboard_waypoint_node]: [HOLD_ERROR] position_error=0.006 velocity=0.006 state=IDLE_HOLD
[ego_planner_node-10] [FSM]: state: WAIT_TARGET
[ego_planner_node-10] wait for goal or trigger.
[offboard_waypoint_node-1] [INFO] [1786258707.998691444] [offboard_waypoint_node]: [CONTROL_ARBITER] selected_source=safety_hold state=IDLE_HOLD
[fastlio_bridge_node-2] [INFO] [1786258708.063481220] [fastlio_bridge_node]: 已桥接并转换里程计: ENU(0.01, -0.01, -0.04) -> NED(-0.01, -0.01, 0.04)
[super_planner_ros2_node-6] [INFO] [1786258708.069573863] [super_planner_ros2_node]: SUPER_ROS2 mode=NO_ODOM enable_output=false reason=NO_ODOM odom=(0.00,0.00,0.00) goal=none tracking_setpoint_enu=(0.00,0.00,0.00) setpoint_ned=none yaw(desired/cmd/rate)=(0.00/0.00/0.00) cross_track=0.00 frame_id=px4_ned path_points=0 odom_source=none cloud_source=none mavros_connected=true
[offboard_waypoint_node-1] [INFO] [1786258708.598691834] [offboard_waypoint_node]: [HOLD_ERROR] position_error=0.012 velocity=0.010 state=IDLE_HOLD
[ego_planner_node-10] [FSM]: state: WAIT_TARGET
[ego_planner_node-10] wait for goal or trigger.
[offboard_waypoint_node-1] [INFO] [1786258708.998752286] [offboard_waypoint_node]: [CONTROL_ARBITER] selected_source=safety_hold state=IDLE_HOLD
[super_planner_ros2_node-6] [INFO] [1786258709.119496918] [super_planner_ros2_node]: SUPER_ROS2 mode=NO_ODOM enable_output=false reason=NO_ODOM odom=(0.00,0.00,0.00) goal=none tracking_setpoint_enu=(0.00,0.00,0.00) setpoint_ned=none yaw(desired/cmd/rate)=(0.00/0.00/0.00) cross_track=0.00 frame_id=px4_ned path_points=0 odom_source=none cloud_source=none mavros_connected=true
[offboard_waypoint_node-1] [INFO] [1786258709.598974105] [offboard_waypoint_node]: [HOLD_ERROR] position_error=0.013 velocity=0.005 state=IDLE_HOLD
[ego_planner_node-10] [FSM]: state: WAIT_TARGET
[ego_planner_node-10] wait for goal or trigger.
[offboard_waypoint_node-1] [INFO] [1786258710.048897410] [offboard_waypoint_node]: [CONTROL_ARBITER] selected_source=safety_hold state=IDLE_HOLD
[fastlio_bridge_node-2] [INFO] [1786258710.066338838] [fastlio_bridge_node]: 已桥接并转换里程计: ENU(0.01, -0.01, -0.04) -> NED(-0.01, -0.01, 0.04)
[super_planner_ros2_node-6] [INFO] [1786258710.119863013] [super_planner_ros2_node]: SUPER_ROS2 mode=NO_ODOM enable_output=false reason=NO_ODOM odom=(0.00,0.00,0.00) goal=none tracking_setpoint_enu=(0.00,0.00,0.00) setpoint_ned=none yaw(desired/cmd/rate)=(0.00/0.00/0.00) cross_track=0.00 frame_id=px4_ned path_points=0 odom_source=none cloud_source=none mavros_connected=true
[offboard_waypoint_node-1] [INFO] [1786258710.648853603] [offboard_waypoint_node]: [HOLD_ERROR] position_error=0.011 velocity=0.004 state=IDLE_HOLD
[ego_planner_node-10] [FSM]: state: WAIT_TARGET
[ego_planner_node-10] wait for goal or trigger.
[offboard_waypoint_node-1] [INFO] [1786258711.098700309] [offboard_waypoint_node]: [CONTROL_ARBITER] selected_source=safety_hold state=IDLE_HOLD
[super_planner_ros2_node-6] [INFO] [1786258711.169852421] [super_planner_ros2_node]: SUPER_ROS2 mode=NO_ODOM enable_output=false reason=NO_ODOM odom=(0.00,0.00,0.00) goal=none tracking_setpoint_enu=(0.00,0.00,0.00) setpoint_ned=none yaw(desired/cmd/rate)=(0.00/0.00/0.00) cross_track=0.00 frame_id=px4_ned path_points=0 odom_source=none cloud_source=none mavros_connected=true
[offboard_waypoint_node-1] [INFO] [1786258711.698852482] [offboard_waypoint_node]: [HOLD_ERROR] position_error=0.010 velocity=0.004 state=IDLE_HOLD
[ego_planner_node-10] [FSM]: state: WAIT_TARGET
[ego_planner_node-10] wait for goal or trigger.
[fastlio_bridge_node-2] [INFO] [1786258712.064069521] [fastlio_bridge_node]: 已桥接并转换里程计: ENU(0.01, -0.01, -0.04) -> NED(-0.01, -0.01, 0.04)
[offboard_waypoint_node-1] [INFO] [1786258712.099033956] [offboard_waypoint_node]: [CONTROL_ARBITER] selected_source=safety_hold state=IDLE_HOLD
[super_planner_ros2_node-6] [INFO] [1786258712.219493347] [super_planner_ros2_node]: SUPER_ROS2 mode=NO_ODOM enable_output=false reason=NO_ODOM odom=(0.00,0.00,0.00) goal=none tracking_setpoint_enu=(0.00,0.00,0.00) setpoint_ned=none yaw(desired/cmd/rate)=(0.00/0.00/0.00) cross_track=0.00 frame_id=px4_ned path_points=0 odom_source=none cloud_source=none mavros_connected=true
[offboard_waypoint_node-1] [INFO] [1786258712.748757384] [offboard_waypoint_node]: [HOLD_ERROR] position_error=0.012 velocity=0.004 state=IDLE_HOLD
[ego_planner_node-10] [FSM]: state: WAIT_TARGET
[ego_planner_node-10] wait for goal or trigger.
[offboard_waypoint_node-1] [INFO] [1786258713.148975038] [offboard_waypoint_node]: [CONTROL_ARBITER] selected_source=safety_hold state=IDLE_HOLD
[super_planner_ros2_node-6] [INFO] [1786258713.219781195] [super_planner_ros2_node]: SUPER_ROS2 mode=NO_ODOM enable_output=false reason=NO_ODOM odom=(0.00,0.00,0.00) goal=none tracking_setpoint_enu=(0.00,0.00,0.00) setpoint_ned=none yaw(desired/cmd/rate)=(0.00/0.00/0.00) cross_track=0.00 frame_id=px4_ned path_points=0 odom_source=none cloud_source=none mavros_connected=true
[offboard_waypoint_node-1] [INFO] [1786258713.798849609] [offboard_waypoint_node]: [HOLD_ERROR] position_error=0.013 velocity=0.007 state=IDLE_HOLD
[ego_planner_node-10] [FSM]: state: WAIT_TARGET
[ego_planner_node-10] wait for goal or trigger.
[fastlio_bridge_node-2] [INFO] [1786258714.065084441] [fastlio_bridge_node]: 已桥接并转换里程计: ENU(0.02, -0.01, -0.05) -> NED(-0.02, -0.01, 0.05)
[offboard_waypoint_node-1] [INFO] [1786258714.148992777] [offboard_waypoint_node]: [CONTROL_ARBITER] selected_source=safety_hold state=IDLE_HOLD
[super_planner_ros2_node-6] [INFO] [1786258714.269750933] [super_planner_ros2_node]: SUPER_ROS2 mode=NO_ODOM enable_output=false reason=NO_ODOM odom=(0.00,0.00,0.00) goal=none tracking_setpoint_enu=(0.00,0.00,0.00) setpoint_ned=none yaw(desired/cmd/rate)=(0.00/0.00/0.00) cross_track=0.00 frame_id=px4_ned path_points=0 odom_source=none cloud_source=none mavros_connected=true
[offboard_waypoint_node-1] [INFO] [1786258714.799259133] [offboard_waypoint_node]: [HOLD_ERROR] position_error=0.012 velocity=0.008 state=IDLE_HOLD
[ego_planner_node-10] [FSM]: state: WAIT_TARGET
[ego_planner_node-10] wait for goal or trigger.
[offboard_waypoint_node-1] [INFO] [1786258715.198848356] [offboard_waypoint_node]: [CONTROL_ARBITER] selected_source=safety_hold state=IDLE_HOLD
[super_planner_ros2_node-6] [INFO] [1786258715.319612565] [super_planner_ros2_node]: SUPER_ROS2 mode=NO_ODOM enable_output=false reason=NO_ODOM odom=(0.00,0.00,0.00) goal=none tracking_setpoint_enu=(0.00,0.00,0.00) setpoint_ned=none yaw(desired/cmd/rate)=(0.00/0.00/0.00) cross_track=0.00 frame_id=px4_ned path_points=0 odom_source=none cloud_source=none mavros_connected=true
[offboard_waypoint_node-1] [INFO] [1786258715.849077076] [offboard_waypoint_node]: [HOLD_ERROR] position_error=0.014 velocity=0.007 state=IDLE_HOLD
[ego_planner_node-10] [FSM]: state: WAIT_TARGET
[ego_planner_node-10] wait for goal or trigger.
[fastlio_bridge_node-2] [INFO] [1786258716.065155986] [fastlio_bridge_node]: 已桥接并转换里程计: ENU(0.02, -0.01, -0.04) -> NED(-0.02, -0.01, 0.04)
[offboard_waypoint_node-1] [INFO] [1786258716.198851643] [offboard_waypoint_node]: [CONTROL_ARBITER] selected_source=safety_hold state=IDLE_HOLD
[super_planner_ros2_node-6] [INFO] [1786258716.319702057] [super_planner_ros2_node]: SUPER_ROS2 mode=NO_ODOM enable_output=false reason=NO_ODOM odom=(0.00,0.00,0.00) goal=none tracking_setpoint_enu=(0.00,0.00,0.00) setpoint_ned=none yaw(desired/cmd/rate)=(0.00/0.00/0.00) cross_track=0.00 frame_id=px4_ned path_points=0 odom_source=none cloud_source=none mavros_connected=true
[offboard_waypoint_node-1] [INFO] [1786258716.849096301] [offboard_waypoint_node]: [HOLD_ERROR] position_error=0.009 velocity=0.005 state=IDLE_HOLD
[ego_planner_node-10] [FSM]: state: WAIT_TARGET
[ego_planner_node-10] wait for goal or trigger.
[offboard_waypoint_node-1] [INFO] [1786258717.198919569] [offboard_waypoint_node]: [CONTROL_ARBITER] selected_source=safety_hold state=IDLE_HOLD
[super_planner_ros2_node-6] [INFO] [1786258717.369577767] [super_planner_ros2_node]: SUPER_ROS2 mode=NO_ODOM enable_output=false reason=NO_ODOM odom=(0.00,0.00,0.00) goal=none tracking_setpoint_enu=(0.00,0.00,0.00) setpoint_ned=none yaw(desired/cmd/rate)=(0.00/0.00/0.00) cross_track=0.00 frame_id=px4_ned path_points=0 odom_source=none cloud_source=none mavros_connected=true
[ego_planner_node-10] [FSM]: state: WAIT_TARGET
[ego_planner_node-10] wait for goal or trigger.
[offboard_waypoint_node-1] [INFO] [1786258717.899081714] [offboard_waypoint_node]: [HOLD_ERROR] position_error=0.004 velocity=0.003 state=IDLE_HOLD
[fastlio_bridge_node-2] [INFO] [1786258718.065753409] [fastlio_bridge_node]: 已桥接并转换里程计: ENU(0.01, -0.01, -0.04) -> NED(-0.01, -0.01, 0.04)
[offboard_waypoint_node-1] [INFO] [1786258718.249168643] [offboard_waypoint_node]: [CONTROL_ARBITER] selected_source=safety_hold state=IDLE_HOLD
[super_planner_ros2_node-6] [INFO] [1786258718.369625103] [super_planner_ros2_node]: SUPER_ROS2 mode=NO_ODOM enable_output=false reason=NO_ODOM odom=(0.00,0.00,0.00) goal=none tracking_setpoint_enu=(0.00,0.00,0.00) setpoint_ned=none yaw(desired/cmd/rate)=(0.00/0.00/0.00) cross_track=0.00 frame_id=px4_ned path_points=0 odom_source=none cloud_source=none mavros_connected=true
[ego_planner_node-10] [FSM]: state: WAIT_TARGET
[ego_planner_node-10] wait for goal or trigger.
[offboard_waypoint_node-1] [INFO] [1786258718.948958061] [offboard_waypoint_node]: [HOLD_ERROR] position_error=0.010 velocity=0.003 state=IDLE_HOLD
[offboard_waypoint_node-1] [INFO] [1786258719.299120219] [offboard_waypoint_node]: [CONTROL_ARBITER] selected_source=safety_hold state=IDLE_HOLD
[super_planner_ros2_node-6] [INFO] [1786258719.369651844] [super_planner_ros2_node]: SUPER_ROS2 mode=NO_ODOM enable_output=false reason=NO_ODOM odom=(0.00,0.00,0.00) goal=none tracking_setpoint_enu=(0.00,0.00,0.00) setpoint_ned=none yaw(desired/cmd/rate)=(0.00/0.00/0.00) cross_track=0.00 frame_id=px4_ned path_points=0 odom_source=none cloud_source=none mavros_connected=true
[ego_planner_node-10] [FSM]: state: WAIT_TARGET
[ego_planner_node-10] wait for goal or trigger.
[offboard_waypoint_node-1] [INFO] [1786258719.998974397] [offboard_waypoint_node]: [HOLD_ERROR] position_error=0.015 velocity=0.010 state=IDLE_HOLD
[fastlio_bridge_node-2] [INFO] [1786258720.064974156] [fastlio_bridge_node]: 已桥接并转换里程计: ENU(0.02, -0.01, -0.05) -> NED(-0.02, -0.01, 0.05)
[offboard_waypoint_node-1] [INFO] [1786258720.348852987] [offboard_waypoint_node]: [CONTROL_ARBITER] selected_source=safety_hold state=IDLE_HOLD
[super_planner_ros2_node-6] [INFO] [1786258720.369683960] [super_planner_ros2_node]: SUPER_ROS2 mode=NO_ODOM enable_output=false reason=NO_ODOM odom=(0.00,0.00,0.00) goal=none tracking_setpoint_enu=(0.00,0.00,0.00) setpoint_ned=none yaw(desired/cmd/rate)=(0.00/0.00/0.00) cross_track=0.00 frame_id=px4_ned path_points=0 odom_source=none cloud_source=none mavros_connected=true
[ego_planner_node-10] [FSM]: state: WAIT_TARGET
[ego_planner_node-10] wait for goal or trigger.
[offboard_waypoint_node-1] [INFO] [1786258721.048979373] [offboard_waypoint_node]: [HOLD_ERROR] position_error=0.016 velocity=0.013 state=IDLE_HOLD
[offboard_waypoint_node-1] [INFO] [1786258721.399159976] [offboard_waypoint_node]: [CONTROL_ARBITER] selected_source=safety_hold state=IDLE_HOLD
[super_planner_ros2_node-6] [INFO] [1786258721.419644635] [super_planner_ros2_node]: SUPER_ROS2 mode=NO_ODOM enable_output=false reason=NO_ODOM odom=(0.00,0.00,0.00) goal=none tracking_setpoint_enu=(0.00,0.00,0.00) setpoint_ned=none yaw(desired/cmd/rate)=(0.00/0.00/0.00) cross_track=0.00 frame_id=px4_ned path_points=0 odom_source=none cloud_source=none mavros_connected=true
[ego_planner_node-10] [FSM]: state: WAIT_TARGET
[ego_planner_node-10] wait for goal or trigger.
[fastlio_bridge_node-2] [INFO] [1786258722.064910660] [fastlio_bridge_node]: 已桥接并转换里程计: ENU(0.01, -0.01, -0.04) -> NED(-0.01, -0.01, 0.04)
[offboard_waypoint_node-1] [INFO] [1786258722.098877392] [offboard_waypoint_node]: [HOLD_ERROR] position_error=0.015 velocity=0.009 state=IDLE_HOLD
[super_planner_ros2_node-6] [INFO] [1786258722.419863830] [super_planner_ros2_node]: SUPER_ROS2 mode=NO_ODOM enable_output=false reason=NO_ODOM odom=(0.00,0.00,0.00) goal=none tracking_setpoint_enu=(0.00,0.00,0.00) setpoint_ned=none yaw(desired/cmd/rate)=(0.00/0.00/0.00) cross_track=0.00 frame_id=px4_ned path_points=0 odom_source=none cloud_source=none mavros_connected=true
[offboard_waypoint_node-1] [INFO] [1786258722.448797150] [offboard_waypoint_node]: [CONTROL_ARBITER] selected_source=safety_hold state=IDLE_HOLD
[ego_planner_node-10] [FSM]: state: WAIT_TARGET
[ego_planner_node-10] wait for goal or trigger.
[offboard_waypoint_node-1] [INFO] [1786258723.098957551] [offboard_waypoint_node]: [HOLD_ERROR] position_error=0.013 velocity=0.007 state=IDLE_HOLD
[super_planner_ros2_node-6] [INFO] [1786258723.419918645] [super_planner_ros2_node]: SUPER_ROS2 mode=NO_ODOM enable_output=false reason=NO_ODOM odom=(0.00,0.00,0.00) goal=none tracking_setpoint_enu=(0.00,0.00,0.00) setpoint_ned=none yaw(desired/cmd/rate)=(0.00/0.00/0.00) cross_track=0.00 frame_id=px4_ned path_points=0 odom_source=none cloud_source=none mavros_connected=true
[offboard_waypoint_node-1] [INFO] [1786258723.448933973] [offboard_waypoint_node]: [CONTROL_ARBITER] selected_source=safety_hold state=IDLE_HOLD
[ego_planner_node-10] [FSM]: state: WAIT_TARGET
[ego_planner_node-10] wait for goal or trigger.
[fastlio_bridge_node-2] [INFO] [1786258724.064533938] [fastlio_bridge_node]: 已桥接并转换里程计: ENU(0.01, -0.01, -0.05) -> NED(-0.01, -0.01, 0.05)
[offboard_waypoint_node-1] [INFO] [1786258724.098994348] [offboard_waypoint_node]: [HOLD_ERROR] position_error=0.012 velocity=0.007 state=IDLE_HOLD
[offboard_waypoint_node-1] [INFO] [1786258724.448949562] [offboard_waypoint_node]: [CONTROL_ARBITER] selected_source=safety_hold state=IDLE_HOLD
[super_planner_ros2_node-6] [INFO] [1786258724.469658690] [super_planner_ros2_node]: SUPER_ROS2 mode=NO_ODOM enable_output=false reason=NO_ODOM odom=(0.00,0.00,0.00) goal=none tracking_setpoint_enu=(0.00,0.00,0.00) setpoint_ned=none yaw(desired/cmd/rate)=(0.00/0.00/0.00) cross_track=0.00 frame_id=px4_ned path_points=0 odom_source=none cloud_source=none mavros_connected=true
[ego_planner_node-10] [FSM]: state: WAIT_TARGET
[ego_planner_node-10] wait for goal or trigger.
[offboard_waypoint_node-1] [INFO] [1786258725.148991411] [offboard_waypoint_node]: [HOLD_ERROR] position_error=0.013 velocity=0.008 state=IDLE_HOLD
[offboard_waypoint_node-1] [INFO] [1786258725.448963324] [offboard_waypoint_node]: [CONTROL_ARBITER] selected_source=safety_hold state=IDLE_HOLD
[super_planner_ros2_node-6] [INFO] [1786258725.469776621] [super_planner_ros2_node]: SUPER_ROS2 mode=NO_ODOM enable_output=false reason=NO_ODOM odom=(0.00,0.00,0.00) goal=none tracking_setpoint_enu=(0.00,0.00,0.00) setpoint_ned=none yaw(desired/cmd/rate)=(0.00/0.00/0.00) cross_track=0.00 frame_id=px4_ned path_points=0 odom_source=none cloud_source=none mavros_connected=true
[ego_planner_node-10] [FSM]: state: WAIT_TARGET
[ego_planner_node-10] wait for goal or trigger.
[fastlio_bridge_node-2] [INFO] [1786258726.064213697] [fastlio_bridge_node]: 已桥接并转换里程计: ENU(0.02, -0.01, -0.04) -> NED(-0.02, -0.01, 0.04)
[offboard_waypoint_node-1] [INFO] [1786258726.149222456] [offboard_waypoint_node]: [HOLD_ERROR] position_error=0.015 velocity=0.006 state=IDLE_HOLD
[offboard_waypoint_node-1] [INFO] [1786258726.498876221] [offboard_waypoint_node]: [CONTROL_ARBITER] selected_source=safety_hold state=IDLE_HOLD
[super_planner_ros2_node-6] [INFO] [1786258726.519582537] [super_planner_ros2_node]: SUPER_ROS2 mode=NO_ODOM enable_output=false reason=NO_ODOM odom=(0.00,0.00,0.00) goal=none tracking_setpoint_enu=(0.00,0.00,0.00) setpoint_ned=none yaw(desired/cmd/rate)=(0.00/0.00/0.00) cross_track=0.00 frame_id=px4_ned path_points=0 odom_source=none cloud_source=none mavros_connected=true
[ego_planner_node-10] [FSM]: state: WAIT_TARGET
[ego_planner_node-10] wait for goal or trigger.
[offboard_waypoint_node-1] [INFO] [1786258727.198856543] [offboard_waypoint_node]: [HOLD_ERROR] position_error=0.008 velocity=0.005 state=IDLE_HOLD
[offboard_waypoint_node-1] [INFO] [1786258727.499084185] [offboard_waypoint_node]: [CONTROL_ARBITER] selected_source=safety_hold state=IDLE_HOLD
[super_planner_ros2_node-6] [INFO] [1786258727.519619163] [super_planner_ros2_node]: SUPER_ROS2 mode=NO_ODOM enable_output=false reason=NO_ODOM odom=(0.00,0.00,0.00) goal=none tracking_setpoint_enu=(0.00,0.00,0.00) setpoint_ned=none yaw(desired/cmd/rate)=(0.00/0.00/0.00) cross_track=0.00 frame_id=px4_ned path_points=0 odom_source=none cloud_source=none mavros_connected=true
[ego_planner_node-10] [FSM]: state: WAIT_TARGET
[ego_planner_node-10] wait for goal or trigger.
[fastlio_bridge_node-2] [INFO] [1786258728.064775740] [fastlio_bridge_node]: 已桥接并转换里程计: ENU(0.02, -0.01, -0.04) -> NED(-0.02, -0.01, 0.04)
[offboard_waypoint_node-1] [INFO] [1786258728.198969443] [offboard_waypoint_node]: [HOLD_ERROR] position_error=0.005 velocity=0.006 state=IDLE_HOLD
[super_planner_ros2_node-6] [INFO] [1786258728.519636192] [super_planner_ros2_node]: SUPER_ROS2 mode=NO_ODOM enable_output=false reason=NO_ODOM odom=(0.00,0.00,0.00) goal=none tracking_setpoint_enu=(0.00,0.00,0.00) setpoint_ned=none yaw(desired/cmd/rate)=(0.00/0.00/0.00) cross_track=0.00 frame_id=px4_ned path_points=0 odom_source=none cloud_source=none mavros_connected=true
[offboard_waypoint_node-1] [INFO] [1786258728.548916114] [offboard_waypoint_node]: [CONTROL_ARBITER] selected_source=safety_hold state=IDLE_HOLD
[ego_planner_node-10] [FSM]: state: WAIT_TARGET
[ego_planner_node-10] wait for goal or trigger.
[offboard_waypoint_node-1] [INFO] [1786258729.248895186] [offboard_waypoint_node]: [HOLD_ERROR] position_error=0.004 velocity=0.004 state=IDLE_HOLD
[super_planner_ros2_node-6] [INFO] [1786258729.519796112] [super_planner_ros2_node]: SUPER_ROS2 mode=NO_ODOM enable_output=false reason=NO_ODOM odom=(0.00,0.00,0.00) goal=none tracking_setpoint_enu=(0.00,0.00,0.00) setpoint_ned=none yaw(desired/cmd/rate)=(0.00/0.00/0.00) cross_track=0.00 frame_id=px4_ned path_points=0 odom_source=none cloud_source=none mavros_connected=true
[offboard_waypoint_node-1] [INFO] [1786258729.598790680] [offboard_waypoint_node]: [CONTROL_ARBITER] selected_source=safety_hold state=IDLE_HOLD
[fastlio_bridge_node-2] [INFO] [1786258730.064421871] [fastlio_bridge_node]: 已桥接并转换里程计: ENU(0.01, -0.01, -0.04) -> NED(-0.01, -0.01, 0.04)
[ego_planner_node-10] [FSM]: state: WAIT_TARGET
[ego_planner_node-10] wait for goal or trigger.
[offboard_waypoint_node-1] [INFO] [1786258730.298893690] [offboard_waypoint_node]: [HOLD_ERROR] position_error=0.011 velocity=0.008 state=IDLE_HOLD
[super_planner_ros2_node-6] [INFO] [1786258730.569762785] [super_planner_ros2_node]: SUPER_ROS2 mode=NO_ODOM enable_output=false reason=NO_ODOM odom=(0.00,0.00,0.00) goal=none tracking_setpoint_enu=(0.00,0.00,0.00) setpoint_ned=none yaw(desired/cmd/rate)=(0.00/0.00/0.00) cross_track=0.00 frame_id=px4_ned path_points=0 odom_source=none cloud_source=none mavros_connected=true
[offboard_waypoint_node-1] [INFO] [1786258730.598913908] [offboard_waypoint_node]: [CONTROL_ARBITER] selected_source=safety_hold state=IDLE_HOLD
[ego_planner_node-10] [FSM]: state: WAIT_TARGET
[ego_planner_node-10] wait for goal or trigger.
[offboard_waypoint_node-1] [INFO] [1786258731.298999325] [offboard_waypoint_node]: [HOLD_ERROR] position_error=0.015 velocity=0.009 state=IDLE_HOLD
[super_planner_ros2_node-6] [INFO] [1786258731.569808105] [super_planner_ros2_node]: SUPER_ROS2 mode=NO_ODOM enable_output=false reason=NO_ODOM odom=(0.00,0.00,0.00) goal=none tracking_setpoint_enu=(0.00,0.00,0.00) setpoint_ned=none yaw(desired/cmd/rate)=(0.00/0.00/0.00) cross_track=0.00 frame_id=px4_ned path_points=0 odom_source=none cloud_source=none mavros_connected=true
[offboard_waypoint_node-1] [INFO] [1786258731.599011649] [offboard_waypoint_node]: [CONTROL_ARBITER] selected_source=safety_hold state=IDLE_HOLD
[fastlio_bridge_node-2] [INFO] [1786258732.064799590] [fastlio_bridge_node]: 已桥接并转换里程计: ENU(0.01, -0.01, -0.05) -> NED(-0.01, -0.01, 0.05)
[ego_planner_node-10] [FSM]: state: WAIT_TARGET
[ego_planner_node-10] wait for goal or trigger.
[mapping_manager_node-5] [INFO] [1786258732.325832255] [mapping_manager_node]: Mapping status: in_flight=false, map_loaded=false, map_saved=false
[offboard_waypoint_node-1] [INFO] [1786258732.348986718] [offboard_waypoint_node]: [HOLD_ERROR] position_error=0.012 velocity=0.005 state=IDLE_HOLD
[offboard_waypoint_node-1] [INFO] [1786258732.599070880] [offboard_waypoint_node]: [CONTROL_ARBITER] selected_source=safety_hold state=IDLE_HOLD
[super_planner_ros2_node-6] [INFO] [1786258732.619694932] [super_planner_ros2_node]: SUPER_ROS2 mode=NO_ODOM enable_output=false reason=NO_ODOM odom=(0.00,0.00,0.00) goal=none tracking_setpoint_enu=(0.00,0.00,0.00) setpoint_ned=none yaw(desired/cmd/rate)=(0.00/0.00/0.00) cross_track=0.00 frame_id=px4_ned path_points=0 odom_source=none cloud_source=none mavros_connected=true
[ego_planner_node-10] [FSM]: state: WAIT_TARGET
[ego_planner_node-10] wait for goal or trigger.
[offboard_waypoint_node-1] [INFO] [1786258733.399022631] [offboard_waypoint_node]: [HOLD_ERROR] position_error=0.007 velocity=0.002 state=IDLE_HOLD
[offboard_waypoint_node-1] [INFO] [1786258733.648840753] [offboard_waypoint_node]: [CONTROL_ARBITER] selected_source=safety_hold state=IDLE_HOLD
[super_planner_ros2_node-6] [INFO] [1786258733.669654309] [super_planner_ros2_node]: SUPER_ROS2 mode=NO_ODOM enable_output=false reason=NO_ODOM odom=(0.00,0.00,0.00) goal=none tracking_setpoint_enu=(0.00,0.00,0.00) setpoint_ned=none yaw(desired/cmd/rate)=(0.00/0.00/0.00) cross_track=0.00 frame_id=px4_ned path_points=0 odom_source=none cloud_source=none mavros_connected=true
[fastlio_bridge_node-2] [INFO] [1786258734.063609765] [fastlio_bridge_node]: 已桥接并转换里程计: ENU(0.02, -0.01, -0.04) -> NED(-0.02, -0.01, 0.04)
[ego_planner_node-10] [FSM]: state: WAIT_TARGET
[ego_planner_node-10] wait for goal or trigger.
[offboard_waypoint_node-1] [INFO] [1786258734.448790476] [offboard_waypoint_node]: [HOLD_ERROR] position_error=0.011 velocity=0.004 state=IDLE_HOLD
[offboard_waypoint_node-1] [INFO] [1786258734.648934997] [offboard_waypoint_node]: [CONTROL_ARBITER] selected_source=safety_hold state=IDLE_HOLD
[super_planner_ros2_node-6] [INFO] [1786258734.669795287] [super_planner_ros2_node]: SUPER_ROS2 mode=NO_ODOM enable_output=false reason=NO_ODOM odom=(0.00,0.00,0.00) goal=none tracking_setpoint_enu=(0.00,0.00,0.00) setpoint_ned=none yaw(desired/cmd/rate)=(0.00/0.00/0.00) cross_track=0.00 frame_id=px4_ned path_points=0 odom_source=none cloud_source=none mavros_connected=true
[ego_planner_node-10] [FSM]: state: WAIT_TARGET
[ego_planner_node-10] wait for goal or trigger.
[offboard_waypoint_node-1] [INFO] [1786258735.448802321] [offboard_waypoint_node]: [HOLD_ERROR] position_error=0.010 velocity=0.006 state=IDLE_HOLD
[super_planner_ros2_node-6] [INFO] [1786258735.669875326] [super_planner_ros2_node]: SUPER_ROS2 mode=NO_ODOM enable_output=false reason=NO_ODOM odom=(0.00,0.00,0.00) goal=none tracking_setpoint_enu=(0.00,0.00,0.00) setpoint_ned=none yaw(desired/cmd/rate)=(0.00/0.00/0.00) cross_track=0.00 frame_id=px4_ned path_points=0 odom_source=none cloud_source=none mavros_connected=true
[offboard_waypoint_node-1] [INFO] [1786258735.698919249] [offboard_waypoint_node]: [CONTROL_ARBITER] selected_source=safety_hold state=IDLE_HOLD
[fastlio_bridge_node-2] [INFO] [1786258736.064692705] [fastlio_bridge_node]: 已桥接并转换里程计: ENU(0.02, -0.01, -0.04) -> NED(-0.02, -0.01, 0.04)
[ego_planner_node-10] [FSM]: state: WAIT_TARGET
[ego_planner_node-10] wait for goal or trigger.
[offboard_waypoint_node-1] [INFO] [1786258736.499083628] [offboard_waypoint_node]: [HOLD_ERROR] position_error=0.008 velocity=0.003 state=IDLE_HOLD
[super_planner_ros2_node-6] [INFO] [1786258736.719617189] [super_planner_ros2_node]: SUPER_ROS2 mode=NO_ODOM enable_output=false reason=NO_ODOM odom=(0.00,0.00,0.00) goal=none tracking_setpoint_enu=(0.00,0.00,0.00) setpoint_ned=none yaw(desired/cmd/rate)=(0.00/0.00/0.00) cross_track=0.00 frame_id=px4_ned path_points=0 odom_source=none cloud_source=none mavros_connected=true
[offboard_waypoint_node-1] [INFO] [1786258736.749015615] [offboard_waypoint_node]: [CONTROL_ARBITER] selected_source=safety_hold state=IDLE_HOLD
[ego_planner_node-10] [FSM]: state: WAIT_TARGET
[ego_planner_node-10] wait for goal or trigger.
[offboard_waypoint_node-1] [INFO] [1786258737.548933993] [offboard_waypoint_node]: [HOLD_ERROR] position_error=0.006 velocity=0.006 state=IDLE_HOLD
[super_planner_ros2_node-6] [INFO] [1786258737.769626709] [super_planner_ros2_node]: SUPER_ROS2 mode=NO_ODOM enable_output=false reason=NO_ODOM odom=(0.00,0.00,0.00) goal=none tracking_setpoint_enu=(0.00,0.00,0.00) setpoint_ned=none yaw(desired/cmd/rate)=(0.00/0.00/0.00) cross_track=0.00 frame_id=px4_ned path_points=0 odom_source=none cloud_source=none mavros_connected=true
[offboard_waypoint_node-1] [INFO] [1786258737.799027510] [offboard_waypoint_node]: [CONTROL_ARBITER] selected_source=safety_hold state=IDLE_HOLD
[fastlio_bridge_node-2] [INFO] [1786258738.064564404] [fastlio_bridge_node]: 已桥接并转换里程计: ENU(0.02, -0.01, -0.04) -> NED(-0.02, -0.01, 0.04)
[ego_planner_node-10] [FSM]: state: WAIT_TARGET
[ego_planner_node-10] wait for goal or trigger.
[offboard_waypoint_node-1] [INFO] [1786258738.598933128] [offboard_waypoint_node]: [HOLD_ERROR] position_error=0.005 velocity=0.005 state=IDLE_HOLD
[super_planner_ros2_node-6] [INFO] [1786258738.769682278] [super_planner_ros2_node]: SUPER_ROS2 mode=NO_ODOM enable_output=false reason=NO_ODOM odom=(0.00,0.00,0.00) goal=none tracking_setpoint_enu=(0.00,0.00,0.00) setpoint_ned=none yaw(desired/cmd/rate)=(0.00/0.00/0.00) cross_track=0.00 frame_id=px4_ned path_points=0 odom_source=none cloud_source=none mavros_connected=true
[offboard_waypoint_node-1] [INFO] [1786258738.848966945] [offboard_waypoint_node]: [CONTROL_ARBITER] selected_source=safety_hold state=IDLE_HOLD
[ego_planner_node-10] [FSM]: state: WAIT_TARGET
[ego_planner_node-10] wait for goal or trigger.
[offboard_waypoint_node-1] [INFO] [1786258739.599011352] [offboard_waypoint_node]: [HOLD_ERROR] position_error=0.009 velocity=0.006 state=IDLE_HOLD
[super_planner_ros2_node-6] [INFO] [1786258739.819620967] [super_planner_ros2_node]: SUPER_ROS2 mode=NO_ODOM enable_output=false reason=NO_ODOM odom=(0.00,0.00,0.00) goal=none tracking_setpoint_enu=(0.00,0.00,0.00) setpoint_ned=none yaw(desired/cmd/rate)=(0.00/0.00/0.00) cross_track=0.00 frame_id=px4_ned path_points=0 odom_source=none cloud_source=none mavros_connected=true
[offboard_waypoint_node-1] [INFO] [1786258739.849114601] [offboard_waypoint_node]: [CONTROL_ARBITER] selected_source=safety_hold state=IDLE_HOLD
[fastlio_bridge_node-2] [INFO] [1786258740.063923688] [fastlio_bridge_node]: 已桥接并转换里程计: ENU(0.01, -0.01, -0.05) -> NED(-0.01, -0.01, 0.05)
[ego_planner_node-10] [FSM]: state: WAIT_TARGET
[ego_planner_node-10] wait for goal or trigger.
[offboard_waypoint_node-1] [INFO] [1786258740.648855037] [offboard_waypoint_node]: [HOLD_ERROR] position_error=0.011 velocity=0.008 state=IDLE_HOLD
[super_planner_ros2_node-6] [INFO] [1786258740.819674625] [super_planner_ros2_node]: SUPER_ROS2 mode=NO_ODOM enable_output=false reason=NO_ODOM odom=(0.00,0.00,0.00) goal=none tracking_setpoint_enu=(0.00,0.00,0.00) setpoint_ned=none yaw(desired/cmd/rate)=(0.00/0.00/0.00) cross_track=0.00 frame_id=px4_ned path_points=0 odom_source=none cloud_source=none mavros_connected=true
[offboard_waypoint_node-1] [INFO] [1786258740.898960246] [offboard_waypoint_node]: [CONTROL_ARBITER] selected_source=safety_hold state=IDLE_HOLD
[ego_planner_node-10] [FSM]: state: WAIT_TARGET
[ego_planner_node-10] wait for goal or trigger.
[offboard_waypoint_node-1] [INFO] [1786258741.648932142] [offboard_waypoint_node]: [HOLD_ERROR] position_error=0.015 velocity=0.006 state=IDLE_HOLD
[super_planner_ros2_node-6] [INFO] [1786258741.819676040] [super_planner_ros2_node]: SUPER_ROS2 mode=NO_ODOM enable_output=false reason=NO_ODOM odom=(0.00,0.00,0.00) goal=none tracking_setpoint_enu=(0.00,0.00,0.00) setpoint_ned=none yaw(desired/cmd/rate)=(0.00/0.00/0.00) cross_track=0.00 frame_id=px4_ned path_points=0 odom_source=none cloud_source=none mavros_connected=true
[offboard_waypoint_node-1] [INFO] [1786258741.898969060] [offboard_waypoint_node]: [CONTROL_ARBITER] selected_source=safety_hold state=IDLE_HOLD
[fastlio_bridge_node-2] [INFO] [1786258742.063841139] [fastlio_bridge_node]: 已桥接并转换里程计: ENU(0.02, -0.00, -0.05) -> NED(-0.02, -0.00, 0.05)
[ego_planner_node-10] [FSM]: state: WAIT_TARGET
[ego_planner_node-10] wait for goal or trigger.
[offboard_waypoint_node-1] [INFO] [1786258742.649040814] [offboard_waypoint_node]: [HOLD_ERROR] position_error=0.008 velocity=0.002 state=IDLE_HOLD
[super_planner_ros2_node-6] [INFO] [1786258742.869712674] [super_planner_ros2_node]: SUPER_ROS2 mode=NO_ODOM enable_output=false reason=NO_ODOM odom=(0.00,0.00,0.00) goal=none tracking_setpoint_enu=(0.00,0.00,0.00) setpoint_ned=none yaw(desired/cmd/rate)=(0.00/0.00/0.00) cross_track=0.00 frame_id=px4_ned path_points=0 odom_source=none cloud_source=none mavros_connected=true
[offboard_waypoint_node-1] [INFO] [1786258742.899102766] [offboard_waypoint_node]: [CONTROL_ARBITER] selected_source=safety_hold state=IDLE_HOLD
[ego_planner_node-10] [FSM]: state: WAIT_TARGET
[ego_planner_node-10] wait for goal or trigger.
[offboard_waypoint_node-1] [INFO] [1786258743.698977884] [offboard_waypoint_node]: [HOLD_ERROR] position_error=0.007 velocity=0.004 state=IDLE_HOLD
[super_planner_ros2_node-6] [INFO] [1786258743.870005496] [super_planner_ros2_node]: SUPER_ROS2 mode=NO_ODOM enable_output=false reason=NO_ODOM odom=(0.00,0.00,0.00) goal=none tracking_setpoint_enu=(0.00,0.00,0.00) setpoint_ned=none yaw(desired/cmd/rate)=(0.00/0.00/0.00) cross_track=0.00 frame_id=px4_ned path_points=0 odom_source=none cloud_source=none mavros_connected=true
[offboard_waypoint_node-1] [INFO] [1786258743.949047885] [offboard_waypoint_node]: [CONTROL_ARBITER] selected_source=safety_hold state=IDLE_HOLD
[fastlio_bridge_node-2] [INFO] [1786258744.064301041] [fastlio_bridge_node]: 已桥接并转换里程计: ENU(0.01, -0.01, -0.05) -> NED(-0.01, -0.01, 0.05)
[ego_planner_node-10] [FSM]: state: WAIT_TARGET
[ego_planner_node-10] wait for goal or trigger.
[offboard_waypoint_node-1] [INFO] [1786258744.699130295] [offboard_waypoint_node]: [HOLD_ERROR] position_error=0.011 velocity=0.003 state=IDLE_HOLD
[super_planner_ros2_node-6] [INFO] [1786258744.919760367] [super_planner_ros2_node]: SUPER_ROS2 mode=NO_ODOM enable_output=false reason=NO_ODOM odom=(0.00,0.00,0.00) goal=none tracking_setpoint_enu=(0.00,0.00,0.00) setpoint_ned=none yaw(desired/cmd/rate)=(0.00/0.00/0.00) cross_track=0.00 frame_id=px4_ned path_points=0 odom_source=none cloud_source=none mavros_connected=true
[offboard_waypoint_node-1] [INFO] [1786258744.998990312] [offboard_waypoint_node]: [CONTROL_ARBITER] selected_source=safety_hold state=IDLE_HOLD
[ego_planner_node-10] [FSM]: state: WAIT_TARGET
[ego_planner_node-10] wait for goal or trigger.
[offboard_waypoint_node-1] [INFO] [1786258745.748932505] [offboard_waypoint_node]: [HOLD_ERROR] position_error=0.010 velocity=0.007 state=IDLE_HOLD
[super_planner_ros2_node-6] [INFO] [1786258745.920103681] [super_planner_ros2_node]: SUPER_ROS2 mode=NO_ODOM enable_output=false reason=NO_ODOM odom=(0.00,0.00,0.00) goal=none tracking_setpoint_enu=(0.00,0.00,0.00) setpoint_ned=none yaw(desired/cmd/rate)=(0.00/0.00/0.00) cross_track=0.00 frame_id=px4_ned path_points=0 odom_source=none cloud_source=none mavros_connected=true
[offboard_waypoint_node-1] [INFO] [1786258745.999136536] [offboard_waypoint_node]: [CONTROL_ARBITER] selected_source=safety_hold state=IDLE_HOLD
[fastlio_bridge_node-2] [INFO] [1786258746.065184991] [fastlio_bridge_node]: 已桥接并转换里程计: ENU(0.01, -0.01, -0.05) -> NED(-0.01, -0.01, 0.05)
[ego_planner_node-10] [FSM]: state: WAIT_TARGET
[ego_planner_node-10] wait for goal or trigger.
[offboard_waypoint_node-1] [INFO] [1786258746.748980677] [offboard_waypoint_node]: [HOLD_ERROR] position_error=0.008 velocity=0.002 state=IDLE_HOLD
[super_planner_ros2_node-6] [INFO] [1786258746.969718826] [super_planner_ros2_node]: SUPER_ROS2 mode=NO_ODOM enable_output=false reason=NO_ODOM odom=(0.00,0.00,0.00) goal=none tracking_setpoint_enu=(0.00,0.00,0.00) setpoint_ned=none yaw(desired/cmd/rate)=(0.00/0.00/0.00) cross_track=0.00 frame_id=px4_ned path_points=0 odom_source=none cloud_source=none mavros_connected=true
[offboard_waypoint_node-1] [INFO] [1786258747.049058364] [offboard_waypoint_node]: [CONTROL_ARBITER] selected_source=safety_hold state=IDLE_HOLD
[ego_planner_node-10] [FSM]: state: WAIT_TARGET
[ego_planner_node-10] wait for goal or trigger.
[offboard_waypoint_node-1] [INFO] [1786258747.749114715] [offboard_waypoint_node]: [HOLD_ERROR] position_error=0.004 velocity=0.008 state=IDLE_HOLD
[super_planner_ros2_node-6] [INFO] [1786258748.019688982] [super_planner_ros2_node]: SUPER_ROS2 mode=NO_ODOM enable_output=false reason=NO_ODOM odom=(0.00,0.00,0.00) goal=none tracking_setpoint_enu=(0.00,0.00,0.00) setpoint_ned=none yaw(desired/cmd/rate)=(0.00/0.00/0.00) cross_track=0.00 frame_id=px4_ned path_points=0 odom_source=none cloud_source=none mavros_connected=true
[fastlio_bridge_node-2] [INFO] [1786258748.065052446] [fastlio_bridge_node]: 已桥接并转换里程计: ENU(0.01, -0.01, -0.04) -> NED(-0.01, -0.01, 0.04)
[offboard_waypoint_node-1] [INFO] [1786258748.099049579] [offboard_waypoint_node]: [CONTROL_ARBITER] selected_source=safety_hold state=IDLE_HOLD
[ego_planner_node-10] [FSM]: state: WAIT_TARGET
[ego_planner_node-10] wait for goal or trigger.
[offboard_waypoint_node-1] [INFO] [1786258748.798939807] [offboard_waypoint_node]: [HOLD_ERROR] position_error=0.004 velocity=0.010 state=IDLE_HOLD
[super_planner_ros2_node-6] [INFO] [1786258749.019732518] [super_planner_ros2_node]: SUPER_ROS2 mode=NO_ODOM enable_output=false reason=NO_ODOM odom=(0.00,0.00,0.00) goal=none tracking_setpoint_enu=(0.00,0.00,0.00) setpoint_ned=none yaw(desired/cmd/rate)=(0.00/0.00/0.00) cross_track=0.00 frame_id=px4_ned path_points=0 odom_source=none cloud_source=none mavros_connected=true
[offboard_waypoint_node-1] [INFO] [1786258749.099087262] [offboard_waypoint_node]: [CONTROL_ARBITER] selected_source=safety_hold state=IDLE_HOLD
[ego_planner_node-10] [FSM]: state: WAIT_TARGET
[ego_planner_node-10] wait for goal or trigger.
[offboard_waypoint_node-1] [INFO] [1786258749.799166094] [offboard_waypoint_node]: [HOLD_ERROR] position_error=0.006 velocity=0.006 state=IDLE_HOLD
[super_planner_ros2_node-6] [INFO] [1786258750.019790520] [super_planner_ros2_node]: SUPER_ROS2 mode=NO_ODOM enable_output=false reason=NO_ODOM odom=(0.00,0.00,0.00) goal=none tracking_setpoint_enu=(0.00,0.00,0.00) setpoint_ned=none yaw(desired/cmd/rate)=(0.00/0.00/0.00) cross_track=0.00 frame_id=px4_ned path_points=0 odom_source=none cloud_source=none mavros_connected=true
[fastlio_bridge_node-2] [INFO] [1786258750.063755752] [fastlio_bridge_node]: 已桥接并转换里程计: ENU(0.01, -0.01, -0.05) -> NED(-0.01, -0.01, 0.05)
[offboard_waypoint_node-1] [INFO] [1786258750.099548190] [offboard_waypoint_node]: [CONTROL_ARBITER] selected_source=safety_hold state=IDLE_HOLD
[ego_planner_node-10] [FSM]: state: WAIT_TARGET
[ego_planner_node-10] wait for goal or trigger.
[offboard_waypoint_node-1] [INFO] [1786258750.800029532] [offboard_waypoint_node]: [HOLD_ERROR] position_error=0.008 velocity=0.005 state=IDLE_HOLD
[super_planner_ros2_node-6] [INFO] [1786258751.069740134] [super_planner_ros2_node]: SUPER_ROS2 mode=NO_ODOM enable_output=false reason=NO_ODOM odom=(0.00,0.00,0.00) goal=none tracking_setpoint_enu=(0.00,0.00,0.00) setpoint_ned=none yaw(desired/cmd/rate)=(0.00/0.00/0.00) cross_track=0.00 frame_id=px4_ned path_points=0 odom_source=none cloud_source=none mavros_connected=true
[offboard_waypoint_node-1] [INFO] [1786258751.149040380] [offboard_waypoint_node]: [CONTROL_ARBITER] selected_source=safety_hold state=IDLE_HOLD
[ego_planner_node-10] [FSM]: state: WAIT_TARGET
[ego_planner_node-10] wait for goal or trigger.
[offboard_waypoint_node-1] [INFO] [1786258751.849009545] [offboard_waypoint_node]: [HOLD_ERROR] position_error=0.006 velocity=0.004 state=IDLE_HOLD
[fastlio_bridge_node-2] [INFO] [1786258752.064059698] [fastlio_bridge_node]: 已桥接并转换里程计: ENU(0.01, -0.01, -0.04) -> NED(-0.01, -0.01, 0.04)
[super_planner_ros2_node-6] [INFO] [1786258752.069802589] [super_planner_ros2_node]: SUPER_ROS2 mode=NO_ODOM enable_output=false reason=NO_ODOM odom=(0.00,0.00,0.00) goal=none tracking_setpoint_enu=(0.00,0.00,0.00) setpoint_ned=none yaw(desired/cmd/rate)=(0.00/0.00/0.00) cross_track=0.00 frame_id=px4_ned path_points=0 odom_source=none cloud_source=none mavros_connected=true
[offboard_waypoint_node-1] [INFO] [1786258752.149547633] [offboard_waypoint_node]: [CONTROL_ARBITER] selected_source=safety_hold state=IDLE_HOLD
[ego_planner_node-10] [FSM]: state: WAIT_TARGET
[ego_planner_node-10] wait for goal or trigger.
[offboard_waypoint_node-1] [INFO] [1786258752.849145418] [offboard_waypoint_node]: [HOLD_ERROR] position_error=0.007 velocity=0.007 state=IDLE_HOLD
[super_planner_ros2_node-6] [INFO] [1786258753.119749582] [super_planner_ros2_node]: SUPER_ROS2 mode=NO_ODOM enable_output=false reason=NO_ODOM odom=(0.00,0.00,0.00) goal=none tracking_setpoint_enu=(0.00,0.00,0.00) setpoint_ned=none yaw(desired/cmd/rate)=(0.00/0.00/0.00) cross_track=0.00 frame_id=px4_ned path_points=0 odom_source=none cloud_source=none mavros_connected=true
[offboard_waypoint_node-1] [INFO] [1786258753.199005966] [offboard_waypoint_node]: [CONTROL_ARBITER] selected_source=safety_hold state=IDLE_HOLD
[ego_planner_node-10] [FSM]: state: WAIT_TARGET
[ego_planner_node-10] wait for goal or trigger.
[offboard_waypoint_node-1] [INFO] [1786258753.898978481] [offboard_waypoint_node]: [HOLD_ERROR] position_error=0.010 velocity=0.010 state=IDLE_HOLD
[fastlio_bridge_node-2] [INFO] [1786258754.064334329] [fastlio_bridge_node]: 已桥接并转换里程计: ENU(0.01, -0.01, -0.05) -> NED(-0.01, -0.01, 0.05)
[super_planner_ros2_node-6] [INFO] [1786258754.119750520] [super_planner_ros2_node]: SUPER_ROS2 mode=NO_ODOM enable_output=false reason=NO_ODOM odom=(0.00,0.00,0.00) goal=none tracking_setpoint_enu=(0.00,0.00,0.00) setpoint_ned=none yaw(desired/cmd/rate)=(0.00/0.00/0.00) cross_track=0.00 frame_id=px4_ned path_points=0 odom_source=none cloud_source=none mavros_connected=true
[offboard_waypoint_node-1] [INFO] [1786258754.249038095] [offboard_waypoint_node]: [CONTROL_ARBITER] selected_source=safety_hold state=IDLE_HOLD
[ego_planner_node-10] [FSM]: state: WAIT_TARGET
[ego_planner_node-10] wait for goal or trigger.
[offboard_waypoint_node-1] [INFO] [1786258754.899044404] [offboard_waypoint_node]: [HOLD_ERROR] position_error=0.012 velocity=0.013 state=IDLE_HOLD
[super_planner_ros2_node-6] [INFO] [1786258755.119789356] [super_planner_ros2_node]: SUPER_ROS2 mode=NO_ODOM enable_output=false reason=NO_ODOM odom=(0.00,0.00,0.00) goal=none tracking_setpoint_enu=(0.00,0.00,0.00) setpoint_ned=none yaw(desired/cmd/rate)=(0.00/0.00/0.00) cross_track=0.00 frame_id=px4_ned path_points=0 odom_source=none cloud_source=none mavros_connected=true
[offboard_waypoint_node-1] [INFO] [1786258755.249189078] [offboard_waypoint_node]: [CONTROL_ARBITER] selected_source=safety_hold state=IDLE_HOLD
[ego_planner_node-10] [FSM]: state: WAIT_TARGET
[ego_planner_node-10] wait for goal or trigger.
[offboard_waypoint_node-1] [INFO] [1786258755.948949073] [offboard_waypoint_node]: [HOLD_ERROR] position_error=0.014 velocity=0.019 state=IDLE_HOLD
[fastlio_bridge_node-2] [INFO] [1786258756.063351083] [fastlio_bridge_node]: 已桥接并转换里程计: ENU(0.01, -0.01, -0.04) -> NED(-0.01, -0.01, 0.04)
[super_planner_ros2_node-6] [INFO] [1786258756.169767412] [super_planner_ros2_node]: SUPER_ROS2 mode=NO_ODOM enable_output=false reason=NO_ODOM odom=(0.00,0.00,0.00) goal=none tracking_setpoint_enu=(0.00,0.00,0.00) setpoint_ned=none yaw(desired/cmd/rate)=(0.00/0.00/0.00) cross_track=0.00 frame_id=px4_ned path_points=0 odom_source=none cloud_source=none mavros_connected=true
[offboard_waypoint_node-1] [INFO] [1786258756.299010753] [offboard_waypoint_node]: [CONTROL_ARBITER] selected_source=safety_hold state=IDLE_HOLD
[ego_planner_node-10] [FSM]: state: WAIT_TARGET
[ego_planner_node-10] wait for goal or trigger.
[offboard_waypoint_node-1] [INFO] [1786258756.949130957] [offboard_waypoint_node]: [HOLD_ERROR] position_error=0.012 velocity=0.011 state=IDLE_HOLD
[super_planner_ros2_node-6] [INFO] [1786258757.169854592] [super_planner_ros2_node]: SUPER_ROS2 mode=NO_ODOM enable_output=false reason=NO_ODOM odom=(0.00,0.00,0.00) goal=none tracking_setpoint_enu=(0.00,0.00,0.00) setpoint_ned=none yaw(desired/cmd/rate)=(0.00/0.00/0.00) cross_track=0.00 frame_id=px4_ned path_points=0 odom_source=none cloud_source=none mavros_connected=true
[offboard_waypoint_node-1] [INFO] [1786258757.299021935] [offboard_waypoint_node]: [CONTROL_ARBITER] selected_source=safety_hold state=IDLE_HOLD
[ego_planner_node-10] [FSM]: state: WAIT_TARGET
[ego_planner_node-10] wait for goal or trigger.
[offboard_waypoint_node-1] [INFO] [1786258757.949130673] [offboard_waypoint_node]: [HOLD_ERROR] position_error=0.007 velocity=0.001 state=IDLE_HOLD
[fastlio_bridge_node-2] [INFO] [1786258758.063918553] [fastlio_bridge_node]: 已桥接并转换里程计: ENU(0.01, -0.01, -0.05) -> NED(-0.01, -0.01, 0.05)
[super_planner_ros2_node-6] [INFO] [1786258758.170021360] [super_planner_ros2_node]: SUPER_ROS2 mode=NO_ODOM enable_output=false reason=NO_ODOM odom=(0.00,0.00,0.00) goal=none tracking_setpoint_enu=(0.00,0.00,0.00) setpoint_ned=none yaw(desired/cmd/rate)=(0.00/0.00/0.00) cross_track=0.00 frame_id=px4_ned path_points=0 odom_source=none cloud_source=none mavros_connected=true
[offboard_waypoint_node-1] [INFO] [1786258758.299104313] [offboard_waypoint_node]: [CONTROL_ARBITER] selected_source=safety_hold state=IDLE_HOLD
[ego_planner_node-10] [FSM]: state: WAIT_TARGET
[ego_planner_node-10] wait for goal or trigger.
[offboard_waypoint_node-1] [INFO] [1786258758.999054905] [offboard_waypoint_node]: [HOLD_ERROR] position_error=0.008 velocity=0.006 state=IDLE_HOLD
[super_planner_ros2_node-6] [INFO] [1786258759.219805839] [super_planner_ros2_node]: SUPER_ROS2 mode=NO_ODOM enable_output=false reason=NO_ODOM odom=(0.00,0.00,0.00) goal=none tracking_setpoint_enu=(0.00,0.00,0.00) setpoint_ned=none yaw(desired/cmd/rate)=(0.00/0.00/0.00) cross_track=0.00 frame_id=px4_ned path_points=0 odom_source=none cloud_source=none mavros_connected=true
[offboard_waypoint_node-1] [INFO] [1786258759.349101570] [offboard_waypoint_node]: [CONTROL_ARBITER] selected_source=safety_hold state=IDLE_HOLD
[ego_planner_node-10] [FSM]: state: WAIT_TARGET
[ego_planner_node-10] wait for goal or trigger.
[offboard_waypoint_node-1] [INFO] [1786258760.049115660] [offboard_waypoint_node]: [HOLD_ERROR] position_error=0.009 velocity=0.007 state=IDLE_HOLD
[fastlio_bridge_node-2] [INFO] [1786258760.064819733] [fastlio_bridge_node]: 已桥接并转换里程计: ENU(0.01, -0.01, -0.04) -> NED(-0.01, -0.01, 0.04)
[super_planner_ros2_node-6] [INFO] [1786258760.219853350] [super_planner_ros2_node]: SUPER_ROS2 mode=NO_ODOM enable_output=false reason=NO_ODOM odom=(0.00,0.00,0.00) goal=none tracking_setpoint_enu=(0.00,0.00,0.00) setpoint_ned=none yaw(desired/cmd/rate)=(0.00/0.00/0.00) cross_track=0.00 frame_id=px4_ned path_points=0 odom_source=none cloud_source=none mavros_connected=true
[offboard_waypoint_node-1] [INFO] [1786258760.349488592] [offboard_waypoint_node]: [CONTROL_ARBITER] selected_source=safety_hold state=IDLE_HOLD
[ego_planner_node-10] [FSM]: state: WAIT_TARGET
[ego_planner_node-10] wait for goal or trigger.
[offboard_waypoint_node-1] [INFO] [1786258761.099077516] [offboard_waypoint_node]: [HOLD_ERROR] position_error=0.010 velocity=0.012 state=IDLE_HOLD
[super_planner_ros2_node-6] [INFO] [1786258761.269877870] [super_planner_ros2_node]: SUPER_ROS2 mode=NO_ODOM enable_output=false reason=NO_ODOM odom=(0.00,0.00,0.00) goal=none tracking_setpoint_enu=(0.00,0.00,0.00) setpoint_ned=none yaw(desired/cmd/rate)=(0.00/0.00/0.00) cross_track=0.00 frame_id=px4_ned path_points=0 odom_source=none cloud_source=none mavros_connected=true
[offboard_waypoint_node-1] [INFO] [1786258761.399178870] [offboard_waypoint_node]: [CONTROL_ARBITER] selected_source=safety_hold state=IDLE_HOLD
[ego_planner_node-10] [FSM]: state: WAIT_TARGET
[ego_planner_node-10] wait for goal or trigger.
[fastlio_bridge_node-2] [INFO] [1786258762.064211153] [fastlio_bridge_node]: 已桥接并转换里程计: ENU(0.02, -0.00, -0.04) -> NED(-0.02, -0.00, 0.04)
[offboard_waypoint_node-1] [INFO] [1786258762.099229818] [offboard_waypoint_node]: [HOLD_ERROR] position_error=0.010 velocity=0.009 state=IDLE_HOLD
[super_planner_ros2_node-6] [INFO] [1786258762.319956640] [super_planner_ros2_node]: SUPER_ROS2 mode=NO_ODOM enable_output=false reason=NO_ODOM odom=(0.00,0.00,0.00) goal=none tracking_setpoint_enu=(0.00,0.00,0.00) setpoint_ned=none yaw(desired/cmd/rate)=(0.00/0.00/0.00) cross_track=0.00 frame_id=px4_ned path_points=0 odom_source=none cloud_source=none mavros_connected=true
[mapping_manager_node-5] [INFO] [1786258762.326219091] [mapping_manager_node]: Mapping status: in_flight=false, map_loaded=false, map_saved=false
[offboard_waypoint_node-1] [INFO] [1786258762.399538059] [offboard_waypoint_node]: [CONTROL_ARBITER] selected_source=safety_hold state=IDLE_HOLD
[ego_planner_node-10] [FSM]: state: WAIT_TARGET
[ego_planner_node-10] wait for goal or trigger.
[offboard_waypoint_node-1] [INFO] [1786258763.149080928] [offboard_waypoint_node]: [HOLD_ERROR] position_error=0.007 velocity=0.007 state=IDLE_HOLD
[super_planner_ros2_node-6] [INFO] [1786258763.320233414] [super_planner_ros2_node]: SUPER_ROS2 mode=NO_ODOM enable_output=false reason=NO_ODOM odom=(0.00,0.00,0.00) goal=none tracking_setpoint_enu=(0.00,0.00,0.00) setpoint_ned=none yaw(desired/cmd/rate)=(0.00/0.00/0.00) cross_track=0.00 frame_id=px4_ned path_points=0 odom_source=none cloud_source=none mavros_connected=true
[offboard_waypoint_node-1] [INFO] [1786258763.449531611] [offboard_waypoint_node]: [CONTROL_ARBITER] selected_source=safety_hold state=IDLE_HOLD
[ego_planner_node-10] [FSM]: state: WAIT_TARGET
[ego_planner_node-10] wait for goal or trigger.
[fastlio_bridge_node-2] [INFO] [1786258764.065215303] [fastlio_bridge_node]: 已桥接并转换里程计: ENU(0.02, -0.01, -0.05) -> NED(-0.02, -0.01, 0.05)
[offboard_waypoint_node-1] [INFO] [1786258764.149739756] [offboard_waypoint_node]: [HOLD_ERROR] position_error=0.004 velocity=0.007 state=IDLE_HOLD
[super_planner_ros2_node-6] [INFO] [1786258764.369854962] [super_planner_ros2_node]: SUPER_ROS2 mode=NO_ODOM enable_output=false reason=NO_ODOM odom=(0.00,0.00,0.00) goal=none tracking_setpoint_enu=(0.00,0.00,0.00) setpoint_ned=none yaw(desired/cmd/rate)=(0.00/0.00/0.00) cross_track=0.00 frame_id=px4_ned path_points=0 odom_source=none cloud_source=none mavros_connected=true
[offboard_waypoint_node-1] [INFO] [1786258764.499160614] [offboard_waypoint_node]: [CONTROL_ARBITER] selected_source=safety_hold state=IDLE_HOLD
[ego_planner_node-10] [FSM]: state: WAIT_TARGET
[ego_planner_node-10] wait for goal or trigger.
[offboard_waypoint_node-1] [INFO] [1786258765.199147974] [offboard_waypoint_node]: [HOLD_ERROR] position_error=0.005 velocity=0.004 state=IDLE_HOLD
[super_planner_ros2_node-6] [INFO] [1786258765.369871557] [super_planner_ros2_node]: SUPER_ROS2 mode=NO_ODOM enable_output=false reason=NO_ODOM odom=(0.00,0.00,0.00) goal=none tracking_setpoint_enu=(0.00,0.00,0.00) setpoint_ned=none yaw(desired/cmd/rate)=(0.00/0.00/0.00) cross_track=0.00 frame_id=px4_ned path_points=0 odom_source=none cloud_source=none mavros_connected=true
[offboard_waypoint_node-1] [INFO] [1786258765.499212088] [offboard_waypoint_node]: [CONTROL_ARBITER] selected_source=safety_hold state=IDLE_HOLD
[ego_planner_node-10] [FSM]: state: WAIT_TARGET
[ego_planner_node-10] wait for goal or trigger.
[fastlio_bridge_node-2] [INFO] [1786258766.064886363] [fastlio_bridge_node]: 已桥接并转换里程计: ENU(0.02, -0.01, -0.04) -> NED(-0.02, -0.01, 0.04)
[offboard_waypoint_node-1] [INFO] [1786258766.199158110] [offboard_waypoint_node]: [HOLD_ERROR] position_error=0.009 velocity=0.002 state=IDLE_HOLD
[super_planner_ros2_node-6] [INFO] [1786258766.419823998] [super_planner_ros2_node]: SUPER_ROS2 mode=NO_ODOM enable_output=false reason=NO_ODOM odom=(0.00,0.00,0.00) goal=none tracking_setpoint_enu=(0.00,0.00,0.00) setpoint_ned=none yaw(desired/cmd/rate)=(0.00/0.00/0.00) cross_track=0.00 frame_id=px4_ned path_points=0 odom_source=none cloud_source=none mavros_connected=true
[offboard_waypoint_node-1] [INFO] [1786258766.549329712] [offboard_waypoint_node]: [CONTROL_ARBITER] selected_source=safety_hold state=IDLE_HOLD
[ego_planner_node-10] [FSM]: state: WAIT_TARGET
[ego_planner_node-10] wait for goal or trigger.
[offboard_waypoint_node-1] [INFO] [1786258767.249089890] [offboard_waypoint_node]: [HOLD_ERROR] position_error=0.006 velocity=0.003 state=IDLE_HOLD
[super_planner_ros2_node-6] [INFO] [1786258767.419835948] [super_planner_ros2_node]: SUPER_ROS2 mode=NO_ODOM enable_output=false reason=NO_ODOM odom=(0.00,0.00,0.00) goal=none tracking_setpoint_enu=(0.00,0.00,0.00) setpoint_ned=none yaw(desired/cmd/rate)=(0.00/0.00/0.00) cross_track=0.00 frame_id=px4_ned path_points=0 odom_source=none cloud_source=none mavros_connected=true
[offboard_waypoint_node-1] [INFO] [1786258767.549439965] [offboard_waypoint_node]: [CONTROL_ARBITER] selected_source=safety_hold state=IDLE_HOLD
[ego_planner_node-10] [FSM]: state: WAIT_TARGET
[ego_planner_node-10] wait for goal or trigger.
[fastlio_bridge_node-2] [INFO] [1786258768.063787418] [fastlio_bridge_node]: 已桥接并转换里程计: ENU(0.01, -0.01, -0.05) -> NED(-0.01, -0.01, 0.05)
[offboard_waypoint_node-1] [INFO] [1786258768.249274006] [offboard_waypoint_node]: [HOLD_ERROR] position_error=0.005 velocity=0.011 state=IDLE_HOLD
[super_planner_ros2_node-6] [INFO] [1786258768.419889319] [super_planner_ros2_node]: SUPER_ROS2 mode=NO_ODOM enable_output=false reason=NO_ODOM odom=(0.00,0.00,0.00) goal=none tracking_setpoint_enu=(0.00,0.00,0.00) setpoint_ned=none yaw(desired/cmd/rate)=(0.00/0.00/0.00) cross_track=0.00 frame_id=px4_ned path_points=0 odom_source=none cloud_source=none mavros_connected=true
[offboard_waypoint_node-1] [INFO] [1786258768.599472695] [offboard_waypoint_node]: [CONTROL_ARBITER] selected_source=safety_hold state=IDLE_HOLD
[ego_planner_node-10] [FSM]: state: WAIT_TARGET
[ego_planner_node-10] wait for goal or trigger.
[offboard_waypoint_node-1] [INFO] [1786258769.299218621] [offboard_waypoint_node]: [HOLD_ERROR] position_error=0.009 velocity=0.009 state=IDLE_HOLD
[super_planner_ros2_node-6] [INFO] [1786258769.420115283] [super_planner_ros2_node]: SUPER_ROS2 mode=NO_ODOM enable_output=false reason=NO_ODOM odom=(0.00,0.00,0.00) goal=none tracking_setpoint_enu=(0.00,0.00,0.00) setpoint_ned=none yaw(desired/cmd/rate)=(0.00/0.00/0.00) cross_track=0.00 frame_id=px4_ned path_points=0 odom_source=none cloud_source=none mavros_connected=true
[offboard_waypoint_node-1] [INFO] [1786258769.649066123] [offboard_waypoint_node]: [CONTROL_ARBITER] selected_source=safety_hold state=IDLE_HOLD
[ego_planner_node-10] [FSM]: state: WAIT_TARGET
[ego_planner_node-10] wait for goal or trigger.
[fastlio_bridge_node-2] [INFO] [1786258770.064587328] [fastlio_bridge_node]: 已桥接并转换里程计: ENU(0.02, -0.01, -0.04) -> NED(-0.02, -0.01, 0.04)
[offboard_waypoint_node-1] [INFO] [1786258770.349285664] [offboard_waypoint_node]: [HOLD_ERROR] position_error=0.008 velocity=0.003 state=IDLE_HOLD
[super_planner_ros2_node-6] [INFO] [1786258770.469879984] [super_planner_ros2_node]: SUPER_ROS2 mode=NO_ODOM enable_output=false reason=NO_ODOM odom=(0.00,0.00,0.00) goal=none tracking_setpoint_enu=(0.00,0.00,0.00) setpoint_ned=none yaw(desired/cmd/rate)=(0.00/0.00/0.00) cross_track=0.00 frame_id=px4_ned path_points=0 odom_source=none cloud_source=none mavros_connected=true
[offboard_waypoint_node-1] [INFO] [1786258770.649161120] [offboard_waypoint_node]: [CONTROL_ARBITER] selected_source=safety_hold state=IDLE_HOLD
[ego_planner_node-10] [FSM]: state: WAIT_TARGET
[ego_planner_node-10] wait for goal or trigger.
[offboard_waypoint_node-1] [INFO] [1786258771.399145768] [offboard_waypoint_node]: [HOLD_ERROR] position_error=0.011 velocity=0.006 state=IDLE_HOLD
[super_planner_ros2_node-6] [INFO] [1786258771.519954697] [super_planner_ros2_node]: SUPER_ROS2 mode=NO_ODOM enable_output=false reason=NO_ODOM odom=(0.00,0.00,0.00) goal=none tracking_setpoint_enu=(0.00,0.00,0.00) setpoint_ned=none yaw(desired/cmd/rate)=(0.00/0.00/0.00) cross_track=0.00 frame_id=px4_ned path_points=0 odom_source=none cloud_source=none mavros_connected=true
[offboard_waypoint_node-1] [INFO] [1786258771.649640032] [offboard_waypoint_node]: [CONTROL_ARBITER] selected_source=safety_hold state=IDLE_HOLD
[ego_planner_node-10] [FSM]: state: WAIT_TARGET
[ego_planner_node-10] wait for goal or trigger.
[fastlio_bridge_node-2] [INFO] [1786258772.065099522] [fastlio_bridge_node]: 已桥接并转换里程计: ENU(0.01, -0.01, -0.04) -> NED(-0.01, -0.01, 0.04)
[offboard_waypoint_node-1] [INFO] [1786258772.399238625] [offboard_waypoint_node]: [HOLD_ERROR] position_error=0.011 velocity=0.006 state=IDLE_HOLD
[super_planner_ros2_node-6] [INFO] [1786258772.520197358] [super_planner_ros2_node]: SUPER_ROS2 mode=NO_ODOM enable_output=false reason=NO_ODOM odom=(0.00,0.00,0.00) goal=none tracking_setpoint_enu=(0.00,0.00,0.00) setpoint_ned=none yaw(desired/cmd/rate)=(0.00/0.00/0.00) cross_track=0.00 frame_id=px4_ned path_points=0 odom_source=none cloud_source=none mavros_connected=true
[offboard_waypoint_node-1] [INFO] [1786258772.699243491] [offboard_waypoint_node]: [CONTROL_ARBITER] selected_source=safety_hold state=IDLE_HOLD
[ego_planner_node-10] [FSM]: state: WAIT_TARGET
[ego_planner_node-10] wait for goal or trigger.
[offboard_waypoint_node-1] [INFO] [1786258773.449528554] [offboard_waypoint_node]: [HOLD_ERROR] position_error=0.008 velocity=0.006 state=IDLE_HOLD
[super_planner_ros2_node-6] [INFO] [1786258773.570497405] [super_planner_ros2_node]: SUPER_ROS2 mode=NO_ODOM enable_output=false reason=NO_ODOM odom=(0.00,0.00,0.00) goal=none tracking_setpoint_enu=(0.00,0.00,0.00) setpoint_ned=none yaw(desired/cmd/rate)=(0.00/0.00/0.00) cross_track=0.00 frame_id=px4_ned path_points=0 odom_source=none cloud_source=none mavros_connected=true
[ego_planner_node-10] [FSM]: state: WAIT_TARGET
[ego_planner_node-10] wait for goal or trigger.
[offboard_waypoint_node-1] [INFO] [1786258773.749461749] [offboard_waypoint_node]: [CONTROL_ARBITER] selected_source=safety_hold state=IDLE_HOLD
[fastlio_bridge_node-2] [INFO] [1786258774.064878895] [fastlio_bridge_node]: 已桥接并转换里程计: ENU(0.02, -0.01, -0.05) -> NED(-0.02, -0.01, 0.05)
[offboard_waypoint_node-1] [INFO] [1786258774.499262290] [offboard_waypoint_node]: [HOLD_ERROR] position_error=0.009 velocity=0.006 state=IDLE_HOLD
[super_planner_ros2_node-6] [INFO] [1786258774.620277305] [super_planner_ros2_node]: SUPER_ROS2 mode=NO_ODOM enable_output=false reason=NO_ODOM odom=(0.00,0.00,0.00) goal=none tracking_setpoint_enu=(0.00,0.00,0.00) setpoint_ned=none yaw(desired/cmd/rate)=(0.00/0.00/0.00) cross_track=0.00 frame_id=px4_ned path_points=0 odom_source=none cloud_source=none mavros_connected=true
[ego_planner_node-10] [FSM]: state: WAIT_TARGET
[ego_planner_node-10] wait for goal or trigger.
[offboard_waypoint_node-1] [INFO] [1786258774.749650517] [offboard_waypoint_node]: [CONTROL_ARBITER] selected_source=safety_hold state=IDLE_HOLD
[offboard_waypoint_node-1] [INFO] [1786258775.499324170] [offboard_waypoint_node]: [HOLD_ERROR] position_error=0.011 velocity=0.007 state=IDLE_HOLD
[super_planner_ros2_node-6] [INFO] [1786258775.670325695] [super_planner_ros2_node]: SUPER_ROS2 mode=NO_ODOM enable_output=false reason=NO_ODOM odom=(0.00,0.00,0.00) goal=none tracking_setpoint_enu=(0.00,0.00,0.00) setpoint_ned=none yaw(desired/cmd/rate)=(0.00/0.00/0.00) cross_track=0.00 frame_id=px4_ned path_points=0 odom_source=none cloud_source=none mavros_connected=true
[ego_planner_node-10] [FSM]: state: WAIT_TARGET
[ego_planner_node-10] wait for goal or trigger.
[offboard_waypoint_node-1] [INFO] [1786258775.799125439] [offboard_waypoint_node]: [CONTROL_ARBITER] selected_source=safety_hold state=IDLE_HOLD
[fastlio_bridge_node-2] [INFO] [1786258776.064592463] [fastlio_bridge_node]: 已桥接并转换里程计: ENU(0.01, -0.01, -0.05) -> NED(-0.01, -0.01, 0.05)
[offboard_waypoint_node-1] [INFO] [1786258776.550551451] [offboard_waypoint_node]: [HOLD_ERROR] position_error=0.013 velocity=0.009 state=IDLE_HOLD
[super_planner_ros2_node-6] [INFO] [1786258776.719928342] [super_planner_ros2_node]: SUPER_ROS2 mode=NO_ODOM enable_output=false reason=NO_ODOM odom=(0.00,0.00,0.00) goal=none tracking_setpoint_enu=(0.00,0.00,0.00) setpoint_ned=none yaw(desired/cmd/rate)=(0.00/0.00/0.00) cross_track=0.00 frame_id=px4_ned path_points=0 odom_source=none cloud_source=none mavros_connected=true
[ego_planner_node-10] [FSM]: state: WAIT_TARGET
[ego_planner_node-10] wait for goal or trigger.
[offboard_waypoint_node-1] [INFO] [1786258776.799302607] [offboard_waypoint_node]: [CONTROL_ARBITER] selected_source=safety_hold state=IDLE_HOLD
[offboard_waypoint_node-1] [INFO] [1786258777.599356961] [offboard_waypoint_node]: [HOLD_ERROR] position_error=0.013 velocity=0.008 state=IDLE_HOLD
[super_planner_ros2_node-6] [INFO] [1786258777.720275980] [super_planner_ros2_node]: SUPER_ROS2 mode=NO_ODOM enable_output=false reason=NO_ODOM odom=(0.00,0.00,0.00) goal=none tracking_setpoint_enu=(0.00,0.00,0.00) setpoint_ned=none yaw(desired/cmd/rate)=(0.00/0.00/0.00) cross_track=0.00 frame_id=px4_ned path_points=0 odom_source=none cloud_source=none mavros_connected=true
[ego_planner_node-10] [FSM]: state: WAIT_TARGET
[ego_planner_node-10] wait for goal or trigger.
[offboard_waypoint_node-1] [INFO] [1786258777.849218224] [offboard_waypoint_node]: [CONTROL_ARBITER] selected_source=safety_hold state=IDLE_HOLD
[fastlio_bridge_node-2] [INFO] [1786258778.064446409] [fastlio_bridge_node]: 已桥接并转换里程计: ENU(0.02, -0.00, -0.05) -> NED(-0.02, -0.00, 0.05)
[offboard_waypoint_node-1] [INFO] [1786258778.599374078] [offboard_waypoint_node]: [HOLD_ERROR] position_error=0.010 velocity=0.004 state=IDLE_HOLD
[super_planner_ros2_node-6] [INFO] [1786258778.770146135] [super_planner_ros2_node]: SUPER_ROS2 mode=NO_ODOM enable_output=false reason=NO_ODOM odom=(0.00,0.00,0.00) goal=none tracking_setpoint_enu=(0.00,0.00,0.00) setpoint_ned=none yaw(desired/cmd/rate)=(0.00/0.00/0.00) cross_track=0.00 frame_id=px4_ned path_points=0 odom_source=none cloud_source=none mavros_connected=true
[ego_planner_node-10] [FSM]: state: WAIT_TARGET
[ego_planner_node-10] wait for goal or trigger.
[offboard_waypoint_node-1] [INFO] [1786258778.849590080] [offboard_waypoint_node]: [CONTROL_ARBITER] selected_source=safety_hold state=IDLE_HOLD
[offboard_waypoint_node-1] [INFO] [1786258779.649196813] [offboard_waypoint_node]: [HOLD_ERROR] position_error=0.006 velocity=0.002 state=IDLE_HOLD
[super_planner_ros2_node-6] [INFO] [1786258779.819953243] [super_planner_ros2_node]: SUPER_ROS2 mode=NO_ODOM enable_output=false reason=NO_ODOM odom=(0.00,0.00,0.00) goal=none tracking_setpoint_enu=(0.00,0.00,0.00) setpoint_ned=none yaw(desired/cmd/rate)=(0.00/0.00/0.00) cross_track=0.00 frame_id=px4_ned path_points=0 odom_source=none cloud_source=none mavros_connected=true
[ego_planner_node-10] [FSM]: state: WAIT_TARGET
[ego_planner_node-10] wait for goal or trigger.
[offboard_waypoint_node-1] [INFO] [1786258779.899214451] [offboard_waypoint_node]: [CONTROL_ARBITER] selected_source=safety_hold state=IDLE_HOLD
[fastlio_bridge_node-2] [INFO] [1786258780.065293122] [fastlio_bridge_node]: 已桥接并转换里程计: ENU(0.02, -0.01, -0.05) -> NED(-0.02, -0.01, 0.05)
[offboard_waypoint_node-1] [INFO] [1786258780.649278884] [offboard_waypoint_node]: [HOLD_ERROR] position_error=0.006 velocity=0.003 state=IDLE_HOLD
[super_planner_ros2_node-6] [INFO] [1786258780.820276946] [super_planner_ros2_node]: SUPER_ROS2 mode=NO_ODOM enable_output=false reason=NO_ODOM odom=(0.00,0.00,0.00) goal=none tracking_setpoint_enu=(0.00,0.00,0.00) setpoint_ned=none yaw(desired/cmd/rate)=(0.00/0.00/0.00) cross_track=0.00 frame_id=px4_ned path_points=0 odom_source=none cloud_source=none mavros_connected=true
[ego_planner_node-10] [FSM]: state: WAIT_TARGET
[ego_planner_node-10] wait for goal or trigger.
[offboard_waypoint_node-1] [INFO] [1786258780.899357681] [offboard_waypoint_node]: [CONTROL_ARBITER] selected_source=safety_hold state=IDLE_HOLD
[offboard_waypoint_node-1] [INFO] [1786258781.649277879] [offboard_waypoint_node]: [HOLD_ERROR] position_error=0.008 velocity=0.001 state=IDLE_HOLD
[ego_planner_node-10] [FSM]: state: WAIT_TARGET
[ego_planner_node-10] wait for goal or trigger.
[super_planner_ros2_node-6] [INFO] [1786258781.870032641] [super_planner_ros2_node]: SUPER_ROS2 mode=NO_ODOM enable_output=false reason=NO_ODOM odom=(0.00,0.00,0.00) goal=none tracking_setpoint_enu=(0.00,0.00,0.00) setpoint_ned=none yaw(desired/cmd/rate)=(0.00/0.00/0.00) cross_track=0.00 frame_id=px4_ned path_points=0 odom_source=none cloud_source=none mavros_connected=true
[offboard_waypoint_node-1] [INFO] [1786258781.899363443] [offboard_waypoint_node]: [CONTROL_ARBITER] selected_source=safety_hold state=IDLE_HOLD
[fastlio_bridge_node-2] [INFO] [1786258782.064483579] [fastlio_bridge_node]: 已桥接并转换里程计: ENU(0.01, -0.00, -0.05) -> NED(-0.01, -0.00, 0.05)
[offboard_waypoint_node-1] [INFO] [1786258782.699198013] [offboard_waypoint_node]: [HOLD_ERROR] position_error=0.006 velocity=0.003 state=IDLE_HOLD
[super_planner_ros2_node-6] [INFO] [1786258782.870071266] [super_planner_ros2_node]: SUPER_ROS2 mode=NO_ODOM enable_output=false reason=NO_ODOM odom=(0.00,0.00,0.00) goal=none tracking_setpoint_enu=(0.00,0.00,0.00) setpoint_ned=none yaw(desired/cmd/rate)=(0.00/0.00/0.00) cross_track=0.00 frame_id=px4_ned path_points=0 odom_source=none cloud_source=none mavros_connected=true
[ego_planner_node-10] [FSM]: state: WAIT_TARGET
[ego_planner_node-10] wait for goal or trigger.
[offboard_waypoint_node-1] [INFO] [1786258782.949280870] [offboard_waypoint_node]: [CONTROL_ARBITER] selected_source=safety_hold state=IDLE_HOLD
[offboard_waypoint_node-1] [INFO] [1786258783.749252139] [offboard_waypoint_node]: [HOLD_ERROR] position_error=0.006 velocity=0.005 state=IDLE_HOLD
[ego_planner_node-10] [FSM]: state: WAIT_TARGET
[ego_planner_node-10] wait for goal or trigger.
[super_planner_ros2_node-6] [INFO] [1786258783.920220136] [super_planner_ros2_node]: SUPER_ROS2 mode=NO_ODOM enable_output=false reason=NO_ODOM odom=(0.00,0.00,0.00) goal=none tracking_setpoint_enu=(0.00,0.00,0.00) setpoint_ned=none yaw(desired/cmd/rate)=(0.00/0.00/0.00) cross_track=0.00 frame_id=px4_ned path_points=0 odom_source=none cloud_source=none mavros_connected=true
[offboard_waypoint_node-1] [INFO] [1786258783.999704660] [offboard_waypoint_node]: [CONTROL_ARBITER] selected_source=safety_hold state=IDLE_HOLD
[fastlio_bridge_node-2] [INFO] [1786258784.063626768] [fastlio_bridge_node]: 已桥接并转换里程计: ENU(0.02, -0.01, -0.05) -> NED(-0.02, -0.01, 0.05)
[offboard_waypoint_node-1] [INFO] [1786258784.799328477] [offboard_waypoint_node]: [HOLD_ERROR] position_error=0.006 velocity=0.010 state=IDLE_HOLD
[ego_planner_node-10] [FSM]: state: WAIT_TARGET
[ego_planner_node-10] wait for goal or trigger.
[super_planner_ros2_node-6] [INFO] [1786258784.970053283] [super_planner_ros2_node]: SUPER_ROS2 mode=NO_ODOM enable_output=false reason=NO_ODOM odom=(0.00,0.00,0.00) goal=none tracking_setpoint_enu=(0.00,0.00,0.00) setpoint_ned=none yaw(desired/cmd/rate)=(0.00/0.00/0.00) cross_track=0.00 frame_id=px4_ned path_points=0 odom_source=none cloud_source=none mavros_connected=true
[offboard_waypoint_node-1] [INFO] [1786258785.049176897] [offboard_waypoint_node]: [CONTROL_ARBITER] selected_source=safety_hold state=IDLE_HOLD
[offboard_waypoint_node-1] [INFO] [1786258785.799357955] [offboard_waypoint_node]: [HOLD_ERROR] position_error=0.008 velocity=0.006 state=IDLE_HOLD
[ego_planner_node-10] [FSM]: state: WAIT_TARGET
[ego_planner_node-10] wait for goal or trigger.
[super_planner_ros2_node-6] [INFO] [1786258786.020228089] [super_planner_ros2_node]: SUPER_ROS2 mode=NO_ODOM enable_output=false reason=NO_ODOM odom=(0.00,0.00,0.00) goal=none tracking_setpoint_enu=(0.00,0.00,0.00) setpoint_ned=none yaw(desired/cmd/rate)=(0.00/0.00/0.00) cross_track=0.00 frame_id=px4_ned path_points=0 odom_source=none cloud_source=none mavros_connected=true
[offboard_waypoint_node-1] [INFO] [1786258786.049329551] [offboard_waypoint_node]: [CONTROL_ARBITER] selected_source=safety_hold state=IDLE_HOLD
[fastlio_bridge_node-2] [INFO] [1786258786.064150740] [fastlio_bridge_node]: 已桥接并转换里程计: ENU(0.02, -0.01, -0.05) -> NED(-0.02, -0.01, 0.05)
[offboard_waypoint_node-1] [INFO] [1786258786.849298172] [offboard_waypoint_node]: [HOLD_ERROR] position_error=0.005 velocity=0.007 state=IDLE_HOLD
[ego_planner_node-10] [FSM]: state: WAIT_TARGET
[ego_planner_node-10] wait for goal or trigger.
[offboard_waypoint_node-1] [INFO] [1786258787.049369946] [offboard_waypoint_node]: [CONTROL_ARBITER] selected_source=safety_hold state=IDLE_HOLD
[super_planner_ros2_node-6] [INFO] [1786258787.069976898] [super_planner_ros2_node]: SUPER_ROS2 mode=NO_ODOM enable_output=false reason=NO_ODOM odom=(0.00,0.00,0.00) goal=none tracking_setpoint_enu=(0.00,0.00,0.00) setpoint_ned=none yaw(desired/cmd/rate)=(0.00/0.00/0.00) cross_track=0.00 frame_id=px4_ned path_points=0 odom_source=none cloud_source=none mavros_connected=true
[offboard_waypoint_node-1] [INFO] [1786258787.899249758] [offboard_waypoint_node]: [HOLD_ERROR] position_error=0.004 velocity=0.007 state=IDLE_HOLD
[ego_planner_node-10] [FSM]: state: WAIT_TARGET
[ego_planner_node-10] wait for goal or trigger.
[fastlio_bridge_node-2] [INFO] [1786258788.064514488] [fastlio_bridge_node]: 已桥接并转换里程计: ENU(0.02, -0.00, -0.05) -> NED(-0.02, -0.00, 0.05)
[super_planner_ros2_node-6] [INFO] [1786258788.070232133] [super_planner_ros2_node]: SUPER_ROS2 mode=NO_ODOM enable_output=false reason=NO_ODOM odom=(0.00,0.00,0.00) goal=none tracking_setpoint_enu=(0.00,0.00,0.00) setpoint_ned=none yaw(desired/cmd/rate)=(0.00/0.00/0.00) cross_track=0.00 frame_id=px4_ned path_points=0 odom_source=none cloud_source=none mavros_connected=true
[offboard_waypoint_node-1] [INFO] [1786258788.099209681] [offboard_waypoint_node]: [CONTROL_ARBITER] selected_source=safety_hold state=IDLE_HOLD
[offboard_waypoint_node-1] [INFO] [1786258788.949377852] [offboard_waypoint_node]: [HOLD_ERROR] position_error=0.004 velocity=0.006 state=IDLE_HOLD
[ego_planner_node-10] [FSM]: state: WAIT_TARGET
[ego_planner_node-10] wait for goal or trigger.
[offboard_waypoint_node-1] [INFO] [1786258789.099383656] [offboard_waypoint_node]: [CONTROL_ARBITER] selected_source=safety_hold state=IDLE_HOLD
[super_planner_ros2_node-6] [INFO] [1786258789.120039069] [super_planner_ros2_node]: SUPER_ROS2 mode=NO_ODOM enable_output=false reason=NO_ODOM odom=(0.00,0.00,0.00) goal=none tracking_setpoint_enu=(0.00,0.00,0.00) setpoint_ned=none yaw(desired/cmd/rate)=(0.00/0.00/0.00) cross_track=0.00 frame_id=px4_ned path_points=0 odom_source=none cloud_source=none mavros_connected=true
[ego_planner_node-10] [FSM]: state: WAIT_TARGET
[ego_planner_node-10] wait for goal or trigger.
[offboard_waypoint_node-1] [INFO] [1786258789.999325874] [offboard_waypoint_node]: [HOLD_ERROR] position_error=0.005 velocity=0.005 state=IDLE_HOLD
[fastlio_bridge_node-2] [INFO] [1786258790.064383659] [fastlio_bridge_node]: 已桥接并转换里程计: ENU(0.02, -0.01, -0.04) -> NED(-0.02, -0.01, 0.04)
[offboard_waypoint_node-1] [INFO] [1786258790.149219772] [offboard_waypoint_node]: [CONTROL_ARBITER] selected_source=safety_hold state=IDLE_HOLD
[super_planner_ros2_node-6] [INFO] [1786258790.169979881] [super_planner_ros2_node]: SUPER_ROS2 mode=NO_ODOM enable_output=false reason=NO_ODOM odom=(0.00,0.00,0.00) goal=none tracking_setpoint_enu=(0.00,0.00,0.00) setpoint_ned=none yaw(desired/cmd/rate)=(0.00/0.00/0.00) cross_track=0.00 frame_id=px4_ned path_points=0 odom_source=none cloud_source=none mavros_connected=true
[offboard_waypoint_node-1] [INFO] [1786258790.999419253] [offboard_waypoint_node]: [HOLD_ERROR] position_error=0.006 velocity=0.004 state=IDLE_HOLD
[ego_planner_node-10] [FSM]: state: WAIT_TARGET
[ego_planner_node-10] wait for goal or trigger.
[offboard_waypoint_node-1] [INFO] [1786258791.149658220] [offboard_waypoint_node]: [CONTROL_ARBITER] selected_source=safety_hold state=IDLE_HOLD
[super_planner_ros2_node-6] [INFO] [1786258791.170048933] [super_planner_ros2_node]: SUPER_ROS2 mode=NO_ODOM enable_output=false reason=NO_ODOM odom=(0.00,0.00,0.00) goal=none tracking_setpoint_enu=(0.00,0.00,0.00) setpoint_ned=none yaw(desired/cmd/rate)=(0.00/0.00/0.00) cross_track=0.00 frame_id=px4_ned path_points=0 odom_source=none cloud_source=none mavros_connected=true
[ego_planner_node-10] [FSM]: state: WAIT_TARGET
[ego_planner_node-10] wait for goal or trigger.
[offboard_waypoint_node-1] [INFO] [1786258792.049367718] [offboard_waypoint_node]: [HOLD_ERROR] position_error=0.009 velocity=0.007 state=IDLE_HOLD
[fastlio_bridge_node-2] [INFO] [1786258792.064057701] [fastlio_bridge_node]: 已桥接并转换里程计: ENU(0.02, -0.00, -0.05) -> NED(-0.02, -0.00, 0.05)
[super_planner_ros2_node-6] [INFO] [1786258792.170068734] [super_planner_ros2_node]: SUPER_ROS2 mode=NO_ODOM enable_output=false reason=NO_ODOM odom=(0.00,0.00,0.00) goal=none tracking_setpoint_enu=(0.00,0.00,0.00) setpoint_ned=none yaw(desired/cmd/rate)=(0.00/0.00/0.00) cross_track=0.00 frame_id=px4_ned path_points=0 odom_source=none cloud_source=none mavros_connected=true
[offboard_waypoint_node-1] [INFO] [1786258792.199267196] [offboard_waypoint_node]: [CONTROL_ARBITER] selected_source=safety_hold state=IDLE_HOLD
[mapping_manager_node-5] [INFO] [1786258792.326239965] [mapping_manager_node]: Mapping status: in_flight=false, map_loaded=false, map_saved=false
[ego_planner_node-10] [FSM]: state: WAIT_TARGET
[ego_planner_node-10] wait for goal or trigger.
[offboard_waypoint_node-1] [INFO] [1786258793.099430631] [offboard_waypoint_node]: [HOLD_ERROR] position_error=0.010 velocity=0.007 state=IDLE_HOLD
[super_planner_ros2_node-6] [INFO] [1786258793.170144623] [super_planner_ros2_node]: SUPER_ROS2 mode=NO_ODOM enable_output=false reason=NO_ODOM odom=(0.00,0.00,0.00) goal=none tracking_setpoint_enu=(0.00,0.00,0.00) setpoint_ned=none yaw(desired/cmd/rate)=(0.00/0.00/0.00) cross_track=0.00 frame_id=px4_ned path_points=0 odom_source=none cloud_source=none mavros_connected=true
[offboard_waypoint_node-1] [INFO] [1786258793.199350227] [offboard_waypoint_node]: [CONTROL_ARBITER] selected_source=safety_hold state=IDLE_HOLD
[ego_planner_node-10] [FSM]: state: WAIT_TARGET
[ego_planner_node-10] wait for goal or trigger.
[fastlio_bridge_node-2] [INFO] [1786258794.064361115] [fastlio_bridge_node]: 已桥接并转换里程计: ENU(0.02, -0.00, -0.05) -> NED(-0.02, -0.00, 0.05)
[offboard_waypoint_node-1] [INFO] [1786258794.099461208] [offboard_waypoint_node]: [HOLD_ERROR] position_error=0.011 velocity=0.008 state=IDLE_HOLD
[super_planner_ros2_node-6] [INFO] [1786258794.170863279] [super_planner_ros2_node]: SUPER_ROS2 mode=NO_ODOM enable_output=false reason=NO_ODOM odom=(0.00,0.00,0.00) goal=none tracking_setpoint_enu=(0.00,0.00,0.00) setpoint_ned=none yaw(desired/cmd/rate)=(0.00/0.00/0.00) cross_track=0.00 frame_id=px4_ned path_points=0 odom_source=none cloud_source=none mavros_connected=true
[offboard_waypoint_node-1] [INFO] [1786258794.199422125] [offboard_waypoint_node]: [CONTROL_ARBITER] selected_source=safety_hold state=IDLE_HOLD
[ego_planner_node-10] [FSM]: state: WAIT_TARGET
[ego_planner_node-10] wait for goal or trigger.
[offboard_waypoint_node-1] [INFO] [1786258795.149383804] [offboard_waypoint_node]: [HOLD_ERROR] position_error=0.008 velocity=0.006 state=IDLE_HOLD
[super_planner_ros2_node-6] [INFO] [1786258795.220059516] [super_planner_ros2_node]: SUPER_ROS2 mode=NO_ODOM enable_output=false reason=NO_ODOM odom=(0.00,0.00,0.00) goal=none tracking_setpoint_enu=(0.00,0.00,0.00) setpoint_ned=none yaw(desired/cmd/rate)=(0.00/0.00/0.00) cross_track=0.00 frame_id=px4_ned path_points=0 odom_source=none cloud_source=none mavros_connected=true
[offboard_waypoint_node-1] [INFO] [1786258795.249375940] [offboard_waypoint_node]: [CONTROL_ARBITER] selected_source=safety_hold state=IDLE_HOLD
[fastlio_bridge_node-2] [INFO] [1786258796.063617128] [fastlio_bridge_node]: 已桥接并转换里程计: ENU(0.02, -0.01, -0.05) -> NED(-0.02, -0.01, 0.05)
[ego_planner_node-10] [FSM]: state: WAIT_TARGET
[ego_planner_node-10] wait for goal or trigger.
[offboard_waypoint_node-1] [INFO] [1786258796.199456682] [offboard_waypoint_node]: [HOLD_ERROR] position_error=0.009 velocity=0.003 state=IDLE_HOLD
[super_planner_ros2_node-6] [INFO] [1786258796.270169444] [super_planner_ros2_node]: SUPER_ROS2 mode=NO_ODOM enable_output=false reason=NO_ODOM odom=(0.00,0.00,0.00) goal=none tracking_setpoint_enu=(0.00,0.00,0.00) setpoint_ned=none yaw(desired/cmd/rate)=(0.00/0.00/0.00) cross_track=0.00 frame_id=px4_ned path_points=0 odom_source=none cloud_source=none mavros_connected=true
[offboard_waypoint_node-1] [INFO] [1786258796.299356263] [offboard_waypoint_node]: [CONTROL_ARBITER] selected_source=safety_hold state=IDLE_HOLD
[ego_planner_node-10] [FSM]: state: WAIT_TARGET
[ego_planner_node-10] wait for goal or trigger.
[offboard_waypoint_node-1] [INFO] [1786258797.249318605] [offboard_waypoint_node]: [HOLD_ERROR] position_error=0.008 velocity=0.001 state=IDLE_HOLD
[super_planner_ros2_node-6] [INFO] [1786258797.270340912] [super_planner_ros2_node]: SUPER_ROS2 mode=NO_ODOM enable_output=false reason=NO_ODOM odom=(0.00,0.00,0.00) goal=none tracking_setpoint_enu=(0.00,0.00,0.00) setpoint_ned=none yaw(desired/cmd/rate)=(0.00/0.00/0.00) cross_track=0.00 frame_id=px4_ned path_points=0 odom_source=none cloud_source=none mavros_connected=true
[offboard_waypoint_node-1] [INFO] [1786258797.299492370] [offboard_waypoint_node]: [CONTROL_ARBITER] selected_source=safety_hold state=IDLE_HOLD
[fastlio_bridge_node-2] [INFO] [1786258798.064168928] [fastlio_bridge_node]: 已桥接并转换里程计: ENU(0.02, -0.01, -0.05) -> NED(-0.02, -0.01, 0.05)
[ego_planner_node-10] [FSM]: state: WAIT_TARGET
[ego_planner_node-10] wait for goal or trigger.
[offboard_waypoint_node-1] [INFO] [1786258798.249383394] [offboard_waypoint_node]: [HOLD_ERROR] position_error=0.006 velocity=0.004 state=IDLE_HOLD
[super_planner_ros2_node-6] [INFO] [1786258798.320363869] [super_planner_ros2_node]: SUPER_ROS2 mode=NO_ODOM enable_output=false reason=NO_ODOM odom=(0.00,0.00,0.00) goal=none tracking_setpoint_enu=(0.00,0.00,0.00) setpoint_ned=none yaw(desired/cmd/rate)=(0.00/0.00/0.00) cross_track=0.00 frame_id=px4_ned path_points=0 odom_source=none cloud_source=none mavros_connected=true
[offboard_waypoint_node-1] [INFO] [1786258798.349520962] [offboard_waypoint_node]: [CONTROL_ARBITER] selected_source=safety_hold state=IDLE_HOLD
[ego_planner_node-10] [FSM]: state: WAIT_TARGET
[ego_planner_node-10] wait for goal or trigger.
[offboard_waypoint_node-1] [INFO] [1786258799.299371137] [offboard_waypoint_node]: [HOLD_ERROR] position_error=0.007 velocity=0.004 state=IDLE_HOLD
[super_planner_ros2_node-6] [INFO] [1786258799.370370619] [super_planner_ros2_node]: SUPER_ROS2 mode=NO_ODOM enable_output=false reason=NO_ODOM odom=(0.00,0.00,0.00) goal=none tracking_setpoint_enu=(0.00,0.00,0.00) setpoint_ned=none yaw(desired/cmd/rate)=(0.00/0.00/0.00) cross_track=0.00 frame_id=px4_ned path_points=0 odom_source=none cloud_source=none mavros_connected=true
[offboard_waypoint_node-1] [INFO] [1786258799.399361146] [offboard_waypoint_node]: [CONTROL_ARBITER] selected_source=safety_hold state=IDLE_HOLD
[fastlio_bridge_node-2] [INFO] [1786258800.063925269] [fastlio_bridge_node]: 已桥接并转换里程计: ENU(0.02, -0.00, -0.05) -> NED(-0.02, -0.00, 0.05)
[ego_planner_node-10] [FSM]: state: WAIT_TARGET
[ego_planner_node-10] wait for goal or trigger.
[offboard_waypoint_node-1] [INFO] [1786258800.299428259] [offboard_waypoint_node]: [HOLD_ERROR] position_error=0.006 velocity=0.004 state=IDLE_HOLD
[offboard_waypoint_node-1] [INFO] [1786258800.399409409] [offboard_waypoint_node]: [CONTROL_ARBITER] selected_source=safety_hold state=IDLE_HOLD
[super_planner_ros2_node-6] [INFO] [1786258800.420143672] [super_planner_ros2_node]: SUPER_ROS2 mode=NO_ODOM enable_output=false reason=NO_ODOM odom=(0.00,0.00,0.00) goal=none tracking_setpoint_enu=(0.00,0.00,0.00) setpoint_ned=none yaw(desired/cmd/rate)=(0.00/0.00/0.00) cross_track=0.00 frame_id=px4_ned path_points=0 odom_source=none cloud_source=none mavros_connected=true
[ego_planner_node-10] [FSM]: state: WAIT_TARGET
[ego_planner_node-10] wait for goal or trigger.
[offboard_waypoint_node-1] [INFO] [1786258801.349546171] [offboard_waypoint_node]: [HOLD_ERROR] position_error=0.008 velocity=0.008 state=IDLE_HOLD
[super_planner_ros2_node-6] [INFO] [1786258801.420363530] [super_planner_ros2_node]: SUPER_ROS2 mode=NO_ODOM enable_output=false reason=NO_ODOM odom=(0.00,0.00,0.00) goal=none tracking_setpoint_enu=(0.00,0.00,0.00) setpoint_ned=none yaw(desired/cmd/rate)=(0.00/0.00/0.00) cross_track=0.00 frame_id=px4_ned path_points=0 odom_source=none cloud_source=none mavros_connected=true
[offboard_waypoint_node-1] [INFO] [1786258801.449394802] [offboard_waypoint_node]: [CONTROL_ARBITER] selected_source=safety_hold state=IDLE_HOLD
[fastlio_bridge_node-2] [INFO] [1786258802.064476481] [fastlio_bridge_node]: 已桥接并转换里程计: ENU(0.02, -0.00, -0.05) -> NED(-0.02, -0.00, 0.05)
[ego_planner_node-10] [FSM]: state: WAIT_TARGET
[ego_planner_node-10] wait for goal or trigger.
[offboard_waypoint_node-1] [INFO] [1786258802.399783783] [offboard_waypoint_node]: [HOLD_ERROR] position_error=0.011 velocity=0.011 state=IDLE_HOLD
[offboard_waypoint_node-1] [INFO] [1786258802.449399928] [offboard_waypoint_node]: [CONTROL_ARBITER] selected_source=safety_hold state=IDLE_HOLD
[super_planner_ros2_node-6] [INFO] [1786258802.470411624] [super_planner_ros2_node]: SUPER_ROS2 mode=NO_ODOM enable_output=false reason=NO_ODOM odom=(0.00,0.00,0.00) goal=none tracking_setpoint_enu=(0.00,0.00,0.00) setpoint_ned=none yaw(desired/cmd/rate)=(0.00/0.00/0.00) cross_track=0.00 frame_id=px4_ned path_points=0 odom_source=none cloud_source=none mavros_connected=true
[ego_planner_node-10] [FSM]: state: WAIT_TARGET
[ego_planner_node-10] wait for goal or trigger.
[offboard_waypoint_node-1] [INFO] [1786258803.449406200] [offboard_waypoint_node]: [HOLD_ERROR] position_error=0.010 velocity=0.008 state=IDLE_HOLD
[offboard_waypoint_node-1] [INFO] [1786258803.449500281] [offboard_waypoint_node]: [CONTROL_ARBITER] selected_source=safety_hold state=IDLE_HOLD
[super_planner_ros2_node-6] [INFO] [1786258803.470434315] [super_planner_ros2_node]: SUPER_ROS2 mode=NO_ODOM enable_output=false reason=NO_ODOM odom=(0.00,0.00,0.00) goal=none tracking_setpoint_enu=(0.00,0.00,0.00) setpoint_ned=none yaw(desired/cmd/rate)=(0.00/0.00/0.00) cross_track=0.00 frame_id=px4_ned path_points=0 odom_source=none cloud_source=none mavros_connected=true
[fastlio_bridge_node-2] [INFO] [1786258804.064224135] [fastlio_bridge_node]: 已桥接并转换里程计: ENU(0.02, -0.01, -0.05) -> NED(-0.02, -0.01, 0.05)
[ego_planner_node-10] [FSM]: state: WAIT_TARGET
[ego_planner_node-10] wait for goal or trigger.
[offboard_waypoint_node-1] [INFO] [1786258804.499351183] [offboard_waypoint_node]: [HOLD_ERROR] position_error=0.008 velocity=0.001 state=IDLE_HOLD
[offboard_waypoint_node-1] [INFO] [1786258804.499534477] [offboard_waypoint_node]: [CONTROL_ARBITER] selected_source=safety_hold state=IDLE_HOLD
[super_planner_ros2_node-6] [INFO] [1786258804.520208356] [super_planner_ros2_node]: SUPER_ROS2 mode=NO_ODOM enable_output=false reason=NO_ODOM odom=(0.00,0.00,0.00) goal=none tracking_setpoint_enu=(0.00,0.00,0.00) setpoint_ned=none yaw(desired/cmd/rate)=(0.00/0.00/0.00) cross_track=0.00 frame_id=px4_ned path_points=0 odom_source=none cloud_source=none mavros_connected=true
[ego_planner_node-10] [FSM]: state: WAIT_TARGET
[ego_planner_node-10] wait for goal or trigger.
[offboard_waypoint_node-1] [INFO] [1786258805.549337651] [offboard_waypoint_node]: [HOLD_ERROR] position_error=0.003 velocity=0.005 state=IDLE_HOLD
[offboard_waypoint_node-1] [INFO] [1786258805.549506089] [offboard_waypoint_node]: [CONTROL_ARBITER] selected_source=safety_hold state=IDLE_HOLD
[super_planner_ros2_node-6] [INFO] [1786258805.570161731] [super_planner_ros2_node]: SUPER_ROS2 mode=NO_ODOM enable_output=false reason=NO_ODOM odom=(0.00,0.00,0.00) goal=none tracking_setpoint_enu=(0.00,0.00,0.00) setpoint_ned=none yaw(desired/cmd/rate)=(0.00/0.00/0.00) cross_track=0.00 frame_id=px4_ned path_points=0 odom_source=none cloud_source=none mavros_connected=true
[fastlio_bridge_node-2] [INFO] [1786258806.064399756] [fastlio_bridge_node]: 已桥接并转换里程计: ENU(0.02, -0.01, -0.04) -> NED(-0.02, -0.01, 0.04)
[ego_planner_node-10] [FSM]: state: WAIT_TARGET
[ego_planner_node-10] wait for goal or trigger.
