Navigation backend: ego-shadow
Mission sequencer:  false
Map file:           <disabled for validation>
Map auto-load:      false
Recognition:        false
Navigation output:  false
[INFO] [launch]: All log files can be found below /home/robot/.ros/log/2026-08-09-15-51-05-765905-robot-57684
[INFO] [launch]: Default logging verbosity is set to INFO
[INFO] [launch.user]: [TUNING_FILE]
[INFO] [launch.user]: path=/home/robot/rong_ws/ws_offboard_control/install/race_bringup/share/race_bringup/config/astar_ego_tuning.yaml
[INFO] [launch.user]: schema_version=1
[INFO] [launch.user]: [EGO_MAP_SOURCE]
[INFO] [launch.user]: ego_map_source=static_live_px4
[INFO] [launch.user]: [EGO_MAP_TUNING]
[INFO] [launch.user]: {'live_obstacle_memory_sec': 1.0, 'live_obstacle_voxel_size_m': 0.1, 'live_obstacle_min_observations': 2, 'minimum_reliable_detection_range_m': 0.725, 'pose_sync_max_skew_sec': 0.3, 'pose_buffer_duration_sec': 1.0}
[INFO] [launch.user]: [SHARED_BOUNDS]
[INFO] [launch.user]: x=[-0.85,11.9] y=[-1.3,12.4] z=[0.5,0.85] margin=0.15
[INFO] [launch.user]: [GLOBAL_PLANNER_TUNING]
[INFO] [launch.user]: {'grid_resolution': 0.15, 'planning_resolution': 0.05, 'hard_inflation_radius': 0.28, 'min_planning_inflation_radius': 0.28, 'soft_obstacle_cost_radius': 0.54, 'clearance_cost_weight': 3.0, 'tracking_lookahead_distance': 0.3, 'max_local_goal_distance': 1.7, 'smoothing_min_clearance': 0.1, 'allow_direct_path': False, 'enable_path_shortcut': False}
[INFO] [launch.user]: [EGO_TUNING]
[INFO] [launch.user]: {'planning_horizon': 5.0, 'local_update_range_x': 6.0, 'local_update_range_y': 6.0, 'local_update_range_z': 1.25, 'occupancy_map_size_x': 24.0, 'occupancy_map_size_y': 26.0, 'occupancy_publish_max_height': 2.5, 'max_velocity': 0.6, 'max_acceleration': 0.8, 'control_point_spacing': 0.25, 'planning_clearance_m': 0.34, 'constrained_clearance_enable': False, 'constrained_clearance_m': 0.24, 'constrained_optimization_clearance_m': 0.3, 'far_end_clearance_extra_m': 0.06, 'optimization_clearance_m': 0.42, 'max_reference_deviation_m': 0.8, 'use_distinctive_trajectories': True, 'replan_start_position_error_m': 0.25, 'handover_position_tolerance_m': 0.01, 'handover_velocity_tolerance_mps': 0.005, 'handover_acceleration_tolerance_mps2': 0.01, 'fixed_flight_height': 0.78}
[INFO] [launch.user]: [BRIDGE_TUNING]
[INFO] [launch.user]: {'occupancy_timeout_sec': 1.0, 'active_recheck_history_sec': 0.5, 'bspline_timeout_sec': 0.2, 'command_timeout_sec': 0.2, 'dynamic_invalid_grace_sec': 0.75, 'replan_hold_timeout_sec': 3.0, 'collision_sample_spacing_m': 0.04, 'braking_deceleration_mps2': 0.8, 'reaction_time_sec': 0.15, 'dynamic_limit_margin': 1.1, 'max_yaw_rate_rad_s': 0.8}
[INFO] [launch.user]: [OFFBOARD_TUNING]
[INFO] [launch.user]: {'takeoff_height_m': 0.55, 'ego_goal_release_height_m': 0.5, 'ego_goal_stable_height_tolerance_m': 0.05, 'ego_goal_stable_horizontal_speed_mps': 0.08, 'ego_goal_stable_vertical_speed_mps': 0.05, 'ego_goal_stable_duration_sec': 0.5, 'fixed_flight_height_m': 0.78, 'max_safe_height_m': 0.85, 'goal_tolerance_xy_m': 0.1, 'goal_tolerance_z_m': 0.05, 'setpoint_rate_hz': 20.0, 'trusted_position_max_speed_mps': 4.0, 'trusted_position_jump_allowance_m': 0.4, 'ego_setpoint_max_lead_m': 2.0, 'ego_setpoint_timeout_sec': 2.5, 'same_goal_retry_on_safety_latch': True, 'ego_yaw_rate_limit_rad_s': 0.8, 'initial_position_stabilization_sec': 0.5, 'initial_position_max_spread_m': 0.08, 'initial_position_max_speed_mps': 0.2}
[INFO] [offboard_waypoint_node-1]: process started with pid [57722]
[INFO] [fastlio_bridge_node-2]: process started with pid [57724]
[INFO] [frame_transform_node-3]: process started with pid [57726]
[INFO] [map_io_node-4]: process started with pid [57728]
[INFO] [mapping_manager_node-5]: process started with pid [57730]
[INFO] [super_planner_ros2_node-6]: process started with pid [57732]
[INFO] [race_ego_odom_bridge-7]: process started with pid [57734]
[INFO] [race_ego_cloud_bridge-8]: process started with pid [57736]
[INFO] [race_ego_goal_bridge-9]: process started with pid [57738]
[INFO] [ego_planner_node-10]: process started with pid [57740]
[INFO] [traj_server-11]: process started with pid [57742]
[INFO] [race_ego_trajectory_bridge-12]: process started with pid [57744]
[mapping_manager_node-5] [INFO] [1786261865.927135212] [mapping_manager_node]: mapping_manager_node started
[mapping_manager_node-5] [INFO] [1786261865.928179419] [mapping_manager_node]:   auto_load_on_start: false
[mapping_manager_node-5] [INFO] [1786261865.928219316] [mapping_manager_node]:   auto_save_on_land: true
[frame_transform_node-3] [INFO] [1786261865.940357863] [frame_transform_node]: frame_transform_node started
[frame_transform_node-3] [INFO] [1786261865.940447929] [frame_transform_node]:   Published static TF: map -> odom (identity)
[frame_transform_node-3] [INFO] [1786261865.940455254] [frame_transform_node]:   Published static TF: camera_init -> map (identity, RViz display only)
[offboard_waypoint_node-1] [INFO] [1786261865.947330626] [offboard_waypoint_node]: Offboard adapter: control_source=navigation navigation_topic=/race/navigation_setpoint ego_topic=/race/ego/trajectory_setpoint frame=px4_ned timeout=0.80s ego_timeout=0.20s height=[0.50, 0.85]m warmup=1.0s stabilization=3.0s takeoff_complete=0.55m strict_health=false
[offboard_waypoint_node-1] [INFO] [1786261865.947461327] [offboard_waypoint_node]: [PLANNER_SOURCE] backend=navigation
[offboard_waypoint_node-1] [INFO] [1786261865.947468598] [offboard_waypoint_node]: [TRAJECTORY_SOURCE] selected=navigation timeout=2.50s
[race_ego_trajectory_bridge-12] [INFO] [1786261865.957009495] [race_ego_trajectory_bridge]: [BRIDGE_CLEARANCE_THRESHOLD] hard_clearance=0.290000000
[race_ego_trajectory_bridge-12] [INFO] [1786261865.957281430] [race_ego_trajectory_bridge]: [BRIDGE_BRAKING_CONTRACT] max_speed=0.600 deceleration=0.800 reaction=0.150 clearance=0.290 braking_horizon=0.605 detection_range=0.725
[map_io_node-4] [INFO] [1786261865.961407591] [map_io_node]: map_io_node started
[map_io_node-4] [INFO] [1786261865.961592807] [map_io_node]:   map_file: /home/robot/rong_ws/ws_offboard_control/maps/fastlio_global_3d/GlobalMap.pcd
[map_io_node-4] [INFO] [1786261865.961601833] [map_io_node]:   publish_topic: /saved_map
[map_io_node-4] [INFO] [1786261865.961606300] [map_io_node]:   display_leaf_size: 0.10 m
[map_io_node-4] [INFO] [1786261865.961613857] [map_io_node]:   max_display_points: 3000000
[fastlio_bridge_node-2] [INFO] [1786261865.961635326] [fastlio_bridge_node]: FAST-LIO2 里程计桥接已启动：订阅 /Odometry -> /race/odom, /race/pose
[race_ego_cloud_bridge-8] [INFO] [1786261865.963033889] [race_ego_cloud_bridge]: EGO cloud bridge: source=static_live_px4 input=/saved_map+/fast_lio/cloud_registered_body output=/race/ego/cloud required_frame=map frame_transform=px4_pose_projection
[race_ego_odom_bridge-7] [INFO] [1786261865.975426767] [race_ego_odom_bridge]: EGO odom bridge: /mavros/local_position/odom -> /race/ego/odom frame=map conversion=enuToMap(-y,x,z) strict=false
[race_ego_trajectory_bridge-12] [INFO] [1786261865.979731648] [race_ego_trajectory_bridge]: [EGO_STATUS] state=WAIT_MAP control_enabled=false map=missing odom=missing goal=missing trajectory=missing
[super_planner_ros2_node-6] [INFO] [1786261865.996979333] [super_planner_ros2_node]: MODE_INIT enable_output=false setpoint_topic=/race/navigation_setpoint setpoint_frame=px4_ned control_rate=20.0 replan_rate=2.0 tracking_lookahead=0.30 heading_lookahead=0.80 max_yaw_rate=1.00 odom_topic=/mavros/local_position/odom odom_input_frame=map_enu require_mavros_connected=false mavros_state_topic=/mavros/state cloud_topic=/saved_map PLANNER_INTERNAL_FRAME=map hard_inflation=0.28 soft_cost_radius=0.54 clearance_cost_weight=3.00 smoothing=true method=chaikin iterations=2 sample_resolution=0.10 allow_direct_path=false enable_path_shortcut=false
[super_planner_ros2_node-6] [INFO] [1786261865.997064688] [super_planner_ros2_node]: GLOBAL_MODE global_only=false control_output=false global_path=/race/global_path local_goal=/race/ego/local_goal
[super_planner_ros2_node-6] [INFO] [1786261865.997069693] [super_planner_ros2_node]: [SUPER_MODE] global_only=false max_planning_distance=9.000 segment_chaining=false
[super_planner_ros2_node-6] [INFO] [1786261865.997073321] [super_planner_ros2_node]: [SUPER_DIRECT_MODE] enabled=false
[super_planner_ros2_node-6] [INFO] [1786261865.997076106] [super_planner_ros2_node]: [SHARED_BOUNDS] x=[-0.85,11.90] y=[-1.30,12.40] z=[0.50,0.85] margin=0.15
[offboard_waypoint_node-1] [INFO] [1786261865.997452947] [offboard_waypoint_node]: [CONTROL_ARBITER] selected_source=safety_hold state=WAITING_FOR_ODOM
[ego_planner_node-10] [INFO] [1786261866.019367999] [race_ego_planner]: [EGO_RECOVERY_GEOMETRY_CONFIG] search_distance=0.600 minimum_forward_progress=0.150 extra_clearance=0.060 max_reference_deviation=0.780 max_lateral_offset=0.750 lateral_offset_step=0.150
[ego_planner_node-10] [INFO] [1786261866.024438796] [race_ego_planner]: [EGO_HANDOVER_TOLERANCE] position_m=0.010 velocity_mps=0.005 acceleration_mps2=0.010
[ego_planner_node-10] [INFO] [1786261866.024484277] [race_ego_planner]: [EGO_REFERENCE_GEOMETRY_LIMIT] max_reference_deviation_m=0.800
[ego_planner_node-10] [INFO] [1786261866.025682358] [race_ego_planner]: [EGO_OCCUPANCY_SAFETY_MODEL] required_center_clearance=0.290 planning_clearance=0.340 resolution=0.150 coarse_inflation_steps=2 coarse_voxel_clearance=0.300 continuous_query=true
[ego_planner_node-10] hit: 0.619039
[ego_planner_node-10] miss: -0.619039
[ego_planner_node-10] min log: -1.99243
[ego_planner_node-10] max: 2.19722
[ego_planner_node-10] thresh log: 1.38629
[ego_planner_node-10] [INFO] [1786261866.032911842] [race_ego_planner]: [EGO_OBSTACLE_CLEARANCE_CONTRACT] required_center_clearance=0.290000000 planning_clearance=0.340000000 optimization_target_clearance=0.420000000 far_end_clearance_extra=0.060000000 far_end_target_clearance=0.480000000 collision_weight=1.200000000 valid=true
[ego_planner_node-10] [INFO] [1786261866.032974667] [race_ego_planner]: [EGO_ACTIVE_OPTIMIZATION_TERMS] smoothness=true obstacle=true feasibility=true reference=false endpoint=true smoothness_weight=1.000000 obstacle_weight=1.200000 feasibility_weight=0.400000 reference_weight=0.000000 configured_fitness_weight=1.000000 obstacle_clearance=0.420000
[super_planner_ros2_node-6] [INFO] [1786261866.047433458] [super_planner_ros2_node]: SUPER_ROS2 mode=NO_ODOM enable_output=false reason=NO_ODOM odom=(0.00,0.00,0.00) goal=none tracking_setpoint_enu=(0.00,0.00,0.00) setpoint_ned=none yaw(desired/cmd/rate)=(0.00/0.00/0.00) cross_track=0.00 frame_id=px4_ned path_points=0 odom_source=none cloud_source=none mavros_connected=false
[ego_planner_node-10] [INFO] [1786261866.074069226] [race_ego_planner]: [EGO_CONSTRAINED_CLEARANCE_CONFIG] enabled=false normal=0.340 constrained=0.240 optimization=0.300
[ego_planner_node-10] [INFO] [1786261866.075825151] [race_ego_planner]: single drone:-1
[traj_server-11] [WARN] [1786261866.934863130] [race_ego_traj_server]: [Traj server]: ready.
[offboard_waypoint_node-1] [INFO] [1786261867.047409337] [offboard_waypoint_node]: [CONTROL_ARBITER] selected_source=safety_hold state=WAITING_FOR_ODOM
[ego_planner_node-10] [FSM]: state: INIT
[ego_planner_node-10] no odom.
[ego_planner_node-10] wait for goal or trigger.
[super_planner_ros2_node-6] [INFO] [1786261867.097185924] [super_planner_ros2_node]: SUPER_ROS2 mode=NO_ODOM enable_output=false reason=NO_ODOM odom=(0.00,0.00,0.00) goal=none tracking_setpoint_enu=(0.00,0.00,0.00) setpoint_ned=none yaw(desired/cmd/rate)=(0.00/0.00/0.00) cross_track=0.00 frame_id=px4_ned path_points=0 odom_source=none cloud_source=none mavros_connected=false
[offboard_waypoint_node-1] [INFO] [1786261868.047418876] [offboard_waypoint_node]: [CONTROL_ARBITER] selected_source=safety_hold state=WAITING_FOR_ODOM
[super_planner_ros2_node-6] [INFO] [1786261868.097209880] [super_planner_ros2_node]: SUPER_ROS2 mode=NO_ODOM enable_output=false reason=NO_ODOM odom=(0.00,0.00,0.00) goal=none tracking_setpoint_enu=(0.00,0.00,0.00) setpoint_ned=none yaw(desired/cmd/rate)=(0.00/0.00/0.00) cross_track=0.00 frame_id=px4_ned path_points=0 odom_source=none cloud_source=none mavros_connected=false
[ego_planner_node-10] [FSM]: state: INIT
[ego_planner_node-10] no odom.
[ego_planner_node-10] wait for goal or trigger.
[offboard_waypoint_node-1] [INFO] [1786261869.097430668] [offboard_waypoint_node]: [CONTROL_ARBITER] selected_source=safety_hold state=WAITING_FOR_ODOM
[ego_planner_node-10] [FSM]: state: INIT
[ego_planner_node-10] no odom.
[ego_planner_node-10] wait for goal or trigger.
[super_planner_ros2_node-6] [INFO] [1786261869.147250376] [super_planner_ros2_node]: SUPER_ROS2 mode=NO_ODOM enable_output=false reason=NO_ODOM odom=(0.00,0.00,0.00) goal=none tracking_setpoint_enu=(0.00,0.00,0.00) setpoint_ned=none yaw(desired/cmd/rate)=(0.00/0.00/0.00) cross_track=0.00 frame_id=px4_ned path_points=0 odom_source=none cloud_source=none mavros_connected=false
[ego_planner_node-10] [FSM]: state: INIT
[ego_planner_node-10] no odom.
[ego_planner_node-10] wait for goal or trigger.
[offboard_waypoint_node-1] [INFO] [1786261870.147421865] [offboard_waypoint_node]: [CONTROL_ARBITER] selected_source=safety_hold state=WAITING_FOR_ODOM
[super_planner_ros2_node-6] [INFO] [1786261870.197217652] [super_planner_ros2_node]: SUPER_ROS2 mode=NO_ODOM enable_output=false reason=NO_ODOM odom=(0.00,0.00,0.00) goal=none tracking_setpoint_enu=(0.00,0.00,0.00) setpoint_ned=none yaw(desired/cmd/rate)=(0.00/0.00/0.00) cross_track=0.00 frame_id=px4_ned path_points=0 odom_source=none cloud_source=none mavros_connected=false
[ego_planner_node-10] [FSM]: state: INIT
[ego_planner_node-10] no odom.
[ego_planner_node-10] wait for goal or trigger.
[offboard_waypoint_node-1] [INFO] [1786261871.147523521] [offboard_waypoint_node]: [CONTROL_ARBITER] selected_source=safety_hold state=WAITING_FOR_ODOM
[super_planner_ros2_node-6] [INFO] [1786261871.197272158] [super_planner_ros2_node]: SUPER_ROS2 mode=NO_ODOM enable_output=false reason=NO_ODOM odom=(0.00,0.00,0.00) goal=none tracking_setpoint_enu=(0.00,0.00,0.00) setpoint_ned=none yaw(desired/cmd/rate)=(0.00/0.00/0.00) cross_track=0.00 frame_id=px4_ned path_points=0 odom_source=none cloud_source=none mavros_connected=false
[ego_planner_node-10] [FSM]: state: INIT
[ego_planner_node-10] no odom.
[ego_planner_node-10] wait for goal or trigger.
[offboard_waypoint_node-1] [INFO] [1786261872.197484520] [offboard_waypoint_node]: [CONTROL_ARBITER] selected_source=safety_hold state=WAITING_FOR_ODOM
[super_planner_ros2_node-6] [INFO] [1786261872.247300588] [super_planner_ros2_node]: SUPER_ROS2 mode=NO_ODOM enable_output=false reason=NO_ODOM odom=(0.00,0.00,0.00) goal=none tracking_setpoint_enu=(0.00,0.00,0.00) setpoint_ned=none yaw(desired/cmd/rate)=(0.00/0.00/0.00) cross_track=0.00 frame_id=px4_ned path_points=0 odom_source=none cloud_source=none mavros_connected=false
[ego_planner_node-10] [FSM]: state: INIT
[ego_planner_node-10] no odom.
[ego_planner_node-10] wait for goal or trigger.
[super_planner_ros2_node-6] [INFO] [1786261873.247357914] [super_planner_ros2_node]: SUPER_ROS2 mode=NO_ODOM enable_output=false reason=NO_ODOM odom=(0.00,0.00,0.00) goal=none tracking_setpoint_enu=(0.00,0.00,0.00) setpoint_ned=none yaw(desired/cmd/rate)=(0.00/0.00/0.00) cross_track=0.00 frame_id=px4_ned path_points=0 odom_source=none cloud_source=none mavros_connected=false
[offboard_waypoint_node-1] [INFO] [1786261873.247542699] [offboard_waypoint_node]: [CONTROL_ARBITER] selected_source=safety_hold state=WAITING_FOR_ODOM
[ego_planner_node-10] [FSM]: state: INIT
[ego_planner_node-10] no odom.
[ego_planner_node-10] wait for goal or trigger.
[super_planner_ros2_node-6] [INFO] [1786261874.247375072] [super_planner_ros2_node]: SUPER_ROS2 mode=NO_ODOM enable_output=false reason=NO_ODOM odom=(0.00,0.00,0.00) goal=none tracking_setpoint_enu=(0.00,0.00,0.00) setpoint_ned=none yaw(desired/cmd/rate)=(0.00/0.00/0.00) cross_track=0.00 frame_id=px4_ned path_points=0 odom_source=none cloud_source=none mavros_connected=false
[offboard_waypoint_node-1] [INFO] [1786261874.247593441] [offboard_waypoint_node]: [CONTROL_ARBITER] selected_source=safety_hold state=WAITING_FOR_ODOM
[ego_planner_node-10] [FSM]: state: INIT
[ego_planner_node-10] no odom.
[ego_planner_node-10] wait for goal or trigger.
[super_planner_ros2_node-6] [INFO] [1786261875.247451996] [super_planner_ros2_node]: SUPER_ROS2 mode=NO_ODOM enable_output=false reason=NO_ODOM odom=(0.00,0.00,0.00) goal=none tracking_setpoint_enu=(0.00,0.00,0.00) setpoint_ned=none yaw(desired/cmd/rate)=(0.00/0.00/0.00) cross_track=0.00 frame_id=px4_ned path_points=0 odom_source=none cloud_source=none mavros_connected=false
[offboard_waypoint_node-1] [INFO] [1786261875.247947256] [offboard_waypoint_node]: [CONTROL_ARBITER] selected_source=safety_hold state=WAITING_FOR_ODOM
[ego_planner_node-10] [FSM]: state: INIT
[ego_planner_node-10] no odom.
[ego_planner_node-10] wait for goal or trigger.
[super_planner_ros2_node-6] [INFO] [1786261876.247481060] [super_planner_ros2_node]: SUPER_ROS2 mode=NO_ODOM enable_output=false reason=NO_ODOM odom=(0.00,0.00,0.00) goal=none tracking_setpoint_enu=(0.00,0.00,0.00) setpoint_ned=none yaw(desired/cmd/rate)=(0.00/0.00/0.00) cross_track=0.00 frame_id=px4_ned path_points=0 odom_source=none cloud_source=none mavros_connected=false
[offboard_waypoint_node-1] [INFO] [1786261876.297521006] [offboard_waypoint_node]: [CONTROL_ARBITER] selected_source=safety_hold state=WAITING_FOR_ODOM
[ego_planner_node-10] [FSM]: state: INIT
[ego_planner_node-10] no odom.
[ego_planner_node-10] wait for goal or trigger.
[super_planner_ros2_node-6] [INFO] [1786261877.297466036] [super_planner_ros2_node]: SUPER_ROS2 mode=NO_ODOM enable_output=false reason=NO_ODOM odom=(0.00,0.00,0.00) goal=none tracking_setpoint_enu=(0.00,0.00,0.00) setpoint_ned=none yaw(desired/cmd/rate)=(0.00/0.00/0.00) cross_track=0.00 frame_id=px4_ned path_points=0 odom_source=none cloud_source=none mavros_connected=false
[offboard_waypoint_node-1] [INFO] [1786261877.297699234] [offboard_waypoint_node]: [CONTROL_ARBITER] selected_source=safety_hold state=WAITING_FOR_ODOM
[ego_planner_node-10] [FSM]: state: INIT
[ego_planner_node-10] no odom.
[ego_planner_node-10] wait for goal or trigger.
[super_planner_ros2_node-6] [INFO] [1786261878.347343721] [super_planner_ros2_node]: SUPER_ROS2 mode=NO_ODOM enable_output=false reason=NO_ODOM odom=(0.00,0.00,0.00) goal=none tracking_setpoint_enu=(0.00,0.00,0.00) setpoint_ned=none yaw(desired/cmd/rate)=(0.00/0.00/0.00) cross_track=0.00 frame_id=px4_ned path_points=0 odom_source=none cloud_source=none mavros_connected=false
[offboard_waypoint_node-1] [INFO] [1786261878.347596648] [offboard_waypoint_node]: [CONTROL_ARBITER] selected_source=safety_hold state=WAITING_FOR_ODOM
[ego_planner_node-10] [FSM]: state: INIT
[ego_planner_node-10] no odom.
[ego_planner_node-10] wait for goal or trigger.
[super_planner_ros2_node-6] [INFO] [1786261879.347463072] [super_planner_ros2_node]: SUPER_ROS2 mode=NO_ODOM enable_output=false reason=NO_ODOM odom=(0.00,0.00,0.00) goal=none tracking_setpoint_enu=(0.00,0.00,0.00) setpoint_ned=none yaw(desired/cmd/rate)=(0.00/0.00/0.00) cross_track=0.00 frame_id=px4_ned path_points=0 odom_source=none cloud_source=none mavros_connected=false
[offboard_waypoint_node-1] [INFO] [1786261879.397610854] [offboard_waypoint_node]: [CONTROL_ARBITER] selected_source=safety_hold state=WAITING_FOR_ODOM
[ego_planner_node-10] [FSM]: state: INIT
[ego_planner_node-10] no odom.
[ego_planner_node-10] wait for goal or trigger.
[super_planner_ros2_node-6] [INFO] [1786261880.397377389] [super_planner_ros2_node]: SUPER_ROS2 mode=NO_ODOM enable_output=false reason=NO_ODOM odom=(0.00,0.00,0.00) goal=none tracking_setpoint_enu=(0.00,0.00,0.00) setpoint_ned=none yaw(desired/cmd/rate)=(0.00/0.00/0.00) cross_track=0.00 frame_id=px4_ned path_points=0 odom_source=none cloud_source=none mavros_connected=false
[offboard_waypoint_node-1] [INFO] [1786261880.447685455] [offboard_waypoint_node]: [CONTROL_ARBITER] selected_source=safety_hold state=WAITING_FOR_ODOM
[ego_planner_node-10] [FSM]: state: INIT
[ego_planner_node-10] no odom.
[ego_planner_node-10] wait for goal or trigger.
[super_planner_ros2_node-6] [INFO] [1786261881.397869479] [super_planner_ros2_node]: SUPER_ROS2 mode=NO_ODOM enable_output=false reason=NO_ODOM odom=(0.00,0.00,0.00) goal=none tracking_setpoint_enu=(0.00,0.00,0.00) setpoint_ned=none yaw(desired/cmd/rate)=(0.00/0.00/0.00) cross_track=0.00 frame_id=px4_ned path_points=0 odom_source=none cloud_source=none mavros_connected=false
[offboard_waypoint_node-1] [INFO] [1786261881.447828023] [offboard_waypoint_node]: [CONTROL_ARBITER] selected_source=safety_hold state=WAITING_FOR_ODOM
[ego_planner_node-10] [FSM]: state: INIT
[ego_planner_node-10] no odom.
[ego_planner_node-10] wait for goal or trigger.
[super_planner_ros2_node-6] [INFO] [1786261882.447414903] [super_planner_ros2_node]: SUPER_ROS2 mode=NO_ODOM enable_output=false reason=NO_ODOM odom=(0.00,0.00,0.00) goal=none tracking_setpoint_enu=(0.00,0.00,0.00) setpoint_ned=none yaw(desired/cmd/rate)=(0.00/0.00/0.00) cross_track=0.00 frame_id=px4_ned path_points=0 odom_source=none cloud_source=none mavros_connected=false
[offboard_waypoint_node-1] [INFO] [1786261882.497688914] [offboard_waypoint_node]: [CONTROL_ARBITER] selected_source=safety_hold state=WAITING_FOR_ODOM
[super_planner_ros2_node-6] [WARN] [1786261882.793876815] [super_planner_ros2_node]: MAVROS reports connected=false; FCU link is down.
[super_planner_ros2_node-6] [WARN] [1786261883.147323681] [super_planner_ros2_node]: Using odom source: /mavros/local_position/odom odom_input_frame=map_enu planner_enu=(-1.39, -1.25, 0.24)
[offboard_waypoint_node-1] [WARN] [1786261883.147385531] [offboard_waypoint_node]: [POSE_WAIT] no local velocity sample yet on /mavros/local_position/velocity_local
[ego_planner_node-10] [FSM]: from INIT to WAIT_TARGET
[ego_planner_node-10] [FSM]: state: WAIT_TARGET
[ego_planner_node-10] wait for goal or trigger.
[super_planner_ros2_node-6] [INFO] [1786261883.497386548] [super_planner_ros2_node]: SUPER_ROS2 mode=IDLE enable_output=false reason=NO_GOAL odom=(-1.39,-1.25,0.24) goal=none tracking_setpoint_enu=(-1.39,-1.25,0.78) setpoint_ned=none yaw(desired/cmd/rate)=(0.00/0.00/0.00) cross_track=0.00 frame_id=px4_ned path_points=0 odom_source=/mavros/local_position/odom cloud_source=none mavros_connected=false
[offboard_waypoint_node-1] [INFO] [1786261883.547673721] [offboard_waypoint_node]: [CONTROL_ARBITER] selected_source=safety_hold state=WAITING_FOR_ODOM
[offboard_waypoint_node-1] [INFO] [1786261883.681825236] [offboard_waypoint_node]: [POSE_TRUSTED] stable_for=0.50s position_ned=(-1.252,-1.388,-0.240)
[offboard_waypoint_node-1] [WARN] [1786261883.697705669] [offboard_waypoint_node]: [HOLD_POSITION] x=-1.252 y=-1.388 z=-0.240 yaw=-0.269 reason=startup idle hold
[offboard_waypoint_node-1] [WARN] [1786261883.697749983] [offboard_waypoint_node]: [CONTROL_STATE] WAITING_FOR_ODOM -> IDLE_HOLD: no active goal
[offboard_waypoint_node-1] [INFO] [1786261883.697803176] [offboard_waypoint_node]: [HOLD_ERROR] position_error=0.000 velocity=0.007 state=IDLE_HOLD
[fastlio_bridge_node-2] [INFO] [1786261884.024703217] [fastlio_bridge_node]: 已桥接并转换里程计: ENU(0.00, 0.00, -0.01) -> NED(-0.00, 0.00, 0.01)
[fastlio_bridge_node-2] [INFO] [1786261884.034193440] [fastlio_bridge_node]: 已桥接并转换里程计: ENU(0.00, 0.00, -0.01) -> NED(-0.00, 0.00, 0.01)
[fastlio_bridge_node-2] [INFO] [1786261884.043486666] [fastlio_bridge_node]: 已桥接并转换里程计: ENU(0.00, 0.00, -0.01) -> NED(-0.00, 0.00, 0.01)
[fastlio_bridge_node-2] [INFO] [1786261884.094857618] [fastlio_bridge_node]: 已桥接并转换里程计: ENU(-0.00, -0.00, -0.00) -> NED(0.00, -0.00, 0.00)
[ego_planner_node-10] [FSM]: state: WAIT_TARGET
[ego_planner_node-10] wait for goal or trigger.
[offboard_waypoint_node-1] [INFO] [1786261884.426759945] [offboard_waypoint_node]: [EV_HEALTH] state=FAULT continuous_healthy=0.00s
[super_planner_ros2_node-6] [INFO] [1786261884.547414138] [super_planner_ros2_node]: SUPER_ROS2 mode=IDLE enable_output=false reason=NO_GOAL odom=(-1.39,-1.25,0.24) goal=none tracking_setpoint_enu=(-1.39,-1.25,0.78) setpoint_ned=none yaw(desired/cmd/rate)=(0.00/0.00/0.00) cross_track=0.00 frame_id=px4_ned path_points=0 odom_source=/mavros/local_position/odom cloud_source=none mavros_connected=true
[offboard_waypoint_node-1] [INFO] [1786261884.547735761] [offboard_waypoint_node]: [CONTROL_ARBITER] selected_source=safety_hold state=IDLE_HOLD
[offboard_waypoint_node-1] [INFO] [1786261884.747721407] [offboard_waypoint_node]: [HOLD_ERROR] position_error=0.005 velocity=0.003 state=IDLE_HOLD
[ego_planner_node-10] [FSM]: state: WAIT_TARGET
[ego_planner_node-10] wait for goal or trigger.
[super_planner_ros2_node-6] [INFO] [1786261885.547434647] [super_planner_ros2_node]: SUPER_ROS2 mode=IDLE enable_output=false reason=NO_GOAL odom=(-1.38,-1.26,0.23) goal=none tracking_setpoint_enu=(-1.38,-1.26,0.78) setpoint_ned=none yaw(desired/cmd/rate)=(0.00/0.00/0.00) cross_track=0.00 frame_id=px4_ned path_points=0 odom_source=/mavros/local_position/odom cloud_source=none mavros_connected=true
[offboard_waypoint_node-1] [INFO] [1786261885.597732607] [offboard_waypoint_node]: [CONTROL_ARBITER] selected_source=safety_hold state=IDLE_HOLD
[offboard_waypoint_node-1] [INFO] [1786261885.747733703] [offboard_waypoint_node]: [HOLD_ERROR] position_error=0.011 velocity=0.007 state=IDLE_HOLD
[fastlio_bridge_node-2] [INFO] [1786261886.014306192] [fastlio_bridge_node]: 已桥接并转换里程计: ENU(0.01, -0.00, -0.01) -> NED(-0.01, -0.00, 0.01)
[fastlio_bridge_node-2] [INFO] [1786261886.024033691] [fastlio_bridge_node]: 已桥接并转换里程计: ENU(0.01, -0.00, -0.01) -> NED(-0.01, -0.00, 0.01)
[fastlio_bridge_node-2] [INFO] [1786261886.033530382] [fastlio_bridge_node]: 已桥接并转换里程计: ENU(0.01, -0.00, -0.01) -> NED(-0.01, -0.00, 0.01)
[fastlio_bridge_node-2] [INFO] [1786261886.044015748] [fastlio_bridge_node]: 已桥接并转换里程计: ENU(0.01, 0.00, -0.01) -> NED(-0.01, 0.00, 0.01)
[fastlio_bridge_node-2] [INFO] [1786261886.054470155] [fastlio_bridge_node]: 已桥接并转换里程计: ENU(0.01, 0.00, -0.01) -> NED(-0.01, 0.00, 0.01)
[ego_planner_node-10] [FSM]: state: WAIT_TARGET
[ego_planner_node-10] wait for goal or trigger.
[super_planner_ros2_node-6] [INFO] [1786261886.547448412] [super_planner_ros2_node]: SUPER_ROS2 mode=IDLE enable_output=false reason=NO_GOAL odom=(-1.38,-1.25,0.22) goal=none tracking_setpoint_enu=(-1.38,-1.25,0.78) setpoint_ned=none yaw(desired/cmd/rate)=(0.00/0.00/0.00) cross_track=0.00 frame_id=px4_ned path_points=0 odom_source=/mavros/local_position/odom cloud_source=none mavros_connected=true
[offboard_waypoint_node-1] [INFO] [1786261886.597753058] [offboard_waypoint_node]: [CONTROL_ARBITER] selected_source=safety_hold state=IDLE_HOLD
[offboard_waypoint_node-1] [INFO] [1786261886.797714571] [offboard_waypoint_node]: [HOLD_ERROR] position_error=0.020 velocity=0.002 state=IDLE_HOLD
[ego_planner_node-10] [FSM]: state: WAIT_TARGET
[ego_planner_node-10] wait for goal or trigger.
[super_planner_ros2_node-6] [INFO] [1786261887.597470900] [super_planner_ros2_node]: SUPER_ROS2 mode=IDLE enable_output=false reason=NO_GOAL odom=(-1.38,-1.25,0.21) goal=none tracking_setpoint_enu=(-1.38,-1.25,0.78) setpoint_ned=none yaw(desired/cmd/rate)=(0.00/0.00/0.00) cross_track=0.00 frame_id=px4_ned path_points=0 odom_source=/mavros/local_position/odom cloud_source=none mavros_connected=true
[offboard_waypoint_node-1] [INFO] [1786261887.647716817] [offboard_waypoint_node]: [CONTROL_ARBITER] selected_source=safety_hold state=IDLE_HOLD
[offboard_waypoint_node-1] [INFO] [1786261887.797716292] [offboard_waypoint_node]: [HOLD_ERROR] position_error=0.031 velocity=0.003 state=IDLE_HOLD
[fastlio_bridge_node-2] [INFO] [1786261888.095412223] [fastlio_bridge_node]: 已桥接并转换里程计: ENU(-0.01, -0.00, -0.01) -> NED(0.01, -0.00, 0.01)
[ego_planner_node-10] [FSM]: state: WAIT_TARGET
[ego_planner_node-10] wait for goal or trigger.
[super_planner_ros2_node-6] [INFO] [1786261888.597471457] [super_planner_ros2_node]: SUPER_ROS2 mode=IDLE enable_output=false reason=NO_GOAL odom=(-1.38,-1.25,0.20) goal=none tracking_setpoint_enu=(-1.38,-1.25,0.78) setpoint_ned=none yaw(desired/cmd/rate)=(0.00/0.00/0.00) cross_track=0.00 frame_id=px4_ned path_points=0 odom_source=/mavros/local_position/odom cloud_source=none mavros_connected=true
[offboard_waypoint_node-1] [INFO] [1786261888.647936484] [offboard_waypoint_node]: [CONTROL_ARBITER] selected_source=safety_hold state=IDLE_HOLD
[offboard_waypoint_node-1] [INFO] [1786261888.797775002] [offboard_waypoint_node]: [HOLD_ERROR] position_error=0.044 velocity=0.004 state=IDLE_HOLD
[ego_planner_node-10] [FSM]: state: WAIT_TARGET
[ego_planner_node-10] wait for goal or trigger.
[super_planner_ros2_node-6] [INFO] [1786261889.597563324] [super_planner_ros2_node]: SUPER_ROS2 mode=IDLE enable_output=false reason=NO_GOAL odom=(-1.38,-1.25,0.19) goal=none tracking_setpoint_enu=(-1.38,-1.25,0.78) setpoint_ned=none yaw(desired/cmd/rate)=(0.00/0.00/0.00) cross_track=0.00 frame_id=px4_ned path_points=0 odom_source=/mavros/local_position/odom cloud_source=none mavros_connected=true
[offboard_waypoint_node-1] [INFO] [1786261889.697812834] [offboard_waypoint_node]: [CONTROL_ARBITER] selected_source=safety_hold state=IDLE_HOLD
[offboard_waypoint_node-1] [INFO] [1786261889.847844546] [offboard_waypoint_node]: [HOLD_ERROR] position_error=0.056 velocity=0.005 state=IDLE_HOLD
[ego_planner_node-10] [FSM]: state: WAIT_TARGET
[ego_planner_node-10] wait for goal or trigger.
[super_planner_ros2_node-6] [INFO] [1786261890.647714328] [super_planner_ros2_node]: SUPER_ROS2 mode=IDLE enable_output=false reason=NO_GOAL odom=(-1.38,-1.25,0.17) goal=none tracking_setpoint_enu=(-1.38,-1.25,0.78) setpoint_ned=none yaw(desired/cmd/rate)=(0.00/0.00/0.00) cross_track=0.00 frame_id=px4_ned path_points=0 odom_source=/mavros/local_position/odom cloud_source=none mavros_connected=true
[offboard_waypoint_node-1] [INFO] [1786261890.747851194] [offboard_waypoint_node]: [CONTROL_ARBITER] selected_source=safety_hold state=IDLE_HOLD
[offboard_waypoint_node-1] [INFO] [1786261890.897903566] [offboard_waypoint_node]: [HOLD_ERROR] position_error=0.071 velocity=0.002 state=IDLE_HOLD
[ego_planner_node-10] [FSM]: state: WAIT_TARGET
[ego_planner_node-10] wait for goal or trigger.
[super_planner_ros2_node-6] [INFO] [1786261891.697506580] [super_planner_ros2_node]: SUPER_ROS2 mode=IDLE enable_output=false reason=NO_GOAL odom=(-1.38,-1.25,0.16) goal=none tracking_setpoint_enu=(-1.38,-1.25,0.78) setpoint_ned=none yaw(desired/cmd/rate)=(0.00/0.00/0.00) cross_track=0.00 frame_id=px4_ned path_points=0 odom_source=/mavros/local_position/odom cloud_source=none mavros_connected=true
[offboard_waypoint_node-1] [INFO] [1786261891.797827987] [offboard_waypoint_node]: [CONTROL_ARBITER] selected_source=safety_hold state=IDLE_HOLD
[offboard_waypoint_node-1] [INFO] [1786261891.947820217] [offboard_waypoint_node]: [HOLD_ERROR] position_error=0.082 velocity=0.002 state=IDLE_HOLD
[ego_planner_node-10] [FSM]: state: WAIT_TARGET
[ego_planner_node-10] wait for goal or trigger.
[super_planner_ros2_node-6] [INFO] [1786261892.697550920] [super_planner_ros2_node]: SUPER_ROS2 mode=IDLE enable_output=false reason=NO_GOAL odom=(-1.39,-1.26,0.15) goal=none tracking_setpoint_enu=(-1.39,-1.26,0.78) setpoint_ned=none yaw(desired/cmd/rate)=(0.00/0.00/0.00) cross_track=0.00 frame_id=px4_ned path_points=0 odom_source=/mavros/local_position/odom cloud_source=none mavros_connected=true
[offboard_waypoint_node-1] [INFO] [1786261892.797859979] [offboard_waypoint_node]: [CONTROL_ARBITER] selected_source=safety_hold state=IDLE_HOLD
[offboard_waypoint_node-1] [INFO] [1786261892.947844299] [offboard_waypoint_node]: [HOLD_ERROR] position_error=0.091 velocity=0.006 state=IDLE_HOLD
[ego_planner_node-10] [FSM]: state: WAIT_TARGET
[ego_planner_node-10] wait for goal or trigger.
[super_planner_ros2_node-6] [INFO] [1786261893.697602762] [super_planner_ros2_node]: SUPER_ROS2 mode=IDLE enable_output=false reason=NO_GOAL odom=(-1.39,-1.26,0.14) goal=none tracking_setpoint_enu=(-1.39,-1.26,0.78) setpoint_ned=none yaw(desired/cmd/rate)=(0.00/0.00/0.00) cross_track=0.00 frame_id=px4_ned path_points=0 odom_source=/mavros/local_position/odom cloud_source=none mavros_connected=true
[offboard_waypoint_node-1] [INFO] [1786261893.797917025] [offboard_waypoint_node]: [CONTROL_ARBITER] selected_source=safety_hold state=IDLE_HOLD
[offboard_waypoint_node-1] [INFO] [1786261893.947857578] [offboard_waypoint_node]: [HOLD_ERROR] position_error=0.100 velocity=0.004 state=IDLE_HOLD
[ego_planner_node-10] [FSM]: state: WAIT_TARGET
[ego_planner_node-10] wait for goal or trigger.
[super_planner_ros2_node-6] [INFO] [1786261894.697764980] [super_planner_ros2_node]: SUPER_ROS2 mode=IDLE enable_output=false reason=NO_GOAL odom=(-1.39,-1.25,0.13) goal=none tracking_setpoint_enu=(-1.39,-1.25,0.78) setpoint_ned=none yaw(desired/cmd/rate)=(0.00/0.00/0.00) cross_track=0.00 frame_id=px4_ned path_points=0 odom_source=/mavros/local_position/odom cloud_source=none mavros_connected=true
[offboard_waypoint_node-1] [INFO] [1786261894.847970615] [offboard_waypoint_node]: [CONTROL_ARBITER] selected_source=safety_hold state=IDLE_HOLD
[offboard_waypoint_node-1] [INFO] [1786261894.947865505] [offboard_waypoint_node]: [HOLD_ERROR] position_error=0.108 velocity=0.001 state=IDLE_HOLD
[ego_planner_node-10] [FSM]: state: WAIT_TARGET
[ego_planner_node-10] wait for goal or trigger.
[super_planner_ros2_node-6] [INFO] [1786261895.747522228] [super_planner_ros2_node]: SUPER_ROS2 mode=IDLE enable_output=false reason=NO_GOAL odom=(-1.38,-1.25,0.13) goal=none tracking_setpoint_enu=(-1.38,-1.25,0.78) setpoint_ned=none yaw(desired/cmd/rate)=(0.00/0.00/0.00) cross_track=0.00 frame_id=px4_ned path_points=0 odom_source=/mavros/local_position/odom cloud_source=none mavros_connected=true
[offboard_waypoint_node-1] [INFO] [1786261895.847982437] [offboard_waypoint_node]: [CONTROL_ARBITER] selected_source=safety_hold state=IDLE_HOLD
[mapping_manager_node-5] [INFO] [1786261895.928828461] [mapping_manager_node]: Mapping status: in_flight=false, map_loaded=false, map_saved=false
[offboard_waypoint_node-1] [INFO] [1786261895.947981605] [offboard_waypoint_node]: [HOLD_ERROR] position_error=0.115 velocity=0.002 state=IDLE_HOLD
[ego_planner_node-10] [FSM]: state: WAIT_TARGET
[ego_planner_node-10] wait for goal or trigger.
[super_planner_ros2_node-6] [INFO] [1786261896.747600190] [super_planner_ros2_node]: SUPER_ROS2 mode=IDLE enable_output=false reason=NO_GOAL odom=(-1.38,-1.25,0.12) goal=none tracking_setpoint_enu=(-1.38,-1.25,0.78) setpoint_ned=none yaw(desired/cmd/rate)=(0.00/0.00/0.00) cross_track=0.00 frame_id=px4_ned path_points=0 odom_source=/mavros/local_position/odom cloud_source=none mavros_connected=true
[offboard_waypoint_node-1] [INFO] [1786261896.897929238] [offboard_waypoint_node]: [CONTROL_ARBITER] selected_source=safety_hold state=IDLE_HOLD
[offboard_waypoint_node-1] [INFO] [1786261896.997919117] [offboard_waypoint_node]: [HOLD_ERROR] position_error=0.120 velocity=0.003 state=IDLE_HOLD
[ego_planner_node-10] [FSM]: state: WAIT_TARGET
[ego_planner_node-10] wait for goal or trigger.
[super_planner_ros2_node-6] [INFO] [1786261897.747616913] [super_planner_ros2_node]: SUPER_ROS2 mode=IDLE enable_output=false reason=NO_GOAL odom=(-1.38,-1.25,0.12) goal=none tracking_setpoint_enu=(-1.38,-1.25,0.78) setpoint_ned=none yaw(desired/cmd/rate)=(0.00/0.00/0.00) cross_track=0.00 frame_id=px4_ned path_points=0 odom_source=/mavros/local_position/odom cloud_source=none mavros_connected=true
[offboard_waypoint_node-1] [INFO] [1786261897.898137263] [offboard_waypoint_node]: [CONTROL_ARBITER] selected_source=safety_hold state=IDLE_HOLD
[offboard_waypoint_node-1] [INFO] [1786261897.997927227] [offboard_waypoint_node]: [HOLD_ERROR] position_error=0.125 velocity=0.006 state=IDLE_HOLD
[fastlio_bridge_node-2] [INFO] [1786261898.045573745] [fastlio_bridge_node]: 已桥接并转换里程计: ENU(-0.01, -0.00, -0.01) -> NED(0.01, -0.00, 0.01)
[fastlio_bridge_node-2] [INFO] [1786261898.055299366] [fastlio_bridge_node]: 已桥接并转换里程计: ENU(-0.01, -0.00, -0.01) -> NED(0.01, -0.00, 0.01)
[ego_planner_node-10] [FSM]: state: WAIT_TARGET
[ego_planner_node-10] wait for goal or trigger.
[super_planner_ros2_node-6] [INFO] [1786261898.747654096] [super_planner_ros2_node]: SUPER_ROS2 mode=IDLE enable_output=false reason=NO_GOAL odom=(-1.39,-1.25,0.11) goal=none tracking_setpoint_enu=(-1.39,-1.25,0.78) setpoint_ned=none yaw(desired/cmd/rate)=(0.00/0.00/0.00) cross_track=0.00 frame_id=px4_ned path_points=0 odom_source=/mavros/local_position/odom cloud_source=none mavros_connected=true
[offboard_waypoint_node-1] [INFO] [1786261898.947989048] [offboard_waypoint_node]: [CONTROL_ARBITER] selected_source=safety_hold state=IDLE_HOLD
[offboard_waypoint_node-1] [INFO] [1786261898.997947779] [offboard_waypoint_node]: [HOLD_ERROR] position_error=0.128 velocity=0.005 state=IDLE_HOLD
[ego_planner_node-10] [FSM]: state: WAIT_TARGET
[ego_planner_node-10] wait for goal or trigger.
[super_planner_ros2_node-6] [INFO] [1786261899.747684748] [super_planner_ros2_node]: SUPER_ROS2 mode=IDLE enable_output=false reason=NO_GOAL odom=(-1.38,-1.25,0.11) goal=none tracking_setpoint_enu=(-1.38,-1.25,0.78) setpoint_ned=none yaw(desired/cmd/rate)=(0.00/0.00/0.00) cross_track=0.00 frame_id=px4_ned path_points=0 odom_source=/mavros/local_position/odom cloud_source=none mavros_connected=true
[offboard_waypoint_node-1] [INFO] [1786261899.997949405] [offboard_waypoint_node]: [HOLD_ERROR] position_error=0.132 velocity=0.007 state=IDLE_HOLD
[offboard_waypoint_node-1] [INFO] [1786261899.998011052] [offboard_waypoint_node]: [CONTROL_ARBITER] selected_source=safety_hold state=IDLE_HOLD
[fastlio_bridge_node-2] [INFO] [1786261900.095632837] [fastlio_bridge_node]: 已桥接并转换里程计: ENU(-0.00, -0.01, -0.01) -> NED(0.00, -0.01, 0.01)
[ego_planner_node-10] [FSM]: state: WAIT_TARGET
[ego_planner_node-10] wait for goal or trigger.
[super_planner_ros2_node-6] [INFO] [1786261900.747745541] [super_planner_ros2_node]: SUPER_ROS2 mode=IDLE enable_output=false reason=NO_GOAL odom=(-1.38,-1.25,0.10) goal=none tracking_setpoint_enu=(-1.38,-1.25,0.78) setpoint_ned=none yaw(desired/cmd/rate)=(0.00/0.00/0.00) cross_track=0.00 frame_id=px4_ned path_points=0 odom_source=/mavros/local_position/odom cloud_source=none mavros_connected=true
[offboard_waypoint_node-1] [INFO] [1786261900.997971113] [offboard_waypoint_node]: [HOLD_ERROR] position_error=0.138 velocity=0.008 state=IDLE_HOLD
[offboard_waypoint_node-1] [INFO] [1786261900.998038890] [offboard_waypoint_node]: [CONTROL_ARBITER] selected_source=safety_hold state=IDLE_HOLD
[ego_planner_node-10] [FSM]: state: WAIT_TARGET
[ego_planner_node-10] wait for goal or trigger.
[super_planner_ros2_node-6] [INFO] [1786261901.797675025] [super_planner_ros2_node]: SUPER_ROS2 mode=IDLE enable_output=false reason=NO_GOAL odom=(-1.38,-1.25,0.10) goal=none tracking_setpoint_enu=(-1.38,-1.25,0.78) setpoint_ned=none yaw(desired/cmd/rate)=(0.00/0.00/0.00) cross_track=0.00 frame_id=px4_ned path_points=0 odom_source=/mavros/local_position/odom cloud_source=none mavros_connected=true
[fastlio_bridge_node-2] [INFO] [1786261902.035327012] [fastlio_bridge_node]: 已桥接并转换里程计: ENU(0.00, 0.01, -0.01) -> NED(-0.00, 0.01, 0.01)
[offboard_waypoint_node-1] [INFO] [1786261902.047958368] [offboard_waypoint_node]: [HOLD_ERROR] position_error=0.142 velocity=0.005 state=IDLE_HOLD
[offboard_waypoint_node-1] [INFO] [1786261902.048062974] [offboard_waypoint_node]: [CONTROL_ARBITER] selected_source=safety_hold state=IDLE_HOLD
[ego_planner_node-10] [FSM]: state: WAIT_TARGET
[ego_planner_node-10] wait for goal or trigger.
[super_planner_ros2_node-6] [INFO] [1786261902.797687573] [super_planner_ros2_node]: SUPER_ROS2 mode=IDLE enable_output=false reason=NO_GOAL odom=(-1.38,-1.25,0.09) goal=none tracking_setpoint_enu=(-1.38,-1.25,0.78) setpoint_ned=none yaw(desired/cmd/rate)=(0.00/0.00/0.00) cross_track=0.00 frame_id=px4_ned path_points=0 odom_source=/mavros/local_position/odom cloud_source=none mavros_connected=true
[offboard_waypoint_node-1] [INFO] [1786261903.048052604] [offboard_waypoint_node]: [HOLD_ERROR] position_error=0.149 velocity=0.005 state=IDLE_HOLD
[offboard_waypoint_node-1] [INFO] [1786261903.048150175] [offboard_waypoint_node]: [CONTROL_ARBITER] selected_source=safety_hold state=IDLE_HOLD
[ego_planner_node-10] [FSM]: state: WAIT_TARGET
[ego_planner_node-10] wait for goal or trigger.
[super_planner_ros2_node-6] [INFO] [1786261903.797739339] [super_planner_ros2_node]: SUPER_ROS2 mode=IDLE enable_output=false reason=NO_GOAL odom=(-1.39,-1.25,0.09) goal=none tracking_setpoint_enu=(-1.39,-1.25,0.78) setpoint_ned=none yaw(desired/cmd/rate)=(0.00/0.00/0.00) cross_track=0.00 frame_id=px4_ned path_points=0 odom_source=/mavros/local_position/odom cloud_source=none mavros_connected=true
[offboard_waypoint_node-1] [INFO] [1786261904.097970050] [offboard_waypoint_node]: [HOLD_ERROR] position_error=0.158 velocity=0.002 state=IDLE_HOLD
[offboard_waypoint_node-1] [INFO] [1786261904.098031657] [offboard_waypoint_node]: [CONTROL_ARBITER] selected_source=safety_hold state=IDLE_HOLD
[ego_planner_node-10] [FSM]: state: WAIT_TARGET
[ego_planner_node-10] wait for goal or trigger.
[super_planner_ros2_node-6] [INFO] [1786261904.797817857] [super_planner_ros2_node]: SUPER_ROS2 mode=IDLE enable_output=false reason=NO_GOAL odom=(-1.38,-1.25,0.08) goal=none tracking_setpoint_enu=(-1.38,-1.25,0.78) setpoint_ned=none yaw(desired/cmd/rate)=(0.00/0.00/0.00) cross_track=0.00 frame_id=px4_ned path_points=0 odom_source=/mavros/local_position/odom cloud_source=none mavros_connected=true
[offboard_waypoint_node-1] [INFO] [1786261905.098017701] [offboard_waypoint_node]: [HOLD_ERROR] position_error=0.164 velocity=0.006 state=IDLE_HOLD
[offboard_waypoint_node-1] [INFO] [1786261905.098062958] [offboard_waypoint_node]: [CONTROL_ARBITER] selected_source=safety_hold state=IDLE_HOLD
[ego_planner_node-10] [FSM]: state: WAIT_TARGET
[ego_planner_node-10] wait for goal or trigger.
[super_planner_ros2_node-6] [INFO] [1786261905.847964090] [super_planner_ros2_node]: SUPER_ROS2 mode=IDLE enable_output=false reason=NO_GOAL odom=(-1.38,-1.25,0.07) goal=none tracking_setpoint_enu=(-1.38,-1.25,0.78) setpoint_ned=none yaw(desired/cmd/rate)=(0.00/0.00/0.00) cross_track=0.00 frame_id=px4_ned path_points=0 odom_source=/mavros/local_position/odom cloud_source=none mavros_connected=true
[fastlio_bridge_node-2] [INFO] [1786261906.065676001] [fastlio_bridge_node]: 已桥接并转换里程计: ENU(0.00, 0.00, -0.01) -> NED(-0.00, 0.00, 0.01)
[fastlio_bridge_node-2] [INFO] [1786261906.074366435] [fastlio_bridge_node]: 已桥接并转换里程计: ENU(0.00, 0.00, -0.01) -> NED(-0.00, 0.00, 0.01)
[offboard_waypoint_node-1] [INFO] [1786261906.098052583] [offboard_waypoint_node]: [HOLD_ERROR] position_error=0.170 velocity=0.003 state=IDLE_HOLD
[offboard_waypoint_node-1] [INFO] [1786261906.098117161] [offboard_waypoint_node]: [CONTROL_ARBITER] selected_source=safety_hold state=IDLE_HOLD
[ego_planner_node-10] [FSM]: state: WAIT_TARGET
[ego_planner_node-10] wait for goal or trigger.
[super_planner_ros2_node-6] [INFO] [1786261906.897756919] [super_planner_ros2_node]: SUPER_ROS2 mode=IDLE enable_output=false reason=NO_GOAL odom=(-1.39,-1.26,0.07) goal=none tracking_setpoint_enu=(-1.39,-1.26,0.78) setpoint_ned=none yaw(desired/cmd/rate)=(0.00/0.00/0.00) cross_track=0.00 frame_id=px4_ned path_points=0 odom_source=/mavros/local_position/odom cloud_source=none mavros_connected=true
[offboard_waypoint_node-1] [INFO] [1786261907.148041481] [offboard_waypoint_node]: [HOLD_ERROR] position_error=0.177 velocity=0.005 state=IDLE_HOLD
[offboard_waypoint_node-1] [INFO] [1786261907.148104143] [offboard_waypoint_node]: [CONTROL_ARBITER] selected_source=safety_hold state=IDLE_HOLD
[ego_planner_node-10] [FSM]: state: WAIT_TARGET
[ego_planner_node-10] wait for goal or trigger.
[super_planner_ros2_node-6] [INFO] [1786261907.897787291] [super_planner_ros2_node]: SUPER_ROS2 mode=IDLE enable_output=false reason=NO_GOAL odom=(-1.38,-1.25,0.06) goal=none tracking_setpoint_enu=(-1.38,-1.25,0.78) setpoint_ned=none yaw(desired/cmd/rate)=(0.00/0.00/0.00) cross_track=0.00 frame_id=px4_ned path_points=0 odom_source=/mavros/local_position/odom cloud_source=none mavros_connected=true
[offboard_waypoint_node-1] [INFO] [1786261908.148089350] [offboard_waypoint_node]: [HOLD_ERROR] position_error=0.183 velocity=0.002 state=IDLE_HOLD
[offboard_waypoint_node-1] [INFO] [1786261908.148157557] [offboard_waypoint_node]: [CONTROL_ARBITER] selected_source=safety_hold state=IDLE_HOLD
[ego_planner_node-10] [FSM]: state: WAIT_TARGET
[ego_planner_node-10] wait for goal or trigger.
[super_planner_ros2_node-6] [INFO] [1786261908.947771617] [super_planner_ros2_node]: SUPER_ROS2 mode=IDLE enable_output=false reason=NO_GOAL odom=(-1.38,-1.25,0.06) goal=none tracking_setpoint_enu=(-1.38,-1.25,0.78) setpoint_ned=none yaw(desired/cmd/rate)=(0.00/0.00/0.00) cross_track=0.00 frame_id=px4_ned path_points=0 odom_source=/mavros/local_position/odom cloud_source=none mavros_connected=true
[offboard_waypoint_node-1] [INFO] [1786261909.198082130] [offboard_waypoint_node]: [HOLD_ERROR] position_error=0.187 velocity=0.003 state=IDLE_HOLD
[offboard_waypoint_node-1] [INFO] [1786261909.198165455] [offboard_waypoint_node]: [CONTROL_ARBITER] selected_source=safety_hold state=IDLE_HOLD
[ego_planner_node-10] [FSM]: state: WAIT_TARGET
[ego_planner_node-10] wait for goal or trigger.
[super_planner_ros2_node-6] [INFO] [1786261909.997835041] [super_planner_ros2_node]: SUPER_ROS2 mode=IDLE enable_output=false reason=NO_GOAL odom=(-1.38,-1.26,0.05) goal=none tracking_setpoint_enu=(-1.38,-1.26,0.78) setpoint_ned=none yaw(desired/cmd/rate)=(0.00/0.00/0.00) cross_track=0.00 frame_id=px4_ned path_points=0 odom_source=/mavros/local_position/odom cloud_source=none mavros_connected=true
[fastlio_bridge_node-2] [INFO] [1786261910.024138246] [fastlio_bridge_node]: 已桥接并转换里程计: ENU(-0.00, -0.00, -0.00) -> NED(0.00, -0.00, 0.00)
[offboard_waypoint_node-1] [INFO] [1786261910.198117023] [offboard_waypoint_node]: [HOLD_ERROR] position_error=0.189 velocity=0.007 state=IDLE_HOLD
[offboard_waypoint_node-1] [INFO] [1786261910.198175619] [offboard_waypoint_node]: [CONTROL_ARBITER] selected_source=safety_hold state=IDLE_HOLD
[ego_planner_node-10] [FSM]: state: WAIT_TARGET
[ego_planner_node-10] wait for goal or trigger.
[super_planner_ros2_node-6] [INFO] [1786261910.997860401] [super_planner_ros2_node]: SUPER_ROS2 mode=IDLE enable_output=false reason=NO_GOAL odom=(-1.38,-1.25,0.05) goal=none tracking_setpoint_enu=(-1.38,-1.25,0.78) setpoint_ned=none yaw(desired/cmd/rate)=(0.00/0.00/0.00) cross_track=0.00 frame_id=px4_ned path_points=0 odom_source=/mavros/local_position/odom cloud_source=none mavros_connected=true
[offboard_waypoint_node-1] [INFO] [1786261911.248145476] [offboard_waypoint_node]: [HOLD_ERROR] position_error=0.191 velocity=0.007 state=IDLE_HOLD
[offboard_waypoint_node-1] [INFO] [1786261911.248202541] [offboard_waypoint_node]: [CONTROL_ARBITER] selected_source=safety_hold state=IDLE_HOLD
[ego_planner_node-10] [FSM]: state: WAIT_TARGET
[ego_planner_node-10] wait for goal or trigger.
[super_planner_ros2_node-6] [INFO] [1786261912.047876081] [super_planner_ros2_node]: SUPER_ROS2 mode=IDLE enable_output=false reason=NO_GOAL odom=(-1.38,-1.25,0.05) goal=none tracking_setpoint_enu=(-1.38,-1.25,0.78) setpoint_ned=none yaw(desired/cmd/rate)=(0.00/0.00/0.00) cross_track=0.00 frame_id=px4_ned path_points=0 odom_source=/mavros/local_position/odom cloud_source=none mavros_connected=true
[fastlio_bridge_node-2] [INFO] [1786261912.055595716] [fastlio_bridge_node]: 已桥接并转换里程计: ENU(0.00, 0.01, -0.03) -> NED(-0.00, 0.01, 0.03)
[offboard_waypoint_node-1] [INFO] [1786261912.248146253] [offboard_waypoint_node]: [HOLD_ERROR] position_error=0.191 velocity=0.002 state=IDLE_HOLD
[offboard_waypoint_node-1] [INFO] [1786261912.298139084] [offboard_waypoint_node]: [CONTROL_ARBITER] selected_source=safety_hold state=IDLE_HOLD
[ego_planner_node-10] [FSM]: state: WAIT_TARGET
[ego_planner_node-10] wait for goal or trigger.
[super_planner_ros2_node-6] [INFO] [1786261913.047933928] [super_planner_ros2_node]: SUPER_ROS2 mode=IDLE enable_output=false reason=NO_GOAL odom=(-1.39,-1.25,0.05) goal=none tracking_setpoint_enu=(-1.39,-1.25,0.78) setpoint_ned=none yaw(desired/cmd/rate)=(0.00/0.00/0.00) cross_track=0.00 frame_id=px4_ned path_points=0 odom_source=/mavros/local_position/odom cloud_source=none mavros_connected=true
[offboard_waypoint_node-1] [INFO] [1786261913.248192615] [offboard_waypoint_node]: [HOLD_ERROR] position_error=0.190 velocity=0.005 state=IDLE_HOLD
[offboard_waypoint_node-1] [INFO] [1786261913.348181255] [offboard_waypoint_node]: [CONTROL_ARBITER] selected_source=safety_hold state=IDLE_HOLD
[ego_planner_node-10] [FSM]: state: WAIT_TARGET
[ego_planner_node-10] wait for goal or trigger.
[super_planner_ros2_node-6] [INFO] [1786261914.097883258] [super_planner_ros2_node]: SUPER_ROS2 mode=IDLE enable_output=false reason=NO_GOAL odom=(-1.39,-1.25,0.05) goal=none tracking_setpoint_enu=(-1.39,-1.25,0.78) setpoint_ned=none yaw(desired/cmd/rate)=(0.00/0.00/0.00) cross_track=0.00 frame_id=px4_ned path_points=0 odom_source=/mavros/local_position/odom cloud_source=none mavros_connected=true
[offboard_waypoint_node-1] [INFO] [1786261914.248199456] [offboard_waypoint_node]: [HOLD_ERROR] position_error=0.190 velocity=0.008 state=IDLE_HOLD
[offboard_waypoint_node-1] [INFO] [1786261914.348196964] [offboard_waypoint_node]: [CONTROL_ARBITER] selected_source=safety_hold state=IDLE_HOLD
[ego_planner_node-10] [FSM]: state: WAIT_TARGET
[ego_planner_node-10] wait for goal or trigger.
[super_planner_ros2_node-6] [INFO] [1786261915.097903327] [super_planner_ros2_node]: SUPER_ROS2 mode=IDLE enable_output=false reason=NO_GOAL odom=(-1.39,-1.25,0.05) goal=none tracking_setpoint_enu=(-1.39,-1.25,0.78) setpoint_ned=none yaw(desired/cmd/rate)=(0.00/0.00/0.00) cross_track=0.00 frame_id=px4_ned path_points=0 odom_source=/mavros/local_position/odom cloud_source=none mavros_connected=true
[offboard_waypoint_node-1] [INFO] [1786261915.298196817] [offboard_waypoint_node]: [HOLD_ERROR] position_error=0.192 velocity=0.003 state=IDLE_HOLD
[offboard_waypoint_node-1] [INFO] [1786261915.398186318] [offboard_waypoint_node]: [CONTROL_ARBITER] selected_source=safety_hold state=IDLE_HOLD
[ego_planner_node-10] [FSM]: state: WAIT_TARGET
[ego_planner_node-10] wait for goal or trigger.
[super_planner_ros2_node-6] [INFO] [1786261916.148024712] [super_planner_ros2_node]: SUPER_ROS2 mode=IDLE enable_output=false reason=NO_GOAL odom=(-1.38,-1.26,0.05) goal=none tracking_setpoint_enu=(-1.38,-1.26,0.78) setpoint_ned=none yaw(desired/cmd/rate)=(0.00/0.00/0.00) cross_track=0.00 frame_id=px4_ned path_points=0 odom_source=/mavros/local_position/odom cloud_source=none mavros_connected=true
[offboard_waypoint_node-1] [INFO] [1786261916.348202032] [offboard_waypoint_node]: [HOLD_ERROR] position_error=0.195 velocity=0.006 state=IDLE_HOLD
[offboard_waypoint_node-1] [INFO] [1786261916.398226051] [offboard_waypoint_node]: [CONTROL_ARBITER] selected_source=safety_hold state=IDLE_HOLD
[ego_planner_node-10] [FSM]: state: WAIT_TARGET
[ego_planner_node-10] wait for goal or trigger.
[super_planner_ros2_node-6] [INFO] [1786261917.197940982] [super_planner_ros2_node]: SUPER_ROS2 mode=IDLE enable_output=false reason=NO_GOAL odom=(-1.38,-1.26,0.04) goal=none tracking_setpoint_enu=(-1.38,-1.26,0.78) setpoint_ned=none yaw(desired/cmd/rate)=(0.00/0.00/0.00) cross_track=0.00 frame_id=px4_ned path_points=0 odom_source=/mavros/local_position/odom cloud_source=none mavros_connected=true
[offboard_waypoint_node-1] [INFO] [1786261917.348212019] [offboard_waypoint_node]: [HOLD_ERROR] position_error=0.197 velocity=0.006 state=IDLE_HOLD
[offboard_waypoint_node-1] [INFO] [1786261917.448279656] [offboard_waypoint_node]: [CONTROL_ARBITER] selected_source=safety_hold state=IDLE_HOLD
[ego_planner_node-10] [FSM]: state: WAIT_TARGET
[ego_planner_node-10] wait for goal or trigger.
[super_planner_ros2_node-6] [INFO] [1786261918.198151861] [super_planner_ros2_node]: SUPER_ROS2 mode=IDLE enable_output=false reason=NO_GOAL odom=(-1.38,-1.25,0.04) goal=none tracking_setpoint_enu=(-1.38,-1.25,0.78) setpoint_ned=none yaw(desired/cmd/rate)=(0.00/0.00/0.00) cross_track=0.00 frame_id=px4_ned path_points=0 odom_source=/mavros/local_position/odom cloud_source=none mavros_connected=true
[offboard_waypoint_node-1] [INFO] [1786261918.348222747] [offboard_waypoint_node]: [HOLD_ERROR] position_error=0.198 velocity=0.006 state=IDLE_HOLD
[offboard_waypoint_node-1] [INFO] [1786261918.498260148] [offboard_waypoint_node]: [CONTROL_ARBITER] selected_source=safety_hold state=IDLE_HOLD
[ego_planner_node-10] [FSM]: state: WAIT_TARGET
[ego_planner_node-10] wait for goal or trigger.
[super_planner_ros2_node-6] [INFO] [1786261919.247952708] [super_planner_ros2_node]: SUPER_ROS2 mode=IDLE enable_output=false reason=NO_GOAL odom=(-1.38,-1.25,0.04) goal=none tracking_setpoint_enu=(-1.38,-1.25,0.78) setpoint_ned=none yaw(desired/cmd/rate)=(0.00/0.00/0.00) cross_track=0.00 frame_id=px4_ned path_points=0 odom_source=/mavros/local_position/odom cloud_source=none mavros_connected=true
[offboard_waypoint_node-1] [INFO] [1786261919.348263793] [offboard_waypoint_node]: [HOLD_ERROR] position_error=0.198 velocity=0.002 state=IDLE_HOLD
[offboard_waypoint_node-1] [INFO] [1786261919.498276242] [offboard_waypoint_node]: [CONTROL_ARBITER] selected_source=safety_hold state=IDLE_HOLD
[ego_planner_node-10] [FSM]: state: WAIT_TARGET
[ego_planner_node-10] wait for goal or trigger.
[fastlio_bridge_node-2] [INFO] [1786261920.014251584] [fastlio_bridge_node]: 已桥接并转换里程计: ENU(-0.00, 0.01, -0.01) -> NED(0.00, 0.01, 0.01)
[super_planner_ros2_node-6] [INFO] [1786261920.248020974] [super_planner_ros2_node]: SUPER_ROS2 mode=IDLE enable_output=false reason=NO_GOAL odom=(-1.39,-1.25,0.04) goal=none tracking_setpoint_enu=(-1.39,-1.25,0.78) setpoint_ned=none yaw(desired/cmd/rate)=(0.00/0.00/0.00) cross_track=0.00 frame_id=px4_ned path_points=0 odom_source=/mavros/local_position/odom cloud_source=none mavros_connected=true
[offboard_waypoint_node-1] [INFO] [1786261920.348287755] [offboard_waypoint_node]: [HOLD_ERROR] position_error=0.204 velocity=0.005 state=IDLE_HOLD
[offboard_waypoint_node-1] [INFO] [1786261920.498287177] [offboard_waypoint_node]: [CONTROL_ARBITER] selected_source=safety_hold state=IDLE_HOLD
[ego_planner_node-10] [FSM]: state: WAIT_TARGET
[ego_planner_node-10] wait for goal or trigger.
[super_planner_ros2_node-6] [INFO] [1786261921.297958488] [super_planner_ros2_node]: SUPER_ROS2 mode=IDLE enable_output=false reason=NO_GOAL odom=(-1.38,-1.26,0.03) goal=none tracking_setpoint_enu=(-1.38,-1.26,0.78) setpoint_ned=none yaw(desired/cmd/rate)=(0.00/0.00/0.00) cross_track=0.00 frame_id=px4_ned path_points=0 odom_source=/mavros/local_position/odom cloud_source=none mavros_connected=true
[offboard_waypoint_node-1] [INFO] [1786261921.348293833] [offboard_waypoint_node]: [HOLD_ERROR] position_error=0.208 velocity=0.005 state=IDLE_HOLD
[offboard_waypoint_node-1] [INFO] [1786261921.498305319] [offboard_waypoint_node]: [CONTROL_ARBITER] selected_source=safety_hold state=IDLE_HOLD
[ego_planner_node-10] [FSM]: state: WAIT_TARGET
[ego_planner_node-10] wait for goal or trigger.
[super_planner_ros2_node-6] [INFO] [1786261922.298015756] [super_planner_ros2_node]: SUPER_ROS2 mode=IDLE enable_output=false reason=NO_GOAL odom=(-1.38,-1.25,0.03) goal=none tracking_setpoint_enu=(-1.38,-1.25,0.78) setpoint_ned=none yaw(desired/cmd/rate)=(0.00/0.00/0.00) cross_track=0.00 frame_id=px4_ned path_points=0 odom_source=/mavros/local_position/odom cloud_source=none mavros_connected=true
[offboard_waypoint_node-1] [INFO] [1786261922.398285482] [offboard_waypoint_node]: [HOLD_ERROR] position_error=0.215 velocity=0.003 state=IDLE_HOLD
[offboard_waypoint_node-1] [INFO] [1786261922.498313056] [offboard_waypoint_node]: [CONTROL_ARBITER] selected_source=safety_hold state=IDLE_HOLD
[ego_planner_node-10] [FSM]: state: WAIT_TARGET
[ego_planner_node-10] wait for goal or trigger.
[super_planner_ros2_node-6] [INFO] [1786261923.298029729] [super_planner_ros2_node]: SUPER_ROS2 mode=IDLE enable_output=false reason=NO_GOAL odom=(-1.38,-1.25,0.02) goal=none tracking_setpoint_enu=(-1.38,-1.25,0.78) setpoint_ned=none yaw(desired/cmd/rate)=(0.00/0.00/0.00) cross_track=0.00 frame_id=px4_ned path_points=0 odom_source=/mavros/local_position/odom cloud_source=none mavros_connected=true
[offboard_waypoint_node-1] [INFO] [1786261923.398323013] [offboard_waypoint_node]: [HOLD_ERROR] position_error=0.220 velocity=0.001 state=IDLE_HOLD
[offboard_waypoint_node-1] [INFO] [1786261923.498351819] [offboard_waypoint_node]: [CONTROL_ARBITER] selected_source=safety_hold state=IDLE_HOLD
[ego_planner_node-10] [FSM]: state: WAIT_TARGET
[ego_planner_node-10] wait for goal or trigger.
[super_planner_ros2_node-6] [INFO] [1786261924.298037247] [super_planner_ros2_node]: SUPER_ROS2 mode=IDLE enable_output=false reason=NO_GOAL odom=(-1.39,-1.25,0.01) goal=none tracking_setpoint_enu=(-1.39,-1.25,0.78) setpoint_ned=none yaw(desired/cmd/rate)=(0.00/0.00/0.00) cross_track=0.00 frame_id=px4_ned path_points=0 odom_source=/mavros/local_position/odom cloud_source=none mavros_connected=true
[offboard_waypoint_node-1] [INFO] [1786261924.398338341] [offboard_waypoint_node]: [HOLD_ERROR] position_error=0.228 velocity=0.002 state=IDLE_HOLD
[offboard_waypoint_node-1] [INFO] [1786261924.498359591] [offboard_waypoint_node]: [CONTROL_ARBITER] selected_source=safety_hold state=IDLE_HOLD
[ego_planner_node-10] [FSM]: state: WAIT_TARGET
[ego_planner_node-10] wait for goal or trigger.
[super_planner_ros2_node-6] [INFO] [1786261925.298066153] [super_planner_ros2_node]: SUPER_ROS2 mode=IDLE enable_output=false reason=NO_GOAL odom=(-1.39,-1.25,0.01) goal=none tracking_setpoint_enu=(-1.39,-1.25,0.78) setpoint_ned=none yaw(desired/cmd/rate)=(0.00/0.00/0.00) cross_track=0.00 frame_id=px4_ned path_points=0 odom_source=/mavros/local_position/odom cloud_source=none mavros_connected=true
[offboard_waypoint_node-1] [INFO] [1786261925.398357433] [offboard_waypoint_node]: [HOLD_ERROR] position_error=0.232 velocity=0.005 state=IDLE_HOLD
[offboard_waypoint_node-1] [INFO] [1786261925.498371022] [offboard_waypoint_node]: [CONTROL_ARBITER] selected_source=safety_hold state=IDLE_HOLD
[ego_planner_node-10] [FSM]: state: WAIT_TARGET
[ego_planner_node-10] wait for goal or trigger.
[mapping_manager_node-5] [INFO] [1786261925.929238871] [mapping_manager_node]: Mapping status: in_flight=false, map_loaded=false, map_saved=false
[fastlio_bridge_node-2] [INFO] [1786261926.035608306] [fastlio_bridge_node]: 已桥接并转换里程计: ENU(0.00, 0.00, -0.01) -> NED(-0.00, 0.00, 0.01)
[fastlio_bridge_node-2] [INFO] [1786261926.045209543] [fastlio_bridge_node]: 已桥接并转换里程计: ENU(0.00, 0.00, -0.01) -> NED(-0.00, 0.00, 0.01)
[super_planner_ros2_node-6] [INFO] [1786261926.298117893] [super_planner_ros2_node]: SUPER_ROS2 mode=IDLE enable_output=false reason=NO_GOAL odom=(-1.39,-1.25,0.01) goal=none tracking_setpoint_enu=(-1.39,-1.25,0.78) setpoint_ned=none yaw(desired/cmd/rate)=(0.00/0.00/0.00) cross_track=0.00 frame_id=px4_ned path_points=0 odom_source=/mavros/local_position/odom cloud_source=none mavros_connected=true
[offboard_waypoint_node-1] [INFO] [1786261926.448369416] [offboard_waypoint_node]: [HOLD_ERROR] position_error=0.233 velocity=0.004 state=IDLE_HOLD
[offboard_waypoint_node-1] [INFO] [1786261926.548388579] [offboard_waypoint_node]: [CONTROL_ARBITER] selected_source=safety_hold state=IDLE_HOLD
[ego_planner_node-10] [FSM]: state: WAIT_TARGET
[ego_planner_node-10] wait for goal or trigger.
[super_planner_ros2_node-6] [INFO] [1786261927.348063776] [super_planner_ros2_node]: SUPER_ROS2 mode=IDLE enable_output=false reason=NO_GOAL odom=(-1.38,-1.26,0.01) goal=none tracking_setpoint_enu=(-1.38,-1.26,0.78) setpoint_ned=none yaw(desired/cmd/rate)=(0.00/0.00/0.00) cross_track=0.00 frame_id=px4_ned path_points=0 odom_source=/mavros/local_position/odom cloud_source=none mavros_connected=true
[offboard_waypoint_node-1] [INFO] [1786261927.448374563] [offboard_waypoint_node]: [HOLD_ERROR] position_error=0.236 velocity=0.008 state=IDLE_HOLD
[offboard_waypoint_node-1] [INFO] [1786261927.598402646] [offboard_waypoint_node]: [CONTROL_ARBITER] selected_source=safety_hold state=IDLE_HOLD
[ego_planner_node-10] [FSM]: state: WAIT_TARGET
[ego_planner_node-10] wait for goal or trigger.
[super_planner_ros2_node-6] [INFO] [1786261928.348085317] [super_planner_ros2_node]: SUPER_ROS2 mode=IDLE enable_output=false reason=NO_GOAL odom=(-1.39,-1.25,0.00) goal=none tracking_setpoint_enu=(-1.39,-1.25,0.78) setpoint_ned=none yaw(desired/cmd/rate)=(0.00/0.00/0.00) cross_track=0.00 frame_id=px4_ned path_points=0 odom_source=/mavros/local_position/odom cloud_source=none mavros_connected=true
[offboard_waypoint_node-1] [INFO] [1786261928.448398406] [offboard_waypoint_node]: [HOLD_ERROR] position_error=0.237 velocity=0.002 state=IDLE_HOLD
[offboard_waypoint_node-1] [INFO] [1786261928.598412660] [offboard_waypoint_node]: [CONTROL_ARBITER] selected_source=safety_hold state=IDLE_HOLD
[ego_planner_node-10] [FSM]: state: WAIT_TARGET
[ego_planner_node-10] wait for goal or trigger.
[super_planner_ros2_node-6] [INFO] [1786261929.348116494] [super_planner_ros2_node]: SUPER_ROS2 mode=IDLE enable_output=false reason=NO_GOAL odom=(-1.38,-1.25,0.00) goal=none tracking_setpoint_enu=(-1.38,-1.25,0.78) setpoint_ned=none yaw(desired/cmd/rate)=(0.00/0.00/0.00) cross_track=0.00 frame_id=px4_ned path_points=0 odom_source=/mavros/local_position/odom cloud_source=none mavros_connected=true
[offboard_waypoint_node-1] [INFO] [1786261929.508411571] [offboard_waypoint_node]: [HOLD_ERROR] position_error=0.236 velocity=0.001 state=IDLE_HOLD
[offboard_waypoint_node-1] [INFO] [1786261929.598429340] [offboard_waypoint_node]: [CONTROL_ARBITER] selected_source=safety_hold state=IDLE_HOLD
[ego_planner_node-10] [FSM]: state: WAIT_TARGET
[ego_planner_node-10] wait for goal or trigger.
[fastlio_bridge_node-2] [INFO] [1786261930.015452351] [fastlio_bridge_node]: 已桥接并转换里程计: ENU(0.00, 0.00, -0.01) -> NED(-0.00, 0.00, 0.01)
[super_planner_ros2_node-6] [INFO] [1786261930.348128046] [super_planner_ros2_node]: SUPER_ROS2 mode=IDLE enable_output=false reason=NO_GOAL odom=(-1.39,-1.25,0.00) goal=none tracking_setpoint_enu=(-1.39,-1.25,0.78) setpoint_ned=none yaw(desired/cmd/rate)=(0.00/0.00/0.00) cross_track=0.00 frame_id=px4_ned path_points=0 odom_source=/mavros/local_position/odom cloud_source=none mavros_connected=true
[offboard_waypoint_node-1] [INFO] [1786261930.548431849] [offboard_waypoint_node]: [HOLD_ERROR] position_error=0.236 velocity=0.002 state=IDLE_HOLD
[offboard_waypoint_node-1] [INFO] [1786261930.598437496] [offboard_waypoint_node]: [CONTROL_ARBITER] selected_source=safety_hold state=IDLE_HOLD
[ego_planner_node-10] [FSM]: state: WAIT_TARGET
[ego_planner_node-10] wait for goal or trigger.
[super_planner_ros2_node-6] [INFO] [1786261931.348149090] [super_planner_ros2_node]: SUPER_ROS2 mode=IDLE enable_output=false reason=NO_GOAL odom=(-1.38,-1.25,0.01) goal=none tracking_setpoint_enu=(-1.38,-1.25,0.78) setpoint_ned=none yaw(desired/cmd/rate)=(0.00/0.00/0.00) cross_track=0.00 frame_id=px4_ned path_points=0 odom_source=/mavros/local_position/odom cloud_source=none mavros_connected=true
[offboard_waypoint_node-1] [INFO] [1786261931.548477150] [offboard_waypoint_node]: [HOLD_ERROR] position_error=0.233 velocity=0.004 state=IDLE_HOLD
[offboard_waypoint_node-1] [INFO] [1786261931.598446642] [offboard_waypoint_node]: [CONTROL_ARBITER] selected_source=safety_hold state=IDLE_HOLD
[ego_planner_node-10] [FSM]: state: WAIT_TARGET
[ego_planner_node-10] wait for goal or trigger.
[fastlio_bridge_node-2] [INFO] [1786261932.015586663] [fastlio_bridge_node]: 已桥接并转换里程计: ENU(-0.00, 0.00, -0.02) -> NED(0.00, 0.00, 0.02)
[fastlio_bridge_node-2] [INFO] [1786261932.024521659] [fastlio_bridge_node]: 已桥接并转换里程计: ENU(0.00, 0.00, -0.02) -> NED(-0.00, 0.00, 0.02)
[fastlio_bridge_node-2] [INFO] [1786261932.034499098] [fastlio_bridge_node]: 已桥接并转换里程计: ENU(0.00, 0.01, -0.02) -> NED(-0.00, 0.01, 0.02)
[fastlio_bridge_node-2] [INFO] [1786261932.044486860] [fastlio_bridge_node]: 已桥接并转换里程计: ENU(0.00, 0.01, -0.02) -> NED(-0.00, 0.01, 0.02)
[fastlio_bridge_node-2] [INFO] [1786261932.054851527] [fastlio_bridge_node]: 已桥接并转换里程计: ENU(0.00, 0.01, -0.02) -> NED(-0.00, 0.01, 0.02)
[super_planner_ros2_node-6] [INFO] [1786261932.348242001] [super_planner_ros2_node]: SUPER_ROS2 mode=IDLE enable_output=false reason=NO_GOAL odom=(-1.38,-1.25,0.01) goal=none tracking_setpoint_enu=(-1.38,-1.25,0.78) setpoint_ned=none yaw(desired/cmd/rate)=(0.00/0.00/0.00) cross_track=0.00 frame_id=px4_ned path_points=0 odom_source=/mavros/local_position/odom cloud_source=none mavros_connected=true
[offboard_waypoint_node-1] [INFO] [1786261932.598443411] [offboard_waypoint_node]: [HOLD_ERROR] position_error=0.229 velocity=0.004 state=IDLE_HOLD
[offboard_waypoint_node-1] [INFO] [1786261932.598484213] [offboard_waypoint_node]: [CONTROL_ARBITER] selected_source=safety_hold state=IDLE_HOLD
[ego_planner_node-10] [FSM]: state: WAIT_TARGET
[ego_planner_node-10] wait for goal or trigger.
[super_planner_ros2_node-6] [INFO] [1786261933.398245059] [super_planner_ros2_node]: SUPER_ROS2 mode=IDLE enable_output=false reason=NO_GOAL odom=(-1.38,-1.25,0.01) goal=none tracking_setpoint_enu=(-1.38,-1.25,0.78) setpoint_ned=none yaw(desired/cmd/rate)=(0.00/0.00/0.00) cross_track=0.00 frame_id=px4_ned path_points=0 odom_source=/mavros/local_position/odom cloud_source=none mavros_connected=true
[offboard_waypoint_node-1] [INFO] [1786261933.598476301] [offboard_waypoint_node]: [HOLD_ERROR] position_error=0.225 velocity=0.001 state=IDLE_HOLD
[offboard_waypoint_node-1] [INFO] [1786261933.598534906] [offboard_waypoint_node]: [CONTROL_ARBITER] selected_source=safety_hold state=IDLE_HOLD
[ego_planner_node-10] [FSM]: state: WAIT_TARGET
[ego_planner_node-10] wait for goal or trigger.
[fastlio_bridge_node-2] [INFO] [1786261934.036811544] [fastlio_bridge_node]: 已桥接并转换里程计: ENU(-0.00, -0.00, -0.01) -> NED(0.00, -0.00, 0.01)
[fastlio_bridge_node-2] [INFO] [1786261934.046271565] [fastlio_bridge_node]: 已桥接并转换里程计: ENU(-0.00, -0.00, -0.01) -> NED(0.00, -0.00, 0.01)
[fastlio_bridge_node-2] [INFO] [1786261934.095954336] [fastlio_bridge_node]: 已桥接并转换里程计: ENU(-0.00, 0.00, -0.02) -> NED(0.00, 0.00, 0.02)
[super_planner_ros2_node-6] [INFO] [1786261934.448221873] [super_planner_ros2_node]: SUPER_ROS2 mode=IDLE enable_output=false reason=NO_GOAL odom=(-1.39,-1.25,0.02) goal=none tracking_setpoint_enu=(-1.39,-1.25,0.78) setpoint_ned=none yaw(desired/cmd/rate)=(0.00/0.00/0.00) cross_track=0.00 frame_id=px4_ned path_points=0 odom_source=/mavros/local_position/odom cloud_source=none mavros_connected=true
[offboard_waypoint_node-1] [INFO] [1786261934.598498408] [offboard_waypoint_node]: [HOLD_ERROR] position_error=0.219 velocity=0.005 state=IDLE_HOLD
[offboard_waypoint_node-1] [INFO] [1786261934.598558871] [offboard_waypoint_node]: [CONTROL_ARBITER] selected_source=safety_hold state=IDLE_HOLD
[ego_planner_node-10] [FSM]: state: WAIT_TARGET
[ego_planner_node-10] wait for goal or trigger.
[super_planner_ros2_node-6] [INFO] [1786261935.498224470] [super_planner_ros2_node]: SUPER_ROS2 mode=IDLE enable_output=false reason=NO_GOAL odom=(-1.38,-1.25,0.03) goal=none tracking_setpoint_enu=(-1.38,-1.25,0.78) setpoint_ned=none yaw(desired/cmd/rate)=(0.00/0.00/0.00) cross_track=0.00 frame_id=px4_ned path_points=0 odom_source=/mavros/local_position/odom cloud_source=none mavros_connected=true
[offboard_waypoint_node-1] [INFO] [1786261935.648507126] [offboard_waypoint_node]: [HOLD_ERROR] position_error=0.214 velocity=0.005 state=IDLE_HOLD
[offboard_waypoint_node-1] [INFO] [1786261935.648563704] [offboard_waypoint_node]: [CONTROL_ARBITER] selected_source=safety_hold state=IDLE_HOLD
[ego_planner_node-10] [FSM]: state: WAIT_TARGET
[ego_planner_node-10] wait for goal or trigger.
[fastlio_bridge_node-2] [INFO] [1786261936.054598901] [fastlio_bridge_node]: 已桥接并转换里程计: ENU(0.01, 0.01, -0.03) -> NED(-0.01, 0.01, 0.03)
[fastlio_bridge_node-2] [INFO] [1786261936.064389812] [fastlio_bridge_node]: 已桥接并转换里程计: ENU(0.01, 0.01, -0.03) -> NED(-0.01, 0.01, 0.03)
[super_planner_ros2_node-6] [INFO] [1786261936.498327892] [super_planner_ros2_node]: SUPER_ROS2 mode=IDLE enable_output=false reason=NO_GOAL odom=(-1.38,-1.25,0.03) goal=none tracking_setpoint_enu=(-1.38,-1.25,0.78) setpoint_ned=none yaw(desired/cmd/rate)=(0.00/0.00/0.00) cross_track=0.00 frame_id=px4_ned path_points=0 odom_source=/mavros/local_position/odom cloud_source=none mavros_connected=true
[offboard_waypoint_node-1] [INFO] [1786261936.648608318] [offboard_waypoint_node]: [HOLD_ERROR] position_error=0.214 velocity=0.004 state=IDLE_HOLD
[offboard_waypoint_node-1] [INFO] [1786261936.648688344] [offboard_waypoint_node]: [CONTROL_ARBITER] selected_source=safety_hold state=IDLE_HOLD
[ego_planner_node-10] [FSM]: state: WAIT_TARGET
[ego_planner_node-10] wait for goal or trigger.
[super_planner_ros2_node-6] [INFO] [1786261937.498359186] [super_planner_ros2_node]: SUPER_ROS2 mode=IDLE enable_output=false reason=NO_GOAL odom=(-1.38,-1.26,0.02) goal=none tracking_setpoint_enu=(-1.38,-1.26,0.78) setpoint_ned=none yaw(desired/cmd/rate)=(0.00/0.00/0.00) cross_track=0.00 frame_id=px4_ned path_points=0 odom_source=/mavros/local_position/odom cloud_source=none mavros_connected=true
[offboard_waypoint_node-1] [INFO] [1786261937.698545914] [offboard_waypoint_node]: [HOLD_ERROR] position_error=0.218 velocity=0.007 state=IDLE_HOLD
[offboard_waypoint_node-1] [INFO] [1786261937.698621671] [offboard_waypoint_node]: [CONTROL_ARBITER] selected_source=safety_hold state=IDLE_HOLD
[ego_planner_node-10] [FSM]: state: WAIT_TARGET
[ego_planner_node-10] wait for goal or trigger.
[super_planner_ros2_node-6] [INFO] [1786261938.548237488] [super_planner_ros2_node]: SUPER_ROS2 mode=IDLE enable_output=false reason=NO_GOAL odom=(-1.38,-1.25,0.02) goal=none tracking_setpoint_enu=(-1.38,-1.25,0.78) setpoint_ned=none yaw(desired/cmd/rate)=(0.00/0.00/0.00) cross_track=0.00 frame_id=px4_ned path_points=0 odom_source=/mavros/local_position/odom cloud_source=none mavros_connected=true
[offboard_waypoint_node-1] [INFO] [1786261938.748552265] [offboard_waypoint_node]: [HOLD_ERROR] position_error=0.223 velocity=0.002 state=IDLE_HOLD
[offboard_waypoint_node-1] [INFO] [1786261938.748620513] [offboard_waypoint_node]: [CONTROL_ARBITER] selected_source=safety_hold state=IDLE_HOLD
[ego_planner_node-10] [FSM]: state: WAIT_TARGET
[ego_planner_node-10] wait for goal or trigger.
[super_planner_ros2_node-6] [INFO] [1786261939.548263635] [super_planner_ros2_node]: SUPER_ROS2 mode=IDLE enable_output=false reason=NO_GOAL odom=(-1.38,-1.25,0.01) goal=none tracking_setpoint_enu=(-1.38,-1.25,0.78) setpoint_ned=none yaw(desired/cmd/rate)=(0.00/0.00/0.00) cross_track=0.00 frame_id=px4_ned path_points=0 odom_source=/mavros/local_position/odom cloud_source=none mavros_connected=true
[offboard_waypoint_node-1] [INFO] [1786261939.748557302] [offboard_waypoint_node]: [HOLD_ERROR] position_error=0.227 velocity=0.002 state=IDLE_HOLD
[offboard_waypoint_node-1] [INFO] [1786261939.798563862] [offboard_waypoint_node]: [CONTROL_ARBITER] selected_source=safety_hold state=IDLE_HOLD
[ego_planner_node-10] [FSM]: state: WAIT_TARGET
[ego_planner_node-10] wait for goal or trigger.
[fastlio_bridge_node-2] [INFO] [1786261940.004756762] [fastlio_bridge_node]: 已桥接并转换里程计: ENU(0.00, 0.00, -0.01) -> NED(-0.00, 0.00, 0.01)
[super_planner_ros2_node-6] [INFO] [1786261940.548304123] [super_planner_ros2_node]: SUPER_ROS2 mode=IDLE enable_output=false reason=NO_GOAL odom=(-1.39,-1.25,0.01) goal=none tracking_setpoint_enu=(-1.39,-1.25,0.78) setpoint_ned=none yaw(desired/cmd/rate)=(0.00/0.00/0.00) cross_track=0.00 frame_id=px4_ned path_points=0 odom_source=/mavros/local_position/odom cloud_source=none mavros_connected=true
[offboard_waypoint_node-1] [INFO] [1786261940.748563862] [offboard_waypoint_node]: [HOLD_ERROR] position_error=0.235 velocity=0.007 state=IDLE_HOLD
[offboard_waypoint_node-1] [INFO] [1786261940.798595644] [offboard_waypoint_node]: [CONTROL_ARBITER] selected_source=safety_hold state=IDLE_HOLD
[ego_planner_node-10] [FSM]: state: WAIT_TARGET
[ego_planner_node-10] wait for goal or trigger.
[super_planner_ros2_node-6] [INFO] [1786261941.598292254] [super_planner_ros2_node]: SUPER_ROS2 mode=IDLE enable_output=false reason=NO_GOAL odom=(-1.39,-1.25,-0.00) goal=none tracking_setpoint_enu=(-1.39,-1.25,0.78) setpoint_ned=none yaw(desired/cmd/rate)=(0.00/0.00/0.00) cross_track=0.00 frame_id=px4_ned path_points=0 odom_source=/mavros/local_position/odom cloud_source=none mavros_connected=true
[offboard_waypoint_node-1] [INFO] [1786261941.748610282] [offboard_waypoint_node]: [HOLD_ERROR] position_error=0.246 velocity=0.002 state=IDLE_HOLD
[offboard_waypoint_node-1] [INFO] [1786261941.798613724] [offboard_waypoint_node]: [CONTROL_ARBITER] selected_source=safety_hold state=IDLE_HOLD
[ego_planner_node-10] [FSM]: state: WAIT_TARGET
[ego_planner_node-10] wait for goal or trigger.
[super_planner_ros2_node-6] [INFO] [1786261942.598373326] [super_planner_ros2_node]: SUPER_ROS2 mode=IDLE enable_output=false reason=NO_GOAL odom=(-1.38,-1.25,-0.01) goal=none tracking_setpoint_enu=(-1.38,-1.25,0.78) setpoint_ned=none yaw(desired/cmd/rate)=(0.00/0.00/0.00) cross_track=0.00 frame_id=px4_ned path_points=0 odom_source=/mavros/local_position/odom cloud_source=none mavros_connected=true
[offboard_waypoint_node-1] [INFO] [1786261942.748622067] [offboard_waypoint_node]: [HOLD_ERROR] position_error=0.254 velocity=0.002 state=IDLE_HOLD
[offboard_waypoint_node-1] [INFO] [1786261942.798615485] [offboard_waypoint_node]: [CONTROL_ARBITER] selected_source=safety_hold state=IDLE_HOLD
[ego_planner_node-10] [FSM]: state: WAIT_TARGET
[ego_planner_node-10] wait for goal or trigger.
[super_planner_ros2_node-6] [INFO] [1786261943.648323976] [super_planner_ros2_node]: SUPER_ROS2 mode=IDLE enable_output=false reason=NO_GOAL odom=(-1.38,-1.25,-0.02) goal=none tracking_setpoint_enu=(-1.38,-1.25,0.78) setpoint_ned=none yaw(desired/cmd/rate)=(0.00/0.00/0.00) cross_track=0.00 frame_id=px4_ned path_points=0 odom_source=/mavros/local_position/odom cloud_source=none mavros_connected=true
[offboard_waypoint_node-1] [INFO] [1786261943.748697437] [offboard_waypoint_node]: [HOLD_ERROR] position_error=0.263 velocity=0.003 state=IDLE_HOLD
[offboard_waypoint_node-1] [INFO] [1786261943.798646205] [offboard_waypoint_node]: [CONTROL_ARBITER] selected_source=safety_hold state=IDLE_HOLD
[ego_planner_node-10] [FSM]: state: WAIT_TARGET
[ego_planner_node-10] wait for goal or trigger.
[fastlio_bridge_node-2] [INFO] [1786261944.055438361] [fastlio_bridge_node]: 已桥接并转换里程计: ENU(0.00, 0.01, -0.01) -> NED(-0.00, 0.01, 0.01)
[fastlio_bridge_node-2] [INFO] [1786261944.094785184] [fastlio_bridge_node]: 已桥接并转换里程计: ENU(0.00, 0.01, -0.01) -> NED(-0.00, 0.01, 0.01)
[super_planner_ros2_node-6] [INFO] [1786261944.648399338] [super_planner_ros2_node]: SUPER_ROS2 mode=IDLE enable_output=false reason=NO_GOAL odom=(-1.38,-1.25,-0.03) goal=none tracking_setpoint_enu=(-1.38,-1.25,0.78) setpoint_ned=none yaw(desired/cmd/rate)=(0.00/0.00/0.00) cross_track=0.00 frame_id=px4_ned path_points=0 odom_source=/mavros/local_position/odom cloud_source=none mavros_connected=true
[offboard_waypoint_node-1] [INFO] [1786261944.798657429] [offboard_waypoint_node]: [HOLD_ERROR] position_error=0.273 velocity=0.005 state=IDLE_HOLD
[offboard_waypoint_node-1] [INFO] [1786261944.798725003] [offboard_waypoint_node]: [CONTROL_ARBITER] selected_source=safety_hold state=IDLE_HOLD
[ego_planner_node-10] [FSM]: state: WAIT_TARGET
[ego_planner_node-10] wait for goal or trigger.
[super_planner_ros2_node-6] [INFO] [1786261945.698345051] [super_planner_ros2_node]: SUPER_ROS2 mode=IDLE enable_output=false reason=NO_GOAL odom=(-1.39,-1.25,-0.04) goal=none tracking_setpoint_enu=(-1.39,-1.25,0.78) setpoint_ned=none yaw(desired/cmd/rate)=(0.00/0.00/0.00) cross_track=0.00 frame_id=px4_ned path_points=0 odom_source=/mavros/local_position/odom cloud_source=none mavros_connected=true
[offboard_waypoint_node-1] [INFO] [1786261945.848671914] [offboard_waypoint_node]: [HOLD_ERROR] position_error=0.283 velocity=0.006 state=IDLE_HOLD
[offboard_waypoint_node-1] [INFO] [1786261945.848734734] [offboard_waypoint_node]: [CONTROL_ARBITER] selected_source=safety_hold state=IDLE_HOLD
[ego_planner_node-10] [FSM]: state: WAIT_TARGET
[ego_planner_node-10] wait for goal or trigger.
[fastlio_bridge_node-2] [INFO] [1786261946.095011589] [fastlio_bridge_node]: 已桥接并转换里程计: ENU(-0.00, 0.00, -0.01) -> NED(0.00, 0.00, 0.01)
[super_planner_ros2_node-6] [INFO] [1786261946.698362364] [super_planner_ros2_node]: SUPER_ROS2 mode=IDLE enable_output=false reason=NO_GOAL odom=(-1.38,-1.25,-0.05) goal=none tracking_setpoint_enu=(-1.38,-1.25,0.78) setpoint_ned=none yaw(desired/cmd/rate)=(0.00/0.00/0.00) cross_track=0.00 frame_id=px4_ned path_points=0 odom_source=/mavros/local_position/odom cloud_source=none mavros_connected=true
[offboard_waypoint_node-1] [INFO] [1786261946.848681160] [offboard_waypoint_node]: [HOLD_ERROR] position_error=0.297 velocity=0.005 state=IDLE_HOLD
[offboard_waypoint_node-1] [INFO] [1786261946.848743117] [offboard_waypoint_node]: [CONTROL_ARBITER] selected_source=safety_hold state=IDLE_HOLD
[ego_planner_node-10] [FSM]: state: WAIT_TARGET
[ego_planner_node-10] wait for goal or trigger.
[super_planner_ros2_node-6] [INFO] [1786261947.698420557] [super_planner_ros2_node]: SUPER_ROS2 mode=IDLE enable_output=false reason=NO_GOAL odom=(-1.38,-1.25,-0.07) goal=none tracking_setpoint_enu=(-1.38,-1.25,0.78) setpoint_ned=none yaw(desired/cmd/rate)=(0.00/0.00/0.00) cross_track=0.00 frame_id=px4_ned path_points=0 odom_source=/mavros/local_position/odom cloud_source=none mavros_connected=true
[offboard_waypoint_node-1] [INFO] [1786261947.848715331] [offboard_waypoint_node]: [HOLD_ERROR] position_error=0.310 velocity=0.007 state=IDLE_HOLD
[offboard_waypoint_node-1] [INFO] [1786261947.848771806] [offboard_waypoint_node]: [CONTROL_ARBITER] selected_source=safety_hold state=IDLE_HOLD
[ego_planner_node-10] [FSM]: state: WAIT_TARGET
[ego_planner_node-10] wait for goal or trigger.
[super_planner_ros2_node-6] [INFO] [1786261948.698422149] [super_planner_ros2_node]: SUPER_ROS2 mode=IDLE enable_output=false reason=NO_GOAL odom=(-1.38,-1.25,-0.08) goal=none tracking_setpoint_enu=(-1.38,-1.25,0.78) setpoint_ned=none yaw(desired/cmd/rate)=(0.00/0.00/0.00) cross_track=0.00 frame_id=px4_ned path_points=0 odom_source=/mavros/local_position/odom cloud_source=none mavros_connected=true
[offboard_waypoint_node-1] [INFO] [1786261948.848716465] [offboard_waypoint_node]: [HOLD_ERROR] position_error=0.322 velocity=0.003 state=IDLE_HOLD
[offboard_waypoint_node-1] [INFO] [1786261948.848772675] [offboard_waypoint_node]: [CONTROL_ARBITER] selected_source=safety_hold state=IDLE_HOLD
[ego_planner_node-10] [FSM]: state: WAIT_TARGET
[ego_planner_node-10] wait for goal or trigger.
[super_planner_ros2_node-6] [INFO] [1786261949.698438219] [super_planner_ros2_node]: SUPER_ROS2 mode=IDLE enable_output=false reason=NO_GOAL odom=(-1.39,-1.26,-0.09) goal=none tracking_setpoint_enu=(-1.39,-1.26,0.78) setpoint_ned=none yaw(desired/cmd/rate)=(0.00/0.00/0.00) cross_track=0.00 frame_id=px4_ned path_points=0 odom_source=/mavros/local_position/odom cloud_source=none mavros_connected=true
[offboard_waypoint_node-1] [INFO] [1786261949.898729027] [offboard_waypoint_node]: [HOLD_ERROR] position_error=0.334 velocity=0.005 state=IDLE_HOLD
[offboard_waypoint_node-1] [INFO] [1786261949.898789652] [offboard_waypoint_node]: [CONTROL_ARBITER] selected_source=safety_hold state=IDLE_HOLD
[ego_planner_node-10] [FSM]: state: WAIT_TARGET
[ego_planner_node-10] wait for goal or trigger.
[super_planner_ros2_node-6] [INFO] [1786261950.698472320] [super_planner_ros2_node]: SUPER_ROS2 mode=IDLE enable_output=false reason=NO_GOAL odom=(-1.39,-1.25,-0.10) goal=none tracking_setpoint_enu=(-1.39,-1.25,0.78) setpoint_ned=none yaw(desired/cmd/rate)=(0.00/0.00/0.00) cross_track=0.00 frame_id=px4_ned path_points=0 odom_source=/mavros/local_position/odom cloud_source=none mavros_connected=true
[offboard_waypoint_node-1] [INFO] [1786261950.948726222] [offboard_waypoint_node]: [HOLD_ERROR] position_error=0.345 velocity=0.004 state=IDLE_HOLD
[offboard_waypoint_node-1] [INFO] [1786261950.948786065] [offboard_waypoint_node]: [CONTROL_ARBITER] selected_source=safety_hold state=IDLE_HOLD
[ego_planner_node-10] [FSM]: state: WAIT_TARGET
[ego_planner_node-10] wait for goal or trigger.
[super_planner_ros2_node-6] [INFO] [1786261951.748602037] [super_planner_ros2_node]: SUPER_ROS2 mode=IDLE enable_output=false reason=NO_GOAL odom=(-1.39,-1.25,-0.11) goal=none tracking_setpoint_enu=(-1.39,-1.25,0.78) setpoint_ned=none yaw(desired/cmd/rate)=(0.00/0.00/0.00) cross_track=0.00 frame_id=px4_ned path_points=0 odom_source=/mavros/local_position/odom cloud_source=none mavros_connected=true
[offboard_waypoint_node-1] [INFO] [1786261951.998700189] [offboard_waypoint_node]: [HOLD_ERROR] position_error=0.351 velocity=0.008 state=IDLE_HOLD
[offboard_waypoint_node-1] [INFO] [1786261951.998744624] [offboard_waypoint_node]: [CONTROL_ARBITER] selected_source=safety_hold state=IDLE_HOLD
[fastlio_bridge_node-2] [INFO] [1786261952.015144821] [fastlio_bridge_node]: 已桥接并转换里程计: ENU(0.00, -0.00, -0.01) -> NED(-0.00, -0.00, 0.01)
[ego_planner_node-10] [FSM]: state: WAIT_TARGET
[ego_planner_node-10] wait for goal or trigger.
[super_planner_ros2_node-6] [INFO] [1786261952.798448877] [super_planner_ros2_node]: SUPER_ROS2 mode=IDLE enable_output=false reason=NO_GOAL odom=(-1.38,-1.26,-0.11) goal=none tracking_setpoint_enu=(-1.38,-1.26,0.78) setpoint_ned=none yaw(desired/cmd/rate)=(0.00/0.00/0.00) cross_track=0.00 frame_id=px4_ned path_points=0 odom_source=/mavros/local_position/odom cloud_source=none mavros_connected=true
[offboard_waypoint_node-1] [INFO] [1786261952.998762774] [offboard_waypoint_node]: [HOLD_ERROR] position_error=0.353 velocity=0.005 state=IDLE_HOLD
[offboard_waypoint_node-1] [INFO] [1786261952.998808156] [offboard_waypoint_node]: [CONTROL_ARBITER] selected_source=safety_hold state=IDLE_HOLD
[ego_planner_node-10] [FSM]: state: WAIT_TARGET
[ego_planner_node-10] wait for goal or trigger.
[super_planner_ros2_node-6] [INFO] [1786261953.798469201] [super_planner_ros2_node]: SUPER_ROS2 mode=IDLE enable_output=false reason=NO_GOAL odom=(-1.38,-1.25,-0.11) goal=none tracking_setpoint_enu=(-1.38,-1.25,0.78) setpoint_ned=none yaw(desired/cmd/rate)=(0.00/0.00/0.00) cross_track=0.00 frame_id=px4_ned path_points=0 odom_source=/mavros/local_position/odom cloud_source=none mavros_connected=true
[offboard_waypoint_node-1] [INFO] [1786261953.998768315] [offboard_waypoint_node]: [HOLD_ERROR] position_error=0.353 velocity=0.003 state=IDLE_HOLD
[offboard_waypoint_node-1] [INFO] [1786261953.998850924] [offboard_waypoint_node]: [CONTROL_ARBITER] selected_source=safety_hold state=IDLE_HOLD
[fastlio_bridge_node-2] [INFO] [1786261954.006556235] [fastlio_bridge_node]: 已桥接并转换里程计: ENU(0.00, 0.01, -0.02) -> NED(-0.00, 0.01, 0.02)
[ego_planner_node-10] [FSM]: state: WAIT_TARGET
[ego_planner_node-10] wait for goal or trigger.
[super_planner_ros2_node-6] [INFO] [1786261954.798547310] [super_planner_ros2_node]: SUPER_ROS2 mode=IDLE enable_output=false reason=NO_GOAL odom=(-1.39,-1.25,-0.11) goal=none tracking_setpoint_enu=(-1.39,-1.25,0.78) setpoint_ned=none yaw(desired/cmd/rate)=(0.00/0.00/0.00) cross_track=0.00 frame_id=px4_ned path_points=0 odom_source=/mavros/local_position/odom cloud_source=none mavros_connected=true
[offboard_waypoint_node-1] [INFO] [1786261954.998814487] [offboard_waypoint_node]: [HOLD_ERROR] position_error=0.350 velocity=0.005 state=IDLE_HOLD
[offboard_waypoint_node-1] [INFO] [1786261954.998881614] [offboard_waypoint_node]: [CONTROL_ARBITER] selected_source=safety_hold state=IDLE_HOLD
[ego_planner_node-10] [FSM]: state: WAIT_TARGET
[ego_planner_node-10] wait for goal or trigger.
[super_planner_ros2_node-6] [INFO] [1786261955.799434782] [super_planner_ros2_node]: SUPER_ROS2 mode=IDLE enable_output=false reason=NO_GOAL odom=(-1.39,-1.25,-0.11) goal=none tracking_setpoint_enu=(-1.39,-1.25,0.78) setpoint_ned=none yaw(desired/cmd/rate)=(0.00/0.00/0.00) cross_track=0.00 frame_id=px4_ned path_points=0 odom_source=/mavros/local_position/odom cloud_source=none mavros_connected=true
[mapping_manager_node-5] [INFO] [1786261955.929771001] [mapping_manager_node]: Mapping status: in_flight=false, map_loaded=false, map_saved=false
[offboard_waypoint_node-1] [INFO] [1786261955.998830301] [offboard_waypoint_node]: [HOLD_ERROR] position_error=0.344 velocity=0.007 state=IDLE_HOLD
[offboard_waypoint_node-1] [INFO] [1786261955.998893451] [offboard_waypoint_node]: [CONTROL_ARBITER] selected_source=safety_hold state=IDLE_HOLD
[ego_planner_node-10] [FSM]: state: WAIT_TARGET
[ego_planner_node-10] wait for goal or trigger.
[super_planner_ros2_node-6] [INFO] [1786261956.848529308] [super_planner_ros2_node]: SUPER_ROS2 mode=IDLE enable_output=false reason=NO_GOAL odom=(-1.39,-1.25,-0.10) goal=none tracking_setpoint_enu=(-1.39,-1.25,0.78) setpoint_ned=none yaw(desired/cmd/rate)=(0.00/0.00/0.00) cross_track=0.00 frame_id=px4_ned path_points=0 odom_source=/mavros/local_position/odom cloud_source=none mavros_connected=true
[offboard_waypoint_node-1] [INFO] [1786261957.048854358] [offboard_waypoint_node]: [HOLD_ERROR] position_error=0.335 velocity=0.006 state=IDLE_HOLD
[offboard_waypoint_node-1] [INFO] [1786261957.048920211] [offboard_waypoint_node]: [CONTROL_ARBITER] selected_source=safety_hold state=IDLE_HOLD
[ego_planner_node-10] [FSM]: state: WAIT_TARGET
[ego_planner_node-10] wait for goal or trigger.
[super_planner_ros2_node-6] [INFO] [1786261957.848576458] [super_planner_ros2_node]: SUPER_ROS2 mode=IDLE enable_output=false reason=NO_GOAL odom=(-1.38,-1.25,-0.09) goal=none tracking_setpoint_enu=(-1.38,-1.25,0.78) setpoint_ned=none yaw(desired/cmd/rate)=(0.00/0.00/0.00) cross_track=0.00 frame_id=px4_ned path_points=0 odom_source=/mavros/local_position/odom cloud_source=none mavros_connected=true
[fastlio_bridge_node-2] [INFO] [1786261958.034599988] [fastlio_bridge_node]: 已桥接并转换里程计: ENU(-0.00, -0.00, -0.01) -> NED(0.00, -0.00, 0.01)
[fastlio_bridge_node-2] [INFO] [1786261958.043481941] [fastlio_bridge_node]: 已桥接并转换里程计: ENU(-0.00, 0.00, -0.01) -> NED(0.00, 0.00, 0.01)
[offboard_waypoint_node-1] [INFO] [1786261958.098849431] [offboard_waypoint_node]: [HOLD_ERROR] position_error=0.327 velocity=0.005 state=IDLE_HOLD
[offboard_waypoint_node-1] [INFO] [1786261958.098907195] [offboard_waypoint_node]: [CONTROL_ARBITER] selected_source=safety_hold state=IDLE_HOLD
[ego_planner_node-10] [FSM]: state: WAIT_TARGET
[ego_planner_node-10] wait for goal or trigger.
[super_planner_ros2_node-6] [INFO] [1786261958.898602023] [super_planner_ros2_node]: SUPER_ROS2 mode=IDLE enable_output=false reason=NO_GOAL odom=(-1.38,-1.26,-0.08) goal=none tracking_setpoint_enu=(-1.38,-1.26,0.78) setpoint_ned=none yaw(desired/cmd/rate)=(0.00/0.00/0.00) cross_track=0.00 frame_id=px4_ned path_points=0 odom_source=/mavros/local_position/odom cloud_source=none mavros_connected=true
[offboard_waypoint_node-1] [INFO] [1786261959.098868848] [offboard_waypoint_node]: [HOLD_ERROR] position_error=0.319 velocity=0.005 state=IDLE_HOLD
[offboard_waypoint_node-1] [INFO] [1786261959.098929550] [offboard_waypoint_node]: [CONTROL_ARBITER] selected_source=safety_hold state=IDLE_HOLD
[ego_planner_node-10] [FSM]: state: WAIT_TARGET
[ego_planner_node-10] wait for goal or trigger.
[super_planner_ros2_node-6] [INFO] [1786261959.948543269] [super_planner_ros2_node]: SUPER_ROS2 mode=IDLE enable_output=false reason=NO_GOAL odom=(-1.38,-1.25,-0.07) goal=none tracking_setpoint_enu=(-1.38,-1.25,0.78) setpoint_ned=none yaw(desired/cmd/rate)=(0.00/0.00/0.00) cross_track=0.00 frame_id=px4_ned path_points=0 odom_source=/mavros/local_position/odom cloud_source=none mavros_connected=true
[offboard_waypoint_node-1] [INFO] [1786261960.098871538] [offboard_waypoint_node]: [HOLD_ERROR] position_error=0.311 velocity=0.007 state=IDLE_HOLD
[offboard_waypoint_node-1] [INFO] [1786261960.098931444] [offboard_waypoint_node]: [CONTROL_ARBITER] selected_source=safety_hold state=IDLE_HOLD
[ego_planner_node-10] [FSM]: state: WAIT_TARGET
[ego_planner_node-10] wait for goal or trigger.
[super_planner_ros2_node-6] [INFO] [1786261960.948598706] [super_planner_ros2_node]: SUPER_ROS2 mode=IDLE enable_output=false reason=NO_GOAL odom=(-1.39,-1.25,-0.06) goal=none tracking_setpoint_enu=(-1.39,-1.25,0.78) setpoint_ned=none yaw(desired/cmd/rate)=(0.00/0.00/0.00) cross_track=0.00 frame_id=px4_ned path_points=0 odom_source=/mavros/local_position/odom cloud_source=none mavros_connected=true
[offboard_waypoint_node-1] [INFO] [1786261961.098914012] [offboard_waypoint_node]: [HOLD_ERROR] position_error=0.301 velocity=0.007 state=IDLE_HOLD
[offboard_waypoint_node-1] [INFO] [1786261961.099029582] [offboard_waypoint_node]: [CONTROL_ARBITER] selected_source=safety_hold state=IDLE_HOLD
[ego_planner_node-10] [FSM]: state: WAIT_TARGET
[ego_planner_node-10] wait for goal or trigger.
[super_planner_ros2_node-6] [INFO] [1786261961.948682587] [super_planner_ros2_node]: SUPER_ROS2 mode=IDLE enable_output=false reason=NO_GOAL odom=(-1.39,-1.25,-0.05) goal=none tracking_setpoint_enu=(-1.39,-1.25,0.78) setpoint_ned=none yaw(desired/cmd/rate)=(0.00/0.00/0.00) cross_track=0.00 frame_id=px4_ned path_points=0 odom_source=/mavros/local_position/odom cloud_source=none mavros_connected=true
[offboard_waypoint_node-1] [INFO] [1786261962.148924310] [offboard_waypoint_node]: [HOLD_ERROR] position_error=0.291 velocity=0.006 state=IDLE_HOLD
[offboard_waypoint_node-1] [INFO] [1786261962.148992564] [offboard_waypoint_node]: [CONTROL_ARBITER] selected_source=safety_hold state=IDLE_HOLD
[ego_planner_node-10] [FSM]: state: WAIT_TARGET
[ego_planner_node-10] wait for goal or trigger.
[super_planner_ros2_node-6] [INFO] [1786261962.998641287] [super_planner_ros2_node]: SUPER_ROS2 mode=IDLE enable_output=false reason=NO_GOAL odom=(-1.38,-1.26,-0.04) goal=none tracking_setpoint_enu=(-1.38,-1.26,0.78) setpoint_ned=none yaw(desired/cmd/rate)=(0.00/0.00/0.00) cross_track=0.00 frame_id=px4_ned path_points=0 odom_source=/mavros/local_position/odom cloud_source=none mavros_connected=true
[offboard_waypoint_node-1] [INFO] [1786261963.148936930] [offboard_waypoint_node]: [HOLD_ERROR] position_error=0.282 velocity=0.003 state=IDLE_HOLD
[offboard_waypoint_node-1] [INFO] [1786261963.149002488] [offboard_waypoint_node]: [CONTROL_ARBITER] selected_source=safety_hold state=IDLE_HOLD
[ego_planner_node-10] [FSM]: state: WAIT_TARGET
[ego_planner_node-10] wait for goal or trigger.
[super_planner_ros2_node-6] [INFO] [1786261963.998709834] [super_planner_ros2_node]: SUPER_ROS2 mode=IDLE enable_output=false reason=NO_GOAL odom=(-1.38,-1.25,-0.03) goal=none tracking_setpoint_enu=(-1.38,-1.25,0.78) setpoint_ned=none yaw(desired/cmd/rate)=(0.00/0.00/0.00) cross_track=0.00 frame_id=px4_ned path_points=0 odom_source=/mavros/local_position/odom cloud_source=none mavros_connected=true
[fastlio_bridge_node-2] [INFO] [1786261964.020165420] [fastlio_bridge_node]: 已桥接并转换里程计: ENU(0.00, 0.01, -0.01) -> NED(-0.00, 0.01, 0.01)
[fastlio_bridge_node-2] [INFO] [1786261964.028137506] [fastlio_bridge_node]: 已桥接并转换里程计: ENU(0.00, 0.01, -0.01) -> NED(-0.00, 0.01, 0.01)
[offboard_waypoint_node-1] [INFO] [1786261964.148959881] [offboard_waypoint_node]: [HOLD_ERROR] position_error=0.273 velocity=0.003 state=IDLE_HOLD
[offboard_waypoint_node-1] [INFO] [1786261964.149023477] [offboard_waypoint_node]: [CONTROL_ARBITER] selected_source=safety_hold state=IDLE_HOLD
[ego_planner_node-10] [FSM]: state: WAIT_TARGET
[ego_planner_node-10] wait for goal or trigger.
[super_planner_ros2_node-6] [INFO] [1786261965.048660183] [super_planner_ros2_node]: SUPER_ROS2 mode=IDLE enable_output=false reason=NO_GOAL odom=(-1.38,-1.25,-0.02) goal=none tracking_setpoint_enu=(-1.38,-1.25,0.78) setpoint_ned=none yaw(desired/cmd/rate)=(0.00/0.00/0.00) cross_track=0.00 frame_id=px4_ned path_points=0 odom_source=/mavros/local_position/odom cloud_source=none mavros_connected=true
[offboard_waypoint_node-1] [INFO] [1786261965.148966569] [offboard_waypoint_node]: [HOLD_ERROR] position_error=0.262 velocity=0.002 state=IDLE_HOLD
[offboard_waypoint_node-1] [INFO] [1786261965.149025703] [offboard_waypoint_node]: [CONTROL_ARBITER] selected_source=safety_hold state=IDLE_HOLD
[ego_planner_node-10] [FSM]: state: WAIT_TARGET
[ego_planner_node-10] wait for goal or trigger.
[super_planner_ros2_node-6] [INFO] [1786261966.048776626] [super_planner_ros2_node]: SUPER_ROS2 mode=IDLE enable_output=false reason=NO_GOAL odom=(-1.39,-1.25,-0.01) goal=none tracking_setpoint_enu=(-1.39,-1.25,0.78) setpoint_ned=none yaw(desired/cmd/rate)=(0.00/0.00/0.00) cross_track=0.00 frame_id=px4_ned path_points=0 odom_source=/mavros/local_position/odom cloud_source=none mavros_connected=true
[fastlio_bridge_node-2] [INFO] [1786261966.095422997] [fastlio_bridge_node]: 已桥接并转换里程计: ENU(-0.00, 0.00, -0.01) -> NED(0.00, 0.00, 0.01)
[offboard_waypoint_node-1] [INFO] [1786261966.198976118] [offboard_waypoint_node]: [HOLD_ERROR] position_error=0.251 velocity=0.003 state=IDLE_HOLD
[offboard_waypoint_node-1] [INFO] [1786261966.199037064] [offboard_waypoint_node]: [CONTROL_ARBITER] selected_source=safety_hold state=IDLE_HOLD
[ego_planner_node-10] [FSM]: state: WAIT_TARGET
[ego_planner_node-10] wait for goal or trigger.
[super_planner_ros2_node-6] [INFO] [1786261967.098760008] [super_planner_ros2_node]: SUPER_ROS2 mode=IDLE enable_output=false reason=NO_GOAL odom=(-1.38,-1.25,-0.00) goal=none tracking_setpoint_enu=(-1.38,-1.25,0.78) setpoint_ned=none yaw(desired/cmd/rate)=(0.00/0.00/0.00) cross_track=0.00 frame_id=px4_ned path_points=0 odom_source=/mavros/local_position/odom cloud_source=none mavros_connected=true
[offboard_waypoint_node-1] [INFO] [1786261967.199018122] [offboard_waypoint_node]: [HOLD_ERROR] position_error=0.241 velocity=0.004 state=IDLE_HOLD
[offboard_waypoint_node-1] [INFO] [1786261967.199077919] [offboard_waypoint_node]: [CONTROL_ARBITER] selected_source=safety_hold state=IDLE_HOLD
[ego_planner_node-10] [FSM]: state: WAIT_TARGET
[ego_planner_node-10] wait for goal or trigger.
[fastlio_bridge_node-2] [INFO] [1786261968.054790686] [fastlio_bridge_node]: 已桥接并转换里程计: ENU(-0.01, -0.01, -0.02) -> NED(0.01, -0.01, 0.02)
[fastlio_bridge_node-2] [INFO] [1786261968.064766954] [fastlio_bridge_node]: 已桥接并转换里程计: ENU(-0.01, -0.01, -0.02) -> NED(0.01, -0.01, 0.02)
[super_planner_ros2_node-6] [INFO] [1786261968.148760438] [super_planner_ros2_node]: SUPER_ROS2 mode=IDLE enable_output=false reason=NO_GOAL odom=(-1.38,-1.25,0.01) goal=none tracking_setpoint_enu=(-1.38,-1.25,0.78) setpoint_ned=none yaw(desired/cmd/rate)=(0.00/0.00/0.00) cross_track=0.00 frame_id=px4_ned path_points=0 odom_source=/mavros/local_position/odom cloud_source=none mavros_connected=true
[offboard_waypoint_node-1] [INFO] [1786261968.249001642] [offboard_waypoint_node]: [HOLD_ERROR] position_error=0.230 velocity=0.003 state=IDLE_HOLD
[offboard_waypoint_node-1] [INFO] [1786261968.249049709] [offboard_waypoint_node]: [CONTROL_ARBITER] selected_source=safety_hold state=IDLE_HOLD
[ego_planner_node-10] [FSM]: state: WAIT_TARGET
[ego_planner_node-10] wait for goal or trigger.
[super_planner_ros2_node-6] [INFO] [1786261969.148786047] [super_planner_ros2_node]: SUPER_ROS2 mode=IDLE enable_output=false reason=NO_GOAL odom=(-1.38,-1.25,0.02) goal=none tracking_setpoint_enu=(-1.38,-1.25,0.78) setpoint_ned=none yaw(desired/cmd/rate)=(0.00/0.00/0.00) cross_track=0.00 frame_id=px4_ned path_points=0 odom_source=/mavros/local_position/odom cloud_source=none mavros_connected=true
[offboard_waypoint_node-1] [INFO] [1786261969.299047207] [offboard_waypoint_node]: [HOLD_ERROR] position_error=0.220 velocity=0.003 state=IDLE_HOLD
[offboard_waypoint_node-1] [INFO] [1786261969.299099192] [offboard_waypoint_node]: [CONTROL_ARBITER] selected_source=safety_hold state=IDLE_HOLD
[ego_planner_node-10] [FSM]: state: WAIT_TARGET
[ego_planner_node-10] wait for goal or trigger.
[fastlio_bridge_node-2] [INFO] [1786261970.005288254] [fastlio_bridge_node]: 已桥接并转换里程计: ENU(-0.00, 0.00, -0.02) -> NED(0.00, 0.00, 0.02)
[super_planner_ros2_node-6] [INFO] [1786261970.148805093] [super_planner_ros2_node]: SUPER_ROS2 mode=IDLE enable_output=false reason=NO_GOAL odom=(-1.38,-1.25,0.03) goal=none tracking_setpoint_enu=(-1.38,-1.25,0.78) setpoint_ned=none yaw(desired/cmd/rate)=(0.00/0.00/0.00) cross_track=0.00 frame_id=px4_ned path_points=0 odom_source=/mavros/local_position/odom cloud_source=none mavros_connected=true
[offboard_waypoint_node-1] [INFO] [1786261970.299047580] [offboard_waypoint_node]: [HOLD_ERROR] position_error=0.213 velocity=0.004 state=IDLE_HOLD
[offboard_waypoint_node-1] [INFO] [1786261970.299104571] [offboard_waypoint_node]: [CONTROL_ARBITER] selected_source=safety_hold state=IDLE_HOLD
[ego_planner_node-10] [FSM]: state: WAIT_TARGET
[ego_planner_node-10] wait for goal or trigger.
[super_planner_ros2_node-6] [INFO] [1786261971.198737708] [super_planner_ros2_node]: SUPER_ROS2 mode=IDLE enable_output=false reason=NO_GOAL odom=(-1.38,-1.25,0.03) goal=none tracking_setpoint_enu=(-1.38,-1.25,0.78) setpoint_ned=none yaw(desired/cmd/rate)=(0.00/0.00/0.00) cross_track=0.00 frame_id=px4_ned path_points=0 odom_source=/mavros/local_position/odom cloud_source=none mavros_connected=true
[offboard_waypoint_node-1] [INFO] [1786261971.299067303] [offboard_waypoint_node]: [HOLD_ERROR] position_error=0.207 velocity=0.006 state=IDLE_HOLD
[offboard_waypoint_node-1] [INFO] [1786261971.299128268] [offboard_waypoint_node]: [CONTROL_ARBITER] selected_source=safety_hold state=IDLE_HOLD
[ego_planner_node-10] [FSM]: state: WAIT_TARGET
[ego_planner_node-10] wait for goal or trigger.
[fastlio_bridge_node-2] [INFO] [1786261972.035238251] [fastlio_bridge_node]: 已桥接并转换里程计: ENU(-0.00, 0.01, -0.01) -> NED(0.00, 0.01, 0.01)
[super_planner_ros2_node-6] [INFO] [1786261972.198798509] [super_planner_ros2_node]: SUPER_ROS2 mode=IDLE enable_output=false reason=NO_GOAL odom=(-1.38,-1.25,0.04) goal=none tracking_setpoint_enu=(-1.38,-1.25,0.78) setpoint_ned=none yaw(desired/cmd/rate)=(0.00/0.00/0.00) cross_track=0.00 frame_id=px4_ned path_points=0 odom_source=/mavros/local_position/odom cloud_source=none mavros_connected=true
[offboard_waypoint_node-1] [INFO] [1786261972.299079029] [offboard_waypoint_node]: [HOLD_ERROR] position_error=0.199 velocity=0.001 state=IDLE_HOLD
[offboard_waypoint_node-1] [INFO] [1786261972.299148978] [offboard_waypoint_node]: [CONTROL_ARBITER] selected_source=safety_hold state=IDLE_HOLD
[ego_planner_node-10] [FSM]: state: WAIT_TARGET
[ego_planner_node-10] wait for goal or trigger.
[super_planner_ros2_node-6] [INFO] [1786261973.198808042] [super_planner_ros2_node]: SUPER_ROS2 mode=IDLE enable_output=false reason=NO_GOAL odom=(-1.39,-1.25,0.05) goal=none tracking_setpoint_enu=(-1.39,-1.25,0.78) setpoint_ned=none yaw(desired/cmd/rate)=(0.00/0.00/0.00) cross_track=0.00 frame_id=px4_ned path_points=0 odom_source=/mavros/local_position/odom cloud_source=none mavros_connected=true
[offboard_waypoint_node-1] [INFO] [1786261973.349078104] [offboard_waypoint_node]: [HOLD_ERROR] position_error=0.192 velocity=0.001 state=IDLE_HOLD
[offboard_waypoint_node-1] [INFO] [1786261973.349122236] [offboard_waypoint_node]: [CONTROL_ARBITER] selected_source=safety_hold state=IDLE_HOLD
[ego_planner_node-10] [FSM]: state: WAIT_TARGET
[ego_planner_node-10] wait for goal or trigger.
[super_planner_ros2_node-6] [INFO] [1786261974.248754279] [super_planner_ros2_node]: SUPER_ROS2 mode=IDLE enable_output=false reason=NO_GOAL odom=(-1.38,-1.25,0.06) goal=none tracking_setpoint_enu=(-1.38,-1.25,0.78) setpoint_ned=none yaw(desired/cmd/rate)=(0.00/0.00/0.00) cross_track=0.00 frame_id=px4_ned path_points=0 odom_source=/mavros/local_position/odom cloud_source=none mavros_connected=true
[offboard_waypoint_node-1] [INFO] [1786261974.349114445] [offboard_waypoint_node]: [HOLD_ERROR] position_error=0.185 velocity=0.002 state=IDLE_HOLD
[offboard_waypoint_node-1] [INFO] [1786261974.349180481] [offboard_waypoint_node]: [CONTROL_ARBITER] selected_source=safety_hold state=IDLE_HOLD
[ego_planner_node-10] [FSM]: state: WAIT_TARGET
[ego_planner_node-10] wait for goal or trigger.
[super_planner_ros2_node-6] [INFO] [1786261975.248803201] [super_planner_ros2_node]: SUPER_ROS2 mode=IDLE enable_output=false reason=NO_GOAL odom=(-1.39,-1.26,0.07) goal=none tracking_setpoint_enu=(-1.39,-1.26,0.78) setpoint_ned=none yaw(desired/cmd/rate)=(0.00/0.00/0.00) cross_track=0.00 frame_id=px4_ned path_points=0 odom_source=/mavros/local_position/odom cloud_source=none mavros_connected=true
[offboard_waypoint_node-1] [INFO] [1786261975.349122571] [offboard_waypoint_node]: [HOLD_ERROR] position_error=0.174 velocity=0.006 state=IDLE_HOLD
[offboard_waypoint_node-1] [INFO] [1786261975.349181703] [offboard_waypoint_node]: [CONTROL_ARBITER] selected_source=safety_hold state=IDLE_HOLD
[ego_planner_node-10] [FSM]: state: WAIT_TARGET
[ego_planner_node-10] wait for goal or trigger.
[super_planner_ros2_node-6] [INFO] [1786261976.248827766] [super_planner_ros2_node]: SUPER_ROS2 mode=IDLE enable_output=false reason=NO_GOAL odom=(-1.39,-1.25,0.08) goal=none tracking_setpoint_enu=(-1.39,-1.25,0.78) setpoint_ned=none yaw(desired/cmd/rate)=(0.00/0.00/0.00) cross_track=0.00 frame_id=px4_ned path_points=0 odom_source=/mavros/local_position/odom cloud_source=none mavros_connected=true
[offboard_waypoint_node-1] [INFO] [1786261976.349123247] [offboard_waypoint_node]: [HOLD_ERROR] position_error=0.163 velocity=0.006 state=IDLE_HOLD
[ego_planner_node-10] [FSM]: state: WAIT_TARGET
[ego_planner_node-10] wait for goal or trigger.
[offboard_waypoint_node-1] [INFO] [1786261976.399155784] [offboard_waypoint_node]: [CONTROL_ARBITER] selected_source=safety_hold state=IDLE_HOLD
[super_planner_ros2_node-6] [INFO] [1786261977.248839956] [super_planner_ros2_node]: SUPER_ROS2 mode=IDLE enable_output=false reason=NO_GOAL odom=(-1.39,-1.25,0.09) goal=none tracking_setpoint_enu=(-1.39,-1.25,0.78) setpoint_ned=none yaw(desired/cmd/rate)=(0.00/0.00/0.00) cross_track=0.00 frame_id=px4_ned path_points=0 odom_source=/mavros/local_position/odom cloud_source=none mavros_connected=true
[offboard_waypoint_node-1] [INFO] [1786261977.349191748] [offboard_waypoint_node]: [HOLD_ERROR] position_error=0.153 velocity=0.003 state=IDLE_HOLD
[ego_planner_node-10] [FSM]: state: WAIT_TARGET
[ego_planner_node-10] wait for goal or trigger.
[offboard_waypoint_node-1] [INFO] [1786261977.399171774] [offboard_waypoint_node]: [CONTROL_ARBITER] selected_source=safety_hold state=IDLE_HOLD
[super_planner_ros2_node-6] [INFO] [1786261978.249184246] [super_planner_ros2_node]: SUPER_ROS2 mode=IDLE enable_output=false reason=NO_GOAL odom=(-1.38,-1.25,0.09) goal=none tracking_setpoint_enu=(-1.38,-1.25,0.78) setpoint_ned=none yaw(desired/cmd/rate)=(0.00/0.00/0.00) cross_track=0.00 frame_id=px4_ned path_points=0 odom_source=/mavros/local_position/odom cloud_source=none mavros_connected=true
[offboard_waypoint_node-1] [INFO] [1786261978.399155590] [offboard_waypoint_node]: [HOLD_ERROR] position_error=0.145 velocity=0.005 state=IDLE_HOLD
[offboard_waypoint_node-1] [INFO] [1786261978.399199529] [offboard_waypoint_node]: [CONTROL_ARBITER] selected_source=safety_hold state=IDLE_HOLD
[ego_planner_node-10] [FSM]: state: WAIT_TARGET
[ego_planner_node-10] wait for goal or trigger.
