Linux 6.8.0-134-generic (robot) 	2026年07月24日 	_x86_64_	(16 CPU)

# Time        UID      TGID       TID    %usr %system  %guest   %wait    %CPU   CPU  minflt/s  majflt/s     VSZ     RSS   %MEM  Command
16时28分03秒  1000     30037         -   30.00    3.00    0.00    1.00   33.00    12    487.00      0.00 1000544  159844   2.08  fastlio_mapping
16时28分03秒  1000         -     30037    6.00    0.00    0.00    1.00    6.00    12    468.00      0.00 1000544  159844   2.08  |__fastlio_mapping
16时28分03秒  1000         -     30039    1.00    2.00    0.00    0.00    3.00     3      0.00      0.00 1000544  159844   2.08  |__fastlio_mapping
16时28分03秒  1000         -     30040    0.00    0.00    0.00    0.00    0.00     8      0.00      0.00 1000544  159844   2.08  |__fastlio_mapping
16时28分03秒  1000         -     30041    0.00    0.00    0.00    0.00    0.00    13      0.00      0.00 1000544  159844   2.08  |__fastlio_mapping
16时28分03秒  1000         -     30042    0.00    0.00    0.00    0.00    0.00     9      0.00      0.00 1000544  159844   2.08  |__fastlio_mapping
16时28分03秒  1000         -     30043    0.00    0.00    0.00    0.00    0.00    15      0.00      0.00 1000544  159844   2.08  |__fastlio_mapping
16时28分03秒  1000         -     30044    0.00    0.00    0.00    0.00    0.00    13      0.00      0.00 1000544  159844   2.08  |__fastlio_mapping
16时28分03秒  1000         -     30045    0.00    0.00    0.00    0.00    0.00    11      4.00      0.00 1000544  159844   2.08  |__fastlio_mapping
16时28分03秒  1000         -     30046    0.00    0.00    0.00    0.00    0.00    10     14.00      0.00 1000544  159844   2.08  |__fastlio_mapping
16时28分03秒  1000         -     30047    0.00    0.00    0.00    0.00    0.00    13      0.00      0.00 1000544  159844   2.08  |__fastlio_mapping
16时28分03秒  1000         -     30048    1.00    0.00    0.00    0.00    1.00    13      1.00      0.00 1000544  159844   2.08  |__fastlio_mapping
16时28分03秒  1000         -     30049    0.00    0.00    0.00    0.00    0.00    13      0.00      0.00 1000544  159844   2.08  |__fastlio_mapping
16时28分03秒  1000         -     30050    0.00    0.00    0.00    0.00    0.00    12      0.00      0.00 1000544  159844   2.08  |__fastlio_mapping
16时28分03秒  1000         -     30053   13.00    0.00    0.00    1.00   13.00     2      0.00      0.00 1000544  159844   2.08  |__fastlio_mapping
16时28分03秒  1000         -     30054    9.00    0.00    0.00    0.00    9.00     6      0.00      0.00 1000544  159844   2.08  |__fastlio_mapping

# Time        UID      TGID       TID    %usr %system  %guest   %wait    %CPU   CPU  minflt/s  majflt/s     VSZ     RSS   %MEM  Command
16时28分04秒  1000     30037         -   29.00    2.00    0.00    0.00   31.00    14    997.00      0.00  999568  157708   2.06  fastlio_mapping
16时28分04秒  1000         -     30037    7.00    0.00    0.00    0.00    7.00    14    994.00      0.00  999568  157708   2.06  |__fastlio_mapping
16时28分04秒  1000         -     30039    1.00    1.00    0.00    0.00    2.00     1      0.00      0.00  999568  157708   2.06  |__fastlio_mapping
16时28分04秒  1000         -     30040    0.00    0.00    0.00    0.00    0.00     8      0.00      0.00  999568  157708   2.06  |__fastlio_mapping
16时28分04秒  1000         -     30041    0.00    0.00    0.00    0.00    0.00    13      0.00      0.00  999568  157708   2.06  |__fastlio_mapping
16时28分04秒  1000         -     30042    0.00    0.00    0.00    0.00    0.00     9      0.00      0.00  999568  157708   2.06  |__fastlio_mapping
16时28分04秒  1000         -     30043    0.00    0.00    0.00    0.00    0.00     6      0.00      0.00  999568  157708   2.06  |__fastlio_mapping
16时28分04秒  1000         -     30044    0.00    0.00    0.00    0.00    0.00    13      0.00      0.00  999568  157708   2.06  |__fastlio_mapping
16时28分04秒  1000         -     30045    0.00    0.00    0.00    0.00    0.00     9      0.00      0.00  999568  157708   2.06  |__fastlio_mapping
16时28分04秒  1000         -     30046    0.00    0.00    0.00    0.00    0.00     8      0.00      0.00  999568  157708   2.06  |__fastlio_mapping
16时28分04秒  1000         -     30047    0.00    0.00    0.00    0.00    0.00    13      0.00      0.00  999568  157708   2.06  |__fastlio_mapping
16时28分04秒  1000         -     30048    1.00    1.00    0.00    0.00    2.00    12      3.00      0.00  999568  157708   2.06  |__fastlio_mapping
16时28分04秒  1000         -     30049    0.00    0.00    0.00    0.00    0.00    13      0.00      0.00  999568  157708   2.06  |__fastlio_mapping
16时28分04秒  1000         -     30050    0.00    0.00    0.00    0.00    0.00    12      0.00      0.00  999568  157708   2.06  |__fastlio_mapping
16时28分04秒  1000         -     30053   11.00    0.00    0.00    0.00   11.00     5      0.00      0.00  999568  157708   2.06  |__fastlio_mapping
16时28分04秒  1000         -     30054    8.00    0.00    0.00    0.00    8.00     8      0.00      0.00  999568  157708   2.06  |__fastlio_mapping

# Time        UID      TGID       TID    %usr %system  %guest   %wait    %CPU   CPU  minflt/s  majflt/s     VSZ     RSS   %MEM  Command
16时28分05秒  1000     30037         -   30.00    1.00    0.00    0.00   31.00    13    645.00      0.00  999804  158296   2.06  fastlio_mapping
16时28分05秒  1000         -     30037    7.00    1.00    0.00    0.00    8.00    13    645.00      0.00  999804  158296   2.06  |__fastlio_mapping
16时28分05秒  1000         -     30039    1.00    1.00    0.00    1.00    2.00     9      0.00      0.00  999804  158296   2.06  |__fastlio_mapping
16时28分05秒  1000         -     30040    0.00    0.00    0.00    0.00    0.00     8      0.00      0.00  999804  158296   2.06  |__fastlio_mapping
16时28分05秒  1000         -     30041    0.00    0.00    0.00    0.00    0.00    13      0.00      0.00  999804  158296   2.06  |__fastlio_mapping
16时28分05秒  1000         -     30042    0.00    0.00    0.00    0.00    0.00     8      0.00      0.00  999804  158296   2.06  |__fastlio_mapping
16时28分05秒  1000         -     30043    0.00    0.00    0.00    0.00    0.00    11      0.00      0.00  999804  158296   2.06  |__fastlio_mapping
16时28分05秒  1000         -     30044    0.00    0.00    0.00    0.00    0.00    13      0.00      0.00  999804  158296   2.06  |__fastlio_mapping
16时28分05秒  1000         -     30045    0.00    0.00    0.00    0.00    0.00    11      0.00      0.00  999804  158296   2.06  |__fastlio_mapping
16时28分05秒  1000         -     30046    0.00    0.00    0.00    0.00    0.00     8      0.00      0.00  999804  158296   2.06  |__fastlio_mapping
16时28分05秒  1000         -     30047    0.00    0.00    0.00    0.00    0.00    13      0.00      0.00  999804  158296   2.06  |__fastlio_mapping
16时28分05秒  1000         -     30048    1.00    0.00    0.00    0.00    1.00    15      0.00      0.00  999804  158296   2.06  |__fastlio_mapping
16时28分05秒  1000         -     30049    0.00    0.00    0.00    0.00    0.00    13      0.00      0.00  999804  158296   2.06  |__fastlio_mapping
16时28分05秒  1000         -     30050    0.00    0.00    0.00    0.00    0.00    12      0.00      0.00  999804  158296   2.06  |__fastlio_mapping
16时28分05秒  1000         -     30053   13.00    0.00    0.00    0.00   13.00     5      0.00      0.00  999804  158296   2.06  |__fastlio_mapping
16时28分05秒  1000         -     30054    9.00    0.00    0.00    0.00    9.00     0      0.00      0.00  999804  158296   2.06  |__fastlio_mapping

# Time        UID      TGID       TID    %usr %system  %guest   %wait    %CPU   CPU  minflt/s  majflt/s     VSZ     RSS   %MEM  Command
16时28分06秒  1000     30037         -   33.00    1.00    0.00    0.00   34.00     6    701.00      0.00 1000036  158760   2.07  fastlio_mapping
16时28分06秒  1000         -     30037    5.00    0.00    0.00    0.00    5.00     6    701.00      0.00 1000036  158760   2.07  |__fastlio_mapping
16时28分06秒  1000         -     30039    2.00    1.00    0.00    0.00    3.00     6      0.00      0.00 1000036  158760   2.07  |__fastlio_mapping
16时28分06秒  1000         -     30040    0.00    0.00    0.00    0.00    0.00     8      0.00      0.00 1000036  158760   2.07  |__fastlio_mapping
16时28分06秒  1000         -     30041    0.00    0.00    0.00    0.00    0.00    13      0.00      0.00 1000036  158760   2.07  |__fastlio_mapping
16时28分06秒  1000         -     30042    0.00    0.00    0.00    0.00    0.00     8      0.00      0.00 1000036  158760   2.07  |__fastlio_mapping
16时28分06秒  1000         -     30043    0.00    0.00    0.00    0.00    0.00    11      0.00      0.00 1000036  158760   2.07  |__fastlio_mapping
16时28分06秒  1000         -     30044    0.00    0.00    0.00    0.00    0.00    13      0.00      0.00 1000036  158760   2.07  |__fastlio_mapping
16时28分06秒  1000         -     30045    0.00    0.00    0.00    0.00    0.00    11      0.00      0.00 1000036  158760   2.07  |__fastlio_mapping
16时28分06秒  1000         -     30046    0.00    0.00    0.00    0.00    0.00     8      0.00      0.00 1000036  158760   2.07  |__fastlio_mapping
16时28分06秒  1000         -     30047    0.00    0.00    0.00    0.00    0.00    13      0.00      0.00 1000036  158760   2.07  |__fastlio_mapping
16时28分06秒  1000         -     30048    1.00    0.00    0.00    0.00    1.00    15      0.00      0.00 1000036  158760   2.07  |__fastlio_mapping
16时28分06秒  1000         -     30049    0.00    0.00    0.00    0.00    0.00    13      0.00      0.00 1000036  158760   2.07  |__fastlio_mapping
16时28分06秒  1000         -     30050    0.00    0.00    0.00    0.00    0.00    12      0.00      0.00 1000036  158760   2.07  |__fastlio_mapping
16时28分06秒  1000         -     30053   12.00    0.00    0.00    0.00   12.00     5      0.00      0.00 1000036  158760   2.07  |__fastlio_mapping
16时28分06秒  1000         -     30054   12.00    0.00    0.00    0.00   12.00     2      0.00      0.00 1000036  158760   2.07  |__fastlio_mapping

# Time        UID      TGID       TID    %usr %system  %guest   %wait    %CPU   CPU  minflt/s  majflt/s     VSZ     RSS   %MEM  Command
16时28分07秒  1000     30037         -   32.00    1.00    0.00    0.00   33.00    15    760.00      0.00 1000268  159224   2.08  fastlio_mapping
16时28分07秒  1000         -     30037    5.00    0.00    0.00    0.00    5.00    15    759.00      0.00 1000268  159224   2.08  |__fastlio_mapping
16时28分07秒  1000         -     30039    1.00    2.00    0.00    0.00    3.00     0      0.00      0.00 1000268  159224   2.08  |__fastlio_mapping
16时28分07秒  1000         -     30040    0.00    0.00    0.00    0.00    0.00     8      0.00      0.00 1000268  159224   2.08  |__fastlio_mapping
16时28分07秒  1000         -     30041    0.00    0.00    0.00    0.00    0.00    13      0.00      0.00 1000268  159224   2.08  |__fastlio_mapping
16时28分07秒  1000         -     30042    0.00    0.00    0.00    0.00    0.00     8      0.00      0.00 1000268  159224   2.08  |__fastlio_mapping
16时28分07秒  1000         -     30043    0.00    0.00    0.00    0.00    0.00     8      0.00      0.00 1000268  159224   2.08  |__fastlio_mapping
16时28分07秒  1000         -     30044    0.00    0.00    0.00    0.00    0.00    13      0.00      0.00 1000268  159224   2.08  |__fastlio_mapping
16时28分07秒  1000         -     30045    0.00    0.00    0.00    0.00    0.00    14      0.00      0.00 1000268  159224   2.08  |__fastlio_mapping
16时28分07秒  1000         -     30046    0.00    0.00    0.00    0.00    0.00    14      0.00      0.00 1000268  159224   2.08  |__fastlio_mapping
16时28分07秒  1000         -     30047    0.00    0.00    0.00    0.00    0.00    13      0.00      0.00 1000268  159224   2.08  |__fastlio_mapping
16时28分07秒  1000         -     30048    0.00    0.00    0.00    0.00    0.00    12      0.00      0.00 1000268  159224   2.08  |__fastlio_mapping
16时28分07秒  1000         -     30049    0.00    0.00    0.00    0.00    0.00    13      0.00      0.00 1000268  159224   2.08  |__fastlio_mapping
16时28分07秒  1000         -     30050    0.00    0.00    0.00    0.00    0.00    12      0.00      0.00 1000268  159224   2.08  |__fastlio_mapping
16时28分07秒  1000         -     30053   13.00    0.00    0.00    0.00   13.00     5      0.00      0.00 1000268  159224   2.08  |__fastlio_mapping
16时28分07秒  1000         -     30054   13.00    0.00    0.00    0.00   13.00     3      1.00      0.00 1000268  159224   2.08  |__fastlio_mapping

# Time        UID      TGID       TID    %usr %system  %guest   %wait    %CPU   CPU  minflt/s  majflt/s     VSZ     RSS   %MEM  Command
16时28分08秒  1000     30037         -   31.00    2.00    0.00    0.00   33.00     2    817.00      0.00  999960  159688   2.08  fastlio_mapping
16时28分08秒  1000         -     30037    4.00    0.00    0.00    0.00    4.00     2    817.00      0.00  999960  159688   2.08  |__fastlio_mapping
16时28分08秒  1000         -     30039    0.00    1.00    0.00    0.00    1.00    11      0.00      0.00  999960  159688   2.08  |__fastlio_mapping
16时28分08秒  1000         -     30040    0.00    0.00    0.00    0.00    0.00     8      0.00      0.00  999960  159688   2.08  |__fastlio_mapping
16时28分08秒  1000         -     30041    0.00    0.00    0.00    0.00    0.00    13      0.00      0.00  999960  159688   2.08  |__fastlio_mapping
16时28分08秒  1000         -     30042    0.00    0.00    0.00    0.00    0.00     8      0.00      0.00  999960  159688   2.08  |__fastlio_mapping
16时28分08秒  1000         -     30043    0.00    0.00    0.00    0.00    0.00     8      0.00      0.00  999960  159688   2.08  |__fastlio_mapping
16时28分08秒  1000         -     30044    0.00    0.00    0.00    0.00    0.00    13      0.00      0.00  999960  159688   2.08  |__fastlio_mapping
16时28分08秒  1000         -     30045    0.00    0.00    0.00    0.00    0.00    12      0.00      0.00  999960  159688   2.08  |__fastlio_mapping
16时28分08秒  1000         -     30046    0.00    0.00    0.00    0.00    0.00     8      0.00      0.00  999960  159688   2.08  |__fastlio_mapping
16时28分08秒  1000         -     30047    0.00    0.00    0.00    0.00    0.00    13      0.00      0.00  999960  159688   2.08  |__fastlio_mapping
16时28分08秒  1000         -     30048    1.00    0.00    0.00    0.00    1.00    15      0.00      0.00  999960  159688   2.08  |__fastlio_mapping
16时28分08秒  1000         -     30049    0.00    0.00    0.00    0.00    0.00    13      0.00      0.00  999960  159688   2.08  |__fastlio_mapping
16时28分08秒  1000         -     30050    0.00    0.00    0.00    0.00    0.00    12      0.00      0.00  999960  159688   2.08  |__fastlio_mapping
16时28分08秒  1000         -     30053   12.00    0.00    0.00    0.00   12.00     5      0.00      0.00  999960  159688   2.08  |__fastlio_mapping
16时28分08秒  1000         -     30054   12.00    0.00    0.00    0.00   12.00     3      0.00      0.00  999960  159688   2.08  |__fastlio_mapping

# Time        UID      TGID       TID    %usr %system  %guest   %wait    %CPU   CPU  minflt/s  majflt/s     VSZ     RSS   %MEM  Command
16时28分09秒  1000     30037         -   32.00    2.00    0.00    0.00   34.00     8    904.00      0.00 1000428  160200   2.09  fastlio_mapping
16时28分09秒  1000         -     30037    6.00    1.00    0.00    0.00    7.00     8    904.00      0.00 1000428  160200   2.09  |__fastlio_mapping
16时28分09秒  1000         -     30039    1.00    2.00    0.00    0.00    3.00     6      0.00      0.00 1000428  160200   2.09  |__fastlio_mapping
16时28分09秒  1000         -     30040    0.00    0.00    0.00    0.00    0.00     8      0.00      0.00 1000428  160200   2.09  |__fastlio_mapping
16时28分09秒  1000         -     30041    0.00    0.00    0.00    0.00    0.00    13      0.00      0.00 1000428  160200   2.09  |__fastlio_mapping
16时28分09秒  1000         -     30042    0.00    0.00    0.00    0.00    0.00     8      0.00      0.00 1000428  160200   2.09  |__fastlio_mapping
16时28分09秒  1000         -     30043    0.00    0.00    0.00    0.00    0.00    10      0.00      0.00 1000428  160200   2.09  |__fastlio_mapping
16时28分09秒  1000         -     30044    0.00    0.00    0.00    0.00    0.00    13      0.00      0.00 1000428  160200   2.09  |__fastlio_mapping
16时28分09秒  1000         -     30045    0.00    0.00    0.00    0.00    0.00    12      0.00      0.00 1000428  160200   2.09  |__fastlio_mapping
16时28分09秒  1000         -     30046    0.00    0.00    0.00    0.00    0.00     8      0.00      0.00 1000428  160200   2.09  |__fastlio_mapping
16时28分09秒  1000         -     30047    0.00    0.00    0.00    0.00    0.00    13      0.00      0.00 1000428  160200   2.09  |__fastlio_mapping
16时28分09秒  1000         -     30048    1.00    0.00    0.00    0.00    1.00     4      0.00      0.00 1000428  160200   2.09  |__fastlio_mapping
16时28分09秒  1000         -     30049    0.00    0.00    0.00    0.00    0.00    13      0.00      0.00 1000428  160200   2.09  |__fastlio_mapping
16时28分09秒  1000         -     30050    0.00    0.00    0.00    0.00    0.00    12      0.00      0.00 1000428  160200   2.09  |__fastlio_mapping
16时28分09秒  1000         -     30053   13.00    0.00    0.00    0.00   13.00     5      0.00      0.00 1000428  160200   2.09  |__fastlio_mapping
16时28分09秒  1000         -     30054   13.00    0.00    0.00    0.00   13.00     3      0.00      0.00 1000428  160200   2.09  |__fastlio_mapping

# Time        UID      TGID       TID    %usr %system  %guest   %wait    %CPU   CPU  minflt/s  majflt/s     VSZ     RSS   %MEM  Command
16时28分10秒  1000     30037         -   33.00    2.00    0.00    0.00   35.00     8    975.00      0.00 1000820  160824   2.10  fastlio_mapping
16时28分10秒  1000         -     30037    5.00    0.00    0.00    0.00    5.00     8    974.00      0.00 1000820  160824   2.10  |__fastlio_mapping
16时28分10秒  1000         -     30039    0.00    2.00    0.00    0.00    2.00    14      0.00      0.00 1000820  160824   2.10  |__fastlio_mapping
16时28分10秒  1000         -     30040    0.00    0.00    0.00    0.00    0.00     8      0.00      0.00 1000820  160824   2.10  |__fastlio_mapping
16时28分10秒  1000         -     30041    0.00    0.00    0.00    0.00    0.00    13      0.00      0.00 1000820  160824   2.10  |__fastlio_mapping
16时28分10秒  1000         -     30042    0.00    0.00    0.00    0.00    0.00     8      0.00      0.00 1000820  160824   2.10  |__fastlio_mapping
16时28分10秒  1000         -     30043    0.00    0.00    0.00    0.00    0.00    10      0.00      0.00 1000820  160824   2.10  |__fastlio_mapping
16时28分10秒  1000         -     30044    0.00    0.00    0.00    0.00    0.00    13      0.00      0.00 1000820  160824   2.10  |__fastlio_mapping
16时28分10秒  1000         -     30045    0.00    0.00    0.00    0.00    0.00     8      0.00      0.00 1000820  160824   2.10  |__fastlio_mapping
16时28分10秒  1000         -     30046    0.00    0.00    0.00    0.00    0.00     4      0.00      0.00 1000820  160824   2.10  |__fastlio_mapping
16时28分10秒  1000         -     30047    0.00    0.00    0.00    0.00    0.00    13      0.00      0.00 1000820  160824   2.10  |__fastlio_mapping
16时28分10秒  1000         -     30048    0.00    0.00    0.00    0.00    0.00     9      0.00      0.00 1000820  160824   2.10  |__fastlio_mapping
16时28分10秒  1000         -     30049    0.00    0.00    0.00    0.00    0.00    13      0.00      0.00 1000820  160824   2.10  |__fastlio_mapping
16时28分10秒  1000         -     30050    0.00    0.00    0.00    0.00    0.00    12      0.00      0.00 1000820  160824   2.10  |__fastlio_mapping
16时28分10秒  1000         -     30053   12.00    0.00    0.00    0.00   12.00     5      0.00      0.00 1000820  160824   2.10  |__fastlio_mapping
16时28分10秒  1000         -     30054   13.00    0.00    0.00    0.00   13.00     2      1.00      0.00 1000820  160824   2.10  |__fastlio_mapping

# Time        UID      TGID       TID    %usr %system  %guest   %wait    %CPU   CPU  minflt/s  majflt/s     VSZ     RSS   %MEM  Command
16时28分11秒  1000     30037         -   32.00    2.00    0.00    0.00   34.00     2   1813.00      0.00 1004324  161296   2.10  fastlio_mapping
16时28分11秒  1000         -     30037    5.00    1.00    0.00    0.00    6.00     2   1813.00      0.00 1004324  161296   2.10  |__fastlio_mapping
16时28分11秒  1000         -     30039    1.00    2.00    0.00    0.00    3.00    11      0.00      0.00 1004324  161296   2.10  |__fastlio_mapping
16时28分11秒  1000         -     30040    0.00    0.00    0.00    0.00    0.00     8      0.00      0.00 1004324  161296   2.10  |__fastlio_mapping
16时28分11秒  1000         -     30041    0.00    0.00    0.00    0.00    0.00    13      0.00      0.00 1004324  161296   2.10  |__fastlio_mapping
16时28分11秒  1000         -     30042    0.00    0.00    0.00    0.00    0.00     8      0.00      0.00 1004324  161296   2.10  |__fastlio_mapping
16时28分11秒  1000         -     30043    0.00    0.00    0.00    0.00    0.00    15      0.00      0.00 1004324  161296   2.10  |__fastlio_mapping
16时28分11秒  1000         -     30044    0.00    0.00    0.00    0.00    0.00    13      0.00      0.00 1004324  161296   2.10  |__fastlio_mapping
16时28分11秒  1000         -     30045    0.00    0.00    0.00    0.00    0.00    12      0.00      0.00 1004324  161296   2.10  |__fastlio_mapping
16时28分11秒  1000         -     30046    0.00    0.00    0.00    0.00    0.00     8      0.00      0.00 1004324  161296   2.10  |__fastlio_mapping
16时28分11秒  1000         -     30047    0.00    0.00    0.00    0.00    0.00    13      0.00      0.00 1004324  161296   2.10  |__fastlio_mapping
16时28分11秒  1000         -     30048    1.00    0.00    0.00    0.00    1.00    11      0.00      0.00 1004324  161296   2.10  |__fastlio_mapping
16时28分11秒  1000         -     30049    0.00    0.00    0.00    0.00    0.00    13      0.00      0.00 1004324  161296   2.10  |__fastlio_mapping
16时28分11秒  1000         -     30050    0.00    0.00    0.00    0.00    0.00    12      0.00      0.00 1004324  161296   2.10  |__fastlio_mapping
16时28分11秒  1000         -     30053   13.00    0.00    0.00    0.00   13.00     5      0.00      0.00 1004324  161296   2.10  |__fastlio_mapping
16时28分11秒  1000         -     30054   12.00    0.00    0.00    0.00   12.00     0      0.00      0.00 1004324  161296   2.10  |__fastlio_mapping

# Time        UID      TGID       TID    %usr %system  %guest   %wait    %CPU   CPU  minflt/s  majflt/s     VSZ     RSS   %MEM  Command
16时28分12秒  1000     30037         -   30.00    2.00    0.00    0.00   32.00    13   1054.00      0.00 1004560  161736   2.11  fastlio_mapping
16时28分12秒  1000         -     30037    6.00    0.00    0.00    0.00    6.00    13   1054.00      0.00 1004560  161736   2.11  |__fastlio_mapping
16时28分12秒  1000         -     30039    1.00    1.00    0.00    0.00    2.00    12      0.00      0.00 1004560  161736   2.11  |__fastlio_mapping
16时28分12秒  1000         -     30040    0.00    0.00    0.00    0.00    0.00     8      0.00      0.00 1004560  161736   2.11  |__fastlio_mapping
16时28分12秒  1000         -     30041    0.00    0.00    0.00    0.00    0.00    13      0.00      0.00 1004560  161736   2.11  |__fastlio_mapping
16时28分12秒  1000         -     30042    0.00    0.00    0.00    0.00    0.00     8      0.00      0.00 1004560  161736   2.11  |__fastlio_mapping
16时28分12秒  1000         -     30043    0.00    0.00    0.00    0.00    0.00     8      0.00      0.00 1004560  161736   2.11  |__fastlio_mapping
16时28分12秒  1000         -     30044    0.00    0.00    0.00    0.00    0.00    13      0.00      0.00 1004560  161736   2.11  |__fastlio_mapping
16时28分12秒  1000         -     30045    0.00    0.00    0.00    0.00    0.00    15      0.00      0.00 1004560  161736   2.11  |__fastlio_mapping
16时28分12秒  1000         -     30046    0.00    0.00    0.00    0.00    0.00     8      0.00      0.00 1004560  161736   2.11  |__fastlio_mapping
16时28分12秒  1000         -     30047    0.00    0.00    0.00    0.00    0.00    13      0.00      0.00 1004560  161736   2.11  |__fastlio_mapping
16时28分12秒  1000         -     30048    1.00    0.00    0.00    0.00    1.00    15      0.00      0.00 1004560  161736   2.11  |__fastlio_mapping
16时28分12秒  1000         -     30049    0.00    0.00    0.00    0.00    0.00    13      0.00      0.00 1004560  161736   2.11  |__fastlio_mapping
16时28分12秒  1000         -     30050    0.00    0.00    0.00    0.00    0.00    12      0.00      0.00 1004560  161736   2.11  |__fastlio_mapping
16时28分12秒  1000         -     30053   13.00    0.00    0.00    0.00   13.00     5      0.00      0.00 1004560  161736   2.11  |__fastlio_mapping
16时28分12秒  1000         -     30054   12.00    0.00    0.00    0.00   12.00     2      0.00      0.00 1004560  161736   2.11  |__fastlio_mapping

# Time        UID      TGID       TID    %usr %system  %guest   %wait    %CPU   CPU  minflt/s  majflt/s     VSZ     RSS   %MEM  Command
16时28分13秒  1000     30037         -   31.00    2.00    0.00    0.00   33.00    13   1110.00      0.00 1004792  162200   2.11  fastlio_mapping
16时28分13秒  1000         -     30037    5.00    0.00    0.00    0.00    5.00    13   1110.00      0.00 1004792  162200   2.11  |__fastlio_mapping
16时28分13秒  1000         -     30039    1.00    1.00    0.00    0.00    2.00    14      0.00      0.00 1004792  162200   2.11  |__fastlio_mapping
16时28分13秒  1000         -     30040    0.00    0.00    0.00    0.00    0.00     8      0.00      0.00 1004792  162200   2.11  |__fastlio_mapping
16时28分13秒  1000         -     30041    0.00    0.00    0.00    0.00    0.00    13      0.00      0.00 1004792  162200   2.11  |__fastlio_mapping
16时28分13秒  1000         -     30042    0.00    0.00    0.00    0.00    0.00     8      0.00      0.00 1004792  162200   2.11  |__fastlio_mapping
16时28分13秒  1000         -     30043    0.00    0.00    0.00    0.00    0.00    15      0.00      0.00 1004792  162200   2.11  |__fastlio_mapping
16时28分13秒  1000         -     30044    0.00    0.00    0.00    0.00    0.00    13      0.00      0.00 1004792  162200   2.11  |__fastlio_mapping
16时28分13秒  1000         -     30045    0.00    0.00    0.00    0.00    0.00    10      0.00      0.00 1004792  162200   2.11  |__fastlio_mapping
16时28分13秒  1000         -     30046    0.00    0.00    0.00    0.00    0.00     8      0.00      0.00 1004792  162200   2.11  |__fastlio_mapping
16时28分13秒  1000         -     30047    0.00    0.00    0.00    0.00    0.00    13      0.00      0.00 1004792  162200   2.11  |__fastlio_mapping
16时28分13秒  1000         -     30048    0.00    1.00    0.00    0.00    1.00    14      0.00      0.00 1004792  162200   2.11  |__fastlio_mapping
16时28分13秒  1000         -     30049    0.00    0.00    0.00    0.00    0.00    13      0.00      0.00 1004792  162200   2.11  |__fastlio_mapping
16时28分13秒  1000         -     30050    0.00    0.00    0.00    0.00    0.00    12      0.00      0.00 1004792  162200   2.11  |__fastlio_mapping
16时28分13秒  1000         -     30053   12.00    0.00    0.00    0.00   12.00     5      0.00      0.00 1004792  162200   2.11  |__fastlio_mapping
16时28分13秒  1000         -     30054   11.00    0.00    0.00    0.00   11.00     8      0.00      0.00 1004792  162200   2.11  |__fastlio_mapping

# Time        UID      TGID       TID    %usr %system  %guest   %wait    %CPU   CPU  minflt/s  majflt/s     VSZ     RSS   %MEM  Command
16时28分14秒  1000     30037         -   31.00    2.00    0.00    0.00   33.00     2   1171.00      0.00 1005028  162772   2.12  fastlio_mapping
16时28分14秒  1000         -     30037    5.00    0.00    0.00    0.00    5.00     2   1171.00      0.00 1005028  162772   2.12  |__fastlio_mapping
16时28分14秒  1000         -     30039    1.00    1.00    0.00    0.00    2.00    13      0.00      0.00 1005028  162772   2.12  |__fastlio_mapping
16时28分14秒  1000         -     30040    0.00    0.00    0.00    0.00    0.00     8      0.00      0.00 1005028  162772   2.12  |__fastlio_mapping
16时28分14秒  1000         -     30041    0.00    0.00    0.00    0.00    0.00    13      0.00      0.00 1005028  162772   2.12  |__fastlio_mapping
16时28分14秒  1000         -     30042    0.00    0.00    0.00    0.00    0.00     8      0.00      0.00 1005028  162772   2.12  |__fastlio_mapping
16时28分14秒  1000         -     30043    1.00    0.00    0.00    0.00    1.00     0      0.00      0.00 1005028  162772   2.12  |__fastlio_mapping
16时28分14秒  1000         -     30044    0.00    0.00    0.00    0.00    0.00    13      0.00      0.00 1005028  162772   2.12  |__fastlio_mapping
16时28分14秒  1000         -     30045    0.00    0.00    0.00    0.00    0.00    12      0.00      0.00 1005028  162772   2.12  |__fastlio_mapping
16时28分14秒  1000         -     30046    0.00    0.00    0.00    0.00    0.00     9      0.00      0.00 1005028  162772   2.12  |__fastlio_mapping
16时28分14秒  1000         -     30047    0.00    0.00    0.00    0.00    0.00    13      0.00      0.00 1005028  162772   2.12  |__fastlio_mapping
16时28分14秒  1000         -     30048    1.00    0.00    0.00    0.00    1.00    15      0.00      0.00 1005028  162772   2.12  |__fastlio_mapping
16时28分14秒  1000         -     30049    0.00    0.00    0.00    0.00    0.00    13      0.00      0.00 1005028  162772   2.12  |__fastlio_mapping
16时28分14秒  1000         -     30050    0.00    0.00    0.00    0.00    0.00    12      0.00      0.00 1005028  162772   2.12  |__fastlio_mapping
16时28分14秒  1000         -     30053   13.00    0.00    0.00    0.00   13.00     5      0.00      0.00 1005028  162772   2.12  |__fastlio_mapping
16时28分14秒  1000         -     30054   13.00    0.00    0.00    0.00   13.00     3      0.00      0.00 1005028  162772   2.12  |__fastlio_mapping

# Time        UID      TGID       TID    %usr %system  %guest   %wait    %CPU   CPU  minflt/s  majflt/s     VSZ     RSS   %MEM  Command
16时28分15秒  1000     30037         -   32.00    2.00    0.00    0.00   34.00     2   1228.00      0.00 1005264  163312   2.13  fastlio_mapping
16时28分15秒  1000         -     30037    6.00    1.00    0.00    0.00    7.00     2   1228.00      0.00 1005264  163312   2.13  |__fastlio_mapping
16时28分15秒  1000         -     30039    1.00    2.00    0.00    0.00    3.00    11      0.00      0.00 1005264  163312   2.13  |__fastlio_mapping
16时28分15秒  1000         -     30040    0.00    0.00    0.00    0.00    0.00     8      0.00      0.00 1005264  163312   2.13  |__fastlio_mapping
16时28分15秒  1000         -     30041    0.00    0.00    0.00    0.00    0.00    13      0.00      0.00 1005264  163312   2.13  |__fastlio_mapping
16时28分15秒  1000         -     30042    0.00    0.00    0.00    0.00    0.00     8      0.00      0.00 1005264  163312   2.13  |__fastlio_mapping
16时28分15秒  1000         -     30043    0.00    0.00    0.00    0.00    0.00    15      0.00      0.00 1005264  163312   2.13  |__fastlio_mapping
16时28分15秒  1000         -     30044    0.00    0.00    0.00    0.00    0.00    13      0.00      0.00 1005264  163312   2.13  |__fastlio_mapping
16时28分15秒  1000         -     30045    0.00    0.00    0.00    0.00    0.00    12      0.00      0.00 1005264  163312   2.13  |__fastlio_mapping
16时28分15秒  1000         -     30046    0.00    0.00    0.00    0.00    0.00     9      0.00      0.00 1005264  163312   2.13  |__fastlio_mapping
16时28分15秒  1000         -     30047    0.00    0.00    0.00    0.00    0.00    13      0.00      0.00 1005264  163312   2.13  |__fastlio_mapping
16时28分15秒  1000         -     30048    1.00    0.00    0.00    0.00    1.00    15      0.00      0.00 1005264  163312   2.13  |__fastlio_mapping
16时28分15秒  1000         -     30049    0.00    0.00    0.00    0.00    0.00    13      0.00      0.00 1005264  163312   2.13  |__fastlio_mapping
16时28分15秒  1000         -     30050    0.00    0.00    0.00    0.00    0.00    12      0.00      0.00 1005264  163312   2.13  |__fastlio_mapping
16时28分15秒  1000         -     30053   12.00    0.00    0.00    0.00   12.00     5      0.00      0.00 1005264  163312   2.13  |__fastlio_mapping
16时28分15秒  1000         -     30054   12.00    0.00    0.00    0.00   12.00     3      0.00      0.00 1005264  163312   2.13  |__fastlio_mapping

# Time        UID      TGID       TID    %usr %system  %guest   %wait    %CPU   CPU  minflt/s  majflt/s     VSZ     RSS   %MEM  Command
16时28分16秒  1000     30037         -   33.00    2.00    0.00    0.00   35.00     6   1287.00      0.00 1005496  163840   2.14  fastlio_mapping
16时28分16秒  1000         -     30037    6.00    0.00    0.00    0.00    6.00     6   1287.00      0.00 1005496  163840   2.14  |__fastlio_mapping
16时28分16秒  1000         -     30039    1.00    1.00    0.00    0.00    2.00     7      0.00      0.00 1005496  163840   2.14  |__fastlio_mapping
16时28分16秒  1000         -     30040    0.00    0.00    0.00    0.00    0.00     8      0.00      0.00 1005496  163840   2.14  |__fastlio_mapping
16时28分16秒  1000         -     30041    0.00    0.00    0.00    0.00    0.00    13      0.00      0.00 1005496  163840   2.14  |__fastlio_mapping
16时28分16秒  1000         -     30042    0.00    0.00    0.00    0.00    0.00     8      0.00      0.00 1005496  163840   2.14  |__fastlio_mapping
16时28分16秒  1000         -     30043    0.00    0.00    0.00    0.00    0.00    10      0.00      0.00 1005496  163840   2.14  |__fastlio_mapping
16时28分16秒  1000         -     30044    0.00    0.00    0.00    0.00    0.00    13      0.00      0.00 1005496  163840   2.14  |__fastlio_mapping
16时28分16秒  1000         -     30045    0.00    0.00    0.00    0.00    0.00     0      0.00      0.00 1005496  163840   2.14  |__fastlio_mapping
16时28分16秒  1000         -     30046    0.00    0.00    0.00    0.00    0.00    13      0.00      0.00 1005496  163840   2.14  |__fastlio_mapping
16时28分16秒  1000         -     30047    0.00    0.00    0.00    0.00    0.00    13      0.00      0.00 1005496  163840   2.14  |__fastlio_mapping
16时28分16秒  1000         -     30048    0.00    0.00    0.00    0.00    0.00     4      0.00      0.00 1005496  163840   2.14  |__fastlio_mapping
16时28分16秒  1000         -     30049    0.00    0.00    0.00    0.00    0.00    13      0.00      0.00 1005496  163840   2.14  |__fastlio_mapping
16时28分16秒  1000         -     30050    0.00    0.00    0.00    0.00    0.00    12      0.00      0.00 1005496  163840   2.14  |__fastlio_mapping
16时28分16秒  1000         -     30053   13.00    0.00    0.00    0.00   13.00     5      0.00      0.00 1005496  163840   2.14  |__fastlio_mapping
16时28分16秒  1000         -     30054   13.00    0.00    0.00    0.00   13.00     3      0.00      0.00 1005496  163840   2.14  |__fastlio_mapping

# Time        UID      TGID       TID    %usr %system  %guest   %wait    %CPU   CPU  minflt/s  majflt/s     VSZ     RSS   %MEM  Command
16时28分17秒  1000     30037         -   34.00    1.00    0.00    0.00   35.00     7   1345.00      0.00 1005732  164308   2.14  fastlio_mapping
16时28分17秒  1000         -     30037    5.00    0.00    0.00    0.00    5.00     7   1345.00      0.00 1005732  164308   2.14  |__fastlio_mapping
16时28分17秒  1000         -     30039    1.00    1.00    0.00    0.00    2.00    12      0.00      0.00 1005732  164308   2.14  |__fastlio_mapping
16时28分17秒  1000         -     30040    0.00    0.00    0.00    0.00    0.00     8      0.00      0.00 1005732  164308   2.14  |__fastlio_mapping
16时28分17秒  1000         -     30041    0.00    0.00    0.00    0.00    0.00    13      0.00      0.00 1005732  164308   2.14  |__fastlio_mapping
16时28分17秒  1000         -     30042    0.00    0.00    0.00    0.00    0.00     8      0.00      0.00 1005732  164308   2.14  |__fastlio_mapping
16时28分17秒  1000         -     30043    0.00    0.00    0.00    0.00    0.00     8      0.00      0.00 1005732  164308   2.14  |__fastlio_mapping
16时28分17秒  1000         -     30044    0.00    0.00    0.00    0.00    0.00    13      0.00      0.00 1005732  164308   2.14  |__fastlio_mapping
16时28分17秒  1000         -     30045    0.00    0.00    0.00    0.00    0.00    10      0.00      0.00 1005732  164308   2.14  |__fastlio_mapping
16时28分17秒  1000         -     30046    0.00    0.00    0.00    0.00    0.00    10      0.00      0.00 1005732  164308   2.14  |__fastlio_mapping
16时28分17秒  1000         -     30047    0.00    0.00    0.00    0.00    0.00    13      0.00      0.00 1005732  164308   2.14  |__fastlio_mapping
16时28分17秒  1000         -     30048    1.00    0.00    0.00    0.00    1.00    10      0.00      0.00 1005732  164308   2.14  |__fastlio_mapping
16时28分17秒  1000         -     30049    0.00    0.00    0.00    0.00    0.00    13      0.00      0.00 1005732  164308   2.14  |__fastlio_mapping
16时28分17秒  1000         -     30050    0.00    0.00    0.00    0.00    0.00    12      0.00      0.00 1005732  164308   2.14  |__fastlio_mapping
16时28分17秒  1000         -     30053   12.00    0.00    0.00    0.00   12.00     5      0.00      0.00 1005732  164308   2.14  |__fastlio_mapping
16时28分17秒  1000         -     30054   12.00    0.00    0.00    0.00   12.00     3      0.00      0.00 1005732  164308   2.14  |__fastlio_mapping

# Time        UID      TGID       TID    %usr %system  %guest   %wait    %CPU   CPU  minflt/s  majflt/s     VSZ     RSS   %MEM  Command
16时28分18秒  1000     30037         -   31.00    1.00    0.00    0.00   32.00     7   1404.00      0.00 1005964  164776   2.15  fastlio_mapping
16时28分18秒  1000         -     30037    5.00    0.00    0.00    0.00    5.00     7   1404.00      0.00 1005964  164776   2.15  |__fastlio_mapping
16时28分18秒  1000         -     30039    1.00    2.00    0.00    0.00    3.00    11      0.00      0.00 1005964  164776   2.15  |__fastlio_mapping
16时28分18秒  1000         -     30040    0.00    0.00    0.00    0.00    0.00     8      0.00      0.00 1005964  164776   2.15  |__fastlio_mapping
16时28分18秒  1000         -     30041    0.00    0.00    0.00    0.00    0.00    13      0.00      0.00 1005964  164776   2.15  |__fastlio_mapping
16时28分18秒  1000         -     30042    0.00    0.00    0.00    0.00    0.00     8      0.00      0.00 1005964  164776   2.15  |__fastlio_mapping
16时28分18秒  1000         -     30043    0.00    0.00    0.00    0.00    0.00    10      0.00      0.00 1005964  164776   2.15  |__fastlio_mapping
16时28分18秒  1000         -     30044    0.00    0.00    0.00    0.00    0.00    13      0.00      0.00 1005964  164776   2.15  |__fastlio_mapping
16时28分18秒  1000         -     30045    0.00    0.00    0.00    0.00    0.00     8      0.00      0.00 1005964  164776   2.15  |__fastlio_mapping
16时28分18秒  1000         -     30046    0.00    0.00    0.00    0.00    0.00    10      0.00      0.00 1005964  164776   2.15  |__fastlio_mapping
16时28分18秒  1000         -     30047    0.00    0.00    0.00    0.00    0.00    13      0.00      0.00 1005964  164776   2.15  |__fastlio_mapping
16时28分18秒  1000         -     30048    1.00    0.00    0.00    0.00    1.00    13      0.00      0.00 1005964  164776   2.15  |__fastlio_mapping
16时28分18秒  1000         -     30049    0.00    0.00    0.00    0.00    0.00    13      0.00      0.00 1005964  164776   2.15  |__fastlio_mapping
16时28分18秒  1000         -     30050    0.00    0.00    0.00    0.00    0.00    12      0.00      0.00 1005964  164776   2.15  |__fastlio_mapping
16时28分18秒  1000         -     30053   13.00    0.00    0.00    0.00   13.00     5      0.00      0.00 1005964  164776   2.15  |__fastlio_mapping
16时28分18秒  1000         -     30054   13.00    0.00    0.00    0.00   13.00     3      0.00      0.00 1005964  164776   2.15  |__fastlio_mapping

# Time        UID      TGID       TID    %usr %system  %guest   %wait    %CPU   CPU  minflt/s  majflt/s     VSZ     RSS   %MEM  Command
16时28分19秒  1000     30037         -   33.00    2.00    0.00    0.00   35.00     9   1461.00      0.00 1006196  165296   2.16  fastlio_mapping
16时28分19秒  1000         -     30037    5.00    1.00    0.00    0.00    6.00     9   1461.00      0.00 1006196  165296   2.16  |__fastlio_mapping
16时28分19秒  1000         -     30039    1.00    1.00    0.00    0.00    2.00    13      0.00      0.00 1006196  165296   2.16  |__fastlio_mapping
16时28分19秒  1000         -     30040    0.00    0.00    0.00    0.00    0.00     8      0.00      0.00 1006196  165296   2.16  |__fastlio_mapping
16时28分19秒  1000         -     30041    0.00    0.00    0.00    0.00    0.00    13      0.00      0.00 1006196  165296   2.16  |__fastlio_mapping
16时28分19秒  1000         -     30042    0.00    0.00    0.00    0.00    0.00     8      0.00      0.00 1006196  165296   2.16  |__fastlio_mapping
16时28分19秒  1000         -     30043    0.00    0.00    0.00    0.00    0.00     8      0.00      0.00 1006196  165296   2.16  |__fastlio_mapping
16时28分19秒  1000         -     30044    0.00    0.00    0.00    0.00    0.00    13      0.00      0.00 1006196  165296   2.16  |__fastlio_mapping
16时28分19秒  1000         -     30045    0.00    0.00    0.00    0.00    0.00    13      0.00      0.00 1006196  165296   2.16  |__fastlio_mapping
16时28分19秒  1000         -     30046    0.00    0.00    0.00    0.00    0.00    13      0.00      0.00 1006196  165296   2.16  |__fastlio_mapping
16时28分19秒  1000         -     30047    0.00    0.00    0.00    0.00    0.00    13      0.00      0.00 1006196  165296   2.16  |__fastlio_mapping
16时28分19秒  1000         -     30048    1.00    0.00    0.00    0.00    1.00     8      0.00      0.00 1006196  165296   2.16  |__fastlio_mapping
16时28分19秒  1000         -     30049    0.00    0.00    0.00    0.00    0.00    13      0.00      0.00 1006196  165296   2.16  |__fastlio_mapping
16时28分19秒  1000         -     30050    0.00    0.00    0.00    0.00    0.00    12      0.00      0.00 1006196  165296   2.16  |__fastlio_mapping
16时28分19秒  1000         -     30053   12.00    0.00    0.00    0.00   12.00     5      0.00      0.00 1006196  165296   2.16  |__fastlio_mapping
16时28分19秒  1000         -     30054   12.00    0.00    0.00    0.00   12.00     3      0.00      0.00 1006196  165296   2.16  |__fastlio_mapping

# Time        UID      TGID       TID    %usr %system  %guest   %wait    %CPU   CPU  minflt/s  majflt/s     VSZ     RSS   %MEM  Command
16时28分20秒  1000     30037         -   33.00    1.00    0.00    0.00   34.00    13   1519.00      0.00 1006428  165764   2.16  fastlio_mapping
16时28分20秒  1000         -     30037    6.00    0.00    0.00    0.00    6.00    13   1519.00      0.00 1006428  165764   2.16  |__fastlio_mapping
16时28分20秒  1000         -     30039    1.00    1.00    0.00    1.00    2.00     0      0.00      0.00 1006428  165764   2.16  |__fastlio_mapping
16时28分20秒  1000         -     30040    0.00    0.00    0.00    0.00    0.00     8      0.00      0.00 1006428  165764   2.16  |__fastlio_mapping
16时28分20秒  1000         -     30041    0.00    0.00    0.00    0.00    0.00    13      0.00      0.00 1006428  165764   2.16  |__fastlio_mapping
16时28分20秒  1000         -     30042    0.00    0.00    0.00    0.00    0.00     8      0.00      0.00 1006428  165764   2.16  |__fastlio_mapping
16时28分20秒  1000         -     30043    0.00    0.00    0.00    0.00    0.00    14      0.00      0.00 1006428  165764   2.16  |__fastlio_mapping
16时28分20秒  1000         -     30044    0.00    0.00    0.00    0.00    0.00    13      0.00      0.00 1006428  165764   2.16  |__fastlio_mapping
16时28分20秒  1000         -     30045    0.00    0.00    0.00    0.00    0.00     8      0.00      0.00 1006428  165764   2.16  |__fastlio_mapping
16时28分20秒  1000         -     30046    0.00    0.00    0.00    0.00    0.00    10      0.00      0.00 1006428  165764   2.16  |__fastlio_mapping
16时28分20秒  1000         -     30047    0.00    0.00    0.00    0.00    0.00    13      0.00      0.00 1006428  165764   2.16  |__fastlio_mapping
16时28分20秒  1000         -     30048    1.00    0.00    0.00    1.00    1.00    12      0.00      0.00 1006428  165764   2.16  |__fastlio_mapping
16时28分20秒  1000         -     30049    0.00    0.00    0.00    0.00    0.00    13      0.00      0.00 1006428  165764   2.16  |__fastlio_mapping
16时28分20秒  1000         -     30050    0.00    0.00    0.00    0.00    0.00    12      0.00      0.00 1006428  165764   2.16  |__fastlio_mapping
16时28分20秒  1000         -     30053   13.00    0.00    0.00    0.00   13.00     5      0.00      0.00 1006428  165764   2.16  |__fastlio_mapping
16时28分20秒  1000         -     30054   13.00    0.00    0.00    0.00   13.00     3      0.00      0.00 1006428  165764   2.16  |__fastlio_mapping

# Time        UID      TGID       TID    %usr %system  %guest   %wait    %CPU   CPU  minflt/s  majflt/s     VSZ     RSS   %MEM  Command
16时28分21秒  1000     30037         -   32.00    2.00    0.00    0.00   34.00     8   1580.00      0.00 1006664  166220   2.17  fastlio_mapping
16时28分21秒  1000         -     30037    6.00    0.00    0.00    0.00    6.00     8   1580.00      0.00 1006664  166220   2.17  |__fastlio_mapping
16时28分21秒  1000         -     30039    1.00    2.00    0.00    0.00    3.00    14      0.00      0.00 1006664  166220   2.17  |__fastlio_mapping
16时28分21秒  1000         -     30040    0.00    0.00    0.00    0.00    0.00     9      0.00      0.00 1006664  166220   2.17  |__fastlio_mapping
16时28分21秒  1000         -     30041    0.00    0.00    0.00    0.00    0.00    13      0.00      0.00 1006664  166220   2.17  |__fastlio_mapping
16时28分21秒  1000         -     30042    0.00    0.00    0.00    0.00    0.00     8      0.00      0.00 1006664  166220   2.17  |__fastlio_mapping
16时28分21秒  1000         -     30043    0.00    0.00    0.00    0.00    0.00    12      0.00      0.00 1006664  166220   2.17  |__fastlio_mapping
16时28分21秒  1000         -     30044    0.00    0.00    0.00    0.00    0.00    13      0.00      0.00 1006664  166220   2.17  |__fastlio_mapping
16时28分21秒  1000         -     30045    0.00    0.00    0.00    0.00    0.00    14      0.00      0.00 1006664  166220   2.17  |__fastlio_mapping
16时28分21秒  1000         -     30046    0.00    0.00    0.00    0.00    0.00    10      0.00      0.00 1006664  166220   2.17  |__fastlio_mapping
16时28分21秒  1000         -     30047    0.00    0.00    0.00    0.00    0.00    13      0.00      0.00 1006664  166220   2.17  |__fastlio_mapping
16时28分21秒  1000         -     30048    0.00    0.00    0.00    0.00    0.00    14      0.00      0.00 1006664  166220   2.17  |__fastlio_mapping
16时28分21秒  1000         -     30049    0.00    0.00    0.00    0.00    0.00    13      0.00      0.00 1006664  166220   2.17  |__fastlio_mapping
16时28分21秒  1000         -     30050    0.00    0.00    0.00    0.00    0.00    12      0.00      0.00 1006664  166220   2.17  |__fastlio_mapping
16时28分21秒  1000         -     30053   12.00    0.00    0.00    0.00   12.00     5      0.00      0.00 1006664  166220   2.17  |__fastlio_mapping
16时28分21秒  1000         -     30054   12.00    0.00    0.00    0.00   12.00     2      0.00      0.00 1006664  166220   2.17  |__fastlio_mapping

# Time        UID      TGID       TID    %usr %system  %guest   %wait    %CPU   CPU  minflt/s  majflt/s     VSZ     RSS   %MEM  Command
16时28分22秒  1000     30037         -   33.00    2.00    0.00    0.00   35.00    15   1639.00      0.00 1006900  166644   2.17  fastlio_mapping
16时28分22秒  1000         -     30037    5.00    1.00    0.00    0.00    6.00    15   1639.00      0.00 1006900  166644   2.17  |__fastlio_mapping
16时28分22秒  1000         -     30039    1.00    1.00    0.00    0.00    2.00    14      0.00      0.00 1006900  166644   2.17  |__fastlio_mapping
16时28分22秒  1000         -     30040    0.00    0.00    0.00    0.00    0.00     9      0.00      0.00 1006900  166644   2.17  |__fastlio_mapping
16时28分22秒  1000         -     30041    0.00    0.00    0.00    0.00    0.00    13      0.00      0.00 1006900  166644   2.17  |__fastlio_mapping
16时28分22秒  1000         -     30042    0.00    0.00    0.00    0.00    0.00     8      0.00      0.00 1006900  166644   2.17  |__fastlio_mapping
16时28分22秒  1000         -     30043    0.00    0.00    0.00    0.00    0.00     8      0.00      0.00 1006900  166644   2.17  |__fastlio_mapping
16时28分22秒  1000         -     30044    0.00    0.00    0.00    0.00    0.00    13      0.00      0.00 1006900  166644   2.17  |__fastlio_mapping
16时28分22秒  1000         -     30045    0.00    0.00    0.00    0.00    0.00     8      0.00      0.00 1006900  166644   2.17  |__fastlio_mapping
16时28分22秒  1000         -     30046    0.00    0.00    0.00    0.00    0.00     4      0.00      0.00 1006900  166644   2.17  |__fastlio_mapping
16时28分22秒  1000         -     30047    0.00    0.00    0.00    0.00    0.00    13      0.00      0.00 1006900  166644   2.17  |__fastlio_mapping
16时28分22秒  1000         -     30048    1.00    0.00    0.00    0.00    1.00    12      0.00      0.00 1006900  166644   2.17  |__fastlio_mapping
16时28分22秒  1000         -     30049    0.00    0.00    0.00    0.00    0.00    13      0.00      0.00 1006900  166644   2.17  |__fastlio_mapping
16时28分22秒  1000         -     30050    0.00    0.00    0.00    0.00    0.00    12      0.00      0.00 1006900  166644   2.17  |__fastlio_mapping
16时28分22秒  1000         -     30053   13.00    0.00    0.00    0.00   13.00     5      0.00      0.00 1006900  166644   2.17  |__fastlio_mapping
16时28分22秒  1000         -     30054   13.00    0.00    0.00    0.00   13.00     6      0.00      0.00 1006900  166644   2.17  |__fastlio_mapping

# Time        UID      TGID       TID    %usr %system  %guest   %wait    %CPU   CPU  minflt/s  majflt/s     VSZ     RSS   %MEM  Command
16时28分23秒  1000     30037         -   31.00    1.00    0.00    0.00   32.00     6   1698.00      0.00 1007136  167116   2.18  fastlio_mapping
16时28分23秒  1000         -     30037    5.00    0.00    0.00    0.00    5.00     6   1698.00      0.00 1007136  167116   2.18  |__fastlio_mapping
16时28分23秒  1000         -     30039    1.00    1.00    0.00    0.00    2.00     4      0.00      0.00 1007136  167116   2.18  |__fastlio_mapping
16时28分23秒  1000         -     30040    0.00    0.00    0.00    0.00    0.00     9      0.00      0.00 1007136  167116   2.18  |__fastlio_mapping
16时28分23秒  1000         -     30041    0.00    0.00    0.00    0.00    0.00    13      0.00      0.00 1007136  167116   2.18  |__fastlio_mapping
16时28分23秒  1000         -     30042    0.00    0.00    0.00    0.00    0.00     8      0.00      0.00 1007136  167116   2.18  |__fastlio_mapping
16时28分23秒  1000         -     30043    0.00    0.00    0.00    0.00    0.00    14      0.00      0.00 1007136  167116   2.18  |__fastlio_mapping
16时28分23秒  1000         -     30044    0.00    0.00    0.00    0.00    0.00    13      0.00      0.00 1007136  167116   2.18  |__fastlio_mapping
16时28分23秒  1000         -     30045    0.00    0.00    0.00    0.00    0.00     8      0.00      0.00 1007136  167116   2.18  |__fastlio_mapping
16时28分23秒  1000         -     30046    0.00    0.00    0.00    0.00    0.00     9      0.00      0.00 1007136  167116   2.18  |__fastlio_mapping
16时28分23秒  1000         -     30047    0.00    0.00    0.00    0.00    0.00    13      0.00      0.00 1007136  167116   2.18  |__fastlio_mapping
16时28分23秒  1000         -     30048    0.00    0.00    0.00    0.00    0.00     0      0.00      0.00 1007136  167116   2.18  |__fastlio_mapping
16时28分23秒  1000         -     30049    0.00    0.00    0.00    0.00    0.00    13      0.00      0.00 1007136  167116   2.18  |__fastlio_mapping
16时28分23秒  1000         -     30050    0.00    0.00    0.00    0.00    0.00    12      0.00      0.00 1007136  167116   2.18  |__fastlio_mapping
16时28分23秒  1000         -     30053   13.00    0.00    0.00    0.00   13.00     5      0.00      0.00 1007136  167116   2.18  |__fastlio_mapping
16时28分23秒  1000         -     30054   11.00    0.00    0.00    0.00   11.00     2      0.00      0.00 1007136  167116   2.18  |__fastlio_mapping

# Time        UID      TGID       TID    %usr %system  %guest   %wait    %CPU   CPU  minflt/s  majflt/s     VSZ     RSS   %MEM  Command
16时28分24秒  1000     30037         -   32.00    2.00    0.00    0.00   34.00     1   3334.00      0.00 1013460  167580   2.19  fastlio_mapping
16时28分24秒  1000         -     30037    5.00    1.00    0.00    0.00    6.00     1   3334.00      0.00 1013460  167580   2.19  |__fastlio_mapping
16时28分24秒  1000         -     30039    1.00    1.00    0.00    0.00    2.00     8      0.00      0.00 1013460  167580   2.19  |__fastlio_mapping
16时28分24秒  1000         -     30040    0.00    0.00    0.00    0.00    0.00     9      0.00      0.00 1013460  167580   2.19  |__fastlio_mapping
16时28分24秒  1000         -     30041    0.00    0.00    0.00    0.00    0.00    13      0.00      0.00 1013460  167580   2.19  |__fastlio_mapping
16时28分24秒  1000         -     30042    0.00    0.00    0.00    0.00    0.00     8      0.00      0.00 1013460  167580   2.19  |__fastlio_mapping
16时28分24秒  1000         -     30043    0.00    0.00    0.00    0.00    0.00    10      0.00      0.00 1013460  167580   2.19  |__fastlio_mapping
16时28分24秒  1000         -     30044    0.00    0.00    0.00    0.00    0.00    13      0.00      0.00 1013460  167580   2.19  |__fastlio_mapping
16时28分24秒  1000         -     30045    0.00    0.00    0.00    0.00    0.00     9      0.00      0.00 1013460  167580   2.19  |__fastlio_mapping
16时28分24秒  1000         -     30046    0.00    0.00    0.00    0.00    0.00     9      0.00      0.00 1013460  167580   2.19  |__fastlio_mapping
16时28分24秒  1000         -     30047    0.00    0.00    0.00    0.00    0.00    13      0.00      0.00 1013460  167580   2.19  |__fastlio_mapping
16时28分24秒  1000         -     30048    1.00    1.00    0.00    0.00    2.00    11      0.00      0.00 1013460  167580   2.19  |__fastlio_mapping
16时28分24秒  1000         -     30049    0.00    0.00    0.00    0.00    0.00    13      0.00      0.00 1013460  167580   2.19  |__fastlio_mapping
16时28分24秒  1000         -     30050    0.00    0.00    0.00    0.00    0.00    12      0.00      0.00 1013460  167580   2.19  |__fastlio_mapping
16时28分24秒  1000         -     30053   12.00    0.00    0.00    0.00   12.00     5      0.00      0.00 1013460  167580   2.19  |__fastlio_mapping
16时28分24秒  1000         -     30054   13.00    0.00    0.00    0.00   13.00     3      0.00      0.00 1013460  167580   2.19  |__fastlio_mapping

# Time        UID      TGID       TID    %usr %system  %guest   %wait    %CPU   CPU  minflt/s  majflt/s     VSZ     RSS   %MEM  Command
16时28分25秒  1000     30037         -   33.00    2.00    0.00    0.00   35.00    10   1812.00      0.00 1013692  168044   2.19  fastlio_mapping
16时28分25秒  1000         -     30037    6.00    1.00    0.00    0.00    7.00    10   1812.00      0.00 1013692  168044   2.19  |__fastlio_mapping
16时28分25秒  1000         -     30039    1.00    1.00    0.00    0.00    2.00    13      0.00      0.00 1013692  168044   2.19  |__fastlio_mapping
16时28分25秒  1000         -     30040    0.00    0.00    0.00    0.00    0.00     9      0.00      0.00 1013692  168044   2.19  |__fastlio_mapping
16时28分25秒  1000         -     30041    0.00    0.00    0.00    0.00    0.00    13      0.00      0.00 1013692  168044   2.19  |__fastlio_mapping
16时28分25秒  1000         -     30042    0.00    0.00    0.00    0.00    0.00     8      0.00      0.00 1013692  168044   2.19  |__fastlio_mapping
16时28分25秒  1000         -     30043    0.00    0.00    0.00    0.00    0.00     2      0.00      0.00 1013692  168044   2.19  |__fastlio_mapping
16时28分25秒  1000         -     30044    0.00    0.00    0.00    0.00    0.00    13      0.00      0.00 1013692  168044   2.19  |__fastlio_mapping
16时28分25秒  1000         -     30045    0.00    0.00    0.00    0.00    0.00     0      0.00      0.00 1013692  168044   2.19  |__fastlio_mapping
16时28分25秒  1000         -     30046    0.00    0.00    0.00    0.00    0.00    12      0.00      0.00 1013692  168044   2.19  |__fastlio_mapping
16时28分25秒  1000         -     30047    0.00    0.00    0.00    0.00    0.00    13      0.00      0.00 1013692  168044   2.19  |__fastlio_mapping
16时28分25秒  1000         -     30048    1.00    0.00    0.00    0.00    1.00    11      0.00      0.00 1013692  168044   2.19  |__fastlio_mapping
16时28分25秒  1000         -     30049    0.00    0.00    0.00    0.00    0.00    13      0.00      0.00 1013692  168044   2.19  |__fastlio_mapping
16时28分25秒  1000         -     30050    0.00    0.00    0.00    0.00    0.00    12      0.00      0.00 1013692  168044   2.19  |__fastlio_mapping
16时28分25秒  1000         -     30053   12.00    0.00    0.00    0.00   12.00     0      0.00      0.00 1013692  168044   2.19  |__fastlio_mapping
16时28分25秒  1000         -     30054   13.00    0.00    0.00    0.00   13.00     3      0.00      0.00 1013692  168044   2.19  |__fastlio_mapping

# Time        UID      TGID       TID    %usr %system  %guest   %wait    %CPU   CPU  minflt/s  majflt/s     VSZ     RSS   %MEM  Command
16时28分26秒  1000     30037         -   32.00    1.00    0.00    0.00   33.00    10   1870.00      0.00 1013924  168480   2.20  fastlio_mapping
16时28分26秒  1000         -     30037    7.00    0.00    0.00    0.00    7.00    10   1870.00      0.00 1013924  168480   2.20  |__fastlio_mapping
16时28分26秒  1000         -     30039    2.00    1.00    0.00    0.00    3.00    11      0.00      0.00 1013924  168480   2.20  |__fastlio_mapping
16时28分26秒  1000         -     30040    0.00    0.00    0.00    0.00    0.00     9      0.00      0.00 1013924  168480   2.20  |__fastlio_mapping
16时28分26秒  1000         -     30041    0.00    0.00    0.00    0.00    0.00    13      0.00      0.00 1013924  168480   2.20  |__fastlio_mapping
16时28分26秒  1000         -     30042    0.00    0.00    0.00    0.00    0.00     8      0.00      0.00 1013924  168480   2.20  |__fastlio_mapping
16时28分26秒  1000         -     30043    0.00    0.00    0.00    0.00    0.00    12      0.00      0.00 1013924  168480   2.20  |__fastlio_mapping
16时28分26秒  1000         -     30044    0.00    0.00    0.00    0.00    0.00    13      0.00      0.00 1013924  168480   2.20  |__fastlio_mapping
16时28分26秒  1000         -     30045    0.00    0.00    0.00    0.00    0.00     9      0.00      0.00 1013924  168480   2.20  |__fastlio_mapping
16时28分26秒  1000         -     30046    0.00    0.00    0.00    0.00    0.00     8      0.00      0.00 1013924  168480   2.20  |__fastlio_mapping
16时28分26秒  1000         -     30047    0.00    0.00    0.00    0.00    0.00    13      0.00      0.00 1013924  168480   2.20  |__fastlio_mapping
16时28分26秒  1000         -     30048    0.00    0.00    0.00    0.00    0.00    15      0.00      0.00 1013924  168480   2.20  |__fastlio_mapping
16时28分26秒  1000         -     30049    0.00    0.00    0.00    0.00    0.00    13      0.00      0.00 1013924  168480   2.20  |__fastlio_mapping
16时28分26秒  1000         -     30050    0.00    0.00    0.00    0.00    0.00    12      0.00      0.00 1013924  168480   2.20  |__fastlio_mapping
16时28分26秒  1000         -     30053   11.00    0.00    0.00    0.00   11.00     0      0.00      0.00 1013924  168480   2.20  |__fastlio_mapping
16时28分26秒  1000         -     30054   12.00    0.00    0.00    0.00   12.00     3      0.00      0.00 1013924  168480   2.20  |__fastlio_mapping

# Time        UID      TGID       TID    %usr %system  %guest   %wait    %CPU   CPU  minflt/s  majflt/s     VSZ     RSS   %MEM  Command
16时28分27秒  1000     30037         -   31.00    2.00    0.00    0.00   33.00    14   1928.00      0.00 1014156  168944   2.20  fastlio_mapping
16时28分27秒  1000         -     30037    5.00    0.00    0.00    0.00    5.00    14   1928.00      0.00 1014156  168944   2.20  |__fastlio_mapping
16时28分27秒  1000         -     30039    1.00    1.00    0.00    0.00    2.00     0      0.00      0.00 1014156  168944   2.20  |__fastlio_mapping
16时28分27秒  1000         -     30040    0.00    0.00    0.00    0.00    0.00     9      0.00      0.00 1014156  168944   2.20  |__fastlio_mapping
16时28分27秒  1000         -     30041    0.00    0.00    0.00    0.00    0.00    13      0.00      0.00 1014156  168944   2.20  |__fastlio_mapping
16时28分27秒  1000         -     30042    0.00    0.00    0.00    0.00    0.00     9      0.00      0.00 1014156  168944   2.20  |__fastlio_mapping
16时28分27秒  1000         -     30043    0.00    1.00    0.00    0.00    1.00    15      0.00      0.00 1014156  168944   2.20  |__fastlio_mapping
16时28分27秒  1000         -     30044    0.00    0.00    0.00    0.00    0.00    13      0.00      0.00 1014156  168944   2.20  |__fastlio_mapping
16时28分27秒  1000         -     30045    0.00    0.00    0.00    0.00    0.00    15      0.00      0.00 1014156  168944   2.20  |__fastlio_mapping
16时28分27秒  1000         -     30046    0.00    0.00    0.00    0.00    0.00     8      0.00      0.00 1014156  168944   2.20  |__fastlio_mapping
16时28分27秒  1000         -     30047    0.00    0.00    0.00    0.00    0.00    13      0.00      0.00 1014156  168944   2.20  |__fastlio_mapping
16时28分27秒  1000         -     30048    1.00    0.00    0.00    0.00    1.00    13      0.00      0.00 1014156  168944   2.20  |__fastlio_mapping
16时28分27秒  1000         -     30049    0.00    0.00    0.00    0.00    0.00    13      0.00      0.00 1014156  168944   2.20  |__fastlio_mapping
16时28分27秒  1000         -     30050    0.00    0.00    0.00    0.00    0.00    12      0.00      0.00 1014156  168944   2.20  |__fastlio_mapping
16时28分27秒  1000         -     30053   12.00    0.00    0.00    0.00   12.00     6      0.00      0.00 1014156  168944   2.20  |__fastlio_mapping
16时28分27秒  1000         -     30054   13.00    0.00    0.00    0.00   13.00     3      0.00      0.00 1014156  168944   2.20  |__fastlio_mapping

# Time        UID      TGID       TID    %usr %system  %guest   %wait    %CPU   CPU  minflt/s  majflt/s     VSZ     RSS   %MEM  Command
16时28分28秒  1000     30037         -   29.00    3.00    0.00    0.00   32.00     7   1984.00      0.00 1014388  169404   2.21  fastlio_mapping
16时28分28秒  1000         -     30037    4.00    1.00    0.00    0.00    5.00     7   1984.00      0.00 1014388  169404   2.21  |__fastlio_mapping
16时28分28秒  1000         -     30039    1.00    2.00    0.00    0.00    3.00     0      0.00      0.00 1014388  169404   2.21  |__fastlio_mapping
16时28分28秒  1000         -     30040    0.00    0.00    0.00    0.00    0.00     9      0.00      0.00 1014388  169404   2.21  |__fastlio_mapping
16时28分28秒  1000         -     30041    0.00    0.00    0.00    0.00    0.00    13      0.00      0.00 1014388  169404   2.21  |__fastlio_mapping
16时28分28秒  1000         -     30042    0.00    0.00    0.00    0.00    0.00     9      0.00      0.00 1014388  169404   2.21  |__fastlio_mapping
16时28分28秒  1000         -     30043    0.00    0.00    0.00    0.00    0.00    14      0.00      0.00 1014388  169404   2.21  |__fastlio_mapping
16时28分28秒  1000         -     30044    0.00    0.00    0.00    0.00    0.00    13      0.00      0.00 1014388  169404   2.21  |__fastlio_mapping
16时28分28秒  1000         -     30045    0.00    0.00    0.00    0.00    0.00     0      0.00      0.00 1014388  169404   2.21  |__fastlio_mapping
16时28分28秒  1000         -     30046    0.00    0.00    0.00    0.00    0.00    12      0.00      0.00 1014388  169404   2.21  |__fastlio_mapping
16时28分28秒  1000         -     30047    0.00    0.00    0.00    0.00    0.00    13      0.00      0.00 1014388  169404   2.21  |__fastlio_mapping
16时28分28秒  1000         -     30048    0.00    0.00    0.00    0.00    0.00    13      0.00      0.00 1014388  169404   2.21  |__fastlio_mapping
16时28分28秒  1000         -     30049    0.00    0.00    0.00    0.00    0.00    13      0.00      0.00 1014388  169404   2.21  |__fastlio_mapping
16时28分28秒  1000         -     30050    0.00    0.00    0.00    0.00    0.00    12      0.00      0.00 1014388  169404   2.21  |__fastlio_mapping
16时28分28秒  1000         -     30053   10.00    0.00    0.00    0.00   10.00     6      0.00      0.00 1014388  169404   2.21  |__fastlio_mapping
16时28分28秒  1000         -     30054   12.00    0.00    0.00    0.00   12.00     3      0.00      0.00 1014388  169404   2.21  |__fastlio_mapping

# Time        UID      TGID       TID    %usr %system  %guest   %wait    %CPU   CPU  minflt/s  majflt/s     VSZ     RSS   %MEM  Command
16时28分29秒  1000     30037         -   27.00    3.00    0.00    0.00   30.00     7   2043.00      0.00 1014620  169868   2.21  fastlio_mapping
16时28分29秒  1000         -     30037    5.00    1.00    0.00    0.00    6.00     7   2043.00      0.00 1014620  169868   2.21  |__fastlio_mapping
16时28分29秒  1000         -     30039    1.00    1.00    0.00    0.00    2.00    10      0.00      0.00 1014620  169868   2.21  |__fastlio_mapping
16时28分29秒  1000         -     30040    0.00    0.00    0.00    0.00    0.00     9      0.00      0.00 1014620  169868   2.21  |__fastlio_mapping
16时28分29秒  1000         -     30041    0.00    0.00    0.00    0.00    0.00    13      0.00      0.00 1014620  169868   2.21  |__fastlio_mapping
16时28分29秒  1000         -     30042    0.00    0.00    0.00    0.00    0.00     8      0.00      0.00 1014620  169868   2.21  |__fastlio_mapping
16时28分29秒  1000         -     30043    1.00    0.00    0.00    0.00    1.00    14      0.00      0.00 1014620  169868   2.21  |__fastlio_mapping
16时28分29秒  1000         -     30044    0.00    0.00    0.00    0.00    0.00    13      0.00      0.00 1014620  169868   2.21  |__fastlio_mapping
16时28分29秒  1000         -     30045    0.00    0.00    0.00    0.00    0.00     8      0.00      0.00 1014620  169868   2.21  |__fastlio_mapping
16时28分29秒  1000         -     30046    0.00    0.00    0.00    0.00    0.00     9      0.00      0.00 1014620  169868   2.21  |__fastlio_mapping
16时28分29秒  1000         -     30047    0.00    0.00    0.00    0.00    0.00    13      0.00      0.00 1014620  169868   2.21  |__fastlio_mapping
16时28分29秒  1000         -     30048    1.00    1.00    0.00    0.00    2.00    13      0.00      0.00 1014620  169868   2.21  |__fastlio_mapping
16时28分29秒  1000         -     30049    0.00    0.00    0.00    0.00    0.00    13      0.00      0.00 1014620  169868   2.21  |__fastlio_mapping
16时28分29秒  1000         -     30050    0.00    0.00    0.00    0.00    0.00    12      0.00      0.00 1014620  169868   2.21  |__fastlio_mapping
16时28分29秒  1000         -     30053    8.00    0.00    0.00    0.00    8.00     6      0.00      0.00 1014620  169868   2.21  |__fastlio_mapping
16时28分29秒  1000         -     30054   13.00    0.00    0.00    0.00   13.00     3      0.00      0.00 1014620  169868   2.21  |__fastlio_mapping

# Time        UID      TGID       TID    %usr %system  %guest   %wait    %CPU   CPU  minflt/s  majflt/s     VSZ     RSS   %MEM  Command
16时28分30秒  1000     30037         -   29.00    2.00    0.00    0.00   31.00     7   2103.00      0.00 1014852  170336   2.22  fastlio_mapping
16时28分30秒  1000         -     30037    5.00    0.00    0.00    0.00    5.00     7   2103.00      0.00 1014852  170336   2.22  |__fastlio_mapping
16时28分30秒  1000         -     30039    0.00    2.00    0.00    0.00    2.00    15      0.00      0.00 1014852  170336   2.22  |__fastlio_mapping
16时28分30秒  1000         -     30040    0.00    0.00    0.00    0.00    0.00     9      0.00      0.00 1014852  170336   2.22  |__fastlio_mapping
16时28分30秒  1000         -     30041    0.00    0.00    0.00    0.00    0.00    13      0.00      0.00 1014852  170336   2.22  |__fastlio_mapping
16时28分30秒  1000         -     30042    0.00    0.00    0.00    0.00    0.00     8      0.00      0.00 1014852  170336   2.22  |__fastlio_mapping
16时28分30秒  1000         -     30043    0.00    0.00    0.00    0.00    0.00     0      0.00      0.00 1014852  170336   2.22  |__fastlio_mapping
16时28分30秒  1000         -     30044    0.00    0.00    0.00    0.00    0.00    13      0.00      0.00 1014852  170336   2.22  |__fastlio_mapping
16时28分30秒  1000         -     30045    0.00    0.00    0.00    0.00    0.00    15      0.00      0.00 1014852  170336   2.22  |__fastlio_mapping
16时28分30秒  1000         -     30046    0.00    0.00    0.00    0.00    0.00     9      0.00      0.00 1014852  170336   2.22  |__fastlio_mapping
16时28分30秒  1000         -     30047    0.00    0.00    0.00    0.00    0.00    13      0.00      0.00 1014852  170336   2.22  |__fastlio_mapping
16时28分30秒  1000         -     30048    0.00    0.00    0.00    0.00    0.00    13      0.00      0.00 1014852  170336   2.22  |__fastlio_mapping
16时28分30秒  1000         -     30049    0.00    0.00    0.00    0.00    0.00    13      0.00      0.00 1014852  170336   2.22  |__fastlio_mapping
16时28分30秒  1000         -     30050    0.00    0.00    0.00    0.00    0.00    12      0.00      0.00 1014852  170336   2.22  |__fastlio_mapping
16时28分30秒  1000         -     30053   11.00    0.00    0.00    0.00   11.00     4      0.00      0.00 1014852  170336   2.22  |__fastlio_mapping
16时28分30秒  1000         -     30054   13.00    0.00    0.00    0.00   13.00     3      0.00      0.00 1014852  170336   2.22  |__fastlio_mapping

# Time        UID      TGID       TID    %usr %system  %guest   %wait    %CPU   CPU  minflt/s  majflt/s     VSZ     RSS   %MEM  Command
16时28分31秒  1000     30037         -   31.00    2.00    0.00    0.00   33.00     7   2163.00      0.00 1015088  170808   2.23  fastlio_mapping
16时28分31秒  1000         -     30037    4.00    1.00    0.00    0.00    5.00     7   2163.00      0.00 1015088  170808   2.23  |__fastlio_mapping
16时28分31秒  1000         -     30039    1.00    1.00    0.00    0.00    2.00    11      0.00      0.00 1015088  170808   2.23  |__fastlio_mapping
16时28分31秒  1000         -     30040    0.00    0.00    0.00    0.00    0.00     9      0.00      0.00 1015088  170808   2.23  |__fastlio_mapping
16时28分31秒  1000         -     30041    0.00    0.00    0.00    0.00    0.00    13      0.00      0.00 1015088  170808   2.23  |__fastlio_mapping
16时28分31秒  1000         -     30042    0.00    0.00    0.00    0.00    0.00     8      0.00      0.00 1015088  170808   2.23  |__fastlio_mapping
16时28分31秒  1000         -     30043    0.00    0.00    0.00    0.00    0.00    14      0.00      0.00 1015088  170808   2.23  |__fastlio_mapping
16时28分31秒  1000         -     30044    0.00    0.00    0.00    0.00    0.00    13      0.00      0.00 1015088  170808   2.23  |__fastlio_mapping
16时28分31秒  1000         -     30045    0.00    0.00    0.00    0.00    0.00     0      0.00      0.00 1015088  170808   2.23  |__fastlio_mapping
16时28分31秒  1000         -     30046    0.00    0.00    0.00    0.00    0.00    13      0.00      0.00 1015088  170808   2.23  |__fastlio_mapping
16时28分31秒  1000         -     30047    0.00    0.00    0.00    0.00    0.00    13      0.00      0.00 1015088  170808   2.23  |__fastlio_mapping
16时28分31秒  1000         -     30048    1.00    0.00    0.00    0.00    1.00    12      0.00      0.00 1015088  170808   2.23  |__fastlio_mapping
16时28分31秒  1000         -     30049    0.00    0.00    0.00    0.00    0.00    13      0.00      0.00 1015088  170808   2.23  |__fastlio_mapping
16时28分31秒  1000         -     30050    0.00    0.00    0.00    0.00    0.00    12      0.00      0.00 1015088  170808   2.23  |__fastlio_mapping
16时28分31秒  1000         -     30053   13.00    0.00    0.00    0.00   13.00     4      0.00      0.00 1015088  170808   2.23  |__fastlio_mapping
16时28分31秒  1000         -     30054   12.00    0.00    0.00    0.00   12.00     3      0.00      0.00 1015088  170808   2.23  |__fastlio_mapping

# Time        UID      TGID       TID    %usr %system  %guest   %wait    %CPU   CPU  minflt/s  majflt/s     VSZ     RSS   %MEM  Command
16时28分32秒  1000     30037         -   31.00    1.00    0.00    0.00   32.00     7   2219.00      0.00 1015320  171272   2.23  fastlio_mapping
16时28分32秒  1000         -     30037    5.00    0.00    0.00    0.00    5.00     7   2219.00      0.00 1015320  171272   2.23  |__fastlio_mapping
16时28分32秒  1000         -     30039    1.00    2.00    0.00    0.00    3.00     8      0.00      0.00 1015320  171272   2.23  |__fastlio_mapping
16时28分32秒  1000         -     30040    0.00    0.00    0.00    0.00    0.00     9      0.00      0.00 1015320  171272   2.23  |__fastlio_mapping
16时28分32秒  1000         -     30041    0.00    0.00    0.00    0.00    0.00    13      0.00      0.00 1015320  171272   2.23  |__fastlio_mapping
16时28分32秒  1000         -     30042    0.00    0.00    0.00    0.00    0.00     8      0.00      0.00 1015320  171272   2.23  |__fastlio_mapping
16时28分32秒  1000         -     30043    0.00    0.00    0.00    0.00    0.00     8      0.00      0.00 1015320  171272   2.23  |__fastlio_mapping
16时28分32秒  1000         -     30044    0.00    0.00    0.00    0.00    0.00    13      0.00      0.00 1015320  171272   2.23  |__fastlio_mapping
16时28分32秒  1000         -     30045    0.00    0.00    0.00    0.00    0.00     8      0.00      0.00 1015320  171272   2.23  |__fastlio_mapping
16时28分32秒  1000         -     30046    0.00    0.00    0.00    0.00    0.00     9      0.00      0.00 1015320  171272   2.23  |__fastlio_mapping
16时28分32秒  1000         -     30047    0.00    0.00    0.00    0.00    0.00    13      0.00      0.00 1015320  171272   2.23  |__fastlio_mapping
16时28分32秒  1000         -     30048    0.00    0.00    0.00    0.00    0.00    13      0.00      0.00 1015320  171272   2.23  |__fastlio_mapping
16时28分32秒  1000         -     30049    0.00    0.00    0.00    0.00    0.00    13      0.00      0.00 1015320  171272   2.23  |__fastlio_mapping
16时28分32秒  1000         -     30050    0.00    0.00    0.00    0.00    0.00    12      0.00      0.00 1015320  171272   2.23  |__fastlio_mapping
16时28分32秒  1000         -     30053   12.00    0.00    0.00    0.00   12.00     4      0.00      0.00 1015320  171272   2.23  |__fastlio_mapping
16时28分32秒  1000         -     30054   12.00    0.00    0.00    0.00   12.00     3      0.00      0.00 1015320  171272   2.23  |__fastlio_mapping

# Time        UID      TGID       TID    %usr %system  %guest   %wait    %CPU   CPU  minflt/s  majflt/s     VSZ     RSS   %MEM  Command
16时28分33秒  1000     30037         -   32.00    2.00    0.00    0.00   34.00     6   2277.00      0.00 1015552  171700   2.24  fastlio_mapping
16时28分33秒  1000         -     30037    5.00    0.00    0.00    0.00    5.00     6   2277.00      0.00 1015552  171700   2.24  |__fastlio_mapping
16时28分33秒  1000         -     30039    1.00    1.00    0.00    0.00    2.00    10      0.00      0.00 1015552  171700   2.24  |__fastlio_mapping
16时28分33秒  1000         -     30040    0.00    0.00    0.00    0.00    0.00     9      0.00      0.00 1015552  171700   2.24  |__fastlio_mapping
16时28分33秒  1000         -     30041    0.00    0.00    0.00    0.00    0.00    13      0.00      0.00 1015552  171700   2.24  |__fastlio_mapping
16时28分33秒  1000         -     30042    0.00    0.00    0.00    0.00    0.00     8      0.00      0.00 1015552  171700   2.24  |__fastlio_mapping
16时28分33秒  1000         -     30043    0.00    0.00    0.00    0.00    0.00    11      0.00      0.00 1015552  171700   2.24  |__fastlio_mapping
16时28分33秒  1000         -     30044    0.00    0.00    0.00    0.00    0.00    13      0.00      0.00 1015552  171700   2.24  |__fastlio_mapping
16时28分33秒  1000         -     30045    0.00    0.00    0.00    0.00    0.00     8      0.00      0.00 1015552  171700   2.24  |__fastlio_mapping
16时28分33秒  1000         -     30046    0.00    0.00    0.00    0.00    0.00     9      0.00      0.00 1015552  171700   2.24  |__fastlio_mapping
16时28分33秒  1000         -     30047    0.00    0.00    0.00    0.00    0.00    13      0.00      0.00 1015552  171700   2.24  |__fastlio_mapping
16时28分33秒  1000         -     30048    1.00    0.00    0.00    0.00    1.00    10      0.00      0.00 1015552  171700   2.24  |__fastlio_mapping
16时28分33秒  1000         -     30049    0.00    0.00    0.00    0.00    0.00    13      0.00      0.00 1015552  171700   2.24  |__fastlio_mapping
16时28分33秒  1000         -     30050    0.00    0.00    0.00    0.00    0.00    12      0.00      0.00 1015552  171700   2.24  |__fastlio_mapping
16时28分33秒  1000         -     30053   12.00    0.00    0.00    0.00   12.00     6      0.00      0.00 1015552  171700   2.24  |__fastlio_mapping
16时28分33秒  1000         -     30054   13.00    0.00    0.00    0.00   13.00     3      0.00      0.00 1015552  171700   2.24  |__fastlio_mapping

# Time        UID      TGID       TID    %usr %system  %guest   %wait    %CPU   CPU  minflt/s  majflt/s     VSZ     RSS   %MEM  Command
16时28分34秒  1000     30037         -   31.00    2.00    0.00    0.00   33.00    15   2338.00      0.00 1015788  172272   2.25  fastlio_mapping
16时28分34秒  1000         -     30037    5.00    1.00    0.00    0.00    6.00    15   2338.00      0.00 1015788  172272   2.25  |__fastlio_mapping
16时28分34秒  1000         -     30039    1.00    1.00    0.00    0.00    2.00     9      0.00      0.00 1015788  172272   2.25  |__fastlio_mapping
16时28分34秒  1000         -     30040    0.00    0.00    0.00    0.00    0.00     9      0.00      0.00 1015788  172272   2.25  |__fastlio_mapping
16时28分34秒  1000         -     30041    0.00    0.00    0.00    0.00    0.00    13      0.00      0.00 1015788  172272   2.25  |__fastlio_mapping
16时28分34秒  1000         -     30042    0.00    0.00    0.00    0.00    0.00     8      0.00      0.00 1015788  172272   2.25  |__fastlio_mapping
16时28分34秒  1000         -     30043    0.00    0.00    0.00    0.00    0.00    14      0.00      0.00 1015788  172272   2.25  |__fastlio_mapping
16时28分34秒  1000         -     30044    0.00    0.00    0.00    0.00    0.00    13      0.00      0.00 1015788  172272   2.25  |__fastlio_mapping
16时28分34秒  1000         -     30045    0.00    0.00    0.00    0.00    0.00     0      0.00      0.00 1015788  172272   2.25  |__fastlio_mapping
16时28分34秒  1000         -     30046    0.00    0.00    0.00    0.00    0.00     6      0.00      0.00 1015788  172272   2.25  |__fastlio_mapping
16时28分34秒  1000         -     30047    0.00    0.00    0.00    0.00    0.00    13      0.00      0.00 1015788  172272   2.25  |__fastlio_mapping
16时28分34秒  1000         -     30048    0.00    1.00    0.00    0.00    1.00    13      0.00      0.00 1015788  172272   2.25  |__fastlio_mapping
16时28分34秒  1000         -     30049    0.00    0.00    0.00    0.00    0.00    13      0.00      0.00 1015788  172272   2.25  |__fastlio_mapping
16时28分34秒  1000         -     30050    0.00    0.00    0.00    0.00    0.00    12      0.00      0.00 1015788  172272   2.25  |__fastlio_mapping
16时28分34秒  1000         -     30053   12.00    0.00    0.00    0.00   12.00     4      0.00      0.00 1015788  172272   2.25  |__fastlio_mapping
16时28分34秒  1000         -     30054   12.00    0.00    0.00    0.00   12.00     3      0.00      0.00 1015788  172272   2.25  |__fastlio_mapping

# Time        UID      TGID       TID    %usr %system  %guest   %wait    %CPU   CPU  minflt/s  majflt/s     VSZ     RSS   %MEM  Command
16时28分35秒  1000     30037         -   33.00    1.00    0.00    0.00   34.00    10   2394.00      0.00 1016020  172772   2.25  fastlio_mapping
16时28分35秒  1000         -     30037    6.00    0.00    0.00    0.00    6.00    10   2394.00      0.00 1016020  172772   2.25  |__fastlio_mapping
16时28分35秒  1000         -     30039    1.00    1.00    0.00    0.00    2.00     0      0.00      0.00 1016020  172772   2.25  |__fastlio_mapping
16时28分35秒  1000         -     30040    0.00    0.00    0.00    0.00    0.00     9      0.00      0.00 1016020  172772   2.25  |__fastlio_mapping
16时28分35秒  1000         -     30041    0.00    0.00    0.00    0.00    0.00    13      0.00      0.00 1016020  172772   2.25  |__fastlio_mapping
16时28分35秒  1000         -     30042    0.00    0.00    0.00    0.00    0.00     8      0.00      0.00 1016020  172772   2.25  |__fastlio_mapping
16时28分35秒  1000         -     30043    0.00    0.00    0.00    0.00    0.00    10      0.00      0.00 1016020  172772   2.25  |__fastlio_mapping
16时28分35秒  1000         -     30044    0.00    0.00    0.00    0.00    0.00    13      0.00      0.00 1016020  172772   2.25  |__fastlio_mapping
16时28分35秒  1000         -     30045    0.00    0.00    0.00    0.00    0.00     9      0.00      0.00 1016020  172772   2.25  |__fastlio_mapping
16时28分35秒  1000         -     30046    0.00    0.00    0.00    0.00    0.00     9      0.00      0.00 1016020  172772   2.25  |__fastlio_mapping
16时28分35秒  1000         -     30047    0.00    0.00    0.00    0.00    0.00    13      0.00      0.00 1016020  172772   2.25  |__fastlio_mapping
16时28分35秒  1000         -     30048    1.00    0.00    0.00    0.00    1.00     0      0.00      0.00 1016020  172772   2.25  |__fastlio_mapping
16时28分35秒  1000         -     30049    0.00    0.00    0.00    0.00    0.00    13      0.00      0.00 1016020  172772   2.25  |__fastlio_mapping
16时28分35秒  1000         -     30050    0.00    0.00    0.00    0.00    0.00    12      0.00      0.00 1016020  172772   2.25  |__fastlio_mapping
16时28分35秒  1000         -     30053   13.00    0.00    0.00    0.00   13.00     4      0.00      0.00 1016020  172772   2.25  |__fastlio_mapping
16时28分35秒  1000         -     30054   13.00    0.00    0.00    0.00   13.00     3      0.00      0.00 1016020  172772   2.25  |__fastlio_mapping

# Time        UID      TGID       TID    %usr %system  %guest   %wait    %CPU   CPU  minflt/s  majflt/s     VSZ     RSS   %MEM  Command
16时28分36秒  1000     30037         -   31.00    2.00    0.00    0.00   33.00     6   2452.00      0.00 1016252  173236   2.26  fastlio_mapping
16时28分36秒  1000         -     30037    6.00    1.00    0.00    0.00    7.00     6   2452.00      0.00 1016252  173236   2.26  |__fastlio_mapping
16时28分36秒  1000         -     30039    1.00    2.00    0.00    0.00    3.00    11      0.00      0.00 1016252  173236   2.26  |__fastlio_mapping
16时28分36秒  1000         -     30040    0.00    0.00    0.00    0.00    0.00     8      0.00      0.00 1016252  173236   2.26  |__fastlio_mapping
16时28分36秒  1000         -     30041    0.00    0.00    0.00    0.00    0.00    13      0.00      0.00 1016252  173236   2.26  |__fastlio_mapping
16时28分36秒  1000         -     30042    0.00    0.00    0.00    0.00    0.00     8      0.00      0.00 1016252  173236   2.26  |__fastlio_mapping
16时28分36秒  1000         -     30043    0.00    0.00    0.00    0.00    0.00    15      0.00      0.00 1016252  173236   2.26  |__fastlio_mapping
16时28分36秒  1000         -     30044    0.00    0.00    0.00    0.00    0.00    13      0.00      0.00 1016252  173236   2.26  |__fastlio_mapping
16时28分36秒  1000         -     30045    0.00    0.00    0.00    0.00    0.00     0      0.00      0.00 1016252  173236   2.26  |__fastlio_mapping
16时28分36秒  1000         -     30046    0.00    0.00    0.00    0.00    0.00     9      0.00      0.00 1016252  173236   2.26  |__fastlio_mapping
16时28分36秒  1000         -     30047    0.00    0.00    0.00    0.00    0.00    13      0.00      0.00 1016252  173236   2.26  |__fastlio_mapping
16时28分36秒  1000         -     30048    1.00    0.00    0.00    0.00    1.00    10      0.00      0.00 1016252  173236   2.26  |__fastlio_mapping
16时28分36秒  1000         -     30049    0.00    0.00    0.00    0.00    0.00    13      0.00      0.00 1016252  173236   2.26  |__fastlio_mapping
16时28分36秒  1000         -     30050    0.00    0.00    0.00    0.00    0.00    12      0.00      0.00 1016252  173236   2.26  |__fastlio_mapping
16时28分36秒  1000         -     30053   10.00    0.00    0.00    0.00   10.00     8      0.00      0.00 1016252  173236   2.26  |__fastlio_mapping
16时28分36秒  1000         -     30054   13.00    0.00    0.00    0.00   13.00     3      0.00      0.00 1016252  173236   2.26  |__fastlio_mapping

# Time        UID      TGID       TID    %usr %system  %guest   %wait    %CPU   CPU  minflt/s  majflt/s     VSZ     RSS   %MEM  Command
16时28分37秒  1000     30037         -   33.00    2.00    0.00    0.00   35.00    10   2511.00      0.00 1016484  173780   2.27  fastlio_mapping
16时28分37秒  1000         -     30037    5.00    0.00    0.00    0.00    5.00    10   2511.00      0.00 1016484  173780   2.27  |__fastlio_mapping
16时28分37秒  1000         -     30039    1.00    1.00    0.00    0.00    2.00    15      0.00      0.00 1016484  173780   2.27  |__fastlio_mapping
16时28分37秒  1000         -     30040    0.00    0.00    0.00    0.00    0.00     8      0.00      0.00 1016484  173780   2.27  |__fastlio_mapping
16时28分37秒  1000         -     30041    0.00    0.00    0.00    0.00    0.00    13      0.00      0.00 1016484  173780   2.27  |__fastlio_mapping
16时28分37秒  1000         -     30042    0.00    0.00    0.00    0.00    0.00     8      0.00      0.00 1016484  173780   2.27  |__fastlio_mapping
16时28分37秒  1000         -     30043    0.00    0.00    0.00    0.00    0.00    14      0.00      0.00 1016484  173780   2.27  |__fastlio_mapping
16时28分37秒  1000         -     30044    0.00    0.00    0.00    0.00    0.00    13      0.00      0.00 1016484  173780   2.27  |__fastlio_mapping
16时28分37秒  1000         -     30045    0.00    0.00    0.00    0.00    0.00    15      0.00      0.00 1016484  173780   2.27  |__fastlio_mapping
16时28分37秒  1000         -     30046    0.00    0.00    0.00    0.00    0.00    15      0.00      0.00 1016484  173780   2.27  |__fastlio_mapping
16时28分37秒  1000         -     30047    0.00    0.00    0.00    0.00    0.00    13      0.00      0.00 1016484  173780   2.27  |__fastlio_mapping
16时28分37秒  1000         -     30048    1.00    0.00    0.00    0.00    1.00    15      0.00      0.00 1016484  173780   2.27  |__fastlio_mapping
16时28分37秒  1000         -     30049    0.00    0.00    0.00    0.00    0.00    13      0.00      0.00 1016484  173780   2.27  |__fastlio_mapping
16时28分37秒  1000         -     30050    0.00    0.00    0.00    0.00    0.00    12      0.00      0.00 1016484  173780   2.27  |__fastlio_mapping
16时28分37秒  1000         -     30053   13.00    0.00    0.00    0.00   13.00     6      0.00      0.00 1016484  173780   2.27  |__fastlio_mapping
16时28分37秒  1000         -     30054   12.00    0.00    0.00    0.00   12.00     3      0.00      0.00 1016484  173780   2.27  |__fastlio_mapping

# Time        UID      TGID       TID    %usr %system  %guest   %wait    %CPU   CPU  minflt/s  majflt/s     VSZ     RSS   %MEM  Command
16时28分38秒  1000     30037         -   33.00    1.00    0.00    0.00   34.00     4   2571.00      0.00 1016720  174252   2.27  fastlio_mapping
16时28分38秒  1000         -     30037    5.00    1.00    0.00    0.00    6.00     4   2571.00      0.00 1016720  174252   2.27  |__fastlio_mapping
16时28分38秒  1000         -     30039    1.00    1.00    0.00    0.00    2.00     6      0.00      0.00 1016720  174252   2.27  |__fastlio_mapping
16时28分38秒  1000         -     30040    0.00    0.00    0.00    0.00    0.00     8      0.00      0.00 1016720  174252   2.27  |__fastlio_mapping
16时28分38秒  1000         -     30041    0.00    0.00    0.00    0.00    0.00    13      0.00      0.00 1016720  174252   2.27  |__fastlio_mapping
16时28分38秒  1000         -     30042    0.00    0.00    0.00    0.00    0.00     8      0.00      0.00 1016720  174252   2.27  |__fastlio_mapping
16时28分38秒  1000         -     30043    0.00    0.00    0.00    0.00    0.00     9      0.00      0.00 1016720  174252   2.27  |__fastlio_mapping
16时28分38秒  1000         -     30044    0.00    0.00    0.00    0.00    0.00    13      0.00      0.00 1016720  174252   2.27  |__fastlio_mapping
16时28分38秒  1000         -     30045    0.00    0.00    0.00    0.00    0.00     8      0.00      0.00 1016720  174252   2.27  |__fastlio_mapping
16时28分38秒  1000         -     30046    0.00    0.00    0.00    0.00    0.00     9      0.00      0.00 1016720  174252   2.27  |__fastlio_mapping
16时28分38秒  1000         -     30047    0.00    0.00    0.00    0.00    0.00    13      0.00      0.00 1016720  174252   2.27  |__fastlio_mapping
16时28分38秒  1000         -     30048    0.00    0.00    0.00    0.00    0.00     2      0.00      0.00 1016720  174252   2.27  |__fastlio_mapping
16时28分38秒  1000         -     30049    0.00    0.00    0.00    0.00    0.00    13      0.00      0.00 1016720  174252   2.27  |__fastlio_mapping
16时28分38秒  1000         -     30050    0.00    0.00    0.00    0.00    0.00    12      0.00      0.00 1016720  174252   2.27  |__fastlio_mapping
16时28分38秒  1000         -     30053   12.00    0.00    0.00    0.00   12.00     6      0.00      0.00 1016720  174252   2.27  |__fastlio_mapping
16时28分38秒  1000         -     30054   13.00    0.00    0.00    0.00   13.00     3      0.00      0.00 1016720  174252   2.27  |__fastlio_mapping

# Time        UID      TGID       TID    %usr %system  %guest   %wait    %CPU   CPU  minflt/s  majflt/s     VSZ     RSS   %MEM  Command
16时28分39秒  1000     30037         -   32.00    2.00    0.00    0.00   34.00    12   2627.00      0.00 1016952  174592   2.28  fastlio_mapping
16时28分39秒  1000         -     30037    6.00    0.00    0.00    0.00    6.00    12   2627.00      0.00 1016952  174592   2.28  |__fastlio_mapping
16时28分39秒  1000         -     30039    1.00    2.00    0.00    0.00    3.00    13      0.00      0.00 1016952  174592   2.28  |__fastlio_mapping
16时28分39秒  1000         -     30040    0.00    0.00    0.00    0.00    0.00     8      0.00      0.00 1016952  174592   2.28  |__fastlio_mapping
16时28分39秒  1000         -     30041    0.00    0.00    0.00    0.00    0.00    13      0.00      0.00 1016952  174592   2.28  |__fastlio_mapping
16时28分39秒  1000         -     30042    0.00    0.00    0.00    0.00    0.00     8      0.00      0.00 1016952  174592   2.28  |__fastlio_mapping
16时28分39秒  1000         -     30043    0.00    0.00    0.00    0.00    0.00    15      0.00      0.00 1016952  174592   2.28  |__fastlio_mapping
16时28分39秒  1000         -     30044    0.00    0.00    0.00    0.00    0.00    13      0.00      0.00 1016952  174592   2.28  |__fastlio_mapping
16时28分39秒  1000         -     30045    0.00    0.00    0.00    0.00    0.00     8      0.00      0.00 1016952  174592   2.28  |__fastlio_mapping
16时28分39秒  1000         -     30046    0.00    0.00    0.00    0.00    0.00     9      0.00      0.00 1016952  174592   2.28  |__fastlio_mapping
16时28分39秒  1000         -     30047    0.00    0.00    0.00    0.00    0.00    13      0.00      0.00 1016952  174592   2.28  |__fastlio_mapping
16时28分39秒  1000         -     30048    1.00    0.00    0.00    0.00    1.00    14      0.00      0.00 1016952  174592   2.28  |__fastlio_mapping
16时28分39秒  1000         -     30049    0.00    0.00    0.00    0.00    0.00    13      0.00      0.00 1016952  174592   2.28  |__fastlio_mapping
16时28分39秒  1000         -     30050    0.00    0.00    0.00    0.00    0.00    12      0.00      0.00 1016952  174592   2.28  |__fastlio_mapping
16时28分39秒  1000         -     30053   13.00    0.00    0.00    0.00   13.00     4      0.00      0.00 1016952  174592   2.28  |__fastlio_mapping
16时28分39秒  1000         -     30054   13.00    0.00    0.00    0.00   13.00     3      0.00      0.00 1016952  174592   2.28  |__fastlio_mapping

# Time        UID      TGID       TID    %usr %system  %guest   %wait    %CPU   CPU  minflt/s  majflt/s     VSZ     RSS   %MEM  Command
16时28分40秒  1000     30037         -   32.00    2.00    0.00    0.00   34.00    12   2685.00      0.00 1017184  175044   2.28  fastlio_mapping
16时28分40秒  1000         -     30037    5.00    1.00    0.00    0.00    6.00    12   2685.00      0.00 1017184  175044   2.28  |__fastlio_mapping
16时28分40秒  1000         -     30039    2.00    1.00    0.00    0.00    3.00     4      0.00      0.00 1017184  175044   2.28  |__fastlio_mapping
16时28分40秒  1000         -     30040    0.00    0.00    0.00    0.00    0.00     8      0.00      0.00 1017184  175044   2.28  |__fastlio_mapping
16时28分40秒  1000         -     30041    0.00    0.00    0.00    0.00    0.00    13      0.00      0.00 1017184  175044   2.28  |__fastlio_mapping
16时28分40秒  1000         -     30042    0.00    0.00    0.00    0.00    0.00     8      0.00      0.00 1017184  175044   2.28  |__fastlio_mapping
16时28分40秒  1000         -     30043    0.00    0.00    0.00    0.00    0.00    14      0.00      0.00 1017184  175044   2.28  |__fastlio_mapping
16时28分40秒  1000         -     30044    0.00    0.00    0.00    0.00    0.00    13      0.00      0.00 1017184  175044   2.28  |__fastlio_mapping
16时28分40秒  1000         -     30045    0.00    0.00    0.00    0.00    0.00    15      0.00      0.00 1017184  175044   2.28  |__fastlio_mapping
16时28分40秒  1000         -     30046    0.00    0.00    0.00    0.00    0.00    15      0.00      0.00 1017184  175044   2.28  |__fastlio_mapping
16时28分40秒  1000         -     30047    0.00    0.00    0.00    0.00    0.00    13      0.00      0.00 1017184  175044   2.28  |__fastlio_mapping
16时28分40秒  1000         -     30048    1.00    0.00    0.00    0.00    1.00    15      0.00      0.00 1017184  175044   2.28  |__fastlio_mapping
16时28分40秒  1000         -     30049    0.00    0.00    0.00    0.00    0.00    13      0.00      0.00 1017184  175044   2.28  |__fastlio_mapping
16时28分40秒  1000         -     30050    0.00    0.00    0.00    0.00    0.00    12      0.00      0.00 1017184  175044   2.28  |__fastlio_mapping
16时28分40秒  1000         -     30053   12.00    0.00    0.00    0.00   12.00     4      0.00      0.00 1017184  175044   2.28  |__fastlio_mapping
16时28分40秒  1000         -     30054   12.00    0.00    0.00    0.00   12.00     3      0.00      0.00 1017184  175044   2.28  |__fastlio_mapping

# Time        UID      TGID       TID    %usr %system  %guest   %wait    %CPU   CPU  minflt/s  majflt/s     VSZ     RSS   %MEM  Command
16时28分41秒  1000     30037         -   33.00    2.00    0.00    0.00   35.00     9   2746.00      0.00 1017420  175544   2.29  fastlio_mapping
16时28分41秒  1000         -     30037    6.00    0.00    0.00    0.00    6.00     9   2746.00      0.00 1017420  175544   2.29  |__fastlio_mapping
16时28分41秒  1000         -     30039    1.00    1.00    0.00    0.00    2.00    10      0.00      0.00 1017420  175544   2.29  |__fastlio_mapping
16时28分41秒  1000         -     30040    0.00    0.00    0.00    0.00    0.00     8      0.00      0.00 1017420  175544   2.29  |__fastlio_mapping
16时28分41秒  1000         -     30041    0.00    0.00    0.00    0.00    0.00    13      0.00      0.00 1017420  175544   2.29  |__fastlio_mapping
16时28分41秒  1000         -     30042    0.00    0.00    0.00    0.00    0.00     8      0.00      0.00 1017420  175544   2.29  |__fastlio_mapping
16时28分41秒  1000         -     30043    0.00    0.00    0.00    0.00    0.00    10      0.00      0.00 1017420  175544   2.29  |__fastlio_mapping
16时28分41秒  1000         -     30044    0.00    0.00    0.00    0.00    0.00    13      0.00      0.00 1017420  175544   2.29  |__fastlio_mapping
16时28分41秒  1000         -     30045    0.00    0.00    0.00    0.00    0.00     8      0.00      0.00 1017420  175544   2.29  |__fastlio_mapping
16时28分41秒  1000         -     30046    0.00    0.00    0.00    0.00    0.00     9      0.00      0.00 1017420  175544   2.29  |__fastlio_mapping
16时28分41秒  1000         -     30047    0.00    0.00    0.00    0.00    0.00    13      0.00      0.00 1017420  175544   2.29  |__fastlio_mapping
16时28分41秒  1000         -     30048    0.00    0.00    0.00    0.00    0.00    13      0.00      0.00 1017420  175544   2.29  |__fastlio_mapping
16时28分41秒  1000         -     30049    0.00    0.00    0.00    0.00    0.00    13      0.00      0.00 1017420  175544   2.29  |__fastlio_mapping
16时28分41秒  1000         -     30050    0.00    0.00    0.00    0.00    0.00    12      0.00      0.00 1017420  175544   2.29  |__fastlio_mapping
16时28分41秒  1000         -     30053   13.00    0.00    0.00    0.00   13.00     4      0.00      0.00 1017420  175544   2.29  |__fastlio_mapping
16时28分41秒  1000         -     30054   13.00    0.00    0.00    0.00   13.00     3      0.00      0.00 1017420  175544   2.29  |__fastlio_mapping

# Time        UID      TGID       TID    %usr %system  %guest   %wait    %CPU   CPU  minflt/s  majflt/s     VSZ     RSS   %MEM  Command
16时28分42秒  1000     30037         -   34.00    2.00    0.00    0.00   36.00     8   2802.00      0.00 1017652  176116   2.30  fastlio_mapping
16时28分42秒  1000         -     30037    6.00    1.00    0.00    0.00    7.00     8   2802.00      0.00 1017652  176116   2.30  |__fastlio_mapping
16时28分42秒  1000         -     30039    1.00    1.00    0.00    0.00    2.00    15      0.00      0.00 1017652  176116   2.30  |__fastlio_mapping
16时28分42秒  1000         -     30040    0.00    0.00    0.00    0.00    0.00     8      0.00      0.00 1017652  176116   2.30  |__fastlio_mapping
16时28分42秒  1000         -     30041    0.00    0.00    0.00    0.00    0.00    13      0.00      0.00 1017652  176116   2.30  |__fastlio_mapping
16时28分42秒  1000         -     30042    0.00    0.00    0.00    0.00    0.00     8      0.00      0.00 1017652  176116   2.30  |__fastlio_mapping
16时28分42秒  1000         -     30043    0.00    0.00    0.00    0.00    0.00     8      0.00      0.00 1017652  176116   2.30  |__fastlio_mapping
16时28分42秒  1000         -     30044    0.00    0.00    0.00    0.00    0.00    13      0.00      0.00 1017652  176116   2.30  |__fastlio_mapping
16时28分42秒  1000         -     30045    0.00    0.00    0.00    0.00    0.00     6      0.00      0.00 1017652  176116   2.30  |__fastlio_mapping
16时28分42秒  1000         -     30046    0.00    0.00    0.00    0.00    0.00     9      0.00      0.00 1017652  176116   2.30  |__fastlio_mapping
16时28分42秒  1000         -     30047    0.00    0.00    0.00    0.00    0.00    13      0.00      0.00 1017652  176116   2.30  |__fastlio_mapping
16时28分42秒  1000         -     30048    1.00    0.00    0.00    0.00    1.00     2      0.00      0.00 1017652  176116   2.30  |__fastlio_mapping
16时28分42秒  1000         -     30049    0.00    0.00    0.00    0.00    0.00    13      0.00      0.00 1017652  176116   2.30  |__fastlio_mapping
16时28分42秒  1000         -     30050    0.00    0.00    0.00    0.00    0.00    12      0.00      0.00 1017652  176116   2.30  |__fastlio_mapping
16时28分42秒  1000         -     30053   13.00    0.00    0.00    0.00   13.00     4      0.00      0.00 1017652  176116   2.30  |__fastlio_mapping
16时28分42秒  1000         -     30054   13.00    0.00    0.00    0.00   13.00     3      0.00      0.00 1017652  176116   2.30  |__fastlio_mapping

# Time        UID      TGID       TID    %usr %system  %guest   %wait    %CPU   CPU  minflt/s  majflt/s     VSZ     RSS   %MEM  Command
16时28分43秒  1000     30037         -   29.00    2.00    0.00    0.00   31.00     3   2863.00      0.00 1017888  176472   2.30  fastlio_mapping
16时28分43秒  1000         -     30037    5.00    0.00    0.00    0.00    5.00     3   2863.00      0.00 1017888  176472   2.30  |__fastlio_mapping
16时28分43秒  1000         -     30039    0.00    2.00    0.00    0.00    2.00     8      0.00      0.00 1017888  176472   2.30  |__fastlio_mapping
16时28分43秒  1000         -     30040    0.00    0.00    0.00    0.00    0.00     8      0.00      0.00 1017888  176472   2.30  |__fastlio_mapping
16时28分43秒  1000         -     30041    0.00    0.00    0.00    0.00    0.00    13      0.00      0.00 1017888  176472   2.30  |__fastlio_mapping
16时28分43秒  1000         -     30042    0.00    0.00    0.00    0.00    0.00     8      0.00      0.00 1017888  176472   2.30  |__fastlio_mapping
16时28分43秒  1000         -     30043    0.00    0.00    0.00    0.00    0.00     6      0.00      0.00 1017888  176472   2.30  |__fastlio_mapping
16时28分43秒  1000         -     30044    0.00    0.00    0.00    0.00    0.00    13      0.00      0.00 1017888  176472   2.30  |__fastlio_mapping
16时28分43秒  1000         -     30045    0.00    0.00    0.00    0.00    0.00     6      0.00      0.00 1017888  176472   2.30  |__fastlio_mapping
16时28分43秒  1000         -     30046    0.00    0.00    0.00    0.00    0.00     9      0.00      0.00 1017888  176472   2.30  |__fastlio_mapping
16时28分43秒  1000         -     30047    0.00    0.00    0.00    0.00    0.00    13      0.00      0.00 1017888  176472   2.30  |__fastlio_mapping
16时28分43秒  1000         -     30048    1.00    1.00    0.00    0.00    2.00     9      0.00      0.00 1017888  176472   2.30  |__fastlio_mapping
16时28分43秒  1000         -     30049    0.00    0.00    0.00    0.00    0.00    13      0.00      0.00 1017888  176472   2.30  |__fastlio_mapping
16时28分43秒  1000         -     30050    0.00    0.00    0.00    0.00    0.00    12      0.00      0.00 1017888  176472   2.30  |__fastlio_mapping
16时28分43秒  1000         -     30053   10.00    0.00    0.00    0.00   10.00     2      0.00      0.00 1017888  176472   2.30  |__fastlio_mapping
16时28分43秒  1000         -     30054   12.00    0.00    0.00    0.00   12.00     4      0.00      0.00 1017888  176472   2.30  |__fastlio_mapping

# Time        UID      TGID       TID    %usr %system  %guest   %wait    %CPU   CPU  minflt/s  majflt/s     VSZ     RSS   %MEM  Command
16时28分44秒  1000     30037         -   31.00    2.00    0.00    0.00   33.00     3   2919.00      0.00 1018120  176944   2.31  fastlio_mapping
16时28分44秒  1000         -     30037    5.00    1.00    0.00    0.00    6.00     3   2919.00      0.00 1018120  176944   2.31  |__fastlio_mapping
16时28分44秒  1000         -     30039    2.00    1.00    0.00    0.00    3.00     4      0.00      0.00 1018120  176944   2.31  |__fastlio_mapping
16时28分44秒  1000         -     30040    0.00    0.00    0.00    0.00    0.00     8      0.00      0.00 1018120  176944   2.31  |__fastlio_mapping
16时28分44秒  1000         -     30041    0.00    0.00    0.00    0.00    0.00    13      0.00      0.00 1018120  176944   2.31  |__fastlio_mapping
16时28分44秒  1000         -     30042    0.00    0.00    0.00    0.00    0.00     8      0.00      0.00 1018120  176944   2.31  |__fastlio_mapping
16时28分44秒  1000         -     30043    1.00    0.00    0.00    0.00    1.00    14      0.00      0.00 1018120  176944   2.31  |__fastlio_mapping
16时28分44秒  1000         -     30044    0.00    0.00    0.00    0.00    0.00    13      0.00      0.00 1018120  176944   2.31  |__fastlio_mapping
16时28分44秒  1000         -     30045    0.00    0.00    0.00    0.00    0.00     8      0.00      0.00 1018120  176944   2.31  |__fastlio_mapping
16时28分44秒  1000         -     30046    0.00    0.00    0.00    0.00    0.00     8      0.00      0.00 1018120  176944   2.31  |__fastlio_mapping
16时28分44秒  1000         -     30047    0.00    0.00    0.00    0.00    0.00    13      0.00      0.00 1018120  176944   2.31  |__fastlio_mapping
16时28分44秒  1000         -     30048    0.00    0.00    0.00    0.00    0.00    12      0.00      0.00 1018120  176944   2.31  |__fastlio_mapping
16时28分44秒  1000         -     30049    0.00    0.00    0.00    0.00    0.00    13      0.00      0.00 1018120  176944   2.31  |__fastlio_mapping
16时28分44秒  1000         -     30050    0.00    0.00    0.00    0.00    0.00    12      0.00      0.00 1018120  176944   2.31  |__fastlio_mapping
16时28分44秒  1000         -     30053   11.00    0.00    0.00    0.00   11.00     6      0.00      0.00 1018120  176944   2.31  |__fastlio_mapping
16时28分44秒  1000         -     30054   13.00    0.00    0.00    0.00   13.00     4      0.00      0.00 1018120  176944   2.31  |__fastlio_mapping

# Time        UID      TGID       TID    %usr %system  %guest   %wait    %CPU   CPU  minflt/s  majflt/s     VSZ     RSS   %MEM  Command
16时28分45秒  1000     30037         -   31.00    2.00    0.00    0.00   33.00     3   2977.00      0.00 1018352  177408   2.31  fastlio_mapping
16时28分45秒  1000         -     30037    5.00    1.00    0.00    0.00    6.00     3   2977.00      0.00 1018352  177408   2.31  |__fastlio_mapping
16时28分45秒  1000         -     30039    1.00    1.00    0.00    0.00    2.00    15      0.00      0.00 1018352  177408   2.31  |__fastlio_mapping
16时28分45秒  1000         -     30040    0.00    0.00    0.00    0.00    0.00     8      0.00      0.00 1018352  177408   2.31  |__fastlio_mapping
16时28分45秒  1000         -     30041    0.00    0.00    0.00    0.00    0.00    13      0.00      0.00 1018352  177408   2.31  |__fastlio_mapping
16时28分45秒  1000         -     30042    0.00    0.00    0.00    0.00    0.00     9      0.00      0.00 1018352  177408   2.31  |__fastlio_mapping
16时28分45秒  1000         -     30043    0.00    0.00    0.00    0.00    0.00    10      0.00      0.00 1018352  177408   2.31  |__fastlio_mapping
16时28分45秒  1000         -     30044    0.00    0.00    0.00    0.00    0.00    13      0.00      0.00 1018352  177408   2.31  |__fastlio_mapping
16时28分45秒  1000         -     30045    0.00    0.00    0.00    0.00    0.00    14      0.00      0.00 1018352  177408   2.31  |__fastlio_mapping
16时28分45秒  1000         -     30046    0.00    0.00    0.00    0.00    0.00     8      0.00      0.00 1018352  177408   2.31  |__fastlio_mapping
16时28分45秒  1000         -     30047    0.00    0.00    0.00    0.00    0.00    13      0.00      0.00 1018352  177408   2.31  |__fastlio_mapping
16时28分45秒  1000         -     30048    1.00    0.00    0.00    0.00    1.00     9      0.00      0.00 1018352  177408   2.31  |__fastlio_mapping
16时28分45秒  1000         -     30049    0.00    0.00    0.00    0.00    0.00    13      0.00      0.00 1018352  177408   2.31  |__fastlio_mapping
16时28分45秒  1000         -     30050    0.00    0.00    0.00    0.00    0.00    12      0.00      0.00 1018352  177408   2.31  |__fastlio_mapping
16时28分45秒  1000         -     30053   12.00    0.00    0.00    0.00   12.00     0      0.00      0.00 1018352  177408   2.31  |__fastlio_mapping
16时28分45秒  1000         -     30054   12.00    0.00    0.00    0.00   12.00     6      0.00      0.00 1018352  177408   2.31  |__fastlio_mapping

# Time        UID      TGID       TID    %usr %system  %guest   %wait    %CPU   CPU  minflt/s  majflt/s     VSZ     RSS   %MEM  Command
16时28分46秒  1000     30037         -   31.00    3.00    0.00    0.00   34.00     0   3036.00      0.00 1018584  177808   2.32  fastlio_mapping
16时28分46秒  1000         -     30037    5.00    0.00    0.00    0.00    5.00     0   3036.00      0.00 1018584  177808   2.32  |__fastlio_mapping
16时28分46秒  1000         -     30039    1.00    2.00    0.00    0.00    3.00    10      0.00      0.00 1018584  177808   2.32  |__fastlio_mapping
16时28分46秒  1000         -     30040    0.00    0.00    0.00    0.00    0.00     9      0.00      0.00 1018584  177808   2.32  |__fastlio_mapping
16时28分46秒  1000         -     30041    0.00    0.00    0.00    0.00    0.00    13      0.00      0.00 1018584  177808   2.32  |__fastlio_mapping
16时28分46秒  1000         -     30042    0.00    0.00    0.00    0.00    0.00     9      0.00      0.00 1018584  177808   2.32  |__fastlio_mapping
16时28分46秒  1000         -     30043    0.00    0.00    0.00    0.00    0.00    15      0.00      0.00 1018584  177808   2.32  |__fastlio_mapping
16时28分46秒  1000         -     30044    0.00    0.00    0.00    0.00    0.00    13      0.00      0.00 1018584  177808   2.32  |__fastlio_mapping
16时28分46秒  1000         -     30045    0.00    0.00    0.00    0.00    0.00    10      0.00      0.00 1018584  177808   2.32  |__fastlio_mapping
16时28分46秒  1000         -     30046    0.00    0.00    0.00    0.00    0.00     9      0.00      0.00 1018584  177808   2.32  |__fastlio_mapping
16时28分46秒  1000         -     30047    0.00    0.00    0.00    0.00    0.00    13      0.00      0.00 1018584  177808   2.32  |__fastlio_mapping
16时28分46秒  1000         -     30048    1.00    0.00    0.00    0.00    1.00     8      0.00      0.00 1018584  177808   2.32  |__fastlio_mapping
16时28分46秒  1000         -     30049    0.00    0.00    0.00    0.00    0.00    13      0.00      0.00 1018584  177808   2.32  |__fastlio_mapping
16时28分46秒  1000         -     30050    0.00    0.00    0.00    0.00    0.00    12      0.00      0.00 1018584  177808   2.32  |__fastlio_mapping
16时28分46秒  1000         -     30053   12.00    0.00    0.00    0.00   12.00     2      0.00      0.00 1018584  177808   2.32  |__fastlio_mapping
16时28分46秒  1000         -     30054   12.00    0.00    0.00    0.00   12.00     6      0.00      0.00 1018584  177808   2.32  |__fastlio_mapping

# Time        UID      TGID       TID    %usr %system  %guest   %wait    %CPU   CPU  minflt/s  majflt/s     VSZ     RSS   %MEM  Command
16时28分47秒  1000     30037         -   32.00    2.00    0.00    0.00   34.00     2   3093.00      0.00 1018816  178272   2.32  fastlio_mapping
16时28分47秒  1000         -     30037    5.00    1.00    0.00    0.00    6.00     2   3093.00      0.00 1018816  178272   2.32  |__fastlio_mapping
16时28分47秒  1000         -     30039    1.00    1.00    0.00    0.00    2.00    10      0.00      0.00 1018816  178272   2.32  |__fastlio_mapping
16时28分47秒  1000         -     30040    0.00    0.00    0.00    0.00    0.00     9      0.00      0.00 1018816  178272   2.32  |__fastlio_mapping
16时28分47秒  1000         -     30041    0.00    0.00    0.00    0.00    0.00    13      0.00      0.00 1018816  178272   2.32  |__fastlio_mapping
16时28分47秒  1000         -     30042    0.00    0.00    0.00    0.00    0.00     9      0.00      0.00 1018816  178272   2.32  |__fastlio_mapping
16时28分47秒  1000         -     30043    0.00    0.00    0.00    0.00    0.00    12      0.00      0.00 1018816  178272   2.32  |__fastlio_mapping
16时28分47秒  1000         -     30044    0.00    0.00    0.00    0.00    0.00    13      0.00      0.00 1018816  178272   2.32  |__fastlio_mapping
16时28分47秒  1000         -     30045    0.00    0.00    0.00    0.00    0.00    10      0.00      0.00 1018816  178272   2.32  |__fastlio_mapping
16时28分47秒  1000         -     30046    0.00    0.00    0.00    0.00    0.00     8      0.00      0.00 1018816  178272   2.32  |__fastlio_mapping
16时28分47秒  1000         -     30047    0.00    0.00    0.00    0.00    0.00    13      0.00      0.00 1018816  178272   2.32  |__fastlio_mapping
16时28分47秒  1000         -     30048    1.00    0.00    0.00    0.00    1.00    14      0.00      0.00 1018816  178272   2.32  |__fastlio_mapping
16时28分47秒  1000         -     30049    0.00    0.00    0.00    0.00    0.00    13      0.00      0.00 1018816  178272   2.32  |__fastlio_mapping
16时28分47秒  1000         -     30050    0.00    0.00    0.00    0.00    0.00    12      0.00      0.00 1018816  178272   2.32  |__fastlio_mapping
16时28分47秒  1000         -     30053   13.00    0.00    0.00    0.00   13.00     0      0.00      0.00 1018816  178272   2.32  |__fastlio_mapping
16时28分47秒  1000         -     30054   13.00    0.00    0.00    0.00   13.00     4      0.00      0.00 1018816  178272   2.32  |__fastlio_mapping

# Time        UID      TGID       TID    %usr %system  %guest   %wait    %CPU   CPU  minflt/s  majflt/s     VSZ     RSS   %MEM  Command
16时28分48秒  1000     30037         -   33.00    2.00    0.00    0.00   35.00     2   3154.00      0.00 1019052  178652   2.33  fastlio_mapping
16时28分48秒  1000         -     30037    6.00    1.00    0.00    0.00    7.00     2   3154.00      0.00 1019052  178652   2.33  |__fastlio_mapping
16时28分48秒  1000         -     30039    1.00    1.00    0.00    1.00    2.00    14      0.00      0.00 1019052  178652   2.33  |__fastlio_mapping
16时28分48秒  1000         -     30040    0.00    0.00    0.00    0.00    0.00     9      0.00      0.00 1019052  178652   2.33  |__fastlio_mapping
16时28分48秒  1000         -     30041    0.00    0.00    0.00    0.00    0.00    13      0.00      0.00 1019052  178652   2.33  |__fastlio_mapping
16时28分48秒  1000         -     30042    0.00    0.00    0.00    0.00    0.00     9      0.00      0.00 1019052  178652   2.33  |__fastlio_mapping
16时28分48秒  1000         -     30043    0.00    0.00    0.00    0.00    0.00    13      0.00      0.00 1019052  178652   2.33  |__fastlio_mapping
16时28分48秒  1000         -     30044    0.00    0.00    0.00    0.00    0.00    13      0.00      0.00 1019052  178652   2.33  |__fastlio_mapping
16时28分48秒  1000         -     30045    0.00    0.00    0.00    0.00    0.00    12      0.00      0.00 1019052  178652   2.33  |__fastlio_mapping
16时28分48秒  1000         -     30046    0.00    0.00    0.00    0.00    0.00     8      0.00      0.00 1019052  178652   2.33  |__fastlio_mapping
16时28分48秒  1000         -     30047    0.00    0.00    0.00    0.00    0.00    13      0.00      0.00 1019052  178652   2.33  |__fastlio_mapping
16时28分48秒  1000         -     30048    0.00    1.00    0.00    0.00    1.00     9      0.00      0.00 1019052  178652   2.33  |__fastlio_mapping
16时28分48秒  1000         -     30049    0.00    0.00    0.00    0.00    0.00    13      0.00      0.00 1019052  178652   2.33  |__fastlio_mapping
16时28分48秒  1000         -     30050    0.00    0.00    0.00    0.00    0.00    12      0.00      0.00 1019052  178652   2.33  |__fastlio_mapping
16时28分48秒  1000         -     30053   12.00    0.00    0.00    0.00   12.00     2      0.00      0.00 1019052  178652   2.33  |__fastlio_mapping
16时28分48秒  1000         -     30054   12.00    0.00    0.00    0.00   12.00     6      0.00      0.00 1019052  178652   2.33  |__fastlio_mapping

# Time        UID      TGID       TID    %usr %system  %guest   %wait    %CPU   CPU  minflt/s  majflt/s     VSZ     RSS   %MEM  Command
16时28分49秒  1000     30037         -   31.00    2.00    0.00    0.00   33.00     8   3210.00      0.00 1019284  179204   2.34  fastlio_mapping
16时28分49秒  1000         -     30037    5.00    0.00    0.00    0.00    5.00     8   3210.00      0.00 1019284  179204   2.34  |__fastlio_mapping
16时28分49秒  1000         -     30039    1.00    1.00    0.00    0.00    2.00    11      0.00      0.00 1019284  179204   2.34  |__fastlio_mapping
16时28分49秒  1000         -     30040    0.00    0.00    0.00    0.00    0.00     9      0.00      0.00 1019284  179204   2.34  |__fastlio_mapping
16时28分49秒  1000         -     30041    0.00    0.00    0.00    0.00    0.00    13      0.00      0.00 1019284  179204   2.34  |__fastlio_mapping
16时28分49秒  1000         -     30042    0.00    0.00    0.00    0.00    0.00     9      0.00      0.00 1019284  179204   2.34  |__fastlio_mapping
16时28分49秒  1000         -     30043    0.00    0.00    0.00    0.00    0.00    10      0.00      0.00 1019284  179204   2.34  |__fastlio_mapping
16时28分49秒  1000         -     30044    0.00    0.00    0.00    0.00    0.00    13      0.00      0.00 1019284  179204   2.34  |__fastlio_mapping
16时28分49秒  1000         -     30045    0.00    0.00    0.00    0.00    0.00     9      0.00      0.00 1019284  179204   2.34  |__fastlio_mapping
16时28分49秒  1000         -     30046    0.00    0.00    0.00    0.00    0.00     6      0.00      0.00 1019284  179204   2.34  |__fastlio_mapping
16时28分49秒  1000         -     30047    0.00    0.00    0.00    0.00    0.00    13      0.00      0.00 1019284  179204   2.34  |__fastlio_mapping
16时28分49秒  1000         -     30048    1.00    0.00    0.00    0.00    1.00     6      0.00      0.00 1019284  179204   2.34  |__fastlio_mapping
16时28分49秒  1000         -     30049    0.00    0.00    0.00    0.00    0.00    13      0.00      0.00 1019284  179204   2.34  |__fastlio_mapping
16时28分49秒  1000         -     30050    0.00    0.00    0.00    0.00    0.00    12      0.00      0.00 1019284  179204   2.34  |__fastlio_mapping
16时28分49秒  1000         -     30053   12.00    0.00    0.00    0.00   12.00     8      0.00      0.00 1019284  179204   2.34  |__fastlio_mapping
16时28分49秒  1000         -     30054   12.00    0.00    0.00    0.00   12.00     0      0.00      0.00 1019284  179204   2.34  |__fastlio_mapping

# Time        UID      TGID       TID    %usr %system  %guest   %wait    %CPU   CPU  minflt/s  majflt/s     VSZ     RSS   %MEM  Command
16时28分50秒  1000     30037         -   31.00    3.00    0.00    0.00   34.00     8   3268.00      0.00 1019516  179668   2.34  fastlio_mapping
16时28分50秒  1000         -     30037    6.00    1.00    0.00    0.00    7.00     8   3268.00      0.00 1019516  179668   2.34  |__fastlio_mapping
16时28分50秒  1000         -     30039    1.00    2.00    0.00    0.00    3.00     6      0.00      0.00 1019516  179668   2.34  |__fastlio_mapping
16时28分50秒  1000         -     30040    0.00    0.00    0.00    0.00    0.00     9      0.00      0.00 1019516  179668   2.34  |__fastlio_mapping
16时28分50秒  1000         -     30041    0.00    0.00    0.00    0.00    0.00    13      0.00      0.00 1019516  179668   2.34  |__fastlio_mapping
16时28分50秒  1000         -     30042    0.00    0.00    0.00    0.00    0.00     9      0.00      0.00 1019516  179668   2.34  |__fastlio_mapping
16时28分50秒  1000         -     30043    0.00    0.00    0.00    0.00    0.00    12      0.00      0.00 1019516  179668   2.34  |__fastlio_mapping
16时28分50秒  1000         -     30044    0.00    0.00    0.00    0.00    0.00    13      0.00      0.00 1019516  179668   2.34  |__fastlio_mapping
16时28分50秒  1000         -     30045    0.00    0.00    0.00    0.00    0.00    10      0.00      0.00 1019516  179668   2.34  |__fastlio_mapping
16时28分50秒  1000         -     30046    0.00    0.00    0.00    0.00    0.00     8      0.00      0.00 1019516  179668   2.34  |__fastlio_mapping
16时28分50秒  1000         -     30047    0.00    0.00    0.00    0.00    0.00    13      0.00      0.00 1019516  179668   2.34  |__fastlio_mapping
16时28分50秒  1000         -     30048    1.00    0.00    0.00    0.00    1.00    15      0.00      0.00 1019516  179668   2.34  |__fastlio_mapping
16时28分50秒  1000         -     30049    0.00    0.00    0.00    0.00    0.00    13      0.00      0.00 1019516  179668   2.34  |__fastlio_mapping
16时28分50秒  1000         -     30050    0.00    0.00    0.00    0.00    0.00    12      0.00      0.00 1019516  179668   2.34  |__fastlio_mapping
16时28分50秒  1000         -     30053   12.00    0.00    0.00    0.00   12.00     4      0.00      0.00 1019516  179668   2.34  |__fastlio_mapping
16时28分50秒  1000         -     30054   13.00    0.00    0.00    0.00   13.00     3      0.00      0.00 1019516  179668   2.34  |__fastlio_mapping

# Time        UID      TGID       TID    %usr %system  %guest   %wait    %CPU   CPU  minflt/s  majflt/s     VSZ     RSS   %MEM  Command
16时28分51秒  1000     30037         -   33.00    2.00    0.00    1.00   35.00    10   6481.00      0.00 1032328  180160   2.35  fastlio_mapping
16时28分51秒  1000         -     30037    6.00    1.00    0.00    1.00    7.00    10   6481.00      0.00 1032328  180160   2.35  |__fastlio_mapping
16时28分51秒  1000         -     30039    1.00    1.00    0.00    0.00    2.00     9      0.00      0.00 1032328  180160   2.35  |__fastlio_mapping
16时28分51秒  1000         -     30040    0.00    0.00    0.00    0.00    0.00     9      0.00      0.00 1032328  180160   2.35  |__fastlio_mapping
16时28分51秒  1000         -     30041    0.00    0.00    0.00    0.00    0.00    13      0.00      0.00 1032328  180160   2.35  |__fastlio_mapping
16时28分51秒  1000         -     30042    0.00    0.00    0.00    0.00    0.00     9      0.00      0.00 1032328  180160   2.35  |__fastlio_mapping
16时28分51秒  1000         -     30043    0.00    0.00    0.00    0.00    0.00    13      0.00      0.00 1032328  180160   2.35  |__fastlio_mapping
16时28分51秒  1000         -     30044    0.00    0.00    0.00    0.00    0.00    13      0.00      0.00 1032328  180160   2.35  |__fastlio_mapping
16时28分51秒  1000         -     30045    0.00    0.00    0.00    0.00    0.00    15      0.00      0.00 1032328  180160   2.35  |__fastlio_mapping
16时28分51秒  1000         -     30046    0.00    0.00    0.00    0.00    0.00     8      0.00      0.00 1032328  180160   2.35  |__fastlio_mapping
16时28分51秒  1000         -     30047    0.00    0.00    0.00    0.00    0.00    13      0.00      0.00 1032328  180160   2.35  |__fastlio_mapping
16时28分51秒  1000         -     30048    1.00    0.00    0.00    0.00    1.00     9      0.00      0.00 1032328  180160   2.35  |__fastlio_mapping
16时28分51秒  1000         -     30049    0.00    0.00    0.00    0.00    0.00    13      0.00      0.00 1032328  180160   2.35  |__fastlio_mapping
16时28分51秒  1000         -     30050    0.00    0.00    0.00    0.00    0.00    12      0.00      0.00 1032328  180160   2.35  |__fastlio_mapping
16时28分51秒  1000         -     30053   13.00    0.00    0.00    0.00   13.00     4      0.00      0.00 1032328  180160   2.35  |__fastlio_mapping
16时28分51秒  1000         -     30054   12.00    0.00    0.00    0.00   12.00     3      0.00      0.00 1032328  180160   2.35  |__fastlio_mapping

# Time        UID      TGID       TID    %usr %system  %guest   %wait    %CPU   CPU  minflt/s  majflt/s     VSZ     RSS   %MEM  Command
16时28分52秒  1000     30037         -   31.00    3.00    0.00    0.00   34.00     0   3385.00      0.00 1032560  180628   2.36  fastlio_mapping
16时28分52秒  1000         -     30037    5.00    1.00    0.00    0.00    6.00     0   3385.00      0.00 1032560  180628   2.36  |__fastlio_mapping
16时28分52秒  1000         -     30039    1.00    1.00    0.00    0.00    2.00    12      0.00      0.00 1032560  180628   2.36  |__fastlio_mapping
16时28分52秒  1000         -     30040    0.00    0.00    0.00    0.00    0.00     9      0.00      0.00 1032560  180628   2.36  |__fastlio_mapping
16时28分52秒  1000         -     30041    0.00    0.00    0.00    0.00    0.00    13      0.00      0.00 1032560  180628   2.36  |__fastlio_mapping
16时28分52秒  1000         -     30042    0.00    0.00    0.00    0.00    0.00     9      0.00      0.00 1032560  180628   2.36  |__fastlio_mapping
16时28分52秒  1000         -     30043    0.00    0.00    0.00    0.00    0.00    13      0.00      0.00 1032560  180628   2.36  |__fastlio_mapping
16时28分52秒  1000         -     30044    0.00    0.00    0.00    0.00    0.00    13      0.00      0.00 1032560  180628   2.36  |__fastlio_mapping
16时28分52秒  1000         -     30045    0.00    0.00    0.00    0.00    0.00    11      0.00      0.00 1032560  180628   2.36  |__fastlio_mapping
16时28分52秒  1000         -     30046    0.00    0.00    0.00    0.00    0.00     9      0.00      0.00 1032560  180628   2.36  |__fastlio_mapping
16时28分52秒  1000         -     30047    0.00    0.00    0.00    0.00    0.00    13      0.00      0.00 1032560  180628   2.36  |__fastlio_mapping
16时28分52秒  1000         -     30048    0.00    0.00    0.00    0.00    0.00    13      0.00      0.00 1032560  180628   2.36  |__fastlio_mapping
16时28分52秒  1000         -     30049    0.00    0.00    0.00    0.00    0.00    13      0.00      0.00 1032560  180628   2.36  |__fastlio_mapping
16时28分52秒  1000         -     30050    0.00    0.00    0.00    0.00    0.00    12      0.00      0.00 1032560  180628   2.36  |__fastlio_mapping
16时28分52秒  1000         -     30053   12.00    0.00    0.00    0.00   12.00     4      0.00      0.00 1032560  180628   2.36  |__fastlio_mapping
16时28分52秒  1000         -     30054   13.00    0.00    0.00    0.00   13.00     3      0.00      0.00 1032560  180628   2.36  |__fastlio_mapping

# Time        UID      TGID       TID    %usr %system  %guest   %wait    %CPU   CPU  minflt/s  majflt/s     VSZ     RSS   %MEM  Command
16时28分53秒  1000     30037         -   32.00    3.00    0.00    0.00   35.00    14   3443.00      0.00 1032792  181092   2.36  fastlio_mapping
16时28分53秒  1000         -     30037    5.00    1.00    0.00    0.00    6.00    14   3443.00      0.00 1032792  181092   2.36  |__fastlio_mapping
16时28分53秒  1000         -     30039    1.00    1.00    0.00    0.00    2.00     0      0.00      0.00 1032792  181092   2.36  |__fastlio_mapping
16时28分53秒  1000         -     30040    0.00    0.00    0.00    0.00    0.00     9      0.00      0.00 1032792  181092   2.36  |__fastlio_mapping
16时28分53秒  1000         -     30041    0.00    0.00    0.00    0.00    0.00    13      0.00      0.00 1032792  181092   2.36  |__fastlio_mapping
16时28分53秒  1000         -     30042    0.00    0.00    0.00    0.00    0.00     9      0.00      0.00 1032792  181092   2.36  |__fastlio_mapping
16时28分53秒  1000         -     30043    0.00    0.00    0.00    0.00    0.00    12      0.00      0.00 1032792  181092   2.36  |__fastlio_mapping
16时28分53秒  1000         -     30044    0.00    0.00    0.00    0.00    0.00    13      0.00      0.00 1032792  181092   2.36  |__fastlio_mapping
16时28分53秒  1000         -     30045    0.00    0.00    0.00    0.00    0.00     8      0.00      0.00 1032792  181092   2.36  |__fastlio_mapping
16时28分53秒  1000         -     30046    0.00    0.00    0.00    0.00    0.00     9      0.00      0.00 1032792  181092   2.36  |__fastlio_mapping
16时28分53秒  1000         -     30047    0.00    0.00    0.00    0.00    0.00    13      0.00      0.00 1032792  181092   2.36  |__fastlio_mapping
16时28分53秒  1000         -     30048    1.00    0.00    0.00    0.00    1.00    12      0.00      0.00 1032792  181092   2.36  |__fastlio_mapping
16时28分53秒  1000         -     30049    0.00    0.00    0.00    0.00    0.00    13      0.00      0.00 1032792  181092   2.36  |__fastlio_mapping
16时28分53秒  1000         -     30050    0.00    0.00    0.00    0.00    0.00    12      0.00      0.00 1032792  181092   2.36  |__fastlio_mapping
16时28分53秒  1000         -     30053   12.00    0.00    0.00    0.00   12.00     8      0.00      0.00 1032792  181092   2.36  |__fastlio_mapping
16时28分53秒  1000         -     30054   13.00    0.00    0.00    0.00   13.00     3      0.00      0.00 1032792  181092   2.36  |__fastlio_mapping

# Time        UID      TGID       TID    %usr %system  %guest   %wait    %CPU   CPU  minflt/s  majflt/s     VSZ     RSS   %MEM  Command
16时28分54秒  1000     30037         -   31.00    1.00    0.00    0.00   32.00     4   3501.00      0.00 1033024  181556   2.37  fastlio_mapping
16时28分54秒  1000         -     30037    5.00    1.00    0.00    0.00    6.00     4   3501.00      0.00 1033024  181556   2.37  |__fastlio_mapping
16时28分54秒  1000         -     30039    1.00    2.00    0.00    0.00    3.00    12      0.00      0.00 1033024  181556   2.37  |__fastlio_mapping
16时28分54秒  1000         -     30040    0.00    0.00    0.00    0.00    0.00     9      0.00      0.00 1033024  181556   2.37  |__fastlio_mapping
16时28分54秒  1000         -     30041    0.00    0.00    0.00    0.00    0.00    13      0.00      0.00 1033024  181556   2.37  |__fastlio_mapping
16时28分54秒  1000         -     30042    0.00    0.00    0.00    0.00    0.00     9      0.00      0.00 1033024  181556   2.37  |__fastlio_mapping
16时28分54秒  1000         -     30043    0.00    0.00    0.00    0.00    0.00     8      0.00      0.00 1033024  181556   2.37  |__fastlio_mapping
16时28分54秒  1000         -     30044    0.00    0.00    0.00    0.00    0.00    13      0.00      0.00 1033024  181556   2.37  |__fastlio_mapping
16时28分54秒  1000         -     30045    0.00    0.00    0.00    0.00    0.00    13      0.00      0.00 1033024  181556   2.37  |__fastlio_mapping
16时28分54秒  1000         -     30046    0.00    0.00    0.00    0.00    0.00     9      0.00      0.00 1033024  181556   2.37  |__fastlio_mapping
16时28分54秒  1000         -     30047    0.00    0.00    0.00    0.00    0.00    13      0.00      0.00 1033024  181556   2.37  |__fastlio_mapping
16时28分54秒  1000         -     30048    0.00    0.00    0.00    0.00    0.00     0      0.00      0.00 1033024  181556   2.37  |__fastlio_mapping
16时28分54秒  1000         -     30049    0.00    0.00    0.00    0.00    0.00    13      0.00      0.00 1033024  181556   2.37  |__fastlio_mapping
16时28分54秒  1000         -     30050    0.00    0.00    0.00    0.00    0.00    12      0.00      0.00 1033024  181556   2.37  |__fastlio_mapping
16时28分54秒  1000         -     30053   12.00    0.00    0.00    0.00   12.00     6      0.00      0.00 1033024  181556   2.37  |__fastlio_mapping
16时28分54秒  1000         -     30054   12.00    0.00    0.00    0.00   12.00     3      0.00      0.00 1033024  181556   2.37  |__fastlio_mapping

# Time        UID      TGID       TID    %usr %system  %guest   %wait    %CPU   CPU  minflt/s  majflt/s     VSZ     RSS   %MEM  Command
16时28分55秒  1000     30037         -   33.00    3.00    0.00    0.00   36.00     2   3559.00      0.00 1033256  182016   2.37  fastlio_mapping
16时28分55秒  1000         -     30037    6.00    0.00    0.00    0.00    6.00     2   3559.00      0.00 1033256  182016   2.37  |__fastlio_mapping
16时28分55秒  1000         -     30039    1.00    0.00    0.00    0.00    1.00    10      0.00      0.00 1033256  182016   2.37  |__fastlio_mapping
16时28分55秒  1000         -     30040    0.00    0.00    0.00    0.00    0.00     9      0.00      0.00 1033256  182016   2.37  |__fastlio_mapping
16时28分55秒  1000         -     30041    0.00    0.00    0.00    0.00    0.00    13      0.00      0.00 1033256  182016   2.37  |__fastlio_mapping
16时28分55秒  1000         -     30042    0.00    0.00    0.00    0.00    0.00     9      0.00      0.00 1033256  182016   2.37  |__fastlio_mapping
16时28分55秒  1000         -     30043    0.00    0.00    0.00    0.00    0.00    11      0.00      0.00 1033256  182016   2.37  |__fastlio_mapping
16时28分55秒  1000         -     30044    0.00    0.00    0.00    0.00    0.00    13      0.00      0.00 1033256  182016   2.37  |__fastlio_mapping
16时28分55秒  1000         -     30045    0.00    0.00    0.00    0.00    0.00    11      0.00      0.00 1033256  182016   2.37  |__fastlio_mapping
16时28分55秒  1000         -     30046    0.00    0.00    0.00    0.00    0.00     9      0.00      0.00 1033256  182016   2.37  |__fastlio_mapping
16时28分55秒  1000         -     30047    0.00    0.00    0.00    0.00    0.00    13      0.00      0.00 1033256  182016   2.37  |__fastlio_mapping
16时28分55秒  1000         -     30048    1.00    0.00    0.00    0.00    1.00    15      0.00      0.00 1033256  182016   2.37  |__fastlio_mapping
16时28分55秒  1000         -     30049    0.00    0.00    0.00    0.00    0.00    13      0.00      0.00 1033256  182016   2.37  |__fastlio_mapping
16时28分55秒  1000         -     30050    0.00    0.00    0.00    0.00    0.00    12      0.00      0.00 1033256  182016   2.37  |__fastlio_mapping
16时28分55秒  1000         -     30053   13.00    0.00    0.00    0.00   13.00     4      0.00      0.00 1033256  182016   2.37  |__fastlio_mapping
16时28分55秒  1000         -     30054   13.00    0.00    0.00    0.00   13.00     3      0.00      0.00 1033256  182016   2.37  |__fastlio_mapping

# Time        UID      TGID       TID    %usr %system  %guest   %wait    %CPU   CPU  minflt/s  majflt/s     VSZ     RSS   %MEM  Command
16时28分56秒  1000     30037         -   31.00    1.00    0.00    0.00   32.00    15   3620.00      0.00 1033492  182488   2.38  fastlio_mapping
16时28分56秒  1000         -     30037    6.00    1.00    0.00    0.00    7.00    15   3620.00      0.00 1033492  182488   2.38  |__fastlio_mapping
16时28分56秒  1000         -     30039    1.00    2.00    0.00    0.00    3.00    13      0.00      0.00 1033492  182488   2.38  |__fastlio_mapping
16时28分56秒  1000         -     30040    0.00    0.00    0.00    0.00    0.00     9      0.00      0.00 1033492  182488   2.38  |__fastlio_mapping
16时28分56秒  1000         -     30041    0.00    0.00    0.00    0.00    0.00    13      0.00      0.00 1033492  182488   2.38  |__fastlio_mapping
16时28分56秒  1000         -     30042    0.00    0.00    0.00    0.00    0.00     9      0.00      0.00 1033492  182488   2.38  |__fastlio_mapping
16时28分56秒  1000         -     30043    0.00    0.00    0.00    0.00    0.00    10      0.00      0.00 1033492  182488   2.38  |__fastlio_mapping
16时28分56秒  1000         -     30044    0.00    0.00    0.00    0.00    0.00    13      0.00      0.00 1033492  182488   2.38  |__fastlio_mapping
16时28分56秒  1000         -     30045    0.00    0.00    0.00    0.00    0.00     8      0.00      0.00 1033492  182488   2.38  |__fastlio_mapping
16时28分56秒  1000         -     30046    0.00    0.00    0.00    0.00    0.00     9      0.00      0.00 1033492  182488   2.38  |__fastlio_mapping
16时28分56秒  1000         -     30047    0.00    0.00    0.00    0.00    0.00    13      0.00      0.00 1033492  182488   2.38  |__fastlio_mapping
16时28分56秒  1000         -     30048    1.00    0.00    0.00    0.00    1.00     0      0.00      0.00 1033492  182488   2.38  |__fastlio_mapping
16时28分56秒  1000         -     30049    0.00    0.00    0.00    0.00    0.00    13      0.00      0.00 1033492  182488   2.38  |__fastlio_mapping
16时28分56秒  1000         -     30050    0.00    0.00    0.00    0.00    0.00    12      0.00      0.00 1033492  182488   2.38  |__fastlio_mapping
16时28分56秒  1000         -     30053   11.00    0.00    0.00    0.00   11.00     0      0.00      0.00 1033492  182488   2.38  |__fastlio_mapping
16时28分56秒  1000         -     30054   12.00    0.00    0.00    0.00   12.00     3      0.00      0.00 1033492  182488   2.38  |__fastlio_mapping

# Time        UID      TGID       TID    %usr %system  %guest   %wait    %CPU   CPU  minflt/s  majflt/s     VSZ     RSS   %MEM  Command
16时28分57秒  1000     30037         -   31.00    3.00    0.00    0.00   34.00    10   3676.00      0.00 1033724  183004   2.39  fastlio_mapping
16时28分57秒  1000         -     30037    6.00    1.00    0.00    0.00    7.00    10   3676.00      0.00 1033724  183004   2.39  |__fastlio_mapping
16时28分57秒  1000         -     30039    1.00    1.00    0.00    0.00    2.00    15      0.00      0.00 1033724  183004   2.39  |__fastlio_mapping
16时28分57秒  1000         -     30040    0.00    0.00    0.00    0.00    0.00     9      0.00      0.00 1033724  183004   2.39  |__fastlio_mapping
16时28分57秒  1000         -     30041    0.00    0.00    0.00    0.00    0.00    13      0.00      0.00 1033724  183004   2.39  |__fastlio_mapping
16时28分57秒  1000         -     30042    0.00    0.00    0.00    0.00    0.00     9      0.00      0.00 1033724  183004   2.39  |__fastlio_mapping
16时28分57秒  1000         -     30043    0.00    0.00    0.00    0.00    0.00     3      0.00      0.00 1033724  183004   2.39  |__fastlio_mapping
16时28分57秒  1000         -     30044    0.00    0.00    0.00    0.00    0.00    13      0.00      0.00 1033724  183004   2.39  |__fastlio_mapping
16时28分57秒  1000         -     30045    0.00    0.00    0.00    0.00    0.00    12      0.00      0.00 1033724  183004   2.39  |__fastlio_mapping
16时28分57秒  1000         -     30046    0.00    0.00    0.00    0.00    0.00     9      0.00      0.00 1033724  183004   2.39  |__fastlio_mapping
16时28分57秒  1000         -     30047    0.00    0.00    0.00    0.00    0.00    13      0.00      0.00 1033724  183004   2.39  |__fastlio_mapping
16时28分57秒  1000         -     30048    0.00    1.00    0.00    0.00    1.00     9      0.00      0.00 1033724  183004   2.39  |__fastlio_mapping
16时28分57秒  1000         -     30049    0.00    0.00    0.00    0.00    0.00    13      0.00      0.00 1033724  183004   2.39  |__fastlio_mapping
16时28分57秒  1000         -     30050    0.00    0.00    0.00    0.00    0.00    12      0.00      0.00 1033724  183004   2.39  |__fastlio_mapping
16时28分57秒  1000         -     30053   12.00    0.00    0.00    0.00   12.00     0      0.00      0.00 1033724  183004   2.39  |__fastlio_mapping
16时28分57秒  1000         -     30054   11.00    0.00    0.00    0.00   11.00     2      0.00      0.00 1033724  183004   2.39  |__fastlio_mapping

# Time        UID      TGID       TID    %usr %system  %guest   %wait    %CPU   CPU  minflt/s  majflt/s     VSZ     RSS   %MEM  Command
16时28分58秒  1000     30037         -   33.00    2.00    0.00    0.00   35.00    10   3734.00      0.00 1033956  183360   2.39  fastlio_mapping
16时28分58秒  1000         -     30037    6.00    1.00    0.00    0.00    7.00    10   3734.00      0.00 1033956  183360   2.39  |__fastlio_mapping
16时28分58秒  1000         -     30039    1.00    1.00    0.00    0.00    2.00    14      0.00      0.00 1033956  183360   2.39  |__fastlio_mapping
16时28分58秒  1000         -     30040    0.00    0.00    0.00    0.00    0.00     9      0.00      0.00 1033956  183360   2.39  |__fastlio_mapping
16时28分58秒  1000         -     30041    0.00    0.00    0.00    0.00    0.00    13      0.00      0.00 1033956  183360   2.39  |__fastlio_mapping
16时28分58秒  1000         -     30042    0.00    0.00    0.00    0.00    0.00     9      0.00      0.00 1033956  183360   2.39  |__fastlio_mapping
16时28分58秒  1000         -     30043    0.00    0.00    0.00    0.00    0.00     3      0.00      0.00 1033956  183360   2.39  |__fastlio_mapping
16时28分58秒  1000         -     30044    0.00    0.00    0.00    0.00    0.00    13      0.00      0.00 1033956  183360   2.39  |__fastlio_mapping
16时28分58秒  1000         -     30045    0.00    0.00    0.00    0.00    0.00    12      0.00      0.00 1033956  183360   2.39  |__fastlio_mapping
16时28分58秒  1000         -     30046    0.00    0.00    0.00    0.00    0.00     9      0.00      0.00 1033956  183360   2.39  |__fastlio_mapping
16时28分58秒  1000         -     30047    0.00    0.00    0.00    0.00    0.00    13      0.00      0.00 1033956  183360   2.39  |__fastlio_mapping
16时28分58秒  1000         -     30048    1.00    0.00    0.00    0.00    1.00    11      0.00      0.00 1033956  183360   2.39  |__fastlio_mapping
16时28分58秒  1000         -     30049    0.00    0.00    0.00    0.00    0.00    13      0.00      0.00 1033956  183360   2.39  |__fastlio_mapping
16时28分58秒  1000         -     30050    0.00    0.00    0.00    0.00    0.00    12      0.00      0.00 1033956  183360   2.39  |__fastlio_mapping
16时28分58秒  1000         -     30053   13.00    0.00    0.00    0.00   13.00     6      0.00      0.00 1033956  183360   2.39  |__fastlio_mapping
16时28分58秒  1000         -     30054   13.00    0.00    0.00    0.00   13.00     2      0.00      0.00 1033956  183360   2.39  |__fastlio_mapping

# Time        UID      TGID       TID    %usr %system  %guest   %wait    %CPU   CPU  minflt/s  majflt/s     VSZ     RSS   %MEM  Command
16时28分59秒  1000     30037         -   30.00    1.00    0.00    0.00   31.00     8   3853.00      0.00 1034424  183960   2.40  fastlio_mapping
16时28分59秒  1000         -     30037    6.00    0.00    0.00    0.00    6.00     8   3853.00      0.00 1034424  183960   2.40  |__fastlio_mapping
16时28分59秒  1000         -     30039    1.00    1.00    0.00    0.00    2.00    13      0.00      0.00 1034424  183960   2.40  |__fastlio_mapping
16时28分59秒  1000         -     30040    0.00    0.00    0.00    0.00    0.00     9      0.00      0.00 1034424  183960   2.40  |__fastlio_mapping
16时28分59秒  1000         -     30041    0.00    0.00    0.00    0.00    0.00    13      0.00      0.00 1034424  183960   2.40  |__fastlio_mapping
16时28分59秒  1000         -     30042    0.00    0.00    0.00    0.00    0.00     9      0.00      0.00 1034424  183960   2.40  |__fastlio_mapping
16时28分59秒  1000         -     30043    0.00    0.00    0.00    0.00    0.00     3      0.00      0.00 1034424  183960   2.40  |__fastlio_mapping
16时28分59秒  1000         -     30044    0.00    0.00    0.00    0.00    0.00    13      0.00      0.00 1034424  183960   2.40  |__fastlio_mapping
16时28分59秒  1000         -     30045    0.00    0.00    0.00    0.00    0.00    11      0.00      0.00 1034424  183960   2.40  |__fastlio_mapping
16时28分59秒  1000         -     30046    0.00    0.00    0.00    0.00    0.00     9      0.00      0.00 1034424  183960   2.40  |__fastlio_mapping
16时28分59秒  1000         -     30047    0.00    0.00    0.00    0.00    0.00    13      0.00      0.00 1034424  183960   2.40  |__fastlio_mapping
16时28分59秒  1000         -     30048    1.00    0.00    0.00    0.00    1.00    11      0.00      0.00 1034424  183960   2.40  |__fastlio_mapping
16时28分59秒  1000         -     30049    0.00    0.00    0.00    0.00    0.00    13      0.00      0.00 1034424  183960   2.40  |__fastlio_mapping
16时28分59秒  1000         -     30050    0.00    0.00    0.00    0.00    0.00    12      0.00      0.00 1034424  183960   2.40  |__fastlio_mapping
16时28分59秒  1000         -     30053   10.00    0.00    0.00    0.00   10.00     4      0.00      0.00 1034424  183960   2.40  |__fastlio_mapping
16时28分59秒  1000         -     30054   12.00    0.00    0.00    0.00   12.00     2      0.00      0.00 1034424  183960   2.40  |__fastlio_mapping

# Time        UID      TGID       TID    %usr %system  %guest   %wait    %CPU   CPU  minflt/s  majflt/s     VSZ     RSS   %MEM  Command
16时29分00秒  1000     30037         -   34.00    2.00    0.00    0.00   36.00    11   3854.00      0.00 1034660  184476   2.41  fastlio_mapping
16时29分00秒  1000         -     30037    6.00    1.00    0.00    0.00    7.00    11   3854.00      0.00 1034660  184476   2.41  |__fastlio_mapping
16时29分00秒  1000         -     30039    2.00    0.00    0.00    0.00    2.00    14      0.00      0.00 1034660  184476   2.41  |__fastlio_mapping
16时29分00秒  1000         -     30040    0.00    0.00    0.00    0.00    0.00     9      0.00      0.00 1034660  184476   2.41  |__fastlio_mapping
16时29分00秒  1000         -     30041    0.00    0.00    0.00    0.00    0.00    13      0.00      0.00 1034660  184476   2.41  |__fastlio_mapping
16时29分00秒  1000         -     30042    0.00    0.00    0.00    0.00    0.00     9      0.00      0.00 1034660  184476   2.41  |__fastlio_mapping
16时29分00秒  1000         -     30043    1.00    0.00    0.00    0.00    1.00     8      0.00      0.00 1034660  184476   2.41  |__fastlio_mapping
16时29分00秒  1000         -     30044    0.00    0.00    0.00    0.00    0.00    13      0.00      0.00 1034660  184476   2.41  |__fastlio_mapping
16时29分00秒  1000         -     30045    0.00    0.00    0.00    0.00    0.00    10      0.00      0.00 1034660  184476   2.41  |__fastlio_mapping
16时29分00秒  1000         -     30046    0.00    0.00    0.00    0.00    0.00     9      0.00      0.00 1034660  184476   2.41  |__fastlio_mapping
16时29分00秒  1000         -     30047    0.00    0.00    0.00    0.00    0.00    13      0.00      0.00 1034660  184476   2.41  |__fastlio_mapping
16时29分00秒  1000         -     30048    0.00    0.00    0.00    0.00    0.00     8      0.00      0.00 1034660  184476   2.41  |__fastlio_mapping
16时29分00秒  1000         -     30049    0.00    0.00    0.00    0.00    0.00    13      0.00      0.00 1034660  184476   2.41  |__fastlio_mapping
16时29分00秒  1000         -     30050    0.00    0.00    0.00    0.00    0.00    12      0.00      0.00 1034660  184476   2.41  |__fastlio_mapping
16时29分00秒  1000         -     30053   13.00    0.00    0.00    0.00   13.00     4      0.00      0.00 1034660  184476   2.41  |__fastlio_mapping
16时29分00秒  1000         -     30054   13.00    0.00    0.00    0.00   13.00     2      0.00      0.00 1034660  184476   2.41  |__fastlio_mapping

# Time        UID      TGID       TID    %usr %system  %guest   %wait    %CPU   CPU  minflt/s  majflt/s     VSZ     RSS   %MEM  Command
16时29分01秒  1000     30037         -   30.00    3.00    0.00    0.00   33.00     4   3913.00      0.00 1034896  184928   2.41  fastlio_mapping
16时29分01秒  1000         -     30037    6.00    0.00    0.00    0.00    6.00     4   3913.00      0.00 1034896  184928   2.41  |__fastlio_mapping
16时29分01秒  1000         -     30039    1.00    2.00    0.00    0.00    3.00    14      0.00      0.00 1034896  184928   2.41  |__fastlio_mapping
16时29分01秒  1000         -     30040    0.00    0.00    0.00    0.00    0.00     9      0.00      0.00 1034896  184928   2.41  |__fastlio_mapping
16时29分01秒  1000         -     30041    0.00    0.00    0.00    0.00    0.00    13      0.00      0.00 1034896  184928   2.41  |__fastlio_mapping
16时29分01秒  1000         -     30042    0.00    0.00    0.00    0.00    0.00     9      0.00      0.00 1034896  184928   2.41  |__fastlio_mapping
16时29分01秒  1000         -     30043    0.00    0.00    0.00    0.00    0.00     4      0.00      0.00 1034896  184928   2.41  |__fastlio_mapping
16时29分01秒  1000         -     30044    0.00    0.00    0.00    0.00    0.00    13      0.00      0.00 1034896  184928   2.41  |__fastlio_mapping
16时29分01秒  1000         -     30045    0.00    0.00    0.00    0.00    0.00    11      0.00      0.00 1034896  184928   2.41  |__fastlio_mapping
16时29分01秒  1000         -     30046    0.00    0.00    0.00    0.00    0.00     9      0.00      0.00 1034896  184928   2.41  |__fastlio_mapping
16时29分01秒  1000         -     30047    0.00    0.00    0.00    0.00    0.00    13      0.00      0.00 1034896  184928   2.41  |__fastlio_mapping
16时29分01秒  1000         -     30048    1.00    0.00    0.00    0.00    1.00     0      0.00      0.00 1034896  184928   2.41  |__fastlio_mapping
16时29分01秒  1000         -     30049    0.00    0.00    0.00    0.00    0.00    13      0.00      0.00 1034896  184928   2.41  |__fastlio_mapping
16时29分01秒  1000         -     30050    0.00    0.00    0.00    0.00    0.00    12      0.00      0.00 1034896  184928   2.41  |__fastlio_mapping
16时29分01秒  1000         -     30053   11.00    0.00    0.00    0.00   11.00     6      0.00      0.00 1034896  184928   2.41  |__fastlio_mapping
16时29分01秒  1000         -     30054   11.00    0.00    0.00    0.00   11.00     2      0.00      0.00 1034896  184928   2.41  |__fastlio_mapping

# Time        UID      TGID       TID    %usr %system  %guest   %wait    %CPU   CPU  minflt/s  majflt/s     VSZ     RSS   %MEM  Command
16时29分02秒  1000     30037         -   30.00    3.00    0.00    0.00   33.00     2   3969.00      0.00 1035128  185392   2.42  fastlio_mapping
16时29分02秒  1000         -     30037    5.00    1.00    0.00    0.00    6.00     2   3969.00      0.00 1035128  185392   2.42  |__fastlio_mapping
16时29分02秒  1000         -     30039    1.00    1.00    0.00    0.00    2.00    14      0.00      0.00 1035128  185392   2.42  |__fastlio_mapping
16时29分02秒  1000         -     30040    0.00    0.00    0.00    0.00    0.00     9      0.00      0.00 1035128  185392   2.42  |__fastlio_mapping
16时29分02秒  1000         -     30041    0.00    0.00    0.00    0.00    0.00    13      0.00      0.00 1035128  185392   2.42  |__fastlio_mapping
16时29分02秒  1000         -     30042    0.00    0.00    0.00    0.00    0.00     9      0.00      0.00 1035128  185392   2.42  |__fastlio_mapping
16时29分02秒  1000         -     30043    0.00    0.00    0.00    0.00    0.00     8      0.00      0.00 1035128  185392   2.42  |__fastlio_mapping
16时29分02秒  1000         -     30044    0.00    0.00    0.00    0.00    0.00    13      0.00      0.00 1035128  185392   2.42  |__fastlio_mapping
16时29分02秒  1000         -     30045    0.00    0.00    0.00    0.00    0.00     8      0.00      0.00 1035128  185392   2.42  |__fastlio_mapping
16时29分02秒  1000         -     30046    0.00    0.00    0.00    0.00    0.00     9      0.00      0.00 1035128  185392   2.42  |__fastlio_mapping
16时29分02秒  1000         -     30047    0.00    0.00    0.00    0.00    0.00    13      0.00      0.00 1035128  185392   2.42  |__fastlio_mapping
16时29分02秒  1000         -     30048    0.00    1.00    0.00    0.00    1.00     1      0.00      0.00 1035128  185392   2.42  |__fastlio_mapping
16时29分02秒  1000         -     30049    0.00    0.00    0.00    0.00    0.00    13      0.00      0.00 1035128  185392   2.42  |__fastlio_mapping
16时29分02秒  1000         -     30050    0.00    0.00    0.00    0.00    0.00    12      0.00      0.00 1035128  185392   2.42  |__fastlio_mapping
16时29分02秒  1000         -     30053   12.00    0.00    0.00    0.00   12.00     6      0.00      0.00 1035128  185392   2.42  |__fastlio_mapping
16时29分02秒  1000         -     30054   13.00    0.00    0.00    0.00   13.00     4      0.00      0.00 1035128  185392   2.42  |__fastlio_mapping

# Time        UID      TGID       TID    %usr %system  %guest   %wait    %CPU   CPU  minflt/s  majflt/s     VSZ     RSS   %MEM  Command
16时29分03秒  1000     30037         -   30.00    2.00    0.00    0.00   32.00     2   4030.00      0.00 1035364  185864   2.42  fastlio_mapping
16时29分03秒  1000         -     30037    5.00    1.00    0.00    0.00    6.00     2   4030.00      0.00 1035364  185864   2.42  |__fastlio_mapping
16时29分03秒  1000         -     30039    1.00    1.00    0.00    0.00    2.00     8      0.00      0.00 1035364  185864   2.42  |__fastlio_mapping
16时29分03秒  1000         -     30040    0.00    0.00    0.00    0.00    0.00     9      0.00      0.00 1035364  185864   2.42  |__fastlio_mapping
16时29分03秒  1000         -     30041    0.00    0.00    0.00    0.00    0.00    13      0.00      0.00 1035364  185864   2.42  |__fastlio_mapping
16时29分03秒  1000         -     30042    0.00    0.00    0.00    0.00    0.00     9      0.00      0.00 1035364  185864   2.42  |__fastlio_mapping
16时29分03秒  1000         -     30043    0.00    0.00    0.00    0.00    0.00     9      0.00      0.00 1035364  185864   2.42  |__fastlio_mapping
16时29分03秒  1000         -     30044    0.00    0.00    0.00    0.00    0.00    13      0.00      0.00 1035364  185864   2.42  |__fastlio_mapping
16时29分03秒  1000         -     30045    0.00    0.00    0.00    0.00    0.00     9      0.00      0.00 1035364  185864   2.42  |__fastlio_mapping
16时29分03秒  1000         -     30046    0.00    0.00    0.00    0.00    0.00     9      0.00      0.00 1035364  185864   2.42  |__fastlio_mapping
16时29分03秒  1000         -     30047    0.00    0.00    0.00    0.00    0.00    13      0.00      0.00 1035364  185864   2.42  |__fastlio_mapping
16时29分03秒  1000         -     30048    0.00    0.00    0.00    0.00    0.00     1      0.00      0.00 1035364  185864   2.42  |__fastlio_mapping
16时29分03秒  1000         -     30049    0.00    0.00    0.00    0.00    0.00    13      0.00      0.00 1035364  185864   2.42  |__fastlio_mapping
16时29分03秒  1000         -     30050    0.00    0.00    0.00    0.00    0.00    12      0.00      0.00 1035364  185864   2.42  |__fastlio_mapping
16时29分03秒  1000         -     30053   12.00    0.00    0.00    0.00   12.00     6      0.00      0.00 1035364  185864   2.42  |__fastlio_mapping
16时29分03秒  1000         -     30054   12.00    0.00    0.00    0.00   12.00     4      0.00      0.00 1035364  185864   2.42  |__fastlio_mapping

# Time        UID      TGID       TID    %usr %system  %guest   %wait    %CPU   CPU  minflt/s  majflt/s     VSZ     RSS   %MEM  Command
16时29分04秒  1000     30037         -   36.00    2.00    0.00    0.00   38.00     2   4093.00      0.00 1036188  186476   2.43  fastlio_mapping
16时29分04秒  1000         -     30037    6.00    1.00    0.00    0.00    7.00     2   4086.00      0.00 1036188  186476   2.43  |__fastlio_mapping
16时29分04秒  1000         -     30039    1.00    1.00    0.00    2.00    2.00     6      0.00      0.00 1036188  186476   2.43  |__fastlio_mapping
16时29分04秒  1000         -     30040    0.00    0.00    0.00    0.00    0.00     9      0.00      0.00 1036188  186476   2.43  |__fastlio_mapping
16时29分04秒  1000         -     30041    0.00    0.00    0.00    0.00    0.00    13      0.00      0.00 1036188  186476   2.43  |__fastlio_mapping
16时29分04秒  1000         -     30042    0.00    0.00    0.00    0.00    0.00     8      0.00      0.00 1036188  186476   2.43  |__fastlio_mapping
16时29分04秒  1000         -     30043    0.00    0.00    0.00    1.00    0.00     2      0.00      0.00 1036188  186476   2.43  |__fastlio_mapping
16时29分04秒  1000         -     30044    0.00    0.00    0.00    0.00    0.00    13      0.00      0.00 1036188  186476   2.43  |__fastlio_mapping
16时29分04秒  1000         -     30045    0.00    0.00    0.00    0.00    0.00    12      0.00      0.00 1036188  186476   2.43  |__fastlio_mapping
16时29分04秒  1000         -     30046    0.00    0.00    0.00    0.00    0.00    15      6.00      0.00 1036188  186476   2.43  |__fastlio_mapping
16时29分04秒  1000         -     30047    0.00    0.00    0.00    0.00    0.00    13      0.00      0.00 1036188  186476   2.43  |__fastlio_mapping
16时29分04秒  1000         -     30048    2.00    0.00    0.00    0.00    2.00     0      1.00      0.00 1036188  186476   2.43  |__fastlio_mapping
16时29分04秒  1000         -     30049    0.00    0.00    0.00    0.00    0.00     6      0.00      0.00 1036188  186476   2.43  |__fastlio_mapping
16时29分04秒  1000         -     30050    0.00    0.00    0.00    0.00    0.00     9      0.00      0.00 1036188  186476   2.43  |__fastlio_mapping
16时29分04秒  1000         -     30053   14.00    0.00    0.00    0.00   14.00     6      0.00      0.00 1036188  186476   2.43  |__fastlio_mapping
16时29分04秒  1000         -     30054   13.00    0.00    0.00    1.00   13.00     4      0.00      0.00 1036188  186476   2.43  |__fastlio_mapping

