Linux 6.8.0-134-generic (robot) 	2026年07月24日 	_x86_64_	(16 CPU)

# Time        UID      TGID       TID    %usr %system  %guest   %wait    %CPU   CPU  minflt/s  majflt/s     VSZ     RSS   %MEM  Command
16时29分20秒  1000     31103         -   32.00    1.00    0.00    1.00   33.00     1    542.00      0.00 1069908  154328   2.01  fastlio_mapping
16时29分20秒  1000         -     31103    7.00    0.00    0.00    1.00    7.00     1    525.00      0.00 1069908  154328   2.01  |__fastlio_mapping
16时29分20秒  1000         -     31105    1.00    1.00    0.00    2.00    2.00    11      0.00      0.00 1069908  154328   2.01  |__fastlio_mapping
16时29分20秒  1000         -     31106    0.00    0.00    0.00    0.00    0.00    10      0.00      0.00 1069908  154328   2.01  |__fastlio_mapping
16时29分20秒  1000         -     31107    0.00    0.00    0.00    0.00    0.00    15      0.00      0.00 1069908  154328   2.01  |__fastlio_mapping
16时29分20秒  1000         -     31108    0.00    0.00    0.00    0.00    0.00    14      0.00      0.00 1069908  154328   2.01  |__fastlio_mapping
16时29分20秒  1000         -     31109    0.00    0.00    0.00    0.00    0.00     6      0.00      0.00 1069908  154328   2.01  |__fastlio_mapping
16时29分20秒  1000         -     31110    0.00    0.00    0.00    0.00    0.00     8      0.00      0.00 1069908  154328   2.01  |__fastlio_mapping
16时29分20秒  1000         -     31111    0.00    0.00    0.00    0.00    0.00    14      4.00      0.00 1069908  154328   2.01  |__fastlio_mapping
16时29分20秒  1000         -     31112    0.00    0.00    0.00    0.00    0.00    11     12.00      0.00 1069908  154328   2.01  |__fastlio_mapping
16时29分20秒  1000         -     31113    0.00    0.00    0.00    0.00    0.00     8      0.00      0.00 1069908  154328   2.01  |__fastlio_mapping
16时29分20秒  1000         -     31114    1.00    0.00    0.00    0.00    1.00    10      1.00      0.00 1069908  154328   2.01  |__fastlio_mapping
16时29分20秒  1000         -     31115    0.00    0.00    0.00    0.00    0.00    12      0.00      0.00 1069908  154328   2.01  |__fastlio_mapping
16时29分20秒  1000         -     31116    0.00    0.00    0.00    0.00    0.00    11      0.00      0.00 1069908  154328   2.01  |__fastlio_mapping
16时29分20秒  1000         -     31117    0.00    0.00    0.00    0.00    0.00    13      0.00      0.00 1069908  154328   2.01  |__fastlio_mapping
16时29分20秒  1000         -     31118   13.00    0.00    0.00    1.00   13.00     2      0.00      0.00 1069908  154328   2.01  |__fastlio_mapping
16时29分20秒  1000         -     31119   10.00    0.00    0.00    0.00   10.00    15      0.00      0.00 1069908  154328   2.01  |__fastlio_mapping

# Time        UID      TGID       TID    %usr %system  %guest   %wait    %CPU   CPU  minflt/s  majflt/s     VSZ     RSS   %MEM  Command
16时29分21秒  1000     31103         -   35.00    2.00    0.00    0.00   37.00     2    407.00      0.00 1070140  154840   2.02  fastlio_mapping
16时29分21秒  1000         -     31103    7.00    0.00    0.00    0.00    7.00     2    407.00      0.00 1070140  154840   2.02  |__fastlio_mapping
16时29分21秒  1000         -     31105    1.00    1.00    0.00    1.00    2.00    11      0.00      0.00 1070140  154840   2.02  |__fastlio_mapping
16时29分21秒  1000         -     31106    0.00    0.00    0.00    0.00    0.00    10      0.00      0.00 1070140  154840   2.02  |__fastlio_mapping
16时29分21秒  1000         -     31107    0.00    0.00    0.00    0.00    0.00    15      0.00      0.00 1070140  154840   2.02  |__fastlio_mapping
16时29分21秒  1000         -     31108    0.00    0.00    0.00    0.00    0.00    14      0.00      0.00 1070140  154840   2.02  |__fastlio_mapping
16时29分21秒  1000         -     31109    0.00    0.00    0.00    0.00    0.00     9      0.00      0.00 1070140  154840   2.02  |__fastlio_mapping
16时29分21秒  1000         -     31110    0.00    0.00    0.00    0.00    0.00     8      0.00      0.00 1070140  154840   2.02  |__fastlio_mapping
16时29分21秒  1000         -     31111    0.00    0.00    0.00    0.00    0.00     2      0.00      0.00 1070140  154840   2.02  |__fastlio_mapping
16时29分21秒  1000         -     31112    0.00    0.00    0.00    0.00    0.00    11      0.00      0.00 1070140  154840   2.02  |__fastlio_mapping
16时29分21秒  1000         -     31113    0.00    0.00    0.00    0.00    0.00     8      0.00      0.00 1070140  154840   2.02  |__fastlio_mapping
16时29分21秒  1000         -     31114    0.00    0.00    0.00    1.00    0.00    15      0.00      0.00 1070140  154840   2.02  |__fastlio_mapping
16时29分21秒  1000         -     31115    0.00    0.00    0.00    0.00    0.00    12      0.00      0.00 1070140  154840   2.02  |__fastlio_mapping
16时29分21秒  1000         -     31116    0.00    0.00    0.00    0.00    0.00    11      0.00      0.00 1070140  154840   2.02  |__fastlio_mapping
16时29分21秒  1000         -     31117    1.00    0.00    0.00    0.00    1.00    12      0.00      0.00 1070140  154840   2.02  |__fastlio_mapping
16时29分21秒  1000         -     31118   12.00    0.00    0.00    0.00   12.00     8      0.00      0.00 1070140  154840   2.02  |__fastlio_mapping
16时29分21秒  1000         -     31119   12.00    0.00    0.00    0.00   12.00    15      0.00      0.00 1070140  154840   2.02  |__fastlio_mapping

# Time        UID      TGID       TID    %usr %system  %guest   %wait    %CPU   CPU  minflt/s  majflt/s     VSZ     RSS   %MEM  Command
16时29分22秒  1000     31103         -   32.00    2.00    0.00    0.00   34.00    13    842.00      0.00 1071624  155836   2.03  fastlio_mapping
16时29分22秒  1000         -     31103    7.00    0.00    0.00    0.00    7.00    13    836.00      0.00 1071624  155836   2.03  |__fastlio_mapping
16时29分22秒  1000         -     31105    1.00    2.00    0.00    0.00    3.00    12      0.00      0.00 1071624  155836   2.03  |__fastlio_mapping
16时29分22秒  1000         -     31106    0.00    0.00    0.00    0.00    0.00    10      0.00      0.00 1071624  155836   2.03  |__fastlio_mapping
16时29分22秒  1000         -     31107    0.00    0.00    0.00    0.00    0.00    15      0.00      0.00 1071624  155836   2.03  |__fastlio_mapping
16时29分22秒  1000         -     31108    0.00    0.00    0.00    0.00    0.00    14      0.00      0.00 1071624  155836   2.03  |__fastlio_mapping
16时29分22秒  1000         -     31109    0.00    0.00    0.00    0.00    0.00     5      0.00      0.00 1071624  155836   2.03  |__fastlio_mapping
16时29分22秒  1000         -     31110    0.00    0.00    0.00    0.00    0.00     8      0.00      0.00 1071624  155836   2.03  |__fastlio_mapping
16时29分22秒  1000         -     31111    0.00    0.00    0.00    0.00    0.00    15      0.00      0.00 1071624  155836   2.03  |__fastlio_mapping
16时29分22秒  1000         -     31112    0.00    0.00    0.00    0.00    0.00    14      6.00      0.00 1071624  155836   2.03  |__fastlio_mapping
16时29分22秒  1000         -     31113    0.00    0.00    0.00    0.00    0.00     8      0.00      0.00 1071624  155836   2.03  |__fastlio_mapping
16时29分22秒  1000         -     31114    1.00    0.00    0.00    0.00    1.00    15      0.00      0.00 1071624  155836   2.03  |__fastlio_mapping
16时29分22秒  1000         -     31115    0.00    0.00    0.00    0.00    0.00    12      0.00      0.00 1071624  155836   2.03  |__fastlio_mapping
16时29分22秒  1000         -     31116    0.00    0.00    0.00    0.00    0.00    11      0.00      0.00 1071624  155836   2.03  |__fastlio_mapping
16时29分22秒  1000         -     31117    0.00    0.00    0.00    0.00    0.00     0      0.00      0.00 1071624  155836   2.03  |__fastlio_mapping
16时29分22秒  1000         -     31118   12.00    0.00    0.00    0.00   12.00     4      0.00      0.00 1071624  155836   2.03  |__fastlio_mapping
16时29分22秒  1000         -     31119   12.00    0.00    0.00    0.00   12.00     3      0.00      0.00 1071624  155836   2.03  |__fastlio_mapping

# Time        UID      TGID       TID    %usr %system  %guest   %wait    %CPU   CPU  minflt/s  majflt/s     VSZ     RSS   %MEM  Command
16时29分23秒  1000     31103         -   37.00    2.00    0.00    0.00   39.00    12    523.00      0.00 1071316  156344   2.04  fastlio_mapping
16时29分23秒  1000         -     31103    7.00    1.00    0.00    0.00    8.00    12    523.00      0.00 1071316  156344   2.04  |__fastlio_mapping
16时29分23秒  1000         -     31105    1.00    1.00    0.00    0.00    2.00    13      0.00      0.00 1071316  156344   2.04  |__fastlio_mapping
16时29分23秒  1000         -     31106    0.00    0.00    0.00    0.00    0.00    10      0.00      0.00 1071316  156344   2.04  |__fastlio_mapping
16时29分23秒  1000         -     31107    0.00    0.00    0.00    0.00    0.00    15      0.00      0.00 1071316  156344   2.04  |__fastlio_mapping
16时29分23秒  1000         -     31108    0.00    0.00    0.00    0.00    0.00    14      0.00      0.00 1071316  156344   2.04  |__fastlio_mapping
16时29分23秒  1000         -     31109    1.00    0.00    0.00    0.00    1.00    12      0.00      0.00 1071316  156344   2.04  |__fastlio_mapping
16时29分23秒  1000         -     31110    0.00    0.00    0.00    0.00    0.00     8      0.00      0.00 1071316  156344   2.04  |__fastlio_mapping
16时29分23秒  1000         -     31111    0.00    0.00    0.00    0.00    0.00    13      0.00      0.00 1071316  156344   2.04  |__fastlio_mapping
16时29分23秒  1000         -     31112    0.00    0.00    0.00    0.00    0.00    11      0.00      0.00 1071316  156344   2.04  |__fastlio_mapping
16时29分23秒  1000         -     31113    0.00    0.00    0.00    0.00    0.00     8      0.00      0.00 1071316  156344   2.04  |__fastlio_mapping
16时29分23秒  1000         -     31114    1.00    0.00    0.00    0.00    1.00    15      0.00      0.00 1071316  156344   2.04  |__fastlio_mapping
16时29分23秒  1000         -     31115    0.00    0.00    0.00    0.00    0.00    12      0.00      0.00 1071316  156344   2.04  |__fastlio_mapping
16时29分23秒  1000         -     31116    0.00    0.00    0.00    0.00    0.00    11      0.00      0.00 1071316  156344   2.04  |__fastlio_mapping
16时29分23秒  1000         -     31117    1.00    0.00    0.00    0.00    1.00    14      0.00      0.00 1071316  156344   2.04  |__fastlio_mapping
16时29分23秒  1000         -     31118   13.00    0.00    0.00    0.00   13.00     4      0.00      0.00 1071316  156344   2.04  |__fastlio_mapping
16时29分23秒  1000         -     31119   14.00    0.00    0.00    0.00   14.00     3      0.00      0.00 1071316  156344   2.04  |__fastlio_mapping

# Time        UID      TGID       TID    %usr %system  %guest   %wait    %CPU   CPU  minflt/s  majflt/s     VSZ     RSS   %MEM  Command
16时29分24秒  1000     31103         -   36.00    1.00    0.00    0.00   37.00    14    584.00      0.00 1071548  156912   2.05  fastlio_mapping
16时29分24秒  1000         -     31103    8.00    0.00    0.00    0.00    8.00    14    584.00      0.00 1071548  156912   2.05  |__fastlio_mapping
16时29分24秒  1000         -     31105    2.00    1.00    0.00    0.00    3.00    13      0.00      0.00 1071548  156912   2.05  |__fastlio_mapping
16时29分24秒  1000         -     31106    0.00    0.00    0.00    0.00    0.00    10      0.00      0.00 1071548  156912   2.05  |__fastlio_mapping
16时29分24秒  1000         -     31107    0.00    0.00    0.00    0.00    0.00    15      0.00      0.00 1071548  156912   2.05  |__fastlio_mapping
16时29分24秒  1000         -     31108    0.00    0.00    0.00    0.00    0.00    14      0.00      0.00 1071548  156912   2.05  |__fastlio_mapping
16时29分24秒  1000         -     31109    0.00    0.00    0.00    0.00    0.00    10      0.00      0.00 1071548  156912   2.05  |__fastlio_mapping
16时29分24秒  1000         -     31110    0.00    0.00    0.00    0.00    0.00     8      0.00      0.00 1071548  156912   2.05  |__fastlio_mapping
16时29分24秒  1000         -     31111    0.00    0.00    0.00    0.00    0.00    13      0.00      0.00 1071548  156912   2.05  |__fastlio_mapping
16时29分24秒  1000         -     31112    0.00    0.00    0.00    0.00    0.00    11      0.00      0.00 1071548  156912   2.05  |__fastlio_mapping
16时29分24秒  1000         -     31113    0.00    0.00    0.00    0.00    0.00     8      0.00      0.00 1071548  156912   2.05  |__fastlio_mapping
16时29分24秒  1000         -     31114    0.00    0.00    0.00    0.00    0.00    15      0.00      0.00 1071548  156912   2.05  |__fastlio_mapping
16时29分24秒  1000         -     31115    0.00    0.00    0.00    0.00    0.00    12      0.00      0.00 1071548  156912   2.05  |__fastlio_mapping
16时29分24秒  1000         -     31116    0.00    0.00    0.00    0.00    0.00    11      0.00      0.00 1071548  156912   2.05  |__fastlio_mapping
16时29分24秒  1000         -     31117    0.00    0.00    0.00    0.00    0.00    11      0.00      0.00 1071548  156912   2.05  |__fastlio_mapping
16时29分24秒  1000         -     31118   13.00    0.00    0.00    0.00   13.00     4      0.00      0.00 1071548  156912   2.05  |__fastlio_mapping
16时29分24秒  1000         -     31119   13.00    0.00    0.00    0.00   13.00     3      0.00      0.00 1071548  156912   2.05  |__fastlio_mapping

# Time        UID      TGID       TID    %usr %system  %guest   %wait    %CPU   CPU  minflt/s  majflt/s     VSZ     RSS   %MEM  Command
16时29分25秒  1000     31103         -   34.00    2.00    0.00    0.00   36.00     6    640.00      0.00 1071240  157392   2.05  fastlio_mapping
16时29分25秒  1000         -     31103    6.00    0.00    0.00    0.00    6.00     6    640.00      0.00 1071240  157392   2.05  |__fastlio_mapping
16时29分25秒  1000         -     31105    2.00    1.00    0.00    0.00    3.00    13      0.00      0.00 1071240  157392   2.05  |__fastlio_mapping
16时29分25秒  1000         -     31106    0.00    0.00    0.00    0.00    0.00    10      0.00      0.00 1071240  157392   2.05  |__fastlio_mapping
16时29分25秒  1000         -     31107    0.00    0.00    0.00    0.00    0.00    15      0.00      0.00 1071240  157392   2.05  |__fastlio_mapping
16时29分25秒  1000         -     31108    0.00    0.00    0.00    0.00    0.00    14      0.00      0.00 1071240  157392   2.05  |__fastlio_mapping
16时29分25秒  1000         -     31109    0.00    1.00    0.00    0.00    1.00    12      0.00      0.00 1071240  157392   2.05  |__fastlio_mapping
16时29分25秒  1000         -     31110    0.00    0.00    0.00    0.00    0.00     8      0.00      0.00 1071240  157392   2.05  |__fastlio_mapping
16时29分25秒  1000         -     31111    0.00    0.00    0.00    0.00    0.00    11      0.00      0.00 1071240  157392   2.05  |__fastlio_mapping
16时29分25秒  1000         -     31112    0.00    0.00    0.00    0.00    0.00    11      0.00      0.00 1071240  157392   2.05  |__fastlio_mapping
16时29分25秒  1000         -     31113    0.00    0.00    0.00    0.00    0.00     8      0.00      0.00 1071240  157392   2.05  |__fastlio_mapping
16时29分25秒  1000         -     31114    1.00    1.00    0.00    0.00    2.00    15      0.00      0.00 1071240  157392   2.05  |__fastlio_mapping
16时29分25秒  1000         -     31115    0.00    0.00    0.00    0.00    0.00    12      0.00      0.00 1071240  157392   2.05  |__fastlio_mapping
16时29分25秒  1000         -     31116    0.00    0.00    0.00    0.00    0.00    11      0.00      0.00 1071240  157392   2.05  |__fastlio_mapping
16时29分25秒  1000         -     31117    1.00    1.00    0.00    0.00    2.00     4      0.00      0.00 1071240  157392   2.05  |__fastlio_mapping
16时29分25秒  1000         -     31118   12.00    0.00    0.00    0.00   12.00     4      0.00      0.00 1071240  157392   2.05  |__fastlio_mapping
16时29分25秒  1000         -     31119   12.00    0.00    0.00    0.00   12.00     3      0.00      0.00 1071240  157392   2.05  |__fastlio_mapping

# Time        UID      TGID       TID    %usr %system  %guest   %wait    %CPU   CPU  minflt/s  majflt/s     VSZ     RSS   %MEM  Command
16时29分26秒  1000     31103         -   34.00    2.00    0.00    0.00   36.00    14   1026.00      0.00 1074884  159288   2.08  fastlio_mapping
16时29分26秒  1000         -     31103    7.00    0.00    0.00    0.00    7.00    14   1026.00      0.00 1074884  159288   2.08  |__fastlio_mapping
16时29分26秒  1000         -     31105    0.00    1.00    0.00    0.00    1.00     9      0.00      0.00 1074884  159288   2.08  |__fastlio_mapping
16时29分26秒  1000         -     31106    0.00    0.00    0.00    0.00    0.00    10      0.00      0.00 1074884  159288   2.08  |__fastlio_mapping
16时29分26秒  1000         -     31107    0.00    0.00    0.00    0.00    0.00    15      0.00      0.00 1074884  159288   2.08  |__fastlio_mapping
16时29分26秒  1000         -     31108    0.00    0.00    0.00    0.00    0.00    14      0.00      0.00 1074884  159288   2.08  |__fastlio_mapping
16时29分26秒  1000         -     31109    0.00    0.00    0.00    0.00    0.00    10      0.00      0.00 1074884  159288   2.08  |__fastlio_mapping
16时29分26秒  1000         -     31110    0.00    0.00    0.00    0.00    0.00     8      0.00      0.00 1074884  159288   2.08  |__fastlio_mapping
16时29分26秒  1000         -     31111    0.00    0.00    0.00    0.00    0.00    11      0.00      0.00 1074884  159288   2.08  |__fastlio_mapping
16时29分26秒  1000         -     31112    0.00    0.00    0.00    0.00    0.00     9      0.00      0.00 1074884  159288   2.08  |__fastlio_mapping
16时29分26秒  1000         -     31113    0.00    0.00    0.00    0.00    0.00     8      0.00      0.00 1074884  159288   2.08  |__fastlio_mapping
16时29分26秒  1000         -     31114    1.00    0.00    0.00    0.00    1.00    12      0.00      0.00 1074884  159288   2.08  |__fastlio_mapping
16时29分26秒  1000         -     31115    0.00    0.00    0.00    0.00    0.00    12      0.00      0.00 1074884  159288   2.08  |__fastlio_mapping
16时29分26秒  1000         -     31116    0.00    0.00    0.00    0.00    0.00    11      0.00      0.00 1074884  159288   2.08  |__fastlio_mapping
16时29分26秒  1000         -     31117    0.00    0.00    0.00    0.00    0.00    10      0.00      0.00 1074884  159288   2.08  |__fastlio_mapping
16时29分26秒  1000         -     31118   13.00    0.00    0.00    0.00   13.00     4      0.00      0.00 1074884  159288   2.08  |__fastlio_mapping
16时29分26秒  1000         -     31119   13.00    0.00    0.00    0.00   13.00     3      0.00      0.00 1074884  159288   2.08  |__fastlio_mapping

# Time        UID      TGID       TID    %usr %system  %guest   %wait    %CPU   CPU  minflt/s  majflt/s     VSZ     RSS   %MEM  Command
16时29分27秒  1000     31103         -   32.00    3.00    0.00    0.00   35.00    14    759.00      0.00 1075120  159860   2.08  fastlio_mapping
16时29分27秒  1000         -     31103    7.00    1.00    0.00    0.00    8.00    14    759.00      0.00 1075120  159860   2.08  |__fastlio_mapping
16时29分27秒  1000         -     31105    1.00    2.00    0.00    0.00    3.00     4      0.00      0.00 1075120  159860   2.08  |__fastlio_mapping
16时29分27秒  1000         -     31106    0.00    0.00    0.00    0.00    0.00    10      0.00      0.00 1075120  159860   2.08  |__fastlio_mapping
16时29分27秒  1000         -     31107    0.00    0.00    0.00    0.00    0.00    15      0.00      0.00 1075120  159860   2.08  |__fastlio_mapping
16时29分27秒  1000         -     31108    0.00    0.00    0.00    0.00    0.00    14      0.00      0.00 1075120  159860   2.08  |__fastlio_mapping
16时29分27秒  1000         -     31109    0.00    0.00    0.00    0.00    0.00     6      0.00      0.00 1075120  159860   2.08  |__fastlio_mapping
16时29分27秒  1000         -     31110    0.00    0.00    0.00    0.00    0.00     8      0.00      0.00 1075120  159860   2.08  |__fastlio_mapping
16时29分27秒  1000         -     31111    0.00    0.00    0.00    0.00    0.00    11      0.00      0.00 1075120  159860   2.08  |__fastlio_mapping
16时29分27秒  1000         -     31112    0.00    0.00    0.00    0.00    0.00     9      0.00      0.00 1075120  159860   2.08  |__fastlio_mapping
16时29分27秒  1000         -     31113    0.00    0.00    0.00    0.00    0.00     8      0.00      0.00 1075120  159860   2.08  |__fastlio_mapping
16时29分27秒  1000         -     31114    0.00    0.00    0.00    0.00    0.00     6      0.00      0.00 1075120  159860   2.08  |__fastlio_mapping
16时29分27秒  1000         -     31115    0.00    0.00    0.00    0.00    0.00    12      0.00      0.00 1075120  159860   2.08  |__fastlio_mapping
16时29分27秒  1000         -     31116    0.00    0.00    0.00    0.00    0.00    11      0.00      0.00 1075120  159860   2.08  |__fastlio_mapping
16时29分27秒  1000         -     31117    1.00    0.00    0.00    0.00    1.00    12      0.00      0.00 1075120  159860   2.08  |__fastlio_mapping
16时29分27秒  1000         -     31118   10.00    0.00    0.00    0.00   10.00    10      0.00      0.00 1075120  159860   2.08  |__fastlio_mapping
16时29分27秒  1000         -     31119   12.00    0.00    0.00    0.00   12.00     3      0.00      0.00 1075120  159860   2.08  |__fastlio_mapping

# Time        UID      TGID       TID    %usr %system  %guest   %wait    %CPU   CPU  minflt/s  majflt/s     VSZ     RSS   %MEM  Command
16时29分28秒  1000     31103         -   30.00    2.00    0.00    0.00   32.00     2    818.00      0.00 1075356  160380   2.09  fastlio_mapping
16时29分28秒  1000         -     31103    7.00    0.00    0.00    0.00    7.00     2    818.00      0.00 1075356  160380   2.09  |__fastlio_mapping
16时29分28秒  1000         -     31105    1.00    1.00    0.00    0.00    2.00    10      0.00      0.00 1075356  160380   2.09  |__fastlio_mapping
16时29分28秒  1000         -     31106    0.00    0.00    0.00    0.00    0.00    10      0.00      0.00 1075356  160380   2.09  |__fastlio_mapping
16时29分28秒  1000         -     31107    0.00    0.00    0.00    0.00    0.00    15      0.00      0.00 1075356  160380   2.09  |__fastlio_mapping
16时29分28秒  1000         -     31108    0.00    0.00    0.00    0.00    0.00    14      0.00      0.00 1075356  160380   2.09  |__fastlio_mapping
16时29分28秒  1000         -     31109    0.00    0.00    0.00    0.00    0.00    14      0.00      0.00 1075356  160380   2.09  |__fastlio_mapping
16时29分28秒  1000         -     31110    0.00    0.00    0.00    0.00    0.00     8      0.00      0.00 1075356  160380   2.09  |__fastlio_mapping
16时29分28秒  1000         -     31111    0.00    0.00    0.00    0.00    0.00     0      0.00      0.00 1075356  160380   2.09  |__fastlio_mapping
16时29分28秒  1000         -     31112    0.00    0.00    0.00    0.00    0.00     9      0.00      0.00 1075356  160380   2.09  |__fastlio_mapping
16时29分28秒  1000         -     31113    0.00    0.00    0.00    0.00    0.00     8      0.00      0.00 1075356  160380   2.09  |__fastlio_mapping
16时29分28秒  1000         -     31114    1.00    0.00    0.00    0.00    1.00    15      0.00      0.00 1075356  160380   2.09  |__fastlio_mapping
16时29分28秒  1000         -     31115    0.00    0.00    0.00    0.00    0.00    12      0.00      0.00 1075356  160380   2.09  |__fastlio_mapping
16时29分28秒  1000         -     31116    0.00    0.00    0.00    0.00    0.00    11      0.00      0.00 1075356  160380   2.09  |__fastlio_mapping
16时29分28秒  1000         -     31117    0.00    0.00    0.00    0.00    0.00    15      0.00      0.00 1075356  160380   2.09  |__fastlio_mapping
16时29分28秒  1000         -     31118    8.00    0.00    0.00    0.00    8.00     6      0.00      0.00 1075356  160380   2.09  |__fastlio_mapping
16时29分28秒  1000         -     31119   13.00    0.00    0.00    0.00   13.00     3      0.00      0.00 1075356  160380   2.09  |__fastlio_mapping

# Time        UID      TGID       TID    %usr %system  %guest   %wait    %CPU   CPU  minflt/s  majflt/s     VSZ     RSS   %MEM  Command
16时29分29秒  1000     31103         -   32.00    1.00    0.00    0.00   33.00     4    874.00      0.00 1075588  160844   2.10  fastlio_mapping
16时29分29秒  1000         -     31103    7.00    1.00    0.00    0.00    8.00     4    874.00      0.00 1075588  160844   2.10  |__fastlio_mapping
16时29分29秒  1000         -     31105    2.00    1.00    0.00    0.00    3.00    11      0.00      0.00 1075588  160844   2.10  |__fastlio_mapping
16时29分29秒  1000         -     31106    0.00    0.00    0.00    0.00    0.00    10      0.00      0.00 1075588  160844   2.10  |__fastlio_mapping
16时29分29秒  1000         -     31107    0.00    0.00    0.00    0.00    0.00    15      0.00      0.00 1075588  160844   2.10  |__fastlio_mapping
16时29分29秒  1000         -     31108    0.00    0.00    0.00    0.00    0.00    15      0.00      0.00 1075588  160844   2.10  |__fastlio_mapping
16时29分29秒  1000         -     31109    0.00    0.00    0.00    0.00    0.00     8      0.00      0.00 1075588  160844   2.10  |__fastlio_mapping
16时29分29秒  1000         -     31110    0.00    0.00    0.00    0.00    0.00     8      0.00      0.00 1075588  160844   2.10  |__fastlio_mapping
16时29分29秒  1000         -     31111    0.00    0.00    0.00    0.00    0.00     0      0.00      0.00 1075588  160844   2.10  |__fastlio_mapping
16时29分29秒  1000         -     31112    0.00    0.00    0.00    0.00    0.00     9      0.00      0.00 1075588  160844   2.10  |__fastlio_mapping
16时29分29秒  1000         -     31113    0.00    0.00    0.00    0.00    0.00     8      0.00      0.00 1075588  160844   2.10  |__fastlio_mapping
16时29分29秒  1000         -     31114    0.00    0.00    0.00    0.00    0.00    15      0.00      0.00 1075588  160844   2.10  |__fastlio_mapping
16时29分29秒  1000         -     31115    0.00    0.00    0.00    0.00    0.00    12      0.00      0.00 1075588  160844   2.10  |__fastlio_mapping
16时29分29秒  1000         -     31116    0.00    0.00    0.00    0.00    0.00    11      0.00      0.00 1075588  160844   2.10  |__fastlio_mapping
16时29分29秒  1000         -     31117    0.00    1.00    0.00    0.00    1.00     6      0.00      0.00 1075588  160844   2.10  |__fastlio_mapping
16时29分29秒  1000         -     31118   10.00    0.00    0.00    0.00   10.00     6      0.00      0.00 1075588  160844   2.10  |__fastlio_mapping
16时29分29秒  1000         -     31119   13.00    0.00    0.00    0.00   13.00     3      0.00      0.00 1075588  160844   2.10  |__fastlio_mapping

# Time        UID      TGID       TID    %usr %system  %guest   %wait    %CPU   CPU  minflt/s  majflt/s     VSZ     RSS   %MEM  Command
16时29分30秒  1000     31103         -   37.00    1.00    0.00    0.00   38.00    10    935.00      0.00 1075824  161316   2.10  fastlio_mapping
16时29分30秒  1000         -     31103    8.00    0.00    0.00    0.00    8.00    10    935.00      0.00 1075824  161316   2.10  |__fastlio_mapping
16时29分30秒  1000         -     31105    1.00    1.00    0.00    0.00    2.00    11      0.00      0.00 1075824  161316   2.10  |__fastlio_mapping
16时29分30秒  1000         -     31106    0.00    0.00    0.00    0.00    0.00    10      0.00      0.00 1075824  161316   2.10  |__fastlio_mapping
16时29分30秒  1000         -     31107    0.00    0.00    0.00    0.00    0.00    15      0.00      0.00 1075824  161316   2.10  |__fastlio_mapping
16时29分30秒  1000         -     31108    0.00    0.00    0.00    0.00    0.00    14      0.00      0.00 1075824  161316   2.10  |__fastlio_mapping
16时29分30秒  1000         -     31109    0.00    0.00    0.00    0.00    0.00    10      0.00      0.00 1075824  161316   2.10  |__fastlio_mapping
16时29分30秒  1000         -     31110    0.00    0.00    0.00    0.00    0.00     8      0.00      0.00 1075824  161316   2.10  |__fastlio_mapping
16时29分30秒  1000         -     31111    0.00    0.00    0.00    0.00    0.00     0      0.00      0.00 1075824  161316   2.10  |__fastlio_mapping
16时29分30秒  1000         -     31112    0.00    0.00    0.00    0.00    0.00     9      0.00      0.00 1075824  161316   2.10  |__fastlio_mapping
16时29分30秒  1000         -     31113    0.00    0.00    0.00    0.00    0.00     8      0.00      0.00 1075824  161316   2.10  |__fastlio_mapping
16时29分30秒  1000         -     31114    1.00    1.00    0.00    0.00    2.00    12      0.00      0.00 1075824  161316   2.10  |__fastlio_mapping
16时29分30秒  1000         -     31115    0.00    0.00    0.00    0.00    0.00    12      0.00      0.00 1075824  161316   2.10  |__fastlio_mapping
16时29分30秒  1000         -     31116    0.00    0.00    0.00    0.00    0.00    11      0.00      0.00 1075824  161316   2.10  |__fastlio_mapping
16时29分30秒  1000         -     31117    1.00    0.00    0.00    0.00    1.00     8      0.00      0.00 1075824  161316   2.10  |__fastlio_mapping
16时29分30秒  1000         -     31118   12.00    0.00    0.00    0.00   12.00     6      0.00      0.00 1075824  161316   2.10  |__fastlio_mapping
16时29分30秒  1000         -     31119   13.00    0.00    0.00    0.00   13.00     3      0.00      0.00 1075824  161316   2.10  |__fastlio_mapping

# Time        UID      TGID       TID    %usr %system  %guest   %wait    %CPU   CPU  minflt/s  majflt/s     VSZ     RSS   %MEM  Command
16时29分31秒  1000     31103         -   38.00    2.00    0.00    0.00   40.00     4    991.00      0.00 1076056  161708   2.11  fastlio_mapping
16时29分31秒  1000         -     31103    9.00    0.00    0.00    0.00    9.00     4    991.00      0.00 1076056  161708   2.11  |__fastlio_mapping
16时29分31秒  1000         -     31105    1.00    2.00    0.00    0.00    3.00     3      0.00      0.00 1076056  161708   2.11  |__fastlio_mapping
16时29分31秒  1000         -     31106    0.00    0.00    0.00    0.00    0.00    10      0.00      0.00 1076056  161708   2.11  |__fastlio_mapping
16时29分31秒  1000         -     31107    0.00    0.00    0.00    0.00    0.00    15      0.00      0.00 1076056  161708   2.11  |__fastlio_mapping
16时29分31秒  1000         -     31108    0.00    0.00    0.00    0.00    0.00    14      0.00      0.00 1076056  161708   2.11  |__fastlio_mapping
16时29分31秒  1000         -     31109    0.00    0.00    0.00    0.00    0.00     6      0.00      0.00 1076056  161708   2.11  |__fastlio_mapping
16时29分31秒  1000         -     31110    0.00    0.00    0.00    0.00    0.00     8      0.00      0.00 1076056  161708   2.11  |__fastlio_mapping
16时29分31秒  1000         -     31111    0.00    0.00    0.00    0.00    0.00     2      0.00      0.00 1076056  161708   2.11  |__fastlio_mapping
16时29分31秒  1000         -     31112    0.00    0.00    0.00    0.00    0.00    14      0.00      0.00 1076056  161708   2.11  |__fastlio_mapping
16时29分31秒  1000         -     31113    0.00    0.00    0.00    0.00    0.00     8      0.00      0.00 1076056  161708   2.11  |__fastlio_mapping
16时29分31秒  1000         -     31114    1.00    0.00    0.00    0.00    1.00     6      0.00      0.00 1076056  161708   2.11  |__fastlio_mapping
16时29分31秒  1000         -     31115    0.00    0.00    0.00    0.00    0.00    12      0.00      0.00 1076056  161708   2.11  |__fastlio_mapping
16时29分31秒  1000         -     31116    0.00    0.00    0.00    0.00    0.00    11      0.00      0.00 1076056  161708   2.11  |__fastlio_mapping
16时29分31秒  1000         -     31117    1.00    0.00    0.00    0.00    1.00     3      0.00      0.00 1076056  161708   2.11  |__fastlio_mapping
16时29分31秒  1000         -     31118   13.00    0.00    0.00    0.00   13.00     6      0.00      0.00 1076056  161708   2.11  |__fastlio_mapping
16时29分31秒  1000         -     31119   12.00    0.00    0.00    0.00   12.00     3      0.00      0.00 1076056  161708   2.11  |__fastlio_mapping

# Time        UID      TGID       TID    %usr %system  %guest   %wait    %CPU   CPU  minflt/s  majflt/s     VSZ     RSS   %MEM  Command
16时29分32秒  1000     31103         -   34.00    3.00    0.00    1.00   37.00     0   1049.00      0.00 1076288  162172   2.11  fastlio_mapping
16时29分32秒  1000         -     31103    7.00    1.00    0.00    1.00    8.00     0   1049.00      0.00 1076288  162172   2.11  |__fastlio_mapping
16时29分32秒  1000         -     31105    2.00    1.00    0.00    1.00    3.00     8      0.00      0.00 1076288  162172   2.11  |__fastlio_mapping
16时29分32秒  1000         -     31106    0.00    0.00    0.00    0.00    0.00    10      0.00      0.00 1076288  162172   2.11  |__fastlio_mapping
16时29分32秒  1000         -     31107    0.00    0.00    0.00    0.00    0.00    15      0.00      0.00 1076288  162172   2.11  |__fastlio_mapping
16时29分32秒  1000         -     31108    0.00    0.00    0.00    0.00    0.00    14      0.00      0.00 1076288  162172   2.11  |__fastlio_mapping
16时29分32秒  1000         -     31109    1.00    0.00    0.00    0.00    1.00    11      0.00      0.00 1076288  162172   2.11  |__fastlio_mapping
16时29分32秒  1000         -     31110    0.00    0.00    0.00    0.00    0.00     8      0.00      0.00 1076288  162172   2.11  |__fastlio_mapping
16时29分32秒  1000         -     31111    0.00    0.00    0.00    0.00    0.00     2      0.00      0.00 1076288  162172   2.11  |__fastlio_mapping
16时29分32秒  1000         -     31112    0.00    0.00    0.00    0.00    0.00     9      0.00      0.00 1076288  162172   2.11  |__fastlio_mapping
16时29分32秒  1000         -     31113    0.00    0.00    0.00    0.00    0.00     8      0.00      0.00 1076288  162172   2.11  |__fastlio_mapping
16时29分32秒  1000         -     31114    1.00    0.00    0.00    0.00    1.00    15      0.00      0.00 1076288  162172   2.11  |__fastlio_mapping
16时29分32秒  1000         -     31115    0.00    0.00    0.00    0.00    0.00    12      0.00      0.00 1076288  162172   2.11  |__fastlio_mapping
16时29分32秒  1000         -     31116    0.00    0.00    0.00    0.00    0.00    11      0.00      0.00 1076288  162172   2.11  |__fastlio_mapping
16时29分32秒  1000         -     31117    0.00    0.00    0.00    0.00    0.00    15      0.00      0.00 1076288  162172   2.11  |__fastlio_mapping
16时29分32秒  1000         -     31118   10.00    0.00    0.00    0.00   10.00     0      0.00      0.00 1076288  162172   2.11  |__fastlio_mapping
16时29分32秒  1000         -     31119   13.00    0.00    0.00    0.00   13.00     3      0.00      0.00 1076288  162172   2.11  |__fastlio_mapping

# Time        UID      TGID       TID    %usr %system  %guest   %wait    %CPU   CPU  minflt/s  majflt/s     VSZ     RSS   %MEM  Command
16时29分33秒  1000     31103         -   35.00    2.00    0.00    0.00   37.00     8   1349.00      0.00 1075224  162468   2.12  fastlio_mapping
16时29分33秒  1000         -     31103    8.00    1.00    0.00    0.00    9.00     8   1348.00      0.00 1075224  162468   2.12  |__fastlio_mapping
16时29分33秒  1000         -     31105    1.00    1.00    0.00    0.00    2.00    10      0.00      0.00 1075224  162468   2.12  |__fastlio_mapping
16时29分33秒  1000         -     31106    0.00    0.00    0.00    0.00    0.00    10      0.00      0.00 1075224  162468   2.12  |__fastlio_mapping
16时29分33秒  1000         -     31107    0.00    0.00    0.00    0.00    0.00    15      0.00      0.00 1075224  162468   2.12  |__fastlio_mapping
16时29分33秒  1000         -     31108    0.00    0.00    0.00    0.00    0.00    14      0.00      0.00 1075224  162468   2.12  |__fastlio_mapping
16时29分33秒  1000         -     31109    0.00    0.00    0.00    0.00    0.00     2      0.00      0.00 1075224  162468   2.12  |__fastlio_mapping
16时29分33秒  1000         -     31110    0.00    0.00    0.00    0.00    0.00     8      0.00      0.00 1075224  162468   2.12  |__fastlio_mapping
16时29分33秒  1000         -     31111    0.00    0.00    0.00    0.00    0.00     2      0.00      0.00 1075224  162468   2.12  |__fastlio_mapping
16时29分33秒  1000         -     31112    0.00    0.00    0.00    0.00    0.00     9      0.00      0.00 1075224  162468   2.12  |__fastlio_mapping
16时29分33秒  1000         -     31113    0.00    0.00    0.00    0.00    0.00     8      0.00      0.00 1075224  162468   2.12  |__fastlio_mapping
16时29分33秒  1000         -     31114    1.00    0.00    0.00    0.00    1.00    13      1.00      0.00 1075224  162468   2.12  |__fastlio_mapping
16时29分33秒  1000         -     31115    0.00    0.00    0.00    0.00    0.00    12      0.00      0.00 1075224  162468   2.12  |__fastlio_mapping
16时29分33秒  1000         -     31116    0.00    0.00    0.00    0.00    0.00    11      0.00      0.00 1075224  162468   2.12  |__fastlio_mapping
16时29分33秒  1000         -     31117    1.00    0.00    0.00    0.00    1.00     7      0.00      0.00 1075224  162468   2.12  |__fastlio_mapping
16时29分33秒  1000         -     31118   13.00    0.00    0.00    0.00   13.00     4      0.00      0.00 1075224  162468   2.12  |__fastlio_mapping
16时29分33秒  1000         -     31119   13.00    0.00    0.00    0.00   13.00     2      0.00      0.00 1075224  162468   2.12  |__fastlio_mapping

# Time        UID      TGID       TID    %usr %system  %guest   %wait    %CPU   CPU  minflt/s  majflt/s     VSZ     RSS   %MEM  Command
16时29分34秒  1000     31103         -   36.00    2.00    0.00    0.00   38.00    14   2156.00      0.00 1079188  162956   2.12  fastlio_mapping
16时29分34秒  1000         -     31103    8.00    1.00    0.00    0.00    9.00    14   2156.00      0.00 1079188  162956   2.12  |__fastlio_mapping
16时29分34秒  1000         -     31105    1.00    1.00    0.00    0.00    2.00    11      0.00      0.00 1079188  162956   2.12  |__fastlio_mapping
16时29分34秒  1000         -     31106    0.00    0.00    0.00    0.00    0.00    10      0.00      0.00 1079188  162956   2.12  |__fastlio_mapping
16时29分34秒  1000         -     31107    0.00    0.00    0.00    0.00    0.00    15      0.00      0.00 1079188  162956   2.12  |__fastlio_mapping
16时29分34秒  1000         -     31108    0.00    0.00    0.00    0.00    0.00    15      0.00      0.00 1079188  162956   2.12  |__fastlio_mapping
16时29分34秒  1000         -     31109    0.00    0.00    0.00    0.00    0.00     1      0.00      0.00 1079188  162956   2.12  |__fastlio_mapping
16时29分34秒  1000         -     31110    0.00    0.00    0.00    0.00    0.00     8      0.00      0.00 1079188  162956   2.12  |__fastlio_mapping
16时29分34秒  1000         -     31111    0.00    0.00    0.00    0.00    0.00     4      0.00      0.00 1079188  162956   2.12  |__fastlio_mapping
16时29分34秒  1000         -     31112    0.00    0.00    0.00    0.00    0.00    14      0.00      0.00 1079188  162956   2.12  |__fastlio_mapping
16时29分34秒  1000         -     31113    0.00    0.00    0.00    0.00    0.00     8      0.00      0.00 1079188  162956   2.12  |__fastlio_mapping
16时29分34秒  1000         -     31114    0.00    1.00    0.00    0.00    1.00    15      0.00      0.00 1079188  162956   2.12  |__fastlio_mapping
16时29分34秒  1000         -     31115    0.00    0.00    0.00    0.00    0.00    12      0.00      0.00 1079188  162956   2.12  |__fastlio_mapping
16时29分34秒  1000         -     31116    0.00    0.00    0.00    0.00    0.00    11      0.00      0.00 1079188  162956   2.12  |__fastlio_mapping
16时29分34秒  1000         -     31117    1.00    1.00    0.00    0.00    2.00     7      0.00      0.00 1079188  162956   2.12  |__fastlio_mapping
16时29分34秒  1000         -     31118   11.00    0.00    0.00    0.00   11.00     6      0.00      0.00 1079188  162956   2.12  |__fastlio_mapping
16时29分34秒  1000         -     31119   12.00    0.00    0.00    0.00   12.00     3      0.00      0.00 1079188  162956   2.12  |__fastlio_mapping

# Time        UID      TGID       TID    %usr %system  %guest   %wait    %CPU   CPU  minflt/s  majflt/s     VSZ     RSS   %MEM  Command
16时29分35秒  1000     31103         -   35.00    2.00    0.00    0.00   37.00    13   1226.00      0.00 1079424  163496   2.13  fastlio_mapping
16时29分35秒  1000         -     31103    9.00    0.00    0.00    0.00    9.00    13   1226.00      0.00 1079424  163496   2.13  |__fastlio_mapping
16时29分35秒  1000         -     31105    2.00    1.00    0.00    0.00    3.00     8      0.00      0.00 1079424  163496   2.13  |__fastlio_mapping
16时29分35秒  1000         -     31106    0.00    0.00    0.00    0.00    0.00    10      0.00      0.00 1079424  163496   2.13  |__fastlio_mapping
16时29分35秒  1000         -     31107    0.00    0.00    0.00    0.00    0.00    15      0.00      0.00 1079424  163496   2.13  |__fastlio_mapping
16时29分35秒  1000         -     31108    0.00    0.00    0.00    0.00    0.00    15      0.00      0.00 1079424  163496   2.13  |__fastlio_mapping
16时29分35秒  1000         -     31109    0.00    0.00    0.00    0.00    0.00     4      0.00      0.00 1079424  163496   2.13  |__fastlio_mapping
16时29分35秒  1000         -     31110    0.00    0.00    0.00    0.00    0.00     8      0.00      0.00 1079424  163496   2.13  |__fastlio_mapping
16时29分35秒  1000         -     31111    0.00    0.00    0.00    0.00    0.00     4      0.00      0.00 1079424  163496   2.13  |__fastlio_mapping
16时29分35秒  1000         -     31112    0.00    0.00    0.00    0.00    0.00     8      0.00      0.00 1079424  163496   2.13  |__fastlio_mapping
16时29分35秒  1000         -     31113    0.00    0.00    0.00    0.00    0.00     8      0.00      0.00 1079424  163496   2.13  |__fastlio_mapping
16时29分35秒  1000         -     31114    1.00    0.00    0.00    0.00    1.00    12      0.00      0.00 1079424  163496   2.13  |__fastlio_mapping
16时29分35秒  1000         -     31115    0.00    0.00    0.00    0.00    0.00    12      0.00      0.00 1079424  163496   2.13  |__fastlio_mapping
16时29分35秒  1000         -     31116    0.00    0.00    0.00    0.00    0.00    11      0.00      0.00 1079424  163496   2.13  |__fastlio_mapping
16时29分35秒  1000         -     31117    0.00    0.00    0.00    0.00    0.00    11      0.00      0.00 1079424  163496   2.13  |__fastlio_mapping
16时29分35秒  1000         -     31118   11.00    0.00    0.00    0.00   11.00     4      0.00      0.00 1079424  163496   2.13  |__fastlio_mapping
16时29分35秒  1000         -     31119   13.00    0.00    0.00    0.00   13.00     0      0.00      0.00 1079424  163496   2.13  |__fastlio_mapping

# Time        UID      TGID       TID    %usr %system  %guest   %wait    %CPU   CPU  minflt/s  majflt/s     VSZ     RSS   %MEM  Command
16时29分36秒  1000     31103         -   33.00    3.00    0.00    0.00   36.00    12   1282.00      0.00 1079656  163928   2.14  fastlio_mapping
16时29分36秒  1000         -     31103    7.00    1.00    0.00    0.00    8.00    12   1282.00      0.00 1079656  163928   2.14  |__fastlio_mapping
16时29分36秒  1000         -     31105    1.00    2.00    0.00    0.00    3.00     9      0.00      0.00 1079656  163928   2.14  |__fastlio_mapping
16时29分36秒  1000         -     31106    0.00    0.00    0.00    0.00    0.00    10      0.00      0.00 1079656  163928   2.14  |__fastlio_mapping
16时29分36秒  1000         -     31107    0.00    0.00    0.00    0.00    0.00    15      0.00      0.00 1079656  163928   2.14  |__fastlio_mapping
16时29分36秒  1000         -     31108    0.00    0.00    0.00    0.00    0.00    15      0.00      0.00 1079656  163928   2.14  |__fastlio_mapping
16时29分36秒  1000         -     31109    0.00    0.00    0.00    0.00    0.00     8      0.00      0.00 1079656  163928   2.14  |__fastlio_mapping
16时29分36秒  1000         -     31110    0.00    0.00    0.00    0.00    0.00     8      0.00      0.00 1079656  163928   2.14  |__fastlio_mapping
16时29分36秒  1000         -     31111    0.00    0.00    0.00    0.00    0.00     4      0.00      0.00 1079656  163928   2.14  |__fastlio_mapping
16时29分36秒  1000         -     31112    0.00    0.00    0.00    0.00    0.00     8      0.00      0.00 1079656  163928   2.14  |__fastlio_mapping
16时29分36秒  1000         -     31113    0.00    0.00    0.00    0.00    0.00     8      0.00      0.00 1079656  163928   2.14  |__fastlio_mapping
16时29分36秒  1000         -     31114    1.00    0.00    0.00    0.00    1.00    14      0.00      0.00 1079656  163928   2.14  |__fastlio_mapping
16时29分36秒  1000         -     31115    0.00    0.00    0.00    0.00    0.00    12      0.00      0.00 1079656  163928   2.14  |__fastlio_mapping
16时29分36秒  1000         -     31116    0.00    0.00    0.00    0.00    0.00    11      0.00      0.00 1079656  163928   2.14  |__fastlio_mapping
16时29分36秒  1000         -     31117    1.00    0.00    0.00    1.00    1.00     9      0.00      0.00 1079656  163928   2.14  |__fastlio_mapping
16时29分36秒  1000         -     31118   11.00    0.00    0.00    0.00   11.00    12      0.00      0.00 1079656  163928   2.14  |__fastlio_mapping
16时29分36秒  1000         -     31119   12.00    0.00    0.00    0.00   12.00     3      0.00      0.00 1079656  163928   2.14  |__fastlio_mapping

# Time        UID      TGID       TID    %usr %system  %guest   %wait    %CPU   CPU  minflt/s  majflt/s     VSZ     RSS   %MEM  Command
16时29分37秒  1000     31103         -   36.00    2.00    0.00    0.00   38.00    12   1343.00      0.00 1079892  164364   2.14  fastlio_mapping
16时29分37秒  1000         -     31103    7.00    1.00    0.00    0.00    8.00    12   1343.00      0.00 1079892  164364   2.14  |__fastlio_mapping
16时29分37秒  1000         -     31105    1.00    2.00    0.00    0.00    3.00    12      0.00      0.00 1079892  164364   2.14  |__fastlio_mapping
16时29分37秒  1000         -     31106    0.00    0.00    0.00    0.00    0.00    10      0.00      0.00 1079892  164364   2.14  |__fastlio_mapping
16时29分37秒  1000         -     31107    0.00    0.00    0.00    0.00    0.00    15      0.00      0.00 1079892  164364   2.14  |__fastlio_mapping
16时29分37秒  1000         -     31108    0.00    0.00    0.00    0.00    0.00    15      0.00      0.00 1079892  164364   2.14  |__fastlio_mapping
16时29分37秒  1000         -     31109    0.00    0.00    0.00    0.00    0.00    14      0.00      0.00 1079892  164364   2.14  |__fastlio_mapping
16时29分37秒  1000         -     31110    0.00    0.00    0.00    0.00    0.00     8      0.00      0.00 1079892  164364   2.14  |__fastlio_mapping
16时29分37秒  1000         -     31111    0.00    0.00    0.00    0.00    0.00    13      0.00      0.00 1079892  164364   2.14  |__fastlio_mapping
16时29分37秒  1000         -     31112    0.00    0.00    0.00    0.00    0.00     8      0.00      0.00 1079892  164364   2.14  |__fastlio_mapping
16时29分37秒  1000         -     31113    0.00    0.00    0.00    0.00    0.00     8      0.00      0.00 1079892  164364   2.14  |__fastlio_mapping
16时29分37秒  1000         -     31114    1.00    1.00    0.00    0.00    2.00    15      0.00      0.00 1079892  164364   2.14  |__fastlio_mapping
16时29分37秒  1000         -     31115    0.00    0.00    0.00    0.00    0.00    12      0.00      0.00 1079892  164364   2.14  |__fastlio_mapping
16时29分37秒  1000         -     31116    0.00    0.00    0.00    0.00    0.00    11      0.00      0.00 1079892  164364   2.14  |__fastlio_mapping
16时29分37秒  1000         -     31117    1.00    0.00    0.00    0.00    1.00    14      0.00      0.00 1079892  164364   2.14  |__fastlio_mapping
16时29分37秒  1000         -     31118   13.00    0.00    0.00    0.00   13.00     4      0.00      0.00 1079892  164364   2.14  |__fastlio_mapping
16时29分37秒  1000         -     31119   13.00    0.00    0.00    0.00   13.00     3      0.00      0.00 1079892  164364   2.14  |__fastlio_mapping

# Time        UID      TGID       TID    %usr %system  %guest   %wait    %CPU   CPU  minflt/s  majflt/s     VSZ     RSS   %MEM  Command
16时29分38秒  1000     31103         -   34.00    3.00    0.00    0.00   37.00     0   1399.00      0.00 1080124  164828   2.15  fastlio_mapping
16时29分38秒  1000         -     31103    8.00    0.00    0.00    0.00    8.00     0   1399.00      0.00 1080124  164828   2.15  |__fastlio_mapping
16时29分38秒  1000         -     31105    1.00    1.00    0.00    0.00    2.00     4      0.00      0.00 1080124  164828   2.15  |__fastlio_mapping
16时29分38秒  1000         -     31106    0.00    0.00    0.00    0.00    0.00    10      0.00      0.00 1080124  164828   2.15  |__fastlio_mapping
16时29分38秒  1000         -     31107    0.00    0.00    0.00    0.00    0.00    15      0.00      0.00 1080124  164828   2.15  |__fastlio_mapping
16时29分38秒  1000         -     31108    0.00    0.00    0.00    0.00    0.00    15      0.00      0.00 1080124  164828   2.15  |__fastlio_mapping
16时29分38秒  1000         -     31109    0.00    1.00    0.00    0.00    1.00    15      0.00      0.00 1080124  164828   2.15  |__fastlio_mapping
16时29分38秒  1000         -     31110    0.00    0.00    0.00    0.00    0.00     8      0.00      0.00 1080124  164828   2.15  |__fastlio_mapping
16时29分38秒  1000         -     31111    0.00    0.00    0.00    0.00    0.00    14      0.00      0.00 1080124  164828   2.15  |__fastlio_mapping
16时29分38秒  1000         -     31112    0.00    0.00    0.00    0.00    0.00    10      0.00      0.00 1080124  164828   2.15  |__fastlio_mapping
16时29分38秒  1000         -     31113    0.00    0.00    0.00    0.00    0.00     8      0.00      0.00 1080124  164828   2.15  |__fastlio_mapping
16时29分38秒  1000         -     31114    0.00    0.00    0.00    0.00    0.00     2      0.00      0.00 1080124  164828   2.15  |__fastlio_mapping
16时29分38秒  1000         -     31115    0.00    0.00    0.00    0.00    0.00    12      0.00      0.00 1080124  164828   2.15  |__fastlio_mapping
16时29分38秒  1000         -     31116    0.00    0.00    0.00    0.00    0.00    11      0.00      0.00 1080124  164828   2.15  |__fastlio_mapping
16时29分38秒  1000         -     31117    0.00    0.00    0.00    0.00    0.00     2      0.00      0.00 1080124  164828   2.15  |__fastlio_mapping
16时29分38秒  1000         -     31118   11.00    0.00    0.00    0.00   11.00     8      0.00      0.00 1080124  164828   2.15  |__fastlio_mapping
16时29分38秒  1000         -     31119   13.00    0.00    0.00    0.00   13.00     3      0.00      0.00 1080124  164828   2.15  |__fastlio_mapping

# Time        UID      TGID       TID    %usr %system  %guest   %wait    %CPU   CPU  minflt/s  majflt/s     VSZ     RSS   %MEM  Command
16时29分39秒  1000     31103         -   35.00    3.00    0.00    0.00   38.00    12   1457.00      0.00 1080356  165252   2.15  fastlio_mapping
16时29分39秒  1000         -     31103    7.00    1.00    0.00    0.00    8.00    12   1457.00      0.00 1080356  165252   2.15  |__fastlio_mapping
16时29分39秒  1000         -     31105    1.00    2.00    0.00    0.00    3.00     2      0.00      0.00 1080356  165252   2.15  |__fastlio_mapping
16时29分39秒  1000         -     31106    0.00    0.00    0.00    0.00    0.00    10      0.00      0.00 1080356  165252   2.15  |__fastlio_mapping
16时29分39秒  1000         -     31107    0.00    0.00    0.00    0.00    0.00    15      0.00      0.00 1080356  165252   2.15  |__fastlio_mapping
16时29分39秒  1000         -     31108    0.00    0.00    0.00    0.00    0.00    15      0.00      0.00 1080356  165252   2.15  |__fastlio_mapping
16时29分39秒  1000         -     31109    0.00    0.00    0.00    0.00    0.00    12      0.00      0.00 1080356  165252   2.15  |__fastlio_mapping
16时29分39秒  1000         -     31110    0.00    0.00    0.00    0.00    0.00     8      0.00      0.00 1080356  165252   2.15  |__fastlio_mapping
16时29分39秒  1000         -     31111    0.00    0.00    0.00    0.00    0.00    14      0.00      0.00 1080356  165252   2.15  |__fastlio_mapping
16时29分39秒  1000         -     31112    0.00    0.00    0.00    0.00    0.00    10      0.00      0.00 1080356  165252   2.15  |__fastlio_mapping
16时29分39秒  1000         -     31113    0.00    0.00    0.00    0.00    0.00     8      0.00      0.00 1080356  165252   2.15  |__fastlio_mapping
16时29分39秒  1000         -     31114    1.00    0.00    0.00    0.00    1.00    14      0.00      0.00 1080356  165252   2.15  |__fastlio_mapping
16时29分39秒  1000         -     31115    0.00    0.00    0.00    0.00    0.00    12      0.00      0.00 1080356  165252   2.15  |__fastlio_mapping
16时29分39秒  1000         -     31116    0.00    0.00    0.00    0.00    0.00    11      0.00      0.00 1080356  165252   2.15  |__fastlio_mapping
16时29分39秒  1000         -     31117    0.00    1.00    0.00    0.00    1.00    15      0.00      0.00 1080356  165252   2.15  |__fastlio_mapping
16时29分39秒  1000         -     31118   13.00    0.00    0.00    0.00   13.00     0      0.00      0.00 1080356  165252   2.15  |__fastlio_mapping
16时29分39秒  1000         -     31119   12.00    0.00    0.00    0.00   12.00     3      0.00      0.00 1080356  165252   2.15  |__fastlio_mapping

# Time        UID      TGID       TID    %usr %system  %guest   %wait    %CPU   CPU  minflt/s  majflt/s     VSZ     RSS   %MEM  Command
16时29分40秒  1000     31103         -   35.00    2.00    0.00    0.00   37.00     5   1515.00      0.00 1080588  165716   2.16  fastlio_mapping
16时29分40秒  1000         -     31103    7.00    0.00    0.00    0.00    7.00     5   1515.00      0.00 1080588  165716   2.16  |__fastlio_mapping
16时29分40秒  1000         -     31105    1.00    1.00    0.00    0.00    2.00    14      0.00      0.00 1080588  165716   2.16  |__fastlio_mapping
16时29分40秒  1000         -     31106    0.00    0.00    0.00    0.00    0.00    10      0.00      0.00 1080588  165716   2.16  |__fastlio_mapping
16时29分40秒  1000         -     31107    0.00    0.00    0.00    0.00    0.00    15      0.00      0.00 1080588  165716   2.16  |__fastlio_mapping
16时29分40秒  1000         -     31108    0.00    0.00    0.00    0.00    0.00    14      0.00      0.00 1080588  165716   2.16  |__fastlio_mapping
16时29分40秒  1000         -     31109    0.00    0.00    0.00    0.00    0.00     8      0.00      0.00 1080588  165716   2.16  |__fastlio_mapping
16时29分40秒  1000         -     31110    0.00    0.00    0.00    0.00    0.00     8      0.00      0.00 1080588  165716   2.16  |__fastlio_mapping
16时29分40秒  1000         -     31111    0.00    0.00    0.00    0.00    0.00    11      0.00      0.00 1080588  165716   2.16  |__fastlio_mapping
16时29分40秒  1000         -     31112    0.00    0.00    0.00    0.00    0.00     0      0.00      0.00 1080588  165716   2.16  |__fastlio_mapping
16时29分40秒  1000         -     31113    0.00    0.00    0.00    0.00    0.00     8      0.00      0.00 1080588  165716   2.16  |__fastlio_mapping
16时29分40秒  1000         -     31114    1.00    0.00    0.00    0.00    1.00     9      0.00      0.00 1080588  165716   2.16  |__fastlio_mapping
16时29分40秒  1000         -     31115    0.00    0.00    0.00    0.00    0.00    12      0.00      0.00 1080588  165716   2.16  |__fastlio_mapping
16时29分40秒  1000         -     31116    0.00    0.00    0.00    0.00    0.00    11      0.00      0.00 1080588  165716   2.16  |__fastlio_mapping
16时29分40秒  1000         -     31117    1.00    0.00    0.00    0.00    1.00     8      0.00      0.00 1080588  165716   2.16  |__fastlio_mapping
16时29分40秒  1000         -     31118   12.00    0.00    0.00    0.00   12.00     6      0.00      0.00 1080588  165716   2.16  |__fastlio_mapping
16时29分40秒  1000         -     31119   13.00    0.00    0.00    0.00   13.00     3      0.00      0.00 1080588  165716   2.16  |__fastlio_mapping

# Time        UID      TGID       TID    %usr %system  %guest   %wait    %CPU   CPU  minflt/s  majflt/s     VSZ     RSS   %MEM  Command
16时29分41秒  1000     31103         -   34.00    3.00    0.00    0.00   37.00     0   1573.00      0.00 1080820  166220   2.17  fastlio_mapping
16时29分41秒  1000         -     31103    6.00    1.00    0.00    0.00    7.00     0   1573.00      0.00 1080820  166220   2.17  |__fastlio_mapping
16时29分41秒  1000         -     31105    0.00    2.00    0.00    0.00    2.00     4      0.00      0.00 1080820  166220   2.17  |__fastlio_mapping
16时29分41秒  1000         -     31106    0.00    0.00    0.00    0.00    0.00    10      0.00      0.00 1080820  166220   2.17  |__fastlio_mapping
16时29分41秒  1000         -     31107    0.00    0.00    0.00    0.00    0.00    15      0.00      0.00 1080820  166220   2.17  |__fastlio_mapping
16时29分41秒  1000         -     31108    0.00    0.00    0.00    0.00    0.00    14      0.00      0.00 1080820  166220   2.17  |__fastlio_mapping
16时29分41秒  1000         -     31109    1.00    0.00    0.00    0.00    1.00    15      0.00      0.00 1080820  166220   2.17  |__fastlio_mapping
16时29分41秒  1000         -     31110    0.00    0.00    0.00    0.00    0.00     8      0.00      0.00 1080820  166220   2.17  |__fastlio_mapping
16时29分41秒  1000         -     31111    0.00    0.00    0.00    0.00    0.00    10      0.00      0.00 1080820  166220   2.17  |__fastlio_mapping
16时29分41秒  1000         -     31112    0.00    0.00    0.00    0.00    0.00     0      0.00      0.00 1080820  166220   2.17  |__fastlio_mapping
16时29分41秒  1000         -     31113    0.00    0.00    0.00    0.00    0.00     8      0.00      0.00 1080820  166220   2.17  |__fastlio_mapping
16时29分41秒  1000         -     31114    0.00    1.00    0.00    0.00    1.00    12      0.00      0.00 1080820  166220   2.17  |__fastlio_mapping
16时29分41秒  1000         -     31115    0.00    0.00    0.00    0.00    0.00    12      0.00      0.00 1080820  166220   2.17  |__fastlio_mapping
16时29分41秒  1000         -     31116    0.00    0.00    0.00    0.00    0.00    11      0.00      0.00 1080820  166220   2.17  |__fastlio_mapping
16时29分41秒  1000         -     31117    1.00    0.00    0.00    0.00    1.00     6      0.00      0.00 1080820  166220   2.17  |__fastlio_mapping
16时29分41秒  1000         -     31118   13.00    0.00    0.00    0.00   13.00     0      0.00      0.00 1080820  166220   2.17  |__fastlio_mapping
16时29分41秒  1000         -     31119   13.00    0.00    0.00    0.00   13.00     3      0.00      0.00 1080820  166220   2.17  |__fastlio_mapping

# Time        UID      TGID       TID    %usr %system  %guest   %wait    %CPU   CPU  minflt/s  majflt/s     VSZ     RSS   %MEM  Command
16时29分42秒  1000     31103         -   37.00    1.00    0.00    0.00   38.00     4   1631.00      0.00 1081052  166692   2.17  fastlio_mapping
16时29分42秒  1000         -     31103    8.00    1.00    0.00    0.00    9.00     4   1631.00      0.00 1081052  166692   2.17  |__fastlio_mapping
16时29分42秒  1000         -     31105    1.00    1.00    0.00    1.00    2.00    10      0.00      0.00 1081052  166692   2.17  |__fastlio_mapping
16时29分42秒  1000         -     31106    0.00    0.00    0.00    0.00    0.00    10      0.00      0.00 1081052  166692   2.17  |__fastlio_mapping
16时29分42秒  1000         -     31107    0.00    0.00    0.00    0.00    0.00    15      0.00      0.00 1081052  166692   2.17  |__fastlio_mapping
16时29分42秒  1000         -     31108    0.00    0.00    0.00    0.00    0.00    14      0.00      0.00 1081052  166692   2.17  |__fastlio_mapping
16时29分42秒  1000         -     31109    0.00    0.00    0.00    0.00    0.00    15      0.00      0.00 1081052  166692   2.17  |__fastlio_mapping
16时29分42秒  1000         -     31110    0.00    0.00    0.00    0.00    0.00     8      0.00      0.00 1081052  166692   2.17  |__fastlio_mapping
16时29分42秒  1000         -     31111    0.00    0.00    0.00    0.00    0.00    10      0.00      0.00 1081052  166692   2.17  |__fastlio_mapping
16时29分42秒  1000         -     31112    0.00    0.00    0.00    0.00    0.00     0      0.00      0.00 1081052  166692   2.17  |__fastlio_mapping
16时29分42秒  1000         -     31113    0.00    0.00    0.00    0.00    0.00     8      0.00      0.00 1081052  166692   2.17  |__fastlio_mapping
16时29分42秒  1000         -     31114    1.00    0.00    0.00    0.00    1.00    13      0.00      0.00 1081052  166692   2.17  |__fastlio_mapping
16时29分42秒  1000         -     31115    0.00    0.00    0.00    0.00    0.00    12      0.00      0.00 1081052  166692   2.17  |__fastlio_mapping
16时29分42秒  1000         -     31116    0.00    0.00    0.00    0.00    0.00    11      0.00      0.00 1081052  166692   2.17  |__fastlio_mapping
16时29分42秒  1000         -     31117    0.00    0.00    0.00    0.00    0.00    12      0.00      0.00 1081052  166692   2.17  |__fastlio_mapping
16时29分42秒  1000         -     31118   13.00    0.00    0.00    0.00   13.00     0      0.00      0.00 1081052  166692   2.17  |__fastlio_mapping
16时29分42秒  1000         -     31119   13.00    0.00    0.00    0.00   13.00     3      0.00      0.00 1081052  166692   2.17  |__fastlio_mapping

# Time        UID      TGID       TID    %usr %system  %guest   %wait    %CPU   CPU  minflt/s  majflt/s     VSZ     RSS   %MEM  Command
16时29分43秒  1000     31103         -   33.00    4.00    0.00    0.00   37.00     6   1697.00      0.00 1081288  167164   2.18  fastlio_mapping
16时29分43秒  1000         -     31103    8.00    1.00    0.00    0.00    9.00     6   1694.00      0.00 1081288  167164   2.18  |__fastlio_mapping
16时29分43秒  1000         -     31105    1.00    2.00    0.00    0.00    3.00    13      3.00      0.00 1081288  167164   2.18  |__fastlio_mapping
16时29分43秒  1000         -     31106    0.00    0.00    0.00    0.00    0.00    10      0.00      0.00 1081288  167164   2.18  |__fastlio_mapping
16时29分43秒  1000         -     31107    0.00    0.00    0.00    0.00    0.00    15      0.00      0.00 1081288  167164   2.18  |__fastlio_mapping
16时29分43秒  1000         -     31108    0.00    0.00    0.00    0.00    0.00    14      0.00      0.00 1081288  167164   2.18  |__fastlio_mapping
16时29分43秒  1000         -     31109    0.00    0.00    0.00    0.00    0.00    11      0.00      0.00 1081288  167164   2.18  |__fastlio_mapping
16时29分43秒  1000         -     31110    0.00    0.00    0.00    0.00    0.00     8      0.00      0.00 1081288  167164   2.18  |__fastlio_mapping
16时29分43秒  1000         -     31111    0.00    0.00    0.00    0.00    0.00    12      0.00      0.00 1081288  167164   2.18  |__fastlio_mapping
16时29分43秒  1000         -     31112    0.00    0.00    0.00    0.00    0.00     2      0.00      0.00 1081288  167164   2.18  |__fastlio_mapping
16时29分43秒  1000         -     31113    0.00    0.00    0.00    0.00    0.00     8      0.00      0.00 1081288  167164   2.18  |__fastlio_mapping
16时29分43秒  1000         -     31114    1.00    0.00    0.00    0.00    1.00    14      0.00      0.00 1081288  167164   2.18  |__fastlio_mapping
16时29分43秒  1000         -     31115    0.00    0.00    0.00    0.00    0.00    12      0.00      0.00 1081288  167164   2.18  |__fastlio_mapping
16时29分43秒  1000         -     31116    0.00    0.00    0.00    0.00    0.00    11      0.00      0.00 1081288  167164   2.18  |__fastlio_mapping
16时29分43秒  1000         -     31117    1.00    0.00    0.00    0.00    1.00     8      0.00      0.00 1081288  167164   2.18  |__fastlio_mapping
16时29分43秒  1000         -     31118   10.00    0.00    0.00    0.00   10.00     9      0.00      0.00 1081288  167164   2.18  |__fastlio_mapping
16时29分43秒  1000         -     31119   13.00    0.00    0.00    0.00   13.00     5      0.00      0.00 1081288  167164   2.18  |__fastlio_mapping

# Time        UID      TGID       TID    %usr %system  %guest   %wait    %CPU   CPU  minflt/s  majflt/s     VSZ     RSS   %MEM  Command
16时29分44秒  1000     31103         -   35.00    2.00    0.00    0.00   37.00    14   1748.00      0.00 1081520  167524   2.18  fastlio_mapping
16时29分44秒  1000         -     31103    8.00    1.00    0.00    0.00    9.00    14   1748.00      0.00 1081520  167524   2.18  |__fastlio_mapping
16时29分44秒  1000         -     31105    0.00    2.00    0.00    0.00    2.00     9      0.00      0.00 1081520  167524   2.18  |__fastlio_mapping
16时29分44秒  1000         -     31106    0.00    0.00    0.00    0.00    0.00    10      0.00      0.00 1081520  167524   2.18  |__fastlio_mapping
16时29分44秒  1000         -     31107    0.00    0.00    0.00    0.00    0.00    15      0.00      0.00 1081520  167524   2.18  |__fastlio_mapping
16时29分44秒  1000         -     31108    0.00    0.00    0.00    0.00    0.00    14      0.00      0.00 1081520  167524   2.18  |__fastlio_mapping
16时29分44秒  1000         -     31109    0.00    0.00    0.00    0.00    0.00    10      0.00      0.00 1081520  167524   2.18  |__fastlio_mapping
16时29分44秒  1000         -     31110    0.00    0.00    0.00    0.00    0.00     8      0.00      0.00 1081520  167524   2.18  |__fastlio_mapping
16时29分44秒  1000         -     31111    0.00    0.00    0.00    0.00    0.00    10      0.00      0.00 1081520  167524   2.18  |__fastlio_mapping
16时29分44秒  1000         -     31112    0.00    0.00    0.00    0.00    0.00     2      0.00      0.00 1081520  167524   2.18  |__fastlio_mapping
16时29分44秒  1000         -     31113    0.00    0.00    0.00    0.00    0.00     8      0.00      0.00 1081520  167524   2.18  |__fastlio_mapping
16时29分44秒  1000         -     31114    1.00    0.00    0.00    0.00    1.00    12      0.00      0.00 1081520  167524   2.18  |__fastlio_mapping
16时29分44秒  1000         -     31115    0.00    0.00    0.00    0.00    0.00    12      0.00      0.00 1081520  167524   2.18  |__fastlio_mapping
16时29分44秒  1000         -     31116    0.00    0.00    0.00    0.00    0.00    11      0.00      0.00 1081520  167524   2.18  |__fastlio_mapping
16时29分44秒  1000         -     31117    1.00    0.00    0.00    0.00    1.00    15      0.00      0.00 1081520  167524   2.18  |__fastlio_mapping
16时29分44秒  1000         -     31118   10.00    0.00    0.00    0.00   10.00     6      0.00      0.00 1081520  167524   2.18  |__fastlio_mapping
16时29分44秒  1000         -     31119   12.00    0.00    0.00    0.00   12.00     3      0.00      0.00 1081520  167524   2.18  |__fastlio_mapping

# Time        UID      TGID       TID    %usr %system  %guest   %wait    %CPU   CPU  minflt/s  majflt/s     VSZ     RSS   %MEM  Command
16时29分45秒  1000     31103         -   34.00    2.00    0.00    0.00   36.00     6   1806.00      0.00 1081752  167988   2.19  fastlio_mapping
16时29分45秒  1000         -     31103    8.00    0.00    0.00    0.00    8.00     6   1806.00      0.00 1081752  167988   2.19  |__fastlio_mapping
16时29分45秒  1000         -     31105    1.00    2.00    0.00    0.00    3.00    10      0.00      0.00 1081752  167988   2.19  |__fastlio_mapping
16时29分45秒  1000         -     31106    0.00    0.00    0.00    0.00    0.00    10      0.00      0.00 1081752  167988   2.19  |__fastlio_mapping
16时29分45秒  1000         -     31107    0.00    0.00    0.00    0.00    0.00    15      0.00      0.00 1081752  167988   2.19  |__fastlio_mapping
16时29分45秒  1000         -     31108    0.00    0.00    0.00    0.00    0.00    14      0.00      0.00 1081752  167988   2.19  |__fastlio_mapping
16时29分45秒  1000         -     31109    0.00    0.00    0.00    0.00    0.00    14      0.00      0.00 1081752  167988   2.19  |__fastlio_mapping
16时29分45秒  1000         -     31110    0.00    0.00    0.00    0.00    0.00     8      0.00      0.00 1081752  167988   2.19  |__fastlio_mapping
16时29分45秒  1000         -     31111    0.00    0.00    0.00    0.00    0.00    10      0.00      0.00 1081752  167988   2.19  |__fastlio_mapping
16时29分45秒  1000         -     31112    0.00    0.00    0.00    0.00    0.00     2      0.00      0.00 1081752  167988   2.19  |__fastlio_mapping
16时29分45秒  1000         -     31113    0.00    0.00    0.00    0.00    0.00     8      0.00      0.00 1081752  167988   2.19  |__fastlio_mapping
16时29分45秒  1000         -     31114    1.00    0.00    0.00    0.00    1.00    13      0.00      0.00 1081752  167988   2.19  |__fastlio_mapping
16时29分45秒  1000         -     31115    0.00    0.00    0.00    0.00    0.00    12      0.00      0.00 1081752  167988   2.19  |__fastlio_mapping
16时29分45秒  1000         -     31116    0.00    0.00    0.00    0.00    0.00    11      0.00      0.00 1081752  167988   2.19  |__fastlio_mapping
16时29分45秒  1000         -     31117    1.00    0.00    0.00    0.00    1.00     8      0.00      0.00 1081752  167988   2.19  |__fastlio_mapping
16时29分45秒  1000         -     31118   12.00    0.00    0.00    0.00   12.00     4      0.00      0.00 1081752  167988   2.19  |__fastlio_mapping
16时29分45秒  1000         -     31119   13.00    0.00    0.00    0.00   13.00     3      0.00      0.00 1081752  167988   2.19  |__fastlio_mapping

# Time        UID      TGID       TID    %usr %system  %guest   %wait    %CPU   CPU  minflt/s  majflt/s     VSZ     RSS   %MEM  Command
16时29分46秒  1000     31103         -   34.00    2.00    0.00    0.00   36.00    15   1864.00      0.00 1081984  168452   2.20  fastlio_mapping
16时29分46秒  1000         -     31103    5.00    1.00    0.00    0.00    6.00    15   1864.00      0.00 1081984  168452   2.20  |__fastlio_mapping
16时29分46秒  1000         -     31105    1.00    1.00    0.00    0.00    2.00    10      0.00      0.00 1081984  168452   2.20  |__fastlio_mapping
16时29分46秒  1000         -     31106    0.00    0.00    0.00    0.00    0.00    11      0.00      0.00 1081984  168452   2.20  |__fastlio_mapping
16时29分46秒  1000         -     31107    0.00    0.00    0.00    0.00    0.00    15      0.00      0.00 1081984  168452   2.20  |__fastlio_mapping
16时29分46秒  1000         -     31108    0.00    0.00    0.00    0.00    0.00    14      0.00      0.00 1081984  168452   2.20  |__fastlio_mapping
16时29分46秒  1000         -     31109    0.00    0.00    0.00    0.00    0.00     9      0.00      0.00 1081984  168452   2.20  |__fastlio_mapping
16时29分46秒  1000         -     31110    0.00    0.00    0.00    0.00    0.00     8      0.00      0.00 1081984  168452   2.20  |__fastlio_mapping
16时29分46秒  1000         -     31111    0.00    0.00    0.00    0.00    0.00    12      0.00      0.00 1081984  168452   2.20  |__fastlio_mapping
16时29分46秒  1000         -     31112    0.00    0.00    0.00    0.00    0.00    15      0.00      0.00 1081984  168452   2.20  |__fastlio_mapping
16时29分46秒  1000         -     31113    0.00    0.00    0.00    0.00    0.00     8      0.00      0.00 1081984  168452   2.20  |__fastlio_mapping
16时29分46秒  1000         -     31114    1.00    0.00    0.00    0.00    1.00    12      0.00      0.00 1081984  168452   2.20  |__fastlio_mapping
16时29分46秒  1000         -     31115    0.00    0.00    0.00    0.00    0.00    12      0.00      0.00 1081984  168452   2.20  |__fastlio_mapping
16时29分46秒  1000         -     31116    0.00    0.00    0.00    0.00    0.00    11      0.00      0.00 1081984  168452   2.20  |__fastlio_mapping
16时29分46秒  1000         -     31117    0.00    1.00    0.00    0.00    1.00    13      0.00      0.00 1081984  168452   2.20  |__fastlio_mapping
16时29分46秒  1000         -     31118   12.00    0.00    0.00    0.00   12.00     4      0.00      0.00 1081984  168452   2.20  |__fastlio_mapping
16时29分46秒  1000         -     31119   13.00    0.00    0.00    0.00   13.00     3      0.00      0.00 1081984  168452   2.20  |__fastlio_mapping

# Time        UID      TGID       TID    %usr %system  %guest   %wait    %CPU   CPU  minflt/s  majflt/s     VSZ     RSS   %MEM  Command
16时29分47秒  1000     31103         -   35.00    1.00    0.00    0.00   36.00     0   1922.00      0.00 1082216  168744   2.20  fastlio_mapping
16时29分47秒  1000         -     31103    7.00    1.00    0.00    0.00    8.00     0   1922.00      0.00 1082216  168744   2.20  |__fastlio_mapping
16时29分47秒  1000         -     31105    1.00    1.00    0.00    0.00    2.00    15      0.00      0.00 1082216  168744   2.20  |__fastlio_mapping
16时29分47秒  1000         -     31106    0.00    0.00    0.00    0.00    0.00    11      0.00      0.00 1082216  168744   2.20  |__fastlio_mapping
16时29分47秒  1000         -     31107    0.00    0.00    0.00    0.00    0.00    15      0.00      0.00 1082216  168744   2.20  |__fastlio_mapping
16时29分47秒  1000         -     31108    0.00    0.00    0.00    0.00    0.00    14      0.00      0.00 1082216  168744   2.20  |__fastlio_mapping
16时29分47秒  1000         -     31109    0.00    0.00    0.00    0.00    0.00    11      0.00      0.00 1082216  168744   2.20  |__fastlio_mapping
16时29分47秒  1000         -     31110    0.00    0.00    0.00    0.00    0.00     8      0.00      0.00 1082216  168744   2.20  |__fastlio_mapping
16时29分47秒  1000         -     31111    0.00    0.00    0.00    0.00    0.00    10      0.00      0.00 1082216  168744   2.20  |__fastlio_mapping
16时29分47秒  1000         -     31112    0.00    0.00    0.00    0.00    0.00     4      0.00      0.00 1082216  168744   2.20  |__fastlio_mapping
16时29分47秒  1000         -     31113    0.00    0.00    0.00    0.00    0.00     8      0.00      0.00 1082216  168744   2.20  |__fastlio_mapping
16时29分47秒  1000         -     31114    0.00    0.00    0.00    0.00    0.00     6      0.00      0.00 1082216  168744   2.20  |__fastlio_mapping
16时29分47秒  1000         -     31115    0.00    0.00    0.00    0.00    0.00    12      0.00      0.00 1082216  168744   2.20  |__fastlio_mapping
16时29分47秒  1000         -     31116    0.00    0.00    0.00    0.00    0.00    11      0.00      0.00 1082216  168744   2.20  |__fastlio_mapping
16时29分47秒  1000         -     31117    1.00    0.00    0.00    0.00    1.00     6      0.00      0.00 1082216  168744   2.20  |__fastlio_mapping
16时29分47秒  1000         -     31118   13.00    0.00    0.00    0.00   13.00     4      0.00      0.00 1082216  168744   2.20  |__fastlio_mapping
16时29分47秒  1000         -     31119   12.00    0.00    0.00    0.00   12.00     3      0.00      0.00 1082216  168744   2.20  |__fastlio_mapping

# Time        UID      TGID       TID    %usr %system  %guest   %wait    %CPU   CPU  minflt/s  majflt/s     VSZ     RSS   %MEM  Command
16时29分48秒  1000     31103         -   35.00    3.00    0.00    0.00   38.00    10   1980.00      0.00 1082448  169320   2.21  fastlio_mapping
16时29分48秒  1000         -     31103    7.00    0.00    0.00    0.00    7.00    10   1980.00      0.00 1082448  169320   2.21  |__fastlio_mapping
16时29分48秒  1000         -     31105    1.00    2.00    0.00    0.00    3.00     8      0.00      0.00 1082448  169320   2.21  |__fastlio_mapping
16时29分48秒  1000         -     31106    0.00    0.00    0.00    0.00    0.00    11      0.00      0.00 1082448  169320   2.21  |__fastlio_mapping
16时29分48秒  1000         -     31107    0.00    0.00    0.00    0.00    0.00    15      0.00      0.00 1082448  169320   2.21  |__fastlio_mapping
16时29分48秒  1000         -     31108    0.00    0.00    0.00    0.00    0.00    14      0.00      0.00 1082448  169320   2.21  |__fastlio_mapping
16时29分48秒  1000         -     31109    0.00    0.00    0.00    0.00    0.00     9      0.00      0.00 1082448  169320   2.21  |__fastlio_mapping
16时29分48秒  1000         -     31110    0.00    0.00    0.00    0.00    0.00     8      0.00      0.00 1082448  169320   2.21  |__fastlio_mapping
16时29分48秒  1000         -     31111    0.00    0.00    0.00    0.00    0.00    10      0.00      0.00 1082448  169320   2.21  |__fastlio_mapping
16时29分48秒  1000         -     31112    0.00    0.00    0.00    0.00    0.00     4      0.00      0.00 1082448  169320   2.21  |__fastlio_mapping
16时29分48秒  1000         -     31113    0.00    0.00    0.00    0.00    0.00     8      0.00      0.00 1082448  169320   2.21  |__fastlio_mapping
16时29分48秒  1000         -     31114    1.00    0.00    0.00    0.00    1.00     8      0.00      0.00 1082448  169320   2.21  |__fastlio_mapping
16时29分48秒  1000         -     31115    0.00    0.00    0.00    0.00    0.00    12      0.00      0.00 1082448  169320   2.21  |__fastlio_mapping
16时29分48秒  1000         -     31116    0.00    0.00    0.00    0.00    0.00    11      0.00      0.00 1082448  169320   2.21  |__fastlio_mapping
16时29分48秒  1000         -     31117    0.00    0.00    0.00    0.00    0.00    11      0.00      0.00 1082448  169320   2.21  |__fastlio_mapping
16时29分48秒  1000         -     31118   12.00    0.00    0.00    0.00   12.00     4      0.00      0.00 1082448  169320   2.21  |__fastlio_mapping
16时29分48秒  1000         -     31119   13.00    0.00    0.00    0.00   13.00     3      0.00      0.00 1082448  169320   2.21  |__fastlio_mapping

# Time        UID      TGID       TID    %usr %system  %guest   %wait    %CPU   CPU  minflt/s  majflt/s     VSZ     RSS   %MEM  Command
16时29分49秒  1000     31103         -   31.00    2.00    0.00    0.00   33.00     2   2041.00      0.00 1082684  169692   2.21  fastlio_mapping
16时29分49秒  1000         -     31103    7.00    1.00    0.00    0.00    8.00     2   2041.00      0.00 1082684  169692   2.21  |__fastlio_mapping
16时29分49秒  1000         -     31105    1.00    1.00    0.00    0.00    2.00    14      0.00      0.00 1082684  169692   2.21  |__fastlio_mapping
16时29分49秒  1000         -     31106    0.00    0.00    0.00    0.00    0.00    11      0.00      0.00 1082684  169692   2.21  |__fastlio_mapping
16时29分49秒  1000         -     31107    0.00    0.00    0.00    0.00    0.00    15      0.00      0.00 1082684  169692   2.21  |__fastlio_mapping
16时29分49秒  1000         -     31108    0.00    0.00    0.00    0.00    0.00    14      0.00      0.00 1082684  169692   2.21  |__fastlio_mapping
16时29分49秒  1000         -     31109    0.00    0.00    0.00    0.00    0.00    10      0.00      0.00 1082684  169692   2.21  |__fastlio_mapping
16时29分49秒  1000         -     31110    0.00    0.00    0.00    0.00    0.00     8      0.00      0.00 1082684  169692   2.21  |__fastlio_mapping
16时29分49秒  1000         -     31111    0.00    0.00    0.00    0.00    0.00    12      0.00      0.00 1082684  169692   2.21  |__fastlio_mapping
16时29分49秒  1000         -     31112    0.00    0.00    0.00    0.00    0.00    12      0.00      0.00 1082684  169692   2.21  |__fastlio_mapping
16时29分49秒  1000         -     31113    0.00    0.00    0.00    0.00    0.00     8      0.00      0.00 1082684  169692   2.21  |__fastlio_mapping
16时29分49秒  1000         -     31114    1.00    1.00    0.00    0.00    2.00     8      0.00      0.00 1082684  169692   2.21  |__fastlio_mapping
16时29分49秒  1000         -     31115    0.00    0.00    0.00    0.00    0.00    12      0.00      0.00 1082684  169692   2.21  |__fastlio_mapping
16时29分49秒  1000         -     31116    0.00    0.00    0.00    0.00    0.00    11      0.00      0.00 1082684  169692   2.21  |__fastlio_mapping
16时29分49秒  1000         -     31117    0.00    0.00    0.00    0.00    0.00    11      0.00      0.00 1082684  169692   2.21  |__fastlio_mapping
16时29分49秒  1000         -     31118   12.00    0.00    0.00    0.00   12.00     8      0.00      0.00 1082684  169692   2.21  |__fastlio_mapping
16时29分49秒  1000         -     31119   11.00    0.00    0.00    0.00   11.00     0      0.00      0.00 1082684  169692   2.21  |__fastlio_mapping

# Time        UID      TGID       TID    %usr %system  %guest   %wait    %CPU   CPU  minflt/s  majflt/s     VSZ     RSS   %MEM  Command
16时29分50秒  1000     31103         -   34.00    1.00    0.00    0.00   35.00    14   2097.00      0.00 1082916  170040   2.22  fastlio_mapping
16时29分50秒  1000         -     31103    7.00    0.00    0.00    0.00    7.00    14   2097.00      0.00 1082916  170040   2.22  |__fastlio_mapping
16时29分50秒  1000         -     31105    1.00    1.00    0.00    1.00    2.00    12      0.00      0.00 1082916  170040   2.22  |__fastlio_mapping
16时29分50秒  1000         -     31106    0.00    0.00    0.00    0.00    0.00    11      0.00      0.00 1082916  170040   2.22  |__fastlio_mapping
16时29分50秒  1000         -     31107    0.00    0.00    0.00    0.00    0.00    15      0.00      0.00 1082916  170040   2.22  |__fastlio_mapping
16时29分50秒  1000         -     31108    0.00    0.00    0.00    0.00    0.00    14      0.00      0.00 1082916  170040   2.22  |__fastlio_mapping
16时29分50秒  1000         -     31109    0.00    1.00    0.00    0.00    1.00    10      0.00      0.00 1082916  170040   2.22  |__fastlio_mapping
16时29分50秒  1000         -     31110    0.00    0.00    0.00    0.00    0.00     8      0.00      0.00 1082916  170040   2.22  |__fastlio_mapping
16时29分50秒  1000         -     31111    0.00    0.00    0.00    0.00    0.00    11      0.00      0.00 1082916  170040   2.22  |__fastlio_mapping
16时29分50秒  1000         -     31112    0.00    0.00    0.00    0.00    0.00     9      0.00      0.00 1082916  170040   2.22  |__fastlio_mapping
16时29分50秒  1000         -     31113    0.00    0.00    0.00    0.00    0.00     8      0.00      0.00 1082916  170040   2.22  |__fastlio_mapping
16时29分50秒  1000         -     31114    0.00    0.00    0.00    0.00    0.00    15      0.00      0.00 1082916  170040   2.22  |__fastlio_mapping
16时29分50秒  1000         -     31115    0.00    0.00    0.00    0.00    0.00    12      0.00      0.00 1082916  170040   2.22  |__fastlio_mapping
16时29分50秒  1000         -     31116    0.00    0.00    0.00    0.00    0.00    11      0.00      0.00 1082916  170040   2.22  |__fastlio_mapping
16时29分50秒  1000         -     31117    1.00    0.00    0.00    0.00    1.00    12      0.00      0.00 1082916  170040   2.22  |__fastlio_mapping
16时29分50秒  1000         -     31118   12.00    0.00    0.00    0.00   12.00     0      0.00      0.00 1082916  170040   2.22  |__fastlio_mapping
16时29分50秒  1000         -     31119   12.00    0.00    0.00    0.00   12.00     5      0.00      0.00 1082916  170040   2.22  |__fastlio_mapping

# Time        UID      TGID       TID    %usr %system  %guest   %wait    %CPU   CPU  minflt/s  majflt/s     VSZ     RSS   %MEM  Command
16时29分51秒  1000     31103         -   33.00    2.00    0.00    0.00   35.00     8   4134.00      0.00 1091068  170500   2.22  fastlio_mapping
16时29分51秒  1000         -     31103    5.00    1.00    0.00    0.00    6.00     8   4134.00      0.00 1091068  170500   2.22  |__fastlio_mapping
16时29分51秒  1000         -     31105    1.00    2.00    0.00    0.00    3.00    11      0.00      0.00 1091068  170500   2.22  |__fastlio_mapping
16时29分51秒  1000         -     31106    0.00    0.00    0.00    0.00    0.00    11      0.00      0.00 1091068  170500   2.22  |__fastlio_mapping
16时29分51秒  1000         -     31107    0.00    0.00    0.00    0.00    0.00    15      0.00      0.00 1091068  170500   2.22  |__fastlio_mapping
16时29分51秒  1000         -     31108    0.00    0.00    0.00    0.00    0.00    14      0.00      0.00 1091068  170500   2.22  |__fastlio_mapping
16时29分51秒  1000         -     31109    0.00    0.00    0.00    0.00    0.00    11      0.00      0.00 1091068  170500   2.22  |__fastlio_mapping
16时29分51秒  1000         -     31110    0.00    0.00    0.00    0.00    0.00     8      0.00      0.00 1091068  170500   2.22  |__fastlio_mapping
16时29分51秒  1000         -     31111    0.00    0.00    0.00    0.00    0.00    11      0.00      0.00 1091068  170500   2.22  |__fastlio_mapping
16时29分51秒  1000         -     31112    0.00    0.00    0.00    0.00    0.00     9      0.00      0.00 1091068  170500   2.22  |__fastlio_mapping
16时29分51秒  1000         -     31113    0.00    0.00    0.00    0.00    0.00     8      0.00      0.00 1091068  170500   2.22  |__fastlio_mapping
16时29分51秒  1000         -     31114    1.00    0.00    0.00    0.00    1.00    15      0.00      0.00 1091068  170500   2.22  |__fastlio_mapping
16时29分51秒  1000         -     31115    0.00    0.00    0.00    0.00    0.00    12      0.00      0.00 1091068  170500   2.22  |__fastlio_mapping
16时29分51秒  1000         -     31116    0.00    0.00    0.00    0.00    0.00    11      0.00      0.00 1091068  170500   2.22  |__fastlio_mapping
16时29分51秒  1000         -     31117    1.00    0.00    0.00    0.00    1.00    10      0.00      0.00 1091068  170500   2.22  |__fastlio_mapping
16时29分51秒  1000         -     31118   12.00    0.00    0.00    0.00   12.00     0      0.00      0.00 1091068  170500   2.22  |__fastlio_mapping
16时29分51秒  1000         -     31119   13.00    0.00    0.00    0.00   13.00     5      0.00      0.00 1091068  170500   2.22  |__fastlio_mapping

# Time        UID      TGID       TID    %usr %system  %guest   %wait    %CPU   CPU  minflt/s  majflt/s     VSZ     RSS   %MEM  Command
16时29分52秒  1000     31103         -   33.00    2.00    0.00    0.00   35.00    10   2214.00      0.00 1091300  170928   2.23  fastlio_mapping
16时29分52秒  1000         -     31103    8.00    0.00    0.00    0.00    8.00    10   2214.00      0.00 1091300  170928   2.23  |__fastlio_mapping
16时29分52秒  1000         -     31105    2.00    1.00    0.00    0.00    3.00    11      0.00      0.00 1091300  170928   2.23  |__fastlio_mapping
16时29分52秒  1000         -     31106    0.00    0.00    0.00    0.00    0.00    11      0.00      0.00 1091300  170928   2.23  |__fastlio_mapping
16时29分52秒  1000         -     31107    0.00    0.00    0.00    0.00    0.00    15      0.00      0.00 1091300  170928   2.23  |__fastlio_mapping
16时29分52秒  1000         -     31108    0.00    0.00    0.00    0.00    0.00    14      0.00      0.00 1091300  170928   2.23  |__fastlio_mapping
16时29分52秒  1000         -     31109    1.00    0.00    0.00    0.00    1.00    11      0.00      0.00 1091300  170928   2.23  |__fastlio_mapping
16时29分52秒  1000         -     31110    0.00    0.00    0.00    0.00    0.00     8      0.00      0.00 1091300  170928   2.23  |__fastlio_mapping
16时29分52秒  1000         -     31111    0.00    0.00    0.00    0.00    0.00    14      0.00      0.00 1091300  170928   2.23  |__fastlio_mapping
16时29分52秒  1000         -     31112    0.00    0.00    0.00    0.00    0.00    12      0.00      0.00 1091300  170928   2.23  |__fastlio_mapping
16时29分52秒  1000         -     31113    0.00    0.00    0.00    0.00    0.00     8      0.00      0.00 1091300  170928   2.23  |__fastlio_mapping
16时29分52秒  1000         -     31114    1.00    0.00    0.00    0.00    1.00    12      0.00      0.00 1091300  170928   2.23  |__fastlio_mapping
16时29分52秒  1000         -     31115    0.00    0.00    0.00    0.00    0.00    12      0.00      0.00 1091300  170928   2.23  |__fastlio_mapping
16时29分52秒  1000         -     31116    0.00    0.00    0.00    0.00    0.00    11      0.00      0.00 1091300  170928   2.23  |__fastlio_mapping
16时29分52秒  1000         -     31117    0.00    0.00    0.00    0.00    0.00    15      0.00      0.00 1091300  170928   2.23  |__fastlio_mapping
16时29分52秒  1000         -     31118   11.00    0.00    0.00    0.00   11.00     9      0.00      0.00 1091300  170928   2.23  |__fastlio_mapping
16时29分52秒  1000         -     31119   12.00    0.00    0.00    0.00   12.00     5      0.00      0.00 1091300  170928   2.23  |__fastlio_mapping

# Time        UID      TGID       TID    %usr %system  %guest   %wait    %CPU   CPU  minflt/s  majflt/s     VSZ     RSS   %MEM  Command
16时29分53秒  1000     31103         -   32.00    3.00    0.00    0.00   35.00     8   2271.00      0.00 1091532  171392   2.23  fastlio_mapping
16时29分53秒  1000         -     31103    6.00    1.00    0.00    0.00    7.00     8   2271.00      0.00 1091532  171392   2.23  |__fastlio_mapping
16时29分53秒  1000         -     31105    1.00    1.00    0.00    0.00    2.00    14      0.00      0.00 1091532  171392   2.23  |__fastlio_mapping
16时29分53秒  1000         -     31106    0.00    0.00    0.00    0.00    0.00    11      0.00      0.00 1091532  171392   2.23  |__fastlio_mapping
16时29分53秒  1000         -     31107    0.00    0.00    0.00    0.00    0.00    15      0.00      0.00 1091532  171392   2.23  |__fastlio_mapping
16时29分53秒  1000         -     31108    0.00    0.00    0.00    0.00    0.00    14      0.00      0.00 1091532  171392   2.23  |__fastlio_mapping
16时29分53秒  1000         -     31109    0.00    0.00    0.00    0.00    0.00    13      0.00      0.00 1091532  171392   2.23  |__fastlio_mapping
16时29分53秒  1000         -     31110    0.00    0.00    0.00    0.00    0.00     8      0.00      0.00 1091532  171392   2.23  |__fastlio_mapping
16时29分53秒  1000         -     31111    0.00    0.00    0.00    0.00    0.00    11      0.00      0.00 1091532  171392   2.23  |__fastlio_mapping
16时29分53秒  1000         -     31112    0.00    0.00    0.00    0.00    0.00     9      0.00      0.00 1091532  171392   2.23  |__fastlio_mapping
16时29分53秒  1000         -     31113    0.00    0.00    0.00    0.00    0.00     8      0.00      0.00 1091532  171392   2.23  |__fastlio_mapping
16时29分53秒  1000         -     31114    0.00    0.00    0.00    0.00    0.00     0      0.00      0.00 1091532  171392   2.23  |__fastlio_mapping
16时29分53秒  1000         -     31115    0.00    0.00    0.00    0.00    0.00    12      0.00      0.00 1091532  171392   2.23  |__fastlio_mapping
16时29分53秒  1000         -     31116    0.00    0.00    0.00    0.00    0.00    11      0.00      0.00 1091532  171392   2.23  |__fastlio_mapping
16时29分53秒  1000         -     31117    0.00    1.00    0.00    0.00    1.00    11      0.00      0.00 1091532  171392   2.23  |__fastlio_mapping
16时29分53秒  1000         -     31118   11.00    0.00    0.00    0.00   11.00     3      0.00      0.00 1091532  171392   2.23  |__fastlio_mapping
16时29分53秒  1000         -     31119   13.00    0.00    0.00    0.00   13.00     5      0.00      0.00 1091532  171392   2.23  |__fastlio_mapping

# Time        UID      TGID       TID    %usr %system  %guest   %wait    %CPU   CPU  minflt/s  majflt/s     VSZ     RSS   %MEM  Command
16时29分54秒  1000     31103         -   34.00    2.00    0.00    0.00   36.00     6   2332.00      0.00 1091768  171864   2.24  fastlio_mapping
16时29分54秒  1000         -     31103    7.00    0.00    0.00    0.00    7.00     6   2332.00      0.00 1091768  171864   2.24  |__fastlio_mapping
16时29分54秒  1000         -     31105    0.00    1.00    0.00    0.00    1.00    11      0.00      0.00 1091768  171864   2.24  |__fastlio_mapping
16时29分54秒  1000         -     31106    0.00    0.00    0.00    0.00    0.00    11      0.00      0.00 1091768  171864   2.24  |__fastlio_mapping
16时29分54秒  1000         -     31107    0.00    0.00    0.00    0.00    0.00    15      0.00      0.00 1091768  171864   2.24  |__fastlio_mapping
16时29分54秒  1000         -     31108    0.00    0.00    0.00    0.00    0.00    14      0.00      0.00 1091768  171864   2.24  |__fastlio_mapping
16时29分54秒  1000         -     31109    0.00    0.00    0.00    0.00    0.00    10      0.00      0.00 1091768  171864   2.24  |__fastlio_mapping
16时29分54秒  1000         -     31110    0.00    0.00    0.00    0.00    0.00     8      0.00      0.00 1091768  171864   2.24  |__fastlio_mapping
16时29分54秒  1000         -     31111    0.00    0.00    0.00    0.00    0.00    11      0.00      0.00 1091768  171864   2.24  |__fastlio_mapping
16时29分54秒  1000         -     31112    0.00    0.00    0.00    0.00    0.00     9      0.00      0.00 1091768  171864   2.24  |__fastlio_mapping
16时29分54秒  1000         -     31113    0.00    0.00    0.00    0.00    0.00     8      0.00      0.00 1091768  171864   2.24  |__fastlio_mapping
16时29分54秒  1000         -     31114    1.00    0.00    0.00    0.00    1.00     8      0.00      0.00 1091768  171864   2.24  |__fastlio_mapping
16时29分54秒  1000         -     31115    0.00    0.00    0.00    0.00    0.00    12      0.00      0.00 1091768  171864   2.24  |__fastlio_mapping
16时29分54秒  1000         -     31116    0.00    0.00    0.00    0.00    0.00    11      0.00      0.00 1091768  171864   2.24  |__fastlio_mapping
16时29分54秒  1000         -     31117    1.00    0.00    0.00    0.00    1.00     8      0.00      0.00 1091768  171864   2.24  |__fastlio_mapping
16时29分54秒  1000         -     31118   13.00    0.00    0.00    0.00   13.00     3      0.00      0.00 1091768  171864   2.24  |__fastlio_mapping
16时29分54秒  1000         -     31119   13.00    0.00    0.00    0.00   13.00     5      0.00      0.00 1091768  171864   2.24  |__fastlio_mapping

# Time        UID      TGID       TID    %usr %system  %guest   %wait    %CPU   CPU  minflt/s  majflt/s     VSZ     RSS   %MEM  Command
16时29分55秒  1000     31103         -   35.00    1.00    0.00    0.00   36.00     4   2388.00      0.00 1092000  172328   2.25  fastlio_mapping
16时29分55秒  1000         -     31103    6.00    1.00    0.00    0.00    7.00     4   2388.00      0.00 1092000  172328   2.25  |__fastlio_mapping
16时29分55秒  1000         -     31105    2.00    1.00    0.00    0.00    3.00    15      0.00      0.00 1092000  172328   2.25  |__fastlio_mapping
16时29分55秒  1000         -     31106    0.00    0.00    0.00    0.00    0.00    11      0.00      0.00 1092000  172328   2.25  |__fastlio_mapping
16时29分55秒  1000         -     31107    0.00    0.00    0.00    0.00    0.00    15      0.00      0.00 1092000  172328   2.25  |__fastlio_mapping
16时29分55秒  1000         -     31108    0.00    0.00    0.00    0.00    0.00    14      0.00      0.00 1092000  172328   2.25  |__fastlio_mapping
16时29分55秒  1000         -     31109    0.00    0.00    0.00    0.00    0.00    13      0.00      0.00 1092000  172328   2.25  |__fastlio_mapping
16时29分55秒  1000         -     31110    0.00    0.00    0.00    0.00    0.00     8      0.00      0.00 1092000  172328   2.25  |__fastlio_mapping
16时29分55秒  1000         -     31111    0.00    0.00    0.00    0.00    0.00    15      0.00      0.00 1092000  172328   2.25  |__fastlio_mapping
16时29分55秒  1000         -     31112    0.00    0.00    0.00    0.00    0.00    13      0.00      0.00 1092000  172328   2.25  |__fastlio_mapping
16时29分55秒  1000         -     31113    0.00    0.00    0.00    0.00    0.00     8      0.00      0.00 1092000  172328   2.25  |__fastlio_mapping
16时29分55秒  1000         -     31114    0.00    0.00    0.00    0.00    0.00    12      0.00      0.00 1092000  172328   2.25  |__fastlio_mapping
16时29分55秒  1000         -     31115    0.00    0.00    0.00    0.00    0.00    12      0.00      0.00 1092000  172328   2.25  |__fastlio_mapping
16时29分55秒  1000         -     31116    0.00    0.00    0.00    0.00    0.00    11      0.00      0.00 1092000  172328   2.25  |__fastlio_mapping
16时29分55秒  1000         -     31117    0.00    0.00    0.00    0.00    0.00    13      0.00      0.00 1092000  172328   2.25  |__fastlio_mapping
16时29分55秒  1000         -     31118   12.00    0.00    0.00    0.00   12.00     3      0.00      0.00 1092000  172328   2.25  |__fastlio_mapping
16时29分55秒  1000         -     31119   12.00    0.00    0.00    0.00   12.00     5      0.00      0.00 1092000  172328   2.25  |__fastlio_mapping

# Time        UID      TGID       TID    %usr %system  %guest   %wait    %CPU   CPU  minflt/s  majflt/s     VSZ     RSS   %MEM  Command
16时29分56秒  1000     31103         -   33.00    3.00    0.00    0.00   36.00    15   2547.00      0.00 1092628  173184   2.26  fastlio_mapping
16时29分56秒  1000         -     31103    7.00    1.00    0.00    0.00    8.00    15   2547.00      0.00 1092628  173184   2.26  |__fastlio_mapping
16时29分56秒  1000         -     31105    1.00    2.00    0.00    0.00    3.00     0      0.00      0.00 1092628  173184   2.26  |__fastlio_mapping
16时29分56秒  1000         -     31106    0.00    0.00    0.00    0.00    0.00    11      0.00      0.00 1092628  173184   2.26  |__fastlio_mapping
16时29分56秒  1000         -     31107    0.00    0.00    0.00    0.00    0.00    15      0.00      0.00 1092628  173184   2.26  |__fastlio_mapping
16时29分56秒  1000         -     31108    0.00    0.00    0.00    0.00    0.00    14      0.00      0.00 1092628  173184   2.26  |__fastlio_mapping
16时29分56秒  1000         -     31109    0.00    0.00    0.00    0.00    0.00     8      0.00      0.00 1092628  173184   2.26  |__fastlio_mapping
16时29分56秒  1000         -     31110    0.00    0.00    0.00    0.00    0.00     8      0.00      0.00 1092628  173184   2.26  |__fastlio_mapping
16时29分56秒  1000         -     31111    0.00    0.00    0.00    0.00    0.00    11      0.00      0.00 1092628  173184   2.26  |__fastlio_mapping
16时29分56秒  1000         -     31112    0.00    0.00    0.00    0.00    0.00     9      0.00      0.00 1092628  173184   2.26  |__fastlio_mapping
16时29分56秒  1000         -     31113    0.00    0.00    0.00    0.00    0.00     8      0.00      0.00 1092628  173184   2.26  |__fastlio_mapping
16时29分56秒  1000         -     31114    1.00    0.00    0.00    0.00    1.00    13      0.00      0.00 1092628  173184   2.26  |__fastlio_mapping
16时29分56秒  1000         -     31115    0.00    0.00    0.00    0.00    0.00    12      0.00      0.00 1092628  173184   2.26  |__fastlio_mapping
16时29分56秒  1000         -     31116    0.00    0.00    0.00    0.00    0.00    11      0.00      0.00 1092628  173184   2.26  |__fastlio_mapping
16时29分56秒  1000         -     31117    1.00    0.00    0.00    0.00    1.00    12      0.00      0.00 1092628  173184   2.26  |__fastlio_mapping
16时29分56秒  1000         -     31118   13.00    0.00    0.00    0.00   13.00     3      0.00      0.00 1092628  173184   2.26  |__fastlio_mapping
16时29分56秒  1000         -     31119   13.00    0.00    0.00    0.00   13.00     5      0.00      0.00 1092628  173184   2.26  |__fastlio_mapping

# Time        UID      TGID       TID    %usr %system  %guest   %wait    %CPU   CPU  minflt/s  majflt/s     VSZ     RSS   %MEM  Command
16时29分57秒  1000     31103         -   33.00    3.00    0.00    0.00   36.00     8   2503.00      0.00 1092860  173644   2.26  fastlio_mapping
16时29分57秒  1000         -     31103    6.00    0.00    0.00    0.00    6.00     8   2503.00      0.00 1092860  173644   2.26  |__fastlio_mapping
16时29分57秒  1000         -     31105    1.00    1.00    0.00    0.00    2.00    12      0.00      0.00 1092860  173644   2.26  |__fastlio_mapping
16时29分57秒  1000         -     31106    0.00    0.00    0.00    0.00    0.00    11      0.00      0.00 1092860  173644   2.26  |__fastlio_mapping
16时29分57秒  1000         -     31107    0.00    0.00    0.00    0.00    0.00    15      0.00      0.00 1092860  173644   2.26  |__fastlio_mapping
16时29分57秒  1000         -     31108    0.00    0.00    0.00    0.00    0.00    14      0.00      0.00 1092860  173644   2.26  |__fastlio_mapping
16时29分57秒  1000         -     31109    0.00    0.00    0.00    0.00    0.00     9      0.00      0.00 1092860  173644   2.26  |__fastlio_mapping
16时29分57秒  1000         -     31110    0.00    0.00    0.00    0.00    0.00     8      0.00      0.00 1092860  173644   2.26  |__fastlio_mapping
16时29分57秒  1000         -     31111    0.00    0.00    0.00    0.00    0.00    11      0.00      0.00 1092860  173644   2.26  |__fastlio_mapping
16时29分57秒  1000         -     31112    0.00    0.00    0.00    0.00    0.00     9      0.00      0.00 1092860  173644   2.26  |__fastlio_mapping
16时29分57秒  1000         -     31113    0.00    0.00    0.00    0.00    0.00     8      0.00      0.00 1092860  173644   2.26  |__fastlio_mapping
16时29分57秒  1000         -     31114    1.00    0.00    0.00    0.00    1.00    10      0.00      0.00 1092860  173644   2.26  |__fastlio_mapping
16时29分57秒  1000         -     31115    0.00    0.00    0.00    0.00    0.00    12      0.00      0.00 1092860  173644   2.26  |__fastlio_mapping
16时29分57秒  1000         -     31116    0.00    0.00    0.00    0.00    0.00    11      0.00      0.00 1092860  173644   2.26  |__fastlio_mapping
16时29分57秒  1000         -     31117    0.00    1.00    0.00    0.00    1.00     9      0.00      0.00 1092860  173644   2.26  |__fastlio_mapping
16时29分57秒  1000         -     31118   12.00    0.00    0.00    0.00   12.00     3      0.00      0.00 1092860  173644   2.26  |__fastlio_mapping
16时29分57秒  1000         -     31119   12.00    0.00    0.00    0.00   12.00     5      0.00      0.00 1092860  173644   2.26  |__fastlio_mapping

# Time        UID      TGID       TID    %usr %system  %guest   %wait    %CPU   CPU  minflt/s  majflt/s     VSZ     RSS   %MEM  Command
16时29分58秒  1000     31103         -   35.00    2.00    0.00    0.00   37.00     6   2561.00      0.00 1093088  174200   2.27  fastlio_mapping
16时29分58秒  1000         -     31103    7.00    1.00    0.00    0.00    8.00     6   2561.00      0.00 1093088  174200   2.27  |__fastlio_mapping
16时29分58秒  1000         -     31105    1.00    1.00    0.00    0.00    2.00    15      0.00      0.00 1093088  174200   2.27  |__fastlio_mapping
16时29分58秒  1000         -     31106    0.00    0.00    0.00    0.00    0.00    11      0.00      0.00 1093088  174200   2.27  |__fastlio_mapping
16时29分58秒  1000         -     31107    0.00    0.00    0.00    0.00    0.00    15      0.00      0.00 1093088  174200   2.27  |__fastlio_mapping
16时29分58秒  1000         -     31108    0.00    0.00    0.00    0.00    0.00    14      0.00      0.00 1093088  174200   2.27  |__fastlio_mapping
16时29分58秒  1000         -     31109    1.00    0.00    0.00    0.00    1.00    14      0.00      0.00 1093088  174200   2.27  |__fastlio_mapping
16时29分58秒  1000         -     31110    0.00    0.00    0.00    0.00    0.00     8      0.00      0.00 1093088  174200   2.27  |__fastlio_mapping
16时29分58秒  1000         -     31111    0.00    0.00    0.00    0.00    0.00    12      0.00      0.00 1093088  174200   2.27  |__fastlio_mapping
16时29分58秒  1000         -     31112    0.00    0.00    0.00    0.00    0.00    14      0.00      0.00 1093088  174200   2.27  |__fastlio_mapping
16时29分58秒  1000         -     31113    0.00    0.00    0.00    0.00    0.00     8      0.00      0.00 1093088  174200   2.27  |__fastlio_mapping
16时29分58秒  1000         -     31114    0.00    0.00    0.00    0.00    0.00    14      0.00      0.00 1093088  174200   2.27  |__fastlio_mapping
16时29分58秒  1000         -     31115    0.00    0.00    0.00    0.00    0.00    12      0.00      0.00 1093088  174200   2.27  |__fastlio_mapping
16时29分58秒  1000         -     31116    0.00    0.00    0.00    0.00    0.00    11      0.00      0.00 1093088  174200   2.27  |__fastlio_mapping
16时29分58秒  1000         -     31117    1.00    0.00    0.00    0.00    1.00    12      0.00      0.00 1093088  174200   2.27  |__fastlio_mapping
16时29分58秒  1000         -     31118   13.00    0.00    0.00    0.00   13.00     3      0.00      0.00 1093088  174200   2.27  |__fastlio_mapping
16时29分58秒  1000         -     31119   13.00    0.00    0.00    0.00   13.00     5      0.00      0.00 1093088  174200   2.27  |__fastlio_mapping

# Time        UID      TGID       TID    %usr %system  %guest   %wait    %CPU   CPU  minflt/s  majflt/s     VSZ     RSS   %MEM  Command
16时29分59秒  1000     31103         -   35.00    2.00    0.00    0.00   37.00     8   2678.00      0.00 1093552  174908   2.28  fastlio_mapping
16时29分59秒  1000         -     31103    7.00    0.00    0.00    0.00    7.00     8   2678.00      0.00 1093552  174908   2.28  |__fastlio_mapping
16时29分59秒  1000         -     31105    1.00    1.00    0.00    0.00    2.00    10      0.00      0.00 1093552  174908   2.28  |__fastlio_mapping
16时29分59秒  1000         -     31106    0.00    0.00    0.00    0.00    0.00    11      0.00      0.00 1093552  174908   2.28  |__fastlio_mapping
16时29分59秒  1000         -     31107    0.00    0.00    0.00    0.00    0.00    15      0.00      0.00 1093552  174908   2.28  |__fastlio_mapping
16时29分59秒  1000         -     31108    0.00    0.00    0.00    0.00    0.00    15      0.00      0.00 1093552  174908   2.28  |__fastlio_mapping
16时29分59秒  1000         -     31109    0.00    0.00    0.00    0.00    0.00     8      0.00      0.00 1093552  174908   2.28  |__fastlio_mapping
16时29分59秒  1000         -     31110    0.00    0.00    0.00    0.00    0.00     8      0.00      0.00 1093552  174908   2.28  |__fastlio_mapping
16时29分59秒  1000         -     31111    0.00    0.00    0.00    0.00    0.00    10      0.00      0.00 1093552  174908   2.28  |__fastlio_mapping
16时29分59秒  1000         -     31112    0.00    0.00    0.00    0.00    0.00     8      0.00      0.00 1093552  174908   2.28  |__fastlio_mapping
16时29分59秒  1000         -     31113    0.00    0.00    0.00    0.00    0.00     8      0.00      0.00 1093552  174908   2.28  |__fastlio_mapping
16时29分59秒  1000         -     31114    1.00    0.00    0.00    0.00    1.00    10      0.00      0.00 1093552  174908   2.28  |__fastlio_mapping
16时29分59秒  1000         -     31115    0.00    0.00    0.00    0.00    0.00    12      0.00      0.00 1093552  174908   2.28  |__fastlio_mapping
16时29分59秒  1000         -     31116    0.00    0.00    0.00    0.00    0.00    11      0.00      0.00 1093552  174908   2.28  |__fastlio_mapping
16时29分59秒  1000         -     31117    0.00    0.00    0.00    0.00    0.00    11      0.00      0.00 1093552  174908   2.28  |__fastlio_mapping
16时29分59秒  1000         -     31118   13.00    0.00    0.00    0.00   13.00     3      0.00      0.00 1093552  174908   2.28  |__fastlio_mapping
16时29分59秒  1000         -     31119   12.00    0.00    0.00    0.00   12.00     5      0.00      0.00 1093552  174908   2.28  |__fastlio_mapping

# Time        UID      TGID       TID    %usr %system  %guest   %wait    %CPU   CPU  minflt/s  majflt/s     VSZ     RSS   %MEM  Command
16时30分00秒  1000     31103         -   34.00    3.00    0.00    0.00   37.00    14   2678.00      0.00 1093784  175476   2.29  fastlio_mapping
16时30分00秒  1000         -     31103    7.00    1.00    0.00    0.00    8.00    14   2678.00      0.00 1093784  175476   2.29  |__fastlio_mapping
16时30分00秒  1000         -     31105    1.00    2.00    0.00    0.00    3.00     9      0.00      0.00 1093784  175476   2.29  |__fastlio_mapping
16时30分00秒  1000         -     31106    0.00    0.00    0.00    0.00    0.00    11      0.00      0.00 1093784  175476   2.29  |__fastlio_mapping
16时30分00秒  1000         -     31107    0.00    0.00    0.00    0.00    0.00    15      0.00      0.00 1093784  175476   2.29  |__fastlio_mapping
16时30分00秒  1000         -     31108    0.00    0.00    0.00    0.00    0.00    15      0.00      0.00 1093784  175476   2.29  |__fastlio_mapping
16时30分00秒  1000         -     31109    0.00    0.00    0.00    0.00    0.00     4      0.00      0.00 1093784  175476   2.29  |__fastlio_mapping
16时30分00秒  1000         -     31110    0.00    0.00    0.00    0.00    0.00     8      0.00      0.00 1093784  175476   2.29  |__fastlio_mapping
16时30分00秒  1000         -     31111    0.00    0.00    0.00    0.00    0.00    10      0.00      0.00 1093784  175476   2.29  |__fastlio_mapping
16时30分00秒  1000         -     31112    0.00    0.00    0.00    0.00    0.00     8      0.00      0.00 1093784  175476   2.29  |__fastlio_mapping
16时30分00秒  1000         -     31113    0.00    0.00    0.00    0.00    0.00     8      0.00      0.00 1093784  175476   2.29  |__fastlio_mapping
16时30分00秒  1000         -     31114    1.00    1.00    0.00    0.00    2.00    13      0.00      0.00 1093784  175476   2.29  |__fastlio_mapping
16时30分00秒  1000         -     31115    0.00    0.00    0.00    0.00    0.00    12      0.00      0.00 1093784  175476   2.29  |__fastlio_mapping
16时30分00秒  1000         -     31116    0.00    0.00    0.00    0.00    0.00    11      0.00      0.00 1093784  175476   2.29  |__fastlio_mapping
16时30分00秒  1000         -     31117    0.00    0.00    0.00    0.00    0.00    12      0.00      0.00 1093784  175476   2.29  |__fastlio_mapping
16时30分00秒  1000         -     31118   13.00    0.00    0.00    0.00   13.00     3      0.00      0.00 1093784  175476   2.29  |__fastlio_mapping
16时30分00秒  1000         -     31119   13.00    0.00    0.00    0.00   13.00     5      0.00      0.00 1093784  175476   2.29  |__fastlio_mapping

# Time        UID      TGID       TID    %usr %system  %guest   %wait    %CPU   CPU  minflt/s  majflt/s     VSZ     RSS   %MEM  Command
16时30分01秒  1000     31103         -   35.00    3.00    0.00    0.00   38.00     8   2736.00      0.00 1094016  175940   2.29  fastlio_mapping
16时30分01秒  1000         -     31103    7.00    1.00    0.00    0.00    8.00     8   2736.00      0.00 1094016  175940   2.29  |__fastlio_mapping
16时30分01秒  1000         -     31105    1.00    1.00    0.00    0.00    2.00    14      0.00      0.00 1094016  175940   2.29  |__fastlio_mapping
16时30分01秒  1000         -     31106    0.00    0.00    0.00    0.00    0.00    11      0.00      0.00 1094016  175940   2.29  |__fastlio_mapping
16时30分01秒  1000         -     31107    0.00    0.00    0.00    0.00    0.00    15      0.00      0.00 1094016  175940   2.29  |__fastlio_mapping
16时30分01秒  1000         -     31108    0.00    0.00    0.00    0.00    0.00    15      0.00      0.00 1094016  175940   2.29  |__fastlio_mapping
16时30分01秒  1000         -     31109    0.00    0.00    0.00    0.00    0.00    14      0.00      0.00 1094016  175940   2.29  |__fastlio_mapping
16时30分01秒  1000         -     31110    0.00    0.00    0.00    0.00    0.00     8      0.00      0.00 1094016  175940   2.29  |__fastlio_mapping
16时30分01秒  1000         -     31111    0.00    0.00    0.00    0.00    0.00    12      0.00      0.00 1094016  175940   2.29  |__fastlio_mapping
16时30分01秒  1000         -     31112    0.00    0.00    0.00    0.00    0.00    14      0.00      0.00 1094016  175940   2.29  |__fastlio_mapping
16时30分01秒  1000         -     31113    0.00    0.00    0.00    0.00    0.00     8      0.00      0.00 1094016  175940   2.29  |__fastlio_mapping
16时30分01秒  1000         -     31114    0.00    0.00    0.00    0.00    0.00     9      0.00      0.00 1094016  175940   2.29  |__fastlio_mapping
16时30分01秒  1000         -     31115    0.00    0.00    0.00    0.00    0.00    12      0.00      0.00 1094016  175940   2.29  |__fastlio_mapping
16时30分01秒  1000         -     31116    0.00    0.00    0.00    0.00    0.00    11      0.00      0.00 1094016  175940   2.29  |__fastlio_mapping
16时30分01秒  1000         -     31117    1.00    1.00    0.00    0.00    2.00     1      0.00      0.00 1094016  175940   2.29  |__fastlio_mapping
16时30分01秒  1000         -     31118   12.00    0.00    0.00    0.00   12.00     3      0.00      0.00 1094016  175940   2.29  |__fastlio_mapping
16时30分01秒  1000         -     31119   13.00    0.00    0.00    0.00   13.00     5      0.00      0.00 1094016  175940   2.29  |__fastlio_mapping

# Time        UID      TGID       TID    %usr %system  %guest   %wait    %CPU   CPU  minflt/s  majflt/s     VSZ     RSS   %MEM  Command
16时30分02秒  1000     31103         -   35.00    1.00    0.00    0.00   36.00    11   2797.00      0.00 1094252  176412   2.30  fastlio_mapping
16时30分02秒  1000         -     31103    8.00    0.00    0.00    0.00    8.00    11   2797.00      0.00 1094252  176412   2.30  |__fastlio_mapping
16时30分02秒  1000         -     31105    1.00    1.00    0.00    0.00    2.00    10      0.00      0.00 1094252  176412   2.30  |__fastlio_mapping
16时30分02秒  1000         -     31106    0.00    0.00    0.00    0.00    0.00    11      0.00      0.00 1094252  176412   2.30  |__fastlio_mapping
16时30分02秒  1000         -     31107    0.00    0.00    0.00    0.00    0.00    15      0.00      0.00 1094252  176412   2.30  |__fastlio_mapping
16时30分02秒  1000         -     31108    0.00    0.00    0.00    0.00    0.00    15      0.00      0.00 1094252  176412   2.30  |__fastlio_mapping
16时30分02秒  1000         -     31109    0.00    0.00    0.00    0.00    0.00     9      0.00      0.00 1094252  176412   2.30  |__fastlio_mapping
16时30分02秒  1000         -     31110    0.00    0.00    0.00    0.00    0.00     8      0.00      0.00 1094252  176412   2.30  |__fastlio_mapping
16时30分02秒  1000         -     31111    0.00    0.00    0.00    0.00    0.00    11      0.00      0.00 1094252  176412   2.30  |__fastlio_mapping
16时30分02秒  1000         -     31112    0.00    0.00    0.00    0.00    0.00     9      0.00      0.00 1094252  176412   2.30  |__fastlio_mapping
16时30分02秒  1000         -     31113    0.00    0.00    0.00    0.00    0.00     8      0.00      0.00 1094252  176412   2.30  |__fastlio_mapping
16时30分02秒  1000         -     31114    1.00    0.00    0.00    0.00    1.00    15      0.00      0.00 1094252  176412   2.30  |__fastlio_mapping
16时30分02秒  1000         -     31115    0.00    0.00    0.00    0.00    0.00    12      0.00      0.00 1094252  176412   2.30  |__fastlio_mapping
16时30分02秒  1000         -     31116    0.00    0.00    0.00    0.00    0.00    11      0.00      0.00 1094252  176412   2.30  |__fastlio_mapping
16时30分02秒  1000         -     31117    0.00    0.00    0.00    0.00    0.00     6      0.00      0.00 1094252  176412   2.30  |__fastlio_mapping
16时30分02秒  1000         -     31118   13.00    0.00    0.00    0.00   13.00     3      0.00      0.00 1094252  176412   2.30  |__fastlio_mapping
16时30分02秒  1000         -     31119   12.00    0.00    0.00    0.00   12.00     5      0.00      0.00 1094252  176412   2.30  |__fastlio_mapping

# Time        UID      TGID       TID    %usr %system  %guest   %wait    %CPU   CPU  minflt/s  majflt/s     VSZ     RSS   %MEM  Command
16时30分03秒  1000     31103         -   34.00    2.00    0.00    0.00   36.00     6   2856.00      0.00 1094488  176884   2.31  fastlio_mapping
16时30分03秒  1000         -     31103    6.00    1.00    0.00    0.00    7.00     6   2856.00      0.00 1094488  176884   2.31  |__fastlio_mapping
16时30分03秒  1000         -     31105    1.00    1.00    0.00    0.00    2.00    15      0.00      0.00 1094488  176884   2.31  |__fastlio_mapping
16时30分03秒  1000         -     31106    0.00    0.00    0.00    0.00    0.00    11      0.00      0.00 1094488  176884   2.31  |__fastlio_mapping
16时30分03秒  1000         -     31107    0.00    0.00    0.00    0.00    0.00    15      0.00      0.00 1094488  176884   2.31  |__fastlio_mapping
16时30分03秒  1000         -     31108    0.00    0.00    0.00    0.00    0.00    15      0.00      0.00 1094488  176884   2.31  |__fastlio_mapping
16时30分03秒  1000         -     31109    0.00    0.00    0.00    0.00    0.00     8      0.00      0.00 1094488  176884   2.31  |__fastlio_mapping
16时30分03秒  1000         -     31110    0.00    0.00    0.00    0.00    0.00     8      0.00      0.00 1094488  176884   2.31  |__fastlio_mapping
16时30分03秒  1000         -     31111    0.00    0.00    0.00    0.00    0.00    11      0.00      0.00 1094488  176884   2.31  |__fastlio_mapping
16时30分03秒  1000         -     31112    0.00    0.00    0.00    0.00    0.00     9      0.00      0.00 1094488  176884   2.31  |__fastlio_mapping
16时30分03秒  1000         -     31113    0.00    0.00    0.00    0.00    0.00     8      0.00      0.00 1094488  176884   2.31  |__fastlio_mapping
16时30分03秒  1000         -     31114    1.00    0.00    0.00    0.00    1.00    13      0.00      0.00 1094488  176884   2.31  |__fastlio_mapping
16时30分03秒  1000         -     31115    0.00    0.00    0.00    0.00    0.00    12      0.00      0.00 1094488  176884   2.31  |__fastlio_mapping
16时30分03秒  1000         -     31116    0.00    0.00    0.00    0.00    0.00    11      0.00      0.00 1094488  176884   2.31  |__fastlio_mapping
16时30分03秒  1000         -     31117    1.00    0.00    0.00    0.00    1.00    14      0.00      0.00 1094488  176884   2.31  |__fastlio_mapping
16时30分03秒  1000         -     31118   12.00    0.00    0.00    0.00   12.00     3      0.00      0.00 1094488  176884   2.31  |__fastlio_mapping
16时30分03秒  1000         -     31119   13.00    0.00    0.00    0.00   13.00     4      0.00      0.00 1094488  176884   2.31  |__fastlio_mapping

# Time        UID      TGID       TID    %usr %system  %guest   %wait    %CPU   CPU  minflt/s  majflt/s     VSZ     RSS   %MEM  Command
16时30分04秒  1000     31103         -   35.00    3.00    0.00    0.00   38.00     9   2913.00      0.00 1094724  177368   2.31  fastlio_mapping
16时30分04秒  1000         -     31103    7.00    1.00    0.00    0.00    8.00     9   2913.00      0.00 1094724  177368   2.31  |__fastlio_mapping
16时30分04秒  1000         -     31105    1.00    2.00    0.00    0.00    3.00    11      0.00      0.00 1094724  177368   2.31  |__fastlio_mapping
16时30分04秒  1000         -     31106    0.00    0.00    0.00    0.00    0.00    11      0.00      0.00 1094724  177368   2.31  |__fastlio_mapping
16时30分04秒  1000         -     31107    0.00    0.00    0.00    0.00    0.00    15      0.00      0.00 1094724  177368   2.31  |__fastlio_mapping
16时30分04秒  1000         -     31108    0.00    0.00    0.00    0.00    0.00    15      0.00      0.00 1094724  177368   2.31  |__fastlio_mapping
16时30分04秒  1000         -     31109    1.00    0.00    0.00    0.00    1.00    15      0.00      0.00 1094724  177368   2.31  |__fastlio_mapping
16时30分04秒  1000         -     31110    0.00    0.00    0.00    0.00    0.00     8      0.00      0.00 1094724  177368   2.31  |__fastlio_mapping
16时30分04秒  1000         -     31111    0.00    0.00    0.00    0.00    0.00     0      0.00      0.00 1094724  177368   2.31  |__fastlio_mapping
16时30分04秒  1000         -     31112    0.00    0.00    0.00    0.00    0.00    13      0.00      0.00 1094724  177368   2.31  |__fastlio_mapping
16时30分04秒  1000         -     31113    0.00    0.00    0.00    0.00    0.00     8      0.00      0.00 1094724  177368   2.31  |__fastlio_mapping
16时30分04秒  1000         -     31114    0.00    1.00    0.00    0.00    1.00    10      0.00      0.00 1094724  177368   2.31  |__fastlio_mapping
16时30分04秒  1000         -     31115    0.00    0.00    0.00    0.00    0.00    12      0.00      0.00 1094724  177368   2.31  |__fastlio_mapping
16时30分04秒  1000         -     31116    0.00    0.00    0.00    0.00    0.00    11      0.00      0.00 1094724  177368   2.31  |__fastlio_mapping
16时30分04秒  1000         -     31117    0.00    0.00    0.00    0.00    0.00    15      0.00      0.00 1094724  177368   2.31  |__fastlio_mapping
16时30分04秒  1000         -     31118   13.00    0.00    0.00    0.00   13.00     3      0.00      0.00 1094724  177368   2.31  |__fastlio_mapping
16时30分04秒  1000         -     31119   12.00    0.00    0.00    0.00   12.00     4      0.00      0.00 1094724  177368   2.31  |__fastlio_mapping

# Time        UID      TGID       TID    %usr %system  %guest   %wait    %CPU   CPU  minflt/s  majflt/s     VSZ     RSS   %MEM  Command
16时30分05秒  1000     31103         -   36.00    2.00    0.00    0.00   38.00     0   2973.00      0.00 1094956  177844   2.32  fastlio_mapping
16时30分05秒  1000         -     31103    8.00    1.00    0.00    0.00    9.00     0   2973.00      0.00 1094956  177844   2.32  |__fastlio_mapping
16时30分05秒  1000         -     31105    1.00    1.00    0.00    0.00    2.00    10      0.00      0.00 1094956  177844   2.32  |__fastlio_mapping
16时30分05秒  1000         -     31106    0.00    0.00    0.00    0.00    0.00    11      0.00      0.00 1094956  177844   2.32  |__fastlio_mapping
16时30分05秒  1000         -     31107    0.00    0.00    0.00    0.00    0.00    15      0.00      0.00 1094956  177844   2.32  |__fastlio_mapping
16时30分05秒  1000         -     31108    0.00    0.00    0.00    0.00    0.00    15      0.00      0.00 1094956  177844   2.32  |__fastlio_mapping
16时30分05秒  1000         -     31109    0.00    0.00    0.00    0.00    0.00     9      0.00      0.00 1094956  177844   2.32  |__fastlio_mapping
16时30分05秒  1000         -     31110    0.00    0.00    0.00    0.00    0.00     8      0.00      0.00 1094956  177844   2.32  |__fastlio_mapping
16时30分05秒  1000         -     31111    0.00    0.00    0.00    0.00    0.00     0      0.00      0.00 1094956  177844   2.32  |__fastlio_mapping
16时30分05秒  1000         -     31112    0.00    0.00    0.00    0.00    0.00     9      0.00      0.00 1094956  177844   2.32  |__fastlio_mapping
16时30分05秒  1000         -     31113    0.00    0.00    0.00    0.00    0.00     8      0.00      0.00 1094956  177844   2.32  |__fastlio_mapping
16时30分05秒  1000         -     31114    1.00    0.00    0.00    0.00    1.00    15      0.00      0.00 1094956  177844   2.32  |__fastlio_mapping
16时30分05秒  1000         -     31115    0.00    0.00    0.00    0.00    0.00    12      0.00      0.00 1094956  177844   2.32  |__fastlio_mapping
16时30分05秒  1000         -     31116    0.00    0.00    0.00    0.00    0.00    11      0.00      0.00 1094956  177844   2.32  |__fastlio_mapping
16时30分05秒  1000         -     31117    0.00    1.00    0.00    0.00    1.00     8      0.00      0.00 1094956  177844   2.32  |__fastlio_mapping
16时30分05秒  1000         -     31118   13.00    0.00    0.00    0.00   13.00     3      0.00      0.00 1094956  177844   2.32  |__fastlio_mapping
16时30分05秒  1000         -     31119   13.00    0.00    0.00    0.00   13.00     4      0.00      0.00 1094956  177844   2.32  |__fastlio_mapping

# Time        UID      TGID       TID    %usr %system  %guest   %wait    %CPU   CPU  minflt/s  majflt/s     VSZ     RSS   %MEM  Command
16时30分06秒  1000     31103         -   34.00    2.00    0.00    0.00   36.00     4   3030.00      0.00 1095188  178308   2.32  fastlio_mapping
16时30分06秒  1000         -     31103    6.00    0.00    0.00    0.00    6.00     4   3030.00      0.00 1095188  178308   2.32  |__fastlio_mapping
16时30分06秒  1000         -     31105    1.00    1.00    0.00    0.00    2.00    12      0.00      0.00 1095188  178308   2.32  |__fastlio_mapping
16时30分06秒  1000         -     31106    0.00    0.00    0.00    0.00    0.00    11      0.00      0.00 1095188  178308   2.32  |__fastlio_mapping
16时30分06秒  1000         -     31107    0.00    0.00    0.00    0.00    0.00    15      0.00      0.00 1095188  178308   2.32  |__fastlio_mapping
16时30分06秒  1000         -     31108    0.00    0.00    0.00    0.00    0.00    15      0.00      0.00 1095188  178308   2.32  |__fastlio_mapping
16时30分06秒  1000         -     31109    0.00    0.00    0.00    0.00    0.00     6      0.00      0.00 1095188  178308   2.32  |__fastlio_mapping
16时30分06秒  1000         -     31110    0.00    0.00    0.00    0.00    0.00     8      0.00      0.00 1095188  178308   2.32  |__fastlio_mapping
16时30分06秒  1000         -     31111    0.00    0.00    0.00    0.00    0.00     0      0.00      0.00 1095188  178308   2.32  |__fastlio_mapping
16时30分06秒  1000         -     31112    0.00    0.00    0.00    0.00    0.00     9      0.00      0.00 1095188  178308   2.32  |__fastlio_mapping
16时30分06秒  1000         -     31113    0.00    0.00    0.00    0.00    0.00     8      0.00      0.00 1095188  178308   2.32  |__fastlio_mapping
16时30分06秒  1000         -     31114    1.00    0.00    0.00    0.00    1.00    10      0.00      0.00 1095188  178308   2.32  |__fastlio_mapping
16时30分06秒  1000         -     31115    0.00    0.00    0.00    0.00    0.00    12      0.00      0.00 1095188  178308   2.32  |__fastlio_mapping
16时30分06秒  1000         -     31116    0.00    0.00    0.00    0.00    0.00    11      0.00      0.00 1095188  178308   2.32  |__fastlio_mapping
16时30分06秒  1000         -     31117    1.00    0.00    0.00    0.00    1.00    11      0.00      0.00 1095188  178308   2.32  |__fastlio_mapping
16时30分06秒  1000         -     31118   13.00    0.00    0.00    0.00   13.00     3      0.00      0.00 1095188  178308   2.32  |__fastlio_mapping
16时30分06秒  1000         -     31119   13.00    0.00    0.00    0.00   13.00     7      0.00      0.00 1095188  178308   2.32  |__fastlio_mapping

# Time        UID      TGID       TID    %usr %system  %guest   %wait    %CPU   CPU  minflt/s  majflt/s     VSZ     RSS   %MEM  Command
16时30分07秒  1000     31103         -   35.00    2.00    0.00    0.00   37.00    12   3088.00      0.00 1095424  178776   2.33  fastlio_mapping
16时30分07秒  1000         -     31103    7.00    1.00    0.00    0.00    8.00    12   3088.00      0.00 1095424  178776   2.33  |__fastlio_mapping
16时30分07秒  1000         -     31105    2.00    1.00    0.00    0.00    3.00     9      0.00      0.00 1095424  178776   2.33  |__fastlio_mapping
16时30分07秒  1000         -     31106    0.00    0.00    0.00    0.00    0.00    11      0.00      0.00 1095424  178776   2.33  |__fastlio_mapping
16时30分07秒  1000         -     31107    0.00    0.00    0.00    0.00    0.00    15      0.00      0.00 1095424  178776   2.33  |__fastlio_mapping
16时30分07秒  1000         -     31108    0.00    0.00    0.00    0.00    0.00    15      0.00      0.00 1095424  178776   2.33  |__fastlio_mapping
16时30分07秒  1000         -     31109    0.00    0.00    0.00    0.00    0.00    12      0.00      0.00 1095424  178776   2.33  |__fastlio_mapping
16时30分07秒  1000         -     31110    0.00    0.00    0.00    0.00    0.00     8      0.00      0.00 1095424  178776   2.33  |__fastlio_mapping
16时30分07秒  1000         -     31111    0.00    0.00    0.00    0.00    0.00    12      0.00      0.00 1095424  178776   2.33  |__fastlio_mapping
16时30分07秒  1000         -     31112    0.00    0.00    0.00    0.00    0.00    14      0.00      0.00 1095424  178776   2.33  |__fastlio_mapping
16时30分07秒  1000         -     31113    0.00    0.00    0.00    0.00    0.00     8      0.00      0.00 1095424  178776   2.33  |__fastlio_mapping
16时30分07秒  1000         -     31114    0.00    0.00    0.00    0.00    0.00    13      0.00      0.00 1095424  178776   2.33  |__fastlio_mapping
16时30分07秒  1000         -     31115    0.00    0.00    0.00    0.00    0.00    12      0.00      0.00 1095424  178776   2.33  |__fastlio_mapping
16时30分07秒  1000         -     31116    0.00    0.00    0.00    0.00    0.00    11      0.00      0.00 1095424  178776   2.33  |__fastlio_mapping
16时30分07秒  1000         -     31117    0.00    0.00    0.00    0.00    0.00    15      0.00      0.00 1095424  178776   2.33  |__fastlio_mapping
16时30分07秒  1000         -     31118   12.00    0.00    0.00    0.00   12.00     3      0.00      0.00 1095424  178776   2.33  |__fastlio_mapping
16时30分07秒  1000         -     31119   13.00    0.00    0.00    0.00   13.00     7      0.00      0.00 1095424  178776   2.33  |__fastlio_mapping

# Time        UID      TGID       TID    %usr %system  %guest   %wait    %CPU   CPU  minflt/s  majflt/s     VSZ     RSS   %MEM  Command
16时30分08秒  1000     31103         -   36.00    2.00    0.00    0.00   38.00     8   3144.00      0.00 1095652  179292   2.34  fastlio_mapping
16时30分08秒  1000         -     31103    8.00    0.00    0.00    0.00    8.00     8   3144.00      0.00 1095652  179292   2.34  |__fastlio_mapping
16时30分08秒  1000         -     31105    1.00    1.00    0.00    0.00    2.00    15      0.00      0.00 1095652  179292   2.34  |__fastlio_mapping
16时30分08秒  1000         -     31106    0.00    0.00    0.00    0.00    0.00    11      0.00      0.00 1095652  179292   2.34  |__fastlio_mapping
16时30分08秒  1000         -     31107    0.00    0.00    0.00    0.00    0.00    15      0.00      0.00 1095652  179292   2.34  |__fastlio_mapping
16时30分08秒  1000         -     31108    0.00    0.00    0.00    0.00    0.00    15      0.00      0.00 1095652  179292   2.34  |__fastlio_mapping
16时30分08秒  1000         -     31109    0.00    0.00    0.00    0.00    0.00    14      0.00      0.00 1095652  179292   2.34  |__fastlio_mapping
16时30分08秒  1000         -     31110    0.00    0.00    0.00    0.00    0.00     8      0.00      0.00 1095652  179292   2.34  |__fastlio_mapping
16时30分08秒  1000         -     31111    0.00    0.00    0.00    0.00    0.00    11      0.00      0.00 1095652  179292   2.34  |__fastlio_mapping
16时30分08秒  1000         -     31112    0.00    0.00    0.00    0.00    0.00     9      0.00      0.00 1095652  179292   2.34  |__fastlio_mapping
16时30分08秒  1000         -     31113    0.00    0.00    0.00    0.00    0.00     8      0.00      0.00 1095652  179292   2.34  |__fastlio_mapping
16时30分08秒  1000         -     31114    1.00    0.00    0.00    0.00    1.00     2      0.00      0.00 1095652  179292   2.34  |__fastlio_mapping
16时30分08秒  1000         -     31115    0.00    0.00    0.00    0.00    0.00    12      0.00      0.00 1095652  179292   2.34  |__fastlio_mapping
16时30分08秒  1000         -     31116    0.00    0.00    0.00    0.00    0.00    11      0.00      0.00 1095652  179292   2.34  |__fastlio_mapping
16时30分08秒  1000         -     31117    1.00    0.00    0.00    0.00    1.00     9      0.00      0.00 1095652  179292   2.34  |__fastlio_mapping
16时30分08秒  1000         -     31118   13.00    0.00    0.00    0.00   13.00     3      0.00      0.00 1095652  179292   2.34  |__fastlio_mapping
16时30分08秒  1000         -     31119   12.00    0.00    0.00    0.00   12.00     7      0.00      0.00 1095652  179292   2.34  |__fastlio_mapping

# Time        UID      TGID       TID    %usr %system  %guest   %wait    %CPU   CPU  minflt/s  majflt/s     VSZ     RSS   %MEM  Command
16时30分09秒  1000     31103         -   35.00    2.00    0.00    0.00   37.00     0   3203.00      0.00 1095884  179800   2.34  fastlio_mapping
16时30分09秒  1000         -     31103    8.00    1.00    0.00    0.00    9.00     0   3203.00      0.00 1095884  179800   2.34  |__fastlio_mapping
16时30分09秒  1000         -     31105    1.00    2.00    0.00    0.00    3.00    14      0.00      0.00 1095884  179800   2.34  |__fastlio_mapping
16时30分09秒  1000         -     31106    0.00    0.00    0.00    0.00    0.00    11      0.00      0.00 1095884  179800   2.34  |__fastlio_mapping
16时30分09秒  1000         -     31107    0.00    0.00    0.00    0.00    0.00    15      0.00      0.00 1095884  179800   2.34  |__fastlio_mapping
16时30分09秒  1000         -     31108    0.00    0.00    0.00    0.00    0.00    15      0.00      0.00 1095884  179800   2.34  |__fastlio_mapping
16时30分09秒  1000         -     31109    0.00    0.00    0.00    0.00    0.00    10      0.00      0.00 1095884  179800   2.34  |__fastlio_mapping
16时30分09秒  1000         -     31110    0.00    0.00    0.00    0.00    0.00     8      0.00      0.00 1095884  179800   2.34  |__fastlio_mapping
16时30分09秒  1000         -     31111    0.00    0.00    0.00    0.00    0.00    11      0.00      0.00 1095884  179800   2.34  |__fastlio_mapping
16时30分09秒  1000         -     31112    0.00    0.00    0.00    0.00    0.00     9      0.00      0.00 1095884  179800   2.34  |__fastlio_mapping
16时30分09秒  1000         -     31113    0.00    0.00    0.00    0.00    0.00     8      0.00      0.00 1095884  179800   2.34  |__fastlio_mapping
16时30分09秒  1000         -     31114    0.00    0.00    0.00    0.00    0.00    14      0.00      0.00 1095884  179800   2.34  |__fastlio_mapping
16时30分09秒  1000         -     31115    0.00    0.00    0.00    0.00    0.00    12      0.00      0.00 1095884  179800   2.34  |__fastlio_mapping
16时30分09秒  1000         -     31116    0.00    0.00    0.00    0.00    0.00    11      0.00      0.00 1095884  179800   2.34  |__fastlio_mapping
16时30分09秒  1000         -     31117    0.00    0.00    0.00    0.00    0.00     2      0.00      0.00 1095884  179800   2.34  |__fastlio_mapping
16时30分09秒  1000         -     31118   13.00    0.00    0.00    0.00   13.00     3      0.00      0.00 1095884  179800   2.34  |__fastlio_mapping
16时30分09秒  1000         -     31119   13.00    0.00    0.00    0.00   13.00     7      0.00      0.00 1095884  179800   2.34  |__fastlio_mapping

# Time        UID      TGID       TID    %usr %system  %guest   %wait    %CPU   CPU  minflt/s  majflt/s     VSZ     RSS   %MEM  Command
16时30分10秒  1000     31103         -   35.00    2.00    0.00    0.00   37.00     6   3264.00      0.00 1096120  180276   2.35  fastlio_mapping
16时30分10秒  1000         -     31103    7.00    0.00    0.00    0.00    7.00     6   3264.00      0.00 1096120  180276   2.35  |__fastlio_mapping
16时30分10秒  1000         -     31105    1.00    1.00    0.00    0.00    2.00    14      0.00      0.00 1096120  180276   2.35  |__fastlio_mapping
16时30分10秒  1000         -     31106    0.00    0.00    0.00    0.00    0.00    11      0.00      0.00 1096120  180276   2.35  |__fastlio_mapping
16时30分10秒  1000         -     31107    0.00    0.00    0.00    0.00    0.00    15      0.00      0.00 1096120  180276   2.35  |__fastlio_mapping
16时30分10秒  1000         -     31108    0.00    0.00    0.00    0.00    0.00    15      0.00      0.00 1096120  180276   2.35  |__fastlio_mapping
16时30分10秒  1000         -     31109    0.00    0.00    0.00    0.00    0.00     8      0.00      0.00 1096120  180276   2.35  |__fastlio_mapping
16时30分10秒  1000         -     31110    0.00    0.00    0.00    0.00    0.00     8      0.00      0.00 1096120  180276   2.35  |__fastlio_mapping
16时30分10秒  1000         -     31111    0.00    0.00    0.00    0.00    0.00    14      0.00      0.00 1096120  180276   2.35  |__fastlio_mapping
16时30分10秒  1000         -     31112    0.00    0.00    0.00    0.00    0.00    10      0.00      0.00 1096120  180276   2.35  |__fastlio_mapping
16时30分10秒  1000         -     31113    0.00    0.00    0.00    0.00    0.00     8      0.00      0.00 1096120  180276   2.35  |__fastlio_mapping
16时30分10秒  1000         -     31114    1.00    0.00    0.00    0.00    1.00     9      0.00      0.00 1096120  180276   2.35  |__fastlio_mapping
16时30分10秒  1000         -     31115    0.00    0.00    0.00    0.00    0.00    12      0.00      0.00 1096120  180276   2.35  |__fastlio_mapping
16时30分10秒  1000         -     31116    0.00    0.00    0.00    0.00    0.00    11      0.00      0.00 1096120  180276   2.35  |__fastlio_mapping
16时30分10秒  1000         -     31117    1.00    1.00    0.00    0.00    2.00     8      0.00      0.00 1096120  180276   2.35  |__fastlio_mapping
16时30分10秒  1000         -     31118   12.00    0.00    0.00    0.00   12.00     3      0.00      0.00 1096120  180276   2.35  |__fastlio_mapping
16时30分10秒  1000         -     31119   12.00    0.00    0.00    0.00   12.00     7      0.00      0.00 1096120  180276   2.35  |__fastlio_mapping

# Time        UID      TGID       TID    %usr %system  %guest   %wait    %CPU   CPU  minflt/s  majflt/s     VSZ     RSS   %MEM  Command
16时30分11秒  1000     31103         -   34.00    3.00    0.00    0.00   37.00    15   3323.00      0.00 1096356  180748   2.36  fastlio_mapping
16时30分11秒  1000         -     31103    7.00    1.00    0.00    0.00    8.00    15   3323.00      0.00 1096356  180748   2.36  |__fastlio_mapping
16时30分11秒  1000         -     31105    1.00    1.00    0.00    0.00    2.00     8      0.00      0.00 1096356  180748   2.36  |__fastlio_mapping
16时30分11秒  1000         -     31106    0.00    0.00    0.00    0.00    0.00    11      0.00      0.00 1096356  180748   2.36  |__fastlio_mapping
16时30分11秒  1000         -     31107    0.00    0.00    0.00    0.00    0.00    15      0.00      0.00 1096356  180748   2.36  |__fastlio_mapping
16时30分11秒  1000         -     31108    0.00    0.00    0.00    0.00    0.00    15      0.00      0.00 1096356  180748   2.36  |__fastlio_mapping
16时30分11秒  1000         -     31109    0.00    0.00    0.00    0.00    0.00     2      0.00      0.00 1096356  180748   2.36  |__fastlio_mapping
16时30分11秒  1000         -     31110    0.00    0.00    0.00    0.00    0.00     8      0.00      0.00 1096356  180748   2.36  |__fastlio_mapping
16时30分11秒  1000         -     31111    0.00    0.00    0.00    0.00    0.00     9      0.00      0.00 1096356  180748   2.36  |__fastlio_mapping
16时30分11秒  1000         -     31112    0.00    0.00    0.00    0.00    0.00     4      0.00      0.00 1096356  180748   2.36  |__fastlio_mapping
16时30分11秒  1000         -     31113    0.00    0.00    0.00    0.00    0.00     8      0.00      0.00 1096356  180748   2.36  |__fastlio_mapping
16时30分11秒  1000         -     31114    1.00    1.00    0.00    0.00    2.00    14      0.00      0.00 1096356  180748   2.36  |__fastlio_mapping
16时30分11秒  1000         -     31115    0.00    0.00    0.00    0.00    0.00    12      0.00      0.00 1096356  180748   2.36  |__fastlio_mapping
16时30分11秒  1000         -     31116    0.00    0.00    0.00    0.00    0.00    11      0.00      0.00 1096356  180748   2.36  |__fastlio_mapping
16时30分11秒  1000         -     31117    1.00    0.00    0.00    0.00    1.00     2      0.00      0.00 1096356  180748   2.36  |__fastlio_mapping
16时30分11秒  1000         -     31118   13.00    0.00    0.00    0.00   13.00     3      0.00      0.00 1096356  180748   2.36  |__fastlio_mapping
16时30分11秒  1000         -     31119   13.00    0.00    0.00    0.00   13.00     7      0.00      0.00 1096356  180748   2.36  |__fastlio_mapping

# Time        UID      TGID       TID    %usr %system  %guest   %wait    %CPU   CPU  minflt/s  majflt/s     VSZ     RSS   %MEM  Command
16时30分12秒  1000     31103         -   36.00    1.00    0.00    0.00   37.00    12   3379.00      0.00 1096588  181212   2.36  fastlio_mapping
16时30分12秒  1000         -     31103    7.00    1.00    0.00    0.00    8.00    12   3379.00      0.00 1096588  181212   2.36  |__fastlio_mapping
16时30分12秒  1000         -     31105    1.00    1.00    0.00    0.00    2.00     8      0.00      0.00 1096588  181212   2.36  |__fastlio_mapping
16时30分12秒  1000         -     31106    0.00    0.00    0.00    0.00    0.00    11      0.00      0.00 1096588  181212   2.36  |__fastlio_mapping
16时30分12秒  1000         -     31107    0.00    0.00    0.00    0.00    0.00    15      0.00      0.00 1096588  181212   2.36  |__fastlio_mapping
16时30分12秒  1000         -     31108    0.00    0.00    0.00    0.00    0.00    15      0.00      0.00 1096588  181212   2.36  |__fastlio_mapping
16时30分12秒  1000         -     31109    0.00    0.00    0.00    0.00    0.00     9      0.00      0.00 1096588  181212   2.36  |__fastlio_mapping
16时30分12秒  1000         -     31110    0.00    0.00    0.00    0.00    0.00     8      0.00      0.00 1096588  181212   2.36  |__fastlio_mapping
16时30分12秒  1000         -     31111    0.00    0.00    0.00    0.00    0.00     9      0.00      0.00 1096588  181212   2.36  |__fastlio_mapping
16时30分12秒  1000         -     31112    0.00    0.00    0.00    0.00    0.00     4      0.00      0.00 1096588  181212   2.36  |__fastlio_mapping
16时30分12秒  1000         -     31113    0.00    0.00    0.00    0.00    0.00     8      0.00      0.00 1096588  181212   2.36  |__fastlio_mapping
16时30分12秒  1000         -     31114    0.00    0.00    0.00    0.00    0.00    15      0.00      0.00 1096588  181212   2.36  |__fastlio_mapping
16时30分12秒  1000         -     31115    0.00    0.00    0.00    0.00    0.00    12      0.00      0.00 1096588  181212   2.36  |__fastlio_mapping
16时30分12秒  1000         -     31116    0.00    0.00    0.00    0.00    0.00    11      0.00      0.00 1096588  181212   2.36  |__fastlio_mapping
16时30分12秒  1000         -     31117    0.00    0.00    0.00    0.00    0.00     9      0.00      0.00 1096588  181212   2.36  |__fastlio_mapping
16时30分12秒  1000         -     31118   13.00    0.00    0.00    0.00   13.00     3      0.00      0.00 1096588  181212   2.36  |__fastlio_mapping
16时30分12秒  1000         -     31119   13.00    0.00    0.00    0.00   13.00     7      0.00      0.00 1096588  181212   2.36  |__fastlio_mapping

# Time        UID      TGID       TID    %usr %system  %guest   %wait    %CPU   CPU  minflt/s  majflt/s     VSZ     RSS   %MEM  Command
16时30分13秒  1000     31103         -   35.00    2.00    0.00    0.00   37.00    13   3437.00      0.00 1096820  181648   2.37  fastlio_mapping
16时30分13秒  1000         -     31103    7.00    1.00    0.00    0.00    8.00    13   3437.00      0.00 1096820  181648   2.37  |__fastlio_mapping
16时30分13秒  1000         -     31105    1.00    2.00    0.00    0.00    3.00    11      0.00      0.00 1096820  181648   2.37  |__fastlio_mapping
16时30分13秒  1000         -     31106    0.00    0.00    0.00    0.00    0.00    11      0.00      0.00 1096820  181648   2.37  |__fastlio_mapping
16时30分13秒  1000         -     31107    0.00    0.00    0.00    0.00    0.00    15      0.00      0.00 1096820  181648   2.37  |__fastlio_mapping
16时30分13秒  1000         -     31108    0.00    0.00    0.00    0.00    0.00    15      0.00      0.00 1096820  181648   2.37  |__fastlio_mapping
16时30分13秒  1000         -     31109    0.00    1.00    0.00    0.00    1.00    14      0.00      0.00 1096820  181648   2.37  |__fastlio_mapping
16时30分13秒  1000         -     31110    0.00    0.00    0.00    0.00    0.00     8      0.00      0.00 1096820  181648   2.37  |__fastlio_mapping
16时30分13秒  1000         -     31111    0.00    0.00    0.00    0.00    0.00     0      0.00      0.00 1096820  181648   2.37  |__fastlio_mapping
16时30分13秒  1000         -     31112    0.00    0.00    0.00    0.00    0.00    13      0.00      0.00 1096820  181648   2.37  |__fastlio_mapping
16时30分13秒  1000         -     31113    0.00    0.00    0.00    0.00    0.00     8      0.00      0.00 1096820  181648   2.37  |__fastlio_mapping
16时30分13秒  1000         -     31114    1.00    0.00    0.00    0.00    1.00    15      0.00      0.00 1096820  181648   2.37  |__fastlio_mapping
16时30分13秒  1000         -     31115    0.00    0.00    0.00    0.00    0.00    12      0.00      0.00 1096820  181648   2.37  |__fastlio_mapping
16时30分13秒  1000         -     31116    0.00    0.00    0.00    0.00    0.00    11      0.00      0.00 1096820  181648   2.37  |__fastlio_mapping
16时30分13秒  1000         -     31117    1.00    0.00    0.00    0.00    1.00    12      0.00      0.00 1096820  181648   2.37  |__fastlio_mapping
16时30分13秒  1000         -     31118   12.00    0.00    0.00    0.00   12.00     3      0.00      0.00 1096820  181648   2.37  |__fastlio_mapping
16时30分13秒  1000         -     31119   12.00    0.00    0.00    0.00   12.00     7      0.00      0.00 1096820  181648   2.37  |__fastlio_mapping

# Time        UID      TGID       TID    %usr %system  %guest   %wait    %CPU   CPU  minflt/s  majflt/s     VSZ     RSS   %MEM  Command
16时30分14秒  1000     31103         -   35.00    3.00    0.00    0.00   38.00     4   3498.00      0.00 1097056  182156   2.38  fastlio_mapping
16时30分14秒  1000         -     31103    7.00    0.00    0.00    0.00    7.00     4   3498.00      0.00 1097056  182156   2.38  |__fastlio_mapping
16时30分14秒  1000         -     31105    1.00    1.00    0.00    0.00    2.00    14      0.00      0.00 1097056  182156   2.38  |__fastlio_mapping
16时30分14秒  1000         -     31106    0.00    0.00    0.00    0.00    0.00    11      0.00      0.00 1097056  182156   2.38  |__fastlio_mapping
16时30分14秒  1000         -     31107    0.00    0.00    0.00    0.00    0.00    15      0.00      0.00 1097056  182156   2.38  |__fastlio_mapping
16时30分14秒  1000         -     31108    0.00    0.00    0.00    0.00    0.00    15      0.00      0.00 1097056  182156   2.38  |__fastlio_mapping
16时30分14秒  1000         -     31109    0.00    0.00    0.00    0.00    0.00    13      0.00      0.00 1097056  182156   2.38  |__fastlio_mapping
16时30分14秒  1000         -     31110    0.00    0.00    0.00    0.00    0.00     8      0.00      0.00 1097056  182156   2.38  |__fastlio_mapping
16时30分14秒  1000         -     31111    0.00    0.00    0.00    0.00    0.00     0      0.00      0.00 1097056  182156   2.38  |__fastlio_mapping
16时30分14秒  1000         -     31112    0.00    0.00    0.00    0.00    0.00     4      0.00      0.00 1097056  182156   2.38  |__fastlio_mapping
16时30分14秒  1000         -     31113    0.00    0.00    0.00    0.00    0.00     8      0.00      0.00 1097056  182156   2.38  |__fastlio_mapping
16时30分14秒  1000         -     31114    1.00    0.00    0.00    0.00    1.00     1      0.00      0.00 1097056  182156   2.38  |__fastlio_mapping
16时30分14秒  1000         -     31115    0.00    0.00    0.00    0.00    0.00    12      0.00      0.00 1097056  182156   2.38  |__fastlio_mapping
16时30分14秒  1000         -     31116    0.00    0.00    0.00    0.00    0.00    11      0.00      0.00 1097056  182156   2.38  |__fastlio_mapping
16时30分14秒  1000         -     31117    0.00    0.00    0.00    0.00    0.00    14      0.00      0.00 1097056  182156   2.38  |__fastlio_mapping
16时30分14秒  1000         -     31118   13.00    0.00    0.00    0.00   13.00     3      0.00      0.00 1097056  182156   2.38  |__fastlio_mapping
16时30分14秒  1000         -     31119   13.00    0.00    0.00    0.00   13.00     7      0.00      0.00 1097056  182156   2.38  |__fastlio_mapping

# Time        UID      TGID       TID    %usr %system  %guest   %wait    %CPU   CPU  minflt/s  majflt/s     VSZ     RSS   %MEM  Command
16时30分15秒  1000     31103         -   34.00    2.00    0.00    0.00   36.00    11   3554.00      0.00 1097288  182620   2.38  fastlio_mapping
16时30分15秒  1000         -     31103    6.00    1.00    0.00    0.00    7.00    11   3554.00      0.00 1097288  182620   2.38  |__fastlio_mapping
16时30分15秒  1000         -     31105    1.00    1.00    0.00    1.00    2.00     5      0.00      0.00 1097288  182620   2.38  |__fastlio_mapping
16时30分15秒  1000         -     31106    0.00    0.00    0.00    0.00    0.00    11      0.00      0.00 1097288  182620   2.38  |__fastlio_mapping
16时30分15秒  1000         -     31107    0.00    0.00    0.00    0.00    0.00    15      0.00      0.00 1097288  182620   2.38  |__fastlio_mapping
16时30分15秒  1000         -     31108    0.00    0.00    0.00    0.00    0.00    15      0.00      0.00 1097288  182620   2.38  |__fastlio_mapping
16时30分15秒  1000         -     31109    1.00    0.00    0.00    0.00    1.00    13      0.00      0.00 1097288  182620   2.38  |__fastlio_mapping
16时30分15秒  1000         -     31110    0.00    0.00    0.00    0.00    0.00     8      0.00      0.00 1097288  182620   2.38  |__fastlio_mapping
16时30分15秒  1000         -     31111    0.00    0.00    0.00    0.00    0.00     0      0.00      0.00 1097288  182620   2.38  |__fastlio_mapping
16时30分15秒  1000         -     31112    0.00    0.00    0.00    0.00    0.00     4      0.00      0.00 1097288  182620   2.38  |__fastlio_mapping
16时30分15秒  1000         -     31113    0.00    0.00    0.00    0.00    0.00     8      0.00      0.00 1097288  182620   2.38  |__fastlio_mapping
16时30分15秒  1000         -     31114    1.00    0.00    0.00    0.00    1.00    14      0.00      0.00 1097288  182620   2.38  |__fastlio_mapping
16时30分15秒  1000         -     31115    0.00    0.00    0.00    0.00    0.00    12      0.00      0.00 1097288  182620   2.38  |__fastlio_mapping
16时30分15秒  1000         -     31116    0.00    0.00    0.00    0.00    0.00    11      0.00      0.00 1097288  182620   2.38  |__fastlio_mapping
16时30分15秒  1000         -     31117    0.00    0.00    0.00    0.00    0.00     9      0.00      0.00 1097288  182620   2.38  |__fastlio_mapping
16时30分15秒  1000         -     31118   13.00    0.00    0.00    0.00   13.00     3      0.00      0.00 1097288  182620   2.38  |__fastlio_mapping
16时30分15秒  1000         -     31119   13.00    0.00    0.00    0.00   13.00     7      0.00      0.00 1097288  182620   2.38  |__fastlio_mapping

# Time        UID      TGID       TID    %usr %system  %guest   %wait    %CPU   CPU  minflt/s  majflt/s     VSZ     RSS   %MEM  Command
16时30分16秒  1000     31103         -   35.00    3.00    0.00    0.00   38.00     6   3615.00      0.00 1097524  183076   2.39  fastlio_mapping
16时30分16秒  1000         -     31103    8.00    1.00    0.00    0.00    9.00     6   3615.00      0.00 1097524  183076   2.39  |__fastlio_mapping
16时30分16秒  1000         -     31105    0.00    2.00    0.00    0.00    2.00     5      0.00      0.00 1097524  183076   2.39  |__fastlio_mapping
16时30分16秒  1000         -     31106    0.00    0.00    0.00    0.00    0.00    11      0.00      0.00 1097524  183076   2.39  |__fastlio_mapping
16时30分16秒  1000         -     31107    0.00    0.00    0.00    0.00    0.00    15      0.00      0.00 1097524  183076   2.39  |__fastlio_mapping
16时30分16秒  1000         -     31108    0.00    0.00    0.00    0.00    0.00    15      0.00      0.00 1097524  183076   2.39  |__fastlio_mapping
16时30分16秒  1000         -     31109    0.00    0.00    0.00    0.00    0.00    15      0.00      0.00 1097524  183076   2.39  |__fastlio_mapping
16时30分16秒  1000         -     31110    0.00    0.00    0.00    0.00    0.00     8      0.00      0.00 1097524  183076   2.39  |__fastlio_mapping
16时30分16秒  1000         -     31111    0.00    0.00    0.00    0.00    0.00    15      0.00      0.00 1097524  183076   2.39  |__fastlio_mapping
16时30分16秒  1000         -     31112    0.00    0.00    0.00    0.00    0.00    15      0.00      0.00 1097524  183076   2.39  |__fastlio_mapping
16时30分16秒  1000         -     31113    0.00    0.00    0.00    0.00    0.00     8      0.00      0.00 1097524  183076   2.39  |__fastlio_mapping
16时30分16秒  1000         -     31114    0.00    0.00    0.00    0.00    0.00     2      0.00      0.00 1097524  183076   2.39  |__fastlio_mapping
16时30分16秒  1000         -     31115    0.00    0.00    0.00    0.00    0.00    12      0.00      0.00 1097524  183076   2.39  |__fastlio_mapping
16时30分16秒  1000         -     31116    0.00    0.00    0.00    0.00    0.00    11      0.00      0.00 1097524  183076   2.39  |__fastlio_mapping
16时30分16秒  1000         -     31117    1.00    0.00    0.00    0.00    1.00    10      0.00      0.00 1097524  183076   2.39  |__fastlio_mapping
16时30分16秒  1000         -     31118   12.00    0.00    0.00    0.00   12.00     3      0.00      0.00 1097524  183076   2.39  |__fastlio_mapping
16时30分16秒  1000         -     31119   12.00    0.00    0.00    0.00   12.00     7      0.00      0.00 1097524  183076   2.39  |__fastlio_mapping

# Time        UID      TGID       TID    %usr %system  %guest   %wait    %CPU   CPU  minflt/s  majflt/s     VSZ     RSS   %MEM  Command
16时30分17秒  1000     31103         -   35.00    2.00    0.00    0.00   37.00    14   3671.00      0.00 1097756  183540   2.39  fastlio_mapping
16时30分17秒  1000         -     31103    7.00    1.00    0.00    0.00    8.00    14   3671.00      0.00 1097756  183540   2.39  |__fastlio_mapping
16时30分17秒  1000         -     31105    1.00    1.00    0.00    0.00    2.00    10      0.00      0.00 1097756  183540   2.39  |__fastlio_mapping
16时30分17秒  1000         -     31106    0.00    0.00    0.00    0.00    0.00    11      0.00      0.00 1097756  183540   2.39  |__fastlio_mapping
16时30分17秒  1000         -     31107    0.00    0.00    0.00    0.00    0.00    15      0.00      0.00 1097756  183540   2.39  |__fastlio_mapping
16时30分17秒  1000         -     31108    0.00    0.00    0.00    0.00    0.00    15      0.00      0.00 1097756  183540   2.39  |__fastlio_mapping
16时30分17秒  1000         -     31109    0.00    0.00    0.00    0.00    0.00     0      0.00      0.00 1097756  183540   2.39  |__fastlio_mapping
16时30分17秒  1000         -     31110    0.00    0.00    0.00    0.00    0.00     8      0.00      0.00 1097756  183540   2.39  |__fastlio_mapping
16时30分17秒  1000         -     31111    0.00    0.00    0.00    0.00    0.00    10      0.00      0.00 1097756  183540   2.39  |__fastlio_mapping
16时30分17秒  1000         -     31112    0.00    0.00    0.00    0.00    0.00     9      0.00      0.00 1097756  183540   2.39  |__fastlio_mapping
16时30分17秒  1000         -     31113    0.00    0.00    0.00    0.00    0.00     8      0.00      0.00 1097756  183540   2.39  |__fastlio_mapping
16时30分17秒  1000         -     31114    1.00    0.00    0.00    0.00    1.00    15      0.00      0.00 1097756  183540   2.39  |__fastlio_mapping
16时30分17秒  1000         -     31115    0.00    0.00    0.00    0.00    0.00    12      0.00      0.00 1097756  183540   2.39  |__fastlio_mapping
16时30分17秒  1000         -     31116    0.00    0.00    0.00    0.00    0.00    11      0.00      0.00 1097756  183540   2.39  |__fastlio_mapping
16时30分17秒  1000         -     31117    1.00    0.00    0.00    0.00    1.00     6      0.00      0.00 1097756  183540   2.39  |__fastlio_mapping
16时30分17秒  1000         -     31118   13.00    0.00    0.00    0.00   13.00     3      0.00      0.00 1097756  183540   2.39  |__fastlio_mapping
16时30分17秒  1000         -     31119   13.00    0.00    0.00    0.00   13.00     7      0.00      0.00 1097756  183540   2.39  |__fastlio_mapping

# Time        UID      TGID       TID    %usr %system  %guest   %wait    %CPU   CPU  minflt/s  majflt/s     VSZ     RSS   %MEM  Command
16时30分18秒  1000     31103         -   34.00    3.00    0.00    0.00   37.00     0   3729.00      0.00 1097988  184052   2.40  fastlio_mapping
16时30分18秒  1000         -     31103    7.00    1.00    0.00    0.00    8.00     0   3729.00      0.00 1097988  184052   2.40  |__fastlio_mapping
16时30分18秒  1000         -     31105    1.00    2.00    0.00    0.00    3.00    12      0.00      0.00 1097988  184052   2.40  |__fastlio_mapping
16时30分18秒  1000         -     31106    0.00    0.00    0.00    0.00    0.00    11      0.00      0.00 1097988  184052   2.40  |__fastlio_mapping
16时30分18秒  1000         -     31107    0.00    0.00    0.00    0.00    0.00    15      0.00      0.00 1097988  184052   2.40  |__fastlio_mapping
16时30分18秒  1000         -     31108    0.00    0.00    0.00    0.00    0.00    15      0.00      0.00 1097988  184052   2.40  |__fastlio_mapping
16时30分18秒  1000         -     31109    0.00    0.00    0.00    0.00    0.00     0      0.00      0.00 1097988  184052   2.40  |__fastlio_mapping
16时30分18秒  1000         -     31110    0.00    0.00    0.00    0.00    0.00     8      0.00      0.00 1097988  184052   2.40  |__fastlio_mapping
16时30分18秒  1000         -     31111    0.00    0.00    0.00    0.00    0.00    10      0.00      0.00 1097988  184052   2.40  |__fastlio_mapping
16时30分18秒  1000         -     31112    0.00    0.00    0.00    0.00    0.00     9      0.00      0.00 1097988  184052   2.40  |__fastlio_mapping
16时30分18秒  1000         -     31113    0.00    0.00    0.00    0.00    0.00     8      0.00      0.00 1097988  184052   2.40  |__fastlio_mapping
16时30分18秒  1000         -     31114    1.00    0.00    0.00    0.00    1.00    12      0.00      0.00 1097988  184052   2.40  |__fastlio_mapping
16时30分18秒  1000         -     31115    0.00    0.00    0.00    0.00    0.00    12      0.00      0.00 1097988  184052   2.40  |__fastlio_mapping
16时30分18秒  1000         -     31116    0.00    0.00    0.00    0.00    0.00    11      0.00      0.00 1097988  184052   2.40  |__fastlio_mapping
16时30分18秒  1000         -     31117    0.00    1.00    0.00    0.00    1.00    15      0.00      0.00 1097988  184052   2.40  |__fastlio_mapping
16时30分18秒  1000         -     31118   13.00    0.00    0.00    0.00   13.00     3      0.00      0.00 1097988  184052   2.40  |__fastlio_mapping
16时30分18秒  1000         -     31119   13.00    0.00    0.00    0.00   13.00     7      0.00      0.00 1097988  184052   2.40  |__fastlio_mapping

# Time        UID      TGID       TID    %usr %system  %guest   %wait    %CPU   CPU  minflt/s  majflt/s     VSZ     RSS   %MEM  Command
16时30分19秒  1000     31103         -   36.00    3.00    0.00    0.00   39.00     2   3790.00      0.00 1098224  184524   2.41  fastlio_mapping
16时30分19秒  1000         -     31103    7.00    2.00    0.00    0.00    9.00     2   3790.00      0.00 1098224  184524   2.41  |__fastlio_mapping
16时30分19秒  1000         -     31105    0.00    2.00    0.00    0.00    2.00    15      0.00      0.00 1098224  184524   2.41  |__fastlio_mapping
16时30分19秒  1000         -     31106    0.00    0.00    0.00    0.00    0.00    11      0.00      0.00 1098224  184524   2.41  |__fastlio_mapping
16时30分19秒  1000         -     31107    0.00    0.00    0.00    0.00    0.00    15      0.00      0.00 1098224  184524   2.41  |__fastlio_mapping
16时30分19秒  1000         -     31108    0.00    0.00    0.00    0.00    0.00    15      0.00      0.00 1098224  184524   2.41  |__fastlio_mapping
16时30分19秒  1000         -     31109    0.00    0.00    0.00    0.00    0.00     8      0.00      0.00 1098224  184524   2.41  |__fastlio_mapping
16时30分19秒  1000         -     31110    0.00    0.00    0.00    0.00    0.00     8      0.00      0.00 1098224  184524   2.41  |__fastlio_mapping
16时30分19秒  1000         -     31111    0.00    0.00    0.00    0.00    0.00    12      0.00      0.00 1098224  184524   2.41  |__fastlio_mapping
16时30分19秒  1000         -     31112    0.00    0.00    0.00    0.00    0.00    12      0.00      0.00 1098224  184524   2.41  |__fastlio_mapping
16时30分19秒  1000         -     31113    0.00    0.00    0.00    0.00    0.00     8      0.00      0.00 1098224  184524   2.41  |__fastlio_mapping
16时30分19秒  1000         -     31114    1.00    0.00    0.00    0.00    1.00     0      0.00      0.00 1098224  184524   2.41  |__fastlio_mapping
16时30分19秒  1000         -     31115    0.00    0.00    0.00    0.00    0.00    12      0.00      0.00 1098224  184524   2.41  |__fastlio_mapping
16时30分19秒  1000         -     31116    0.00    0.00    0.00    0.00    0.00    11      0.00      0.00 1098224  184524   2.41  |__fastlio_mapping
16时30分19秒  1000         -     31117    1.00    0.00    0.00    0.00    1.00     4      0.00      0.00 1098224  184524   2.41  |__fastlio_mapping
16时30分19秒  1000         -     31118   13.00    0.00    0.00    0.00   13.00     3      0.00      0.00 1098224  184524   2.41  |__fastlio_mapping
16时30分19秒  1000         -     31119   13.00    0.00    0.00    0.00   13.00     7      0.00      0.00 1098224  184524   2.41  |__fastlio_mapping

# Time        UID      TGID       TID    %usr %system  %guest   %wait    %CPU   CPU  minflt/s  majflt/s     VSZ     RSS   %MEM  Command
16时30分20秒  1000     31103         -   34.00    3.00    0.00    0.00   37.00     8   3852.00      0.00 1098464  185004   2.41  fastlio_mapping
16时30分20秒  1000         -     31103    7.00    0.00    0.00    0.00    7.00     8   3852.00      0.00 1098464  185004   2.41  |__fastlio_mapping
16时30分20秒  1000         -     31105    1.00    1.00    0.00    0.00    2.00     4      0.00      0.00 1098464  185004   2.41  |__fastlio_mapping
16时30分20秒  1000         -     31106    0.00    0.00    0.00    0.00    0.00    11      0.00      0.00 1098464  185004   2.41  |__fastlio_mapping
16时30分20秒  1000         -     31107    0.00    0.00    0.00    0.00    0.00    15      0.00      0.00 1098464  185004   2.41  |__fastlio_mapping
16时30分20秒  1000         -     31108    0.00    0.00    0.00    0.00    0.00    15      0.00      0.00 1098464  185004   2.41  |__fastlio_mapping
16时30分20秒  1000         -     31109    0.00    0.00    0.00    0.00    0.00     4      0.00      0.00 1098464  185004   2.41  |__fastlio_mapping
16时30分20秒  1000         -     31110    0.00    0.00    0.00    0.00    0.00     8      0.00      0.00 1098464  185004   2.41  |__fastlio_mapping
16时30分20秒  1000         -     31111    0.00    0.00    0.00    0.00    0.00    10      0.00      0.00 1098464  185004   2.41  |__fastlio_mapping
16时30分20秒  1000         -     31112    0.00    0.00    0.00    0.00    0.00     8      0.00      0.00 1098464  185004   2.41  |__fastlio_mapping
16时30分20秒  1000         -     31113    0.00    0.00    0.00    0.00    0.00     8      0.00      0.00 1098464  185004   2.41  |__fastlio_mapping
16时30分20秒  1000         -     31114    0.00    1.00    0.00    0.00    1.00     8      0.00      0.00 1098464  185004   2.41  |__fastlio_mapping
16时30分20秒  1000         -     31115    0.00    0.00    0.00    0.00    0.00    12      0.00      0.00 1098464  185004   2.41  |__fastlio_mapping
16时30分20秒  1000         -     31116    0.00    0.00    0.00    0.00    0.00    11      0.00      0.00 1098464  185004   2.41  |__fastlio_mapping
16时30分20秒  1000         -     31117    0.00    0.00    0.00    0.00    0.00    15      0.00      0.00 1098464  185004   2.41  |__fastlio_mapping
16时30分20秒  1000         -     31118   13.00    0.00    0.00    0.00   13.00     3      0.00      0.00 1098464  185004   2.41  |__fastlio_mapping
16时30分20秒  1000         -     31119   13.00    0.00    0.00    0.00   13.00     7      0.00      0.00 1098464  185004   2.41  |__fastlio_mapping

# Time        UID      TGID       TID    %usr %system  %guest   %wait    %CPU   CPU  minflt/s  majflt/s     VSZ     RSS   %MEM  Command
16时30分21秒  1000     31103         -   35.00    2.00    0.00    0.00   37.00    14   3906.00      0.00 1098696  185468   2.42  fastlio_mapping
16时30分21秒  1000         -     31103    6.00    1.00    0.00    0.00    7.00    14   3906.00      0.00 1098696  185468   2.42  |__fastlio_mapping
16时30分21秒  1000         -     31105    1.00    2.00    0.00    0.00    3.00     8      0.00      0.00 1098696  185468   2.42  |__fastlio_mapping
16时30分21秒  1000         -     31106    0.00    0.00    0.00    0.00    0.00    11      0.00      0.00 1098696  185468   2.42  |__fastlio_mapping
16时30分21秒  1000         -     31107    0.00    0.00    0.00    0.00    0.00    15      0.00      0.00 1098696  185468   2.42  |__fastlio_mapping
16时30分21秒  1000         -     31108    0.00    0.00    0.00    0.00    0.00    15      0.00      0.00 1098696  185468   2.42  |__fastlio_mapping
16时30分21秒  1000         -     31109    0.00    0.00    0.00    0.00    0.00    12      0.00      0.00 1098696  185468   2.42  |__fastlio_mapping
16时30分21秒  1000         -     31110    0.00    0.00    0.00    0.00    0.00     8      0.00      0.00 1098696  185468   2.42  |__fastlio_mapping
16时30分21秒  1000         -     31111    0.00    0.00    0.00    0.00    0.00    10      0.00      0.00 1098696  185468   2.42  |__fastlio_mapping
16时30分21秒  1000         -     31112    0.00    0.00    0.00    0.00    0.00     8      0.00      0.00 1098696  185468   2.42  |__fastlio_mapping
16时30分21秒  1000         -     31113    0.00    0.00    0.00    0.00    0.00     8      0.00      0.00 1098696  185468   2.42  |__fastlio_mapping
16时30分21秒  1000         -     31114    1.00    0.00    0.00    0.00    1.00    15      0.00      0.00 1098696  185468   2.42  |__fastlio_mapping
16时30分21秒  1000         -     31115    0.00    0.00    0.00    0.00    0.00    12      0.00      0.00 1098696  185468   2.42  |__fastlio_mapping
16时30分21秒  1000         -     31116    0.00    0.00    0.00    0.00    0.00    11      0.00      0.00 1098696  185468   2.42  |__fastlio_mapping
16时30分21秒  1000         -     31117    1.00    0.00    0.00    0.00    1.00    15      0.00      0.00 1098696  185468   2.42  |__fastlio_mapping
16时30分21秒  1000         -     31118   12.00    0.00    0.00    0.00   12.00     3      0.00      0.00 1098696  185468   2.42  |__fastlio_mapping
16时30分21秒  1000         -     31119   13.00    0.00    0.00    0.00   13.00     7      0.00      0.00 1098696  185468   2.42  |__fastlio_mapping

# Time        UID      TGID       TID    %usr %system  %guest   %wait    %CPU   CPU  minflt/s  majflt/s     VSZ     RSS   %MEM  Command
16时30分22秒  1000     31103         -   36.00    1.00    0.00    0.00   37.00     9   3964.00      0.00 1098928  185944   2.42  fastlio_mapping
16时30分22秒  1000         -     31103    8.00    1.00    0.00    0.00    9.00     9   3964.00      0.00 1098928  185944   2.42  |__fastlio_mapping
16时30分22秒  1000         -     31105    1.00    1.00    0.00    0.00    2.00    12      0.00      0.00 1098928  185944   2.42  |__fastlio_mapping
16时30分22秒  1000         -     31106    0.00    0.00    0.00    0.00    0.00    11      0.00      0.00 1098928  185944   2.42  |__fastlio_mapping
16时30分22秒  1000         -     31107    0.00    0.00    0.00    0.00    0.00    15      0.00      0.00 1098928  185944   2.42  |__fastlio_mapping
16时30分22秒  1000         -     31108    0.00    0.00    0.00    0.00    0.00    15      0.00      0.00 1098928  185944   2.42  |__fastlio_mapping
16时30分22秒  1000         -     31109    1.00    0.00    0.00    0.00    1.00    14      0.00      0.00 1098928  185944   2.42  |__fastlio_mapping
16时30分22秒  1000         -     31110    0.00    0.00    0.00    0.00    0.00     8      0.00      0.00 1098928  185944   2.42  |__fastlio_mapping
16时30分22秒  1000         -     31111    0.00    0.00    0.00    0.00    0.00    14      0.00      0.00 1098928  185944   2.42  |__fastlio_mapping
16时30分22秒  1000         -     31112    0.00    0.00    0.00    0.00    0.00     8      0.00      0.00 1098928  185944   2.42  |__fastlio_mapping
16时30分22秒  1000         -     31113    0.00    0.00    0.00    0.00    0.00     8      0.00      0.00 1098928  185944   2.42  |__fastlio_mapping
16时30分22秒  1000         -     31114    0.00    0.00    0.00    0.00    0.00     8      0.00      0.00 1098928  185944   2.42  |__fastlio_mapping
16时30分22秒  1000         -     31115    0.00    0.00    0.00    0.00    0.00    12      0.00      0.00 1098928  185944   2.42  |__fastlio_mapping
16时30分22秒  1000         -     31116    0.00    0.00    0.00    0.00    0.00    11      0.00      0.00 1098928  185944   2.42  |__fastlio_mapping
16时30分22秒  1000         -     31117    0.00    0.00    0.00    0.00    0.00    14      0.00      0.00 1098928  185944   2.42  |__fastlio_mapping
16时30分22秒  1000         -     31118   13.00    0.00    0.00    0.00   13.00     3      0.00      0.00 1098928  185944   2.42  |__fastlio_mapping
16时30分22秒  1000         -     31119   12.00    0.00    0.00    0.00   12.00     7      0.00      0.00 1098928  185944   2.42  |__fastlio_mapping

# Time        UID      TGID       TID    %usr %system  %guest   %wait    %CPU   CPU  minflt/s  majflt/s     VSZ     RSS   %MEM  Command
16时30分23秒  1000     31103         -   38.00    3.00    0.00    0.00   41.00     8   4025.00      0.00 1099700  186408   2.43  fastlio_mapping
16时30分23秒  1000         -     31103    8.00    1.00    0.00    0.00    9.00     8   4022.00      0.00 1099700  186408   2.43  |__fastlio_mapping
16时30分23秒  1000         -     31105    1.00    1.00    0.00    1.00    2.00    10      0.00      0.00 1099700  186408   2.43  |__fastlio_mapping
16时30分23秒  1000         -     31106    0.00    0.00    0.00    0.00    0.00    11      0.00      0.00 1099700  186408   2.43  |__fastlio_mapping
16时30分23秒  1000         -     31107    0.00    0.00    0.00    0.00    0.00    15      0.00      0.00 1099700  186408   2.43  |__fastlio_mapping
16时30分23秒  1000         -     31108    0.00    0.00    0.00    0.00    0.00    15      0.00      0.00 1099700  186408   2.43  |__fastlio_mapping
16时30分23秒  1000         -     31109    0.00    0.00    0.00    0.00    0.00    15      0.00      0.00 1099700  186408   2.43  |__fastlio_mapping
16时30分23秒  1000         -     31110    0.00    0.00    0.00    0.00    0.00     8      0.00      0.00 1099700  186408   2.43  |__fastlio_mapping
16时30分23秒  1000         -     31111    0.00    0.00    0.00    0.00    0.00    14      0.00      0.00 1099700  186408   2.43  |__fastlio_mapping
16时30分23秒  1000         -     31112    0.00    0.00    0.00    0.00    0.00    15      2.00      0.00 1099700  186408   2.43  |__fastlio_mapping
16时30分23秒  1000         -     31113    0.00    0.00    0.00    0.00    0.00     8      0.00      0.00 1099700  186408   2.43  |__fastlio_mapping
16时30分23秒  1000         -     31114    1.00    0.00    0.00    0.00    1.00    10      1.00      0.00 1099700  186408   2.43  |__fastlio_mapping
16时30分23秒  1000         -     31115    0.00    0.00    0.00    0.00    0.00    13      0.00      0.00 1099700  186408   2.43  |__fastlio_mapping
16时30分23秒  1000         -     31116    0.00    0.00    0.00    0.00    0.00    15      0.00      0.00 1099700  186408   2.43  |__fastlio_mapping
16时30分23秒  1000         -     31117    1.00    0.00    0.00    0.00    1.00    13      0.00      0.00 1099700  186408   2.43  |__fastlio_mapping
16时30分23秒  1000         -     31118   14.00    0.00    0.00    0.00   14.00     3      0.00      0.00 1099700  186408   2.43  |__fastlio_mapping
16时30分23秒  1000         -     31119   14.00    0.00    0.00    1.00   14.00     7      0.00      0.00 1099700  186408   2.43  |__fastlio_mapping

# Time        UID      TGID       TID    %usr %system  %guest   %wait    %CPU   CPU  minflt/s  majflt/s     VSZ     RSS   %MEM  Command
16时30分24秒  1000     31103         -   37.00    3.00    0.00    0.00   40.00    10   7987.00      0.00 1115340  186816   2.44  fastlio_mapping
16时30分24秒  1000         -     31103    8.00    1.00    0.00    0.00    9.00    10   7987.00      0.00 1115340  186816   2.44  |__fastlio_mapping
16时30分24秒  1000         -     31105    1.00    2.00    0.00    0.00    3.00     9      0.00      0.00 1115340  186816   2.44  |__fastlio_mapping
16时30分24秒  1000         -     31106    0.00    0.00    0.00    0.00    0.00    11      0.00      0.00 1115340  186816   2.44  |__fastlio_mapping
16时30分24秒  1000         -     31107    0.00    0.00    0.00    0.00    0.00    15      0.00      0.00 1115340  186816   2.44  |__fastlio_mapping
16时30分24秒  1000         -     31108    0.00    0.00    0.00    0.00    0.00    14      0.00      0.00 1115340  186816   2.44  |__fastlio_mapping
16时30分24秒  1000         -     31109    0.00    0.00    0.00    0.00    0.00    10      0.00      0.00 1115340  186816   2.44  |__fastlio_mapping
16时30分24秒  1000         -     31110    0.00    0.00    0.00    0.00    0.00     8      0.00      0.00 1115340  186816   2.44  |__fastlio_mapping
16时30分24秒  1000         -     31111    0.00    0.00    0.00    0.00    0.00    14      0.00      0.00 1115340  186816   2.44  |__fastlio_mapping
16时30分24秒  1000         -     31112    0.00    0.00    0.00    0.00    0.00    15      0.00      0.00 1115340  186816   2.44  |__fastlio_mapping
16时30分24秒  1000         -     31113    0.00    0.00    0.00    0.00    0.00     8      0.00      0.00 1115340  186816   2.44  |__fastlio_mapping
16时30分24秒  1000         -     31114    1.00    0.00    0.00    0.00    1.00    11      0.00      0.00 1115340  186816   2.44  |__fastlio_mapping
16时30分24秒  1000         -     31115    0.00    0.00    0.00    0.00    0.00    13      0.00      0.00 1115340  186816   2.44  |__fastlio_mapping
16时30分24秒  1000         -     31116    0.00    0.00    0.00    0.00    0.00    15      0.00      0.00 1115340  186816   2.44  |__fastlio_mapping
16时30分24秒  1000         -     31117    1.00    0.00    0.00    0.00    1.00    11      0.00      0.00 1115340  186816   2.44  |__fastlio_mapping
16时30分24秒  1000         -     31118   13.00    0.00    0.00    0.00   13.00     3      0.00      0.00 1115340  186816   2.44  |__fastlio_mapping
16时30分24秒  1000         -     31119   13.00    0.00    0.00    0.00   13.00     7      0.00      0.00 1115340  186816   2.44  |__fastlio_mapping

# Time        UID      TGID       TID    %usr %system  %guest   %wait    %CPU   CPU  minflt/s  majflt/s     VSZ     RSS   %MEM  Command
16时30分25秒  1000     31103         -   35.00    2.00    0.00    0.00   37.00    11   4140.00      0.00 1115572  187336   2.44  fastlio_mapping
16时30分25秒  1000         -     31103    7.00    1.00    0.00    0.00    8.00    11   4140.00      0.00 1115572  187336   2.44  |__fastlio_mapping
16时30分25秒  1000         -     31105    0.00    2.00    0.00    0.00    2.00    10      0.00      0.00 1115572  187336   2.44  |__fastlio_mapping
16时30分25秒  1000         -     31106    0.00    0.00    0.00    0.00    0.00    11      0.00      0.00 1115572  187336   2.44  |__fastlio_mapping
16时30分25秒  1000         -     31107    0.00    0.00    0.00    0.00    0.00    15      0.00      0.00 1115572  187336   2.44  |__fastlio_mapping
16时30分25秒  1000         -     31108    0.00    0.00    0.00    0.00    0.00    14      0.00      0.00 1115572  187336   2.44  |__fastlio_mapping
16时30分25秒  1000         -     31109    0.00    0.00    0.00    0.00    0.00     6      0.00      0.00 1115572  187336   2.44  |__fastlio_mapping
16时30分25秒  1000         -     31110    0.00    0.00    0.00    0.00    0.00     8      0.00      0.00 1115572  187336   2.44  |__fastlio_mapping
16时30分25秒  1000         -     31111    0.00    0.00    0.00    0.00    0.00     0      0.00      0.00 1115572  187336   2.44  |__fastlio_mapping
16时30分25秒  1000         -     31112    0.00    0.00    0.00    0.00    0.00     4      0.00      0.00 1115572  187336   2.44  |__fastlio_mapping
16时30分25秒  1000         -     31113    0.00    0.00    0.00    0.00    0.00     8      0.00      0.00 1115572  187336   2.44  |__fastlio_mapping
16时30分25秒  1000         -     31114    0.00    0.00    0.00    0.00    0.00     9      0.00      0.00 1115572  187336   2.44  |__fastlio_mapping
16时30分25秒  1000         -     31115    0.00    0.00    0.00    0.00    0.00    13      0.00      0.00 1115572  187336   2.44  |__fastlio_mapping
16时30分25秒  1000         -     31116    0.00    0.00    0.00    0.00    0.00    15      0.00      0.00 1115572  187336   2.44  |__fastlio_mapping
16时30分25秒  1000         -     31117    0.00    0.00    0.00    0.00    0.00    12      0.00      0.00 1115572  187336   2.44  |__fastlio_mapping
16时30分25秒  1000         -     31118   13.00    0.00    0.00    0.00   13.00     3      0.00      0.00 1115572  187336   2.44  |__fastlio_mapping
16时30分25秒  1000         -     31119   13.00    0.00    0.00    0.00   13.00     7      0.00      0.00 1115572  187336   2.44  |__fastlio_mapping

# Time        UID      TGID       TID    %usr %system  %guest   %wait    %CPU   CPU  minflt/s  majflt/s     VSZ     RSS   %MEM  Command
16时30分26秒  1000     31103         -   36.00    2.00    0.00    0.00   38.00    15   4197.00      0.00 1115804  187776   2.45  fastlio_mapping
16时30分26秒  1000         -     31103    8.00    1.00    0.00    0.00    9.00    15   4197.00      0.00 1115804  187776   2.45  |__fastlio_mapping
16时30分26秒  1000         -     31105    1.00    1.00    0.00    0.00    2.00    11      0.00      0.00 1115804  187776   2.45  |__fastlio_mapping
16时30分26秒  1000         -     31106    0.00    0.00    0.00    0.00    0.00    11      0.00      0.00 1115804  187776   2.45  |__fastlio_mapping
16时30分26秒  1000         -     31107    0.00    0.00    0.00    0.00    0.00    15      0.00      0.00 1115804  187776   2.45  |__fastlio_mapping
16时30分26秒  1000         -     31108    0.00    0.00    0.00    0.00    0.00    14      0.00      0.00 1115804  187776   2.45  |__fastlio_mapping
16时30分26秒  1000         -     31109    0.00    0.00    0.00    0.00    0.00    10      0.00      0.00 1115804  187776   2.45  |__fastlio_mapping
16时30分26秒  1000         -     31110    0.00    0.00    0.00    0.00    0.00     8      0.00      0.00 1115804  187776   2.45  |__fastlio_mapping
16时30分26秒  1000         -     31111    0.00    0.00    0.00    0.00    0.00     0      0.00      0.00 1115804  187776   2.45  |__fastlio_mapping
16时30分26秒  1000         -     31112    0.00    0.00    0.00    0.00    0.00    15      0.00      0.00 1115804  187776   2.45  |__fastlio_mapping
16时30分26秒  1000         -     31113    0.00    0.00    0.00    0.00    0.00     8      0.00      0.00 1115804  187776   2.45  |__fastlio_mapping
16时30分26秒  1000         -     31114    1.00    0.00    0.00    0.00    1.00     0      0.00      0.00 1115804  187776   2.45  |__fastlio_mapping
16时30分26秒  1000         -     31115    0.00    0.00    0.00    0.00    0.00    13      0.00      0.00 1115804  187776   2.45  |__fastlio_mapping
16时30分26秒  1000         -     31116    0.00    0.00    0.00    0.00    0.00    15      0.00      0.00 1115804  187776   2.45  |__fastlio_mapping
16时30分26秒  1000         -     31117    0.00    0.00    0.00    0.00    0.00    10      0.00      0.00 1115804  187776   2.45  |__fastlio_mapping
16时30分26秒  1000         -     31118   13.00    0.00    0.00    0.00   13.00     3      0.00      0.00 1115804  187776   2.45  |__fastlio_mapping
16时30分26秒  1000         -     31119   13.00    0.00    0.00    0.00   13.00     7      0.00      0.00 1115804  187776   2.45  |__fastlio_mapping

# Time        UID      TGID       TID    %usr %system  %guest   %wait    %CPU   CPU  minflt/s  majflt/s     VSZ     RSS   %MEM  Command
16时30分27秒  1000     31103         -   36.00    2.00    0.00    1.00   38.00     8   4258.00      0.00 1116040  188216   2.45  fastlio_mapping
16时30分27秒  1000         -     31103    8.00    1.00    0.00    1.00    9.00     8   4258.00      0.00 1116040  188216   2.45  |__fastlio_mapping
16时30分27秒  1000         -     31105    1.00    1.00    0.00    0.00    2.00    14      0.00      0.00 1116040  188216   2.45  |__fastlio_mapping
16时30分27秒  1000         -     31106    0.00    0.00    0.00    0.00    0.00    11      0.00      0.00 1116040  188216   2.45  |__fastlio_mapping
16时30分27秒  1000         -     31107    0.00    0.00    0.00    0.00    0.00    15      0.00      0.00 1116040  188216   2.45  |__fastlio_mapping
16时30分27秒  1000         -     31108    0.00    0.00    0.00    0.00    0.00    14      0.00      0.00 1116040  188216   2.45  |__fastlio_mapping
16时30分27秒  1000         -     31109    0.00    0.00    0.00    0.00    0.00     9      0.00      0.00 1116040  188216   2.45  |__fastlio_mapping
16时30分27秒  1000         -     31110    0.00    0.00    0.00    0.00    0.00     8      0.00      0.00 1116040  188216   2.45  |__fastlio_mapping
16时30分27秒  1000         -     31111    0.00    0.00    0.00    0.00    0.00     0      0.00      0.00 1116040  188216   2.45  |__fastlio_mapping
16时30分27秒  1000         -     31112    0.00    0.00    0.00    0.00    0.00    15      0.00      0.00 1116040  188216   2.45  |__fastlio_mapping
16时30分27秒  1000         -     31113    0.00    0.00    0.00    0.00    0.00     8      0.00      0.00 1116040  188216   2.45  |__fastlio_mapping
16时30分27秒  1000         -     31114    1.00    1.00    0.00    0.00    2.00    11      0.00      0.00 1116040  188216   2.45  |__fastlio_mapping
16时30分27秒  1000         -     31115    0.00    0.00    0.00    0.00    0.00    13      0.00      0.00 1116040  188216   2.45  |__fastlio_mapping
16时30分27秒  1000         -     31116    0.00    0.00    0.00    0.00    0.00    15      0.00      0.00 1116040  188216   2.45  |__fastlio_mapping
16时30分27秒  1000         -     31117    1.00    1.00    0.00    0.00    2.00    13      0.00      0.00 1116040  188216   2.45  |__fastlio_mapping
16时30分27秒  1000         -     31118   12.00    0.00    0.00    0.00   12.00    12      0.00      0.00 1116040  188216   2.45  |__fastlio_mapping
16时30分27秒  1000         -     31119   12.00    0.00    0.00    0.00   12.00     0      0.00      0.00 1116040  188216   2.45  |__fastlio_mapping

# Time        UID      TGID       TID    %usr %system  %guest   %wait    %CPU   CPU  minflt/s  majflt/s     VSZ     RSS   %MEM  Command
16时30分28秒  1000     31103         -   32.00    2.00    0.00    0.00   34.00     3   4314.00      0.00 1115732  188680   2.46  fastlio_mapping
16时30分28秒  1000         -     31103    7.00    1.00    0.00    0.00    8.00     3   4314.00      0.00 1115732  188680   2.46  |__fastlio_mapping
16时30分28秒  1000         -     31105    1.00    2.00    0.00    0.00    3.00    11      0.00      0.00 1115732  188680   2.46  |__fastlio_mapping
16时30分28秒  1000         -     31106    0.00    0.00    0.00    0.00    0.00    11      0.00      0.00 1115732  188680   2.46  |__fastlio_mapping
16时30分28秒  1000         -     31107    0.00    0.00    0.00    0.00    0.00    15      0.00      0.00 1115732  188680   2.46  |__fastlio_mapping
16时30分28秒  1000         -     31108    0.00    0.00    0.00    0.00    0.00    15      0.00      0.00 1115732  188680   2.46  |__fastlio_mapping
16时30分28秒  1000         -     31109    1.00    0.00    0.00    0.00    1.00     2      0.00      0.00 1115732  188680   2.46  |__fastlio_mapping
16时30分28秒  1000         -     31110    0.00    0.00    0.00    0.00    0.00     8      0.00      0.00 1115732  188680   2.46  |__fastlio_mapping
16时30分28秒  1000         -     31111    0.00    0.00    0.00    0.00    0.00     0      0.00      0.00 1115732  188680   2.46  |__fastlio_mapping
16时30分28秒  1000         -     31112    0.00    0.00    0.00    0.00    0.00     4      0.00      0.00 1115732  188680   2.46  |__fastlio_mapping
16时30分28秒  1000         -     31113    0.00    0.00    0.00    0.00    0.00     8      0.00      0.00 1115732  188680   2.46  |__fastlio_mapping
16时30分28秒  1000         -     31114    0.00    0.00    0.00    0.00    0.00    15      0.00      0.00 1115732  188680   2.46  |__fastlio_mapping
16时30分28秒  1000         -     31115    0.00    0.00    0.00    0.00    0.00    13      0.00      0.00 1115732  188680   2.46  |__fastlio_mapping
16时30分28秒  1000         -     31116    0.00    0.00    0.00    0.00    0.00    15      0.00      0.00 1115732  188680   2.46  |__fastlio_mapping
16时30分28秒  1000         -     31117    0.00    0.00    0.00    0.00    0.00     2      0.00      0.00 1115732  188680   2.46  |__fastlio_mapping
16时30分28秒  1000         -     31118   10.00    0.00    0.00    0.00   10.00     4      0.00      0.00 1115732  188680   2.46  |__fastlio_mapping
16时30分28秒  1000         -     31119   12.00    0.00    0.00    0.00   12.00     0      0.00      0.00 1115732  188680   2.46  |__fastlio_mapping

# Time        UID      TGID       TID    %usr %system  %guest   %wait    %CPU   CPU  minflt/s  majflt/s     VSZ     RSS   %MEM  Command
16时30分29秒  1000     31103         -   32.00    2.00    0.00    0.00   34.00     3   4375.00      0.00 1115968  189256   2.47  fastlio_mapping
16时30分29秒  1000         -     31103    5.00    1.00    0.00    0.00    6.00     3   4375.00      0.00 1115968  189256   2.47  |__fastlio_mapping
16时30分29秒  1000         -     31105    1.00    1.00    0.00    0.00    2.00    12      0.00      0.00 1115968  189256   2.47  |__fastlio_mapping
16时30分29秒  1000         -     31106    0.00    0.00    0.00    0.00    0.00    11      0.00      0.00 1115968  189256   2.47  |__fastlio_mapping
16时30分29秒  1000         -     31107    0.00    0.00    0.00    0.00    0.00    15      0.00      0.00 1115968  189256   2.47  |__fastlio_mapping
16时30分29秒  1000         -     31108    0.00    0.00    0.00    0.00    0.00    15      0.00      0.00 1115968  189256   2.47  |__fastlio_mapping
16时30分29秒  1000         -     31109    0.00    0.00    0.00    0.00    0.00     8      0.00      0.00 1115968  189256   2.47  |__fastlio_mapping
16时30分29秒  1000         -     31110    0.00    0.00    0.00    0.00    0.00     8      0.00      0.00 1115968  189256   2.47  |__fastlio_mapping
16时30分29秒  1000         -     31111    0.00    0.00    0.00    0.00    0.00     0      0.00      0.00 1115968  189256   2.47  |__fastlio_mapping
16时30分29秒  1000         -     31112    0.00    0.00    0.00    0.00    0.00     6      0.00      0.00 1115968  189256   2.47  |__fastlio_mapping
16时30分29秒  1000         -     31113    0.00    0.00    0.00    0.00    0.00     8      0.00      0.00 1115968  189256   2.47  |__fastlio_mapping
16时30分29秒  1000         -     31114    1.00    0.00    0.00    0.00    1.00     2      0.00      0.00 1115968  189256   2.47  |__fastlio_mapping
16时30分29秒  1000         -     31115    0.00    0.00    0.00    0.00    0.00    13      0.00      0.00 1115968  189256   2.47  |__fastlio_mapping
16时30分29秒  1000         -     31116    0.00    0.00    0.00    0.00    0.00    15      0.00      0.00 1115968  189256   2.47  |__fastlio_mapping
16时30分29秒  1000         -     31117    1.00    0.00    0.00    0.00    1.00     8      0.00      0.00 1115968  189256   2.47  |__fastlio_mapping
16时30分29秒  1000         -     31118   12.00    0.00    0.00    0.00   12.00     4      0.00      0.00 1115968  189256   2.47  |__fastlio_mapping
16时30分29秒  1000         -     31119   13.00    0.00    0.00    0.00   13.00     0      0.00      0.00 1115968  189256   2.47  |__fastlio_mapping

# Time        UID      TGID       TID    %usr %system  %guest   %wait    %CPU   CPU  minflt/s  majflt/s     VSZ     RSS   %MEM  Command
16时30分30秒  1000     31103         -   33.00    2.00    0.00    0.00   35.00     3   4431.00      0.00 1116200  189720   2.47  fastlio_mapping
16时30分30秒  1000         -     31103    5.00    1.00    0.00    0.00    6.00     3   4431.00      0.00 1116200  189720   2.47  |__fastlio_mapping
16时30分30秒  1000         -     31105    1.00    2.00    0.00    0.00    3.00     4      0.00      0.00 1116200  189720   2.47  |__fastlio_mapping
16时30分30秒  1000         -     31106    0.00    0.00    0.00    0.00    0.00    11      0.00      0.00 1116200  189720   2.47  |__fastlio_mapping
16时30分30秒  1000         -     31107    0.00    0.00    0.00    0.00    0.00    15      0.00      0.00 1116200  189720   2.47  |__fastlio_mapping
16时30分30秒  1000         -     31108    0.00    0.00    0.00    0.00    0.00    15      0.00      0.00 1116200  189720   2.47  |__fastlio_mapping
16时30分30秒  1000         -     31109    0.00    0.00    0.00    0.00    0.00    10      0.00      0.00 1116200  189720   2.47  |__fastlio_mapping
16时30分30秒  1000         -     31110    0.00    0.00    0.00    0.00    0.00     8      0.00      0.00 1116200  189720   2.47  |__fastlio_mapping
16时30分30秒  1000         -     31111    0.00    0.00    0.00    0.00    0.00     0      0.00      0.00 1116200  189720   2.47  |__fastlio_mapping
16时30分30秒  1000         -     31112    0.00    0.00    0.00    0.00    0.00     6      0.00      0.00 1116200  189720   2.47  |__fastlio_mapping
16时30分30秒  1000         -     31113    0.00    0.00    0.00    0.00    0.00     8      0.00      0.00 1116200  189720   2.47  |__fastlio_mapping
16时30分30秒  1000         -     31114    1.00    0.00    0.00    0.00    1.00    12      0.00      0.00 1116200  189720   2.47  |__fastlio_mapping
16时30分30秒  1000         -     31115    0.00    0.00    0.00    0.00    0.00    13      0.00      0.00 1116200  189720   2.47  |__fastlio_mapping
16时30分30秒  1000         -     31116    0.00    0.00    0.00    0.00    0.00    15      0.00      0.00 1116200  189720   2.47  |__fastlio_mapping
16时30分30秒  1000         -     31117    0.00    0.00    0.00    0.00    0.00     4      0.00      0.00 1116200  189720   2.47  |__fastlio_mapping
16时30分30秒  1000         -     31118   13.00    0.00    0.00    0.00   13.00     4      0.00      0.00 1116200  189720   2.47  |__fastlio_mapping
16时30分30秒  1000         -     31119   12.00    0.00    0.00    0.00   12.00     0      0.00      0.00 1116200  189720   2.47  |__fastlio_mapping

# Time        UID      TGID       TID    %usr %system  %guest   %wait    %CPU   CPU  minflt/s  majflt/s     VSZ     RSS   %MEM  Command
16时30分31秒  1000     31103         -   34.00    2.00    0.00    0.00   36.00    13   4489.00      0.00 1116432  190184   2.48  fastlio_mapping
16时30分31秒  1000         -     31103    5.00    1.00    0.00    0.00    6.00    13   4489.00      0.00 1116432  190184   2.48  |__fastlio_mapping
16时30分31秒  1000         -     31105    1.00    1.00    0.00    0.00    2.00     0      0.00      0.00 1116432  190184   2.48  |__fastlio_mapping
16时30分31秒  1000         -     31106    0.00    0.00    0.00    0.00    0.00    11      0.00      0.00 1116432  190184   2.48  |__fastlio_mapping
16时30分31秒  1000         -     31107    0.00    0.00    0.00    0.00    0.00    15      0.00      0.00 1116432  190184   2.48  |__fastlio_mapping
16时30分31秒  1000         -     31108    0.00    0.00    0.00    0.00    0.00    15      0.00      0.00 1116432  190184   2.48  |__fastlio_mapping
16时30分31秒  1000         -     31109    0.00    0.00    0.00    0.00    0.00     2      0.00      0.00 1116432  190184   2.48  |__fastlio_mapping
16时30分31秒  1000         -     31110    0.00    0.00    0.00    0.00    0.00     8      0.00      0.00 1116432  190184   2.48  |__fastlio_mapping
16时30分31秒  1000         -     31111    0.00    0.00    0.00    0.00    0.00    15      0.00      0.00 1116432  190184   2.48  |__fastlio_mapping
16时30分31秒  1000         -     31112    0.00    0.00    0.00    0.00    0.00     6      0.00      0.00 1116432  190184   2.48  |__fastlio_mapping
16时30分31秒  1000         -     31113    0.00    0.00    0.00    0.00    0.00     8      0.00      0.00 1116432  190184   2.48  |__fastlio_mapping
16时30分31秒  1000         -     31114    1.00    0.00    0.00    0.00    1.00    15      0.00      0.00 1116432  190184   2.48  |__fastlio_mapping
16时30分31秒  1000         -     31115    0.00    0.00    0.00    0.00    0.00    13      0.00      0.00 1116432  190184   2.48  |__fastlio_mapping
16时30分31秒  1000         -     31116    0.00    0.00    0.00    0.00    0.00    15      0.00      0.00 1116432  190184   2.48  |__fastlio_mapping
16时30分31秒  1000         -     31117    1.00    0.00    0.00    0.00    1.00     4      0.00      0.00 1116432  190184   2.48  |__fastlio_mapping
16时30分31秒  1000         -     31118   12.00    0.00    0.00    0.00   12.00     6      0.00      0.00 1116432  190184   2.48  |__fastlio_mapping
16时30分31秒  1000         -     31119   12.00    0.00    0.00    0.00   12.00     0      0.00      0.00 1116432  190184   2.48  |__fastlio_mapping

# Time        UID      TGID       TID    %usr %system  %guest   %wait    %CPU   CPU  minflt/s  majflt/s     VSZ     RSS   %MEM  Command
16时30分32秒  1000     31103         -   31.00    3.00    0.00    0.00   34.00     8   4547.00      0.00 1116664  190676   2.49  fastlio_mapping
16时30分32秒  1000         -     31103    7.00    2.00    0.00    0.00    9.00     8   4547.00      0.00 1116664  190676   2.49  |__fastlio_mapping
16时30分32秒  1000         -     31105    2.00    1.00    0.00    0.00    3.00    10      0.00      0.00 1116664  190676   2.49  |__fastlio_mapping
16时30分32秒  1000         -     31106    0.00    0.00    0.00    0.00    0.00    11      0.00      0.00 1116664  190676   2.49  |__fastlio_mapping
16时30分32秒  1000         -     31107    0.00    0.00    0.00    0.00    0.00    15      0.00      0.00 1116664  190676   2.49  |__fastlio_mapping
16时30分32秒  1000         -     31108    0.00    0.00    0.00    0.00    0.00    15      0.00      0.00 1116664  190676   2.49  |__fastlio_mapping
16时30分32秒  1000         -     31109    0.00    0.00    0.00    0.00    0.00     8      0.00      0.00 1116664  190676   2.49  |__fastlio_mapping
16时30分32秒  1000         -     31110    0.00    0.00    0.00    0.00    0.00     8      0.00      0.00 1116664  190676   2.49  |__fastlio_mapping
16时30分32秒  1000         -     31111    0.00    0.00    0.00    0.00    0.00     0      0.00      0.00 1116664  190676   2.49  |__fastlio_mapping
16时30分32秒  1000         -     31112    0.00    0.00    0.00    0.00    0.00     6      0.00      0.00 1116664  190676   2.49  |__fastlio_mapping
16时30分32秒  1000         -     31113    0.00    0.00    0.00    0.00    0.00     8      0.00      0.00 1116664  190676   2.49  |__fastlio_mapping
16时30分32秒  1000         -     31114    0.00    0.00    0.00    0.00    0.00     9      0.00      0.00 1116664  190676   2.49  |__fastlio_mapping
16时30分32秒  1000         -     31115    0.00    0.00    0.00    0.00    0.00    13      0.00      0.00 1116664  190676   2.49  |__fastlio_mapping
16时30分32秒  1000         -     31116    0.00    0.00    0.00    0.00    0.00    15      0.00      0.00 1116664  190676   2.49  |__fastlio_mapping
16时30分32秒  1000         -     31117    0.00    0.00    0.00    0.00    0.00    11      0.00      0.00 1116664  190676   2.49  |__fastlio_mapping
16时30分32秒  1000         -     31118    9.00    0.00    0.00    0.00    9.00     2      0.00      0.00 1116664  190676   2.49  |__fastlio_mapping
16时30分32秒  1000         -     31119   13.00    0.00    0.00    0.00   13.00     0      0.00      0.00 1116664  190676   2.49  |__fastlio_mapping

# Time        UID      TGID       TID    %usr %system  %guest   %wait    %CPU   CPU  minflt/s  majflt/s     VSZ     RSS   %MEM  Command
16时30分33秒  1000     31103         -   35.00    3.00    0.00    0.00   38.00    11   4605.00      0.00 1116896  191128   2.49  fastlio_mapping
16时30分33秒  1000         -     31103    7.00    1.00    0.00    0.00    8.00    11   4605.00      0.00 1116896  191128   2.49  |__fastlio_mapping
16时30分33秒  1000         -     31105    1.00    1.00    0.00    0.00    2.00    15      0.00      0.00 1116896  191128   2.49  |__fastlio_mapping
16时30分33秒  1000         -     31106    0.00    0.00    0.00    0.00    0.00    11      0.00      0.00 1116896  191128   2.49  |__fastlio_mapping
16时30分33秒  1000         -     31107    0.00    0.00    0.00    0.00    0.00    15      0.00      0.00 1116896  191128   2.49  |__fastlio_mapping
16时30分33秒  1000         -     31108    0.00    0.00    0.00    0.00    0.00    14      0.00      0.00 1116896  191128   2.49  |__fastlio_mapping
16时30分33秒  1000         -     31109    0.00    0.00    0.00    0.00    0.00    14      0.00      0.00 1116896  191128   2.49  |__fastlio_mapping
16时30分33秒  1000         -     31110    0.00    0.00    0.00    0.00    0.00     8      0.00      0.00 1116896  191128   2.49  |__fastlio_mapping
16时30分33秒  1000         -     31111    0.00    0.00    0.00    0.00    0.00     0      0.00      0.00 1116896  191128   2.49  |__fastlio_mapping
16时30分33秒  1000         -     31112    0.00    0.00    0.00    0.00    0.00     6      0.00      0.00 1116896  191128   2.49  |__fastlio_mapping
16时30分33秒  1000         -     31113    0.00    0.00    0.00    0.00    0.00     8      0.00      0.00 1116896  191128   2.49  |__fastlio_mapping
16时30分33秒  1000         -     31114    1.00    0.00    0.00    0.00    1.00    10      0.00      0.00 1116896  191128   2.49  |__fastlio_mapping
16时30分33秒  1000         -     31115    0.00    0.00    0.00    0.00    0.00    13      0.00      0.00 1116896  191128   2.49  |__fastlio_mapping
16时30分33秒  1000         -     31116    0.00    0.00    0.00    0.00    0.00    15      0.00      0.00 1116896  191128   2.49  |__fastlio_mapping
16时30分33秒  1000         -     31117    1.00    1.00    0.00    0.00    2.00    13      0.00      0.00 1116896  191128   2.49  |__fastlio_mapping
16时30分33秒  1000         -     31118   13.00    0.00    0.00    0.00   13.00     3      0.00      0.00 1116896  191128   2.49  |__fastlio_mapping
16时30分33秒  1000         -     31119   13.00    0.00    0.00    0.00   13.00     4      0.00      0.00 1116896  191128   2.49  |__fastlio_mapping

# Time        UID      TGID       TID    %usr %system  %guest   %wait    %CPU   CPU  minflt/s  majflt/s     VSZ     RSS   %MEM  Command
16时30分34秒  1000     31103         -   34.00    3.00    0.00    0.00   37.00    13   4663.00      0.00 1117128  191592   2.50  fastlio_mapping
16时30分34秒  1000         -     31103    8.00    1.00    0.00    0.00    9.00    13   4663.00      0.00 1117128  191592   2.50  |__fastlio_mapping
16时30分34秒  1000         -     31105    1.00    1.00    0.00    0.00    2.00     4      0.00      0.00 1117128  191592   2.50  |__fastlio_mapping
16时30分34秒  1000         -     31106    0.00    0.00    0.00    0.00    0.00    11      0.00      0.00 1117128  191592   2.50  |__fastlio_mapping
16时30分34秒  1000         -     31107    0.00    0.00    0.00    0.00    0.00    15      0.00      0.00 1117128  191592   2.50  |__fastlio_mapping
16时30分34秒  1000         -     31108    0.00    0.00    0.00    0.00    0.00    14      0.00      0.00 1117128  191592   2.50  |__fastlio_mapping
16时30分34秒  1000         -     31109    0.00    0.00    0.00    0.00    0.00    13      0.00      0.00 1117128  191592   2.50  |__fastlio_mapping
16时30分34秒  1000         -     31110    0.00    0.00    0.00    0.00    0.00     8      0.00      0.00 1117128  191592   2.50  |__fastlio_mapping
16时30分34秒  1000         -     31111    0.00    0.00    0.00    0.00    0.00     0      0.00      0.00 1117128  191592   2.50  |__fastlio_mapping
16时30分34秒  1000         -     31112    0.00    0.00    0.00    0.00    0.00    11      0.00      0.00 1117128  191592   2.50  |__fastlio_mapping
16时30分34秒  1000         -     31113    0.00    0.00    0.00    0.00    0.00     8      0.00      0.00 1117128  191592   2.50  |__fastlio_mapping
16时30分34秒  1000         -     31114    1.00    0.00    0.00    0.00    1.00    14      0.00      0.00 1117128  191592   2.50  |__fastlio_mapping
16时30分34秒  1000         -     31115    0.00    0.00    0.00    0.00    0.00    13      0.00      0.00 1117128  191592   2.50  |__fastlio_mapping
16时30分34秒  1000         -     31116    0.00    0.00    0.00    0.00    0.00    15      0.00      0.00 1117128  191592   2.50  |__fastlio_mapping
16时30分34秒  1000         -     31117    0.00    0.00    0.00    0.00    0.00     0      0.00      0.00 1117128  191592   2.50  |__fastlio_mapping
16时30分34秒  1000         -     31118   12.00    0.00    0.00    0.00   12.00     3      0.00      0.00 1117128  191592   2.50  |__fastlio_mapping
16时30分34秒  1000         -     31119   12.00    0.00    0.00    0.00   12.00     4      0.00      0.00 1117128  191592   2.50  |__fastlio_mapping

# Time        UID      TGID       TID    %usr %system  %guest   %wait    %CPU   CPU  minflt/s  majflt/s     VSZ     RSS   %MEM  Command
16时30分35秒  1000     31103         -   35.00    3.00    0.00    0.00   38.00    12   4724.00      0.00 1117364  192064   2.50  fastlio_mapping
16时30分35秒  1000         -     31103    7.00    1.00    0.00    0.00    8.00    12   4724.00      0.00 1117364  192064   2.50  |__fastlio_mapping
16时30分35秒  1000         -     31105    1.00    2.00    0.00    0.00    3.00     1      0.00      0.00 1117364  192064   2.50  |__fastlio_mapping
16时30分35秒  1000         -     31106    0.00    0.00    0.00    0.00    0.00    11      0.00      0.00 1117364  192064   2.50  |__fastlio_mapping
16时30分35秒  1000         -     31107    0.00    0.00    0.00    0.00    0.00    15      0.00      0.00 1117364  192064   2.50  |__fastlio_mapping
16时30分35秒  1000         -     31108    0.00    0.00    0.00    0.00    0.00    14      0.00      0.00 1117364  192064   2.50  |__fastlio_mapping
16时30分35秒  1000         -     31109    0.00    0.00    0.00    0.00    0.00    14      0.00      0.00 1117364  192064   2.50  |__fastlio_mapping
16时30分35秒  1000         -     31110    0.00    0.00    0.00    0.00    0.00     8      0.00      0.00 1117364  192064   2.50  |__fastlio_mapping
16时30分35秒  1000         -     31111    0.00    0.00    0.00    0.00    0.00     0      0.00      0.00 1117364  192064   2.50  |__fastlio_mapping
16时30分35秒  1000         -     31112    0.00    0.00    0.00    0.00    0.00     6      0.00      0.00 1117364  192064   2.50  |__fastlio_mapping
16时30分35秒  1000         -     31113    0.00    0.00    0.00    0.00    0.00     8      0.00      0.00 1117364  192064   2.50  |__fastlio_mapping
16时30分35秒  1000         -     31114    1.00    0.00    0.00    0.00    1.00     8      0.00      0.00 1117364  192064   2.50  |__fastlio_mapping
16时30分35秒  1000         -     31115    0.00    0.00    0.00    0.00    0.00    13      0.00      0.00 1117364  192064   2.50  |__fastlio_mapping
16时30分35秒  1000         -     31116    0.00    0.00    0.00    0.00    0.00    15      0.00      0.00 1117364  192064   2.50  |__fastlio_mapping
16时30分35秒  1000         -     31117    0.00    0.00    0.00    0.00    0.00     9      0.00      0.00 1117364  192064   2.50  |__fastlio_mapping
16时30分35秒  1000         -     31118   13.00    0.00    0.00    0.00   13.00     3      0.00      0.00 1117364  192064   2.50  |__fastlio_mapping
16时30分35秒  1000         -     31119   13.00    0.00    0.00    0.00   13.00     0      0.00      0.00 1117364  192064   2.50  |__fastlio_mapping

# Time        UID      TGID       TID    %usr %system  %guest   %wait    %CPU   CPU  minflt/s  majflt/s     VSZ     RSS   %MEM  Command
16时30分36秒  1000     31103         -   35.00    3.00    0.00    0.00   38.00    13   4783.00      0.00 1117600  192524   2.51  fastlio_mapping
16时30分36秒  1000         -     31103    7.00    1.00    0.00    0.00    8.00    13   4783.00      0.00 1117600  192524   2.51  |__fastlio_mapping
16时30分36秒  1000         -     31105    1.00    1.00    0.00    0.00    2.00     8      0.00      0.00 1117600  192524   2.51  |__fastlio_mapping
16时30分36秒  1000         -     31106    0.00    0.00    0.00    0.00    0.00    11      0.00      0.00 1117600  192524   2.51  |__fastlio_mapping
16时30分36秒  1000         -     31107    0.00    0.00    0.00    0.00    0.00    15      0.00      0.00 1117600  192524   2.51  |__fastlio_mapping
16时30分36秒  1000         -     31108    0.00    0.00    0.00    0.00    0.00    14      0.00      0.00 1117600  192524   2.51  |__fastlio_mapping
16时30分36秒  1000         -     31109    0.00    1.00    0.00    0.00    1.00     1      0.00      0.00 1117600  192524   2.51  |__fastlio_mapping
16时30分36秒  1000         -     31110    0.00    0.00    0.00    0.00    0.00     8      0.00      0.00 1117600  192524   2.51  |__fastlio_mapping
16时30分36秒  1000         -     31111    0.00    0.00    0.00    0.00    0.00     0      0.00      0.00 1117600  192524   2.51  |__fastlio_mapping
16时30分36秒  1000         -     31112    0.00    0.00    0.00    0.00    0.00     6      0.00      0.00 1117600  192524   2.51  |__fastlio_mapping
16时30分36秒  1000         -     31113    0.00    0.00    0.00    0.00    0.00     8      0.00      0.00 1117600  192524   2.51  |__fastlio_mapping
16时30分36秒  1000         -     31114    0.00    0.00    0.00    0.00    0.00     9      0.00      0.00 1117600  192524   2.51  |__fastlio_mapping
16时30分36秒  1000         -     31115    0.00    0.00    0.00    0.00    0.00    13      0.00      0.00 1117600  192524   2.51  |__fastlio_mapping
16时30分36秒  1000         -     31116    0.00    0.00    0.00    0.00    0.00    15      0.00      0.00 1117600  192524   2.51  |__fastlio_mapping
16时30分36秒  1000         -     31117    1.00    1.00    0.00    0.00    2.00    14      0.00      0.00 1117600  192524   2.51  |__fastlio_mapping
16时30分36秒  1000         -     31118   12.00    0.00    0.00    0.00   12.00     3      0.00      0.00 1117600  192524   2.51  |__fastlio_mapping
16时30分36秒  1000         -     31119   12.00    0.00    0.00    0.00   12.00     0      0.00      0.00 1117600  192524   2.51  |__fastlio_mapping

# Time        UID      TGID       TID    %usr %system  %guest   %wait    %CPU   CPU  minflt/s  majflt/s     VSZ     RSS   %MEM  Command
16时30分37秒  1000     31103         -   34.00    2.00    0.00    0.00   36.00    11   4833.00      0.00 1117824  192860   2.51  fastlio_mapping
16时30分37秒  1000         -     31103    7.00    1.00    0.00    0.00    8.00    11   4833.00      0.00 1117824  192860   2.51  |__fastlio_mapping
16时30分37秒  1000         -     31105    1.00    1.00    0.00    0.00    2.00    15      0.00      0.00 1117824  192860   2.51  |__fastlio_mapping
16时30分37秒  1000         -     31106    0.00    0.00    0.00    0.00    0.00    11      0.00      0.00 1117824  192860   2.51  |__fastlio_mapping
16时30分37秒  1000         -     31107    0.00    0.00    0.00    0.00    0.00    15      0.00      0.00 1117824  192860   2.51  |__fastlio_mapping
16时30分37秒  1000         -     31108    0.00    0.00    0.00    0.00    0.00    14      0.00      0.00 1117824  192860   2.51  |__fastlio_mapping
16时30分37秒  1000         -     31109    1.00    0.00    0.00    0.00    1.00     1      0.00      0.00 1117824  192860   2.51  |__fastlio_mapping
16时30分37秒  1000         -     31110    0.00    0.00    0.00    0.00    0.00     8      0.00      0.00 1117824  192860   2.51  |__fastlio_mapping
16时30分37秒  1000         -     31111    0.00    0.00    0.00    0.00    0.00     0      0.00      0.00 1117824  192860   2.51  |__fastlio_mapping
16时30分37秒  1000         -     31112    0.00    0.00    0.00    0.00    0.00    14      0.00      0.00 1117824  192860   2.51  |__fastlio_mapping
16时30分37秒  1000         -     31113    0.00    0.00    0.00    0.00    0.00     8      0.00      0.00 1117824  192860   2.51  |__fastlio_mapping
16时30分37秒  1000         -     31114    1.00    0.00    0.00    0.00    1.00     9      0.00      0.00 1117824  192860   2.51  |__fastlio_mapping
16时30分37秒  1000         -     31115    0.00    0.00    0.00    0.00    0.00    13      0.00      0.00 1117824  192860   2.51  |__fastlio_mapping
16时30分37秒  1000         -     31116    0.00    0.00    0.00    0.00    0.00    15      0.00      0.00 1117824  192860   2.51  |__fastlio_mapping
16时30分37秒  1000         -     31117    0.00    0.00    0.00    0.00    0.00     8      0.00      0.00 1117824  192860   2.51  |__fastlio_mapping
16时30分37秒  1000         -     31118   13.00    0.00    0.00    0.00   13.00     3      0.00      0.00 1117824  192860   2.51  |__fastlio_mapping
16时30分37秒  1000         -     31119   13.00    0.00    0.00    0.00   13.00     4      0.00      0.00 1117824  192860   2.51  |__fastlio_mapping

# Time        UID      TGID       TID    %usr %system  %guest   %wait    %CPU   CPU  minflt/s  majflt/s     VSZ     RSS   %MEM  Command
16时30分38秒  1000     31103         -   35.00    2.00    0.00    0.00   37.00     1   4895.00      0.00 1118056  193248   2.52  fastlio_mapping
16时30分38秒  1000         -     31103    7.00    1.00    0.00    0.00    8.00     1   4895.00      0.00 1118056  193248   2.52  |__fastlio_mapping
16时30分38秒  1000         -     31105    1.00    2.00    0.00    1.00    3.00     9      0.00      0.00 1118056  193248   2.52  |__fastlio_mapping
16时30分38秒  1000         -     31106    0.00    0.00    0.00    0.00    0.00    11      0.00      0.00 1118056  193248   2.52  |__fastlio_mapping
16时30分38秒  1000         -     31107    0.00    0.00    0.00    0.00    0.00    15      0.00      0.00 1118056  193248   2.52  |__fastlio_mapping
16时30分38秒  1000         -     31108    0.00    0.00    0.00    0.00    0.00    14      0.00      0.00 1118056  193248   2.52  |__fastlio_mapping
16时30分38秒  1000         -     31109    0.00    0.00    0.00    0.00    0.00     0      0.00      0.00 1118056  193248   2.52  |__fastlio_mapping
16时30分38秒  1000         -     31110    0.00    0.00    0.00    0.00    0.00     8      0.00      0.00 1118056  193248   2.52  |__fastlio_mapping
16时30分38秒  1000         -     31111    0.00    0.00    0.00    0.00    0.00     0      0.00      0.00 1118056  193248   2.52  |__fastlio_mapping
16时30分38秒  1000         -     31112    0.00    0.00    0.00    0.00    0.00     8      0.00      0.00 1118056  193248   2.52  |__fastlio_mapping
16时30分38秒  1000         -     31113    0.00    0.00    0.00    0.00    0.00     8      0.00      0.00 1118056  193248   2.52  |__fastlio_mapping
16时30分38秒  1000         -     31114    1.00    0.00    0.00    0.00    1.00    12      0.00      0.00 1118056  193248   2.52  |__fastlio_mapping
16时30分38秒  1000         -     31115    0.00    0.00    0.00    0.00    0.00    13      0.00      0.00 1118056  193248   2.52  |__fastlio_mapping
16时30分38秒  1000         -     31116    0.00    0.00    0.00    0.00    0.00    15      0.00      0.00 1118056  193248   2.52  |__fastlio_mapping
16时30分38秒  1000         -     31117    1.00    0.00    0.00    0.00    1.00     4      0.00      0.00 1118056  193248   2.52  |__fastlio_mapping
16时30分38秒  1000         -     31118   13.00    0.00    0.00    0.00   13.00     3      0.00      0.00 1118056  193248   2.52  |__fastlio_mapping
16时30分38秒  1000         -     31119   12.00    0.00    0.00    0.00   12.00     4      0.00      0.00 1118056  193248   2.52  |__fastlio_mapping

# Time        UID      TGID       TID    %usr %system  %guest   %wait    %CPU   CPU  minflt/s  majflt/s     VSZ     RSS   %MEM  Command
16时30分39秒  1000     31103         -   34.00    3.00    0.00    0.00   37.00     1   4947.00      0.00 1118280  193696   2.53  fastlio_mapping
16时30分39秒  1000         -     31103    6.00    1.00    0.00    0.00    7.00     1   4947.00      0.00 1118280  193696   2.53  |__fastlio_mapping
16时30分39秒  1000         -     31105    0.00    1.00    0.00    0.00    1.00     0      0.00      0.00 1118280  193696   2.53  |__fastlio_mapping
16时30分39秒  1000         -     31106    0.00    0.00    0.00    0.00    0.00    11      0.00      0.00 1118280  193696   2.53  |__fastlio_mapping
16时30分39秒  1000         -     31107    0.00    0.00    0.00    0.00    0.00    15      0.00      0.00 1118280  193696   2.53  |__fastlio_mapping
16时30分39秒  1000         -     31108    0.00    0.00    0.00    0.00    0.00    14      0.00      0.00 1118280  193696   2.53  |__fastlio_mapping
16时30分39秒  1000         -     31109    0.00    0.00    0.00    0.00    0.00    14      0.00      0.00 1118280  193696   2.53  |__fastlio_mapping
16时30分39秒  1000         -     31110    0.00    0.00    0.00    0.00    0.00     8      0.00      0.00 1118280  193696   2.53  |__fastlio_mapping
16时30分39秒  1000         -     31111    0.00    0.00    0.00    0.00    0.00     0      0.00      0.00 1118280  193696   2.53  |__fastlio_mapping
16时30分39秒  1000         -     31112    0.00    0.00    0.00    0.00    0.00     8      0.00      0.00 1118280  193696   2.53  |__fastlio_mapping
16时30分39秒  1000         -     31113    0.00    0.00    0.00    0.00    0.00     8      0.00      0.00 1118280  193696   2.53  |__fastlio_mapping
16时30分39秒  1000         -     31114    1.00    1.00    0.00    0.00    2.00    15      0.00      0.00 1118280  193696   2.53  |__fastlio_mapping
16时30分39秒  1000         -     31115    0.00    0.00    0.00    0.00    0.00    13      0.00      0.00 1118280  193696   2.53  |__fastlio_mapping
16时30分39秒  1000         -     31116    0.00    0.00    0.00    0.00    0.00    15      0.00      0.00 1118280  193696   2.53  |__fastlio_mapping
16时30分39秒  1000         -     31117    0.00    0.00    0.00    0.00    0.00     6      0.00      0.00 1118280  193696   2.53  |__fastlio_mapping
16时30分39秒  1000         -     31118   12.00    0.00    0.00    0.00   12.00     3      0.00      0.00 1118280  193696   2.53  |__fastlio_mapping
16时30分39秒  1000         -     31119   13.00    0.00    0.00    0.00   13.00     4      0.00      0.00 1118280  193696   2.53  |__fastlio_mapping

# Time        UID      TGID       TID    %usr %system  %guest   %wait    %CPU   CPU  minflt/s  majflt/s     VSZ     RSS   %MEM  Command
16时30分40秒  1000     31103         -   34.00    2.00    0.00    0.00   36.00     1   5009.00      0.00 1118512  194160   2.53  fastlio_mapping
16时30分40秒  1000         -     31103    5.00    1.00    0.00    0.00    6.00     1   5009.00      0.00 1118512  194160   2.53  |__fastlio_mapping
16时30分40秒  1000         -     31105    1.00    2.00    0.00    0.00    3.00     0      0.00      0.00 1118512  194160   2.53  |__fastlio_mapping
16时30分40秒  1000         -     31106    0.00    0.00    0.00    0.00    0.00    11      0.00      0.00 1118512  194160   2.53  |__fastlio_mapping
16时30分40秒  1000         -     31107    0.00    0.00    0.00    0.00    0.00    15      0.00      0.00 1118512  194160   2.53  |__fastlio_mapping
16时30分40秒  1000         -     31108    0.00    0.00    0.00    0.00    0.00    14      0.00      0.00 1118512  194160   2.53  |__fastlio_mapping
16时30分40秒  1000         -     31109    0.00    0.00    0.00    0.00    0.00     9      0.00      0.00 1118512  194160   2.53  |__fastlio_mapping
16时30分40秒  1000         -     31110    0.00    0.00    0.00    0.00    0.00     8      0.00      0.00 1118512  194160   2.53  |__fastlio_mapping
16时30分40秒  1000         -     31111    0.00    0.00    0.00    0.00    0.00    12      0.00      0.00 1118512  194160   2.53  |__fastlio_mapping
16时30分40秒  1000         -     31112    0.00    0.00    0.00    0.00    0.00     2      0.00      0.00 1118512  194160   2.53  |__fastlio_mapping
16时30分40秒  1000         -     31113    0.00    0.00    0.00    0.00    0.00     8      0.00      0.00 1118512  194160   2.53  |__fastlio_mapping
16时30分40秒  1000         -     31114    1.00    0.00    0.00    0.00    1.00    11      0.00      0.00 1118512  194160   2.53  |__fastlio_mapping
16时30分40秒  1000         -     31115    0.00    0.00    0.00    0.00    0.00    13      0.00      0.00 1118512  194160   2.53  |__fastlio_mapping
16时30分40秒  1000         -     31116    0.00    0.00    0.00    0.00    0.00    15      0.00      0.00 1118512  194160   2.53  |__fastlio_mapping
16时30分40秒  1000         -     31117    1.00    0.00    0.00    0.00    1.00     2      0.00      0.00 1118512  194160   2.53  |__fastlio_mapping
16时30分40秒  1000         -     31118   14.00    0.00    0.00    0.00   14.00     3      0.00      0.00 1118512  194160   2.53  |__fastlio_mapping
16时30分40秒  1000         -     31119   12.00    0.00    0.00    0.00   12.00     6      0.00      0.00 1118512  194160   2.53  |__fastlio_mapping

# Time        UID      TGID       TID    %usr %system  %guest   %wait    %CPU   CPU  minflt/s  majflt/s     VSZ     RSS   %MEM  Command
16时30分41秒  1000     31103         -   35.00    2.00    0.00    0.00   37.00     1   5064.00      0.00 1118740  194616   2.54  fastlio_mapping
16时30分41秒  1000         -     31103    7.00    1.00    0.00    0.00    8.00     1   5064.00      0.00 1118740  194616   2.54  |__fastlio_mapping
16时30分41秒  1000         -     31105    1.00    1.00    0.00    0.00    2.00    12      0.00      0.00 1118740  194616   2.54  |__fastlio_mapping
16时30分41秒  1000         -     31106    0.00    0.00    0.00    0.00    0.00    11      0.00      0.00 1118740  194616   2.54  |__fastlio_mapping
16时30分41秒  1000         -     31107    0.00    0.00    0.00    0.00    0.00    15      0.00      0.00 1118740  194616   2.54  |__fastlio_mapping
16时30分41秒  1000         -     31108    0.00    0.00    0.00    0.00    0.00    14      0.00      0.00 1118740  194616   2.54  |__fastlio_mapping
16时30分41秒  1000         -     31109    0.00    0.00    0.00    0.00    0.00     9      0.00      0.00 1118740  194616   2.54  |__fastlio_mapping
16时30分41秒  1000         -     31110    0.00    0.00    0.00    0.00    0.00     8      0.00      0.00 1118740  194616   2.54  |__fastlio_mapping
16时30分41秒  1000         -     31111    0.00    0.00    0.00    0.00    0.00     9      0.00      0.00 1118740  194616   2.54  |__fastlio_mapping
16时30分41秒  1000         -     31112    0.00    0.00    0.00    0.00    0.00     4      0.00      0.00 1118740  194616   2.54  |__fastlio_mapping
16时30分41秒  1000         -     31113    0.00    0.00    0.00    0.00    0.00     8      0.00      0.00 1118740  194616   2.54  |__fastlio_mapping
16时30分41秒  1000         -     31114    1.00    0.00    0.00    0.00    1.00     8      0.00      0.00 1118740  194616   2.54  |__fastlio_mapping
16时30分41秒  1000         -     31115    0.00    0.00    0.00    0.00    0.00    13      0.00      0.00 1118740  194616   2.54  |__fastlio_mapping
16时30分41秒  1000         -     31116    0.00    0.00    0.00    0.00    0.00    15      0.00      0.00 1118740  194616   2.54  |__fastlio_mapping
16时30分41秒  1000         -     31117    1.00    0.00    0.00    0.00    1.00     2      0.00      0.00 1118740  194616   2.54  |__fastlio_mapping
16时30分41秒  1000         -     31118   12.00    0.00    0.00    0.00   12.00     3      0.00      0.00 1118740  194616   2.54  |__fastlio_mapping
16时30分41秒  1000         -     31119   13.00    0.00    0.00    0.00   13.00     6      0.00      0.00 1118740  194616   2.54  |__fastlio_mapping

# Time        UID      TGID       TID    %usr %system  %guest   %wait    %CPU   CPU  minflt/s  majflt/s     VSZ     RSS   %MEM  Command
16时30分42秒  1000     31103         -   34.00    3.00    0.00    0.00   37.00    12   5124.00      0.00 1118972  195080   2.54  fastlio_mapping
16时30分42秒  1000         -     31103    6.00    1.00    0.00    0.00    7.00    12   5124.00      0.00 1118972  195080   2.54  |__fastlio_mapping
16时30分42秒  1000         -     31105    1.00    1.00    0.00    0.00    2.00     2      0.00      0.00 1118972  195080   2.54  |__fastlio_mapping
16时30分42秒  1000         -     31106    0.00    0.00    0.00    0.00    0.00    11      0.00      0.00 1118972  195080   2.54  |__fastlio_mapping
16时30分42秒  1000         -     31107    0.00    0.00    0.00    0.00    0.00    15      0.00      0.00 1118972  195080   2.54  |__fastlio_mapping
16时30分42秒  1000         -     31108    0.00    0.00    0.00    0.00    0.00    14      0.00      0.00 1118972  195080   2.54  |__fastlio_mapping
16时30分42秒  1000         -     31109    1.00    0.00    0.00    0.00    1.00     8      0.00      0.00 1118972  195080   2.54  |__fastlio_mapping
16时30分42秒  1000         -     31110    0.00    0.00    0.00    0.00    0.00     8      0.00      0.00 1118972  195080   2.54  |__fastlio_mapping
16时30分42秒  1000         -     31111    0.00    0.00    0.00    0.00    0.00     9      0.00      0.00 1118972  195080   2.54  |__fastlio_mapping
16时30分42秒  1000         -     31112    0.00    0.00    0.00    0.00    0.00     4      0.00      0.00 1118972  195080   2.54  |__fastlio_mapping
16时30分42秒  1000         -     31113    0.00    0.00    0.00    0.00    0.00     8      0.00      0.00 1118972  195080   2.54  |__fastlio_mapping
16时30分42秒  1000         -     31114    0.00    0.00    0.00    0.00    0.00    15      0.00      0.00 1118972  195080   2.54  |__fastlio_mapping
16时30分42秒  1000         -     31115    0.00    0.00    0.00    0.00    0.00    13      0.00      0.00 1118972  195080   2.54  |__fastlio_mapping
16时30分42秒  1000         -     31116    0.00    0.00    0.00    0.00    0.00    15      0.00      0.00 1118972  195080   2.54  |__fastlio_mapping
16时30分42秒  1000         -     31117    0.00    0.00    0.00    0.00    0.00     0      0.00      0.00 1118972  195080   2.54  |__fastlio_mapping
16时30分42秒  1000         -     31118   13.00    0.00    0.00    0.00   13.00     3      0.00      0.00 1118972  195080   2.54  |__fastlio_mapping
16时30分42秒  1000         -     31119   13.00    0.00    0.00    0.00   13.00     6      0.00      0.00 1118972  195080   2.54  |__fastlio_mapping

# Time        UID      TGID       TID    %usr %system  %guest   %wait    %CPU   CPU  minflt/s  majflt/s     VSZ     RSS   %MEM  Command
16时30分43秒  1000     31103         -   34.00    3.00    0.00    0.00   37.00     0   5182.00      0.00 1119204  195456   2.55  fastlio_mapping
16时30分43秒  1000         -     31103    6.00    2.00    0.00    0.00    8.00     0   5182.00      0.00 1119204  195456   2.55  |__fastlio_mapping
16时30分43秒  1000         -     31105    1.00    2.00    0.00    0.00    3.00    15      0.00      0.00 1119204  195456   2.55  |__fastlio_mapping
16时30分43秒  1000         -     31106    0.00    0.00    0.00    0.00    0.00    11      0.00      0.00 1119204  195456   2.55  |__fastlio_mapping
16时30分43秒  1000         -     31107    0.00    0.00    0.00    0.00    0.00    15      0.00      0.00 1119204  195456   2.55  |__fastlio_mapping
16时30分43秒  1000         -     31108    0.00    0.00    0.00    0.00    0.00    14      0.00      0.00 1119204  195456   2.55  |__fastlio_mapping
16时30分43秒  1000         -     31109    0.00    0.00    0.00    0.00    0.00    11      0.00      0.00 1119204  195456   2.55  |__fastlio_mapping
16时30分43秒  1000         -     31110    0.00    0.00    0.00    0.00    0.00     8      0.00      0.00 1119204  195456   2.55  |__fastlio_mapping
16时30分43秒  1000         -     31111    0.00    0.00    0.00    0.00    0.00     8      0.00      0.00 1119204  195456   2.55  |__fastlio_mapping
16时30分43秒  1000         -     31112    0.00    0.00    0.00    0.00    0.00     2      0.00      0.00 1119204  195456   2.55  |__fastlio_mapping
16时30分43秒  1000         -     31113    0.00    0.00    0.00    0.00    0.00     8      0.00      0.00 1119204  195456   2.55  |__fastlio_mapping
16时30分43秒  1000         -     31114    1.00    0.00    0.00    0.00    1.00     6      0.00      0.00 1119204  195456   2.55  |__fastlio_mapping
16时30分43秒  1000         -     31115    0.00    0.00    0.00    0.00    0.00    13      0.00      0.00 1119204  195456   2.55  |__fastlio_mapping
16时30分43秒  1000         -     31116    0.00    0.00    0.00    0.00    0.00    15      0.00      0.00 1119204  195456   2.55  |__fastlio_mapping
16时30分43秒  1000         -     31117    1.00    0.00    0.00    0.00    1.00     9      0.00      0.00 1119204  195456   2.55  |__fastlio_mapping
16时30分43秒  1000         -     31118   12.00    0.00    0.00    0.00   12.00     3      0.00      0.00 1119204  195456   2.55  |__fastlio_mapping
16时30分43秒  1000         -     31119   12.00    1.00    0.00    0.00   13.00     4      0.00      0.00 1119204  195456   2.55  |__fastlio_mapping

# Time        UID      TGID       TID    %usr %system  %guest   %wait    %CPU   CPU  minflt/s  majflt/s     VSZ     RSS   %MEM  Command
16时30分44秒  1000     31103         -   32.00    2.00    0.00    0.00   34.00     0   5240.00      0.00 1119436  195920   2.55  fastlio_mapping
16时30分44秒  1000         -     31103    6.00    1.00    0.00    0.00    7.00     0   5240.00      0.00 1119436  195920   2.55  |__fastlio_mapping
16时30分44秒  1000         -     31105    1.00    1.00    0.00    0.00    2.00     9      0.00      0.00 1119436  195920   2.55  |__fastlio_mapping
16时30分44秒  1000         -     31106    0.00    0.00    0.00    0.00    0.00    11      0.00      0.00 1119436  195920   2.55  |__fastlio_mapping
16时30分44秒  1000         -     31107    0.00    0.00    0.00    0.00    0.00    15      0.00      0.00 1119436  195920   2.55  |__fastlio_mapping
16时30分44秒  1000         -     31108    0.00    0.00    0.00    0.00    0.00    12      0.00      0.00 1119436  195920   2.55  |__fastlio_mapping
16时30分44秒  1000         -     31109    0.00    0.00    0.00    0.00    0.00    12      0.00      0.00 1119436  195920   2.55  |__fastlio_mapping
16时30分44秒  1000         -     31110    0.00    0.00    0.00    0.00    0.00     8      0.00      0.00 1119436  195920   2.55  |__fastlio_mapping
16时30分44秒  1000         -     31111    0.00    0.00    0.00    0.00    0.00     9      0.00      0.00 1119436  195920   2.55  |__fastlio_mapping
16时30分44秒  1000         -     31112    0.00    0.00    0.00    0.00    0.00     2      0.00      0.00 1119436  195920   2.55  |__fastlio_mapping
16时30分44秒  1000         -     31113    0.00    0.00    0.00    0.00    0.00     8      0.00      0.00 1119436  195920   2.55  |__fastlio_mapping
16时30分44秒  1000         -     31114    1.00    0.00    0.00    0.00    1.00    15      0.00      0.00 1119436  195920   2.55  |__fastlio_mapping
16时30分44秒  1000         -     31115    0.00    0.00    0.00    0.00    0.00    13      0.00      0.00 1119436  195920   2.55  |__fastlio_mapping
16时30分44秒  1000         -     31116    0.00    0.00    0.00    0.00    0.00    15      0.00      0.00 1119436  195920   2.55  |__fastlio_mapping
16时30分44秒  1000         -     31117    1.00    0.00    0.00    0.00    1.00     8      0.00      0.00 1119436  195920   2.55  |__fastlio_mapping
16时30分44秒  1000         -     31118   13.00    0.00    0.00    0.00   13.00     3      0.00      0.00 1119436  195920   2.55  |__fastlio_mapping
16时30分44秒  1000         -     31119   11.00    0.00    0.00    0.00   11.00     6      0.00      0.00 1119436  195920   2.55  |__fastlio_mapping

# Time        UID      TGID       TID    %usr %system  %guest   %wait    %CPU   CPU  minflt/s  majflt/s     VSZ     RSS   %MEM  Command
16时30分45秒  1000     31103         -   33.00    3.00    0.00    0.00   36.00     1   5304.00      0.00 1119676  196444   2.56  fastlio_mapping
16时30分45秒  1000         -     31103    7.00    0.00    0.00    0.00    7.00     1   5304.00      0.00 1119676  196444   2.56  |__fastlio_mapping
16时30分45秒  1000         -     31105    1.00    1.00    0.00    0.00    2.00     0      0.00      0.00 1119676  196444   2.56  |__fastlio_mapping
16时30分45秒  1000         -     31106    0.00    0.00    0.00    0.00    0.00    11      0.00      0.00 1119676  196444   2.56  |__fastlio_mapping
16时30分45秒  1000         -     31107    0.00    0.00    0.00    0.00    0.00    15      0.00      0.00 1119676  196444   2.56  |__fastlio_mapping
16时30分45秒  1000         -     31108    0.00    0.00    0.00    0.00    0.00    12      0.00      0.00 1119676  196444   2.56  |__fastlio_mapping
16时30分45秒  1000         -     31109    0.00    0.00    0.00    0.00    0.00     2      0.00      0.00 1119676  196444   2.56  |__fastlio_mapping
16时30分45秒  1000         -     31110    0.00    0.00    0.00    0.00    0.00     8      0.00      0.00 1119676  196444   2.56  |__fastlio_mapping
16时30分45秒  1000         -     31111    0.00    0.00    0.00    0.00    0.00     9      0.00      0.00 1119676  196444   2.56  |__fastlio_mapping
16时30分45秒  1000         -     31112    0.00    0.00    0.00    0.00    0.00     2      0.00      0.00 1119676  196444   2.56  |__fastlio_mapping
16时30分45秒  1000         -     31113    0.00    0.00    0.00    0.00    0.00     8      0.00      0.00 1119676  196444   2.56  |__fastlio_mapping
16时30分45秒  1000         -     31114    0.00    0.00    0.00    0.00    0.00     4      0.00      0.00 1119676  196444   2.56  |__fastlio_mapping
16时30分45秒  1000         -     31115    0.00    0.00    0.00    0.00    0.00    13      0.00      0.00 1119676  196444   2.56  |__fastlio_mapping
16时30分45秒  1000         -     31116    0.00    0.00    0.00    0.00    0.00    15      0.00      0.00 1119676  196444   2.56  |__fastlio_mapping
16时30分45秒  1000         -     31117    0.00    1.00    0.00    0.00    1.00     4      0.00      0.00 1119676  196444   2.56  |__fastlio_mapping
16时30分45秒  1000         -     31118   12.00    0.00    0.00    0.00   12.00     3      0.00      0.00 1119676  196444   2.56  |__fastlio_mapping
16时30分45秒  1000         -     31119   12.00    0.00    0.00    0.00   12.00     8      0.00      0.00 1119676  196444   2.56  |__fastlio_mapping

# Time        UID      TGID       TID    %usr %system  %guest   %wait    %CPU   CPU  minflt/s  majflt/s     VSZ     RSS   %MEM  Command
16时30分46秒  1000     31103         -   33.00    2.00    0.00    0.00   35.00     1   5358.00      0.00 1119908  196908   2.57  fastlio_mapping
16时30分46秒  1000         -     31103    6.00    1.00    0.00    0.00    7.00     1   5358.00      0.00 1119908  196908   2.57  |__fastlio_mapping
16时30分46秒  1000         -     31105    1.00    1.00    0.00    0.00    2.00    10      0.00      0.00 1119908  196908   2.57  |__fastlio_mapping
16时30分46秒  1000         -     31106    0.00    0.00    0.00    0.00    0.00    11      0.00      0.00 1119908  196908   2.57  |__fastlio_mapping
16时30分46秒  1000         -     31107    0.00    0.00    0.00    0.00    0.00    15      0.00      0.00 1119908  196908   2.57  |__fastlio_mapping
16时30分46秒  1000         -     31108    0.00    0.00    0.00    0.00    0.00    12      0.00      0.00 1119908  196908   2.57  |__fastlio_mapping
16时30分46秒  1000         -     31109    0.00    0.00    0.00    0.00    0.00    10      0.00      0.00 1119908  196908   2.57  |__fastlio_mapping
16时30分46秒  1000         -     31110    0.00    0.00    0.00    0.00    0.00     8      0.00      0.00 1119908  196908   2.57  |__fastlio_mapping
16时30分46秒  1000         -     31111    0.00    0.00    0.00    0.00    0.00    10      0.00      0.00 1119908  196908   2.57  |__fastlio_mapping
16时30分46秒  1000         -     31112    0.00    0.00    0.00    0.00    0.00     9      0.00      0.00 1119908  196908   2.57  |__fastlio_mapping
16时30分46秒  1000         -     31113    0.00    0.00    0.00    0.00    0.00     8      0.00      0.00 1119908  196908   2.57  |__fastlio_mapping
16时30分46秒  1000         -     31114    1.00    0.00    0.00    0.00    1.00     8      0.00      0.00 1119908  196908   2.57  |__fastlio_mapping
16时30分46秒  1000         -     31115    0.00    0.00    0.00    0.00    0.00    13      0.00      0.00 1119908  196908   2.57  |__fastlio_mapping
16时30分46秒  1000         -     31116    0.00    0.00    0.00    0.00    0.00    15      0.00      0.00 1119908  196908   2.57  |__fastlio_mapping
16时30分46秒  1000         -     31117    0.00    0.00    0.00    0.00    0.00     6      0.00      0.00 1119908  196908   2.57  |__fastlio_mapping
16时30分46秒  1000         -     31118   13.00    0.00    0.00    0.00   13.00     3      0.00      0.00 1119908  196908   2.57  |__fastlio_mapping
16时30分46秒  1000         -     31119   12.00    0.00    0.00    0.00   12.00     4      0.00      0.00 1119908  196908   2.57  |__fastlio_mapping

# Time        UID      TGID       TID    %usr %system  %guest   %wait    %CPU   CPU  minflt/s  majflt/s     VSZ     RSS   %MEM  Command
16时30分47秒  1000     31103         -   34.00    2.00    0.00    0.00   36.00     4   5416.00      0.00 1120140  197372   2.57  fastlio_mapping
16时30分47秒  1000         -     31103    6.00    1.00    0.00    0.00    7.00     4   5416.00      0.00 1120140  197372   2.57  |__fastlio_mapping
16时30分47秒  1000         -     31105    1.00    1.00    0.00    0.00    2.00     0      0.00      0.00 1120140  197372   2.57  |__fastlio_mapping
16时30分47秒  1000         -     31106    0.00    0.00    0.00    0.00    0.00    11      0.00      0.00 1120140  197372   2.57  |__fastlio_mapping
16时30分47秒  1000         -     31107    0.00    0.00    0.00    0.00    0.00    15      0.00      0.00 1120140  197372   2.57  |__fastlio_mapping
16时30分47秒  1000         -     31108    0.00    0.00    0.00    0.00    0.00    12      0.00      0.00 1120140  197372   2.57  |__fastlio_mapping
16时30分47秒  1000         -     31109    0.00    0.00    0.00    0.00    0.00    14      0.00      0.00 1120140  197372   2.57  |__fastlio_mapping
16时30分47秒  1000         -     31110    0.00    0.00    0.00    0.00    0.00     8      0.00      0.00 1120140  197372   2.57  |__fastlio_mapping
16时30分47秒  1000         -     31111    0.00    0.00    0.00    0.00    0.00     9      0.00      0.00 1120140  197372   2.57  |__fastlio_mapping
16时30分47秒  1000         -     31112    0.00    0.00    0.00    0.00    0.00     2      0.00      0.00 1120140  197372   2.57  |__fastlio_mapping
16时30分47秒  1000         -     31113    0.00    0.00    0.00    0.00    0.00     8      0.00      0.00 1120140  197372   2.57  |__fastlio_mapping
16时30分47秒  1000         -     31114    1.00    1.00    0.00    0.00    2.00     9      0.00      0.00 1120140  197372   2.57  |__fastlio_mapping
16时30分47秒  1000         -     31115    0.00    0.00    0.00    0.00    0.00    13      0.00      0.00 1120140  197372   2.57  |__fastlio_mapping
16时30分47秒  1000         -     31116    0.00    0.00    0.00    0.00    0.00    15      0.00      0.00 1120140  197372   2.57  |__fastlio_mapping
16时30分47秒  1000         -     31117    1.00    0.00    0.00    0.00    1.00     0      0.00      0.00 1120140  197372   2.57  |__fastlio_mapping
16时30分47秒  1000         -     31118   12.00    0.00    0.00    0.00   12.00     3      0.00      0.00 1120140  197372   2.57  |__fastlio_mapping
16时30分47秒  1000         -     31119   12.00    0.00    0.00    0.00   12.00     6      0.00      0.00 1120140  197372   2.57  |__fastlio_mapping

# Time        UID      TGID       TID    %usr %system  %guest   %wait    %CPU   CPU  minflt/s  majflt/s     VSZ     RSS   %MEM  Command
16时30分48秒  1000     31103         -   34.00    2.00    0.00    0.00   36.00    15   5577.00      0.00 1120772  198236   2.58  fastlio_mapping
16时30分48秒  1000         -     31103    7.00    2.00    0.00    0.00    9.00    15   5577.00      0.00 1120772  198236   2.58  |__fastlio_mapping
16时30分48秒  1000         -     31105    1.00    1.00    0.00    0.00    2.00    13      0.00      0.00 1120772  198236   2.58  |__fastlio_mapping
16时30分48秒  1000         -     31106    0.00    0.00    0.00    0.00    0.00    11      0.00      0.00 1120772  198236   2.58  |__fastlio_mapping
16时30分48秒  1000         -     31107    0.00    0.00    0.00    0.00    0.00    15      0.00      0.00 1120772  198236   2.58  |__fastlio_mapping
16时30分48秒  1000         -     31108    0.00    0.00    0.00    0.00    0.00    12      0.00      0.00 1120772  198236   2.58  |__fastlio_mapping
16时30分48秒  1000         -     31109    0.00    0.00    0.00    0.00    0.00    12      0.00      0.00 1120772  198236   2.58  |__fastlio_mapping
16时30分48秒  1000         -     31110    0.00    0.00    0.00    0.00    0.00     8      0.00      0.00 1120772  198236   2.58  |__fastlio_mapping
16时30分48秒  1000         -     31111    0.00    0.00    0.00    0.00    0.00     9      0.00      0.00 1120772  198236   2.58  |__fastlio_mapping
16时30分48秒  1000         -     31112    0.00    0.00    0.00    0.00    0.00     2      0.00      0.00 1120772  198236   2.58  |__fastlio_mapping
16时30分48秒  1000         -     31113    0.00    0.00    0.00    0.00    0.00     8      0.00      0.00 1120772  198236   2.58  |__fastlio_mapping
16时30分48秒  1000         -     31114    0.00    0.00    0.00    0.00    0.00    13      0.00      0.00 1120772  198236   2.58  |__fastlio_mapping
16时30分48秒  1000         -     31115    0.00    0.00    0.00    0.00    0.00    13      0.00      0.00 1120772  198236   2.58  |__fastlio_mapping
16时30分48秒  1000         -     31116    0.00    0.00    0.00    0.00    0.00    15      0.00      0.00 1120772  198236   2.58  |__fastlio_mapping
16时30分48秒  1000         -     31117    0.00    0.00    0.00    0.00    0.00    12      0.00      0.00 1120772  198236   2.58  |__fastlio_mapping
16时30分48秒  1000         -     31118   13.00    0.00    0.00    0.00   13.00     3      0.00      0.00 1120772  198236   2.58  |__fastlio_mapping
16时30分48秒  1000         -     31119   12.00    0.00    0.00    0.00   12.00     4      0.00      0.00 1120772  198236   2.58  |__fastlio_mapping

# Time        UID      TGID       TID    %usr %system  %guest   %wait    %CPU   CPU  minflt/s  majflt/s     VSZ     RSS   %MEM  Command
16时30分49秒  1000     31103         -   37.00    3.00    0.00    0.00   40.00     4   5537.00      0.00 1121008  198708   2.59  fastlio_mapping
16时30分49秒  1000         -     31103    8.00    1.00    0.00    0.00    9.00     4   5537.00      0.00 1121008  198708   2.59  |__fastlio_mapping
16时30分49秒  1000         -     31105    1.00    2.00    0.00    0.00    3.00    12      0.00      0.00 1121008  198708   2.59  |__fastlio_mapping
16时30分49秒  1000         -     31106    0.00    0.00    0.00    0.00    0.00    11      0.00      0.00 1121008  198708   2.59  |__fastlio_mapping
16时30分49秒  1000         -     31107    0.00    0.00    0.00    0.00    0.00    15      0.00      0.00 1121008  198708   2.59  |__fastlio_mapping
16时30分49秒  1000         -     31108    0.00    0.00    0.00    0.00    0.00    12      0.00      0.00 1121008  198708   2.59  |__fastlio_mapping
16时30分49秒  1000         -     31109    1.00    0.00    0.00    0.00    1.00    15      0.00      0.00 1121008  198708   2.59  |__fastlio_mapping
16时30分49秒  1000         -     31110    0.00    0.00    0.00    0.00    0.00     8      0.00      0.00 1121008  198708   2.59  |__fastlio_mapping
16时30分49秒  1000         -     31111    0.00    0.00    0.00    0.00    0.00    13      0.00      0.00 1121008  198708   2.59  |__fastlio_mapping
16时30分49秒  1000         -     31112    0.00    0.00    0.00    0.00    0.00     2      0.00      0.00 1121008  198708   2.59  |__fastlio_mapping
16时30分49秒  1000         -     31113    0.00    0.00    0.00    0.00    0.00     8      0.00      0.00 1121008  198708   2.59  |__fastlio_mapping
16时30分49秒  1000         -     31114    1.00    0.00    0.00    0.00    1.00    10      0.00      0.00 1121008  198708   2.59  |__fastlio_mapping
16时30分49秒  1000         -     31115    0.00    0.00    0.00    0.00    0.00    13      0.00      0.00 1121008  198708   2.59  |__fastlio_mapping
16时30分49秒  1000         -     31116    0.00    0.00    0.00    0.00    0.00    15      0.00      0.00 1121008  198708   2.59  |__fastlio_mapping
16时30分49秒  1000         -     31117    1.00    0.00    0.00    0.00    1.00     8      0.00      0.00 1121008  198708   2.59  |__fastlio_mapping
16时30分49秒  1000         -     31118   13.00    0.00    0.00    0.00   13.00     3      0.00      0.00 1121008  198708   2.59  |__fastlio_mapping
16时30分49秒  1000         -     31119   13.00    0.00    0.00    0.00   13.00     6      0.00      0.00 1121008  198708   2.59  |__fastlio_mapping

# Time        UID      TGID       TID    %usr %system  %guest   %wait    %CPU   CPU  minflt/s  majflt/s     VSZ     RSS   %MEM  Command
16时30分50秒  1000     31103         -   34.00    3.00    0.00    0.00   37.00     7   5599.00      0.00 1121248  199188   2.60  fastlio_mapping
16时30分50秒  1000         -     31103    6.00    1.00    0.00    0.00    7.00     7   5599.00      0.00 1121248  199188   2.60  |__fastlio_mapping
16时30分50秒  1000         -     31105    1.00    1.00    0.00    0.00    2.00     0      0.00      0.00 1121248  199188   2.60  |__fastlio_mapping
16时30分50秒  1000         -     31106    0.00    0.00    0.00    0.00    0.00    11      0.00      0.00 1121248  199188   2.60  |__fastlio_mapping
16时30分50秒  1000         -     31107    0.00    0.00    0.00    0.00    0.00    15      0.00      0.00 1121248  199188   2.60  |__fastlio_mapping
16时30分50秒  1000         -     31108    0.00    0.00    0.00    0.00    0.00     0      0.00      0.00 1121248  199188   2.60  |__fastlio_mapping
16时30分50秒  1000         -     31109    0.00    0.00    0.00    0.00    0.00    13      0.00      0.00 1121248  199188   2.60  |__fastlio_mapping
16时30分50秒  1000         -     31110    0.00    0.00    0.00    0.00    0.00     8      0.00      0.00 1121248  199188   2.60  |__fastlio_mapping
16时30分50秒  1000         -     31111    0.00    0.00    0.00    0.00    0.00     9      0.00      0.00 1121248  199188   2.60  |__fastlio_mapping
16时30分50秒  1000         -     31112    0.00    0.00    0.00    0.00    0.00     4      0.00      0.00 1121248  199188   2.60  |__fastlio_mapping
16时30分50秒  1000         -     31113    0.00    0.00    0.00    0.00    0.00     8      0.00      0.00 1121248  199188   2.60  |__fastlio_mapping
16时30分50秒  1000         -     31114    1.00    0.00    0.00    0.00    1.00     8      0.00      0.00 1121248  199188   2.60  |__fastlio_mapping
16时30分50秒  1000         -     31115    0.00    0.00    0.00    0.00    0.00    13      0.00      0.00 1121248  199188   2.60  |__fastlio_mapping
16时30分50秒  1000         -     31116    0.00    0.00    0.00    0.00    0.00    15      0.00      0.00 1121248  199188   2.60  |__fastlio_mapping
16时30分50秒  1000         -     31117    0.00    1.00    0.00    0.00    1.00     8      0.00      0.00 1121248  199188   2.60  |__fastlio_mapping
16时30分50秒  1000         -     31118   13.00    0.00    0.00    0.00   13.00     3      0.00      0.00 1121248  199188   2.60  |__fastlio_mapping
16时30分50秒  1000         -     31119   13.00    0.00    0.00    0.00   13.00     4      0.00      0.00 1121248  199188   2.60  |__fastlio_mapping

# Time        UID      TGID       TID    %usr %system  %guest   %wait    %CPU   CPU  minflt/s  majflt/s     VSZ     RSS   %MEM  Command
16时30分51秒  1000     31103         -   33.00    2.00    0.00    0.00   35.00     7   5656.00      0.00 1121484  199660   2.60  fastlio_mapping
16时30分51秒  1000         -     31103    6.00    1.00    0.00    0.00    7.00     7   5656.00      0.00 1121484  199660   2.60  |__fastlio_mapping
16时30分51秒  1000         -     31105    1.00    1.00    0.00    0.00    2.00    12      0.00      0.00 1121484  199660   2.60  |__fastlio_mapping
16时30分51秒  1000         -     31106    0.00    0.00    0.00    0.00    0.00    11      0.00      0.00 1121484  199660   2.60  |__fastlio_mapping
16时30分51秒  1000         -     31107    0.00    0.00    0.00    0.00    0.00    15      0.00      0.00 1121484  199660   2.60  |__fastlio_mapping
16时30分51秒  1000         -     31108    0.00    0.00    0.00    0.00    0.00     0      0.00      0.00 1121484  199660   2.60  |__fastlio_mapping
16时30分51秒  1000         -     31109    0.00    0.00    0.00    0.00    0.00    12      0.00      0.00 1121484  199660   2.60  |__fastlio_mapping
16时30分51秒  1000         -     31110    0.00    0.00    0.00    0.00    0.00     8      0.00      0.00 1121484  199660   2.60  |__fastlio_mapping
16时30分51秒  1000         -     31111    0.00    0.00    0.00    0.00    0.00     9      0.00      0.00 1121484  199660   2.60  |__fastlio_mapping
16时30分51秒  1000         -     31112    0.00    0.00    0.00    0.00    0.00     4      0.00      0.00 1121484  199660   2.60  |__fastlio_mapping
16时30分51秒  1000         -     31113    0.00    0.00    0.00    0.00    0.00     8      0.00      0.00 1121484  199660   2.60  |__fastlio_mapping
16时30分51秒  1000         -     31114    0.00    0.00    0.00    0.00    0.00     9      0.00      0.00 1121484  199660   2.60  |__fastlio_mapping
16时30分51秒  1000         -     31115    0.00    0.00    0.00    0.00    0.00    13      0.00      0.00 1121484  199660   2.60  |__fastlio_mapping
16时30分51秒  1000         -     31116    0.00    0.00    0.00    0.00    0.00    15      0.00      0.00 1121484  199660   2.60  |__fastlio_mapping
16时30分51秒  1000         -     31117    1.00    0.00    0.00    1.00    1.00    12      0.00      0.00 1121484  199660   2.60  |__fastlio_mapping
16时30分51秒  1000         -     31118   12.00    0.00    0.00    0.00   12.00     3      0.00      0.00 1121484  199660   2.60  |__fastlio_mapping
16时30分51秒  1000         -     31119   13.00    0.00    0.00    0.00   13.00     4      0.00      0.00 1121484  199660   2.60  |__fastlio_mapping

# Time        UID      TGID       TID    %usr %system  %guest   %wait    %CPU   CPU  minflt/s  majflt/s     VSZ     RSS   %MEM  Command
16时30分52秒  1000     31103         -   34.00    3.00    0.00    0.00   37.00     4   5719.00      0.00 1121724  200140   2.61  fastlio_mapping
16时30分52秒  1000         -     31103    7.00    1.00    0.00    0.00    8.00     4   5718.00      0.00 1121724  200140   2.61  |__fastlio_mapping
16时30分52秒  1000         -     31105    1.00    1.00    0.00    0.00    2.00    13      0.00      0.00 1121724  200140   2.61  |__fastlio_mapping
16时30分52秒  1000         -     31106    0.00    0.00    0.00    0.00    0.00    11      0.00      0.00 1121724  200140   2.61  |__fastlio_mapping
16时30分52秒  1000         -     31107    0.00    0.00    0.00    0.00    0.00    15      0.00      0.00 1121724  200140   2.61  |__fastlio_mapping
16时30分52秒  1000         -     31108    0.00    0.00    0.00    0.00    0.00     0      0.00      0.00 1121724  200140   2.61  |__fastlio_mapping
16时30分52秒  1000         -     31109    0.00    0.00    0.00    0.00    0.00     8      0.00      0.00 1121724  200140   2.61  |__fastlio_mapping
16时30分52秒  1000         -     31110    0.00    0.00    0.00    0.00    0.00     8      0.00      0.00 1121724  200140   2.61  |__fastlio_mapping
16时30分52秒  1000         -     31111    0.00    0.00    0.00    0.00    0.00    12      0.00      0.00 1121724  200140   2.61  |__fastlio_mapping
16时30分52秒  1000         -     31112    0.00    0.00    0.00    0.00    0.00     4      0.00      0.00 1121724  200140   2.61  |__fastlio_mapping
16时30分52秒  1000         -     31113    0.00    0.00    0.00    0.00    0.00     8      0.00      0.00 1121724  200140   2.61  |__fastlio_mapping
16时30分52秒  1000         -     31114    1.00    1.00    0.00    0.00    2.00     0      0.00      0.00 1121724  200140   2.61  |__fastlio_mapping
16时30分52秒  1000         -     31115    0.00    0.00    0.00    0.00    0.00    13      0.00      0.00 1121724  200140   2.61  |__fastlio_mapping
16时30分52秒  1000         -     31116    0.00    0.00    0.00    0.00    0.00    15      0.00      0.00 1121724  200140   2.61  |__fastlio_mapping
16时30分52秒  1000         -     31117    0.00    0.00    0.00    0.00    0.00     6      0.00      0.00 1121724  200140   2.61  |__fastlio_mapping
16时30分52秒  1000         -     31118   13.00    0.00    0.00    0.00   13.00     3      0.00      0.00 1121724  200140   2.61  |__fastlio_mapping
16时30分52秒  1000         -     31119   12.00    0.00    0.00    0.00   12.00     6      1.00      0.00 1121724  200140   2.61  |__fastlio_mapping

# Time        UID      TGID       TID    %usr %system  %guest   %wait    %CPU   CPU  minflt/s  majflt/s     VSZ     RSS   %MEM  Command
16时30分53秒  1000     31103         -   33.00    3.00    0.00    0.00   36.00    10   5778.00      0.00 1121964  200664   2.62  fastlio_mapping
16时30分53秒  1000         -     31103    6.00    2.00    0.00    0.00    8.00    10   5778.00      0.00 1121964  200664   2.62  |__fastlio_mapping
16时30分53秒  1000         -     31105    1.00    2.00    0.00    0.00    3.00    14      0.00      0.00 1121964  200664   2.62  |__fastlio_mapping
16时30分53秒  1000         -     31106    0.00    0.00    0.00    0.00    0.00    11      0.00      0.00 1121964  200664   2.62  |__fastlio_mapping
16时30分53秒  1000         -     31107    0.00    0.00    0.00    0.00    0.00    15      0.00      0.00 1121964  200664   2.62  |__fastlio_mapping
16时30分53秒  1000         -     31108    0.00    0.00    0.00    0.00    0.00     0      0.00      0.00 1121964  200664   2.62  |__fastlio_mapping
16时30分53秒  1000         -     31109    0.00    0.00    0.00    0.00    0.00    10      0.00      0.00 1121964  200664   2.62  |__fastlio_mapping
16时30分53秒  1000         -     31110    0.00    0.00    0.00    0.00    0.00     8      0.00      0.00 1121964  200664   2.62  |__fastlio_mapping
16时30分53秒  1000         -     31111    0.00    0.00    0.00    0.00    0.00     6      0.00      0.00 1121964  200664   2.62  |__fastlio_mapping
16时30分53秒  1000         -     31112    0.00    0.00    0.00    0.00    0.00     8      0.00      0.00 1121964  200664   2.62  |__fastlio_mapping
16时30分53秒  1000         -     31113    0.00    0.00    0.00    0.00    0.00     8      0.00      0.00 1121964  200664   2.62  |__fastlio_mapping
16时30分53秒  1000         -     31114    1.00    0.00    0.00    0.00    1.00     3      0.00      0.00 1121964  200664   2.62  |__fastlio_mapping
16时30分53秒  1000         -     31115    0.00    0.00    0.00    0.00    0.00    13      0.00      0.00 1121964  200664   2.62  |__fastlio_mapping
16时30分53秒  1000         -     31116    0.00    0.00    0.00    0.00    0.00    15      0.00      0.00 1121964  200664   2.62  |__fastlio_mapping
16时30分53秒  1000         -     31117    1.00    0.00    0.00    0.00    1.00    11      0.00      0.00 1121964  200664   2.62  |__fastlio_mapping
16时30分53秒  1000         -     31118   12.00    0.00    0.00    0.00   12.00     3      0.00      0.00 1121964  200664   2.62  |__fastlio_mapping
16时30分53秒  1000         -     31119   11.00    0.00    0.00    0.00   11.00     6      0.00      0.00 1121964  200664   2.62  |__fastlio_mapping

# Time        UID      TGID       TID    %usr %system  %guest   %wait    %CPU   CPU  minflt/s  majflt/s     VSZ     RSS   %MEM  Command
16时30分54秒  1000     31103         -   33.00    3.00    0.00    0.00   36.00    12   5826.00      0.00 1122188  201112   2.62  fastlio_mapping
16时30分54秒  1000         -     31103    7.00    1.00    0.00    0.00    8.00    12   5826.00      0.00 1122188  201112   2.62  |__fastlio_mapping
16时30分54秒  1000         -     31105    1.00    1.00    0.00    0.00    2.00    15      0.00      0.00 1122188  201112   2.62  |__fastlio_mapping
16时30分54秒  1000         -     31106    0.00    0.00    0.00    0.00    0.00    11      0.00      0.00 1122188  201112   2.62  |__fastlio_mapping
16时30分54秒  1000         -     31107    0.00    0.00    0.00    0.00    0.00    15      0.00      0.00 1122188  201112   2.62  |__fastlio_mapping
16时30分54秒  1000         -     31108    0.00    0.00    0.00    0.00    0.00     0      0.00      0.00 1122188  201112   2.62  |__fastlio_mapping
16时30分54秒  1000         -     31109    0.00    0.00    0.00    0.00    0.00    10      0.00      0.00 1122188  201112   2.62  |__fastlio_mapping
16时30分54秒  1000         -     31110    0.00    0.00    0.00    0.00    0.00     8      0.00      0.00 1122188  201112   2.62  |__fastlio_mapping
16时30分54秒  1000         -     31111    0.00    0.00    0.00    0.00    0.00     6      0.00      0.00 1122188  201112   2.62  |__fastlio_mapping
16时30分54秒  1000         -     31112    0.00    0.00    0.00    0.00    0.00     8      0.00      0.00 1122188  201112   2.62  |__fastlio_mapping
16时30分54秒  1000         -     31113    0.00    0.00    0.00    0.00    0.00     8      0.00      0.00 1122188  201112   2.62  |__fastlio_mapping
16时30分54秒  1000         -     31114    0.00    0.00    0.00    0.00    0.00    10      0.00      0.00 1122188  201112   2.62  |__fastlio_mapping
16时30分54秒  1000         -     31115    0.00    0.00    0.00    0.00    0.00    13      0.00      0.00 1122188  201112   2.62  |__fastlio_mapping
16时30分54秒  1000         -     31116    0.00    0.00    0.00    0.00    0.00    15      0.00      0.00 1122188  201112   2.62  |__fastlio_mapping
16时30分54秒  1000         -     31117    0.00    0.00    0.00    0.00    0.00     9      0.00      0.00 1122188  201112   2.62  |__fastlio_mapping
16时30分54秒  1000         -     31118   12.00    0.00    0.00    0.00   12.00     0      0.00      0.00 1122188  201112   2.62  |__fastlio_mapping
16时30分54秒  1000         -     31119   12.00    0.00    0.00    0.00   12.00     6      0.00      0.00 1122188  201112   2.62  |__fastlio_mapping

# Time        UID      TGID       TID    %usr %system  %guest   %wait    %CPU   CPU  minflt/s  majflt/s     VSZ     RSS   %MEM  Command
16时30分55秒  1000     31103         -   31.00    4.00    0.00    0.00   35.00    15   5825.00      0.00 1122336  201428   2.63  fastlio_mapping
16时30分55秒  1000         -     31103    7.00    2.00    0.00    0.00    9.00    15   5825.00      0.00 1122336  201428   2.63  |__fastlio_mapping
16时30分55秒  1000         -     31105    1.00    1.00    0.00    0.00    2.00    10      0.00      0.00 1122336  201428   2.63  |__fastlio_mapping
16时30分55秒  1000         -     31106    0.00    0.00    0.00    0.00    0.00    11      0.00      0.00 1122336  201428   2.63  |__fastlio_mapping
16时30分55秒  1000         -     31107    0.00    0.00    0.00    0.00    0.00    15      0.00      0.00 1122336  201428   2.63  |__fastlio_mapping
16时30分55秒  1000         -     31108    0.00    0.00    0.00    0.00    0.00     0      0.00      0.00 1122336  201428   2.63  |__fastlio_mapping
16时30分55秒  1000         -     31109    1.00    0.00    0.00    0.00    1.00    15      0.00      0.00 1122336  201428   2.63  |__fastlio_mapping
16时30分55秒  1000         -     31110    0.00    0.00    0.00    0.00    0.00     8      0.00      0.00 1122336  201428   2.63  |__fastlio_mapping
16时30分55秒  1000         -     31111    0.00    0.00    0.00    0.00    0.00     9      0.00      0.00 1122336  201428   2.63  |__fastlio_mapping
16时30分55秒  1000         -     31112    0.00    0.00    0.00    0.00    0.00    13      0.00      0.00 1122336  201428   2.63  |__fastlio_mapping
16时30分55秒  1000         -     31113    0.00    0.00    0.00    0.00    0.00     8      0.00      0.00 1122336  201428   2.63  |__fastlio_mapping
16时30分55秒  1000         -     31114    1.00    0.00    0.00    0.00    1.00    14      0.00      0.00 1122336  201428   2.63  |__fastlio_mapping
16时30分55秒  1000         -     31115    0.00    0.00    0.00    0.00    0.00    13      0.00      0.00 1122336  201428   2.63  |__fastlio_mapping
16时30分55秒  1000         -     31116    0.00    0.00    0.00    0.00    0.00    15      0.00      0.00 1122336  201428   2.63  |__fastlio_mapping
16时30分55秒  1000         -     31117    0.00    1.00    0.00    0.00    1.00    14      0.00      0.00 1122336  201428   2.63  |__fastlio_mapping
16时30分55秒  1000         -     31118   12.00    0.00    0.00    0.00   12.00     2      0.00      0.00 1122336  201428   2.63  |__fastlio_mapping
16时30分55秒  1000         -     31119   12.00    0.00    0.00    0.00   12.00     6      0.00      0.00 1122336  201428   2.63  |__fastlio_mapping

# Time        UID      TGID       TID    %usr %system  %guest   %wait    %CPU   CPU  minflt/s  majflt/s     VSZ     RSS   %MEM  Command
16时30分56秒  1000     31103         -   32.00    3.00    0.00    0.00   35.00     0   5829.00      0.00 1122440  201744   2.63  fastlio_mapping
16时30分56秒  1000         -     31103    6.00    1.00    0.00    0.00    7.00     0   5829.00      0.00 1122440  201744   2.63  |__fastlio_mapping
16时30分56秒  1000         -     31105    1.00    2.00    0.00    1.00    3.00     8      0.00      0.00 1122440  201744   2.63  |__fastlio_mapping
16时30分56秒  1000         -     31106    0.00    0.00    0.00    0.00    0.00    11      0.00      0.00 1122440  201744   2.63  |__fastlio_mapping
16时30分56秒  1000         -     31107    0.00    0.00    0.00    0.00    0.00    15      0.00      0.00 1122440  201744   2.63  |__fastlio_mapping
16时30分56秒  1000         -     31108    0.00    0.00    0.00    0.00    0.00     0      0.00      0.00 1122440  201744   2.63  |__fastlio_mapping
16时30分56秒  1000         -     31109    0.00    0.00    0.00    0.00    0.00     1      0.00      0.00 1122440  201744   2.63  |__fastlio_mapping
16时30分56秒  1000         -     31110    0.00    0.00    0.00    0.00    0.00     8      0.00      0.00 1122440  201744   2.63  |__fastlio_mapping
16时30分56秒  1000         -     31111    0.00    0.00    0.00    0.00    0.00     9      0.00      0.00 1122440  201744   2.63  |__fastlio_mapping
16时30分56秒  1000         -     31112    0.00    0.00    0.00    0.00    0.00     4      0.00      0.00 1122440  201744   2.63  |__fastlio_mapping
16时30分56秒  1000         -     31113    0.00    0.00    0.00    0.00    0.00     8      0.00      0.00 1122440  201744   2.63  |__fastlio_mapping
16时30分56秒  1000         -     31114    0.00    0.00    0.00    0.00    0.00     4      0.00      0.00 1122440  201744   2.63  |__fastlio_mapping
16时30分56秒  1000         -     31115    0.00    0.00    0.00    0.00    0.00    13      0.00      0.00 1122440  201744   2.63  |__fastlio_mapping
16时30分56秒  1000         -     31116    0.00    0.00    0.00    0.00    0.00    15      0.00      0.00 1122440  201744   2.63  |__fastlio_mapping
16时30分56秒  1000         -     31117    0.00    1.00    0.00    0.00    1.00    13      0.00      0.00 1122440  201744   2.63  |__fastlio_mapping
16时30分56秒  1000         -     31118   12.00    0.00    0.00    0.00   12.00     2      0.00      0.00 1122440  201744   2.63  |__fastlio_mapping
16时30分56秒  1000         -     31119   11.00    0.00    0.00    0.00   11.00     6      0.00      0.00 1122440  201744   2.63  |__fastlio_mapping

# Time        UID      TGID       TID    %usr %system  %guest   %wait    %CPU   CPU  minflt/s  majflt/s     VSZ     RSS   %MEM  Command
16时30分57秒  1000     31103         -   32.00    2.00    0.00    0.00   34.00     0   5844.00      0.00 1122528  201884   2.63  fastlio_mapping
16时30分57秒  1000         -     31103    5.00    1.00    0.00    0.00    6.00     0   5844.00      0.00 1122528  201884   2.63  |__fastlio_mapping
16时30分57秒  1000         -     31105    1.00    1.00    0.00    0.00    2.00    10      0.00      0.00 1122528  201884   2.63  |__fastlio_mapping
16时30分57秒  1000         -     31106    0.00    0.00    0.00    0.00    0.00    11      0.00      0.00 1122528  201884   2.63  |__fastlio_mapping
16时30分57秒  1000         -     31107    0.00    0.00    0.00    0.00    0.00    15      0.00      0.00 1122528  201884   2.63  |__fastlio_mapping
16时30分57秒  1000         -     31108    0.00    0.00    0.00    0.00    0.00     0      0.00      0.00 1122528  201884   2.63  |__fastlio_mapping
16时30分57秒  1000         -     31109    0.00    0.00    0.00    0.00    0.00     1      0.00      0.00 1122528  201884   2.63  |__fastlio_mapping
16时30分57秒  1000         -     31110    0.00    0.00    0.00    0.00    0.00     8      0.00      0.00 1122528  201884   2.63  |__fastlio_mapping
16时30分57秒  1000         -     31111    0.00    0.00    0.00    0.00    0.00     9      0.00      0.00 1122528  201884   2.63  |__fastlio_mapping
16时30分57秒  1000         -     31112    0.00    0.00    0.00    0.00    0.00     4      0.00      0.00 1122528  201884   2.63  |__fastlio_mapping
16时30分57秒  1000         -     31113    0.00    0.00    0.00    0.00    0.00     8      0.00      0.00 1122528  201884   2.63  |__fastlio_mapping
16时30分57秒  1000         -     31114    1.00    0.00    0.00    0.00    1.00    12      0.00      0.00 1122528  201884   2.63  |__fastlio_mapping
16时30分57秒  1000         -     31115    0.00    0.00    0.00    0.00    0.00    13      0.00      0.00 1122528  201884   2.63  |__fastlio_mapping
16时30分57秒  1000         -     31116    0.00    0.00    0.00    0.00    0.00    15      0.00      0.00 1122528  201884   2.63  |__fastlio_mapping
16时30分57秒  1000         -     31117    1.00    0.00    0.00    0.00    1.00     2      0.00      0.00 1122528  201884   2.63  |__fastlio_mapping
16时30分57秒  1000         -     31118   12.00    0.00    0.00    0.00   12.00     3      0.00      0.00 1122528  201884   2.63  |__fastlio_mapping
16时30分57秒  1000         -     31119   12.00    0.00    0.00    0.00   12.00     6      0.00      0.00 1122528  201884   2.63  |__fastlio_mapping

# Time        UID      TGID       TID    %usr %system  %guest   %wait    %CPU   CPU  minflt/s  majflt/s     VSZ     RSS   %MEM  Command
16时30分58秒  1000     31103         -   32.00    3.00    0.00    0.00   35.00    15   5851.00      0.00 1122600  202024   2.63  fastlio_mapping
16时30分58秒  1000         -     31103    5.00    2.00    0.00    0.00    7.00    15   5851.00      0.00 1122600  202024   2.63  |__fastlio_mapping
16时30分58秒  1000         -     31105    1.00    1.00    0.00    0.00    2.00    10      0.00      0.00 1122600  202024   2.63  |__fastlio_mapping
16时30分58秒  1000         -     31106    0.00    0.00    0.00    0.00    0.00    11      0.00      0.00 1122600  202024   2.63  |__fastlio_mapping
16时30分58秒  1000         -     31107    0.00    0.00    0.00    0.00    0.00    15      0.00      0.00 1122600  202024   2.63  |__fastlio_mapping
16时30分58秒  1000         -     31108    0.00    0.00    0.00    0.00    0.00     0      0.00      0.00 1122600  202024   2.63  |__fastlio_mapping
16时30分58秒  1000         -     31109    0.00    0.00    0.00    0.00    0.00     1      0.00      0.00 1122600  202024   2.63  |__fastlio_mapping
16时30分58秒  1000         -     31110    0.00    0.00    0.00    0.00    0.00     8      0.00      0.00 1122600  202024   2.63  |__fastlio_mapping
16时30分58秒  1000         -     31111    0.00    0.00    0.00    0.00    0.00     8      0.00      0.00 1122600  202024   2.63  |__fastlio_mapping
16时30分58秒  1000         -     31112    0.00    0.00    0.00    0.00    0.00     8      0.00      0.00 1122600  202024   2.63  |__fastlio_mapping
16时30分58秒  1000         -     31113    0.00    0.00    0.00    0.00    0.00     8      0.00      0.00 1122600  202024   2.63  |__fastlio_mapping
16时30分58秒  1000         -     31114    1.00    0.00    0.00    0.00    1.00    13      0.00      0.00 1122600  202024   2.63  |__fastlio_mapping
16时30分58秒  1000         -     31115    0.00    0.00    0.00    0.00    0.00    13      0.00      0.00 1122600  202024   2.63  |__fastlio_mapping
16时30分58秒  1000         -     31116    0.00    0.00    0.00    0.00    0.00    15      0.00      0.00 1122600  202024   2.63  |__fastlio_mapping
16时30分58秒  1000         -     31117    0.00    0.00    0.00    0.00    0.00    11      0.00      0.00 1122600  202024   2.63  |__fastlio_mapping
16时30分58秒  1000         -     31118   12.00    0.00    0.00    0.00   12.00     3      0.00      0.00 1122600  202024   2.63  |__fastlio_mapping
16时30分58秒  1000         -     31119   12.00    0.00    0.00    0.00   12.00     4      0.00      0.00 1122600  202024   2.63  |__fastlio_mapping

# Time        UID      TGID       TID    %usr %system  %guest   %wait    %CPU   CPU  minflt/s  majflt/s     VSZ     RSS   %MEM  Command
16时30分59秒  1000     31103         -   33.00    3.00    0.00    0.00   36.00    14   5899.00      0.00 1122708  202328   2.64  fastlio_mapping
16时30分59秒  1000         -     31103    6.00    1.00    0.00    0.00    7.00    14   5899.00      0.00 1122708  202328   2.64  |__fastlio_mapping
16时30分59秒  1000         -     31105    2.00    1.00    0.00    0.00    3.00    15      0.00      0.00 1122708  202328   2.64  |__fastlio_mapping
16时30分59秒  1000         -     31106    0.00    0.00    0.00    0.00    0.00    11      0.00      0.00 1122708  202328   2.64  |__fastlio_mapping
16时30分59秒  1000         -     31107    0.00    0.00    0.00    0.00    0.00    15      0.00      0.00 1122708  202328   2.64  |__fastlio_mapping
16时30分59秒  1000         -     31108    0.00    0.00    0.00    0.00    0.00     0      0.00      0.00 1122708  202328   2.64  |__fastlio_mapping
16时30分59秒  1000         -     31109    0.00    0.00    0.00    0.00    0.00    13      0.00      0.00 1122708  202328   2.64  |__fastlio_mapping
16时30分59秒  1000         -     31110    0.00    0.00    0.00    0.00    0.00     8      0.00      0.00 1122708  202328   2.64  |__fastlio_mapping
16时30分59秒  1000         -     31111    0.00    0.00    0.00    0.00    0.00     9      0.00      0.00 1122708  202328   2.64  |__fastlio_mapping
16时30分59秒  1000         -     31112    0.00    0.00    0.00    0.00    0.00     4      0.00      0.00 1122708  202328   2.64  |__fastlio_mapping
16时30分59秒  1000         -     31113    0.00    0.00    0.00    0.00    0.00     8      0.00      0.00 1122708  202328   2.64  |__fastlio_mapping
16时30分59秒  1000         -     31114    0.00    0.00    0.00    0.00    0.00    12      0.00      0.00 1122708  202328   2.64  |__fastlio_mapping
16时30分59秒  1000         -     31115    0.00    0.00    0.00    0.00    0.00    13      0.00      0.00 1122708  202328   2.64  |__fastlio_mapping
16时30分59秒  1000         -     31116    0.00    0.00    0.00    0.00    0.00    15      0.00      0.00 1122708  202328   2.64  |__fastlio_mapping
16时30分59秒  1000         -     31117    1.00    0.00    0.00    0.00    1.00    13      0.00      0.00 1122708  202328   2.64  |__fastlio_mapping
16时30分59秒  1000         -     31118   12.00    0.00    0.00    0.00   12.00     3      0.00      0.00 1122708  202328   2.64  |__fastlio_mapping
16时30分59秒  1000         -     31119   12.00    0.00    0.00    0.00   12.00     4      0.00      0.00 1122708  202328   2.64  |__fastlio_mapping

# Time        UID      TGID       TID    %usr %system  %guest   %wait    %CPU   CPU  minflt/s  majflt/s     VSZ     RSS   %MEM  Command
16时31分00秒  1000     31103         -   32.00    2.00    0.00    0.00   34.00     6   5940.00      0.00 1122836  202640   2.64  fastlio_mapping
16时31分00秒  1000         -     31103    6.00    2.00    0.00    0.00    8.00     6   5940.00      0.00 1122836  202640   2.64  |__fastlio_mapping
16时31分00秒  1000         -     31105    0.00    1.00    0.00    0.00    1.00     9      0.00      0.00 1122836  202640   2.64  |__fastlio_mapping
16时31分00秒  1000         -     31106    0.00    0.00    0.00    0.00    0.00    11      0.00      0.00 1122836  202640   2.64  |__fastlio_mapping
16时31分00秒  1000         -     31107    0.00    0.00    0.00    0.00    0.00    15      0.00      0.00 1122836  202640   2.64  |__fastlio_mapping
16时31分00秒  1000         -     31108    0.00    0.00    0.00    0.00    0.00     0      0.00      0.00 1122836  202640   2.64  |__fastlio_mapping
16时31分00秒  1000         -     31109    0.00    0.00    0.00    0.00    0.00    15      0.00      0.00 1122836  202640   2.64  |__fastlio_mapping
16时31分00秒  1000         -     31110    0.00    0.00    0.00    0.00    0.00     8      0.00      0.00 1122836  202640   2.64  |__fastlio_mapping
16时31分00秒  1000         -     31111    0.00    0.00    0.00    0.00    0.00     9      0.00      0.00 1122836  202640   2.64  |__fastlio_mapping
16时31分00秒  1000         -     31112    0.00    0.00    0.00    0.00    0.00     4      0.00      0.00 1122836  202640   2.64  |__fastlio_mapping
16时31分00秒  1000         -     31113    0.00    0.00    0.00    0.00    0.00     8      0.00      0.00 1122836  202640   2.64  |__fastlio_mapping
16时31分00秒  1000         -     31114    1.00    1.00    0.00    0.00    2.00    13      0.00      0.00 1122836  202640   2.64  |__fastlio_mapping
16时31分00秒  1000         -     31115    0.00    0.00    0.00    0.00    0.00    13      0.00      0.00 1122836  202640   2.64  |__fastlio_mapping
16时31分00秒  1000         -     31116    0.00    0.00    0.00    0.00    0.00    15      0.00      0.00 1122836  202640   2.64  |__fastlio_mapping
16时31分00秒  1000         -     31117    0.00    0.00    0.00    0.00    0.00    11      0.00      0.00 1122836  202640   2.64  |__fastlio_mapping
16时31分00秒  1000         -     31118   12.00    0.00    0.00    0.00   12.00     3      0.00      0.00 1122836  202640   2.64  |__fastlio_mapping
16时31分00秒  1000         -     31119   12.00    0.00    0.00    0.00   12.00     0      0.00      0.00 1122836  202640   2.64  |__fastlio_mapping

# Time        UID      TGID       TID    %usr %system  %guest   %wait    %CPU   CPU  minflt/s  majflt/s     VSZ     RSS   %MEM  Command
16时31分01秒  1000     31103         -   34.00    3.00    0.00    0.00   37.00    15   5999.00      0.00 1123000  202968   2.65  fastlio_mapping
16时31分01秒  1000         -     31103    6.00    2.00    0.00    0.00    8.00    15   5999.00      0.00 1123000  202968   2.65  |__fastlio_mapping
16时31分01秒  1000         -     31105    1.00    2.00    0.00    0.00    3.00     8      0.00      0.00 1123000  202968   2.65  |__fastlio_mapping
16时31分01秒  1000         -     31106    0.00    0.00    0.00    0.00    0.00    10      0.00      0.00 1123000  202968   2.65  |__fastlio_mapping
16时31分01秒  1000         -     31107    0.00    0.00    0.00    0.00    0.00    15      0.00      0.00 1123000  202968   2.65  |__fastlio_mapping
16时31分01秒  1000         -     31108    0.00    0.00    0.00    0.00    0.00     0      0.00      0.00 1123000  202968   2.65  |__fastlio_mapping
16时31分01秒  1000         -     31109    0.00    0.00    0.00    0.00    0.00    13      0.00      0.00 1123000  202968   2.65  |__fastlio_mapping
16时31分01秒  1000         -     31110    0.00    0.00    0.00    0.00    0.00     8      0.00      0.00 1123000  202968   2.65  |__fastlio_mapping
16时31分01秒  1000         -     31111    0.00    0.00    0.00    0.00    0.00     0      0.00      0.00 1123000  202968   2.65  |__fastlio_mapping
16时31分01秒  1000         -     31112    0.00    0.00    0.00    0.00    0.00    15      0.00      0.00 1123000  202968   2.65  |__fastlio_mapping
16时31分01秒  1000         -     31113    0.00    0.00    0.00    0.00    0.00     8      0.00      0.00 1123000  202968   2.65  |__fastlio_mapping
16时31分01秒  1000         -     31114    1.00    0.00    0.00    0.00    1.00     0      0.00      0.00 1123000  202968   2.65  |__fastlio_mapping
16时31分01秒  1000         -     31115    0.00    0.00    0.00    0.00    0.00    13      0.00      0.00 1123000  202968   2.65  |__fastlio_mapping
16时31分01秒  1000         -     31116    0.00    0.00    0.00    0.00    0.00    15      0.00      0.00 1123000  202968   2.65  |__fastlio_mapping
16时31分01秒  1000         -     31117    1.00    0.00    0.00    0.00    1.00    13      0.00      0.00 1123000  202968   2.65  |__fastlio_mapping
16时31分01秒  1000         -     31118   12.00    0.00    0.00    0.00   12.00     3      0.00      0.00 1123000  202968   2.65  |__fastlio_mapping
16时31分01秒  1000         -     31119   12.00    0.00    0.00    0.00   12.00     4      0.00      0.00 1123000  202968   2.65  |__fastlio_mapping

# Time        UID      TGID       TID    %usr %system  %guest   %wait    %CPU   CPU  minflt/s  majflt/s     VSZ     RSS   %MEM  Command
16时31分02秒  1000     31103         -   34.00    3.00    0.00    0.00   37.00    14   6037.00      0.00 1123160  203288   2.65  fastlio_mapping
16时31分02秒  1000         -     31103    6.00    1.00    0.00    0.00    7.00    14   6037.00      0.00 1123160  203288   2.65  |__fastlio_mapping
16时31分02秒  1000         -     31105    2.00    1.00    0.00    0.00    3.00     2      0.00      0.00 1123160  203288   2.65  |__fastlio_mapping
16时31分02秒  1000         -     31106    0.00    0.00    0.00    0.00    0.00    10      0.00      0.00 1123160  203288   2.65  |__fastlio_mapping
16时31分02秒  1000         -     31107    0.00    0.00    0.00    0.00    0.00    15      0.00      0.00 1123160  203288   2.65  |__fastlio_mapping
16时31分02秒  1000         -     31108    0.00    0.00    0.00    0.00    0.00     2      0.00      0.00 1123160  203288   2.65  |__fastlio_mapping
16时31分02秒  1000         -     31109    1.00    0.00    0.00    0.00    1.00     8      0.00      0.00 1123160  203288   2.65  |__fastlio_mapping
16时31分02秒  1000         -     31110    0.00    0.00    0.00    0.00    0.00     8      0.00      0.00 1123160  203288   2.65  |__fastlio_mapping
16时31分02秒  1000         -     31111    0.00    0.00    0.00    0.00    0.00     0      0.00      0.00 1123160  203288   2.65  |__fastlio_mapping
16时31分02秒  1000         -     31112    0.00    0.00    0.00    0.00    0.00     4      0.00      0.00 1123160  203288   2.65  |__fastlio_mapping
16时31分02秒  1000         -     31113    0.00    0.00    0.00    0.00    0.00     8      0.00      0.00 1123160  203288   2.65  |__fastlio_mapping
16时31分02秒  1000         -     31114    0.00    0.00    0.00    0.00    0.00    13      0.00      0.00 1123160  203288   2.65  |__fastlio_mapping
16时31分02秒  1000         -     31115    0.00    0.00    0.00    0.00    0.00    13      0.00      0.00 1123160  203288   2.65  |__fastlio_mapping
16时31分02秒  1000         -     31116    0.00    0.00    0.00    0.00    0.00    15      0.00      0.00 1123160  203288   2.65  |__fastlio_mapping
16时31分02秒  1000         -     31117    0.00    1.00    0.00    0.00    1.00    15      0.00      0.00 1123160  203288   2.65  |__fastlio_mapping
16时31分02秒  1000         -     31118   12.00    0.00    0.00    0.00   12.00     3      0.00      0.00 1123160  203288   2.65  |__fastlio_mapping
16时31分02秒  1000         -     31119   12.00    0.00    0.00    0.00   12.00     4      0.00      0.00 1123160  203288   2.65  |__fastlio_mapping

# Time        UID      TGID       TID    %usr %system  %guest   %wait    %CPU   CPU  minflt/s  majflt/s     VSZ     RSS   %MEM  Command
16时31分03秒  1000     31103         -   32.00    2.00    0.00    0.00   34.00     4   6074.00      0.00 1123316  203600   2.65  fastlio_mapping
16时31分03秒  1000         -     31103    6.00    2.00    0.00    0.00    8.00     4   6074.00      0.00 1123316  203600   2.65  |__fastlio_mapping
16时31分03秒  1000         -     31105    1.00    0.00    0.00    0.00    1.00    13      0.00      0.00 1123316  203600   2.65  |__fastlio_mapping
16时31分03秒  1000         -     31106    0.00    0.00    0.00    0.00    0.00    10      0.00      0.00 1123316  203600   2.65  |__fastlio_mapping
16时31分03秒  1000         -     31107    0.00    0.00    0.00    0.00    0.00    15      0.00      0.00 1123316  203600   2.65  |__fastlio_mapping
16时31分03秒  1000         -     31108    0.00    0.00    0.00    0.00    0.00     2      0.00      0.00 1123316  203600   2.65  |__fastlio_mapping
16时31分03秒  1000         -     31109    0.00    0.00    0.00    0.00    0.00    14      0.00      0.00 1123316  203600   2.65  |__fastlio_mapping
16时31分03秒  1000         -     31110    0.00    0.00    0.00    0.00    0.00     8      0.00      0.00 1123316  203600   2.65  |__fastlio_mapping
16时31分03秒  1000         -     31111    0.00    0.00    0.00    0.00    0.00     0      0.00      0.00 1123316  203600   2.65  |__fastlio_mapping
16时31分03秒  1000         -     31112    0.00    0.00    0.00    0.00    0.00     4      0.00      0.00 1123316  203600   2.65  |__fastlio_mapping
16时31分03秒  1000         -     31113    0.00    0.00    0.00    0.00    0.00     8      0.00      0.00 1123316  203600   2.65  |__fastlio_mapping
16时31分03秒  1000         -     31114    1.00    0.00    0.00    0.00    1.00     9      0.00      0.00 1123316  203600   2.65  |__fastlio_mapping
16时31分03秒  1000         -     31115    0.00    0.00    0.00    0.00    0.00    13      0.00      0.00 1123316  203600   2.65  |__fastlio_mapping
16时31分03秒  1000         -     31116    0.00    0.00    0.00    0.00    0.00    15      0.00      0.00 1123316  203600   2.65  |__fastlio_mapping
16时31分03秒  1000         -     31117    1.00    0.00    0.00    0.00    1.00    15      0.00      0.00 1123316  203600   2.65  |__fastlio_mapping
16时31分03秒  1000         -     31118   13.00    0.00    0.00    0.00   13.00     3      0.00      0.00 1123316  203600   2.65  |__fastlio_mapping
16时31分03秒  1000         -     31119   12.00    0.00    0.00    0.00   12.00     6      0.00      0.00 1123316  203600   2.65  |__fastlio_mapping

# Time        UID      TGID       TID    %usr %system  %guest   %wait    %CPU   CPU  minflt/s  majflt/s     VSZ     RSS   %MEM  Command
16时31分04秒  1000     31103         -   34.00    2.00    0.00    0.00   36.00     0   6113.00      0.00 1123472  203840   2.66  fastlio_mapping
16时31分04秒  1000         -     31103    7.00    1.00    0.00    0.00    8.00     0   6113.00      0.00 1123472  203840   2.66  |__fastlio_mapping
16时31分04秒  1000         -     31105    2.00    1.00    0.00    0.00    3.00     8      0.00      0.00 1123472  203840   2.66  |__fastlio_mapping
16时31分04秒  1000         -     31106    0.00    0.00    0.00    0.00    0.00    10      0.00      0.00 1123472  203840   2.66  |__fastlio_mapping
16时31分04秒  1000         -     31107    0.00    0.00    0.00    0.00    0.00    15      0.00      0.00 1123472  203840   2.66  |__fastlio_mapping
16时31分04秒  1000         -     31108    0.00    0.00    0.00    0.00    0.00     2      0.00      0.00 1123472  203840   2.66  |__fastlio_mapping
16时31分04秒  1000         -     31109    0.00    0.00    0.00    0.00    0.00     2      0.00      0.00 1123472  203840   2.66  |__fastlio_mapping
16时31分04秒  1000         -     31110    0.00    0.00    0.00    0.00    0.00     8      0.00      0.00 1123472  203840   2.66  |__fastlio_mapping
16时31分04秒  1000         -     31111    0.00    0.00    0.00    0.00    0.00     9      0.00      0.00 1123472  203840   2.66  |__fastlio_mapping
16时31分04秒  1000         -     31112    0.00    0.00    0.00    0.00    0.00    12      0.00      0.00 1123472  203840   2.66  |__fastlio_mapping
16时31分04秒  1000         -     31113    0.00    0.00    0.00    0.00    0.00     8      0.00      0.00 1123472  203840   2.66  |__fastlio_mapping
16时31分04秒  1000         -     31114    1.00    0.00    0.00    0.00    1.00    13      0.00      0.00 1123472  203840   2.66  |__fastlio_mapping
16时31分04秒  1000         -     31115    0.00    0.00    0.00    0.00    0.00    13      0.00      0.00 1123472  203840   2.66  |__fastlio_mapping
16时31分04秒  1000         -     31116    0.00    0.00    0.00    0.00    0.00    15      0.00      0.00 1123472  203840   2.66  |__fastlio_mapping
16时31分04秒  1000         -     31117    0.00    0.00    0.00    0.00    0.00     9      0.00      0.00 1123472  203840   2.66  |__fastlio_mapping
16时31分04秒  1000         -     31118   12.00    0.00    0.00    0.00   12.00     3      0.00      0.00 1123472  203840   2.66  |__fastlio_mapping
16时31分04秒  1000         -     31119   12.00    0.00    0.00    0.00   12.00     4      0.00      0.00 1123472  203840   2.66  |__fastlio_mapping

# Time        UID      TGID       TID    %usr %system  %guest   %wait    %CPU   CPU  minflt/s  majflt/s     VSZ     RSS   %MEM  Command
16时31分05秒  1000     31103         -   34.00    2.00    0.00    0.00   36.00     4   6161.00      0.00 1123640  204072   2.66  fastlio_mapping
16时31分05秒  1000         -     31103    6.00    2.00    0.00    0.00    8.00     4   6161.00      0.00 1123640  204072   2.66  |__fastlio_mapping
16时31分05秒  1000         -     31105    1.00    1.00    0.00    0.00    2.00    14      0.00      0.00 1123640  204072   2.66  |__fastlio_mapping
16时31分05秒  1000         -     31106    0.00    0.00    0.00    0.00    0.00    10      0.00      0.00 1123640  204072   2.66  |__fastlio_mapping
16时31分05秒  1000         -     31107    0.00    0.00    0.00    0.00    0.00    15      0.00      0.00 1123640  204072   2.66  |__fastlio_mapping
16时31分05秒  1000         -     31108    0.00    0.00    0.00    0.00    0.00     0      0.00      0.00 1123640  204072   2.66  |__fastlio_mapping
16时31分05秒  1000         -     31109    0.00    0.00    0.00    0.00    0.00    14      0.00      0.00 1123640  204072   2.66  |__fastlio_mapping
16时31分05秒  1000         -     31110    0.00    0.00    0.00    0.00    0.00     8      0.00      0.00 1123640  204072   2.66  |__fastlio_mapping
16时31分05秒  1000         -     31111    0.00    0.00    0.00    0.00    0.00    10      0.00      0.00 1123640  204072   2.66  |__fastlio_mapping
16时31分05秒  1000         -     31112    0.00    0.00    0.00    0.00    0.00     8      0.00      0.00 1123640  204072   2.66  |__fastlio_mapping
16时31分05秒  1000         -     31113    0.00    0.00    0.00    0.00    0.00     8      0.00      0.00 1123640  204072   2.66  |__fastlio_mapping
16时31分05秒  1000         -     31114    0.00    0.00    0.00    0.00    0.00     0      0.00      0.00 1123640  204072   2.66  |__fastlio_mapping
16时31分05秒  1000         -     31115    0.00    0.00    0.00    0.00    0.00    13      0.00      0.00 1123640  204072   2.66  |__fastlio_mapping
16时31分05秒  1000         -     31116    0.00    0.00    0.00    0.00    0.00    15      0.00      0.00 1123640  204072   2.66  |__fastlio_mapping
16时31分05秒  1000         -     31117    1.00    0.00    0.00    0.00    1.00    15      0.00      0.00 1123640  204072   2.66  |__fastlio_mapping
16时31分05秒  1000         -     31118   12.00    0.00    0.00    0.00   12.00     3      0.00      0.00 1123640  204072   2.66  |__fastlio_mapping
16时31分05秒  1000         -     31119   12.00    0.00    0.00    0.00   12.00     6      0.00      0.00 1123640  204072   2.66  |__fastlio_mapping

# Time        UID      TGID       TID    %usr %system  %guest   %wait    %CPU   CPU  minflt/s  majflt/s     VSZ     RSS   %MEM  Command
16时31分06秒  1000     31103         -   35.00    3.00    0.00    1.00   38.00     4   6185.00      0.00 1123784  204296   2.66  fastlio_mapping
16时31分06秒  1000         -     31103    7.00    1.00    0.00    1.00    8.00     4   6185.00      0.00 1123784  204296   2.66  |__fastlio_mapping
16时31分06秒  1000         -     31105    1.00    2.00    0.00    1.00    3.00    13      0.00      0.00 1123784  204296   2.66  |__fastlio_mapping
16时31分06秒  1000         -     31106    0.00    0.00    0.00    0.00    0.00    10      0.00      0.00 1123784  204296   2.66  |__fastlio_mapping
16时31分06秒  1000         -     31107    0.00    0.00    0.00    0.00    0.00    15      0.00      0.00 1123784  204296   2.66  |__fastlio_mapping
16时31分06秒  1000         -     31108    0.00    0.00    0.00    0.00    0.00     0      0.00      0.00 1123784  204296   2.66  |__fastlio_mapping
16时31分06秒  1000         -     31109    0.00    0.00    0.00    0.00    0.00    11      0.00      0.00 1123784  204296   2.66  |__fastlio_mapping
16时31分06秒  1000         -     31110    0.00    0.00    0.00    0.00    0.00     8      0.00      0.00 1123784  204296   2.66  |__fastlio_mapping
16时31分06秒  1000         -     31111    0.00    0.00    0.00    0.00    0.00     6      0.00      0.00 1123784  204296   2.66  |__fastlio_mapping
16时31分06秒  1000         -     31112    0.00    0.00    0.00    0.00    0.00     4      0.00      0.00 1123784  204296   2.66  |__fastlio_mapping
16时31分06秒  1000         -     31113    0.00    0.00    0.00    0.00    0.00     8      0.00      0.00 1123784  204296   2.66  |__fastlio_mapping
16时31分06秒  1000         -     31114    1.00    0.00    0.00    1.00    1.00     0      0.00      0.00 1123784  204296   2.66  |__fastlio_mapping
16时31分06秒  1000         -     31115    0.00    0.00    0.00    0.00    0.00    13      0.00      0.00 1123784  204296   2.66  |__fastlio_mapping
16时31分06秒  1000         -     31116    0.00    0.00    0.00    0.00    0.00    15      0.00      0.00 1123784  204296   2.66  |__fastlio_mapping
16时31分06秒  1000         -     31117    1.00    0.00    0.00    0.00    1.00    12      0.00      0.00 1123784  204296   2.66  |__fastlio_mapping
16时31分06秒  1000         -     31118   13.00    0.00    0.00    1.00   13.00     3      0.00      0.00 1123784  204296   2.66  |__fastlio_mapping
16时31分06秒  1000         -     31119   13.00    0.00    0.00    1.00   13.00     6      0.00      0.00 1123784  204296   2.66  |__fastlio_mapping

# Time        UID      TGID       TID    %usr %system  %guest   %wait    %CPU   CPU  minflt/s  majflt/s     VSZ     RSS   %MEM  Command
16时31分07秒  1000     31103         -   32.00    4.00    0.00    0.00   36.00     2   6229.00      0.00 1123936  204576   2.67  fastlio_mapping
16时31分07秒  1000         -     31103    6.00    2.00    0.00    0.00    8.00     2   6227.00      0.00 1123936  204576   2.67  |__fastlio_mapping
16时31分07秒  1000         -     31105    0.00    1.00    0.00    0.00    1.00     6      0.00      0.00 1123936  204576   2.67  |__fastlio_mapping
16时31分07秒  1000         -     31106    0.00    0.00    0.00    0.00    0.00    10      0.00      0.00 1123936  204576   2.67  |__fastlio_mapping
16时31分07秒  1000         -     31107    0.00    0.00    0.00    0.00    0.00    15      0.00      0.00 1123936  204576   2.67  |__fastlio_mapping
16时31分07秒  1000         -     31108    0.00    0.00    0.00    0.00    0.00     0      0.00      0.00 1123936  204576   2.67  |__fastlio_mapping
16时31分07秒  1000         -     31109    0.00    1.00    0.00    0.00    1.00    13      0.00      0.00 1123936  204576   2.67  |__fastlio_mapping
16时31分07秒  1000         -     31110    0.00    0.00    0.00    0.00    0.00     8      0.00      0.00 1123936  204576   2.67  |__fastlio_mapping
16时31分07秒  1000         -     31111    0.00    0.00    0.00    0.00    0.00    10      0.00      0.00 1123936  204576   2.67  |__fastlio_mapping
16时31分07秒  1000         -     31112    0.00    0.00    0.00    0.00    0.00     9      2.00      0.00 1123936  204576   2.67  |__fastlio_mapping
16时31分07秒  1000         -     31113    0.00    0.00    0.00    0.00    0.00     8      0.00      0.00 1123936  204576   2.67  |__fastlio_mapping
16时31分07秒  1000         -     31114    1.00    0.00    0.00    0.00    1.00    15      0.00      0.00 1123936  204576   2.67  |__fastlio_mapping
16时31分07秒  1000         -     31115    0.00    0.00    0.00    0.00    0.00    13      0.00      0.00 1123936  204576   2.67  |__fastlio_mapping
16时31分07秒  1000         -     31116    0.00    0.00    0.00    0.00    0.00    15      0.00      0.00 1123936  204576   2.67  |__fastlio_mapping
16时31分07秒  1000         -     31117    0.00    0.00    0.00    0.00    0.00    15      0.00      0.00 1123936  204576   2.67  |__fastlio_mapping
16时31分07秒  1000         -     31118   11.00    0.00    0.00    0.00   11.00     0      0.00      0.00 1123936  204576   2.67  |__fastlio_mapping
16时31分07秒  1000         -     31119   12.00    0.00    0.00    0.00   12.00     4      0.00      0.00 1123936  204576   2.67  |__fastlio_mapping

# Time        UID      TGID       TID    %usr %system  %guest   %wait    %CPU   CPU  minflt/s  majflt/s     VSZ     RSS   %MEM  Command
16时31分08秒  1000     31103         -   32.00    2.00    0.00    0.00   34.00     1   6259.00      0.00 1124080  204864   2.67  fastlio_mapping
16时31分08秒  1000         -     31103    5.00    1.00    0.00    0.00    6.00     1   6259.00      0.00 1124080  204864   2.67  |__fastlio_mapping
16时31分08秒  1000         -     31105    1.00    2.00    0.00    0.00    3.00     0      0.00      0.00 1124080  204864   2.67  |__fastlio_mapping
16时31分08秒  1000         -     31106    0.00    0.00    0.00    0.00    0.00    10      0.00      0.00 1124080  204864   2.67  |__fastlio_mapping
16时31分08秒  1000         -     31107    0.00    0.00    0.00    0.00    0.00    15      0.00      0.00 1124080  204864   2.67  |__fastlio_mapping
16时31分08秒  1000         -     31108    0.00    0.00    0.00    0.00    0.00     0      0.00      0.00 1124080  204864   2.67  |__fastlio_mapping
16时31分08秒  1000         -     31109    0.00    0.00    0.00    0.00    0.00    15      0.00      0.00 1124080  204864   2.67  |__fastlio_mapping
16时31分08秒  1000         -     31110    0.00    0.00    0.00    0.00    0.00     8      0.00      0.00 1124080  204864   2.67  |__fastlio_mapping
16时31分08秒  1000         -     31111    0.00    0.00    0.00    0.00    0.00    12      0.00      0.00 1124080  204864   2.67  |__fastlio_mapping
16时31分08秒  1000         -     31112    0.00    0.00    0.00    0.00    0.00    13      0.00      0.00 1124080  204864   2.67  |__fastlio_mapping
16时31分08秒  1000         -     31113    0.00    0.00    0.00    0.00    0.00     8      0.00      0.00 1124080  204864   2.67  |__fastlio_mapping
16时31分08秒  1000         -     31114    0.00    0.00    0.00    0.00    0.00    13      0.00      0.00 1124080  204864   2.67  |__fastlio_mapping
16时31分08秒  1000         -     31115    0.00    0.00    0.00    0.00    0.00    13      0.00      0.00 1124080  204864   2.67  |__fastlio_mapping
16时31分08秒  1000         -     31116    0.00    0.00    0.00    0.00    0.00    15      0.00      0.00 1124080  204864   2.67  |__fastlio_mapping
16时31分08秒  1000         -     31117    1.00    0.00    0.00    0.00    1.00     2      0.00      0.00 1124080  204864   2.67  |__fastlio_mapping
16时31分08秒  1000         -     31118   12.00    0.00    0.00    0.00   12.00     6      0.00      0.00 1124080  204864   2.67  |__fastlio_mapping
16时31分08秒  1000         -     31119   12.00    0.00    0.00    0.00   12.00     4      0.00      0.00 1124080  204864   2.67  |__fastlio_mapping

# Time        UID      TGID       TID    %usr %system  %guest   %wait    %CPU   CPU  minflt/s  majflt/s     VSZ     RSS   %MEM  Command
16时31分09秒  1000     31103         -   30.00    3.00    0.00    0.00   33.00     1   6301.00      0.00 1124232  205168   2.68  fastlio_mapping
16时31分09秒  1000         -     31103    6.00    1.00    0.00    0.00    7.00     1   6301.00      0.00 1124232  205168   2.68  |__fastlio_mapping
16时31分09秒  1000         -     31105    1.00    2.00    0.00    0.00    3.00     9      0.00      0.00 1124232  205168   2.68  |__fastlio_mapping
16时31分09秒  1000         -     31106    0.00    0.00    0.00    0.00    0.00    10      0.00      0.00 1124232  205168   2.68  |__fastlio_mapping
16时31分09秒  1000         -     31107    0.00    0.00    0.00    0.00    0.00    15      0.00      0.00 1124232  205168   2.68  |__fastlio_mapping
16时31分09秒  1000         -     31108    0.00    0.00    0.00    0.00    0.00     0      0.00      0.00 1124232  205168   2.68  |__fastlio_mapping
16时31分09秒  1000         -     31109    0.00    0.00    0.00    0.00    0.00     6      0.00      0.00 1124232  205168   2.68  |__fastlio_mapping
16时31分09秒  1000         -     31110    0.00    0.00    0.00    0.00    0.00     8      0.00      0.00 1124232  205168   2.68  |__fastlio_mapping
16时31分09秒  1000         -     31111    0.00    0.00    0.00    0.00    0.00    12      0.00      0.00 1124232  205168   2.68  |__fastlio_mapping
16时31分09秒  1000         -     31112    0.00    0.00    0.00    0.00    0.00    13      0.00      0.00 1124232  205168   2.68  |__fastlio_mapping
16时31分09秒  1000         -     31113    0.00    0.00    0.00    0.00    0.00     8      0.00      0.00 1124232  205168   2.68  |__fastlio_mapping
16时31分09秒  1000         -     31114    1.00    1.00    0.00    0.00    2.00     0      0.00      0.00 1124232  205168   2.68  |__fastlio_mapping
16时31分09秒  1000         -     31115    0.00    0.00    0.00    0.00    0.00    13      0.00      0.00 1124232  205168   2.68  |__fastlio_mapping
16时31分09秒  1000         -     31116    0.00    0.00    0.00    0.00    0.00    15      0.00      0.00 1124232  205168   2.68  |__fastlio_mapping
16时31分09秒  1000         -     31117    0.00    0.00    0.00    0.00    0.00     2      0.00      0.00 1124232  205168   2.68  |__fastlio_mapping
16时31分09秒  1000         -     31118   11.00    0.00    0.00    0.00   11.00    11      0.00      0.00 1124232  205168   2.68  |__fastlio_mapping
16时31分09秒  1000         -     31119   12.00    0.00    0.00    0.00   12.00     4      0.00      0.00 1124232  205168   2.68  |__fastlio_mapping

# Time        UID      TGID       TID    %usr %system  %guest   %wait    %CPU   CPU  minflt/s  majflt/s     VSZ     RSS   %MEM  Command
16时31分10秒  1000     31103         -   31.00    3.00    0.00    0.00   34.00    11   6357.00      0.00 1124408  205484   2.68  fastlio_mapping
16时31分10秒  1000         -     31103    5.00    2.00    0.00    0.00    7.00    11   6357.00      0.00 1124408  205484   2.68  |__fastlio_mapping
16时31分10秒  1000         -     31105    1.00    1.00    0.00    0.00    2.00    13      0.00      0.00 1124408  205484   2.68  |__fastlio_mapping
16时31分10秒  1000         -     31106    0.00    0.00    0.00    0.00    0.00    10      0.00      0.00 1124408  205484   2.68  |__fastlio_mapping
16时31分10秒  1000         -     31107    0.00    0.00    0.00    0.00    0.00    15      0.00      0.00 1124408  205484   2.68  |__fastlio_mapping
16时31分10秒  1000         -     31108    0.00    0.00    0.00    0.00    0.00     0      0.00      0.00 1124408  205484   2.68  |__fastlio_mapping
16时31分10秒  1000         -     31109    0.00    0.00    0.00    0.00    0.00    11      0.00      0.00 1124408  205484   2.68  |__fastlio_mapping
16时31分10秒  1000         -     31110    0.00    0.00    0.00    0.00    0.00     8      0.00      0.00 1124408  205484   2.68  |__fastlio_mapping
16时31分10秒  1000         -     31111    0.00    0.00    0.00    0.00    0.00    12      0.00      0.00 1124408  205484   2.68  |__fastlio_mapping
16时31分10秒  1000         -     31112    0.00    0.00    0.00    0.00    0.00     2      0.00      0.00 1124408  205484   2.68  |__fastlio_mapping
16时31分10秒  1000         -     31113    0.00    0.00    0.00    0.00    0.00     8      0.00      0.00 1124408  205484   2.68  |__fastlio_mapping
16时31分10秒  1000         -     31114    0.00    0.00    0.00    0.00    0.00    10      0.00      0.00 1124408  205484   2.68  |__fastlio_mapping
16时31分10秒  1000         -     31115    0.00    0.00    0.00    0.00    0.00    13      0.00      0.00 1124408  205484   2.68  |__fastlio_mapping
16时31分10秒  1000         -     31116    0.00    0.00    0.00    0.00    0.00    15      0.00      0.00 1124408  205484   2.68  |__fastlio_mapping
16时31分10秒  1000         -     31117    1.00    0.00    0.00    0.00    1.00     0      0.00      0.00 1124408  205484   2.68  |__fastlio_mapping
16时31分10秒  1000         -     31118   11.00    0.00    0.00    0.00   11.00     6      0.00      0.00 1124408  205484   2.68  |__fastlio_mapping
16时31分10秒  1000         -     31119   11.00    0.00    0.00    0.00   11.00     0      0.00      0.00 1124408  205484   2.68  |__fastlio_mapping

# Time        UID      TGID       TID    %usr %system  %guest   %wait    %CPU   CPU  minflt/s  majflt/s     VSZ     RSS   %MEM  Command
16时31分11秒  1000     31103         -   31.00    2.00    0.00    0.00   33.00    13   6401.00      0.00 1124584  205832   2.68  fastlio_mapping
16时31分11秒  1000         -     31103    6.00    2.00    0.00    0.00    8.00    13   6401.00      0.00 1124584  205832   2.68  |__fastlio_mapping
16时31分11秒  1000         -     31105    1.00    1.00    0.00    0.00    2.00    14      0.00      0.00 1124584  205832   2.68  |__fastlio_mapping
16时31分11秒  1000         -     31106    0.00    0.00    0.00    0.00    0.00    10      0.00      0.00 1124584  205832   2.68  |__fastlio_mapping
16时31分11秒  1000         -     31107    0.00    0.00    0.00    0.00    0.00    15      0.00      0.00 1124584  205832   2.68  |__fastlio_mapping
16时31分11秒  1000         -     31108    0.00    0.00    0.00    0.00    0.00     0      0.00      0.00 1124584  205832   2.68  |__fastlio_mapping
16时31分11秒  1000         -     31109    0.00    0.00    0.00    0.00    0.00    14      0.00      0.00 1124584  205832   2.68  |__fastlio_mapping
16时31分11秒  1000         -     31110    0.00    0.00    0.00    0.00    0.00     8      0.00      0.00 1124584  205832   2.68  |__fastlio_mapping
16时31分11秒  1000         -     31111    0.00    0.00    0.00    0.00    0.00    12      0.00      0.00 1124584  205832   2.68  |__fastlio_mapping
16时31分11秒  1000         -     31112    0.00    0.00    0.00    0.00    0.00    13      0.00      0.00 1124584  205832   2.68  |__fastlio_mapping
16时31分11秒  1000         -     31113    0.00    0.00    0.00    0.00    0.00     8      0.00      0.00 1124584  205832   2.68  |__fastlio_mapping
16时31分11秒  1000         -     31114    1.00    0.00    0.00    0.00    1.00    12      0.00      0.00 1124584  205832   2.68  |__fastlio_mapping
16时31分11秒  1000         -     31115    0.00    0.00    0.00    0.00    0.00    13      0.00      0.00 1124584  205832   2.68  |__fastlio_mapping
16时31分11秒  1000         -     31116    0.00    0.00    0.00    0.00    0.00    15      0.00      0.00 1124584  205832   2.68  |__fastlio_mapping
16时31分11秒  1000         -     31117    1.00    0.00    0.00    0.00    1.00    12      0.00      0.00 1124584  205832   2.68  |__fastlio_mapping
16时31分11秒  1000         -     31118   10.00    0.00    0.00    0.00   10.00     8      0.00      0.00 1124584  205832   2.68  |__fastlio_mapping
16时31分11秒  1000         -     31119   12.00    0.00    0.00    0.00   12.00     0      0.00      0.00 1124584  205832   2.68  |__fastlio_mapping

# Time        UID      TGID       TID    %usr %system  %guest   %wait    %CPU   CPU  minflt/s  majflt/s     VSZ     RSS   %MEM  Command
16时31分12秒  1000     31103         -   31.00    2.00    0.00    0.00   33.00    14   6439.00      0.00 1124752  206216   2.69  fastlio_mapping
16时31分12秒  1000         -     31103    7.00    1.00    0.00    0.00    8.00    14   6439.00      0.00 1124752  206216   2.69  |__fastlio_mapping
16时31分12秒  1000         -     31105    1.00    2.00    0.00    0.00    3.00     9      0.00      0.00 1124752  206216   2.69  |__fastlio_mapping
16时31分12秒  1000         -     31106    0.00    0.00    0.00    0.00    0.00    10      0.00      0.00 1124752  206216   2.69  |__fastlio_mapping
16时31分12秒  1000         -     31107    0.00    0.00    0.00    0.00    0.00    15      0.00      0.00 1124752  206216   2.69  |__fastlio_mapping
16时31分12秒  1000         -     31108    0.00    0.00    0.00    0.00    0.00     2      0.00      0.00 1124752  206216   2.69  |__fastlio_mapping
16时31分12秒  1000         -     31109    1.00    0.00    0.00    0.00    1.00     2      0.00      0.00 1124752  206216   2.69  |__fastlio_mapping
16时31分12秒  1000         -     31110    0.00    0.00    0.00    0.00    0.00     8      0.00      0.00 1124752  206216   2.69  |__fastlio_mapping
16时31分12秒  1000         -     31111    0.00    0.00    0.00    0.00    0.00    12      0.00      0.00 1124752  206216   2.69  |__fastlio_mapping
16时31分12秒  1000         -     31112    0.00    0.00    0.00    0.00    0.00    13      0.00      0.00 1124752  206216   2.69  |__fastlio_mapping
16时31分12秒  1000         -     31113    0.00    0.00    0.00    0.00    0.00     8      0.00      0.00 1124752  206216   2.69  |__fastlio_mapping
16时31分12秒  1000         -     31114    1.00    0.00    0.00    0.00    1.00    15      0.00      0.00 1124752  206216   2.69  |__fastlio_mapping
16时31分12秒  1000         -     31115    0.00    0.00    0.00    0.00    0.00    13      0.00      0.00 1124752  206216   2.69  |__fastlio_mapping
16时31分12秒  1000         -     31116    0.00    0.00    0.00    0.00    0.00    15      0.00      0.00 1124752  206216   2.69  |__fastlio_mapping
16时31分12秒  1000         -     31117    0.00    1.00    0.00    0.00    1.00    12      0.00      0.00 1124752  206216   2.69  |__fastlio_mapping
16时31分12秒  1000         -     31118    9.00    0.00    0.00    0.00    9.00     4      0.00      0.00 1124752  206216   2.69  |__fastlio_mapping
16时31分12秒  1000         -     31119   13.00    0.00    0.00    0.00   13.00     0      0.00      0.00 1124752  206216   2.69  |__fastlio_mapping

# Time        UID      TGID       TID    %usr %system  %guest   %wait    %CPU   CPU  minflt/s  majflt/s     VSZ     RSS   %MEM  Command
16时31分13秒  1000     31103         -   31.00    3.00    0.00    0.00   34.00    14   6470.00      0.00 1124908  206524   2.69  fastlio_mapping
16时31分13秒  1000         -     31103    6.00    1.00    0.00    0.00    7.00    14   6470.00      0.00 1124908  206524   2.69  |__fastlio_mapping
16时31分13秒  1000         -     31105    1.00    1.00    0.00    0.00    2.00     9      0.00      0.00 1124908  206524   2.69  |__fastlio_mapping
16时31分13秒  1000         -     31106    0.00    0.00    0.00    0.00    0.00    10      0.00      0.00 1124908  206524   2.69  |__fastlio_mapping
16时31分13秒  1000         -     31107    0.00    0.00    0.00    0.00    0.00    15      0.00      0.00 1124908  206524   2.69  |__fastlio_mapping
16时31分13秒  1000         -     31108    0.00    0.00    0.00    0.00    0.00     2      0.00      0.00 1124908  206524   2.69  |__fastlio_mapping
16时31分13秒  1000         -     31109    0.00    0.00    0.00    0.00    0.00     8      0.00      0.00 1124908  206524   2.69  |__fastlio_mapping
16时31分13秒  1000         -     31110    0.00    0.00    0.00    0.00    0.00     8      0.00      0.00 1124908  206524   2.69  |__fastlio_mapping
16时31分13秒  1000         -     31111    0.00    0.00    0.00    0.00    0.00     0      0.00      0.00 1124908  206524   2.69  |__fastlio_mapping
16时31分13秒  1000         -     31112    0.00    0.00    0.00    0.00    0.00     4      0.00      0.00 1124908  206524   2.69  |__fastlio_mapping
16时31分13秒  1000         -     31113    0.00    0.00    0.00    0.00    0.00     8      0.00      0.00 1124908  206524   2.69  |__fastlio_mapping
16时31分13秒  1000         -     31114    0.00    0.00    0.00    0.00    0.00     8      0.00      0.00 1124908  206524   2.69  |__fastlio_mapping
16时31分13秒  1000         -     31115    0.00    0.00    0.00    0.00    0.00    13      0.00      0.00 1124908  206524   2.69  |__fastlio_mapping
16时31分13秒  1000         -     31116    0.00    0.00    0.00    0.00    0.00    15      0.00      0.00 1124908  206524   2.69  |__fastlio_mapping
16时31分13秒  1000         -     31117    0.00    0.00    0.00    0.00    0.00    15      0.00      0.00 1124908  206524   2.69  |__fastlio_mapping
16时31分13秒  1000         -     31118   12.00    0.00    0.00    0.00   12.00    13      0.00      0.00 1124908  206524   2.69  |__fastlio_mapping
16时31分13秒  1000         -     31119    9.00    0.00    0.00    0.00    9.00     6      0.00      0.00 1124908  206524   2.69  |__fastlio_mapping

# Time        UID      TGID       TID    %usr %system  %guest   %wait    %CPU   CPU  minflt/s  majflt/s     VSZ     RSS   %MEM  Command
16时31分14秒  1000     31103         -   29.00    4.00    0.00    0.00   33.00    14   6497.00      0.00 1125044  206800   2.70  fastlio_mapping
16时31分14秒  1000         -     31103    6.00    2.00    0.00    0.00    8.00    14   6497.00      0.00 1125044  206800   2.70  |__fastlio_mapping
16时31分14秒  1000         -     31105    1.00    1.00    0.00    0.00    2.00     2      0.00      0.00 1125044  206800   2.70  |__fastlio_mapping
16时31分14秒  1000         -     31106    0.00    0.00    0.00    0.00    0.00    10      0.00      0.00 1125044  206800   2.70  |__fastlio_mapping
16时31分14秒  1000         -     31107    0.00    0.00    0.00    0.00    0.00    15      0.00      0.00 1125044  206800   2.70  |__fastlio_mapping
16时31分14秒  1000         -     31108    0.00    0.00    0.00    0.00    0.00     2      0.00      0.00 1125044  206800   2.70  |__fastlio_mapping
16时31分14秒  1000         -     31109    0.00    0.00    0.00    0.00    0.00    12      0.00      0.00 1125044  206800   2.70  |__fastlio_mapping
16时31分14秒  1000         -     31110    0.00    0.00    0.00    0.00    0.00     8      0.00      0.00 1125044  206800   2.70  |__fastlio_mapping
16时31分14秒  1000         -     31111    0.00    0.00    0.00    0.00    0.00    12      0.00      0.00 1125044  206800   2.70  |__fastlio_mapping
16时31分14秒  1000         -     31112    0.00    0.00    0.00    0.00    0.00    13      0.00      0.00 1125044  206800   2.70  |__fastlio_mapping
16时31分14秒  1000         -     31113    0.00    0.00    0.00    0.00    0.00     8      0.00      0.00 1125044  206800   2.70  |__fastlio_mapping
16时31分14秒  1000         -     31114    1.00    0.00    0.00    0.00    1.00    12      0.00      0.00 1125044  206800   2.70  |__fastlio_mapping
16时31分14秒  1000         -     31115    0.00    0.00    0.00    0.00    0.00    13      0.00      0.00 1125044  206800   2.70  |__fastlio_mapping
16时31分14秒  1000         -     31116    0.00    0.00    0.00    0.00    0.00    15      0.00      0.00 1125044  206800   2.70  |__fastlio_mapping
16时31分14秒  1000         -     31117    1.00    0.00    0.00    0.00    1.00    15      0.00      0.00 1125044  206800   2.70  |__fastlio_mapping
16时31分14秒  1000         -     31118   10.00    0.00    0.00    0.00   10.00     8      0.00      0.00 1125044  206800   2.70  |__fastlio_mapping
16时31分14秒  1000         -     31119   11.00    0.00    0.00    0.00   11.00     4      0.00      0.00 1125044  206800   2.70  |__fastlio_mapping

# Time        UID      TGID       TID    %usr %system  %guest   %wait    %CPU   CPU  minflt/s  majflt/s     VSZ     RSS   %MEM  Command
16时31分15秒  1000     31103         -   31.00    3.00    0.00    0.00   34.00    12   6525.00      0.00 1125176  207020   2.70  fastlio_mapping
16时31分15秒  1000         -     31103    7.00    1.00    0.00    0.00    8.00    12   6525.00      0.00 1125176  207020   2.70  |__fastlio_mapping
16时31分15秒  1000         -     31105    1.00    1.00    0.00    0.00    2.00     9      0.00      0.00 1125176  207020   2.70  |__fastlio_mapping
16时31分15秒  1000         -     31106    0.00    0.00    0.00    0.00    0.00    10      0.00      0.00 1125176  207020   2.70  |__fastlio_mapping
16时31分15秒  1000         -     31107    0.00    0.00    0.00    0.00    0.00    15      0.00      0.00 1125176  207020   2.70  |__fastlio_mapping
16时31分15秒  1000         -     31108    0.00    0.00    0.00    0.00    0.00     2      0.00      0.00 1125176  207020   2.70  |__fastlio_mapping
16时31分15秒  1000         -     31109    0.00    0.00    0.00    0.00    0.00     8      0.00      0.00 1125176  207020   2.70  |__fastlio_mapping
16时31分15秒  1000         -     31110    0.00    0.00    0.00    0.00    0.00     8      0.00      0.00 1125176  207020   2.70  |__fastlio_mapping
16时31分15秒  1000         -     31111    0.00    0.00    0.00    0.00    0.00    12      0.00      0.00 1125176  207020   2.70  |__fastlio_mapping
16时31分15秒  1000         -     31112    0.00    0.00    0.00    0.00    0.00    13      0.00      0.00 1125176  207020   2.70  |__fastlio_mapping
16时31分15秒  1000         -     31113    0.00    0.00    0.00    0.00    0.00     8      0.00      0.00 1125176  207020   2.70  |__fastlio_mapping
16时31分15秒  1000         -     31114    1.00    0.00    0.00    0.00    1.00    14      0.00      0.00 1125176  207020   2.70  |__fastlio_mapping
16时31分15秒  1000         -     31115    0.00    0.00    0.00    0.00    0.00    13      0.00      0.00 1125176  207020   2.70  |__fastlio_mapping
16时31分15秒  1000         -     31116    0.00    0.00    0.00    0.00    0.00    15      0.00      0.00 1125176  207020   2.70  |__fastlio_mapping
16时31分15秒  1000         -     31117    0.00    0.00    0.00    0.00    0.00     0      0.00      0.00 1125176  207020   2.70  |__fastlio_mapping
16时31分15秒  1000         -     31118   10.00    0.00    0.00    0.00   10.00     6      0.00      0.00 1125176  207020   2.70  |__fastlio_mapping
16时31分15秒  1000         -     31119   12.00    0.00    0.00    0.00   12.00     4      0.00      0.00 1125176  207020   2.70  |__fastlio_mapping

# Time        UID      TGID       TID    %usr %system  %guest   %wait    %CPU   CPU  minflt/s  majflt/s     VSZ     RSS   %MEM  Command
16时31分16秒  1000     31103         -   29.00    3.00    0.00    0.00   32.00    10   6555.00      0.00 1125300  207208   2.70  fastlio_mapping
16时31分16秒  1000         -     31103    6.00    2.00    0.00    0.00    8.00    10   6555.00      0.00 1125300  207208   2.70  |__fastlio_mapping
16时31分16秒  1000         -     31105    1.00    1.00    0.00    0.00    2.00    12      0.00      0.00 1125300  207208   2.70  |__fastlio_mapping
16时31分16秒  1000         -     31106    0.00    0.00    0.00    0.00    0.00    10      0.00      0.00 1125300  207208   2.70  |__fastlio_mapping
16时31分16秒  1000         -     31107    0.00    0.00    0.00    0.00    0.00    15      0.00      0.00 1125300  207208   2.70  |__fastlio_mapping
16时31分16秒  1000         -     31108    0.00    0.00    0.00    0.00    0.00     2      0.00      0.00 1125300  207208   2.70  |__fastlio_mapping
16时31分16秒  1000         -     31109    0.00    0.00    0.00    0.00    0.00    14      0.00      0.00 1125300  207208   2.70  |__fastlio_mapping
16时31分16秒  1000         -     31110    0.00    0.00    0.00    0.00    0.00     8      0.00      0.00 1125300  207208   2.70  |__fastlio_mapping
16时31分16秒  1000         -     31111    0.00    0.00    0.00    0.00    0.00     4      0.00      0.00 1125300  207208   2.70  |__fastlio_mapping
16时31分16秒  1000         -     31112    0.00    0.00    0.00    0.00    0.00    10      0.00      0.00 1125300  207208   2.70  |__fastlio_mapping
16时31分16秒  1000         -     31113    0.00    0.00    0.00    0.00    0.00     8      0.00      0.00 1125300  207208   2.70  |__fastlio_mapping
16时31分16秒  1000         -     31114    0.00    1.00    0.00    0.00    1.00     8      0.00      0.00 1125300  207208   2.70  |__fastlio_mapping
16时31分16秒  1000         -     31115    0.00    0.00    0.00    0.00    0.00    13      0.00      0.00 1125300  207208   2.70  |__fastlio_mapping
16时31分16秒  1000         -     31116    0.00    0.00    0.00    0.00    0.00    15      0.00      0.00 1125300  207208   2.70  |__fastlio_mapping
16时31分16秒  1000         -     31117    1.00    0.00    0.00    0.00    1.00    14      0.00      0.00 1125300  207208   2.70  |__fastlio_mapping
16时31分16秒  1000         -     31118    9.00    0.00    0.00    0.00    9.00     9      0.00      0.00 1125300  207208   2.70  |__fastlio_mapping
16时31分16秒  1000         -     31119   12.00    0.00    0.00    0.00   12.00     0      0.00      0.00 1125300  207208   2.70  |__fastlio_mapping

# Time        UID      TGID       TID    %usr %system  %guest   %wait    %CPU   CPU  minflt/s  majflt/s     VSZ     RSS   %MEM  Command
16时31分17秒  1000     31103         -   31.00    3.00    0.00    0.00   34.00     0   6588.00      0.00 1125428  207352   2.70  fastlio_mapping
16时31分17秒  1000         -     31103    6.00    2.00    0.00    0.00    8.00     0   6588.00      0.00 1125428  207352   2.70  |__fastlio_mapping
16时31分17秒  1000         -     31105    2.00    1.00    0.00    0.00    3.00     9      0.00      0.00 1125428  207352   2.70  |__fastlio_mapping
16时31分17秒  1000         -     31106    0.00    0.00    0.00    0.00    0.00    10      0.00      0.00 1125428  207352   2.70  |__fastlio_mapping
16时31分17秒  1000         -     31107    0.00    0.00    0.00    0.00    0.00    15      0.00      0.00 1125428  207352   2.70  |__fastlio_mapping
16时31分17秒  1000         -     31108    0.00    0.00    0.00    0.00    0.00     2      0.00      0.00 1125428  207352   2.70  |__fastlio_mapping
16时31分17秒  1000         -     31109    0.00    0.00    0.00    0.00    0.00    14      0.00      0.00 1125428  207352   2.70  |__fastlio_mapping
16时31分17秒  1000         -     31110    0.00    0.00    0.00    0.00    0.00     8      0.00      0.00 1125428  207352   2.70  |__fastlio_mapping
16时31分17秒  1000         -     31111    0.00    0.00    0.00    0.00    0.00    13      0.00      0.00 1125428  207352   2.70  |__fastlio_mapping
16时31分17秒  1000         -     31112    0.00    0.00    0.00    0.00    0.00    13      0.00      0.00 1125428  207352   2.70  |__fastlio_mapping
16时31分17秒  1000         -     31113    0.00    0.00    0.00    0.00    0.00     8      0.00      0.00 1125428  207352   2.70  |__fastlio_mapping
16时31分17秒  1000         -     31114    1.00    0.00    0.00    0.00    1.00     9      0.00      0.00 1125428  207352   2.70  |__fastlio_mapping
16时31分17秒  1000         -     31115    0.00    0.00    0.00    0.00    0.00    13      0.00      0.00 1125428  207352   2.70  |__fastlio_mapping
16时31分17秒  1000         -     31116    0.00    0.00    0.00    0.00    0.00    15      0.00      0.00 1125428  207352   2.70  |__fastlio_mapping
16时31分17秒  1000         -     31117    0.00    1.00    0.00    0.00    1.00     9      0.00      0.00 1125428  207352   2.70  |__fastlio_mapping
16时31分17秒  1000         -     31118   10.00    0.00    0.00    0.00   10.00     4      0.00      0.00 1125428  207352   2.70  |__fastlio_mapping
16时31分17秒  1000         -     31119   12.00    0.00    0.00    0.00   12.00     2      0.00      0.00 1125428  207352   2.70  |__fastlio_mapping

# Time        UID      TGID       TID    %usr %system  %guest   %wait    %CPU   CPU  minflt/s  majflt/s     VSZ     RSS   %MEM  Command
16时31分18秒  1000     31103         -   36.00    3.00    0.00    1.00   39.00    10   6617.00      0.00 1125552  207608   2.71  fastlio_mapping
16时31分18秒  1000         -     31103    7.00    1.00    0.00    1.00    8.00    10   6617.00      0.00 1125552  207608   2.71  |__fastlio_mapping
16时31分18秒  1000         -     31105    1.00    2.00    0.00    1.00    3.00    11      0.00      0.00 1125552  207608   2.71  |__fastlio_mapping
16时31分18秒  1000         -     31106    0.00    0.00    0.00    0.00    0.00    10      0.00      0.00 1125552  207608   2.71  |__fastlio_mapping
16时31分18秒  1000         -     31107    0.00    0.00    0.00    0.00    0.00    15      0.00      0.00 1125552  207608   2.71  |__fastlio_mapping
16时31分18秒  1000         -     31108    0.00    0.00    0.00    0.00    0.00     2      0.00      0.00 1125552  207608   2.71  |__fastlio_mapping
16时31分18秒  1000         -     31109    1.00    0.00    0.00    0.00    1.00     8      0.00      0.00 1125552  207608   2.71  |__fastlio_mapping
16时31分18秒  1000         -     31110    0.00    0.00    0.00    0.00    0.00     8      0.00      0.00 1125552  207608   2.71  |__fastlio_mapping
16时31分18秒  1000         -     31111    0.00    0.00    0.00    0.00    0.00     6      0.00      0.00 1125552  207608   2.71  |__fastlio_mapping
16时31分18秒  1000         -     31112    0.00    0.00    0.00    0.00    0.00     0      0.00      0.00 1125552  207608   2.71  |__fastlio_mapping
16时31分18秒  1000         -     31113    0.00    0.00    0.00    0.00    0.00     8      0.00      0.00 1125552  207608   2.71  |__fastlio_mapping
16时31分18秒  1000         -     31114    1.00    0.00    0.00    0.00    1.00     9      0.00      0.00 1125552  207608   2.71  |__fastlio_mapping
16时31分18秒  1000         -     31115    0.00    0.00    0.00    0.00    0.00    13      0.00      0.00 1125552  207608   2.71  |__fastlio_mapping
16时31分18秒  1000         -     31116    0.00    0.00    0.00    0.00    0.00    15      0.00      0.00 1125552  207608   2.71  |__fastlio_mapping
16时31分18秒  1000         -     31117    1.00    0.00    0.00    1.00    1.00     9      0.00      0.00 1125552  207608   2.71  |__fastlio_mapping
16时31分18秒  1000         -     31118   14.00    0.00    0.00    0.00   14.00     4      0.00      0.00 1125552  207608   2.71  |__fastlio_mapping
16时31分18秒  1000         -     31119   13.00    0.00    0.00    1.00   13.00     6      0.00      0.00 1125552  207608   2.71  |__fastlio_mapping

# Time        UID      TGID       TID    %usr %system  %guest   %wait    %CPU   CPU  minflt/s  majflt/s     VSZ     RSS   %MEM  Command
16时31分19秒  1000     31103         -   32.00    3.00    0.00    0.00   35.00    14   6647.00      0.00 1125672  207680   2.71  fastlio_mapping
16时31分19秒  1000         -     31103    6.00    1.00    0.00    0.00    7.00    14   6645.00      0.00 1125672  207680   2.71  |__fastlio_mapping
16时31分19秒  1000         -     31105    1.00    1.00    0.00    0.00    2.00     9      0.00      0.00 1125672  207680   2.71  |__fastlio_mapping
16时31分19秒  1000         -     31106    0.00    0.00    0.00    0.00    0.00    10      0.00      0.00 1125672  207680   2.71  |__fastlio_mapping
16时31分19秒  1000         -     31107    0.00    0.00    0.00    0.00    0.00    15      0.00      0.00 1125672  207680   2.71  |__fastlio_mapping
16时31分19秒  1000         -     31108    0.00    0.00    0.00    0.00    0.00     2      0.00      0.00 1125672  207680   2.71  |__fastlio_mapping
16时31分19秒  1000         -     31109    0.00    0.00    0.00    0.00    0.00     4      0.00      0.00 1125672  207680   2.71  |__fastlio_mapping
16时31分19秒  1000         -     31110    0.00    0.00    0.00    0.00    0.00     8      0.00      0.00 1125672  207680   2.71  |__fastlio_mapping
16时31分19秒  1000         -     31111    0.00    0.00    0.00    0.00    0.00     8      0.00      0.00 1125672  207680   2.71  |__fastlio_mapping
16时31分19秒  1000         -     31112    0.00    0.00    0.00    0.00    0.00     6      2.00      0.00 1125672  207680   2.71  |__fastlio_mapping
16时31分19秒  1000         -     31113    0.00    0.00    0.00    0.00    0.00     8      0.00      0.00 1125672  207680   2.71  |__fastlio_mapping
16时31分19秒  1000         -     31114    0.00    0.00    0.00    0.00    0.00    10      0.00      0.00 1125672  207680   2.71  |__fastlio_mapping
16时31分19秒  1000         -     31115    0.00    0.00    0.00    0.00    0.00    13      0.00      0.00 1125672  207680   2.71  |__fastlio_mapping
16时31分19秒  1000         -     31116    0.00    0.00    0.00    0.00    0.00    15      0.00      0.00 1125672  207680   2.71  |__fastlio_mapping
16时31分19秒  1000         -     31117    0.00    0.00    0.00    0.00    0.00    12      0.00      0.00 1125672  207680   2.71  |__fastlio_mapping
16时31分19秒  1000         -     31118   11.00    0.00    0.00    0.00   11.00     2      0.00      0.00 1125672  207680   2.71  |__fastlio_mapping
16时31分19秒  1000         -     31119   12.00    0.00    0.00    0.00   12.00     6      0.00      0.00 1125672  207680   2.71  |__fastlio_mapping

# Time        UID      TGID       TID    %usr %system  %guest   %wait    %CPU   CPU  minflt/s  majflt/s     VSZ     RSS   %MEM  Command
16时31分20秒  1000     31103         -   32.00    3.00    0.00    0.00   35.00     6   6675.00      0.00 1125792  207992   2.71  fastlio_mapping
16时31分20秒  1000         -     31103    6.00    2.00    0.00    0.00    8.00     6   6675.00      0.00 1125792  207992   2.71  |__fastlio_mapping
16时31分20秒  1000         -     31105    0.00    2.00    0.00    0.00    2.00    14      0.00      0.00 1125792  207992   2.71  |__fastlio_mapping
16时31分20秒  1000         -     31106    0.00    0.00    0.00    0.00    0.00    10      0.00      0.00 1125792  207992   2.71  |__fastlio_mapping
16时31分20秒  1000         -     31107    0.00    0.00    0.00    0.00    0.00    15      0.00      0.00 1125792  207992   2.71  |__fastlio_mapping
16时31分20秒  1000         -     31108    0.00    0.00    0.00    0.00    0.00     2      0.00      0.00 1125792  207992   2.71  |__fastlio_mapping
16时31分20秒  1000         -     31109    0.00    0.00    0.00    0.00    0.00    10      0.00      0.00 1125792  207992   2.71  |__fastlio_mapping
16时31分20秒  1000         -     31110    0.00    0.00    0.00    0.00    0.00     8      0.00      0.00 1125792  207992   2.71  |__fastlio_mapping
16时31分20秒  1000         -     31111    0.00    0.00    0.00    0.00    0.00     2      0.00      0.00 1125792  207992   2.71  |__fastlio_mapping
16时31分20秒  1000         -     31112    0.00    0.00    0.00    0.00    0.00     6      0.00      0.00 1125792  207992   2.71  |__fastlio_mapping
16时31分20秒  1000         -     31113    0.00    0.00    0.00    0.00    0.00     8      0.00      0.00 1125792  207992   2.71  |__fastlio_mapping
16时31分20秒  1000         -     31114    1.00    0.00    0.00    0.00    1.00     0      0.00      0.00 1125792  207992   2.71  |__fastlio_mapping
16时31分20秒  1000         -     31115    0.00    0.00    0.00    0.00    0.00    13      0.00      0.00 1125792  207992   2.71  |__fastlio_mapping
16时31分20秒  1000         -     31116    0.00    0.00    0.00    0.00    0.00    15      0.00      0.00 1125792  207992   2.71  |__fastlio_mapping
16时31分20秒  1000         -     31117    1.00    0.00    0.00    0.00    1.00    11      0.00      0.00 1125792  207992   2.71  |__fastlio_mapping
16时31分20秒  1000         -     31118   12.00    1.00    0.00    0.00   13.00     3      0.00      0.00 1125792  207992   2.71  |__fastlio_mapping
16时31分20秒  1000         -     31119   12.00    0.00    0.00    0.00   12.00     8      0.00      0.00 1125792  207992   2.71  |__fastlio_mapping

# Time        UID      TGID       TID    %usr %system  %guest   %wait    %CPU   CPU  minflt/s  majflt/s     VSZ     RSS   %MEM  Command
16时31分21秒  1000     31103         -   32.00    3.00    0.00    0.00   35.00    14   6708.00      0.00 1125916  208240   2.72  fastlio_mapping
16时31分21秒  1000         -     31103    6.00    1.00    0.00    0.00    7.00    14   6708.00      0.00 1125916  208240   2.72  |__fastlio_mapping
16时31分21秒  1000         -     31105    1.00    1.00    0.00    0.00    2.00     4      0.00      0.00 1125916  208240   2.72  |__fastlio_mapping
16时31分21秒  1000         -     31106    0.00    0.00    0.00    0.00    0.00    11      0.00      0.00 1125916  208240   2.72  |__fastlio_mapping
16时31分21秒  1000         -     31107    0.00    0.00    0.00    0.00    0.00    15      0.00      0.00 1125916  208240   2.72  |__fastlio_mapping
16时31分21秒  1000         -     31108    0.00    0.00    0.00    0.00    0.00     0      0.00      0.00 1125916  208240   2.72  |__fastlio_mapping
16时31分21秒  1000         -     31109    0.00    1.00    0.00    0.00    1.00    12      0.00      0.00 1125916  208240   2.72  |__fastlio_mapping
16时31分21秒  1000         -     31110    0.00    0.00    0.00    0.00    0.00     8      0.00      0.00 1125916  208240   2.72  |__fastlio_mapping
16时31分21秒  1000         -     31111    0.00    0.00    0.00    0.00    0.00     2      0.00      0.00 1125916  208240   2.72  |__fastlio_mapping
16时31分21秒  1000         -     31112    0.00    0.00    0.00    0.00    0.00     6      0.00      0.00 1125916  208240   2.72  |__fastlio_mapping
16时31分21秒  1000         -     31113    0.00    0.00    0.00    0.00    0.00     8      0.00      0.00 1125916  208240   2.72  |__fastlio_mapping
16时31分21秒  1000         -     31114    0.00    1.00    0.00    0.00    1.00    15      0.00      0.00 1125916  208240   2.72  |__fastlio_mapping
16时31分21秒  1000         -     31115    0.00    0.00    0.00    0.00    0.00    13      0.00      0.00 1125916  208240   2.72  |__fastlio_mapping
16时31分21秒  1000         -     31116    0.00    0.00    0.00    0.00    0.00    15      0.00      0.00 1125916  208240   2.72  |__fastlio_mapping
16时31分21秒  1000         -     31117    0.00    0.00    0.00    0.00    0.00    15      0.00      0.00 1125916  208240   2.72  |__fastlio_mapping
16时31分21秒  1000         -     31118   12.00    0.00    0.00    0.00   12.00     3      0.00      0.00 1125916  208240   2.72  |__fastlio_mapping
16时31分21秒  1000         -     31119   12.00    0.00    0.00    0.00   12.00     6      0.00      0.00 1125916  208240   2.72  |__fastlio_mapping

# Time        UID      TGID       TID    %usr %system  %guest   %wait    %CPU   CPU  minflt/s  majflt/s     VSZ     RSS   %MEM  Command
16时31分22秒  1000     31103         -   34.00    3.00    0.00    0.00   37.00     2   6732.00      0.00 1126028  208404   2.72  fastlio_mapping
16时31分22秒  1000         -     31103    7.00    1.00    0.00    0.00    8.00     2   6730.00      0.00 1126028  208404   2.72  |__fastlio_mapping
16时31分22秒  1000         -     31105    1.00    1.00    0.00    1.00    2.00     0      0.00      0.00 1126028  208404   2.72  |__fastlio_mapping
16时31分22秒  1000         -     31106    0.00    0.00    0.00    0.00    0.00    11      0.00      0.00 1126028  208404   2.72  |__fastlio_mapping
16时31分22秒  1000         -     31107    0.00    0.00    0.00    0.00    0.00    15      0.00      0.00 1126028  208404   2.72  |__fastlio_mapping
16时31分22秒  1000         -     31108    0.00    0.00    0.00    0.00    0.00     2      0.00      0.00 1126028  208404   2.72  |__fastlio_mapping
16时31分22秒  1000         -     31109    0.00    0.00    0.00    1.00    0.00    13      0.00      0.00 1126028  208404   2.72  |__fastlio_mapping
16时31分22秒  1000         -     31110    0.00    0.00    0.00    0.00    0.00     8      0.00      0.00 1126028  208404   2.72  |__fastlio_mapping
16时31分22秒  1000         -     31111    0.00    0.00    0.00    0.00    0.00     9      0.00      0.00 1126028  208404   2.72  |__fastlio_mapping
16时31分22秒  1000         -     31112    0.00    0.00    0.00    0.00    0.00     8      2.00      0.00 1126028  208404   2.72  |__fastlio_mapping
16时31分22秒  1000         -     31113    0.00    0.00    0.00    0.00    0.00     8      0.00      0.00 1126028  208404   2.72  |__fastlio_mapping
16时31分22秒  1000         -     31114    1.00    0.00    0.00    0.00    1.00     0      0.00      0.00 1126028  208404   2.72  |__fastlio_mapping
16时31分22秒  1000         -     31115    0.00    0.00    0.00    0.00    0.00    13      0.00      0.00 1126028  208404   2.72  |__fastlio_mapping
16时31分22秒  1000         -     31116    0.00    0.00    0.00    0.00    0.00    15      0.00      0.00 1126028  208404   2.72  |__fastlio_mapping
16时31分22秒  1000         -     31117    1.00    0.00    0.00    0.00    1.00     4      0.00      0.00 1126028  208404   2.72  |__fastlio_mapping
16时31分22秒  1000         -     31118   12.00    0.00    0.00    0.00   12.00     6      0.00      0.00 1126028  208404   2.72  |__fastlio_mapping
16时31分22秒  1000         -     31119   12.00    0.00    0.00    0.00   12.00     4      0.00      0.00 1126028  208404   2.72  |__fastlio_mapping

# Time        UID      TGID       TID    %usr %system  %guest   %wait    %CPU   CPU  minflt/s  majflt/s     VSZ     RSS   %MEM  Command
16时31分23秒  1000     31103         -   28.00    3.00    0.00    0.00   31.00     9   6761.00      0.00 1126144  208636   2.72  fastlio_mapping
16时31分23秒  1000         -     31103    5.00    2.00    0.00    0.00    7.00     9   6761.00      0.00 1126144  208636   2.72  |__fastlio_mapping
16时31分23秒  1000         -     31105    1.00    2.00    0.00    0.00    3.00    14      0.00      0.00 1126144  208636   2.72  |__fastlio_mapping
16时31分23秒  1000         -     31106    0.00    0.00    0.00    0.00    0.00    11      0.00      0.00 1126144  208636   2.72  |__fastlio_mapping
16时31分23秒  1000         -     31107    0.00    0.00    0.00    0.00    0.00    15      0.00      0.00 1126144  208636   2.72  |__fastlio_mapping
16时31分23秒  1000         -     31108    0.00    0.00    0.00    0.00    0.00     2      0.00      0.00 1126144  208636   2.72  |__fastlio_mapping
16时31分23秒  1000         -     31109    0.00    0.00    0.00    0.00    0.00    14      0.00      0.00 1126144  208636   2.72  |__fastlio_mapping
16时31分23秒  1000         -     31110    0.00    0.00    0.00    0.00    0.00     8      0.00      0.00 1126144  208636   2.72  |__fastlio_mapping
16时31分23秒  1000         -     31111    0.00    0.00    0.00    0.00    0.00     9      0.00      0.00 1126144  208636   2.72  |__fastlio_mapping
16时31分23秒  1000         -     31112    0.00    0.00    0.00    0.00    0.00    11      0.00      0.00 1126144  208636   2.72  |__fastlio_mapping
16时31分23秒  1000         -     31113    0.00    0.00    0.00    0.00    0.00     8      0.00      0.00 1126144  208636   2.72  |__fastlio_mapping
16时31分23秒  1000         -     31114    1.00    0.00    0.00    0.00    1.00     8      0.00      0.00 1126144  208636   2.72  |__fastlio_mapping
16时31分23秒  1000         -     31115    0.00    0.00    0.00    0.00    0.00    13      0.00      0.00 1126144  208636   2.72  |__fastlio_mapping
16时31分23秒  1000         -     31116    0.00    0.00    0.00    0.00    0.00    15      0.00      0.00 1126144  208636   2.72  |__fastlio_mapping
16时31分23秒  1000         -     31117    0.00    1.00    0.00    0.00    1.00    15      0.00      0.00 1126144  208636   2.72  |__fastlio_mapping
16时31分23秒  1000         -     31118   11.00    0.00    0.00    0.00   11.00     6      0.00      0.00 1126144  208636   2.72  |__fastlio_mapping
16时31分23秒  1000         -     31119   10.00    0.00    0.00    0.00   10.00     0      0.00      0.00 1126144  208636   2.72  |__fastlio_mapping

# Time        UID      TGID       TID    %usr %system  %guest   %wait    %CPU   CPU  minflt/s  majflt/s     VSZ     RSS   %MEM  Command
16时31分24秒  1000     31103         -   31.00    3.00    0.00    0.00   34.00     4   6793.00      0.00 1126264  208876   2.72  fastlio_mapping
16时31分24秒  1000         -     31103    6.00    1.00    0.00    0.00    7.00     4   6793.00      0.00 1126264  208876   2.72  |__fastlio_mapping
16时31分24秒  1000         -     31105    1.00    1.00    0.00    0.00    2.00    12      0.00      0.00 1126264  208876   2.72  |__fastlio_mapping
16时31分24秒  1000         -     31106    0.00    0.00    0.00    0.00    0.00    11      0.00      0.00 1126264  208876   2.72  |__fastlio_mapping
16时31分24秒  1000         -     31107    0.00    0.00    0.00    0.00    0.00    15      0.00      0.00 1126264  208876   2.72  |__fastlio_mapping
16时31分24秒  1000         -     31108    0.00    0.00    0.00    0.00    0.00     2      0.00      0.00 1126264  208876   2.72  |__fastlio_mapping
16时31分24秒  1000         -     31109    0.00    0.00    0.00    0.00    0.00    13      0.00      0.00 1126264  208876   2.72  |__fastlio_mapping
16时31分24秒  1000         -     31110    0.00    0.00    0.00    0.00    0.00     8      0.00      0.00 1126264  208876   2.72  |__fastlio_mapping
16时31分24秒  1000         -     31111    0.00    0.00    0.00    0.00    0.00     9      0.00      0.00 1126264  208876   2.72  |__fastlio_mapping
16时31分24秒  1000         -     31112    0.00    0.00    0.00    0.00    0.00    11      0.00      0.00 1126264  208876   2.72  |__fastlio_mapping
16时31分24秒  1000         -     31113    0.00    0.00    0.00    0.00    0.00     8      0.00      0.00 1126264  208876   2.72  |__fastlio_mapping
16时31分24秒  1000         -     31114    0.00    0.00    0.00    0.00    0.00     6      0.00      0.00 1126264  208876   2.72  |__fastlio_mapping
16时31分24秒  1000         -     31115    0.00    0.00    0.00    0.00    0.00    13      0.00      0.00 1126264  208876   2.72  |__fastlio_mapping
16时31分24秒  1000         -     31116    0.00    0.00    0.00    0.00    0.00    15      0.00      0.00 1126264  208876   2.72  |__fastlio_mapping
16时31分24秒  1000         -     31117    1.00    0.00    0.00    0.00    1.00    15      0.00      0.00 1126264  208876   2.72  |__fastlio_mapping
16时31分24秒  1000         -     31118   10.00    0.00    0.00    0.00   10.00     9      0.00      0.00 1126264  208876   2.72  |__fastlio_mapping
16时31分24秒  1000         -     31119   11.00    0.00    0.00    0.00   11.00     6      0.00      0.00 1126264  208876   2.72  |__fastlio_mapping

# Time        UID      TGID       TID    %usr %system  %guest   %wait    %CPU   CPU  minflt/s  majflt/s     VSZ     RSS   %MEM  Command
16时31分25秒  1000     31103         -   36.00    4.00    0.00    2.00   40.00    13   6827.00      0.00 1126976  209080   2.73  fastlio_mapping
16时31分25秒  1000         -     31103    7.00    3.00    0.00    2.00   10.00    13   6823.00      0.00 1126976  209080   2.73  |__fastlio_mapping
16时31分25秒  1000         -     31105    1.00    1.00    0.00    1.00    2.00     8      0.00      0.00 1126976  209080   2.73  |__fastlio_mapping
16时31分25秒  1000         -     31106    0.00    0.00    0.00    0.00    0.00    11      0.00      0.00 1126976  209080   2.73  |__fastlio_mapping
16时31分25秒  1000         -     31107    0.00    0.00    0.00    0.00    0.00    15      0.00      0.00 1126976  209080   2.73  |__fastlio_mapping
16时31分25秒  1000         -     31108    0.00    0.00    0.00    0.00    0.00     2      0.00      0.00 1126976  209080   2.73  |__fastlio_mapping
16时31分25秒  1000         -     31109    0.00    0.00    0.00    0.00    0.00     2      0.00      0.00 1126976  209080   2.73  |__fastlio_mapping
16时31分25秒  1000         -     31110    0.00    0.00    0.00    0.00    0.00     8      0.00      0.00 1126976  209080   2.73  |__fastlio_mapping
16时31分25秒  1000         -     31111    0.00    0.00    0.00    0.00    0.00    11      0.00      0.00 1126976  209080   2.73  |__fastlio_mapping
16时31分25秒  1000         -     31112    0.00    0.00    0.00    0.00    0.00     4      2.00      0.00 1126976  209080   2.73  |__fastlio_mapping
16时31分25秒  1000         -     31113    0.00    0.00    0.00    0.00    0.00     8      0.00      0.00 1126976  209080   2.73  |__fastlio_mapping
16时31分25秒  1000         -     31114    1.00    1.00    0.00    0.00    2.00    11      2.00      0.00 1126976  209080   2.73  |__fastlio_mapping
16时31分25秒  1000         -     31115    0.00    0.00    0.00    0.00    0.00    11      0.00      0.00 1126976  209080   2.73  |__fastlio_mapping
16时31分25秒  1000         -     31116    0.00    0.00    0.00    0.00    0.00     9      0.00      0.00 1126976  209080   2.73  |__fastlio_mapping
16时31分25秒  1000         -     31117    0.00    0.00    0.00    0.00    0.00    15      0.00      0.00 1126976  209080   2.73  |__fastlio_mapping
16时31分25秒  1000         -     31118   13.00    0.00    0.00    0.00   13.00     0      0.00      0.00 1126976  209080   2.73  |__fastlio_mapping
16时31分25秒  1000         -     31119   13.00    0.00    0.00    1.00   13.00     1      0.00      0.00 1126976  209080   2.73  |__fastlio_mapping

# Time        UID      TGID       TID    %usr %system  %guest   %wait    %CPU   CPU  minflt/s  majflt/s     VSZ     RSS   %MEM  Command
16时31分26秒  1000     31103         -   32.00    2.00    0.00    0.00   34.00     9   6850.00      0.00 1127040  209204   2.73  fastlio_mapping
16时31分26秒  1000         -     31103    6.00    1.00    0.00    0.00    7.00     9   6850.00      0.00 1127040  209204   2.73  |__fastlio_mapping
16时31分26秒  1000         -     31105    1.00    1.00    0.00    0.00    2.00    15      0.00      0.00 1127040  209204   2.73  |__fastlio_mapping
16时31分26秒  1000         -     31106    0.00    0.00    0.00    0.00    0.00    11      0.00      0.00 1127040  209204   2.73  |__fastlio_mapping
16时31分26秒  1000         -     31107    0.00    0.00    0.00    0.00    0.00    15      0.00      0.00 1127040  209204   2.73  |__fastlio_mapping
16时31分26秒  1000         -     31108    0.00    0.00    0.00    0.00    0.00     4      0.00      0.00 1127040  209204   2.73  |__fastlio_mapping
16时31分26秒  1000         -     31109    0.00    0.00    0.00    0.00    0.00    10      0.00      0.00 1127040  209204   2.73  |__fastlio_mapping
16时31分26秒  1000         -     31110    0.00    0.00    0.00    0.00    0.00     8      0.00      0.00 1127040  209204   2.73  |__fastlio_mapping
16时31分26秒  1000         -     31111    0.00    0.00    0.00    0.00    0.00    14      0.00      0.00 1127040  209204   2.73  |__fastlio_mapping
16时31分26秒  1000         -     31112    1.00    0.00    0.00    0.00    1.00    15      0.00      0.00 1127040  209204   2.73  |__fastlio_mapping
16时31分26秒  1000         -     31113    0.00    0.00    0.00    0.00    0.00     8      0.00      0.00 1127040  209204   2.73  |__fastlio_mapping
16时31分26秒  1000         -     31114    1.00    0.00    0.00    0.00    1.00     0      0.00      0.00 1127040  209204   2.73  |__fastlio_mapping
16时31分26秒  1000         -     31115    0.00    0.00    0.00    0.00    0.00    11      0.00      0.00 1127040  209204   2.73  |__fastlio_mapping
16时31分26秒  1000         -     31116    0.00    0.00    0.00    0.00    0.00     7      0.00      0.00 1127040  209204   2.73  |__fastlio_mapping
16时31分26秒  1000         -     31117    1.00    0.00    0.00    0.00    1.00    15      0.00      0.00 1127040  209204   2.73  |__fastlio_mapping
16时31分26秒  1000         -     31118   11.00    0.00    0.00    0.00   11.00     8      0.00      0.00 1127040  209204   2.73  |__fastlio_mapping
16时31分26秒  1000         -     31119   12.00    0.00    0.00    0.00   12.00     1      0.00      0.00 1127040  209204   2.73  |__fastlio_mapping

# Time        UID      TGID       TID    %usr %system  %guest   %wait    %CPU   CPU  minflt/s  majflt/s     VSZ     RSS   %MEM  Command
16时31分27秒  1000     31103         -   32.00    4.00    0.00    0.00   36.00     4   6879.00      0.00 1127156  209440   2.73  fastlio_mapping
16时31分27秒  1000         -     31103    7.00    2.00    0.00    0.00    9.00     4   6879.00      0.00 1127156  209440   2.73  |__fastlio_mapping
16时31分27秒  1000         -     31105    1.00    2.00    0.00    0.00    3.00     2      0.00      0.00 1127156  209440   2.73  |__fastlio_mapping
16时31分27秒  1000         -     31106    0.00    0.00    0.00    0.00    0.00    11      0.00      0.00 1127156  209440   2.73  |__fastlio_mapping
16时31分27秒  1000         -     31107    0.00    0.00    0.00    0.00    0.00    15      0.00      0.00 1127156  209440   2.73  |__fastlio_mapping
16时31分27秒  1000         -     31108    0.00    0.00    0.00    0.00    0.00     2      0.00      0.00 1127156  209440   2.73  |__fastlio_mapping
16时31分27秒  1000         -     31109    1.00    0.00    0.00    0.00    1.00    14      0.00      0.00 1127156  209440   2.73  |__fastlio_mapping
16时31分27秒  1000         -     31110    0.00    0.00    0.00    0.00    0.00     8      0.00      0.00 1127156  209440   2.73  |__fastlio_mapping
16时31分27秒  1000         -     31111    0.00    0.00    0.00    0.00    0.00    14      0.00      0.00 1127156  209440   2.73  |__fastlio_mapping
16时31分27秒  1000         -     31112    0.00    0.00    0.00    0.00    0.00    15      0.00      0.00 1127156  209440   2.73  |__fastlio_mapping
16时31分27秒  1000         -     31113    0.00    0.00    0.00    0.00    0.00     8      0.00      0.00 1127156  209440   2.73  |__fastlio_mapping
16时31分27秒  1000         -     31114    0.00    0.00    0.00    0.00    0.00    13      0.00      0.00 1127156  209440   2.73  |__fastlio_mapping
16时31分27秒  1000         -     31115    0.00    0.00    0.00    0.00    0.00    11      0.00      0.00 1127156  209440   2.73  |__fastlio_mapping
16时31分27秒  1000         -     31116    0.00    0.00    0.00    0.00    0.00     7      0.00      0.00 1127156  209440   2.73  |__fastlio_mapping
16时31分27秒  1000         -     31117    0.00    0.00    0.00    0.00    0.00     0      0.00      0.00 1127156  209440   2.73  |__fastlio_mapping
16时31分27秒  1000         -     31118   12.00    0.00    0.00    0.00   12.00     3      0.00      0.00 1127156  209440   2.73  |__fastlio_mapping
16时31分27秒  1000         -     31119   12.00    0.00    0.00    0.00   12.00     6      0.00      0.00 1127156  209440   2.73  |__fastlio_mapping

# Time        UID      TGID       TID    %usr %system  %guest   %wait    %CPU   CPU  minflt/s  majflt/s     VSZ     RSS   %MEM  Command
16时31分28秒  1000     31103         -   32.00    3.00    0.00    0.00   35.00     6   6908.00      0.00 1127272  209820   2.74  fastlio_mapping
16时31分28秒  1000         -     31103    6.00    2.00    0.00    0.00    8.00     6   6908.00      0.00 1127272  209820   2.74  |__fastlio_mapping
16时31分28秒  1000         -     31105    1.00    1.00    0.00    0.00    2.00    11      0.00      0.00 1127272  209820   2.74  |__fastlio_mapping
16时31分28秒  1000         -     31106    0.00    0.00    0.00    0.00    0.00    11      0.00      0.00 1127272  209820   2.74  |__fastlio_mapping
16时31分28秒  1000         -     31107    0.00    0.00    0.00    0.00    0.00    15      0.00      0.00 1127272  209820   2.74  |__fastlio_mapping
16时31分28秒  1000         -     31108    0.00    0.00    0.00    0.00    0.00     2      0.00      0.00 1127272  209820   2.74  |__fastlio_mapping
16时31分28秒  1000         -     31109    0.00    0.00    0.00    0.00    0.00    14      0.00      0.00 1127272  209820   2.74  |__fastlio_mapping
16时31分28秒  1000         -     31110    0.00    0.00    0.00    0.00    0.00     8      0.00      0.00 1127272  209820   2.74  |__fastlio_mapping
16时31分28秒  1000         -     31111    0.00    0.00    0.00    0.00    0.00    14      0.00      0.00 1127272  209820   2.74  |__fastlio_mapping
16时31分28秒  1000         -     31112    0.00    0.00    0.00    0.00    0.00     8      0.00      0.00 1127272  209820   2.74  |__fastlio_mapping
16时31分28秒  1000         -     31113    0.00    0.00    0.00    0.00    0.00     8      0.00      0.00 1127272  209820   2.74  |__fastlio_mapping
16时31分28秒  1000         -     31114    1.00    0.00    0.00    0.00    1.00    15      0.00      0.00 1127272  209820   2.74  |__fastlio_mapping
16时31分28秒  1000         -     31115    0.00    0.00    0.00    0.00    0.00    11      0.00      0.00 1127272  209820   2.74  |__fastlio_mapping
16时31分28秒  1000         -     31116    0.00    0.00    0.00    0.00    0.00     7      0.00      0.00 1127272  209820   2.74  |__fastlio_mapping
16时31分28秒  1000         -     31117    1.00    0.00    0.00    0.00    1.00    15      0.00      0.00 1127272  209820   2.74  |__fastlio_mapping
16时31分28秒  1000         -     31118   12.00    0.00    0.00    0.00   12.00     3      0.00      0.00 1127272  209820   2.74  |__fastlio_mapping
16时31分28秒  1000         -     31119   12.00    0.00    0.00    0.00   12.00     1      0.00      0.00 1127272  209820   2.74  |__fastlio_mapping

# Time        UID      TGID       TID    %usr %system  %guest   %wait    %CPU   CPU  minflt/s  majflt/s     VSZ     RSS   %MEM  Command
16时31分29秒  1000     31103         -   32.00    2.00    0.00    0.00   34.00     0   6946.00      0.00 1127400  210132   2.74  fastlio_mapping
16时31分29秒  1000         -     31103    5.00    1.00    0.00    0.00    6.00     0   6946.00      0.00 1127400  210132   2.74  |__fastlio_mapping
16时31分29秒  1000         -     31105    1.00    1.00    0.00    0.00    2.00     9      0.00      0.00 1127400  210132   2.74  |__fastlio_mapping
16时31分29秒  1000         -     31106    0.00    0.00    0.00    0.00    0.00    11      0.00      0.00 1127400  210132   2.74  |__fastlio_mapping
16时31分29秒  1000         -     31107    0.00    0.00    0.00    0.00    0.00    15      0.00      0.00 1127400  210132   2.74  |__fastlio_mapping
16时31分29秒  1000         -     31108    0.00    0.00    0.00    0.00    0.00     2      0.00      0.00 1127400  210132   2.74  |__fastlio_mapping
16时31分29秒  1000         -     31109    0.00    0.00    0.00    0.00    0.00    15      0.00      0.00 1127400  210132   2.74  |__fastlio_mapping
16时31分29秒  1000         -     31110    0.00    0.00    0.00    0.00    0.00     8      0.00      0.00 1127400  210132   2.74  |__fastlio_mapping
16时31分29秒  1000         -     31111    0.00    0.00    0.00    0.00    0.00    14      0.00      0.00 1127400  210132   2.74  |__fastlio_mapping
16时31分29秒  1000         -     31112    0.00    0.00    0.00    0.00    0.00    15      0.00      0.00 1127400  210132   2.74  |__fastlio_mapping
16时31分29秒  1000         -     31113    0.00    0.00    0.00    0.00    0.00     8      0.00      0.00 1127400  210132   2.74  |__fastlio_mapping
16时31分29秒  1000         -     31114    0.00    0.00    0.00    0.00    0.00    12      0.00      0.00 1127400  210132   2.74  |__fastlio_mapping
16时31分29秒  1000         -     31115    0.00    0.00    0.00    0.00    0.00    11      0.00      0.00 1127400  210132   2.74  |__fastlio_mapping
16时31分29秒  1000         -     31116    0.00    0.00    0.00    0.00    0.00     7      0.00      0.00 1127400  210132   2.74  |__fastlio_mapping
16时31分29秒  1000         -     31117    0.00    1.00    0.00    0.00    1.00    14      0.00      0.00 1127400  210132   2.74  |__fastlio_mapping
16时31分29秒  1000         -     31118   12.00    0.00    0.00    0.00   12.00     3      0.00      0.00 1127400  210132   2.74  |__fastlio_mapping
16时31分29秒  1000         -     31119   12.00    0.00    0.00    0.00   12.00     1      0.00      0.00 1127400  210132   2.74  |__fastlio_mapping

# Time        UID      TGID       TID    %usr %system  %guest   %wait    %CPU   CPU  minflt/s  majflt/s     VSZ     RSS   %MEM  Command
16时31分30秒  1000     31103         -   33.00    3.00    0.00    0.00   36.00    14   6981.00      0.00 1127532  210496   2.74  fastlio_mapping
16时31分30秒  1000         -     31103    6.00    2.00    0.00    0.00    8.00    14   6981.00      0.00 1127532  210496   2.74  |__fastlio_mapping
16时31分30秒  1000         -     31105    2.00    1.00    0.00    0.00    3.00     6      0.00      0.00 1127532  210496   2.74  |__fastlio_mapping
16时31分30秒  1000         -     31106    0.00    0.00    0.00    0.00    0.00    11      0.00      0.00 1127532  210496   2.74  |__fastlio_mapping
16时31分30秒  1000         -     31107    0.00    0.00    0.00    0.00    0.00    15      0.00      0.00 1127532  210496   2.74  |__fastlio_mapping
16时31分30秒  1000         -     31108    0.00    0.00    0.00    0.00    0.00     2      0.00      0.00 1127532  210496   2.74  |__fastlio_mapping
16时31分30秒  1000         -     31109    0.00    0.00    0.00    0.00    0.00    13      0.00      0.00 1127532  210496   2.74  |__fastlio_mapping
16时31分30秒  1000         -     31110    0.00    0.00    0.00    0.00    0.00     8      0.00      0.00 1127532  210496   2.74  |__fastlio_mapping
16时31分30秒  1000         -     31111    0.00    0.00    0.00    0.00    0.00    14      0.00      0.00 1127532  210496   2.74  |__fastlio_mapping
16时31分30秒  1000         -     31112    0.00    0.00    0.00    0.00    0.00    15      0.00      0.00 1127532  210496   2.74  |__fastlio_mapping
16时31分30秒  1000         -     31113    0.00    0.00    0.00    0.00    0.00     8      0.00      0.00 1127532  210496   2.74  |__fastlio_mapping
16时31分30秒  1000         -     31114    1.00    0.00    0.00    0.00    1.00    12      0.00      0.00 1127532  210496   2.74  |__fastlio_mapping
16时31分30秒  1000         -     31115    0.00    0.00    0.00    0.00    0.00    11      0.00      0.00 1127532  210496   2.74  |__fastlio_mapping
16时31分30秒  1000         -     31116    0.00    0.00    0.00    0.00    0.00     7      0.00      0.00 1127532  210496   2.74  |__fastlio_mapping
16时31分30秒  1000         -     31117    1.00    0.00    0.00    0.00    1.00    15      0.00      0.00 1127532  210496   2.74  |__fastlio_mapping
16时31分30秒  1000         -     31118   12.00    0.00    0.00    0.00   12.00     3      0.00      0.00 1127532  210496   2.74  |__fastlio_mapping
16时31分30秒  1000         -     31119   12.00    0.00    0.00    0.00   12.00     1      0.00      0.00 1127532  210496   2.74  |__fastlio_mapping

# Time        UID      TGID       TID    %usr %system  %guest   %wait    %CPU   CPU  minflt/s  majflt/s     VSZ     RSS   %MEM  Command
16时31分31秒  1000     31103         -   32.00    3.00    0.00    0.00   35.00    14   7011.00      0.00 1127120  210696   2.75  fastlio_mapping
16时31分31秒  1000         -     31103    6.00    2.00    0.00    0.00    8.00    14   7011.00      0.00 1127120  210696   2.75  |__fastlio_mapping
16时31分31秒  1000         -     31105    0.00    1.00    0.00    0.00    1.00    11      0.00      0.00 1127120  210696   2.75  |__fastlio_mapping
16时31分31秒  1000         -     31106    0.00    0.00    0.00    0.00    0.00    11      0.00      0.00 1127120  210696   2.75  |__fastlio_mapping
16时31分31秒  1000         -     31107    0.00    0.00    0.00    0.00    0.00    15      0.00      0.00 1127120  210696   2.75  |__fastlio_mapping
16时31分31秒  1000         -     31108    0.00    0.00    0.00    0.00    0.00     2      0.00      0.00 1127120  210696   2.75  |__fastlio_mapping
16时31分31秒  1000         -     31109    0.00    0.00    0.00    0.00    0.00    15      0.00      0.00 1127120  210696   2.75  |__fastlio_mapping
16时31分31秒  1000         -     31110    0.00    0.00    0.00    0.00    0.00     8      0.00      0.00 1127120  210696   2.75  |__fastlio_mapping
16时31分31秒  1000         -     31111    0.00    0.00    0.00    0.00    0.00     0      0.00      0.00 1127120  210696   2.75  |__fastlio_mapping
16时31分31秒  1000         -     31112    0.00    0.00    0.00    0.00    0.00    11      0.00      0.00 1127120  210696   2.75  |__fastlio_mapping
16时31分31秒  1000         -     31113    0.00    0.00    0.00    0.00    0.00     8      0.00      0.00 1127120  210696   2.75  |__fastlio_mapping
16时31分31秒  1000         -     31114    1.00    0.00    0.00    0.00    1.00    13      0.00      0.00 1127120  210696   2.75  |__fastlio_mapping
16时31分31秒  1000         -     31115    0.00    0.00    0.00    0.00    0.00    11      0.00      0.00 1127120  210696   2.75  |__fastlio_mapping
16时31分31秒  1000         -     31116    0.00    0.00    0.00    0.00    0.00     7      0.00      0.00 1127120  210696   2.75  |__fastlio_mapping
16时31分31秒  1000         -     31117    0.00    0.00    0.00    0.00    0.00    13      0.00      0.00 1127120  210696   2.75  |__fastlio_mapping
16时31分31秒  1000         -     31118   12.00    0.00    0.00    0.00   12.00     3      0.00      0.00 1127120  210696   2.75  |__fastlio_mapping
16时31分31秒  1000         -     31119   12.00    0.00    0.00    0.00   12.00     1      0.00      0.00 1127120  210696   2.75  |__fastlio_mapping

# Time        UID      TGID       TID    %usr %system  %guest   %wait    %CPU   CPU  minflt/s  majflt/s     VSZ     RSS   %MEM  Command
16时31分32秒  1000     31103         -   32.00    3.00    0.00    0.00   35.00     7   7061.00      0.00 1127272  211148   2.75  fastlio_mapping
16时31分32秒  1000         -     31103    5.00    1.00    0.00    0.00    6.00     7   7061.00      0.00 1127272  211148   2.75  |__fastlio_mapping
16时31分32秒  1000         -     31105    1.00    1.00    0.00    0.00    2.00     6      0.00      0.00 1127272  211148   2.75  |__fastlio_mapping
16时31分32秒  1000         -     31106    0.00    0.00    0.00    0.00    0.00    11      0.00      0.00 1127272  211148   2.75  |__fastlio_mapping
16时31分32秒  1000         -     31107    0.00    0.00    0.00    0.00    0.00    15      0.00      0.00 1127272  211148   2.75  |__fastlio_mapping
16时31分32秒  1000         -     31108    0.00    0.00    0.00    0.00    0.00     2      0.00      0.00 1127272  211148   2.75  |__fastlio_mapping
16时31分32秒  1000         -     31109    0.00    0.00    0.00    0.00    0.00     4      0.00      0.00 1127272  211148   2.75  |__fastlio_mapping
16时31分32秒  1000         -     31110    0.00    0.00    0.00    0.00    0.00     8      0.00      0.00 1127272  211148   2.75  |__fastlio_mapping
16时31分32秒  1000         -     31111    0.00    0.00    0.00    0.00    0.00    14      0.00      0.00 1127272  211148   2.75  |__fastlio_mapping
16时31分32秒  1000         -     31112    0.00    0.00    0.00    0.00    0.00    14      0.00      0.00 1127272  211148   2.75  |__fastlio_mapping
16时31分32秒  1000         -     31113    0.00    0.00    0.00    0.00    0.00     8      0.00      0.00 1127272  211148   2.75  |__fastlio_mapping
16时31分32秒  1000         -     31114    0.00    1.00    0.00    0.00    1.00     0      0.00      0.00 1127272  211148   2.75  |__fastlio_mapping
16时31分32秒  1000         -     31115    0.00    0.00    0.00    0.00    0.00    11      0.00      0.00 1127272  211148   2.75  |__fastlio_mapping
16时31分32秒  1000         -     31116    0.00    0.00    0.00    0.00    0.00     7      0.00      0.00 1127272  211148   2.75  |__fastlio_mapping
16时31分32秒  1000         -     31117    1.00    0.00    0.00    0.00    1.00     6      0.00      0.00 1127272  211148   2.75  |__fastlio_mapping
16时31分32秒  1000         -     31118   12.00    0.00    0.00    0.00   12.00     3      0.00      0.00 1127272  211148   2.75  |__fastlio_mapping
16时31分32秒  1000         -     31119   12.00    0.00    0.00    0.00   12.00     1      0.00      0.00 1127272  211148   2.75  |__fastlio_mapping

# Time        UID      TGID       TID    %usr %system  %guest   %wait    %CPU   CPU  minflt/s  majflt/s     VSZ     RSS   %MEM  Command
16时31分33秒  1000     31103         -   33.00    3.00    0.00    0.00   36.00     0   7111.00      0.00 1127440  211484   2.76  fastlio_mapping
16时31分33秒  1000         -     31103    7.00    2.00    0.00    0.00    9.00     0   7111.00      0.00 1127440  211484   2.76  |__fastlio_mapping
16时31分33秒  1000         -     31105    2.00    1.00    0.00    0.00    3.00     9      0.00      0.00 1127440  211484   2.76  |__fastlio_mapping
16时31分33秒  1000         -     31106    0.00    0.00    0.00    0.00    0.00    11      0.00      0.00 1127440  211484   2.76  |__fastlio_mapping
16时31分33秒  1000         -     31107    0.00    0.00    0.00    0.00    0.00    15      0.00      0.00 1127440  211484   2.76  |__fastlio_mapping
16时31分33秒  1000         -     31108    0.00    0.00    0.00    0.00    0.00     2      0.00      0.00 1127440  211484   2.76  |__fastlio_mapping
16时31分33秒  1000         -     31109    0.00    0.00    0.00    0.00    0.00     6      0.00      0.00 1127440  211484   2.76  |__fastlio_mapping
16时31分33秒  1000         -     31110    0.00    0.00    0.00    0.00    0.00     8      0.00      0.00 1127440  211484   2.76  |__fastlio_mapping
16时31分33秒  1000         -     31111    0.00    0.00    0.00    0.00    0.00    14      0.00      0.00 1127440  211484   2.76  |__fastlio_mapping
16时31分33秒  1000         -     31112    0.00    0.00    0.00    0.00    0.00    14      0.00      0.00 1127440  211484   2.76  |__fastlio_mapping
16时31分33秒  1000         -     31113    0.00    0.00    0.00    0.00    0.00     8      0.00      0.00 1127440  211484   2.76  |__fastlio_mapping
16时31分33秒  1000         -     31114    0.00    0.00    0.00    0.00    0.00     6      0.00      0.00 1127440  211484   2.76  |__fastlio_mapping
16时31分33秒  1000         -     31115    0.00    0.00    0.00    0.00    0.00    11      0.00      0.00 1127440  211484   2.76  |__fastlio_mapping
16时31分33秒  1000         -     31116    0.00    0.00    0.00    0.00    0.00     7      0.00      0.00 1127440  211484   2.76  |__fastlio_mapping
16时31分33秒  1000         -     31117    0.00    0.00    0.00    0.00    0.00    12      0.00      0.00 1127440  211484   2.76  |__fastlio_mapping
16时31分33秒  1000         -     31118   12.00    0.00    0.00    0.00   12.00     2      0.00      0.00 1127440  211484   2.76  |__fastlio_mapping
16时31分33秒  1000         -     31119   12.00    0.00    0.00    0.00   12.00     1      0.00      0.00 1127440  211484   2.76  |__fastlio_mapping

# Time        UID      TGID       TID    %usr %system  %guest   %wait    %CPU   CPU  minflt/s  majflt/s     VSZ     RSS   %MEM  Command
16时31分34秒  1000     31103         -   35.00    3.00    0.00    0.00   38.00     0   7156.00      0.00 1128200  211896   2.76  fastlio_mapping
16时31分34秒  1000         -     31103    6.00    1.00    0.00    0.00    7.00     0   7153.00      0.00 1128200  211896   2.76  |__fastlio_mapping
16时31分34秒  1000         -     31105    1.00    1.00    0.00    1.00    2.00    13      0.00      0.00 1128200  211896   2.76  |__fastlio_mapping
16时31分34秒  1000         -     31106    0.00    0.00    0.00    0.00    0.00    11      0.00      0.00 1128200  211896   2.76  |__fastlio_mapping
16时31分34秒  1000         -     31107    0.00    0.00    0.00    0.00    0.00    15      0.00      0.00 1128200  211896   2.76  |__fastlio_mapping
16时31分34秒  1000         -     31108    0.00    0.00    0.00    0.00    0.00     2      0.00      0.00 1128200  211896   2.76  |__fastlio_mapping
16时31分34秒  1000         -     31109    0.00    0.00    0.00    0.00    0.00     9      0.00      0.00 1128200  211896   2.76  |__fastlio_mapping
16时31分34秒  1000         -     31110    0.00    0.00    0.00    0.00    0.00     8      0.00      0.00 1128200  211896   2.76  |__fastlio_mapping
16时31分34秒  1000         -     31111    0.00    0.00    0.00    0.00    0.00     6      0.00      0.00 1128200  211896   2.76  |__fastlio_mapping
16时31分34秒  1000         -     31112    0.00    0.00    0.00    0.00    0.00     6      2.00      0.00 1128200  211896   2.76  |__fastlio_mapping
16时31分34秒  1000         -     31113    0.00    0.00    0.00    0.00    0.00     8      0.00      0.00 1128200  211896   2.76  |__fastlio_mapping
16时31分34秒  1000         -     31114    1.00    0.00    0.00    0.00    1.00    13      1.00      0.00 1128200  211896   2.76  |__fastlio_mapping
16时31分34秒  1000         -     31115    0.00    0.00    0.00    0.00    0.00     8      0.00      0.00 1128200  211896   2.76  |__fastlio_mapping
16时31分34秒  1000         -     31116    0.00    0.00    0.00    0.00    0.00     7      0.00      0.00 1128200  211896   2.76  |__fastlio_mapping
16时31分34秒  1000         -     31117    1.00    0.00    0.00    1.00    1.00    12      0.00      0.00 1128200  211896   2.76  |__fastlio_mapping
16时31分34秒  1000         -     31118   12.00    0.00    0.00    1.00   12.00     4      0.00      0.00 1128200  211896   2.76  |__fastlio_mapping
16时31分34秒  1000         -     31119   12.00    0.00    0.00    0.00   12.00     1      0.00      0.00 1128200  211896   2.76  |__fastlio_mapping

# Time        UID      TGID       TID    %usr %system  %guest   %wait    %CPU   CPU  minflt/s  majflt/s     VSZ     RSS   %MEM  Command
16时31分35秒  1000     31103         -   31.00    4.00    0.00    0.00   35.00     6   7198.00      0.00 1128320  212240   2.77  fastlio_mapping
16时31分35秒  1000         -     31103    6.00    2.00    0.00    0.00    8.00     6   7198.00      0.00 1128320  212240   2.77  |__fastlio_mapping
16时31分35秒  1000         -     31105    1.00    2.00    0.00    0.00    3.00     8      0.00      0.00 1128320  212240   2.77  |__fastlio_mapping
16时31分35秒  1000         -     31106    0.00    0.00    0.00    0.00    0.00    11      0.00      0.00 1128320  212240   2.77  |__fastlio_mapping
16时31分35秒  1000         -     31107    0.00    0.00    0.00    0.00    0.00    15      0.00      0.00 1128320  212240   2.77  |__fastlio_mapping
16时31分35秒  1000         -     31108    0.00    0.00    0.00    0.00    0.00     2      0.00      0.00 1128320  212240   2.77  |__fastlio_mapping
16时31分35秒  1000         -     31109    0.00    0.00    0.00    0.00    0.00    10      0.00      0.00 1128320  212240   2.77  |__fastlio_mapping
16时31分35秒  1000         -     31110    0.00    0.00    0.00    0.00    0.00     8      0.00      0.00 1128320  212240   2.77  |__fastlio_mapping
16时31分35秒  1000         -     31111    0.00    0.00    0.00    0.00    0.00     8      0.00      0.00 1128320  212240   2.77  |__fastlio_mapping
16时31分35秒  1000         -     31112    0.00    0.00    0.00    0.00    0.00     9      0.00      0.00 1128320  212240   2.77  |__fastlio_mapping
16时31分35秒  1000         -     31113    0.00    0.00    0.00    0.00    0.00     8      0.00      0.00 1128320  212240   2.77  |__fastlio_mapping
16时31分35秒  1000         -     31114    1.00    1.00    0.00    0.00    2.00     3      0.00      0.00 1128320  212240   2.77  |__fastlio_mapping
16时31分35秒  1000         -     31115    0.00    0.00    0.00    0.00    0.00     8      0.00      0.00 1128320  212240   2.77  |__fastlio_mapping
16时31分35秒  1000         -     31116    0.00    0.00    0.00    0.00    0.00     7      0.00      0.00 1128320  212240   2.77  |__fastlio_mapping
16时31分35秒  1000         -     31117    0.00    0.00    0.00    0.00    0.00    12      0.00      0.00 1128320  212240   2.77  |__fastlio_mapping
16时31分35秒  1000         -     31118   12.00    0.00    0.00    0.00   12.00     4      0.00      0.00 1128320  212240   2.77  |__fastlio_mapping
16时31分35秒  1000         -     31119   12.00    0.00    0.00    0.00   12.00     1      0.00      0.00 1128320  212240   2.77  |__fastlio_mapping

# Time        UID      TGID       TID    %usr %system  %guest   %wait    %CPU   CPU  minflt/s  majflt/s     VSZ     RSS   %MEM  Command
16时31分36秒  1000     31103         -   32.00    4.00    0.00    0.00   36.00     0   7244.00      0.00 1128496  212592   2.77  fastlio_mapping
16时31分36秒  1000         -     31103    6.00    2.00    0.00    0.00    8.00     0   7244.00      0.00 1128496  212592   2.77  |__fastlio_mapping
16时31分36秒  1000         -     31105    1.00    1.00    0.00    0.00    2.00    14      0.00      0.00 1128496  212592   2.77  |__fastlio_mapping
16时31分36秒  1000         -     31106    0.00    0.00    0.00    0.00    0.00    11      0.00      0.00 1128496  212592   2.77  |__fastlio_mapping
16时31分36秒  1000         -     31107    0.00    0.00    0.00    0.00    0.00    15      0.00      0.00 1128496  212592   2.77  |__fastlio_mapping
16时31分36秒  1000         -     31108    0.00    0.00    0.00    0.00    0.00     2      0.00      0.00 1128496  212592   2.77  |__fastlio_mapping
16时31分36秒  1000         -     31109    0.00    1.00    0.00    0.00    1.00    11      0.00      0.00 1128496  212592   2.77  |__fastlio_mapping
16时31分36秒  1000         -     31110    0.00    0.00    0.00    0.00    0.00     8      0.00      0.00 1128496  212592   2.77  |__fastlio_mapping
16时31分36秒  1000         -     31111    0.00    0.00    0.00    0.00    0.00     8      0.00      0.00 1128496  212592   2.77  |__fastlio_mapping
16时31分36秒  1000         -     31112    0.00    0.00    0.00    0.00    0.00     9      0.00      0.00 1128496  212592   2.77  |__fastlio_mapping
16时31分36秒  1000         -     31113    0.00    0.00    0.00    0.00    0.00     8      0.00      0.00 1128496  212592   2.77  |__fastlio_mapping
16时31分36秒  1000         -     31114    0.00    0.00    0.00    0.00    0.00     3      0.00      0.00 1128496  212592   2.77  |__fastlio_mapping
16时31分36秒  1000         -     31115    0.00    0.00    0.00    0.00    0.00     8      0.00      0.00 1128496  212592   2.77  |__fastlio_mapping
16时31分36秒  1000         -     31116    0.00    0.00    0.00    0.00    0.00     7      0.00      0.00 1128496  212592   2.77  |__fastlio_mapping
16时31分36秒  1000         -     31117    1.00    0.00    0.00    0.00    1.00    10      0.00      0.00 1128496  212592   2.77  |__fastlio_mapping
16时31分36秒  1000         -     31118   12.00    0.00    0.00    0.00   12.00     6      0.00      0.00 1128496  212592   2.77  |__fastlio_mapping
16时31分36秒  1000         -     31119   13.00    0.00    0.00    0.00   13.00     1      0.00      0.00 1128496  212592   2.77  |__fastlio_mapping

# Time        UID      TGID       TID    %usr %system  %guest   %wait    %CPU   CPU  minflt/s  majflt/s     VSZ     RSS   %MEM  Command
16时31分37秒  1000     31103         -   33.00    4.00    0.00    0.00   37.00     6   7285.00      0.00 1129256  212928   2.78  fastlio_mapping
16时31分37秒  1000         -     31103    6.00    2.00    0.00    0.00    8.00     6   7282.00      0.00 1129256  212928   2.78  |__fastlio_mapping
16时31分37秒  1000         -     31105    1.00    2.00    0.00    0.00    3.00     9      0.00      0.00 1129256  212928   2.78  |__fastlio_mapping
16时31分37秒  1000         -     31106    0.00    0.00    0.00    0.00    0.00    11      0.00      0.00 1129256  212928   2.78  |__fastlio_mapping
16时31分37秒  1000         -     31107    0.00    0.00    0.00    0.00    0.00    15      0.00      0.00 1129256  212928   2.78  |__fastlio_mapping
16时31分37秒  1000         -     31108    0.00    0.00    0.00    0.00    0.00     4      0.00      0.00 1129256  212928   2.78  |__fastlio_mapping
16时31分37秒  1000         -     31109    0.00    0.00    0.00    0.00    0.00     2      0.00      0.00 1129256  212928   2.78  |__fastlio_mapping
16时31分37秒  1000         -     31110    0.00    0.00    0.00    0.00    0.00     8      0.00      0.00 1129256  212928   2.78  |__fastlio_mapping
16时31分37秒  1000         -     31111    0.00    0.00    0.00    0.00    0.00     9      0.00      0.00 1129256  212928   2.78  |__fastlio_mapping
16时31分37秒  1000         -     31112    0.00    0.00    0.00    0.00    0.00     4      2.00      0.00 1129256  212928   2.78  |__fastlio_mapping
16时31分37秒  1000         -     31113    0.00    0.00    0.00    0.00    0.00     8      0.00      0.00 1129256  212928   2.78  |__fastlio_mapping
16时31分37秒  1000         -     31114    1.00    0.00    0.00    0.00    1.00     4      1.00      0.00 1129256  212928   2.78  |__fastlio_mapping
16时31分37秒  1000         -     31115    0.00    0.00    0.00    0.00    0.00     4      0.00      0.00 1129256  212928   2.78  |__fastlio_mapping
16时31分37秒  1000         -     31116    0.00    0.00    0.00    0.00    0.00    12      0.00      0.00 1129256  212928   2.78  |__fastlio_mapping
16时31分37秒  1000         -     31117    0.00    1.00    0.00    0.00    1.00    10      0.00      0.00 1129256  212928   2.78  |__fastlio_mapping
16时31分37秒  1000         -     31118   12.00    0.00    0.00    0.00   12.00     8      0.00      0.00 1129256  212928   2.78  |__fastlio_mapping
16时31分37秒  1000         -     31119   12.00    0.00    0.00    0.00   12.00     4      0.00      0.00 1129256  212928   2.78  |__fastlio_mapping

# Time        UID      TGID       TID    %usr %system  %guest   %wait    %CPU   CPU  minflt/s  majflt/s     VSZ     RSS   %MEM  Command
16时31分38秒  1000     31103         -   33.00    3.00    0.00    0.00   36.00     0   7327.00      0.00 1129376  213272   2.78  fastlio_mapping
16时31分38秒  1000         -     31103    7.00    1.00    0.00    0.00    8.00     0   7327.00      0.00 1129376  213272   2.78  |__fastlio_mapping
16时31分38秒  1000         -     31105    1.00    1.00    0.00    0.00    2.00     8      0.00      0.00 1129376  213272   2.78  |__fastlio_mapping
16时31分38秒  1000         -     31106    0.00    0.00    0.00    0.00    0.00    11      0.00      0.00 1129376  213272   2.78  |__fastlio_mapping
16时31分38秒  1000         -     31107    0.00    0.00    0.00    0.00    0.00    15      0.00      0.00 1129376  213272   2.78  |__fastlio_mapping
16时31分38秒  1000         -     31108    0.00    0.00    0.00    0.00    0.00     2      0.00      0.00 1129376  213272   2.78  |__fastlio_mapping
16时31分38秒  1000         -     31109    0.00    0.00    0.00    0.00    0.00     1      0.00      0.00 1129376  213272   2.78  |__fastlio_mapping
16时31分38秒  1000         -     31110    0.00    0.00    0.00    0.00    0.00     8      0.00      0.00 1129376  213272   2.78  |__fastlio_mapping
16时31分38秒  1000         -     31111    0.00    0.00    0.00    0.00    0.00    15      0.00      0.00 1129376  213272   2.78  |__fastlio_mapping
16时31分38秒  1000         -     31112    0.00    0.00    0.00    0.00    0.00    15      0.00      0.00 1129376  213272   2.78  |__fastlio_mapping
16时31分38秒  1000         -     31113    0.00    0.00    0.00    0.00    0.00     8      0.00      0.00 1129376  213272   2.78  |__fastlio_mapping
16时31分38秒  1000         -     31114    1.00    0.00    0.00    0.00    1.00    13      0.00      0.00 1129376  213272   2.78  |__fastlio_mapping
16时31分38秒  1000         -     31115    0.00    0.00    0.00    0.00    0.00     4      0.00      0.00 1129376  213272   2.78  |__fastlio_mapping
16时31分38秒  1000         -     31116    0.00    0.00    0.00    0.00    0.00     0      0.00      0.00 1129376  213272   2.78  |__fastlio_mapping
16时31分38秒  1000         -     31117    1.00    0.00    0.00    0.00    1.00    13      0.00      0.00 1129376  213272   2.78  |__fastlio_mapping
16时31分38秒  1000         -     31118   12.00    0.00    0.00    0.00   12.00     6      0.00      0.00 1129376  213272   2.78  |__fastlio_mapping
16时31分38秒  1000         -     31119   12.00    0.00    0.00    0.00   12.00     4      0.00      0.00 1129376  213272   2.78  |__fastlio_mapping

# Time        UID      TGID       TID    %usr %system  %guest   %wait    %CPU   CPU  minflt/s  majflt/s     VSZ     RSS   %MEM  Command
16时31分39秒  1000     31103         -   32.00    4.00    0.00    0.00   36.00     6   7364.00      0.00 1129540  213620   2.79  fastlio_mapping
16时31分39秒  1000         -     31103    6.00    3.00    0.00    0.00    9.00     6   7364.00      0.00 1129540  213620   2.79  |__fastlio_mapping
16时31分39秒  1000         -     31105    1.00    1.00    0.00    1.00    2.00    13      0.00      0.00 1129540  213620   2.79  |__fastlio_mapping
16时31分39秒  1000         -     31106    0.00    0.00    0.00    0.00    0.00    11      0.00      0.00 1129540  213620   2.79  |__fastlio_mapping
16时31分39秒  1000         -     31107    0.00    0.00    0.00    0.00    0.00    15      0.00      0.00 1129540  213620   2.79  |__fastlio_mapping
16时31分39秒  1000         -     31108    0.00    0.00    0.00    0.00    0.00     2      0.00      0.00 1129540  213620   2.79  |__fastlio_mapping
16时31分39秒  1000         -     31109    1.00    0.00    0.00    0.00    1.00     1      0.00      0.00 1129540  213620   2.79  |__fastlio_mapping
16时31分39秒  1000         -     31110    0.00    0.00    0.00    0.00    0.00     8      0.00      0.00 1129540  213620   2.79  |__fastlio_mapping
16时31分39秒  1000         -     31111    0.00    0.00    0.00    0.00    0.00    15      0.00      0.00 1129540  213620   2.79  |__fastlio_mapping
16时31分39秒  1000         -     31112    0.00    0.00    0.00    0.00    0.00    15      0.00      0.00 1129540  213620   2.79  |__fastlio_mapping
16时31分39秒  1000         -     31113    0.00    0.00    0.00    0.00    0.00     8      0.00      0.00 1129540  213620   2.79  |__fastlio_mapping
16时31分39秒  1000         -     31114    0.00    0.00    0.00    0.00    0.00     2      0.00      0.00 1129540  213620   2.79  |__fastlio_mapping
16时31分39秒  1000         -     31115    0.00    0.00    0.00    0.00    0.00     4      0.00      0.00 1129540  213620   2.79  |__fastlio_mapping
16时31分39秒  1000         -     31116    0.00    0.00    0.00    0.00    0.00     0      0.00      0.00 1129540  213620   2.79  |__fastlio_mapping
16时31分39秒  1000         -     31117    0.00    0.00    0.00    0.00    0.00    12      0.00      0.00 1129540  213620   2.79  |__fastlio_mapping
16时31分39秒  1000         -     31118   12.00    0.00    0.00    0.00   12.00     2      0.00      0.00 1129540  213620   2.79  |__fastlio_mapping
16时31分39秒  1000         -     31119   12.00    0.00    0.00    0.00   12.00     4      0.00      0.00 1129540  213620   2.79  |__fastlio_mapping

# Time        UID      TGID       TID    %usr %system  %guest   %wait    %CPU   CPU  minflt/s  majflt/s     VSZ     RSS   %MEM  Command
16时31分40秒  1000     31103         -   33.00    3.00    0.00    0.00   36.00    15   7402.00      0.00 1129160  213928   2.79  fastlio_mapping
16时31分40秒  1000         -     31103    6.00    2.00    0.00    0.00    8.00    15   7402.00      0.00 1129160  213928   2.79  |__fastlio_mapping
16时31分40秒  1000         -     31105    1.00    1.00    0.00    0.00    2.00     6      0.00      0.00 1129160  213928   2.79  |__fastlio_mapping
16时31分40秒  1000         -     31106    0.00    0.00    0.00    0.00    0.00    11      0.00      0.00 1129160  213928   2.79  |__fastlio_mapping
16时31分40秒  1000         -     31107    0.00    0.00    0.00    0.00    0.00    15      0.00      0.00 1129160  213928   2.79  |__fastlio_mapping
16时31分40秒  1000         -     31108    0.00    0.00    0.00    0.00    0.00     2      0.00      0.00 1129160  213928   2.79  |__fastlio_mapping
16时31分40秒  1000         -     31109    0.00    0.00    0.00    0.00    0.00    13      0.00      0.00 1129160  213928   2.79  |__fastlio_mapping
16时31分40秒  1000         -     31110    0.00    0.00    0.00    0.00    0.00     8      0.00      0.00 1129160  213928   2.79  |__fastlio_mapping
16时31分40秒  1000         -     31111    0.00    0.00    0.00    0.00    0.00     0      0.00      0.00 1129160  213928   2.79  |__fastlio_mapping
16时31分40秒  1000         -     31112    0.00    0.00    0.00    0.00    0.00     9      0.00      0.00 1129160  213928   2.79  |__fastlio_mapping
16时31分40秒  1000         -     31113    0.00    0.00    0.00    0.00    0.00     8      0.00      0.00 1129160  213928   2.79  |__fastlio_mapping
16时31分40秒  1000         -     31114    1.00    0.00    0.00    0.00    1.00     9      0.00      0.00 1129160  213928   2.79  |__fastlio_mapping
16时31分40秒  1000         -     31115    0.00    0.00    0.00    0.00    0.00     4      0.00      0.00 1129160  213928   2.79  |__fastlio_mapping
16时31分40秒  1000         -     31116    0.00    0.00    0.00    0.00    0.00     0      0.00      0.00 1129160  213928   2.79  |__fastlio_mapping
16时31分40秒  1000         -     31117    0.00    0.00    0.00    0.00    0.00    12      0.00      0.00 1129160  213928   2.79  |__fastlio_mapping
16时31分40秒  1000         -     31118   12.00    0.00    0.00    0.00   12.00     2      0.00      0.00 1129160  213928   2.79  |__fastlio_mapping
16时31分40秒  1000         -     31119   12.00    0.00    0.00    0.00   12.00     1      0.00      0.00 1129160  213928   2.79  |__fastlio_mapping

# Time        UID      TGID       TID    %usr %system  %guest   %wait    %CPU   CPU  minflt/s  majflt/s     VSZ     RSS   %MEM  Command
16时31分41秒  1000     31103         -   36.00    3.00    0.00    1.00   39.00     7   7442.00      0.00 1129856  214368   2.80  fastlio_mapping
16时31分41秒  1000         -     31103    6.00    1.00    0.00    1.00    7.00     7   7439.00      0.00 1129856  214368   2.80  |__fastlio_mapping
16时31分41秒  1000         -     31105    1.00    2.00    0.00    0.00    3.00    10      0.00      0.00 1129856  214368   2.80  |__fastlio_mapping
16时31分41秒  1000         -     31106    0.00    0.00    0.00    0.00    0.00    11      0.00      0.00 1129856  214368   2.80  |__fastlio_mapping
16时31分41秒  1000         -     31107    0.00    0.00    0.00    0.00    0.00    15      0.00      0.00 1129856  214368   2.80  |__fastlio_mapping
16时31分41秒  1000         -     31108    0.00    0.00    0.00    0.00    0.00     2      0.00      0.00 1129856  214368   2.80  |__fastlio_mapping
16时31分41秒  1000         -     31109    0.00    0.00    0.00    0.00    0.00    15      0.00      0.00 1129856  214368   2.80  |__fastlio_mapping
16时31分41秒  1000         -     31110    0.00    0.00    0.00    0.00    0.00     8      0.00      0.00 1129856  214368   2.80  |__fastlio_mapping
16时31分41秒  1000         -     31111    0.00    0.00    0.00    0.00    0.00    10      0.00      0.00 1129856  214368   2.80  |__fastlio_mapping
16时31分41秒  1000         -     31112    0.00    0.00    0.00    0.00    0.00     4      2.00      0.00 1129856  214368   2.80  |__fastlio_mapping
16时31分41秒  1000         -     31113    0.00    0.00    0.00    0.00    0.00     8      0.00      0.00 1129856  214368   2.80  |__fastlio_mapping
16时31分41秒  1000         -     31114    1.00    0.00    0.00    1.00    1.00    13      1.00      0.00 1129856  214368   2.80  |__fastlio_mapping
16时31分41秒  1000         -     31115    0.00    0.00    0.00    0.00    0.00     4      0.00      0.00 1129856  214368   2.80  |__fastlio_mapping
16时31分41秒  1000         -     31116    0.00    0.00    0.00    0.00    0.00     9      0.00      0.00 1129856  214368   2.80  |__fastlio_mapping
16时31分41秒  1000         -     31117    1.00    1.00    0.00    0.00    2.00    15      0.00      0.00 1129856  214368   2.80  |__fastlio_mapping
16时31分41秒  1000         -     31118   13.00    0.00    0.00    1.00   13.00     4      0.00      0.00 1129856  214368   2.80  |__fastlio_mapping
16时31分41秒  1000         -     31119   14.00    0.00    0.00    0.00   14.00     1      0.00      0.00 1129856  214368   2.80  |__fastlio_mapping

# Time        UID      TGID       TID    %usr %system  %guest   %wait    %CPU   CPU  minflt/s  majflt/s     VSZ     RSS   %MEM  Command
16时31分42秒  1000     31103         -   34.00    3.00    0.00    0.00   37.00     2   7481.00      0.00 1130016  214776   2.80  fastlio_mapping
16时31分42秒  1000         -     31103    6.00    2.00    0.00    0.00    8.00     2   7481.00      0.00 1130016  214776   2.80  |__fastlio_mapping
16时31分42秒  1000         -     31105    1.00    1.00    0.00    0.00    2.00    10      0.00      0.00 1130016  214776   2.80  |__fastlio_mapping
16时31分42秒  1000         -     31106    0.00    0.00    0.00    0.00    0.00    11      0.00      0.00 1130016  214776   2.80  |__fastlio_mapping
16时31分42秒  1000         -     31107    0.00    0.00    0.00    0.00    0.00    15      0.00      0.00 1130016  214776   2.80  |__fastlio_mapping
16时31分42秒  1000         -     31108    0.00    0.00    0.00    0.00    0.00     2      0.00      0.00 1130016  214776   2.80  |__fastlio_mapping
16时31分42秒  1000         -     31109    0.00    0.00    0.00    0.00    0.00    14      0.00      0.00 1130016  214776   2.80  |__fastlio_mapping
16时31分42秒  1000         -     31110    0.00    0.00    0.00    0.00    0.00     8      0.00      0.00 1130016  214776   2.80  |__fastlio_mapping
16时31分42秒  1000         -     31111    0.00    0.00    0.00    0.00    0.00    10      0.00      0.00 1130016  214776   2.80  |__fastlio_mapping
16时31分42秒  1000         -     31112    0.00    0.00    0.00    0.00    0.00     4      0.00      0.00 1130016  214776   2.80  |__fastlio_mapping
16时31分42秒  1000         -     31113    0.00    0.00    0.00    0.00    0.00     8      0.00      0.00 1130016  214776   2.80  |__fastlio_mapping
16时31分42秒  1000         -     31114    0.00    1.00    0.00    0.00    1.00     6      0.00      0.00 1130016  214776   2.80  |__fastlio_mapping
16时31分42秒  1000         -     31115    0.00    0.00    0.00    0.00    0.00     4      0.00      0.00 1130016  214776   2.80  |__fastlio_mapping
16时31分42秒  1000         -     31116    0.00    0.00    0.00    0.00    0.00     9      0.00      0.00 1130016  214776   2.80  |__fastlio_mapping
16时31分42秒  1000         -     31117    0.00    0.00    0.00    0.00    0.00    13      0.00      0.00 1130016  214776   2.80  |__fastlio_mapping
16时31分42秒  1000         -     31118   12.00    0.00    0.00    0.00   12.00     4      0.00      0.00 1130016  214776   2.80  |__fastlio_mapping
16时31分42秒  1000         -     31119   12.00    0.00    0.00    0.00   12.00     1      0.00      0.00 1130016  214776   2.80  |__fastlio_mapping

# Time        UID      TGID       TID    %usr %system  %guest   %wait    %CPU   CPU  minflt/s  majflt/s     VSZ     RSS   %MEM  Command
16时31分43秒  1000     31103         -   32.00    3.00    0.00    0.00   35.00     6   7512.00      0.00 1129624  214932   2.80  fastlio_mapping
16时31分43秒  1000         -     31103    6.00    2.00    0.00    0.00    8.00     6   7512.00      0.00 1129624  214932   2.80  |__fastlio_mapping
16时31分43秒  1000         -     31105    1.00    2.00    0.00    0.00    3.00    10      0.00      0.00 1129624  214932   2.80  |__fastlio_mapping
16时31分43秒  1000         -     31106    0.00    0.00    0.00    0.00    0.00    11      0.00      0.00 1129624  214932   2.80  |__fastlio_mapping
16时31分43秒  1000         -     31107    0.00    0.00    0.00    0.00    0.00    15      0.00      0.00 1129624  214932   2.80  |__fastlio_mapping
16时31分43秒  1000         -     31108    0.00    0.00    0.00    0.00    0.00     2      0.00      0.00 1129624  214932   2.80  |__fastlio_mapping
16时31分43秒  1000         -     31109    0.00    0.00    0.00    0.00    0.00    11      0.00      0.00 1129624  214932   2.80  |__fastlio_mapping
16时31分43秒  1000         -     31110    0.00    0.00    0.00    0.00    0.00     8      0.00      0.00 1129624  214932   2.80  |__fastlio_mapping
16时31分43秒  1000         -     31111    0.00    0.00    0.00    0.00    0.00    12      0.00      0.00 1129624  214932   2.80  |__fastlio_mapping
16时31分43秒  1000         -     31112    0.00    0.00    0.00    0.00    0.00    12      0.00      0.00 1129624  214932   2.80  |__fastlio_mapping
16时31分43秒  1000         -     31113    0.00    0.00    0.00    0.00    0.00     8      0.00      0.00 1129624  214932   2.80  |__fastlio_mapping
16时31分43秒  1000         -     31114    1.00    0.00    0.00    0.00    1.00     0      0.00      0.00 1129624  214932   2.80  |__fastlio_mapping
16时31分43秒  1000         -     31115    0.00    0.00    0.00    0.00    0.00     4      0.00      0.00 1129624  214932   2.80  |__fastlio_mapping
16时31分43秒  1000         -     31116    0.00    0.00    0.00    0.00    0.00     9      0.00      0.00 1129624  214932   2.80  |__fastlio_mapping
16时31分43秒  1000         -     31117    1.00    0.00    0.00    0.00    1.00    14      0.00      0.00 1129624  214932   2.80  |__fastlio_mapping
16时31分43秒  1000         -     31118   11.00    0.00    0.00    0.00   11.00     4      0.00      0.00 1129624  214932   2.80  |__fastlio_mapping
16时31分43秒  1000         -     31119   12.00    0.00    0.00    0.00   12.00     1      0.00      0.00 1129624  214932   2.80  |__fastlio_mapping

# Time        UID      TGID       TID    %usr %system  %guest   %wait    %CPU   CPU  minflt/s  majflt/s     VSZ     RSS   %MEM  Command
16时31分44秒  1000     31103         -   32.00    3.00    0.00    0.00   35.00    15   7531.00      0.00 1129748  215120   2.80  fastlio_mapping
16时31分44秒  1000         -     31103    7.00    2.00    0.00    0.00    9.00    15   7531.00      0.00 1129748  215120   2.80  |__fastlio_mapping
16时31分44秒  1000         -     31105    0.00    1.00    0.00    0.00    1.00     8      0.00      0.00 1129748  215120   2.80  |__fastlio_mapping
16时31分44秒  1000         -     31106    0.00    0.00    0.00    0.00    0.00    11      0.00      0.00 1129748  215120   2.80  |__fastlio_mapping
16时31分44秒  1000         -     31107    0.00    0.00    0.00    0.00    0.00    15      0.00      0.00 1129748  215120   2.80  |__fastlio_mapping
16时31分44秒  1000         -     31108    0.00    0.00    0.00    0.00    0.00     2      0.00      0.00 1129748  215120   2.80  |__fastlio_mapping
16时31分44秒  1000         -     31109    0.00    0.00    0.00    0.00    0.00     9      0.00      0.00 1129748  215120   2.80  |__fastlio_mapping
16时31分44秒  1000         -     31110    0.00    0.00    0.00    0.00    0.00     8      0.00      0.00 1129748  215120   2.80  |__fastlio_mapping
16时31分44秒  1000         -     31111    0.00    0.00    0.00    0.00    0.00    13      0.00      0.00 1129748  215120   2.80  |__fastlio_mapping
16时31分44秒  1000         -     31112    0.00    0.00    0.00    0.00    0.00    14      0.00      0.00 1129748  215120   2.80  |__fastlio_mapping
16时31分44秒  1000         -     31113    0.00    0.00    0.00    0.00    0.00     8      0.00      0.00 1129748  215120   2.80  |__fastlio_mapping
16时31分44秒  1000         -     31114    1.00    0.00    0.00    0.00    1.00    12      0.00      0.00 1129748  215120   2.80  |__fastlio_mapping
16时31分44秒  1000         -     31115    0.00    0.00    0.00    0.00    0.00     4      0.00      0.00 1129748  215120   2.80  |__fastlio_mapping
16时31分44秒  1000         -     31116    0.00    0.00    0.00    0.00    0.00     9      0.00      0.00 1129748  215120   2.80  |__fastlio_mapping
16时31分44秒  1000         -     31117    1.00    0.00    0.00    0.00    1.00    12      0.00      0.00 1129748  215120   2.80  |__fastlio_mapping
16时31分44秒  1000         -     31118   12.00    0.00    0.00    0.00   12.00     4      0.00      0.00 1129748  215120   2.80  |__fastlio_mapping
16时31分44秒  1000         -     31119   12.00    0.00    0.00    0.00   12.00     0      0.00      0.00 1129748  215120   2.80  |__fastlio_mapping

# Time        UID      TGID       TID    %usr %system  %guest   %wait    %CPU   CPU  minflt/s  majflt/s     VSZ     RSS   %MEM  Command
16时31分45秒  1000     31103         -   34.00    3.00    0.00    0.00   37.00    15   7568.00      0.00 1129880  215444   2.81  fastlio_mapping
16时31分45秒  1000         -     31103    5.00    2.00    0.00    0.00    7.00    15   7568.00      0.00 1129880  215444   2.81  |__fastlio_mapping
16时31分45秒  1000         -     31105    2.00    1.00    0.00    0.00    3.00     4      0.00      0.00 1129880  215444   2.81  |__fastlio_mapping
16时31分45秒  1000         -     31106    0.00    0.00    0.00    0.00    0.00    11      0.00      0.00 1129880  215444   2.81  |__fastlio_mapping
16时31分45秒  1000         -     31107    0.00    0.00    0.00    0.00    0.00    15      0.00      0.00 1129880  215444   2.81  |__fastlio_mapping
16时31分45秒  1000         -     31108    0.00    0.00    0.00    0.00    0.00     2      0.00      0.00 1129880  215444   2.81  |__fastlio_mapping
16时31分45秒  1000         -     31109    0.00    0.00    0.00    0.00    0.00     8      0.00      0.00 1129880  215444   2.81  |__fastlio_mapping
16时31分45秒  1000         -     31110    0.00    0.00    0.00    0.00    0.00     8      0.00      0.00 1129880  215444   2.81  |__fastlio_mapping
16时31分45秒  1000         -     31111    0.00    0.00    0.00    0.00    0.00    13      0.00      0.00 1129880  215444   2.81  |__fastlio_mapping
16时31分45秒  1000         -     31112    0.00    0.00    0.00    0.00    0.00    14      0.00      0.00 1129880  215444   2.81  |__fastlio_mapping
16时31分45秒  1000         -     31113    0.00    0.00    0.00    0.00    0.00     8      0.00      0.00 1129880  215444   2.81  |__fastlio_mapping
16时31分45秒  1000         -     31114    0.00    0.00    0.00    0.00    0.00    13      0.00      0.00 1129880  215444   2.81  |__fastlio_mapping
16时31分45秒  1000         -     31115    0.00    0.00    0.00    0.00    0.00     4      0.00      0.00 1129880  215444   2.81  |__fastlio_mapping
16时31分45秒  1000         -     31116    0.00    0.00    0.00    0.00    0.00     9      0.00      0.00 1129880  215444   2.81  |__fastlio_mapping
16时31分45秒  1000         -     31117    0.00    0.00    0.00    0.00    0.00     0      0.00      0.00 1129880  215444   2.81  |__fastlio_mapping
16时31分45秒  1000         -     31118   12.00    0.00    0.00    0.00   12.00     6      0.00      0.00 1129880  215444   2.81  |__fastlio_mapping
16时31分45秒  1000         -     31119   12.00    0.00    0.00    0.00   12.00     0      0.00      0.00 1129880  215444   2.81  |__fastlio_mapping

# Time        UID      TGID       TID    %usr %system  %guest   %wait    %CPU   CPU  minflt/s  majflt/s     VSZ     RSS   %MEM  Command
16时31分46秒  1000     31103         -   33.00    3.00    0.00    0.00   36.00     0   7595.00      0.00 1129464  215712   2.81  fastlio_mapping
16时31分46秒  1000         -     31103    7.00    2.00    0.00    0.00    9.00     0   7595.00      0.00 1129464  215712   2.81  |__fastlio_mapping
16时31分46秒  1000         -     31105    1.00    1.00    0.00    0.00    2.00     9      0.00      0.00 1129464  215712   2.81  |__fastlio_mapping
16时31分46秒  1000         -     31106    0.00    0.00    0.00    0.00    0.00    11      0.00      0.00 1129464  215712   2.81  |__fastlio_mapping
16时31分46秒  1000         -     31107    0.00    0.00    0.00    0.00    0.00    15      0.00      0.00 1129464  215712   2.81  |__fastlio_mapping
16时31分46秒  1000         -     31108    0.00    0.00    0.00    0.00    0.00     2      0.00      0.00 1129464  215712   2.81  |__fastlio_mapping
16时31分46秒  1000         -     31109    0.00    0.00    0.00    0.00    0.00    14      0.00      0.00 1129464  215712   2.81  |__fastlio_mapping
16时31分46秒  1000         -     31110    0.00    0.00    0.00    0.00    0.00     8      0.00      0.00 1129464  215712   2.81  |__fastlio_mapping
16时31分46秒  1000         -     31111    0.00    0.00    0.00    0.00    0.00    12      0.00      0.00 1129464  215712   2.81  |__fastlio_mapping
16时31分46秒  1000         -     31112    0.00    0.00    0.00    0.00    0.00     6      0.00      0.00 1129464  215712   2.81  |__fastlio_mapping
16时31分46秒  1000         -     31113    0.00    0.00    0.00    0.00    0.00     8      0.00      0.00 1129464  215712   2.81  |__fastlio_mapping
16时31分46秒  1000         -     31114    1.00    0.00    0.00    0.00    1.00    13      0.00      0.00 1129464  215712   2.81  |__fastlio_mapping
16时31分46秒  1000         -     31115    0.00    0.00    0.00    0.00    0.00     4      0.00      0.00 1129464  215712   2.81  |__fastlio_mapping
16时31分46秒  1000         -     31116    0.00    0.00    0.00    0.00    0.00     9      0.00      0.00 1129464  215712   2.81  |__fastlio_mapping
16时31分46秒  1000         -     31117    0.00    0.00    0.00    0.00    0.00    12      0.00      0.00 1129464  215712   2.81  |__fastlio_mapping
16时31分46秒  1000         -     31118   12.00    0.00    0.00    0.00   12.00     6      0.00      0.00 1129464  215712   2.81  |__fastlio_mapping
16时31分46秒  1000         -     31119   12.00    0.00    0.00    0.00   12.00     2      0.00      0.00 1129464  215712   2.81  |__fastlio_mapping

# Time        UID      TGID       TID    %usr %system  %guest   %wait    %CPU   CPU  minflt/s  majflt/s     VSZ     RSS   %MEM  Command
16时31分47秒  1000     31103         -   33.00    3.00    0.00    0.00   36.00    15   7626.00      0.00 1129588  215944   2.82  fastlio_mapping
16时31分47秒  1000         -     31103    6.00    3.00    0.00    0.00    9.00    15   7626.00      0.00 1129588  215944   2.82  |__fastlio_mapping
16时31分47秒  1000         -     31105    2.00    1.00    0.00    0.00    3.00    11      0.00      0.00 1129588  215944   2.82  |__fastlio_mapping
16时31分47秒  1000         -     31106    0.00    0.00    0.00    0.00    0.00    11      0.00      0.00 1129588  215944   2.82  |__fastlio_mapping
16时31分47秒  1000         -     31107    0.00    0.00    0.00    0.00    0.00    15      0.00      0.00 1129588  215944   2.82  |__fastlio_mapping
16时31分47秒  1000         -     31108    0.00    0.00    0.00    0.00    0.00     2      0.00      0.00 1129588  215944   2.82  |__fastlio_mapping
16时31分47秒  1000         -     31109    0.00    0.00    0.00    0.00    0.00    12      0.00      0.00 1129588  215944   2.82  |__fastlio_mapping
16时31分47秒  1000         -     31110    0.00    0.00    0.00    0.00    0.00     8      0.00      0.00 1129588  215944   2.82  |__fastlio_mapping
16时31分47秒  1000         -     31111    0.00    0.00    0.00    0.00    0.00     4      0.00      0.00 1129588  215944   2.82  |__fastlio_mapping
16时31分47秒  1000         -     31112    0.00    0.00    0.00    0.00    0.00    15      0.00      0.00 1129588  215944   2.82  |__fastlio_mapping
16时31分47秒  1000         -     31113    0.00    0.00    0.00    0.00    0.00     8      0.00      0.00 1129588  215944   2.82  |__fastlio_mapping
16时31分47秒  1000         -     31114    1.00    0.00    0.00    0.00    1.00    12      0.00      0.00 1129588  215944   2.82  |__fastlio_mapping
16时31分47秒  1000         -     31115    0.00    0.00    0.00    0.00    0.00     4      0.00      0.00 1129588  215944   2.82  |__fastlio_mapping
16时31分47秒  1000         -     31116    0.00    0.00    0.00    0.00    0.00     9      0.00      0.00 1129588  215944   2.82  |__fastlio_mapping
16时31分47秒  1000         -     31117    1.00    1.00    0.00    0.00    2.00     0      0.00      0.00 1129588  215944   2.82  |__fastlio_mapping
16时31分47秒  1000         -     31118   12.00    0.00    0.00    0.00   12.00     7      0.00      0.00 1129588  215944   2.82  |__fastlio_mapping
16时31分47秒  1000         -     31119   12.00    1.00    0.00    0.00   13.00     2      0.00      0.00 1129588  215944   2.82  |__fastlio_mapping

# Time        UID      TGID       TID    %usr %system  %guest   %wait    %CPU   CPU  minflt/s  majflt/s     VSZ     RSS   %MEM  Command
16时31分48秒  1000     31103         -   34.00    2.00    0.00    0.00   36.00     2   7667.00      0.00 1129724  216144   2.82  fastlio_mapping
16时31分48秒  1000         -     31103    7.00    1.00    0.00    0.00    8.00     2   7667.00      0.00 1129724  216144   2.82  |__fastlio_mapping
16时31分48秒  1000         -     31105    1.00    1.00    0.00    0.00    2.00    15      0.00      0.00 1129724  216144   2.82  |__fastlio_mapping
16时31分48秒  1000         -     31106    0.00    0.00    0.00    0.00    0.00    11      0.00      0.00 1129724  216144   2.82  |__fastlio_mapping
16时31分48秒  1000         -     31107    0.00    0.00    0.00    0.00    0.00    15      0.00      0.00 1129724  216144   2.82  |__fastlio_mapping
16时31分48秒  1000         -     31108    0.00    0.00    0.00    0.00    0.00     2      0.00      0.00 1129724  216144   2.82  |__fastlio_mapping
16时31分48秒  1000         -     31109    1.00    1.00    0.00    0.00    2.00     8      0.00      0.00 1129724  216144   2.82  |__fastlio_mapping
16时31分48秒  1000         -     31110    0.00    0.00    0.00    0.00    0.00     8      0.00      0.00 1129724  216144   2.82  |__fastlio_mapping
16时31分48秒  1000         -     31111    0.00    0.00    0.00    0.00    0.00     4      0.00      0.00 1129724  216144   2.82  |__fastlio_mapping
16时31分48秒  1000         -     31112    0.00    0.00    0.00    0.00    0.00    15      0.00      0.00 1129724  216144   2.82  |__fastlio_mapping
16时31分48秒  1000         -     31113    0.00    0.00    0.00    0.00    0.00     8      0.00      0.00 1129724  216144   2.82  |__fastlio_mapping
16时31分48秒  1000         -     31114    0.00    0.00    0.00    0.00    0.00    13      0.00      0.00 1129724  216144   2.82  |__fastlio_mapping
16时31分48秒  1000         -     31115    0.00    0.00    0.00    0.00    0.00     4      0.00      0.00 1129724  216144   2.82  |__fastlio_mapping
16时31分48秒  1000         -     31116    0.00    0.00    0.00    0.00    0.00     9      0.00      0.00 1129724  216144   2.82  |__fastlio_mapping
16时31分48秒  1000         -     31117    0.00    0.00    0.00    0.00    0.00    14      0.00      0.00 1129724  216144   2.82  |__fastlio_mapping
16时31分48秒  1000         -     31118   12.00    0.00    0.00    0.00   12.00     7      0.00      0.00 1129724  216144   2.82  |__fastlio_mapping
16时31分48秒  1000         -     31119   12.00    0.00    0.00    0.00   12.00     3      0.00      0.00 1129724  216144   2.82  |__fastlio_mapping

# Time        UID      TGID       TID    %usr %system  %guest   %wait    %CPU   CPU  minflt/s  majflt/s     VSZ     RSS   %MEM  Command
16时31分49秒  1000     31103         -   35.00    3.00    0.00    0.00   38.00     2   7725.00      0.00 1129888  216508   2.82  fastlio_mapping
16时31分49秒  1000         -     31103    6.00    2.00    0.00    0.00    8.00     2   7721.00      0.00 1129888  216508   2.82  |__fastlio_mapping
16时31分49秒  1000         -     31105    1.00    1.00    0.00    0.00    2.00    11      0.00      0.00 1129888  216508   2.82  |__fastlio_mapping
16时31分49秒  1000         -     31106    0.00    0.00    0.00    0.00    0.00    11      0.00      0.00 1129888  216508   2.82  |__fastlio_mapping
16时31分49秒  1000         -     31107    0.00    0.00    0.00    0.00    0.00    15      0.00      0.00 1129888  216508   2.82  |__fastlio_mapping
16时31分49秒  1000         -     31108    0.00    0.00    0.00    0.00    0.00     2      0.00      0.00 1129888  216508   2.82  |__fastlio_mapping
16时31分49秒  1000         -     31109    0.00    0.00    0.00    0.00    0.00     4      0.00      0.00 1129888  216508   2.82  |__fastlio_mapping
16时31分49秒  1000         -     31110    0.00    0.00    0.00    0.00    0.00     8      0.00      0.00 1129888  216508   2.82  |__fastlio_mapping
16时31分49秒  1000         -     31111    0.00    0.00    0.00    0.00    0.00     8      0.00      0.00 1129888  216508   2.82  |__fastlio_mapping
16时31分49秒  1000         -     31112    0.00    0.00    0.00    0.00    0.00    15      0.00      0.00 1129888  216508   2.82  |__fastlio_mapping
16时31分49秒  1000         -     31113    0.00    0.00    0.00    0.00    0.00     8      0.00      0.00 1129888  216508   2.82  |__fastlio_mapping
16时31分49秒  1000         -     31114    1.00    1.00    0.00    0.00    2.00     4      0.00      0.00 1129888  216508   2.82  |__fastlio_mapping
16时31分49秒  1000         -     31115    0.00    0.00    0.00    0.00    0.00     4      0.00      0.00 1129888  216508   2.82  |__fastlio_mapping
16时31分49秒  1000         -     31116    0.00    0.00    0.00    0.00    0.00     9      0.00      0.00 1129888  216508   2.82  |__fastlio_mapping
16时31分49秒  1000         -     31117    1.00    0.00    0.00    0.00    1.00    15      0.00      0.00 1129888  216508   2.82  |__fastlio_mapping
16时31分49秒  1000         -     31118   13.00    0.00    0.00    0.00   13.00     7      0.00      0.00 1129888  216508   2.82  |__fastlio_mapping
16时31分49秒  1000         -     31119   13.00    0.00    0.00    0.00   13.00     0      4.00      0.00 1129888  216508   2.82  |__fastlio_mapping

# Time        UID      TGID       TID    %usr %system  %guest   %wait    %CPU   CPU  minflt/s  majflt/s     VSZ     RSS   %MEM  Command
16时31分50秒  1000     31103         -   34.00    3.00    0.00    0.00   37.00    15   7783.00      0.00 1130080  216892   2.83  fastlio_mapping
16时31分50秒  1000         -     31103    6.00    2.00    0.00    0.00    8.00    15   7783.00      0.00 1130080  216892   2.83  |__fastlio_mapping
16时31分50秒  1000         -     31105    1.00    1.00    0.00    0.00    2.00    11      0.00      0.00 1130080  216892   2.83  |__fastlio_mapping
16时31分50秒  1000         -     31106    0.00    0.00    0.00    0.00    0.00    11      0.00      0.00 1130080  216892   2.83  |__fastlio_mapping
16时31分50秒  1000         -     31107    0.00    0.00    0.00    0.00    0.00    15      0.00      0.00 1130080  216892   2.83  |__fastlio_mapping
16时31分50秒  1000         -     31108    0.00    0.00    0.00    0.00    0.00     2      0.00      0.00 1130080  216892   2.83  |__fastlio_mapping
16时31分50秒  1000         -     31109    0.00    0.00    0.00    0.00    0.00     9      0.00      0.00 1130080  216892   2.83  |__fastlio_mapping
16时31分50秒  1000         -     31110    0.00    0.00    0.00    0.00    0.00     8      0.00      0.00 1130080  216892   2.83  |__fastlio_mapping
16时31分50秒  1000         -     31111    0.00    0.00    0.00    0.00    0.00    13      0.00      0.00 1130080  216892   2.83  |__fastlio_mapping
16时31分50秒  1000         -     31112    0.00    0.00    0.00    0.00    0.00    15      0.00      0.00 1130080  216892   2.83  |__fastlio_mapping
16时31分50秒  1000         -     31113    0.00    0.00    0.00    0.00    0.00     8      0.00      0.00 1130080  216892   2.83  |__fastlio_mapping
16时31分50秒  1000         -     31114    1.00    0.00    0.00    0.00    1.00    15      0.00      0.00 1130080  216892   2.83  |__fastlio_mapping
16时31分50秒  1000         -     31115    0.00    0.00    0.00    0.00    0.00     4      0.00      0.00 1130080  216892   2.83  |__fastlio_mapping
16时31分50秒  1000         -     31116    0.00    0.00    0.00    0.00    0.00     9      0.00      0.00 1130080  216892   2.83  |__fastlio_mapping
16时31分50秒  1000         -     31117    0.00    0.00    0.00    0.00    0.00    12      0.00      0.00 1130080  216892   2.83  |__fastlio_mapping
16时31分50秒  1000         -     31118   12.00    0.00    0.00    0.00   12.00     7      0.00      0.00 1130080  216892   2.83  |__fastlio_mapping
16时31分50秒  1000         -     31119   12.00    0.00    0.00    0.00   12.00     0      0.00      0.00 1130080  216892   2.83  |__fastlio_mapping

# Time        UID      TGID       TID    %usr %system  %guest   %wait    %CPU   CPU  minflt/s  majflt/s     VSZ     RSS   %MEM  Command
16时31分51秒  1000     31103         -   35.00    3.00    0.00    0.00   38.00     2   7831.00      0.00 1130860  217312   2.83  fastlio_mapping
16时31分51秒  1000         -     31103    7.00    2.00    0.00    0.00    9.00     2   7828.00      0.00 1130860  217312   2.83  |__fastlio_mapping
16时31分51秒  1000         -     31105    2.00    1.00    0.00    1.00    3.00    13      0.00      0.00 1130860  217312   2.83  |__fastlio_mapping
16时31分51秒  1000         -     31106    0.00    0.00    0.00    0.00    0.00    10      0.00      0.00 1130860  217312   2.83  |__fastlio_mapping
16时31分51秒  1000         -     31107    0.00    0.00    0.00    0.00    0.00    15      0.00      0.00 1130860  217312   2.83  |__fastlio_mapping
16时31分51秒  1000         -     31108    0.00    0.00    0.00    0.00    0.00     2      0.00      0.00 1130860  217312   2.83  |__fastlio_mapping
16时31分51秒  1000         -     31109    0.00    0.00    0.00    0.00    0.00     4      0.00      0.00 1130860  217312   2.83  |__fastlio_mapping
16时31分51秒  1000         -     31110    0.00    0.00    0.00    0.00    0.00     8      0.00      0.00 1130860  217312   2.83  |__fastlio_mapping
16时31分51秒  1000         -     31111    0.00    0.00    0.00    0.00    0.00    11      0.00      0.00 1130860  217312   2.83  |__fastlio_mapping
16时31分51秒  1000         -     31112    0.00    0.00    0.00    0.00    0.00     8      2.00      0.00 1130860  217312   2.83  |__fastlio_mapping
16时31分51秒  1000         -     31113    0.00    0.00    0.00    0.00    0.00     8      0.00      0.00 1130860  217312   2.83  |__fastlio_mapping
16时31分51秒  1000         -     31114    0.00    0.00    0.00    0.00    0.00    15      1.00      0.00 1130860  217312   2.83  |__fastlio_mapping
16时31分51秒  1000         -     31115    0.00    0.00    0.00    0.00    0.00    15      0.00      0.00 1130860  217312   2.83  |__fastlio_mapping
16时31分51秒  1000         -     31116    0.00    0.00    0.00    0.00    0.00    11      0.00      0.00 1130860  217312   2.83  |__fastlio_mapping
16时31分51秒  1000         -     31117    1.00    0.00    0.00    0.00    1.00    15      0.00      0.00 1130860  217312   2.83  |__fastlio_mapping
16时31分51秒  1000         -     31118   13.00    0.00    0.00    0.00   13.00     6      0.00      0.00 1130860  217312   2.83  |__fastlio_mapping
16时31分51秒  1000         -     31119   13.00    0.00    0.00    1.00   13.00     0      0.00      0.00 1130860  217312   2.83  |__fastlio_mapping

# Time        UID      TGID       TID    %usr %system  %guest   %wait    %CPU   CPU  minflt/s  majflt/s     VSZ     RSS   %MEM  Command
16时31分52秒  1000     31103         -   33.00    3.00    0.00    0.00   36.00     2   7875.00      0.00 1130996  217732   2.84  fastlio_mapping
16时31分52秒  1000         -     31103    6.00    2.00    0.00    0.00    8.00     2   7875.00      0.00 1130996  217732   2.84  |__fastlio_mapping
16时31分52秒  1000         -     31105    1.00    1.00    0.00    0.00    2.00    12      0.00      0.00 1130996  217732   2.84  |__fastlio_mapping
16时31分52秒  1000         -     31106    0.00    0.00    0.00    0.00    0.00    10      0.00      0.00 1130996  217732   2.84  |__fastlio_mapping
16时31分52秒  1000         -     31107    0.00    0.00    0.00    0.00    0.00    15      0.00      0.00 1130996  217732   2.84  |__fastlio_mapping
16时31分52秒  1000         -     31108    0.00    0.00    0.00    0.00    0.00     4      0.00      0.00 1130996  217732   2.84  |__fastlio_mapping
16时31分52秒  1000         -     31109    0.00    0.00    0.00    0.00    0.00    10      0.00      0.00 1130996  217732   2.84  |__fastlio_mapping
16时31分52秒  1000         -     31110    0.00    0.00    0.00    0.00    0.00     8      0.00      0.00 1130996  217732   2.84  |__fastlio_mapping
16时31分52秒  1000         -     31111    0.00    0.00    0.00    0.00    0.00    10      0.00      0.00 1130996  217732   2.84  |__fastlio_mapping
16时31分52秒  1000         -     31112    0.00    0.00    0.00    0.00    0.00    12      0.00      0.00 1130996  217732   2.84  |__fastlio_mapping
16时31分52秒  1000         -     31113    0.00    0.00    0.00    0.00    0.00     8      0.00      0.00 1130996  217732   2.84  |__fastlio_mapping
16时31分52秒  1000         -     31114    1.00    0.00    0.00    0.00    1.00    15      0.00      0.00 1130996  217732   2.84  |__fastlio_mapping
16时31分52秒  1000         -     31115    0.00    0.00    0.00    0.00    0.00    15      0.00      0.00 1130996  217732   2.84  |__fastlio_mapping
16时31分52秒  1000         -     31116    0.00    0.00    0.00    0.00    0.00     0      0.00      0.00 1130996  217732   2.84  |__fastlio_mapping
16时31分52秒  1000         -     31117    0.00    0.00    0.00    0.00    0.00    10      0.00      0.00 1130996  217732   2.84  |__fastlio_mapping
16时31分52秒  1000         -     31118   11.00    0.00    0.00    0.00   11.00     6      0.00      0.00 1130996  217732   2.84  |__fastlio_mapping
16时31分52秒  1000         -     31119   12.00    0.00    0.00    0.00   12.00     0      0.00      0.00 1130996  217732   2.84  |__fastlio_mapping

# Time        UID      TGID       TID    %usr %system  %guest   %wait    %CPU   CPU  minflt/s  majflt/s     VSZ     RSS   %MEM  Command
16时31分53秒  1000     31103         -   33.00    4.00    0.00    0.00   37.00     8  15688.00      0.00 1162160  218068   2.84  fastlio_mapping
16时31分53秒  1000         -     31103    6.00    3.00    0.00    0.00    9.00     8  15688.00      0.00 1162160  218068   2.84  |__fastlio_mapping
16时31分53秒  1000         -     31105    1.00    1.00    0.00    0.00    2.00     4      0.00      0.00 1162160  218068   2.84  |__fastlio_mapping
16时31分53秒  1000         -     31106    0.00    0.00    0.00    0.00    0.00    10      0.00      0.00 1162160  218068   2.84  |__fastlio_mapping
16时31分53秒  1000         -     31107    0.00    0.00    0.00    0.00    0.00    15      0.00      0.00 1162160  218068   2.84  |__fastlio_mapping
16时31分53秒  1000         -     31108    0.00    0.00    0.00    0.00    0.00     4      0.00      0.00 1162160  218068   2.84  |__fastlio_mapping
16时31分53秒  1000         -     31109    0.00    0.00    0.00    0.00    0.00     9      0.00      0.00 1162160  218068   2.84  |__fastlio_mapping
16时31分53秒  1000         -     31110    0.00    0.00    0.00    0.00    0.00     8      0.00      0.00 1162160  218068   2.84  |__fastlio_mapping
16时31分53秒  1000         -     31111    0.00    0.00    0.00    0.00    0.00    13      0.00      0.00 1162160  218068   2.84  |__fastlio_mapping
16时31分53秒  1000         -     31112    0.00    0.00    0.00    0.00    0.00    14      0.00      0.00 1162160  218068   2.84  |__fastlio_mapping
16时31分53秒  1000         -     31113    0.00    0.00    0.00    0.00    0.00     8      0.00      0.00 1162160  218068   2.84  |__fastlio_mapping
16时31分53秒  1000         -     31114    1.00    0.00    0.00    0.00    1.00     0      0.00      0.00 1162160  218068   2.84  |__fastlio_mapping
16时31分53秒  1000         -     31115    0.00    0.00    0.00    0.00    0.00    15      0.00      0.00 1162160  218068   2.84  |__fastlio_mapping
16时31分53秒  1000         -     31116    0.00    0.00    0.00    0.00    0.00     0      0.00      0.00 1162160  218068   2.84  |__fastlio_mapping
16时31分53秒  1000         -     31117    1.00    0.00    0.00    1.00    1.00    12      0.00      0.00 1162160  218068   2.84  |__fastlio_mapping
16时31分53秒  1000         -     31118   12.00    0.00    0.00    0.00   12.00     6      0.00      0.00 1162160  218068   2.84  |__fastlio_mapping
16时31分53秒  1000         -     31119   12.00    0.00    0.00    0.00   12.00     2      0.00      0.00 1162160  218068   2.84  |__fastlio_mapping

# Time        UID      TGID       TID    %usr %system  %guest   %wait    %CPU   CPU  minflt/s  majflt/s     VSZ     RSS   %MEM  Command
16时31分54秒  1000     31103         -   33.00    3.00    0.00    0.00   36.00    14   7931.00      0.00 1162304  218356   2.85  fastlio_mapping
16时31分54秒  1000         -     31103    6.00    2.00    0.00    0.00    8.00    14   7931.00      0.00 1162304  218356   2.85  |__fastlio_mapping
16时31分54秒  1000         -     31105    1.00    2.00    0.00    1.00    3.00    11      0.00      0.00 1162304  218356   2.85  |__fastlio_mapping
16时31分54秒  1000         -     31106    0.00    0.00    0.00    0.00    0.00    10      0.00      0.00 1162304  218356   2.85  |__fastlio_mapping
16时31分54秒  1000         -     31107    0.00    0.00    0.00    0.00    0.00    15      0.00      0.00 1162304  218356   2.85  |__fastlio_mapping
16时31分54秒  1000         -     31108    0.00    0.00    0.00    0.00    0.00     2      0.00      0.00 1162304  218356   2.85  |__fastlio_mapping
16时31分54秒  1000         -     31109    0.00    0.00    0.00    0.00    0.00    13      0.00      0.00 1162304  218356   2.85  |__fastlio_mapping
16时31分54秒  1000         -     31110    0.00    0.00    0.00    0.00    0.00     8      0.00      0.00 1162304  218356   2.85  |__fastlio_mapping
16时31分54秒  1000         -     31111    0.00    0.00    0.00    0.00    0.00    12      0.00      0.00 1162304  218356   2.85  |__fastlio_mapping
16时31分54秒  1000         -     31112    0.00    0.00    0.00    0.00    0.00     7      0.00      0.00 1162304  218356   2.85  |__fastlio_mapping
16时31分54秒  1000         -     31113    0.00    0.00    0.00    0.00    0.00     8      0.00      0.00 1162304  218356   2.85  |__fastlio_mapping
16时31分54秒  1000         -     31114    0.00    0.00    0.00    0.00    0.00    12      0.00      0.00 1162304  218356   2.85  |__fastlio_mapping
16时31分54秒  1000         -     31115    0.00    0.00    0.00    0.00    0.00    15      0.00      0.00 1162304  218356   2.85  |__fastlio_mapping
16时31分54秒  1000         -     31116    0.00    0.00    0.00    0.00    0.00     0      0.00      0.00 1162304  218356   2.85  |__fastlio_mapping
16时31分54秒  1000         -     31117    0.00    0.00    0.00    0.00    0.00    13      0.00      0.00 1162304  218356   2.85  |__fastlio_mapping
16时31分54秒  1000         -     31118   12.00    0.00    0.00    0.00   12.00     2      0.00      0.00 1162304  218356   2.85  |__fastlio_mapping
16时31分54秒  1000         -     31119   12.00    0.00    0.00    0.00   12.00     6      0.00      0.00 1162304  218356   2.85  |__fastlio_mapping

# Time        UID      TGID       TID    %usr %system  %guest   %wait    %CPU   CPU  minflt/s  majflt/s     VSZ     RSS   %MEM  Command
16时31分55秒  1000     31103         -   35.00    3.00    0.00    0.00   38.00    15   7967.00      0.00 1162448  218644   2.85  fastlio_mapping
16时31分55秒  1000         -     31103    7.00    2.00    0.00    0.00    9.00    15   7967.00      0.00 1162448  218644   2.85  |__fastlio_mapping
16时31分55秒  1000         -     31105    2.00    0.00    0.00    0.00    2.00    13      0.00      0.00 1162448  218644   2.85  |__fastlio_mapping
16时31分55秒  1000         -     31106    0.00    0.00    0.00    0.00    0.00    10      0.00      0.00 1162448  218644   2.85  |__fastlio_mapping
16时31分55秒  1000         -     31107    0.00    0.00    0.00    0.00    0.00    15      0.00      0.00 1162448  218644   2.85  |__fastlio_mapping
16时31分55秒  1000         -     31108    0.00    0.00    0.00    0.00    0.00     2      0.00      0.00 1162448  218644   2.85  |__fastlio_mapping
16时31分55秒  1000         -     31109    0.00    0.00    0.00    0.00    0.00     3      0.00      0.00 1162448  218644   2.85  |__fastlio_mapping
16时31分55秒  1000         -     31110    0.00    0.00    0.00    0.00    0.00     8      0.00      0.00 1162448  218644   2.85  |__fastlio_mapping
16时31分55秒  1000         -     31111    0.00    0.00    0.00    0.00    0.00     8      0.00      0.00 1162448  218644   2.85  |__fastlio_mapping
16时31分55秒  1000         -     31112    0.00    0.00    0.00    0.00    0.00     8      0.00      0.00 1162448  218644   2.85  |__fastlio_mapping
16时31分55秒  1000         -     31113    0.00    0.00    0.00    0.00    0.00     8      0.00      0.00 1162448  218644   2.85  |__fastlio_mapping
16时31分55秒  1000         -     31114    1.00    1.00    0.00    0.00    2.00    13      0.00      0.00 1162448  218644   2.85  |__fastlio_mapping
16时31分55秒  1000         -     31115    0.00    0.00    0.00    0.00    0.00    15      0.00      0.00 1162448  218644   2.85  |__fastlio_mapping
16时31分55秒  1000         -     31116    0.00    0.00    0.00    0.00    0.00     0      0.00      0.00 1162448  218644   2.85  |__fastlio_mapping
16时31分55秒  1000         -     31117    1.00    1.00    0.00    0.00    2.00    14      0.00      0.00 1162448  218644   2.85  |__fastlio_mapping
16时31分55秒  1000         -     31118   13.00    0.00    0.00    0.00   13.00     2      0.00      0.00 1162448  218644   2.85  |__fastlio_mapping
16时31分55秒  1000         -     31119   13.00    0.00    0.00    0.00   13.00     8      0.00      0.00 1162448  218644   2.85  |__fastlio_mapping

# Time        UID      TGID       TID    %usr %system  %guest   %wait    %CPU   CPU  minflt/s  majflt/s     VSZ     RSS   %MEM  Command
16时31分56秒  1000     31103         -   32.00    3.00    0.00    0.00   35.00    11   8003.00      0.00 1162592  218960   2.85  fastlio_mapping
16时31分56秒  1000         -     31103    6.00    2.00    0.00    0.00    8.00    11   8003.00      0.00 1162592  218960   2.85  |__fastlio_mapping
16时31分56秒  1000         -     31105    1.00    2.00    0.00    0.00    3.00     5      0.00      0.00 1162592  218960   2.85  |__fastlio_mapping
16时31分56秒  1000         -     31106    0.00    0.00    0.00    0.00    0.00    10      0.00      0.00 1162592  218960   2.85  |__fastlio_mapping
16时31分56秒  1000         -     31107    0.00    0.00    0.00    0.00    0.00    15      0.00      0.00 1162592  218960   2.85  |__fastlio_mapping
16时31分56秒  1000         -     31108    0.00    0.00    0.00    0.00    0.00     4      0.00      0.00 1162592  218960   2.85  |__fastlio_mapping
16时31分56秒  1000         -     31109    0.00    0.00    0.00    0.00    0.00     3      0.00      0.00 1162592  218960   2.85  |__fastlio_mapping
16时31分56秒  1000         -     31110    0.00    0.00    0.00    0.00    0.00     8      0.00      0.00 1162592  218960   2.85  |__fastlio_mapping
16时31分56秒  1000         -     31111    0.00    0.00    0.00    0.00    0.00    14      0.00      0.00 1162592  218960   2.85  |__fastlio_mapping
16时31分56秒  1000         -     31112    0.00    0.00    0.00    0.00    0.00    12      0.00      0.00 1162592  218960   2.85  |__fastlio_mapping
16时31分56秒  1000         -     31113    0.00    0.00    0.00    0.00    0.00     8      0.00      0.00 1162592  218960   2.85  |__fastlio_mapping
16时31分56秒  1000         -     31114    1.00    0.00    0.00    0.00    1.00    11      0.00      0.00 1162592  218960   2.85  |__fastlio_mapping
16时31分56秒  1000         -     31115    0.00    0.00    0.00    0.00    0.00    15      0.00      0.00 1162592  218960   2.85  |__fastlio_mapping
16时31分56秒  1000         -     31116    0.00    0.00    0.00    0.00    0.00     0      0.00      0.00 1162592  218960   2.85  |__fastlio_mapping
16时31分56秒  1000         -     31117    1.00    0.00    0.00    0.00    1.00     9      0.00      0.00 1162592  218960   2.85  |__fastlio_mapping
16时31分56秒  1000         -     31118   12.00    0.00    0.00    0.00   12.00     4      0.00      0.00 1162592  218960   2.85  |__fastlio_mapping
16时31分56秒  1000         -     31119   10.00    0.00    0.00    0.00   10.00     6      0.00      0.00 1162592  218960   2.85  |__fastlio_mapping

# Time        UID      TGID       TID    %usr %system  %guest   %wait    %CPU   CPU  minflt/s  majflt/s     VSZ     RSS   %MEM  Command
16时31分57秒  1000     31103         -   33.00    4.00    0.00    2.00   37.00    14   8036.00      0.00 1162192  219144   2.86  fastlio_mapping
16时31分57秒  1000         -     31103    8.00    2.00    0.00    2.00   10.00    14   8036.00      0.00 1162192  219144   2.86  |__fastlio_mapping
16时31分57秒  1000         -     31105    0.00    1.00    0.00    1.00    1.00     8      0.00      0.00 1162192  219144   2.86  |__fastlio_mapping
16时31分57秒  1000         -     31106    0.00    0.00    0.00    0.00    0.00    10      0.00      0.00 1162192  219144   2.86  |__fastlio_mapping
16时31分57秒  1000         -     31107    0.00    0.00    0.00    0.00    0.00    15      0.00      0.00 1162192  219144   2.86  |__fastlio_mapping
16时31分57秒  1000         -     31108    0.00    0.00    0.00    0.00    0.00     4      0.00      0.00 1162192  219144   2.86  |__fastlio_mapping
16时31分57秒  1000         -     31109    0.00    0.00    0.00    0.00    0.00    15      0.00      0.00 1162192  219144   2.86  |__fastlio_mapping
16时31分57秒  1000         -     31110    0.00    0.00    0.00    0.00    0.00     8      0.00      0.00 1162192  219144   2.86  |__fastlio_mapping
16时31分57秒  1000         -     31111    0.00    0.00    0.00    0.00    0.00    15      0.00      0.00 1162192  219144   2.86  |__fastlio_mapping
16时31分57秒  1000         -     31112    0.00    0.00    0.00    0.00    0.00    12      0.00      0.00 1162192  219144   2.86  |__fastlio_mapping
16时31分57秒  1000         -     31113    0.00    0.00    0.00    0.00    0.00     8      0.00      0.00 1162192  219144   2.86  |__fastlio_mapping
16时31分57秒  1000         -     31114    1.00    0.00    0.00    0.00    1.00    14      0.00      0.00 1162192  219144   2.86  |__fastlio_mapping
16时31分57秒  1000         -     31115    0.00    0.00    0.00    0.00    0.00    15      0.00      0.00 1162192  219144   2.86  |__fastlio_mapping
16时31分57秒  1000         -     31116    0.00    0.00    0.00    0.00    0.00     0      0.00      0.00 1162192  219144   2.86  |__fastlio_mapping
16时31分57秒  1000         -     31117    0.00    0.00    0.00    1.00    0.00    13      0.00      0.00 1162192  219144   2.86  |__fastlio_mapping
16时31分57秒  1000         -     31118   13.00    0.00    0.00    2.00   13.00     2      0.00      0.00 1162192  219144   2.86  |__fastlio_mapping
16时31分57秒  1000         -     31119   10.00    0.00    0.00    0.00   10.00     4      0.00      0.00 1162192  219144   2.86  |__fastlio_mapping

# Time        UID      TGID       TID    %usr %system  %guest   %wait    %CPU   CPU  minflt/s  majflt/s     VSZ     RSS   %MEM  Command
16时31分58秒  1000     31103         -   31.00    4.00    0.00    0.00   35.00    13   8073.00      0.00 1162332  219296   2.86  fastlio_mapping
16时31分58秒  1000         -     31103    7.00    2.00    0.00    0.00    9.00    13   8071.00      0.00 1162332  219296   2.86  |__fastlio_mapping
16时31分58秒  1000         -     31105    1.00    2.00    0.00    0.00    3.00    14      0.00      0.00 1162332  219296   2.86  |__fastlio_mapping
16时31分58秒  1000         -     31106    0.00    0.00    0.00    0.00    0.00    10      0.00      0.00 1162332  219296   2.86  |__fastlio_mapping
16时31分58秒  1000         -     31107    0.00    0.00    0.00    0.00    0.00    15      0.00      0.00 1162332  219296   2.86  |__fastlio_mapping
16时31分58秒  1000         -     31108    0.00    0.00    0.00    0.00    0.00     6      0.00      0.00 1162332  219296   2.86  |__fastlio_mapping
16时31分58秒  1000         -     31109    1.00    0.00    0.00    0.00    1.00    14      0.00      0.00 1162332  219296   2.86  |__fastlio_mapping
16时31分58秒  1000         -     31110    0.00    0.00    0.00    0.00    0.00     8      0.00      0.00 1162332  219296   2.86  |__fastlio_mapping
16时31分58秒  1000         -     31111    0.00    0.00    0.00    0.00    0.00     4      0.00      0.00 1162332  219296   2.86  |__fastlio_mapping
16时31分58秒  1000         -     31112    0.00    0.00    0.00    0.00    0.00     6      2.00      0.00 1162332  219296   2.86  |__fastlio_mapping
16时31分58秒  1000         -     31113    0.00    0.00    0.00    0.00    0.00     8      0.00      0.00 1162332  219296   2.86  |__fastlio_mapping
16时31分58秒  1000         -     31114    0.00    0.00    0.00    0.00    0.00    12      0.00      0.00 1162332  219296   2.86  |__fastlio_mapping
16时31分58秒  1000         -     31115    0.00    0.00    0.00    0.00    0.00    15      0.00      0.00 1162332  219296   2.86  |__fastlio_mapping
16时31分58秒  1000         -     31116    0.00    0.00    0.00    0.00    0.00     0      0.00      0.00 1162332  219296   2.86  |__fastlio_mapping
16时31分58秒  1000         -     31117    1.00    0.00    0.00    0.00    1.00    15      0.00      0.00 1162332  219296   2.86  |__fastlio_mapping
16时31分58秒  1000         -     31118   12.00    0.00    0.00    0.00   12.00     4      0.00      0.00 1162332  219296   2.86  |__fastlio_mapping
16时31分58秒  1000         -     31119   10.00    0.00    0.00    0.00   10.00     8      0.00      0.00 1162332  219296   2.86  |__fastlio_mapping

# Time        UID      TGID       TID    %usr %system  %guest   %wait    %CPU   CPU  minflt/s  majflt/s     VSZ     RSS   %MEM  Command
16时31分59秒  1000     31103         -   33.00    3.00    0.00    0.00   36.00    15   8106.00      0.00 1162472  219560   2.86  fastlio_mapping
16时31分59秒  1000         -     31103    7.00    1.00    0.00    0.00    8.00    15   8106.00      0.00 1162472  219560   2.86  |__fastlio_mapping
16时31分59秒  1000         -     31105    1.00    1.00    0.00    0.00    2.00    10      0.00      0.00 1162472  219560   2.86  |__fastlio_mapping
16时31分59秒  1000         -     31106    0.00    0.00    0.00    0.00    0.00    10      0.00      0.00 1162472  219560   2.86  |__fastlio_mapping
16时31分59秒  1000         -     31107    0.00    0.00    0.00    0.00    0.00    15      0.00      0.00 1162472  219560   2.86  |__fastlio_mapping
16时31分59秒  1000         -     31108    0.00    0.00    0.00    0.00    0.00     6      0.00      0.00 1162472  219560   2.86  |__fastlio_mapping
16时31分59秒  1000         -     31109    0.00    0.00    0.00    0.00    0.00     6      0.00      0.00 1162472  219560   2.86  |__fastlio_mapping
16时31分59秒  1000         -     31110    0.00    0.00    0.00    0.00    0.00     8      0.00      0.00 1162472  219560   2.86  |__fastlio_mapping
16时31分59秒  1000         -     31111    0.00    0.00    0.00    0.00    0.00    12      0.00      0.00 1162472  219560   2.86  |__fastlio_mapping
16时31分59秒  1000         -     31112    0.00    0.00    0.00    0.00    0.00    14      0.00      0.00 1162472  219560   2.86  |__fastlio_mapping
16时31分59秒  1000         -     31113    0.00    0.00    0.00    0.00    0.00     8      0.00      0.00 1162472  219560   2.86  |__fastlio_mapping
16时31分59秒  1000         -     31114    1.00    0.00    0.00    0.00    1.00    12      0.00      0.00 1162472  219560   2.86  |__fastlio_mapping
16时31分59秒  1000         -     31115    0.00    0.00    0.00    0.00    0.00    15      0.00      0.00 1162472  219560   2.86  |__fastlio_mapping
16时31分59秒  1000         -     31116    0.00    0.00    0.00    0.00    0.00     0      0.00      0.00 1162472  219560   2.86  |__fastlio_mapping
16时31分59秒  1000         -     31117    0.00    0.00    0.00    0.00    0.00    10      0.00      0.00 1162472  219560   2.86  |__fastlio_mapping
16时31分59秒  1000         -     31118   12.00    0.00    0.00    0.00   12.00     4      0.00      0.00 1162472  219560   2.86  |__fastlio_mapping
16时31分59秒  1000         -     31119   11.00    0.00    0.00    0.00   11.00     2      0.00      0.00 1162472  219560   2.86  |__fastlio_mapping

# Time        UID      TGID       TID    %usr %system  %guest   %wait    %CPU   CPU  minflt/s  majflt/s     VSZ     RSS   %MEM  Command
16时32分00秒  1000     31103         -   29.00    4.00    0.00    0.00   33.00     7   8141.00      0.00 1162612  219840   2.87  fastlio_mapping
16时32分00秒  1000         -     31103    5.00    2.00    0.00    0.00    7.00     7   8141.00      0.00 1162612  219840   2.87  |__fastlio_mapping
16时32分00秒  1000         -     31105    1.00    2.00    0.00    0.00    3.00     2      0.00      0.00 1162612  219840   2.87  |__fastlio_mapping
16时32分00秒  1000         -     31106    0.00    0.00    0.00    0.00    0.00    10      0.00      0.00 1162612  219840   2.87  |__fastlio_mapping
16时32分00秒  1000         -     31107    0.00    0.00    0.00    0.00    0.00    15      0.00      0.00 1162612  219840   2.87  |__fastlio_mapping
16时32分00秒  1000         -     31108    0.00    0.00    0.00    0.00    0.00     4      0.00      0.00 1162612  219840   2.87  |__fastlio_mapping
16时32分00秒  1000         -     31109    0.00    0.00    0.00    0.00    0.00    15      0.00      0.00 1162612  219840   2.87  |__fastlio_mapping
16时32分00秒  1000         -     31110    0.00    0.00    0.00    0.00    0.00     8      0.00      0.00 1162612  219840   2.87  |__fastlio_mapping
16时32分00秒  1000         -     31111    0.00    0.00    0.00    0.00    0.00    12      0.00      0.00 1162612  219840   2.87  |__fastlio_mapping
16时32分00秒  1000         -     31112    0.00    0.00    0.00    0.00    0.00    14      0.00      0.00 1162612  219840   2.87  |__fastlio_mapping
16时32分00秒  1000         -     31113    0.00    0.00    0.00    0.00    0.00     8      0.00      0.00 1162612  219840   2.87  |__fastlio_mapping
16时32分00秒  1000         -     31114    0.00    0.00    0.00    0.00    0.00    12      0.00      0.00 1162612  219840   2.87  |__fastlio_mapping
16时32分00秒  1000         -     31115    0.00    0.00    0.00    0.00    0.00    15      0.00      0.00 1162612  219840   2.87  |__fastlio_mapping
16时32分00秒  1000         -     31116    0.00    0.00    0.00    0.00    0.00     0      0.00      0.00 1162612  219840   2.87  |__fastlio_mapping
16时32分00秒  1000         -     31117    1.00    0.00    0.00    0.00    1.00     6      0.00      0.00 1162612  219840   2.87  |__fastlio_mapping
16时32分00秒  1000         -     31118   12.00    0.00    0.00    0.00   12.00     4      0.00      0.00 1162612  219840   2.87  |__fastlio_mapping
16时32分00秒  1000         -     31119   10.00    0.00    0.00    0.00   10.00     9      0.00      0.00 1162612  219840   2.87  |__fastlio_mapping

# Time        UID      TGID       TID    %usr %system  %guest   %wait    %CPU   CPU  minflt/s  majflt/s     VSZ     RSS   %MEM  Command
16时32分01秒  1000     31103         -   30.00    3.00    0.00    0.00   33.00     7   8173.00      0.00 1162748  220112   2.87  fastlio_mapping
16时32分01秒  1000         -     31103    5.00    2.00    0.00    0.00    7.00     7   8173.00      0.00 1162748  220112   2.87  |__fastlio_mapping
16时32分01秒  1000         -     31105    1.00    1.00    0.00    0.00    2.00     9      0.00      0.00 1162748  220112   2.87  |__fastlio_mapping
16时32分01秒  1000         -     31106    0.00    0.00    0.00    0.00    0.00    10      0.00      0.00 1162748  220112   2.87  |__fastlio_mapping
16时32分01秒  1000         -     31107    0.00    0.00    0.00    0.00    0.00    15      0.00      0.00 1162748  220112   2.87  |__fastlio_mapping
16时32分01秒  1000         -     31108    0.00    0.00    0.00    0.00    0.00     4      0.00      0.00 1162748  220112   2.87  |__fastlio_mapping
16时32分01秒  1000         -     31109    0.00    0.00    0.00    0.00    0.00     8      0.00      0.00 1162748  220112   2.87  |__fastlio_mapping
16时32分01秒  1000         -     31110    0.00    0.00    0.00    0.00    0.00     8      0.00      0.00 1162748  220112   2.87  |__fastlio_mapping
16时32分01秒  1000         -     31111    0.00    0.00    0.00    0.00    0.00    12      0.00      0.00 1162748  220112   2.87  |__fastlio_mapping
16时32分01秒  1000         -     31112    0.00    0.00    0.00    0.00    0.00    15      0.00      0.00 1162748  220112   2.87  |__fastlio_mapping
16时32分01秒  1000         -     31113    0.00    0.00    0.00    0.00    0.00     8      0.00      0.00 1162748  220112   2.87  |__fastlio_mapping
16时32分01秒  1000         -     31114    1.00    0.00    0.00    0.00    1.00    12      0.00      0.00 1162748  220112   2.87  |__fastlio_mapping
16时32分01秒  1000         -     31115    0.00    0.00    0.00    0.00    0.00    15      0.00      0.00 1162748  220112   2.87  |__fastlio_mapping
16时32分01秒  1000         -     31116    0.00    0.00    0.00    0.00    0.00     0      0.00      0.00 1162748  220112   2.87  |__fastlio_mapping
16时32分01秒  1000         -     31117    0.00    0.00    0.00    0.00    0.00    11      0.00      0.00 1162748  220112   2.87  |__fastlio_mapping
16时32分01秒  1000         -     31118   13.00    0.00    0.00    0.00   13.00     4      0.00      0.00 1162748  220112   2.87  |__fastlio_mapping
16时32分01秒  1000         -     31119   10.00    0.00    0.00    0.00   10.00     2      0.00      0.00 1162748  220112   2.87  |__fastlio_mapping

# Time        UID      TGID       TID    %usr %system  %guest   %wait    %CPU   CPU  minflt/s  majflt/s     VSZ     RSS   %MEM  Command
16时32分02秒  1000     31103         -   32.00    3.00    0.00    0.00   35.00     7   8208.00      0.00 1162888  220388   2.87  fastlio_mapping
16时32分02秒  1000         -     31103    5.00    2.00    0.00    0.00    7.00     7   8208.00      0.00 1162888  220388   2.87  |__fastlio_mapping
16时32分02秒  1000         -     31105    0.00    2.00    0.00    0.00    2.00     9      0.00      0.00 1162888  220388   2.87  |__fastlio_mapping
16时32分02秒  1000         -     31106    0.00    0.00    0.00    0.00    0.00    10      0.00      0.00 1162888  220388   2.87  |__fastlio_mapping
16时32分02秒  1000         -     31107    0.00    0.00    0.00    0.00    0.00    15      0.00      0.00 1162888  220388   2.87  |__fastlio_mapping
16时32分02秒  1000         -     31108    0.00    0.00    0.00    0.00    0.00     4      0.00      0.00 1162888  220388   2.87  |__fastlio_mapping
16时32分02秒  1000         -     31109    0.00    0.00    0.00    0.00    0.00    15      0.00      0.00 1162888  220388   2.87  |__fastlio_mapping
16时32分02秒  1000         -     31110    0.00    0.00    0.00    0.00    0.00     8      0.00      0.00 1162888  220388   2.87  |__fastlio_mapping
16时32分02秒  1000         -     31111    0.00    0.00    0.00    0.00    0.00    12      0.00      0.00 1162888  220388   2.87  |__fastlio_mapping
16时32分02秒  1000         -     31112    0.00    0.00    0.00    0.00    0.00    13      0.00      0.00 1162888  220388   2.87  |__fastlio_mapping
16时32分02秒  1000         -     31113    0.00    0.00    0.00    0.00    0.00     8      0.00      0.00 1162888  220388   2.87  |__fastlio_mapping
16时32分02秒  1000         -     31114    1.00    0.00    0.00    0.00    1.00    15      0.00      0.00 1162888  220388   2.87  |__fastlio_mapping
16时32分02秒  1000         -     31115    0.00    0.00    0.00    0.00    0.00    15      0.00      0.00 1162888  220388   2.87  |__fastlio_mapping
16时32分02秒  1000         -     31116    0.00    0.00    0.00    0.00    0.00     0      0.00      0.00 1162888  220388   2.87  |__fastlio_mapping
16时32分02秒  1000         -     31117    1.00    0.00    0.00    0.00    1.00    11      0.00      0.00 1162888  220388   2.87  |__fastlio_mapping
16时32分02秒  1000         -     31118   12.00    0.00    0.00    0.00   12.00     4      0.00      0.00 1162888  220388   2.87  |__fastlio_mapping
16时32分02秒  1000         -     31119   12.00    0.00    0.00    0.00   12.00     2      0.00      0.00 1162888  220388   2.87  |__fastlio_mapping

# Time        UID      TGID       TID    %usr %system  %guest   %wait    %CPU   CPU  minflt/s  majflt/s     VSZ     RSS   %MEM  Command
16时32分03秒  1000     31103         -   33.00    3.00    0.00    0.00   36.00    15   8237.00      0.00 1163016  220680   2.88  fastlio_mapping
16时32分03秒  1000         -     31103    6.00    2.00    0.00    0.00    8.00    15   8237.00      0.00 1163016  220680   2.88  |__fastlio_mapping
16时32分03秒  1000         -     31105    2.00    1.00    0.00    0.00    3.00    12      0.00      0.00 1163016  220680   2.88  |__fastlio_mapping
16时32分03秒  1000         -     31106    0.00    0.00    0.00    0.00    0.00    10      0.00      0.00 1163016  220680   2.88  |__fastlio_mapping
16时32分03秒  1000         -     31107    0.00    0.00    0.00    0.00    0.00    15      0.00      0.00 1163016  220680   2.88  |__fastlio_mapping
16时32分03秒  1000         -     31108    0.00    0.00    0.00    0.00    0.00     4      0.00      0.00 1163016  220680   2.88  |__fastlio_mapping
16时32分03秒  1000         -     31109    0.00    1.00    0.00    0.00    1.00    13      0.00      0.00 1163016  220680   2.88  |__fastlio_mapping
16时32分03秒  1000         -     31110    0.00    0.00    0.00    0.00    0.00     8      0.00      0.00 1163016  220680   2.88  |__fastlio_mapping
16时32分03秒  1000         -     31111    0.00    0.00    0.00    0.00    0.00    12      0.00      0.00 1163016  220680   2.88  |__fastlio_mapping
16时32分03秒  1000         -     31112    0.00    0.00    0.00    0.00    0.00    13      0.00      0.00 1163016  220680   2.88  |__fastlio_mapping
16时32分03秒  1000         -     31113    0.00    0.00    0.00    0.00    0.00     8      0.00      0.00 1163016  220680   2.88  |__fastlio_mapping
16时32分03秒  1000         -     31114    0.00    1.00    0.00    0.00    1.00    13      0.00      0.00 1163016  220680   2.88  |__fastlio_mapping
16时32分03秒  1000         -     31115    0.00    0.00    0.00    0.00    0.00    15      0.00      0.00 1163016  220680   2.88  |__fastlio_mapping
16时32分03秒  1000         -     31116    0.00    0.00    0.00    0.00    0.00     0      0.00      0.00 1163016  220680   2.88  |__fastlio_mapping
16时32分03秒  1000         -     31117    0.00    1.00    0.00    0.00    1.00    12      0.00      0.00 1163016  220680   2.88  |__fastlio_mapping
16时32分03秒  1000         -     31118   12.00    0.00    0.00    0.00   12.00     6      0.00      0.00 1163016  220680   2.88  |__fastlio_mapping
16时32分03秒  1000         -     31119   12.00    0.00    0.00    0.00   12.00     2      0.00      0.00 1163016  220680   2.88  |__fastlio_mapping

# Time        UID      TGID       TID    %usr %system  %guest   %wait    %CPU   CPU  minflt/s  majflt/s     VSZ     RSS   %MEM  Command
16时32分04秒  1000     31103         -   31.00    3.00    0.00    0.00   34.00     5   8265.00      0.00 1163140  220928   2.88  fastlio_mapping
16时32分04秒  1000         -     31103    5.00    2.00    0.00    0.00    7.00     5   8265.00      0.00 1163140  220928   2.88  |__fastlio_mapping
16时32分04秒  1000         -     31105    1.00    1.00    0.00    0.00    2.00    13      0.00      0.00 1163140  220928   2.88  |__fastlio_mapping
16时32分04秒  1000         -     31106    0.00    0.00    0.00    0.00    0.00    10      0.00      0.00 1163140  220928   2.88  |__fastlio_mapping
16时32分04秒  1000         -     31107    0.00    0.00    0.00    0.00    0.00    15      0.00      0.00 1163140  220928   2.88  |__fastlio_mapping
16时32分04秒  1000         -     31108    0.00    0.00    0.00    0.00    0.00     4      0.00      0.00 1163140  220928   2.88  |__fastlio_mapping
16时32分04秒  1000         -     31109    1.00    0.00    0.00    0.00    1.00    11      0.00      0.00 1163140  220928   2.88  |__fastlio_mapping
16时32分04秒  1000         -     31110    0.00    0.00    0.00    0.00    0.00     8      0.00      0.00 1163140  220928   2.88  |__fastlio_mapping
16时32分04秒  1000         -     31111    0.00    0.00    0.00    0.00    0.00     0      0.00      0.00 1163140  220928   2.88  |__fastlio_mapping
16时32分04秒  1000         -     31112    0.00    0.00    0.00    0.00    0.00     6      0.00      0.00 1163140  220928   2.88  |__fastlio_mapping
16时32分04秒  1000         -     31113    0.00    0.00    0.00    0.00    0.00     8      0.00      0.00 1163140  220928   2.88  |__fastlio_mapping
16时32分04秒  1000         -     31114    1.00    0.00    0.00    0.00    1.00    10      0.00      0.00 1163140  220928   2.88  |__fastlio_mapping
16时32分04秒  1000         -     31115    0.00    0.00    0.00    0.00    0.00    15      0.00      0.00 1163140  220928   2.88  |__fastlio_mapping
16时32分04秒  1000         -     31116    0.00    0.00    0.00    0.00    0.00     0      0.00      0.00 1163140  220928   2.88  |__fastlio_mapping
16时32分04秒  1000         -     31117    1.00    0.00    0.00    0.00    1.00    10      0.00      0.00 1163140  220928   2.88  |__fastlio_mapping
16时32分04秒  1000         -     31118   11.00    0.00    0.00    0.00   11.00     6      0.00      0.00 1163140  220928   2.88  |__fastlio_mapping
16时32分04秒  1000         -     31119   12.00    0.00    0.00    0.00   12.00     3      0.00      0.00 1163140  220928   2.88  |__fastlio_mapping

# Time        UID      TGID       TID    %usr %system  %guest   %wait    %CPU   CPU  minflt/s  majflt/s     VSZ     RSS   %MEM  Command
16时32分05秒  1000     31103         -   32.00    3.00    0.00    0.00   35.00     5   8320.00      0.00 1163296  221240   2.88  fastlio_mapping
16时32分05秒  1000         -     31103    5.00    2.00    0.00    0.00    7.00     5   8320.00      0.00 1163296  221240   2.88  |__fastlio_mapping
16时32分05秒  1000         -     31105    1.00    1.00    0.00    0.00    2.00    11      0.00      0.00 1163296  221240   2.88  |__fastlio_mapping
16时32分05秒  1000         -     31106    0.00    0.00    0.00    0.00    0.00    10      0.00      0.00 1163296  221240   2.88  |__fastlio_mapping
16时32分05秒  1000         -     31107    0.00    0.00    0.00    0.00    0.00    15      0.00      0.00 1163296  221240   2.88  |__fastlio_mapping
16时32分05秒  1000         -     31108    0.00    0.00    0.00    0.00    0.00     4      0.00      0.00 1163296  221240   2.88  |__fastlio_mapping
16时32分05秒  1000         -     31109    0.00    0.00    0.00    0.00    0.00    11      0.00      0.00 1163296  221240   2.88  |__fastlio_mapping
16时32分05秒  1000         -     31110    0.00    0.00    0.00    0.00    0.00     8      0.00      0.00 1163296  221240   2.88  |__fastlio_mapping
16时32分05秒  1000         -     31111    0.00    0.00    0.00    0.00    0.00    12      0.00      0.00 1163296  221240   2.88  |__fastlio_mapping
16时32分05秒  1000         -     31112    0.00    0.00    0.00    0.00    0.00     0      0.00      0.00 1163296  221240   2.88  |__fastlio_mapping
16时32分05秒  1000         -     31113    0.00    0.00    0.00    0.00    0.00     8      0.00      0.00 1163296  221240   2.88  |__fastlio_mapping
16时32分05秒  1000         -     31114    1.00    0.00    0.00    0.00    1.00    14      0.00      0.00 1163296  221240   2.88  |__fastlio_mapping
16时32分05秒  1000         -     31115    0.00    0.00    0.00    0.00    0.00    15      0.00      0.00 1163296  221240   2.88  |__fastlio_mapping
16时32分05秒  1000         -     31116    0.00    0.00    0.00    0.00    0.00     0      0.00      0.00 1163296  221240   2.88  |__fastlio_mapping
16时32分05秒  1000         -     31117    0.00    0.00    0.00    0.00    0.00     6      0.00      0.00 1163296  221240   2.88  |__fastlio_mapping
16时32分05秒  1000         -     31118   12.00    0.00    0.00    0.00   12.00     6      0.00      0.00 1163296  221240   2.88  |__fastlio_mapping
16时32分05秒  1000         -     31119   12.00    0.00    0.00    0.00   12.00     3      0.00      0.00 1163296  221240   2.88  |__fastlio_mapping

# Time        UID      TGID       TID    %usr %system  %guest   %wait    %CPU   CPU  minflt/s  majflt/s     VSZ     RSS   %MEM  Command
16时32分06秒  1000     31103         -   32.00    3.00    0.00    0.00   35.00     5   8363.00      0.00 1164048  221556   2.89  fastlio_mapping
16时32分06秒  1000         -     31103    6.00    2.00    0.00    0.00    8.00     5   8360.00      0.00 1164048  221556   2.89  |__fastlio_mapping
16时32分06秒  1000         -     31105    1.00    2.00    0.00    0.00    3.00    14      0.00      0.00 1164048  221556   2.89  |__fastlio_mapping
16时32分06秒  1000         -     31106    0.00    0.00    0.00    0.00    0.00    10      0.00      0.00 1164048  221556   2.89  |__fastlio_mapping
16时32分06秒  1000         -     31107    0.00    0.00    0.00    0.00    0.00    15      0.00      0.00 1164048  221556   2.89  |__fastlio_mapping
16时32分06秒  1000         -     31108    0.00    0.00    0.00    0.00    0.00     4      0.00      0.00 1164048  221556   2.89  |__fastlio_mapping
16时32分06秒  1000         -     31109    0.00    0.00    0.00    0.00    0.00    14      0.00      0.00 1164048  221556   2.89  |__fastlio_mapping
16时32分06秒  1000         -     31110    0.00    0.00    0.00    0.00    0.00     8      0.00      0.00 1164048  221556   2.89  |__fastlio_mapping
16时32分06秒  1000         -     31111    0.00    0.00    0.00    0.00    0.00     0      0.00      0.00 1164048  221556   2.89  |__fastlio_mapping
16时32分06秒  1000         -     31112    0.00    0.00    0.00    0.00    0.00    10      2.00      0.00 1164048  221556   2.89  |__fastlio_mapping
16时32分06秒  1000         -     31113    0.00    0.00    0.00    0.00    0.00     8      0.00      0.00 1164048  221556   2.89  |__fastlio_mapping
16时32分06秒  1000         -     31114    1.00    0.00    0.00    0.00    1.00    13      1.00      0.00 1164048  221556   2.89  |__fastlio_mapping
16时32分06秒  1000         -     31115    0.00    0.00    0.00    0.00    0.00    13      0.00      0.00 1164048  221556   2.89  |__fastlio_mapping
16时32分06秒  1000         -     31116    0.00    0.00    0.00    0.00    0.00     2      0.00      0.00 1164048  221556   2.89  |__fastlio_mapping
16时32分06秒  1000         -     31117    0.00    0.00    0.00    0.00    0.00     8      0.00      0.00 1164048  221556   2.89  |__fastlio_mapping
16时32分06秒  1000         -     31118   12.00    0.00    0.00    0.00   12.00     6      0.00      0.00 1164048  221556   2.89  |__fastlio_mapping
16时32分06秒  1000         -     31119   12.00    0.00    0.00    0.00   12.00     3      0.00      0.00 1164048  221556   2.89  |__fastlio_mapping

# Time        UID      TGID       TID    %usr %system  %guest   %wait    %CPU   CPU  minflt/s  majflt/s     VSZ     RSS   %MEM  Command
16时32分07秒  1000     31103         -   32.00    4.00    0.00    0.00   36.00     5   8400.00      0.00 1164152  221872   2.89  fastlio_mapping
16时32分07秒  1000         -     31103    4.00    2.00    0.00    0.00    6.00     5   8400.00      0.00 1164152  221872   2.89  |__fastlio_mapping
16时32分07秒  1000         -     31105    0.00    1.00    0.00    0.00    1.00    15      0.00      0.00 1164152  221872   2.89  |__fastlio_mapping
16时32分07秒  1000         -     31106    0.00    0.00    0.00    0.00    0.00    10      0.00      0.00 1164152  221872   2.89  |__fastlio_mapping
16时32分07秒  1000         -     31107    0.00    0.00    0.00    0.00    0.00    15      0.00      0.00 1164152  221872   2.89  |__fastlio_mapping
16时32分07秒  1000         -     31108    0.00    0.00    0.00    0.00    0.00     4      0.00      0.00 1164152  221872   2.89  |__fastlio_mapping
16时32分07秒  1000         -     31109    0.00    0.00    0.00    0.00    0.00    13      0.00      0.00 1164152  221872   2.89  |__fastlio_mapping
16时32分07秒  1000         -     31110    0.00    0.00    0.00    0.00    0.00     8      0.00      0.00 1164152  221872   2.89  |__fastlio_mapping
16时32分07秒  1000         -     31111    0.00    0.00    0.00    0.00    0.00     0      0.00      0.00 1164152  221872   2.89  |__fastlio_mapping
16时32分07秒  1000         -     31112    0.00    0.00    0.00    0.00    0.00    15      0.00      0.00 1164152  221872   2.89  |__fastlio_mapping
16时32分07秒  1000         -     31113    0.00    0.00    0.00    0.00    0.00     8      0.00      0.00 1164152  221872   2.89  |__fastlio_mapping
16时32分07秒  1000         -     31114    0.00    0.00    0.00    0.00    0.00    13      0.00      0.00 1164152  221872   2.89  |__fastlio_mapping
16时32分07秒  1000         -     31115    0.00    0.00    0.00    0.00    0.00    13      0.00      0.00 1164152  221872   2.89  |__fastlio_mapping
16时32分07秒  1000         -     31116    0.00    0.00    0.00    0.00    0.00     2      0.00      0.00 1164152  221872   2.89  |__fastlio_mapping
16时32分07秒  1000         -     31117    1.00    1.00    0.00    0.00    2.00     6      0.00      0.00 1164152  221872   2.89  |__fastlio_mapping
16时32分07秒  1000         -     31118   11.00    0.00    0.00    0.00   11.00    12      0.00      0.00 1164152  221872   2.89  |__fastlio_mapping
16时32分07秒  1000         -     31119   12.00    0.00    0.00    0.00   12.00     3      0.00      0.00 1164152  221872   2.89  |__fastlio_mapping

# Time        UID      TGID       TID    %usr %system  %guest   %wait    %CPU   CPU  minflt/s  majflt/s     VSZ     RSS   %MEM  Command
16时32分08秒  1000     31103         -   30.00    2.00    0.00    0.00   32.00     5   8435.00      0.00 1164304  222176   2.90  fastlio_mapping
16时32分08秒  1000         -     31103    5.00    1.00    0.00    0.00    6.00     5   8435.00      0.00 1164304  222176   2.90  |__fastlio_mapping
16时32分08秒  1000         -     31105    2.00    1.00    0.00    1.00    3.00     6      0.00      0.00 1164304  222176   2.90  |__fastlio_mapping
16时32分08秒  1000         -     31106    0.00    0.00    0.00    0.00    0.00    10      0.00      0.00 1164304  222176   2.90  |__fastlio_mapping
16时32分08秒  1000         -     31107    0.00    0.00    0.00    0.00    0.00    15      0.00      0.00 1164304  222176   2.90  |__fastlio_mapping
16时32分08秒  1000         -     31108    0.00    0.00    0.00    0.00    0.00     4      0.00      0.00 1164304  222176   2.90  |__fastlio_mapping
16时32分08秒  1000         -     31109    0.00    0.00    0.00    0.00    0.00    14      0.00      0.00 1164304  222176   2.90  |__fastlio_mapping
16时32分08秒  1000         -     31110    0.00    0.00    0.00    0.00    0.00     8      0.00      0.00 1164304  222176   2.90  |__fastlio_mapping
16时32分08秒  1000         -     31111    0.00    0.00    0.00    0.00    0.00    12      0.00      0.00 1164304  222176   2.90  |__fastlio_mapping
16时32分08秒  1000         -     31112    0.00    0.00    0.00    0.00    0.00    15      0.00      0.00 1164304  222176   2.90  |__fastlio_mapping
16时32分08秒  1000         -     31113    0.00    0.00    0.00    0.00    0.00     8      0.00      0.00 1164304  222176   2.90  |__fastlio_mapping
16时32分08秒  1000         -     31114    1.00    0.00    0.00    0.00    1.00    14      0.00      0.00 1164304  222176   2.90  |__fastlio_mapping
16时32分08秒  1000         -     31115    0.00    0.00    0.00    0.00    0.00    13      0.00      0.00 1164304  222176   2.90  |__fastlio_mapping
16时32分08秒  1000         -     31116    0.00    0.00    0.00    0.00    0.00     2      0.00      0.00 1164304  222176   2.90  |__fastlio_mapping
16时32分08秒  1000         -     31117    1.00    0.00    0.00    0.00    1.00     9      0.00      0.00 1164304  222176   2.90  |__fastlio_mapping
16时32分08秒  1000         -     31118   11.00    0.00    0.00    0.00   11.00     0      0.00      0.00 1164304  222176   2.90  |__fastlio_mapping
16时32分08秒  1000         -     31119   12.00    0.00    0.00    0.00   12.00     3      0.00      0.00 1164304  222176   2.90  |__fastlio_mapping

# Time        UID      TGID       TID    %usr %system  %guest   %wait    %CPU   CPU  minflt/s  majflt/s     VSZ     RSS   %MEM  Command
16时32分09秒  1000     31103         -   34.00    3.00    0.00    0.00   37.00     6   8488.00      0.00 1165064  222640   2.90  fastlio_mapping
16时32分09秒  1000         -     31103    6.00    1.00    0.00    0.00    7.00     6   8485.00      0.00 1165064  222640   2.90  |__fastlio_mapping
16时32分09秒  1000         -     31105    1.00    1.00    0.00    0.00    2.00    10      0.00      0.00 1165064  222640   2.90  |__fastlio_mapping
16时32分09秒  1000         -     31106    0.00    0.00    0.00    0.00    0.00    10      0.00      0.00 1165064  222640   2.90  |__fastlio_mapping
16时32分09秒  1000         -     31107    0.00    0.00    0.00    0.00    0.00    15      0.00      0.00 1165064  222640   2.90  |__fastlio_mapping
16时32分09秒  1000         -     31108    0.00    0.00    0.00    0.00    0.00     4      0.00      0.00 1165064  222640   2.90  |__fastlio_mapping
16时32分09秒  1000         -     31109    0.00    0.00    0.00    0.00    0.00    10      0.00      0.00 1165064  222640   2.90  |__fastlio_mapping
16时32分09秒  1000         -     31110    0.00    0.00    0.00    0.00    0.00     8      0.00      0.00 1165064  222640   2.90  |__fastlio_mapping
16时32分09秒  1000         -     31111    0.00    0.00    0.00    0.00    0.00    10      0.00      0.00 1165064  222640   2.90  |__fastlio_mapping
16时32分09秒  1000         -     31112    0.00    0.00    0.00    0.00    0.00     6      2.00      0.00 1165064  222640   2.90  |__fastlio_mapping
16时32分09秒  1000         -     31113    0.00    0.00    0.00    0.00    0.00     8      0.00      0.00 1165064  222640   2.90  |__fastlio_mapping
16时32分09秒  1000         -     31114    1.00    0.00    0.00    0.00    1.00     5      1.00      0.00 1165064  222640   2.90  |__fastlio_mapping
16时32分09秒  1000         -     31115    0.00    0.00    0.00    0.00    0.00     8      0.00      0.00 1165064  222640   2.90  |__fastlio_mapping
16时32分09秒  1000         -     31116    0.00    0.00    0.00    0.00    0.00    11      0.00      0.00 1165064  222640   2.90  |__fastlio_mapping
16时32分09秒  1000         -     31117    0.00    0.00    0.00    0.00    0.00    11      0.00      0.00 1165064  222640   2.90  |__fastlio_mapping
16时32分09秒  1000         -     31118   12.00    0.00    0.00    0.00   12.00     8      0.00      0.00 1165064  222640   2.90  |__fastlio_mapping
16时32分09秒  1000         -     31119   13.00    0.00    0.00    0.00   13.00     3      0.00      0.00 1165064  222640   2.90  |__fastlio_mapping

# Time        UID      TGID       TID    %usr %system  %guest   %wait    %CPU   CPU  minflt/s  majflt/s     VSZ     RSS   %MEM  Command
16时32分10秒  1000     31103         -   28.00    3.00    0.00    0.00   31.00     4   8509.00      0.00 1165156  222928   2.91  fastlio_mapping
16时32分10秒  1000         -     31103    6.00    2.00    0.00    0.00    8.00     4   8509.00      0.00 1165156  222928   2.91  |__fastlio_mapping
16时32分10秒  1000         -     31105    1.00    2.00    0.00    0.00    3.00    14      0.00      0.00 1165156  222928   2.91  |__fastlio_mapping
16时32分10秒  1000         -     31106    0.00    0.00    0.00    0.00    0.00    10      0.00      0.00 1165156  222928   2.91  |__fastlio_mapping
16时32分10秒  1000         -     31107    0.00    0.00    0.00    0.00    0.00    15      0.00      0.00 1165156  222928   2.91  |__fastlio_mapping
16时32分10秒  1000         -     31108    0.00    0.00    0.00    0.00    0.00     4      0.00      0.00 1165156  222928   2.91  |__fastlio_mapping
16时32分10秒  1000         -     31109    1.00    0.00    0.00    0.00    1.00     6      0.00      0.00 1165156  222928   2.91  |__fastlio_mapping
16时32分10秒  1000         -     31110    0.00    0.00    0.00    0.00    0.00     8      0.00      0.00 1165156  222928   2.91  |__fastlio_mapping
16时32分10秒  1000         -     31111    0.00    0.00    0.00    0.00    0.00    12      0.00      0.00 1165156  222928   2.91  |__fastlio_mapping
16时32分10秒  1000         -     31112    0.00    0.00    0.00    0.00    0.00     7      0.00      0.00 1165156  222928   2.91  |__fastlio_mapping
16时32分10秒  1000         -     31113    0.00    0.00    0.00    0.00    0.00     8      0.00      0.00 1165156  222928   2.91  |__fastlio_mapping
16时32分10秒  1000         -     31114    1.00    1.00    0.00    0.00    2.00     5      0.00      0.00 1165156  222928   2.91  |__fastlio_mapping
16时32分10秒  1000         -     31115    0.00    0.00    0.00    0.00    0.00     8      0.00      0.00 1165156  222928   2.91  |__fastlio_mapping
16时32分10秒  1000         -     31116    0.00    0.00    0.00    0.00    0.00     2      0.00      0.00 1165156  222928   2.91  |__fastlio_mapping
16时32分10秒  1000         -     31117    1.00    0.00    0.00    0.00    1.00    10      0.00      0.00 1165156  222928   2.91  |__fastlio_mapping
16时32分10秒  1000         -     31118    7.00    0.00    0.00    0.00    7.00     8      0.00      0.00 1165156  222928   2.91  |__fastlio_mapping
16时32分10秒  1000         -     31119   12.00    0.00    0.00    0.00   12.00     3      0.00      0.00 1165156  222928   2.91  |__fastlio_mapping

# Time        UID      TGID       TID    %usr %system  %guest   %wait    %CPU   CPU  minflt/s  majflt/s     VSZ     RSS   %MEM  Command
16时32分11秒  1000     31103         -   31.00    4.00    0.00    0.00   35.00     1   8554.00      0.00 1165312  223240   2.91  fastlio_mapping
16时32分11秒  1000         -     31103    6.00    2.00    0.00    0.00    8.00     1   8554.00      0.00 1165312  223240   2.91  |__fastlio_mapping
16时32分11秒  1000         -     31105    1.00    1.00    0.00    0.00    2.00    10      0.00      0.00 1165312  223240   2.91  |__fastlio_mapping
16时32分11秒  1000         -     31106    0.00    0.00    0.00    0.00    0.00    10      0.00      0.00 1165312  223240   2.91  |__fastlio_mapping
16时32分11秒  1000         -     31107    0.00    0.00    0.00    0.00    0.00    15      0.00      0.00 1165312  223240   2.91  |__fastlio_mapping
16时32分11秒  1000         -     31108    0.00    0.00    0.00    0.00    0.00     4      0.00      0.00 1165312  223240   2.91  |__fastlio_mapping
16时32分11秒  1000         -     31109    0.00    0.00    0.00    0.00    0.00    10      0.00      0.00 1165312  223240   2.91  |__fastlio_mapping
16时32分11秒  1000         -     31110    0.00    0.00    0.00    0.00    0.00     8      0.00      0.00 1165312  223240   2.91  |__fastlio_mapping
16时32分11秒  1000         -     31111    0.00    0.00    0.00    0.00    0.00     5      0.00      0.00 1165312  223240   2.91  |__fastlio_mapping
16时32分11秒  1000         -     31112    0.00    0.00    0.00    0.00    0.00     7      0.00      0.00 1165312  223240   2.91  |__fastlio_mapping
16时32分11秒  1000         -     31113    0.00    0.00    0.00    0.00    0.00     8      0.00      0.00 1165312  223240   2.91  |__fastlio_mapping
16时32分11秒  1000         -     31114    0.00    0.00    0.00    0.00    0.00     5      0.00      0.00 1165312  223240   2.91  |__fastlio_mapping
16时32分11秒  1000         -     31115    0.00    0.00    0.00    0.00    0.00     8      0.00      0.00 1165312  223240   2.91  |__fastlio_mapping
16时32分11秒  1000         -     31116    0.00    0.00    0.00    0.00    0.00     2      0.00      0.00 1165312  223240   2.91  |__fastlio_mapping
16时32分11秒  1000         -     31117    0.00    0.00    0.00    0.00    0.00     4      0.00      0.00 1165312  223240   2.91  |__fastlio_mapping
16时32分11秒  1000         -     31118   12.00    0.00    0.00    0.00   12.00     6      0.00      0.00 1165312  223240   2.91  |__fastlio_mapping
16时32分11秒  1000         -     31119   12.00    0.00    0.00    0.00   12.00     3      0.00      0.00 1165312  223240   2.91  |__fastlio_mapping

# Time        UID      TGID       TID    %usr %system  %guest   %wait    %CPU   CPU  minflt/s  majflt/s     VSZ     RSS   %MEM  Command
16时32分12秒  1000     31103         -   33.00    2.00    0.00    0.00   35.00     5   8593.00      0.00 1164928  223552   2.91  fastlio_mapping
16时32分12秒  1000         -     31103    5.00    1.00    0.00    0.00    6.00     5   8593.00      0.00 1164928  223552   2.91  |__fastlio_mapping
16时32分12秒  1000         -     31105    1.00    1.00    0.00    0.00    2.00    15      0.00      0.00 1164928  223552   2.91  |__fastlio_mapping
16时32分12秒  1000         -     31106    0.00    0.00    0.00    0.00    0.00    10      0.00      0.00 1164928  223552   2.91  |__fastlio_mapping
16时32分12秒  1000         -     31107    0.00    0.00    0.00    0.00    0.00    15      0.00      0.00 1164928  223552   2.91  |__fastlio_mapping
16时32分12秒  1000         -     31108    0.00    0.00    0.00    0.00    0.00     4      0.00      0.00 1164928  223552   2.91  |__fastlio_mapping
16时32分12秒  1000         -     31109    0.00    0.00    0.00    0.00    0.00     5      0.00      0.00 1164928  223552   2.91  |__fastlio_mapping
16时32分12秒  1000         -     31110    0.00    0.00    0.00    0.00    0.00     8      0.00      0.00 1164928  223552   2.91  |__fastlio_mapping
16时32分12秒  1000         -     31111    0.00    0.00    0.00    0.00    0.00     5      0.00      0.00 1164928  223552   2.91  |__fastlio_mapping
16时32分12秒  1000         -     31112    0.00    0.00    0.00    0.00    0.00     7      0.00      0.00 1164928  223552   2.91  |__fastlio_mapping
16时32分12秒  1000         -     31113    0.00    0.00    0.00    0.00    0.00     8      0.00      0.00 1164928  223552   2.91  |__fastlio_mapping
16时32分12秒  1000         -     31114    1.00    0.00    0.00    0.00    1.00     5      0.00      0.00 1164928  223552   2.91  |__fastlio_mapping
16时32分12秒  1000         -     31115    0.00    0.00    0.00    0.00    0.00     8      0.00      0.00 1164928  223552   2.91  |__fastlio_mapping
16时32分12秒  1000         -     31116    0.00    0.00    0.00    0.00    0.00     2      0.00      0.00 1164928  223552   2.91  |__fastlio_mapping
16时32分12秒  1000         -     31117    1.00    0.00    0.00    0.00    1.00     1      0.00      0.00 1164928  223552   2.91  |__fastlio_mapping
16时32分12秒  1000         -     31118   12.00    0.00    0.00    0.00   12.00     6      0.00      0.00 1164928  223552   2.91  |__fastlio_mapping
16时32分12秒  1000         -     31119   12.00    0.00    0.00    0.00   12.00     3      0.00      0.00 1164928  223552   2.91  |__fastlio_mapping

# Time        UID      TGID       TID    %usr %system  %guest   %wait    %CPU   CPU  minflt/s  majflt/s     VSZ     RSS   %MEM  Command
16时32分13秒  1000     31103         -   33.00    4.00    0.00    0.00   37.00    14   8629.00      0.00 1165616  223808   2.92  fastlio_mapping
16时32分13秒  1000         -     31103    7.00    2.00    0.00    0.00    9.00    14   8626.00      0.00 1165616  223808   2.92  |__fastlio_mapping
16时32分13秒  1000         -     31105    1.00    1.00    0.00    0.00    2.00     1      0.00      0.00 1165616  223808   2.92  |__fastlio_mapping
16时32分13秒  1000         -     31106    0.00    0.00    0.00    0.00    0.00    10      0.00      0.00 1165616  223808   2.92  |__fastlio_mapping
16时32分13秒  1000         -     31107    0.00    0.00    0.00    0.00    0.00    15      0.00      0.00 1165616  223808   2.92  |__fastlio_mapping
16时32分13秒  1000         -     31108    0.00    0.00    0.00    0.00    0.00     6      0.00      0.00 1165616  223808   2.92  |__fastlio_mapping
16时32分13秒  1000         -     31109    0.00    0.00    0.00    0.00    0.00    13      0.00      0.00 1165616  223808   2.92  |__fastlio_mapping
16时32分13秒  1000         -     31110    0.00    0.00    0.00    0.00    0.00     8      0.00      0.00 1165616  223808   2.92  |__fastlio_mapping
16时32分13秒  1000         -     31111    0.00    0.00    0.00    0.00    0.00    11      0.00      0.00 1165616  223808   2.92  |__fastlio_mapping
16时32分13秒  1000         -     31112    0.00    0.00    0.00    0.00    0.00     0      2.00      0.00 1165616  223808   2.92  |__fastlio_mapping
16时32分13秒  1000         -     31113    0.00    0.00    0.00    0.00    0.00     8      0.00      0.00 1165616  223808   2.92  |__fastlio_mapping
16时32分13秒  1000         -     31114    1.00    0.00    0.00    0.00    1.00    15      1.00      0.00 1165616  223808   2.92  |__fastlio_mapping
16时32分13秒  1000         -     31115    0.00    0.00    0.00    0.00    0.00     8      0.00      0.00 1165616  223808   2.92  |__fastlio_mapping
16时32分13秒  1000         -     31116    0.00    0.00    0.00    0.00    0.00     0      0.00      0.00 1165616  223808   2.92  |__fastlio_mapping
16时32分13秒  1000         -     31117    0.00    1.00    0.00    0.00    1.00     0      0.00      0.00 1165616  223808   2.92  |__fastlio_mapping
16时32分13秒  1000         -     31118   11.00    0.00    0.00    0.00   11.00     4      0.00      0.00 1165616  223808   2.92  |__fastlio_mapping
16时32分13秒  1000         -     31119   12.00    0.00    0.00    0.00   12.00     3      0.00      0.00 1165616  223808   2.92  |__fastlio_mapping

# Time        UID      TGID       TID    %usr %system  %guest   %wait    %CPU   CPU  minflt/s  majflt/s     VSZ     RSS   %MEM  Command
16时32分14秒  1000     31103         -   32.00    3.00    0.00    0.00   35.00    15   8660.00      0.00 1165760  224128   2.92  fastlio_mapping
16时32分14秒  1000         -     31103    5.00    2.00    0.00    0.00    7.00    15   8660.00      0.00 1165760  224128   2.92  |__fastlio_mapping
16时32分14秒  1000         -     31105    1.00    2.00    0.00    0.00    3.00    14      0.00      0.00 1165760  224128   2.92  |__fastlio_mapping
16时32分14秒  1000         -     31106    0.00    0.00    0.00    0.00    0.00    10      0.00      0.00 1165760  224128   2.92  |__fastlio_mapping
16时32分14秒  1000         -     31107    0.00    0.00    0.00    0.00    0.00    15      0.00      0.00 1165760  224128   2.92  |__fastlio_mapping
16时32分14秒  1000         -     31108    0.00    0.00    0.00    0.00    0.00     6      0.00      0.00 1165760  224128   2.92  |__fastlio_mapping
16时32分14秒  1000         -     31109    0.00    0.00    0.00    0.00    0.00    12      0.00      0.00 1165760  224128   2.92  |__fastlio_mapping
16时32分14秒  1000         -     31110    0.00    0.00    0.00    0.00    0.00     8      0.00      0.00 1165760  224128   2.92  |__fastlio_mapping
16时32分14秒  1000         -     31111    0.00    0.00    0.00    0.00    0.00    12      0.00      0.00 1165760  224128   2.92  |__fastlio_mapping
16时32分14秒  1000         -     31112    0.00    0.00    0.00    0.00    0.00    15      0.00      0.00 1165760  224128   2.92  |__fastlio_mapping
16时32分14秒  1000         -     31113    0.00    0.00    0.00    0.00    0.00     8      0.00      0.00 1165760  224128   2.92  |__fastlio_mapping
16时32分14秒  1000         -     31114    0.00    0.00    0.00    0.00    0.00    13      0.00      0.00 1165760  224128   2.92  |__fastlio_mapping
16时32分14秒  1000         -     31115    0.00    0.00    0.00    0.00    0.00     8      0.00      0.00 1165760  224128   2.92  |__fastlio_mapping
16时32分14秒  1000         -     31116    0.00    0.00    0.00    0.00    0.00     0      0.00      0.00 1165760  224128   2.92  |__fastlio_mapping
16时32分14秒  1000         -     31117    1.00    0.00    0.00    0.00    1.00    13      0.00      0.00 1165760  224128   2.92  |__fastlio_mapping
16时32分14秒  1000         -     31118   12.00    0.00    0.00    0.00   12.00     4      0.00      0.00 1165760  224128   2.92  |__fastlio_mapping
16时32分14秒  1000         -     31119   12.00    0.00    0.00    0.00   12.00     3      0.00      0.00 1165760  224128   2.92  |__fastlio_mapping

# Time        UID      TGID       TID    %usr %system  %guest   %wait    %CPU   CPU  minflt/s  majflt/s     VSZ     RSS   %MEM  Command
16时32分15秒  1000     31103         -   33.00    3.00    0.00    0.00   36.00     8   8679.00      0.00 1165344  224340   2.93  fastlio_mapping
16时32分15秒  1000         -     31103    6.00    2.00    0.00    0.00    8.00     8   8679.00      0.00 1165344  224340   2.93  |__fastlio_mapping
16时32分15秒  1000         -     31105    1.00    1.00    0.00    0.00    2.00    14      0.00      0.00 1165344  224340   2.93  |__fastlio_mapping
16时32分15秒  1000         -     31106    0.00    0.00    0.00    0.00    0.00    10      0.00      0.00 1165344  224340   2.93  |__fastlio_mapping
16时32分15秒  1000         -     31107    0.00    0.00    0.00    0.00    0.00    15      0.00      0.00 1165344  224340   2.93  |__fastlio_mapping
16时32分15秒  1000         -     31108    0.00    0.00    0.00    0.00    0.00     6      0.00      0.00 1165344  224340   2.93  |__fastlio_mapping
16时32分15秒  1000         -     31109    0.00    0.00    0.00    0.00    0.00    12      0.00      0.00 1165344  224340   2.93  |__fastlio_mapping
16时32分15秒  1000         -     31110    0.00    0.00    0.00    0.00    0.00     8      0.00      0.00 1165344  224340   2.93  |__fastlio_mapping
16时32分15秒  1000         -     31111    0.00    0.00    0.00    0.00    0.00    12      0.00      0.00 1165344  224340   2.93  |__fastlio_mapping
16时32分15秒  1000         -     31112    0.00    0.00    0.00    0.00    0.00    15      0.00      0.00 1165344  224340   2.93  |__fastlio_mapping
16时32分15秒  1000         -     31113    0.00    0.00    0.00    0.00    0.00     8      0.00      0.00 1165344  224340   2.93  |__fastlio_mapping
16时32分15秒  1000         -     31114    1.00    0.00    0.00    0.00    1.00     2      0.00      0.00 1165344  224340   2.93  |__fastlio_mapping
16时32分15秒  1000         -     31115    0.00    0.00    0.00    0.00    0.00     8      0.00      0.00 1165344  224340   2.93  |__fastlio_mapping
16时32分15秒  1000         -     31116    0.00    0.00    0.00    0.00    0.00     0      0.00      0.00 1165344  224340   2.93  |__fastlio_mapping
16时32分15秒  1000         -     31117    0.00    0.00    0.00    0.00    0.00     9      0.00      0.00 1165344  224340   2.93  |__fastlio_mapping
16时32分15秒  1000         -     31118   12.00    0.00    0.00    0.00   12.00     4      0.00      0.00 1165344  224340   2.93  |__fastlio_mapping
16时32分15秒  1000         -     31119   12.00    0.00    0.00    0.00   12.00     3      0.00      0.00 1165344  224340   2.93  |__fastlio_mapping

# Time        UID      TGID       TID    %usr %system  %guest   %wait    %CPU   CPU  minflt/s  majflt/s     VSZ     RSS   %MEM  Command
16时32分16秒  1000     31103         -   33.00    3.00    0.00    0.00   36.00    13   8704.00      0.00 1165456  224540   2.93  fastlio_mapping
16时32分16秒  1000         -     31103    7.00    3.00    0.00    0.00   10.00    13   8704.00      0.00 1165456  224540   2.93  |__fastlio_mapping
16时32分16秒  1000         -     31105    1.00    1.00    0.00    0.00    2.00    10      0.00      0.00 1165456  224540   2.93  |__fastlio_mapping
16时32分16秒  1000         -     31106    0.00    0.00    0.00    0.00    0.00    11      0.00      0.00 1165456  224540   2.93  |__fastlio_mapping
16时32分16秒  1000         -     31107    0.00    0.00    0.00    0.00    0.00    15      0.00      0.00 1165456  224540   2.93  |__fastlio_mapping
16时32分16秒  1000         -     31108    0.00    0.00    0.00    0.00    0.00     6      0.00      0.00 1165456  224540   2.93  |__fastlio_mapping
16时32分16秒  1000         -     31109    0.00    0.00    0.00    0.00    0.00    11      0.00      0.00 1165456  224540   2.93  |__fastlio_mapping
16时32分16秒  1000         -     31110    0.00    0.00    0.00    0.00    0.00     8      0.00      0.00 1165456  224540   2.93  |__fastlio_mapping
16时32分16秒  1000         -     31111    0.00    0.00    0.00    0.00    0.00     9      0.00      0.00 1165456  224540   2.93  |__fastlio_mapping
16时32分16秒  1000         -     31112    0.00    0.00    0.00    0.00    0.00    13      0.00      0.00 1165456  224540   2.93  |__fastlio_mapping
16时32分16秒  1000         -     31113    0.00    0.00    0.00    0.00    0.00     8      0.00      0.00 1165456  224540   2.93  |__fastlio_mapping
16时32分16秒  1000         -     31114    0.00    0.00    0.00    0.00    0.00    12      0.00      0.00 1165456  224540   2.93  |__fastlio_mapping
16时32分16秒  1000         -     31115    0.00    0.00    0.00    0.00    0.00     8      0.00      0.00 1165456  224540   2.93  |__fastlio_mapping
16时32分16秒  1000         -     31116    0.00    0.00    0.00    0.00    0.00     0      0.00      0.00 1165456  224540   2.93  |__fastlio_mapping
16时32分16秒  1000         -     31117    1.00    0.00    0.00    0.00    1.00     2      0.00      0.00 1165456  224540   2.93  |__fastlio_mapping
16时32分16秒  1000         -     31118   12.00    0.00    0.00    0.00   12.00     6      0.00      0.00 1165456  224540   2.93  |__fastlio_mapping
16时32分16秒  1000         -     31119   12.00    0.00    0.00    0.00   12.00     3      0.00      0.00 1165456  224540   2.93  |__fastlio_mapping

# Time        UID      TGID       TID    %usr %system  %guest   %wait    %CPU   CPU  minflt/s  majflt/s     VSZ     RSS   %MEM  Command
16时32分17秒  1000     31103         -   33.00    3.00    0.00    0.00   36.00    14   8737.00      0.00 1165576  224728   2.93  fastlio_mapping
16时32分17秒  1000         -     31103    6.00    1.00    0.00    0.00    7.00    14   8737.00      0.00 1165576  224728   2.93  |__fastlio_mapping
16时32分17秒  1000         -     31105    1.00    1.00    0.00    0.00    2.00     8      0.00      0.00 1165576  224728   2.93  |__fastlio_mapping
16时32分17秒  1000         -     31106    0.00    0.00    0.00    0.00    0.00    11      0.00      0.00 1165576  224728   2.93  |__fastlio_mapping
16时32分17秒  1000         -     31107    0.00    0.00    0.00    0.00    0.00    15      0.00      0.00 1165576  224728   2.93  |__fastlio_mapping
16时32分17秒  1000         -     31108    0.00    0.00    0.00    0.00    0.00     4      0.00      0.00 1165576  224728   2.93  |__fastlio_mapping
16时32分17秒  1000         -     31109    0.00    0.00    0.00    0.00    0.00     0      0.00      0.00 1165576  224728   2.93  |__fastlio_mapping
16时32分17秒  1000         -     31110    0.00    0.00    0.00    0.00    0.00     8      0.00      0.00 1165576  224728   2.93  |__fastlio_mapping
16时32分17秒  1000         -     31111    0.00    0.00    0.00    0.00    0.00    14      0.00      0.00 1165576  224728   2.93  |__fastlio_mapping
16时32分17秒  1000         -     31112    0.00    0.00    0.00    0.00    0.00    15      0.00      0.00 1165576  224728   2.93  |__fastlio_mapping
16时32分17秒  1000         -     31113    0.00    0.00    0.00    0.00    0.00     8      0.00      0.00 1165576  224728   2.93  |__fastlio_mapping
16时32分17秒  1000         -     31114    1.00    0.00    0.00    0.00    1.00     6      0.00      0.00 1165576  224728   2.93  |__fastlio_mapping
16时32分17秒  1000         -     31115    0.00    0.00    0.00    0.00    0.00     8      0.00      0.00 1165576  224728   2.93  |__fastlio_mapping
16时32分17秒  1000         -     31116    0.00    0.00    0.00    0.00    0.00     0      0.00      0.00 1165576  224728   2.93  |__fastlio_mapping
16时32分17秒  1000         -     31117    0.00    0.00    0.00    0.00    0.00    12      0.00      0.00 1165576  224728   2.93  |__fastlio_mapping
16时32分17秒  1000         -     31118   12.00    0.00    0.00    0.00   12.00     4      0.00      0.00 1165576  224728   2.93  |__fastlio_mapping
16时32分17秒  1000         -     31119   12.00    0.00    0.00    0.00   12.00     3      0.00      0.00 1165576  224728   2.93  |__fastlio_mapping

# Time        UID      TGID       TID    %usr %system  %guest   %wait    %CPU   CPU  minflt/s  majflt/s     VSZ     RSS   %MEM  Command
16时32分18秒  1000     31103         -   33.00    4.00    0.00    0.00   37.00     9   8788.00      0.00 1165184  224920   2.93  fastlio_mapping
16时32分18秒  1000         -     31103    6.00    2.00    0.00    0.00    8.00     9   8788.00      0.00 1165184  224920   2.93  |__fastlio_mapping
16时32分18秒  1000         -     31105    1.00    1.00    0.00    0.00    2.00    13      0.00      0.00 1165184  224920   2.93  |__fastlio_mapping
16时32分18秒  1000         -     31106    0.00    0.00    0.00    0.00    0.00    11      0.00      0.00 1165184  224920   2.93  |__fastlio_mapping
16时32分18秒  1000         -     31107    0.00    0.00    0.00    0.00    0.00    15      0.00      0.00 1165184  224920   2.93  |__fastlio_mapping
16时32分18秒  1000         -     31108    0.00    0.00    0.00    0.00    0.00     4      0.00      0.00 1165184  224920   2.93  |__fastlio_mapping
16时32分18秒  1000         -     31109    1.00    0.00    0.00    0.00    1.00    11      0.00      0.00 1165184  224920   2.93  |__fastlio_mapping
16时32分18秒  1000         -     31110    0.00    0.00    0.00    0.00    0.00     8      0.00      0.00 1165184  224920   2.93  |__fastlio_mapping
16时32分18秒  1000         -     31111    0.00    0.00    0.00    0.00    0.00    14      0.00      0.00 1165184  224920   2.93  |__fastlio_mapping
16时32分18秒  1000         -     31112    0.00    0.00    0.00    0.00    0.00    15      0.00      0.00 1165184  224920   2.93  |__fastlio_mapping
16时32分18秒  1000         -     31113    0.00    0.00    0.00    0.00    0.00     8      0.00      0.00 1165184  224920   2.93  |__fastlio_mapping
16时32分18秒  1000         -     31114    1.00    1.00    0.00    0.00    2.00     6      0.00      0.00 1165184  224920   2.93  |__fastlio_mapping
16时32分18秒  1000         -     31115    0.00    0.00    0.00    0.00    0.00     8      0.00      0.00 1165184  224920   2.93  |__fastlio_mapping
16时32分18秒  1000         -     31116    0.00    0.00    0.00    0.00    0.00     0      0.00      0.00 1165184  224920   2.93  |__fastlio_mapping
16时32分18秒  1000         -     31117    1.00    1.00    0.00    0.00    2.00     6      0.00      0.00 1165184  224920   2.93  |__fastlio_mapping
16时32分18秒  1000         -     31118   12.00    0.00    0.00    0.00   12.00     4      0.00      0.00 1165184  224920   2.93  |__fastlio_mapping
16时32分18秒  1000         -     31119   12.00    0.00    0.00    0.00   12.00     3      0.00      0.00 1165184  224920   2.93  |__fastlio_mapping

# Time        UID      TGID       TID    %usr %system  %guest   %wait    %CPU   CPU  minflt/s  majflt/s     VSZ     RSS   %MEM  Command
16时32分19秒  1000     31103         -   31.00    4.00    0.00    0.00   35.00     4   8840.00      0.00 1165352  225288   2.94  fastlio_mapping
16时32分19秒  1000         -     31103    7.00    2.00    0.00    0.00    9.00     4   8840.00      0.00 1165352  225288   2.94  |__fastlio_mapping
16时32分19秒  1000         -     31105    2.00    1.00    0.00    0.00    3.00    10      0.00      0.00 1165352  225288   2.94  |__fastlio_mapping
16时32分19秒  1000         -     31106    0.00    0.00    0.00    0.00    0.00    11      0.00      0.00 1165352  225288   2.94  |__fastlio_mapping
16时32分19秒  1000         -     31107    0.00    0.00    0.00    0.00    0.00    15      0.00      0.00 1165352  225288   2.94  |__fastlio_mapping
16时32分19秒  1000         -     31108    0.00    0.00    0.00    0.00    0.00     4      0.00      0.00 1165352  225288   2.94  |__fastlio_mapping
16时32分19秒  1000         -     31109    0.00    1.00    0.00    0.00    1.00     8      0.00      0.00 1165352  225288   2.94  |__fastlio_mapping
16时32分19秒  1000         -     31110    0.00    0.00    0.00    0.00    0.00     8      0.00      0.00 1165352  225288   2.94  |__fastlio_mapping
16时32分19秒  1000         -     31111    0.00    0.00    0.00    0.00    0.00     0      0.00      0.00 1165352  225288   2.94  |__fastlio_mapping
16时32分19秒  1000         -     31112    0.00    0.00    0.00    0.00    0.00    15      0.00      0.00 1165352  225288   2.94  |__fastlio_mapping
16时32分19秒  1000         -     31113    0.00    0.00    0.00    0.00    0.00     8      0.00      0.00 1165352  225288   2.94  |__fastlio_mapping
16时32分19秒  1000         -     31114    0.00    0.00    0.00    0.00    0.00     8      0.00      0.00 1165352  225288   2.94  |__fastlio_mapping
16时32分19秒  1000         -     31115    0.00    0.00    0.00    0.00    0.00     8      0.00      0.00 1165352  225288   2.94  |__fastlio_mapping
16时32分19秒  1000         -     31116    0.00    0.00    0.00    0.00    0.00     0      0.00      0.00 1165352  225288   2.94  |__fastlio_mapping
16时32分19秒  1000         -     31117    0.00    0.00    0.00    0.00    0.00     9      0.00      0.00 1165352  225288   2.94  |__fastlio_mapping
16时32分19秒  1000         -     31118   11.00    0.00    0.00    0.00   11.00     6      0.00      0.00 1165352  225288   2.94  |__fastlio_mapping
16时32分19秒  1000         -     31119   12.00    0.00    0.00    0.00   12.00     3      0.00      0.00 1165352  225288   2.94  |__fastlio_mapping

# Time        UID      TGID       TID    %usr %system  %guest   %wait    %CPU   CPU  minflt/s  majflt/s     VSZ     RSS   %MEM  Command
16时32分20秒  1000     31103         -   34.00    2.00    0.00    0.00   36.00     2   8897.00      0.00 1165540  225756   2.94  fastlio_mapping
16时32分20秒  1000         -     31103    6.00    2.00    0.00    0.00    8.00     2   8897.00      0.00 1165540  225756   2.94  |__fastlio_mapping
16时32分20秒  1000         -     31105    1.00    1.00    0.00    0.00    2.00    10      0.00      0.00 1165540  225756   2.94  |__fastlio_mapping
16时32分20秒  1000         -     31106    0.00    0.00    0.00    0.00    0.00    11      0.00      0.00 1165540  225756   2.94  |__fastlio_mapping
16时32分20秒  1000         -     31107    0.00    0.00    0.00    0.00    0.00    15      0.00      0.00 1165540  225756   2.94  |__fastlio_mapping
16时32分20秒  1000         -     31108    0.00    0.00    0.00    0.00    0.00     4      0.00      0.00 1165540  225756   2.94  |__fastlio_mapping
16时32分20秒  1000         -     31109    0.00    0.00    0.00    0.00    0.00     9      0.00      0.00 1165540  225756   2.94  |__fastlio_mapping
16时32分20秒  1000         -     31110    0.00    0.00    0.00    0.00    0.00     8      0.00      0.00 1165540  225756   2.94  |__fastlio_mapping
16时32分20秒  1000         -     31111    0.00    0.00    0.00    0.00    0.00    15      0.00      0.00 1165540  225756   2.94  |__fastlio_mapping
16时32分20秒  1000         -     31112    0.00    0.00    0.00    0.00    0.00    12      0.00      0.00 1165540  225756   2.94  |__fastlio_mapping
16时32分20秒  1000         -     31113    0.00    0.00    0.00    0.00    0.00     8      0.00      0.00 1165540  225756   2.94  |__fastlio_mapping
16时32分20秒  1000         -     31114    1.00    0.00    0.00    0.00    1.00     8      0.00      0.00 1165540  225756   2.94  |__fastlio_mapping
16时32分20秒  1000         -     31115    0.00    0.00    0.00    0.00    0.00     8      0.00      0.00 1165540  225756   2.94  |__fastlio_mapping
16时32分20秒  1000         -     31116    0.00    0.00    0.00    0.00    0.00     0      0.00      0.00 1165540  225756   2.94  |__fastlio_mapping
16时32分20秒  1000         -     31117    1.00    0.00    0.00    0.00    1.00     8      0.00      0.00 1165540  225756   2.94  |__fastlio_mapping
16时32分20秒  1000         -     31118   12.00    0.00    0.00    0.00   12.00     4      0.00      0.00 1165540  225756   2.94  |__fastlio_mapping
16时32分20秒  1000         -     31119   13.00    0.00    0.00    0.00   13.00     3      0.00      0.00 1165540  225756   2.94  |__fastlio_mapping

# Time        UID      TGID       TID    %usr %system  %guest   %wait    %CPU   CPU  minflt/s  majflt/s     VSZ     RSS   %MEM  Command
16时32分21秒  1000     31103         -   33.00    4.00    0.00    0.00   37.00    14   8947.00      0.00 1165732  226136   2.95  fastlio_mapping
16时32分21秒  1000         -     31103    6.00    2.00    0.00    0.00    8.00    14   8947.00      0.00 1165732  226136   2.95  |__fastlio_mapping
16时32分21秒  1000         -     31105    1.00    2.00    0.00    0.00    3.00    15      0.00      0.00 1165732  226136   2.95  |__fastlio_mapping
16时32分21秒  1000         -     31106    0.00    0.00    0.00    0.00    0.00    11      0.00      0.00 1165732  226136   2.95  |__fastlio_mapping
16时32分21秒  1000         -     31107    0.00    0.00    0.00    0.00    0.00    15      0.00      0.00 1165732  226136   2.95  |__fastlio_mapping
16时32分21秒  1000         -     31108    0.00    0.00    0.00    0.00    0.00     4      0.00      0.00 1165732  226136   2.95  |__fastlio_mapping
16时32分21秒  1000         -     31109    0.00    0.00    0.00    0.00    0.00    10      0.00      0.00 1165732  226136   2.95  |__fastlio_mapping
16时32分21秒  1000         -     31110    0.00    0.00    0.00    0.00    0.00     8      0.00      0.00 1165732  226136   2.95  |__fastlio_mapping
16时32分21秒  1000         -     31111    0.00    0.00    0.00    0.00    0.00    15      0.00      0.00 1165732  226136   2.95  |__fastlio_mapping
16时32分21秒  1000         -     31112    0.00    0.00    0.00    0.00    0.00    12      0.00      0.00 1165732  226136   2.95  |__fastlio_mapping
16时32分21秒  1000         -     31113    0.00    0.00    0.00    0.00    0.00     8      0.00      0.00 1165732  226136   2.95  |__fastlio_mapping
16时32分21秒  1000         -     31114    1.00    1.00    0.00    0.00    2.00    15      0.00      0.00 1165732  226136   2.95  |__fastlio_mapping
16时32分21秒  1000         -     31115    0.00    0.00    0.00    0.00    0.00     8      0.00      0.00 1165732  226136   2.95  |__fastlio_mapping
16时32分21秒  1000         -     31116    0.00    0.00    0.00    0.00    0.00     0      0.00      0.00 1165732  226136   2.95  |__fastlio_mapping
16时32分21秒  1000         -     31117    0.00    0.00    0.00    0.00    0.00    13      0.00      0.00 1165732  226136   2.95  |__fastlio_mapping
16时32分21秒  1000         -     31118   12.00    0.00    0.00    0.00   12.00     4      0.00      0.00 1165732  226136   2.95  |__fastlio_mapping
16时32分21秒  1000         -     31119   12.00    0.00    0.00    0.00   12.00     3      0.00      0.00 1165732  226136   2.95  |__fastlio_mapping

# Time        UID      TGID       TID    %usr %system  %guest   %wait    %CPU   CPU  minflt/s  majflt/s     VSZ     RSS   %MEM  Command
16时32分22秒  1000     31103         -   32.00    4.00    0.00    0.00   36.00     8   8998.00      0.00 1165928  226528   2.95  fastlio_mapping
16时32分22秒  1000         -     31103    7.00    2.00    0.00    0.00    9.00     8   8998.00      0.00 1165928  226528   2.95  |__fastlio_mapping
16时32分22秒  1000         -     31105    1.00    1.00    0.00    1.00    2.00    14      0.00      0.00 1165928  226528   2.95  |__fastlio_mapping
16时32分22秒  1000         -     31106    0.00    0.00    0.00    0.00    0.00    11      0.00      0.00 1165928  226528   2.95  |__fastlio_mapping
16时32分22秒  1000         -     31107    0.00    0.00    0.00    0.00    0.00    15      0.00      0.00 1165928  226528   2.95  |__fastlio_mapping
16时32分22秒  1000         -     31108    0.00    0.00    0.00    0.00    0.00     4      0.00      0.00 1165928  226528   2.95  |__fastlio_mapping
16时32分22秒  1000         -     31109    0.00    0.00    0.00    0.00    0.00     9      0.00      0.00 1165928  226528   2.95  |__fastlio_mapping
16时32分22秒  1000         -     31110    0.00    0.00    0.00    0.00    0.00     8      0.00      0.00 1165928  226528   2.95  |__fastlio_mapping
16时32分22秒  1000         -     31111    0.00    0.00    0.00    0.00    0.00    12      0.00      0.00 1165928  226528   2.95  |__fastlio_mapping
16时32分22秒  1000         -     31112    0.00    0.00    0.00    0.00    0.00    13      0.00      0.00 1165928  226528   2.95  |__fastlio_mapping
16时32分22秒  1000         -     31113    0.00    0.00    0.00    0.00    0.00     8      0.00      0.00 1165928  226528   2.95  |__fastlio_mapping
16时32分22秒  1000         -     31114    0.00    0.00    0.00    0.00    0.00     2      0.00      0.00 1165928  226528   2.95  |__fastlio_mapping
16时32分22秒  1000         -     31115    0.00    0.00    0.00    0.00    0.00     8      0.00      0.00 1165928  226528   2.95  |__fastlio_mapping
16时32分22秒  1000         -     31116    0.00    0.00    0.00    0.00    0.00     0      0.00      0.00 1165928  226528   2.95  |__fastlio_mapping
16时32分22秒  1000         -     31117    0.00    0.00    0.00    0.00    0.00    13      0.00      0.00 1165928  226528   2.95  |__fastlio_mapping
16时32分22秒  1000         -     31118   12.00    0.00    0.00    0.00   12.00     4      0.00      0.00 1165928  226528   2.95  |__fastlio_mapping
16时32分22秒  1000         -     31119   12.00    0.00    0.00    0.00   12.00     3      0.00      0.00 1165928  226528   2.95  |__fastlio_mapping

# Time        UID      TGID       TID    %usr %system  %guest   %wait    %CPU   CPU  minflt/s  majflt/s     VSZ     RSS   %MEM  Command
16时32分23秒  1000     31103         -   33.00    4.00    0.00    0.00   37.00    13   9044.00      0.00 1166120  226900   2.96  fastlio_mapping
16时32分23秒  1000         -     31103    7.00    2.00    0.00    0.00    9.00    13   9044.00      0.00 1166120  226900   2.96  |__fastlio_mapping
16时32分23秒  1000         -     31105    0.00    2.00    0.00    0.00    2.00     8      0.00      0.00 1166120  226900   2.96  |__fastlio_mapping
16时32分23秒  1000         -     31106    0.00    0.00    0.00    0.00    0.00    11      0.00      0.00 1166120  226900   2.96  |__fastlio_mapping
16时32分23秒  1000         -     31107    0.00    0.00    0.00    0.00    0.00    15      0.00      0.00 1166120  226900   2.96  |__fastlio_mapping
16时32分23秒  1000         -     31108    0.00    0.00    0.00    0.00    0.00     4      0.00      0.00 1166120  226900   2.96  |__fastlio_mapping
16时32分23秒  1000         -     31109    0.00    0.00    0.00    0.00    0.00    15      0.00      0.00 1166120  226900   2.96  |__fastlio_mapping
16时32分23秒  1000         -     31110    0.00    0.00    0.00    0.00    0.00     8      0.00      0.00 1166120  226900   2.96  |__fastlio_mapping
16时32分23秒  1000         -     31111    0.00    0.00    0.00    0.00    0.00    12      0.00      0.00 1166120  226900   2.96  |__fastlio_mapping
16时32分23秒  1000         -     31112    0.00    0.00    0.00    0.00    0.00    14      0.00      0.00 1166120  226900   2.96  |__fastlio_mapping
16时32分23秒  1000         -     31113    0.00    0.00    0.00    0.00    0.00     8      0.00      0.00 1166120  226900   2.96  |__fastlio_mapping
16时32分23秒  1000         -     31114    1.00    0.00    0.00    0.00    1.00    12      0.00      0.00 1166120  226900   2.96  |__fastlio_mapping
16时32分23秒  1000         -     31115    0.00    0.00    0.00    0.00    0.00     8      0.00      0.00 1166120  226900   2.96  |__fastlio_mapping
16时32分23秒  1000         -     31116    0.00    0.00    0.00    0.00    0.00     0      0.00      0.00 1166120  226900   2.96  |__fastlio_mapping
16时32分23秒  1000         -     31117    1.00    0.00    0.00    0.00    1.00     8      0.00      0.00 1166120  226900   2.96  |__fastlio_mapping
16时32分23秒  1000         -     31118   12.00    0.00    0.00    0.00   12.00     6      0.00      0.00 1166120  226900   2.96  |__fastlio_mapping
16时32分23秒  1000         -     31119   12.00    0.00    0.00    0.00   12.00     3      0.00      0.00 1166120  226900   2.96  |__fastlio_mapping

# Time        UID      TGID       TID    %usr %system  %guest   %wait    %CPU   CPU  minflt/s  majflt/s     VSZ     RSS   %MEM  Command
16时32分24秒  1000     31103         -   36.00    3.00    0.00    1.00   39.00     0   9095.00      0.00 1166852  227444   2.97  fastlio_mapping
16时32分24秒  1000         -     31103    7.00    1.00    0.00    1.00    8.00     0   9092.00      0.00 1166852  227444   2.97  |__fastlio_mapping
16时32分24秒  1000         -     31105    1.00    1.00    0.00    0.00    2.00     5      0.00      0.00 1166852  227444   2.97  |__fastlio_mapping
16时32分24秒  1000         -     31106    0.00    0.00    0.00    0.00    0.00    11      0.00      0.00 1166852  227444   2.97  |__fastlio_mapping
16时32分24秒  1000         -     31107    0.00    0.00    0.00    0.00    0.00    15      0.00      0.00 1166852  227444   2.97  |__fastlio_mapping
16时32分24秒  1000         -     31108    0.00    0.00    0.00    0.00    0.00     4      0.00      0.00 1166852  227444   2.97  |__fastlio_mapping
16时32分24秒  1000         -     31109    0.00    0.00    0.00    0.00    0.00     4      0.00      0.00 1166852  227444   2.97  |__fastlio_mapping
16时32分24秒  1000         -     31110    0.00    0.00    0.00    0.00    0.00     8      0.00      0.00 1166852  227444   2.97  |__fastlio_mapping
16时32分24秒  1000         -     31111    0.00    0.00    0.00    0.00    0.00     9      0.00      0.00 1166852  227444   2.97  |__fastlio_mapping
16时32分24秒  1000         -     31112    0.00    1.00    0.00    0.00    1.00     6      2.00      0.00 1166852  227444   2.97  |__fastlio_mapping
16时32分24秒  1000         -     31113    0.00    0.00    0.00    0.00    0.00     8      0.00      0.00 1166852  227444   2.97  |__fastlio_mapping
16时32分24秒  1000         -     31114    0.00    0.00    0.00    1.00    0.00    12      1.00      0.00 1166852  227444   2.97  |__fastlio_mapping
16时32分24秒  1000         -     31115    0.00    0.00    0.00    0.00    0.00    14      0.00      0.00 1166852  227444   2.97  |__fastlio_mapping
16时32分24秒  1000         -     31116    0.00    0.00    0.00    0.00    0.00     6      0.00      0.00 1166852  227444   2.97  |__fastlio_mapping
16时32分24秒  1000         -     31117    1.00    0.00    0.00    0.00    1.00     4      0.00      0.00 1166852  227444   2.97  |__fastlio_mapping
16时32分24秒  1000         -     31118   13.00    0.00    0.00    1.00   13.00     6      0.00      0.00 1166852  227444   2.97  |__fastlio_mapping
16时32分24秒  1000         -     31119   13.00    0.00    0.00    1.00   13.00     3      0.00      0.00 1166852  227444   2.97  |__fastlio_mapping

# Time        UID      TGID       TID    %usr %system  %guest   %wait    %CPU   CPU  minflt/s  majflt/s     VSZ     RSS   %MEM  Command
16时32分25秒  1000     31103         -   33.00    3.00    0.00    0.00   36.00     0   9143.00      0.00 1167048  227836   2.97  fastlio_mapping
16时32分25秒  1000         -     31103    6.00    2.00    0.00    0.00    8.00     0   9143.00      0.00 1167048  227836   2.97  |__fastlio_mapping
16时32分25秒  1000         -     31105    1.00    2.00    0.00    0.00    3.00    14      0.00      0.00 1167048  227836   2.97  |__fastlio_mapping
16时32分25秒  1000         -     31106    0.00    0.00    0.00    0.00    0.00    11      0.00      0.00 1167048  227836   2.97  |__fastlio_mapping
16时32分25秒  1000         -     31107    0.00    0.00    0.00    0.00    0.00    15      0.00      0.00 1167048  227836   2.97  |__fastlio_mapping
16时32分25秒  1000         -     31108    0.00    0.00    0.00    0.00    0.00     4      0.00      0.00 1167048  227836   2.97  |__fastlio_mapping
16时32分25秒  1000         -     31109    0.00    0.00    0.00    0.00    0.00    13      0.00      0.00 1167048  227836   2.97  |__fastlio_mapping
16时32分25秒  1000         -     31110    0.00    0.00    0.00    0.00    0.00     8      0.00      0.00 1167048  227836   2.97  |__fastlio_mapping
16时32分25秒  1000         -     31111    0.00    0.00    0.00    0.00    0.00     0      0.00      0.00 1167048  227836   2.97  |__fastlio_mapping
16时32分25秒  1000         -     31112    0.00    0.00    0.00    0.00    0.00    12      0.00      0.00 1167048  227836   2.97  |__fastlio_mapping
16时32分25秒  1000         -     31113    0.00    0.00    0.00    0.00    0.00     8      0.00      0.00 1167048  227836   2.97  |__fastlio_mapping
16时32分25秒  1000         -     31114    1.00    0.00    0.00    0.00    1.00    12      0.00      0.00 1167048  227836   2.97  |__fastlio_mapping
16时32分25秒  1000         -     31115    0.00    0.00    0.00    0.00    0.00    14      0.00      0.00 1167048  227836   2.97  |__fastlio_mapping
16时32分25秒  1000         -     31116    0.00    0.00    0.00    0.00    0.00     6      0.00      0.00 1167048  227836   2.97  |__fastlio_mapping
16时32分25秒  1000         -     31117    0.00    1.00    0.00    0.00    1.00     8      0.00      0.00 1167048  227836   2.97  |__fastlio_mapping
16时32分25秒  1000         -     31118   12.00    0.00    0.00    0.00   12.00     6      0.00      0.00 1167048  227836   2.97  |__fastlio_mapping
16时32分25秒  1000         -     31119   12.00    0.00    0.00    0.00   12.00    15      0.00      0.00 1167048  227836   2.97  |__fastlio_mapping

# Time        UID      TGID       TID    %usr %system  %guest   %wait    %CPU   CPU  minflt/s  majflt/s     VSZ     RSS   %MEM  Command
16时32分26秒  1000     31103         -   30.00    4.00    0.00    0.00   34.00    12   9189.00      0.00 1167240  228192   2.98  fastlio_mapping
16时32分26秒  1000         -     31103    7.00    2.00    0.00    0.00    9.00    12   9189.00      0.00 1167240  228192   2.98  |__fastlio_mapping
16时32分26秒  1000         -     31105    0.00    1.00    0.00    0.00    1.00     1      0.00      0.00 1167240  228192   2.98  |__fastlio_mapping
16时32分26秒  1000         -     31106    0.00    0.00    0.00    0.00    0.00    11      0.00      0.00 1167240  228192   2.98  |__fastlio_mapping
16时32分26秒  1000         -     31107    0.00    0.00    0.00    0.00    0.00    15      0.00      0.00 1167240  228192   2.98  |__fastlio_mapping
16时32分26秒  1000         -     31108    0.00    0.00    0.00    0.00    0.00     6      0.00      0.00 1167240  228192   2.98  |__fastlio_mapping
16时32分26秒  1000         -     31109    0.00    0.00    0.00    0.00    0.00     9      0.00      0.00 1167240  228192   2.98  |__fastlio_mapping
16时32分26秒  1000         -     31110    0.00    0.00    0.00    0.00    0.00     8      0.00      0.00 1167240  228192   2.98  |__fastlio_mapping
16时32分26秒  1000         -     31111    0.00    0.00    0.00    0.00    0.00    12      0.00      0.00 1167240  228192   2.98  |__fastlio_mapping
16时32分26秒  1000         -     31112    0.00    0.00    0.00    0.00    0.00    12      0.00      0.00 1167240  228192   2.98  |__fastlio_mapping
16时32分26秒  1000         -     31113    0.00    0.00    0.00    0.00    0.00     8      0.00      0.00 1167240  228192   2.98  |__fastlio_mapping
16时32分26秒  1000         -     31114    1.00    1.00    0.00    0.00    2.00    13      0.00      0.00 1167240  228192   2.98  |__fastlio_mapping
16时32分26秒  1000         -     31115    0.00    0.00    0.00    0.00    0.00    14      0.00      0.00 1167240  228192   2.98  |__fastlio_mapping
16时32分26秒  1000         -     31116    0.00    0.00    0.00    0.00    0.00     6      0.00      0.00 1167240  228192   2.98  |__fastlio_mapping
16时32分26秒  1000         -     31117    1.00    0.00    0.00    0.00    1.00    11      0.00      0.00 1167240  228192   2.98  |__fastlio_mapping
16时32分26秒  1000         -     31118   12.00    0.00    0.00    0.00   12.00     4      0.00      0.00 1167240  228192   2.98  |__fastlio_mapping
16时32分26秒  1000         -     31119   10.00    0.00    0.00    0.00   10.00     0      0.00      0.00 1167240  228192   2.98  |__fastlio_mapping

# Time        UID      TGID       TID    %usr %system  %guest   %wait    %CPU   CPU  minflt/s  majflt/s     VSZ     RSS   %MEM  Command
16时32分27秒  1000     31103         -   34.00    3.00    0.00    0.00   37.00     9   9240.00      0.00 1167436  228580   2.98  fastlio_mapping
16时32分27秒  1000         -     31103    6.00    2.00    0.00    0.00    8.00     9   9240.00      0.00 1167436  228580   2.98  |__fastlio_mapping
16时32分27秒  1000         -     31105    1.00    2.00    0.00    1.00    3.00    14      0.00      0.00 1167436  228580   2.98  |__fastlio_mapping
16时32分27秒  1000         -     31106    0.00    0.00    0.00    0.00    0.00    11      0.00      0.00 1167436  228580   2.98  |__fastlio_mapping
16时32分27秒  1000         -     31107    0.00    0.00    0.00    0.00    0.00    15      0.00      0.00 1167436  228580   2.98  |__fastlio_mapping
16时32分27秒  1000         -     31108    0.00    0.00    0.00    0.00    0.00     4      0.00      0.00 1167436  228580   2.98  |__fastlio_mapping
16时32分27秒  1000         -     31109    0.00    0.00    0.00    0.00    0.00    10      0.00      0.00 1167436  228580   2.98  |__fastlio_mapping
16时32分27秒  1000         -     31110    0.00    0.00    0.00    0.00    0.00     8      0.00      0.00 1167436  228580   2.98  |__fastlio_mapping
16时32分27秒  1000         -     31111    0.00    0.00    0.00    0.00    0.00     8      0.00      0.00 1167436  228580   2.98  |__fastlio_mapping
16时32分27秒  1000         -     31112    0.00    0.00    0.00    0.00    0.00    12      0.00      0.00 1167436  228580   2.98  |__fastlio_mapping
16时32分27秒  1000         -     31113    0.00    0.00    0.00    0.00    0.00     8      0.00      0.00 1167436  228580   2.98  |__fastlio_mapping
16时32分27秒  1000         -     31114    0.00    0.00    0.00    0.00    0.00     4      0.00      0.00 1167436  228580   2.98  |__fastlio_mapping
16时32分27秒  1000         -     31115    0.00    0.00    0.00    0.00    0.00    14      0.00      0.00 1167436  228580   2.98  |__fastlio_mapping
16时32分27秒  1000         -     31116    0.00    0.00    0.00    0.00    0.00     6      0.00      0.00 1167436  228580   2.98  |__fastlio_mapping
16时32分27秒  1000         -     31117    0.00    0.00    0.00    0.00    0.00     4      0.00      0.00 1167436  228580   2.98  |__fastlio_mapping
16时32分27秒  1000         -     31118   12.00    0.00    0.00    0.00   12.00     5      0.00      0.00 1167436  228580   2.98  |__fastlio_mapping
16时32分27秒  1000         -     31119   12.00    0.00    0.00    0.00   12.00     3      0.00      0.00 1167436  228580   2.98  |__fastlio_mapping

# Time        UID      TGID       TID    %usr %system  %guest   %wait    %CPU   CPU  minflt/s  majflt/s     VSZ     RSS   %MEM  Command
16时32分28秒  1000     31103         -   34.00    3.00    0.00    0.00   37.00     0   9288.00      0.00 1167628  229056   2.99  fastlio_mapping
16时32分28秒  1000         -     31103    6.00    2.00    0.00    0.00    8.00     0   9286.00      0.00 1167628  229056   2.99  |__fastlio_mapping
16时32分28秒  1000         -     31105    1.00    1.00    0.00    0.00    2.00     7      0.00      0.00 1167628  229056   2.99  |__fastlio_mapping
16时32分28秒  1000         -     31106    0.00    0.00    0.00    0.00    0.00    11      0.00      0.00 1167628  229056   2.99  |__fastlio_mapping
16时32分28秒  1000         -     31107    0.00    0.00    0.00    0.00    0.00    15      0.00      0.00 1167628  229056   2.99  |__fastlio_mapping
16时32分28秒  1000         -     31108    0.00    0.00    0.00    0.00    0.00     4      0.00      0.00 1167628  229056   2.99  |__fastlio_mapping
16时32分28秒  1000         -     31109    1.00    0.00    0.00    0.00    1.00     0      0.00      0.00 1167628  229056   2.99  |__fastlio_mapping
16时32分28秒  1000         -     31110    0.00    0.00    0.00    0.00    0.00     8      0.00      0.00 1167628  229056   2.99  |__fastlio_mapping
16时32分28秒  1000         -     31111    0.00    0.00    0.00    0.00    0.00    12      0.00      0.00 1167628  229056   2.99  |__fastlio_mapping
16时32分28秒  1000         -     31112    0.00    0.00    0.00    0.00    0.00    11      2.00      0.00 1167628  229056   2.99  |__fastlio_mapping
16时32分28秒  1000         -     31113    0.00    0.00    0.00    0.00    0.00     8      0.00      0.00 1167628  229056   2.99  |__fastlio_mapping
16时32分28秒  1000         -     31114    1.00    0.00    0.00    0.00    1.00    13      0.00      0.00 1167628  229056   2.99  |__fastlio_mapping
16时32分28秒  1000         -     31115    0.00    0.00    0.00    0.00    0.00    14      0.00      0.00 1167628  229056   2.99  |__fastlio_mapping
16时32分28秒  1000         -     31116    0.00    0.00    0.00    0.00    0.00     6      0.00      0.00 1167628  229056   2.99  |__fastlio_mapping
16时32分28秒  1000         -     31117    1.00    0.00    0.00    0.00    1.00    13      0.00      0.00 1167628  229056   2.99  |__fastlio_mapping
16时32分28秒  1000         -     31118   13.00    0.00    0.00    0.00   13.00     4      0.00      0.00 1167628  229056   2.99  |__fastlio_mapping
16时32分28秒  1000         -     31119   12.00    0.00    0.00    0.00   12.00     3      0.00      0.00 1167628  229056   2.99  |__fastlio_mapping

# Time        UID      TGID       TID    %usr %system  %guest   %wait    %CPU   CPU  minflt/s  majflt/s     VSZ     RSS   %MEM  Command
16时32分29秒  1000     31103         -   32.00    3.00    0.00    0.00   35.00     2   9334.00      0.00 1167280  229440   2.99  fastlio_mapping
16时32分29秒  1000         -     31103    6.00    2.00    0.00    0.00    8.00     2   9334.00      0.00 1167280  229440   2.99  |__fastlio_mapping
16时32分29秒  1000         -     31105    1.00    1.00    0.00    0.00    2.00    12      0.00      0.00 1167280  229440   2.99  |__fastlio_mapping
16时32分29秒  1000         -     31106    0.00    0.00    0.00    0.00    0.00    11      0.00      0.00 1167280  229440   2.99  |__fastlio_mapping
16时32分29秒  1000         -     31107    0.00    0.00    0.00    0.00    0.00    15      0.00      0.00 1167280  229440   2.99  |__fastlio_mapping
16时32分29秒  1000         -     31108    0.00    0.00    0.00    0.00    0.00     4      0.00      0.00 1167280  229440   2.99  |__fastlio_mapping
16时32分29秒  1000         -     31109    0.00    0.00    0.00    0.00    0.00     8      0.00      0.00 1167280  229440   2.99  |__fastlio_mapping
16时32分29秒  1000         -     31110    0.00    0.00    0.00    0.00    0.00     8      0.00      0.00 1167280  229440   2.99  |__fastlio_mapping
16时32分29秒  1000         -     31111    0.00    0.00    0.00    0.00    0.00     8      0.00      0.00 1167280  229440   2.99  |__fastlio_mapping
16时32分29秒  1000         -     31112    0.00    0.00    0.00    0.00    0.00     6      0.00      0.00 1167280  229440   2.99  |__fastlio_mapping
16时32分29秒  1000         -     31113    0.00    0.00    0.00    0.00    0.00     8      0.00      0.00 1167280  229440   2.99  |__fastlio_mapping
16时32分29秒  1000         -     31114    1.00    0.00    0.00    0.00    1.00    15      0.00      0.00 1167280  229440   2.99  |__fastlio_mapping
16时32分29秒  1000         -     31115    0.00    0.00    0.00    0.00    0.00    14      0.00      0.00 1167280  229440   2.99  |__fastlio_mapping
16时32分29秒  1000         -     31116    0.00    0.00    0.00    0.00    0.00     6      0.00      0.00 1167280  229440   2.99  |__fastlio_mapping
16时32分29秒  1000         -     31117    0.00    0.00    0.00    0.00    0.00    13      0.00      0.00 1167280  229440   2.99  |__fastlio_mapping
16时32分29秒  1000         -     31118   12.00    0.00    0.00    0.00   12.00     4      0.00      0.00 1167280  229440   2.99  |__fastlio_mapping
16时32分29秒  1000         -     31119   12.00    0.00    0.00    0.00   12.00     0      0.00      0.00 1167280  229440   2.99  |__fastlio_mapping

# Time        UID      TGID       TID    %usr %system  %guest   %wait    %CPU   CPU  minflt/s  majflt/s     VSZ     RSS   %MEM  Command
16时32分30秒  1000     31103         -   33.00    4.00    0.00    0.00   37.00     8   9382.00      0.00 1167472  229828   3.00  fastlio_mapping
16时32分30秒  1000         -     31103    6.00    2.00    0.00    0.00    8.00     8   9382.00      0.00 1167472  229828   3.00  |__fastlio_mapping
16时32分30秒  1000         -     31105    1.00    1.00    0.00    0.00    2.00    13      0.00      0.00 1167472  229828   3.00  |__fastlio_mapping
16时32分30秒  1000         -     31106    0.00    0.00    0.00    0.00    0.00    11      0.00      0.00 1167472  229828   3.00  |__fastlio_mapping
16时32分30秒  1000         -     31107    0.00    0.00    0.00    0.00    0.00    15      0.00      0.00 1167472  229828   3.00  |__fastlio_mapping
16时32分30秒  1000         -     31108    0.00    0.00    0.00    0.00    0.00     4      0.00      0.00 1167472  229828   3.00  |__fastlio_mapping
16时32分30秒  1000         -     31109    0.00    0.00    0.00    0.00    0.00    11      0.00      0.00 1167472  229828   3.00  |__fastlio_mapping
16时32分30秒  1000         -     31110    0.00    0.00    0.00    0.00    0.00     8      0.00      0.00 1167472  229828   3.00  |__fastlio_mapping
16时32分30秒  1000         -     31111    0.00    0.00    0.00    0.00    0.00     8      0.00      0.00 1167472  229828   3.00  |__fastlio_mapping
16时32分30秒  1000         -     31112    0.00    0.00    0.00    0.00    0.00     6      0.00      0.00 1167472  229828   3.00  |__fastlio_mapping
16时32分30秒  1000         -     31113    0.00    0.00    0.00    0.00    0.00     8      0.00      0.00 1167472  229828   3.00  |__fastlio_mapping
16时32分30秒  1000         -     31114    0.00    0.00    0.00    0.00    0.00     6      0.00      0.00 1167472  229828   3.00  |__fastlio_mapping
16时32分30秒  1000         -     31115    0.00    0.00    0.00    0.00    0.00    14      0.00      0.00 1167472  229828   3.00  |__fastlio_mapping
16时32分30秒  1000         -     31116    0.00    0.00    0.00    0.00    0.00     6      0.00      0.00 1167472  229828   3.00  |__fastlio_mapping
16时32分30秒  1000         -     31117    1.00    0.00    0.00    0.00    1.00    11      0.00      0.00 1167472  229828   3.00  |__fastlio_mapping
16时32分30秒  1000         -     31118   12.00    0.00    0.00    0.00   12.00     4      0.00      0.00 1167472  229828   3.00  |__fastlio_mapping
16时32分30秒  1000         -     31119   12.00    0.00    0.00    0.00   12.00     3      0.00      0.00 1167472  229828   3.00  |__fastlio_mapping

# Time        UID      TGID       TID    %usr %system  %guest   %wait    %CPU   CPU  minflt/s  majflt/s     VSZ     RSS   %MEM  Command
16时32分31秒  1000     31103         -   34.00    2.00    0.00    0.00   36.00     0   9433.00      0.00 1168204  230172   3.00  fastlio_mapping
16时32分31秒  1000         -     31103    6.00    2.00    0.00    0.00    8.00     0   9430.00      0.00 1168204  230172   3.00  |__fastlio_mapping
16时32分31秒  1000         -     31105    2.00    1.00    0.00    0.00    3.00    15      0.00      0.00 1168204  230172   3.00  |__fastlio_mapping
16时32分31秒  1000         -     31106    0.00    0.00    0.00    0.00    0.00    11      0.00      0.00 1168204  230172   3.00  |__fastlio_mapping
16时32分31秒  1000         -     31107    0.00    0.00    0.00    0.00    0.00    15      0.00      0.00 1168204  230172   3.00  |__fastlio_mapping
16时32分31秒  1000         -     31108    0.00    0.00    0.00    0.00    0.00     6      0.00      0.00 1168204  230172   3.00  |__fastlio_mapping
16时32分31秒  1000         -     31109    0.00    1.00    0.00    0.00    1.00    14      0.00      0.00 1168204  230172   3.00  |__fastlio_mapping
16时32分31秒  1000         -     31110    0.00    0.00    0.00    0.00    0.00     8      0.00      0.00 1168204  230172   3.00  |__fastlio_mapping
16时32分31秒  1000         -     31111    0.00    0.00    0.00    0.00    0.00    12      0.00      0.00 1168204  230172   3.00  |__fastlio_mapping
16时32分31秒  1000         -     31112    1.00    0.00    0.00    0.00    1.00     8      2.00      0.00 1168204  230172   3.00  |__fastlio_mapping
16时32分31秒  1000         -     31113    0.00    0.00    0.00    0.00    0.00     8      0.00      0.00 1168204  230172   3.00  |__fastlio_mapping
16时32分31秒  1000         -     31114    1.00    0.00    0.00    0.00    1.00    15      1.00      0.00 1168204  230172   3.00  |__fastlio_mapping
16时32分31秒  1000         -     31115    0.00    0.00    0.00    0.00    0.00    10      0.00      0.00 1168204  230172   3.00  |__fastlio_mapping
16时32分31秒  1000         -     31116    0.00    0.00    0.00    0.00    0.00    14      0.00      0.00 1168204  230172   3.00  |__fastlio_mapping
16时32分31秒  1000         -     31117    0.00    1.00    0.00    1.00    1.00    13      0.00      0.00 1168204  230172   3.00  |__fastlio_mapping
16时32分31秒  1000         -     31118   12.00    0.00    0.00    0.00   12.00     6      0.00      0.00 1168204  230172   3.00  |__fastlio_mapping
16时32分31秒  1000         -     31119   13.00    0.00    0.00    0.00   13.00     3      0.00      0.00 1168204  230172   3.00  |__fastlio_mapping

# Time        UID      TGID       TID    %usr %system  %guest   %wait    %CPU   CPU  minflt/s  majflt/s     VSZ     RSS   %MEM  Command
16时32分32秒  1000     31103         -   32.00    4.00    0.00    0.00   36.00     6   9475.00      0.00 1168392  230616   3.01  fastlio_mapping
16时32分32秒  1000         -     31103    6.00    2.00    0.00    0.00    8.00     6   9475.00      0.00 1168392  230616   3.01  |__fastlio_mapping
16时32分32秒  1000         -     31105    1.00    1.00    0.00    0.00    2.00     4      0.00      0.00 1168392  230616   3.01  |__fastlio_mapping
16时32分32秒  1000         -     31106    0.00    0.00    0.00    0.00    0.00    11      0.00      0.00 1168392  230616   3.01  |__fastlio_mapping
16时32分32秒  1000         -     31107    0.00    0.00    0.00    0.00    0.00    15      0.00      0.00 1168392  230616   3.01  |__fastlio_mapping
16时32分32秒  1000         -     31108    0.00    0.00    0.00    0.00    0.00     6      0.00      0.00 1168392  230616   3.01  |__fastlio_mapping
16时32分32秒  1000         -     31109    0.00    0.00    0.00    0.00    0.00     8      0.00      0.00 1168392  230616   3.01  |__fastlio_mapping
16时32分32秒  1000         -     31110    0.00    0.00    0.00    0.00    0.00     8      0.00      0.00 1168392  230616   3.01  |__fastlio_mapping
16时32分32秒  1000         -     31111    0.00    0.00    0.00    0.00    0.00    12      0.00      0.00 1168392  230616   3.01  |__fastlio_mapping
16时32分32秒  1000         -     31112    0.00    0.00    0.00    0.00    0.00    12      0.00      0.00 1168392  230616   3.01  |__fastlio_mapping
16时32分32秒  1000         -     31113    0.00    0.00    0.00    0.00    0.00     8      0.00      0.00 1168392  230616   3.01  |__fastlio_mapping
16时32分32秒  1000         -     31114    1.00    0.00    0.00    0.00    1.00    15      0.00      0.00 1168392  230616   3.01  |__fastlio_mapping
16时32分32秒  1000         -     31115    0.00    0.00    0.00    0.00    0.00    10      0.00      0.00 1168392  230616   3.01  |__fastlio_mapping
16时32分32秒  1000         -     31116    0.00    0.00    0.00    0.00    0.00    14      0.00      0.00 1168392  230616   3.01  |__fastlio_mapping
16时32分32秒  1000         -     31117    1.00    0.00    0.00    0.00    1.00    12      0.00      0.00 1168392  230616   3.01  |__fastlio_mapping
16时32分32秒  1000         -     31118   12.00    0.00    0.00    0.00   12.00     0      0.00      0.00 1168392  230616   3.01  |__fastlio_mapping
16时32分32秒  1000         -     31119   12.00    0.00    0.00    0.00   12.00     2      0.00      0.00 1168392  230616   3.01  |__fastlio_mapping

# Time        UID      TGID       TID    %usr %system  %guest   %wait    %CPU   CPU  minflt/s  majflt/s     VSZ     RSS   %MEM  Command
16时32分33秒  1000     31103         -   33.00    3.00    0.00    0.00   36.00    13   9516.00      0.00 1168572  230976   3.01  fastlio_mapping
16时32分33秒  1000         -     31103    7.00    2.00    0.00    0.00    9.00    13   9516.00      0.00 1168572  230976   3.01  |__fastlio_mapping
16时32分33秒  1000         -     31105    1.00    1.00    0.00    0.00    2.00     9      0.00      0.00 1168572  230976   3.01  |__fastlio_mapping
16时32分33秒  1000         -     31106    0.00    0.00    0.00    0.00    0.00    11      0.00      0.00 1168572  230976   3.01  |__fastlio_mapping
16时32分33秒  1000         -     31107    0.00    0.00    0.00    0.00    0.00    15      0.00      0.00 1168572  230976   3.01  |__fastlio_mapping
16时32分33秒  1000         -     31108    0.00    0.00    0.00    0.00    0.00     6      0.00      0.00 1168572  230976   3.01  |__fastlio_mapping
16时32分33秒  1000         -     31109    0.00    0.00    0.00    0.00    0.00     9      0.00      0.00 1168572  230976   3.01  |__fastlio_mapping
16时32分33秒  1000         -     31110    0.00    0.00    0.00    0.00    0.00     8      0.00      0.00 1168572  230976   3.01  |__fastlio_mapping
16时32分33秒  1000         -     31111    0.00    0.00    0.00    0.00    0.00    12      0.00      0.00 1168572  230976   3.01  |__fastlio_mapping
16时32分33秒  1000         -     31112    0.00    0.00    0.00    0.00    0.00    12      0.00      0.00 1168572  230976   3.01  |__fastlio_mapping
16时32分33秒  1000         -     31113    0.00    0.00    0.00    0.00    0.00     8      0.00      0.00 1168572  230976   3.01  |__fastlio_mapping
16时32分33秒  1000         -     31114    0.00    0.00    0.00    0.00    0.00    12      0.00      0.00 1168572  230976   3.01  |__fastlio_mapping
16时32分33秒  1000         -     31115    0.00    0.00    0.00    0.00    0.00    10      0.00      0.00 1168572  230976   3.01  |__fastlio_mapping
16时32分33秒  1000         -     31116    0.00    0.00    0.00    0.00    0.00    14      0.00      0.00 1168572  230976   3.01  |__fastlio_mapping
16时32分33秒  1000         -     31117    0.00    0.00    0.00    0.00    0.00    15      0.00      0.00 1168572  230976   3.01  |__fastlio_mapping
16时32分33秒  1000         -     31118   12.00    0.00    0.00    0.00   12.00     0      0.00      0.00 1168572  230976   3.01  |__fastlio_mapping
16时32分33秒  1000         -     31119   12.00    0.00    0.00    0.00   12.00     3      0.00      0.00 1168572  230976   3.01  |__fastlio_mapping

# Time        UID      TGID       TID    %usr %system  %guest   %wait    %CPU   CPU  minflt/s  majflt/s     VSZ     RSS   %MEM  Command
16时32分34秒  1000     31103         -   32.00    4.00    0.00    0.00   36.00     0   9534.00      0.00 1168716  231208   3.01  fastlio_mapping
16时32分34秒  1000         -     31103    6.00    2.00    0.00    0.00    8.00     0   9534.00      0.00 1168716  231208   3.01  |__fastlio_mapping
16时32分34秒  1000         -     31105    0.00    2.00    0.00    0.00    2.00     8      0.00      0.00 1168716  231208   3.01  |__fastlio_mapping
16时32分34秒  1000         -     31106    0.00    0.00    0.00    0.00    0.00    11      0.00      0.00 1168716  231208   3.01  |__fastlio_mapping
16时32分34秒  1000         -     31107    0.00    0.00    0.00    0.00    0.00    15      0.00      0.00 1168716  231208   3.01  |__fastlio_mapping
16时32分34秒  1000         -     31108    0.00    0.00    0.00    0.00    0.00     4      0.00      0.00 1168716  231208   3.01  |__fastlio_mapping
16时32分34秒  1000         -     31109    0.00    0.00    0.00    0.00    0.00    14      0.00      0.00 1168716  231208   3.01  |__fastlio_mapping
16时32分34秒  1000         -     31110    0.00    0.00    0.00    0.00    0.00     8      0.00      0.00 1168716  231208   3.01  |__fastlio_mapping
16时32分34秒  1000         -     31111    0.00    0.00    0.00    0.00    0.00     0      0.00      0.00 1168716  231208   3.01  |__fastlio_mapping
16时32分34秒  1000         -     31112    0.00    0.00    0.00    0.00    0.00    12      0.00      0.00 1168716  231208   3.01  |__fastlio_mapping
16时32分34秒  1000         -     31113    0.00    0.00    0.00    0.00    0.00     8      0.00      0.00 1168716  231208   3.01  |__fastlio_mapping
16时32分34秒  1000         -     31114    1.00    0.00    0.00    0.00    1.00    12      0.00      0.00 1168716  231208   3.01  |__fastlio_mapping
16时32分34秒  1000         -     31115    0.00    0.00    0.00    0.00    0.00    10      0.00      0.00 1168716  231208   3.01  |__fastlio_mapping
16时32分34秒  1000         -     31116    0.00    0.00    0.00    0.00    0.00    14      0.00      0.00 1168716  231208   3.01  |__fastlio_mapping
16时32分34秒  1000         -     31117    1.00    0.00    0.00    0.00    1.00    14      0.00      0.00 1168716  231208   3.01  |__fastlio_mapping
16时32分34秒  1000         -     31118   12.00    0.00    0.00    0.00   12.00     6      0.00      0.00 1168716  231208   3.01  |__fastlio_mapping
16时32分34秒  1000         -     31119   12.00    0.00    0.00    0.00   12.00     3      0.00      0.00 1168716  231208   3.01  |__fastlio_mapping

# Time        UID      TGID       TID    %usr %system  %guest   %wait    %CPU   CPU  minflt/s  majflt/s     VSZ     RSS   %MEM  Command
16时32分35秒  1000     31103         -   32.00    3.00    0.00    0.00   35.00     0   9552.00      0.00 1168836  231396   3.02  fastlio_mapping
16时32分35秒  1000         -     31103    5.00    1.00    0.00    0.00    6.00     0   9552.00      0.00 1168836  231396   3.02  |__fastlio_mapping
16时32分35秒  1000         -     31105    2.00    1.00    0.00    0.00    3.00     2      0.00      0.00 1168836  231396   3.02  |__fastlio_mapping
16时32分35秒  1000         -     31106    0.00    0.00    0.00    0.00    0.00    11      0.00      0.00 1168836  231396   3.02  |__fastlio_mapping
16时32分35秒  1000         -     31107    0.00    0.00    0.00    0.00    0.00    15      0.00      0.00 1168836  231396   3.02  |__fastlio_mapping
16时32分35秒  1000         -     31108    0.00    0.00    0.00    0.00    0.00     6      0.00      0.00 1168836  231396   3.02  |__fastlio_mapping
16时32分35秒  1000         -     31109    0.00    0.00    0.00    0.00    0.00    13      0.00      0.00 1168836  231396   3.02  |__fastlio_mapping
16时32分35秒  1000         -     31110    0.00    0.00    0.00    0.00    0.00     8      0.00      0.00 1168836  231396   3.02  |__fastlio_mapping
16时32分35秒  1000         -     31111    0.00    0.00    0.00    0.00    0.00    12      0.00      0.00 1168836  231396   3.02  |__fastlio_mapping
16时32分35秒  1000         -     31112    0.00    0.00    0.00    0.00    0.00    12      0.00      0.00 1168836  231396   3.02  |__fastlio_mapping
16时32分35秒  1000         -     31113    0.00    0.00    0.00    0.00    0.00     8      0.00      0.00 1168836  231396   3.02  |__fastlio_mapping
16时32分35秒  1000         -     31114    0.00    1.00    0.00    0.00    1.00     2      0.00      0.00 1168836  231396   3.02  |__fastlio_mapping
16时32分35秒  1000         -     31115    0.00    0.00    0.00    0.00    0.00    10      0.00      0.00 1168836  231396   3.02  |__fastlio_mapping
16时32分35秒  1000         -     31116    0.00    0.00    0.00    0.00    0.00    14      0.00      0.00 1168836  231396   3.02  |__fastlio_mapping
16时32分35秒  1000         -     31117    0.00    0.00    0.00    0.00    0.00    11      0.00      0.00 1168836  231396   3.02  |__fastlio_mapping
16时32分35秒  1000         -     31118   12.00    0.00    0.00    0.00   12.00     6      0.00      0.00 1168836  231396   3.02  |__fastlio_mapping
16时32分35秒  1000         -     31119   12.00    0.00    0.00    0.00   12.00     2      0.00      0.00 1168836  231396   3.02  |__fastlio_mapping

# Time        UID      TGID       TID    %usr %system  %guest   %wait    %CPU   CPU  minflt/s  majflt/s     VSZ     RSS   %MEM  Command
16时32分36秒  1000     31103         -   34.00    2.00    0.00    0.00   36.00     0   9582.00      0.00 1168416  231636   3.02  fastlio_mapping
16时32分36秒  1000         -     31103    7.00    2.00    0.00    0.00    9.00     0   9582.00      0.00 1168416  231636   3.02  |__fastlio_mapping
16时32分36秒  1000         -     31105    2.00    0.00    0.00    0.00    2.00    13      0.00      0.00 1168416  231636   3.02  |__fastlio_mapping
16时32分36秒  1000         -     31106    0.00    0.00    0.00    0.00    0.00    11      0.00      0.00 1168416  231636   3.02  |__fastlio_mapping
16时32分36秒  1000         -     31107    0.00    0.00    0.00    0.00    0.00    15      0.00      0.00 1168416  231636   3.02  |__fastlio_mapping
16时32分36秒  1000         -     31108    0.00    0.00    0.00    0.00    0.00     6      0.00      0.00 1168416  231636   3.02  |__fastlio_mapping
16时32分36秒  1000         -     31109    0.00    0.00    0.00    0.00    0.00     8      0.00      0.00 1168416  231636   3.02  |__fastlio_mapping
16时32分36秒  1000         -     31110    0.00    0.00    0.00    0.00    0.00     8      0.00      0.00 1168416  231636   3.02  |__fastlio_mapping
16时32分36秒  1000         -     31111    0.00    0.00    0.00    0.00    0.00    12      0.00      0.00 1168416  231636   3.02  |__fastlio_mapping
16时32分36秒  1000         -     31112    0.00    0.00    0.00    0.00    0.00    12      0.00      0.00 1168416  231636   3.02  |__fastlio_mapping
16时32分36秒  1000         -     31113    0.00    0.00    0.00    0.00    0.00     8      0.00      0.00 1168416  231636   3.02  |__fastlio_mapping
16时32分36秒  1000         -     31114    1.00    0.00    0.00    0.00    1.00    13      0.00      0.00 1168416  231636   3.02  |__fastlio_mapping
16时32分36秒  1000         -     31115    0.00    0.00    0.00    0.00    0.00    10      0.00      0.00 1168416  231636   3.02  |__fastlio_mapping
16时32分36秒  1000         -     31116    0.00    0.00    0.00    0.00    0.00    14      0.00      0.00 1168416  231636   3.02  |__fastlio_mapping
16时32分36秒  1000         -     31117    1.00    0.00    0.00    0.00    1.00    15      0.00      0.00 1168416  231636   3.02  |__fastlio_mapping
16时32分36秒  1000         -     31118   12.00    0.00    0.00    0.00   12.00     6      0.00      0.00 1168416  231636   3.02  |__fastlio_mapping
16时32分36秒  1000         -     31119   12.00    0.00    0.00    0.00   12.00     2      0.00      0.00 1168416  231636   3.02  |__fastlio_mapping

# Time        UID      TGID       TID    %usr %system  %guest   %wait    %CPU   CPU  minflt/s  majflt/s     VSZ     RSS   %MEM  Command
16时32分37秒  1000     31103         -   34.00    4.00    0.00    0.00   38.00     8   9645.00      0.00 1168580  231852   3.02  fastlio_mapping
16时32分37秒  1000         -     31103    6.00    3.00    0.00    0.00    9.00     8   9645.00      0.00 1168580  231852   3.02  |__fastlio_mapping
16时32分37秒  1000         -     31105    1.00    1.00    0.00    0.00    2.00    11      0.00      0.00 1168580  231852   3.02  |__fastlio_mapping
16时32分37秒  1000         -     31106    0.00    0.00    0.00    0.00    0.00    11      0.00      0.00 1168580  231852   3.02  |__fastlio_mapping
16时32分37秒  1000         -     31107    0.00    0.00    0.00    0.00    0.00    15      0.00      0.00 1168580  231852   3.02  |__fastlio_mapping
16时32分37秒  1000         -     31108    0.00    0.00    0.00    0.00    0.00     6      0.00      0.00 1168580  231852   3.02  |__fastlio_mapping
16时32分37秒  1000         -     31109    1.00    0.00    0.00    0.00    1.00     9      0.00      0.00 1168580  231852   3.02  |__fastlio_mapping
16时32分37秒  1000         -     31110    0.00    0.00    0.00    0.00    0.00     8      0.00      0.00 1168580  231852   3.02  |__fastlio_mapping
16时32分37秒  1000         -     31111    0.00    0.00    0.00    0.00    0.00    13      0.00      0.00 1168580  231852   3.02  |__fastlio_mapping
16时32分37秒  1000         -     31112    0.00    0.00    0.00    0.00    0.00    12      0.00      0.00 1168580  231852   3.02  |__fastlio_mapping
16时32分37秒  1000         -     31113    0.00    0.00    0.00    0.00    0.00     8      0.00      0.00 1168580  231852   3.02  |__fastlio_mapping
16时32分37秒  1000         -     31114    1.00    0.00    0.00    0.00    1.00     2      0.00      0.00 1168580  231852   3.02  |__fastlio_mapping
16时32分37秒  1000         -     31115    0.00    0.00    0.00    0.00    0.00    10      0.00      0.00 1168580  231852   3.02  |__fastlio_mapping
16时32分37秒  1000         -     31116    0.00    0.00    0.00    0.00    0.00    14      0.00      0.00 1168580  231852   3.02  |__fastlio_mapping
16时32分37秒  1000         -     31117    0.00    0.00    0.00    0.00    0.00    11      0.00      0.00 1168580  231852   3.02  |__fastlio_mapping
16时32分37秒  1000         -     31118   12.00    0.00    0.00    0.00   12.00     6      0.00      0.00 1168580  231852   3.02  |__fastlio_mapping
16时32分37秒  1000         -     31119   12.00    0.00    0.00    0.00   12.00     5      0.00      0.00 1168580  231852   3.02  |__fastlio_mapping

# Time        UID      TGID       TID    %usr %system  %guest   %wait    %CPU   CPU  minflt/s  majflt/s     VSZ     RSS   %MEM  Command
16时32分38秒  1000     31103         -   32.00    3.00    0.00    0.00   35.00     2   9689.00      0.00 1168748  232188   3.03  fastlio_mapping
16时32分38秒  1000         -     31103    5.00    2.00    0.00    0.00    7.00     2   9689.00      0.00 1168748  232188   3.03  |__fastlio_mapping
16时32分38秒  1000         -     31105    1.00    1.00    0.00    0.00    2.00    13      0.00      0.00 1168748  232188   3.03  |__fastlio_mapping
16时32分38秒  1000         -     31106    0.00    0.00    0.00    0.00    0.00    11      0.00      0.00 1168748  232188   3.03  |__fastlio_mapping
16时32分38秒  1000         -     31107    0.00    0.00    0.00    0.00    0.00    15      0.00      0.00 1168748  232188   3.03  |__fastlio_mapping
16时32分38秒  1000         -     31108    0.00    0.00    0.00    0.00    0.00     6      0.00      0.00 1168748  232188   3.03  |__fastlio_mapping
16时32分38秒  1000         -     31109    0.00    0.00    0.00    0.00    0.00    11      0.00      0.00 1168748  232188   3.03  |__fastlio_mapping
16时32分38秒  1000         -     31110    0.00    0.00    0.00    0.00    0.00     8      0.00      0.00 1168748  232188   3.03  |__fastlio_mapping
16时32分38秒  1000         -     31111    0.00    0.00    0.00    0.00    0.00     0      0.00      0.00 1168748  232188   3.03  |__fastlio_mapping
16时32分38秒  1000         -     31112    0.00    0.00    0.00    0.00    0.00    12      0.00      0.00 1168748  232188   3.03  |__fastlio_mapping
16时32分38秒  1000         -     31113    0.00    0.00    0.00    0.00    0.00     8      0.00      0.00 1168748  232188   3.03  |__fastlio_mapping
16时32分38秒  1000         -     31114    1.00    0.00    0.00    0.00    1.00     4      0.00      0.00 1168748  232188   3.03  |__fastlio_mapping
16时32分38秒  1000         -     31115    0.00    0.00    0.00    0.00    0.00    10      0.00      0.00 1168748  232188   3.03  |__fastlio_mapping
16时32分38秒  1000         -     31116    0.00    0.00    0.00    0.00    0.00    14      0.00      0.00 1168748  232188   3.03  |__fastlio_mapping
16时32分38秒  1000         -     31117    1.00    0.00    0.00    0.00    1.00    10      0.00      0.00 1168748  232188   3.03  |__fastlio_mapping
16时32分38秒  1000         -     31118   12.00    0.00    0.00    0.00   12.00     6      0.00      0.00 1168748  232188   3.03  |__fastlio_mapping
16时32分38秒  1000         -     31119   12.00    0.00    0.00    0.00   12.00     5      0.00      0.00 1168748  232188   3.03  |__fastlio_mapping

# Time        UID      TGID       TID    %usr %system  %guest   %wait    %CPU   CPU  minflt/s  majflt/s     VSZ     RSS   %MEM  Command
16时32分39秒  1000     31103         -   33.00    3.00    0.00    0.00   36.00    13   9732.00      0.00 1169504  232528   3.03  fastlio_mapping
16时32分39秒  1000         -     31103    7.00    2.00    0.00    0.00    9.00    13   9729.00      0.00 1169504  232528   3.03  |__fastlio_mapping
16时32分39秒  1000         -     31105    1.00    1.00    0.00    2.00    2.00    11      0.00      0.00 1169504  232528   3.03  |__fastlio_mapping
16时32分39秒  1000         -     31106    0.00    0.00    0.00    0.00    0.00    11      0.00      0.00 1169504  232528   3.03  |__fastlio_mapping
16时32分39秒  1000         -     31107    0.00    0.00    0.00    0.00    0.00    15      0.00      0.00 1169504  232528   3.03  |__fastlio_mapping
16时32分39秒  1000         -     31108    0.00    0.00    0.00    0.00    0.00     6      0.00      0.00 1169504  232528   3.03  |__fastlio_mapping
16时32分39秒  1000         -     31109    0.00    0.00    0.00    1.00    0.00     2      0.00      0.00 1169504  232528   3.03  |__fastlio_mapping
16时32分39秒  1000         -     31110    0.00    0.00    0.00    0.00    0.00     8      0.00      0.00 1169504  232528   3.03  |__fastlio_mapping
16时32分39秒  1000         -     31111    0.00    0.00    0.00    0.00    0.00    13      0.00      0.00 1169504  232528   3.03  |__fastlio_mapping
16时32分39秒  1000         -     31112    0.00    0.00    0.00    0.00    0.00     4      2.00      0.00 1169504  232528   3.03  |__fastlio_mapping
16时32分39秒  1000         -     31113    0.00    0.00    0.00    0.00    0.00     8      0.00      0.00 1169504  232528   3.03  |__fastlio_mapping
16时32分39秒  1000         -     31114    0.00    0.00    0.00    0.00    0.00    12      1.00      0.00 1169504  232528   3.03  |__fastlio_mapping
16时32分39秒  1000         -     31115    0.00    0.00    0.00    0.00    0.00     5      0.00      0.00 1169504  232528   3.03  |__fastlio_mapping
16时32分39秒  1000         -     31116    0.00    0.00    0.00    0.00    0.00    13      0.00      0.00 1169504  232528   3.03  |__fastlio_mapping
16时32分39秒  1000         -     31117    0.00    0.00    0.00    0.00    0.00     9      0.00      0.00 1169504  232528   3.03  |__fastlio_mapping
16时32分39秒  1000         -     31118   11.00    0.00    0.00    0.00   11.00     0      0.00      0.00 1169504  232528   3.03  |__fastlio_mapping
16时32分39秒  1000         -     31119   12.00    0.00    0.00    0.00   12.00     6      0.00      0.00 1169504  232528   3.03  |__fastlio_mapping

# Time        UID      TGID       TID    %usr %system  %guest   %wait    %CPU   CPU  minflt/s  majflt/s     VSZ     RSS   %MEM  Command
16时32分40秒  1000     31103         -   33.00    2.00    0.00    0.00   35.00     0   9769.00      0.00 1169616  232816   3.04  fastlio_mapping
16时32分40秒  1000         -     31103    6.00    2.00    0.00    0.00    8.00     0   9769.00      0.00 1169616  232816   3.04  |__fastlio_mapping
16时32分40秒  1000         -     31105    1.00    1.00    0.00    0.00    2.00    13      0.00      0.00 1169616  232816   3.04  |__fastlio_mapping
16时32分40秒  1000         -     31106    0.00    0.00    0.00    0.00    0.00    11      0.00      0.00 1169616  232816   3.04  |__fastlio_mapping
16时32分40秒  1000         -     31107    0.00    0.00    0.00    0.00    0.00    15      0.00      0.00 1169616  232816   3.04  |__fastlio_mapping
16时32分40秒  1000         -     31108    0.00    0.00    0.00    0.00    0.00     6      0.00      0.00 1169616  232816   3.04  |__fastlio_mapping
16时32分40秒  1000         -     31109    0.00    0.00    0.00    0.00    0.00    13      0.00      0.00 1169616  232816   3.04  |__fastlio_mapping
16时32分40秒  1000         -     31110    0.00    0.00    0.00    0.00    0.00     8      0.00      0.00 1169616  232816   3.04  |__fastlio_mapping
16时32分40秒  1000         -     31111    0.00    0.00    0.00    0.00    0.00     8      0.00      0.00 1169616  232816   3.04  |__fastlio_mapping
16时32分40秒  1000         -     31112    0.00    0.00    0.00    0.00    0.00    15      0.00      0.00 1169616  232816   3.04  |__fastlio_mapping
16时32分40秒  1000         -     31113    0.00    0.00    0.00    0.00    0.00     8      0.00      0.00 1169616  232816   3.04  |__fastlio_mapping
16时32分40秒  1000         -     31114    1.00    0.00    0.00    0.00    1.00    14      0.00      0.00 1169616  232816   3.04  |__fastlio_mapping
16时32分40秒  1000         -     31115    0.00    0.00    0.00    0.00    0.00     5      0.00      0.00 1169616  232816   3.04  |__fastlio_mapping
16时32分40秒  1000         -     31116    0.00    0.00    0.00    0.00    0.00    14      0.00      0.00 1169616  232816   3.04  |__fastlio_mapping
16时32分40秒  1000         -     31117    1.00    1.00    0.00    0.00    2.00     4      0.00      0.00 1169616  232816   3.04  |__fastlio_mapping
16时32分40秒  1000         -     31118   12.00    0.00    0.00    0.00   12.00     6      0.00      0.00 1169616  232816   3.04  |__fastlio_mapping
16时32分40秒  1000         -     31119   12.00    0.00    0.00    0.00   12.00     5      0.00      0.00 1169616  232816   3.04  |__fastlio_mapping

# Time        UID      TGID       TID    %usr %system  %guest   %wait    %CPU   CPU  minflt/s  majflt/s     VSZ     RSS   %MEM  Command
16时32分41秒  1000     31103         -   33.00    3.00    0.00    0.00   36.00     2   9810.00      0.00 1169780  233260   3.04  fastlio_mapping
16时32分41秒  1000         -     31103    6.00    2.00    0.00    0.00    8.00     2   9810.00      0.00 1169780  233260   3.04  |__fastlio_mapping
16时32分41秒  1000         -     31105    1.00    2.00    0.00    0.00    3.00     8      0.00      0.00 1169780  233260   3.04  |__fastlio_mapping
16时32分41秒  1000         -     31106    0.00    0.00    0.00    0.00    0.00    11      0.00      0.00 1169780  233260   3.04  |__fastlio_mapping
16时32分41秒  1000         -     31107    0.00    0.00    0.00    0.00    0.00    15      0.00      0.00 1169780  233260   3.04  |__fastlio_mapping
16时32分41秒  1000         -     31108    0.00    0.00    0.00    0.00    0.00     4      0.00      0.00 1169780  233260   3.04  |__fastlio_mapping
16时32分41秒  1000         -     31109    0.00    0.00    0.00    0.00    0.00    13      0.00      0.00 1169780  233260   3.04  |__fastlio_mapping
16时32分41秒  1000         -     31110    0.00    0.00    0.00    0.00    0.00     8      0.00      0.00 1169780  233260   3.04  |__fastlio_mapping
16时32分41秒  1000         -     31111    0.00    0.00    0.00    0.00    0.00     8      0.00      0.00 1169780  233260   3.04  |__fastlio_mapping
16时32分41秒  1000         -     31112    0.00    0.00    0.00    0.00    0.00     9      0.00      0.00 1169780  233260   3.04  |__fastlio_mapping
16时32分41秒  1000         -     31113    0.00    0.00    0.00    0.00    0.00     8      0.00      0.00 1169780  233260   3.04  |__fastlio_mapping
16时32分41秒  1000         -     31114    0.00    0.00    0.00    0.00    0.00    12      0.00      0.00 1169780  233260   3.04  |__fastlio_mapping
16时32分41秒  1000         -     31115    0.00    0.00    0.00    0.00    0.00     5      0.00      0.00 1169780  233260   3.04  |__fastlio_mapping
16时32分41秒  1000         -     31116    0.00    0.00    0.00    0.00    0.00    14      0.00      0.00 1169780  233260   3.04  |__fastlio_mapping
16时32分41秒  1000         -     31117    0.00    0.00    0.00    0.00    0.00    13      0.00      0.00 1169780  233260   3.04  |__fastlio_mapping
16时32分41秒  1000         -     31118   12.00    0.00    0.00    0.00   12.00     6      0.00      0.00 1169780  233260   3.04  |__fastlio_mapping
16时32分41秒  1000         -     31119   12.00    0.00    0.00    0.00   12.00     5      0.00      0.00 1169780  233260   3.04  |__fastlio_mapping

# Time        UID      TGID       TID    %usr %system  %guest   %wait    %CPU   CPU  minflt/s  majflt/s     VSZ     RSS   %MEM  Command
16时32分42秒  1000     31103         -   33.00    4.00    0.00    0.00   37.00     6   9854.00      0.00 1170536  233588   3.05  fastlio_mapping
16时32分42秒  1000         -     31103    6.00    1.00    0.00    0.00    7.00     6   9851.00      0.00 1170536  233588   3.05  |__fastlio_mapping
16时32分42秒  1000         -     31105    0.00    2.00    0.00    0.00    2.00     8      0.00      0.00 1170536  233588   3.05  |__fastlio_mapping
16时32分42秒  1000         -     31106    0.00    0.00    0.00    0.00    0.00    11      0.00      0.00 1170536  233588   3.05  |__fastlio_mapping
16时32分42秒  1000         -     31107    0.00    0.00    0.00    0.00    0.00    15      0.00      0.00 1170536  233588   3.05  |__fastlio_mapping
16时32分42秒  1000         -     31108    0.00    0.00    0.00    0.00    0.00     4      0.00      0.00 1170536  233588   3.05  |__fastlio_mapping
16时32分42秒  1000         -     31109    0.00    0.00    0.00    0.00    0.00     1      0.00      0.00 1170536  233588   3.05  |__fastlio_mapping
16时32分42秒  1000         -     31110    0.00    0.00    0.00    0.00    0.00     8      0.00      0.00 1170536  233588   3.05  |__fastlio_mapping
16时32分42秒  1000         -     31111    0.00    0.00    0.00    0.00    0.00     2      0.00      0.00 1170536  233588   3.05  |__fastlio_mapping
16时32分42秒  1000         -     31112    0.00    0.00    0.00    0.00    0.00     8      2.00      0.00 1170536  233588   3.05  |__fastlio_mapping
16时32分42秒  1000         -     31113    0.00    0.00    0.00    0.00    0.00     8      0.00      0.00 1170536  233588   3.05  |__fastlio_mapping
16时32分42秒  1000         -     31114    1.00    0.00    0.00    0.00    1.00    15      1.00      0.00 1170536  233588   3.05  |__fastlio_mapping
16时32分42秒  1000         -     31115    1.00    0.00    0.00    0.00    1.00     2      0.00      0.00 1170536  233588   3.05  |__fastlio_mapping
16时32分42秒  1000         -     31116    0.00    0.00    0.00    0.00    0.00     1      0.00      0.00 1170536  233588   3.05  |__fastlio_mapping
16时32分42秒  1000         -     31117    1.00    0.00    0.00    0.00    1.00     8      0.00      0.00 1170536  233588   3.05  |__fastlio_mapping
16时32分42秒  1000         -     31118   13.00    0.00    0.00    0.00   13.00     7      0.00      0.00 1170536  233588   3.05  |__fastlio_mapping
16时32分42秒  1000         -     31119   13.00    0.00    0.00    0.00   13.00     5      0.00      0.00 1170536  233588   3.05  |__fastlio_mapping

# Time        UID      TGID       TID    %usr %system  %guest   %wait    %CPU   CPU  minflt/s  majflt/s     VSZ     RSS   %MEM  Command
16时32分43秒  1000     31103         -   33.00    3.00    0.00    0.00   36.00    12   9892.00      0.00 1170648  233916   3.05  fastlio_mapping
16时32分43秒  1000         -     31103    6.00    2.00    0.00    0.00    8.00    12   9892.00      0.00 1170648  233916   3.05  |__fastlio_mapping
16时32分43秒  1000         -     31105    1.00    1.00    0.00    0.00    2.00    11      0.00      0.00 1170648  233916   3.05  |__fastlio_mapping
16时32分43秒  1000         -     31106    0.00    0.00    0.00    0.00    0.00    11      0.00      0.00 1170648  233916   3.05  |__fastlio_mapping
16时32分43秒  1000         -     31107    0.00    0.00    0.00    0.00    0.00    15      0.00      0.00 1170648  233916   3.05  |__fastlio_mapping
16时32分43秒  1000         -     31108    0.00    0.00    0.00    0.00    0.00     4      0.00      0.00 1170648  233916   3.05  |__fastlio_mapping
16时32分43秒  1000         -     31109    0.00    1.00    0.00    0.00    1.00    15      0.00      0.00 1170648  233916   3.05  |__fastlio_mapping
16时32分43秒  1000         -     31110    0.00    0.00    0.00    0.00    0.00     8      0.00      0.00 1170648  233916   3.05  |__fastlio_mapping
16时32分43秒  1000         -     31111    0.00    0.00    0.00    0.00    0.00    10      0.00      0.00 1170648  233916   3.05  |__fastlio_mapping
16时32分43秒  1000         -     31112    0.00    0.00    0.00    0.00    0.00    15      0.00      0.00 1170648  233916   3.05  |__fastlio_mapping
16时32分43秒  1000         -     31113    0.00    0.00    0.00    0.00    0.00     8      0.00      0.00 1170648  233916   3.05  |__fastlio_mapping
16时32分43秒  1000         -     31114    1.00    0.00    0.00    0.00    1.00    15      0.00      0.00 1170648  233916   3.05  |__fastlio_mapping
16时32分43秒  1000         -     31115    0.00    0.00    0.00    0.00    0.00     2      0.00      0.00 1170648  233916   3.05  |__fastlio_mapping
16时32分43秒  1000         -     31116    0.00    0.00    0.00    0.00    0.00     0      0.00      0.00 1170648  233916   3.05  |__fastlio_mapping
16时32分43秒  1000         -     31117    0.00    0.00    0.00    0.00    0.00    13      0.00      0.00 1170648  233916   3.05  |__fastlio_mapping
16时32分43秒  1000         -     31118   12.00    0.00    0.00    0.00   12.00     7      0.00      0.00 1170648  233916   3.05  |__fastlio_mapping
16时32分43秒  1000         -     31119   12.00    0.00    0.00    0.00   12.00    10      0.00      0.00 1170648  233916   3.05  |__fastlio_mapping

# Time        UID      TGID       TID    %usr %system  %guest   %wait    %CPU   CPU  minflt/s  majflt/s     VSZ     RSS   %MEM  Command
16时32分44秒  1000     31103         -   31.00    4.00    0.00    0.00   35.00     1   9933.00      0.00 1170812  234244   3.05  fastlio_mapping
16时32分44秒  1000         -     31103    6.00    2.00    0.00    0.00    8.00     1   9933.00      0.00 1170812  234244   3.05  |__fastlio_mapping
16时32分44秒  1000         -     31105    1.00    2.00    0.00    0.00    3.00    15      0.00      0.00 1170812  234244   3.05  |__fastlio_mapping
16时32分44秒  1000         -     31106    0.00    0.00    0.00    0.00    0.00    11      0.00      0.00 1170812  234244   3.05  |__fastlio_mapping
16时32分44秒  1000         -     31107    0.00    0.00    0.00    0.00    0.00    15      0.00      0.00 1170812  234244   3.05  |__fastlio_mapping
16时32分44秒  1000         -     31108    0.00    0.00    0.00    0.00    0.00     6      0.00      0.00 1170812  234244   3.05  |__fastlio_mapping
16时32分44秒  1000         -     31109    0.00    0.00    0.00    0.00    0.00    13      0.00      0.00 1170812  234244   3.05  |__fastlio_mapping
16时32分44秒  1000         -     31110    0.00    0.00    0.00    0.00    0.00     8      0.00      0.00 1170812  234244   3.05  |__fastlio_mapping
16时32分44秒  1000         -     31111    0.00    0.00    0.00    0.00    0.00    10      0.00      0.00 1170812  234244   3.05  |__fastlio_mapping
16时32分44秒  1000         -     31112    0.00    0.00    0.00    0.00    0.00     8      0.00      0.00 1170812  234244   3.05  |__fastlio_mapping
16时32分44秒  1000         -     31113    0.00    0.00    0.00    0.00    0.00     8      0.00      0.00 1170812  234244   3.05  |__fastlio_mapping
16时32分44秒  1000         -     31114    1.00    0.00    0.00    0.00    1.00    12      0.00      0.00 1170812  234244   3.05  |__fastlio_mapping
16时32分44秒  1000         -     31115    0.00    0.00    0.00    0.00    0.00     2      0.00      0.00 1170812  234244   3.05  |__fastlio_mapping
16时32分44秒  1000         -     31116    0.00    0.00    0.00    0.00    0.00     0      0.00      0.00 1170812  234244   3.05  |__fastlio_mapping
16时32分44秒  1000         -     31117    1.00    1.00    0.00    0.00    2.00    14      0.00      0.00 1170812  234244   3.05  |__fastlio_mapping
16时32分44秒  1000         -     31118   12.00    0.00    0.00    0.00   12.00     7      0.00      0.00 1170812  234244   3.05  |__fastlio_mapping
16时32分44秒  1000         -     31119   10.00    0.00    0.00    0.00   10.00     5      0.00      0.00 1170812  234244   3.05  |__fastlio_mapping

# Time        UID      TGID       TID    %usr %system  %guest   %wait    %CPU   CPU  minflt/s  majflt/s     VSZ     RSS   %MEM  Command
16时32分45秒  1000     31103         -   31.00    3.00    0.00    0.00   34.00     1   9974.00      0.00 1170436  234408   3.06  fastlio_mapping
16时32分45秒  1000         -     31103    5.00    2.00    0.00    0.00    7.00     1   9974.00      0.00 1170436  234408   3.06  |__fastlio_mapping
16时32分45秒  1000         -     31105    1.00    1.00    0.00    0.00    2.00    14      0.00      0.00 1170436  234408   3.06  |__fastlio_mapping
16时32分45秒  1000         -     31106    0.00    0.00    0.00    0.00    0.00    11      0.00      0.00 1170436  234408   3.06  |__fastlio_mapping
16时32分45秒  1000         -     31107    0.00    0.00    0.00    0.00    0.00    15      0.00      0.00 1170436  234408   3.06  |__fastlio_mapping
16时32分45秒  1000         -     31108    0.00    0.00    0.00    0.00    0.00     6      0.00      0.00 1170436  234408   3.06  |__fastlio_mapping
16时32分45秒  1000         -     31109    1.00    0.00    0.00    0.00    1.00     4      0.00      0.00 1170436  234408   3.06  |__fastlio_mapping
16时32分45秒  1000         -     31110    0.00    0.00    0.00    0.00    0.00     8      0.00      0.00 1170436  234408   3.06  |__fastlio_mapping
16时32分45秒  1000         -     31111    0.00    0.00    0.00    0.00    0.00    10      0.00      0.00 1170436  234408   3.06  |__fastlio_mapping
16时32分45秒  1000         -     31112    0.00    0.00    0.00    0.00    0.00     8      0.00      0.00 1170436  234408   3.06  |__fastlio_mapping
16时32分45秒  1000         -     31113    0.00    0.00    0.00    0.00    0.00     8      0.00      0.00 1170436  234408   3.06  |__fastlio_mapping
16时32分45秒  1000         -     31114    0.00    0.00    0.00    0.00    0.00     2      0.00      0.00 1170436  234408   3.06  |__fastlio_mapping
16时32分45秒  1000         -     31115    0.00    0.00    0.00    0.00    0.00     2      0.00      0.00 1170436  234408   3.06  |__fastlio_mapping
16时32分45秒  1000         -     31116    0.00    0.00    0.00    0.00    0.00     0      0.00      0.00 1170436  234408   3.06  |__fastlio_mapping
16时32分45秒  1000         -     31117    0.00    0.00    0.00    0.00    0.00     6      0.00      0.00 1170436  234408   3.06  |__fastlio_mapping
16时32分45秒  1000         -     31118   12.00    0.00    0.00    0.00   12.00     7      0.00      0.00 1170436  234408   3.06  |__fastlio_mapping
16时32分45秒  1000         -     31119   12.00    0.00    0.00    0.00   12.00     5      0.00      0.00 1170436  234408   3.06  |__fastlio_mapping

# Time        UID      TGID       TID    %usr %system  %guest   %wait    %CPU   CPU  minflt/s  majflt/s     VSZ     RSS   %MEM  Command
16时32分46秒  1000     31103         -   31.00    4.00    0.00    0.00   35.00     1  10018.00      0.00 1170604  234744   3.06  fastlio_mapping
16时32分46秒  1000         -     31103    6.00    1.00    0.00    0.00    7.00     1  10018.00      0.00 1170604  234744   3.06  |__fastlio_mapping
16时32分46秒  1000         -     31105    1.00    1.00    0.00    0.00    2.00    14      0.00      0.00 1170604  234744   3.06  |__fastlio_mapping
16时32分46秒  1000         -     31106    0.00    0.00    0.00    0.00    0.00    11      0.00      0.00 1170604  234744   3.06  |__fastlio_mapping
16时32分46秒  1000         -     31107    0.00    0.00    0.00    0.00    0.00    15      0.00      0.00 1170604  234744   3.06  |__fastlio_mapping
16时32分46秒  1000         -     31108    0.00    0.00    0.00    0.00    0.00     6      0.00      0.00 1170604  234744   3.06  |__fastlio_mapping
16时32分46秒  1000         -     31109    0.00    0.00    0.00    0.00    0.00     6      0.00      0.00 1170604  234744   3.06  |__fastlio_mapping
16时32分46秒  1000         -     31110    0.00    0.00    0.00    0.00    0.00     8      0.00      0.00 1170604  234744   3.06  |__fastlio_mapping
16时32分46秒  1000         -     31111    0.00    0.00    0.00    0.00    0.00    11      0.00      0.00 1170604  234744   3.06  |__fastlio_mapping
16时32分46秒  1000         -     31112    0.00    0.00    0.00    0.00    0.00    15      0.00      0.00 1170604  234744   3.06  |__fastlio_mapping
16时32分46秒  1000         -     31113    0.00    0.00    0.00    0.00    0.00     8      0.00      0.00 1170604  234744   3.06  |__fastlio_mapping
16时32分46秒  1000         -     31114    1.00    1.00    0.00    0.00    2.00    13      0.00      0.00 1170604  234744   3.06  |__fastlio_mapping
16时32分46秒  1000         -     31115    0.00    0.00    0.00    0.00    0.00     2      0.00      0.00 1170604  234744   3.06  |__fastlio_mapping
16时32分46秒  1000         -     31116    0.00    0.00    0.00    0.00    0.00     0      0.00      0.00 1170604  234744   3.06  |__fastlio_mapping
16时32分46秒  1000         -     31117    0.00    0.00    0.00    0.00    0.00     6      0.00      0.00 1170604  234744   3.06  |__fastlio_mapping
16时32分46秒  1000         -     31118   12.00    0.00    0.00    0.00   12.00     7      0.00      0.00 1170604  234744   3.06  |__fastlio_mapping
16时32分46秒  1000         -     31119   12.00    0.00    0.00    0.00   12.00     5      0.00      0.00 1170604  234744   3.06  |__fastlio_mapping

# Time        UID      TGID       TID    %usr %system  %guest   %wait    %CPU   CPU  minflt/s  majflt/s     VSZ     RSS   %MEM  Command
16时32分47秒  1000     31103         -   31.00    3.00    0.00    0.00   34.00     1  10060.00      0.00 1170772  235080   3.07  fastlio_mapping
16时32分47秒  1000         -     31103    4.00    2.00    0.00    0.00    6.00     1  10060.00      0.00 1170772  235080   3.07  |__fastlio_mapping
16时32分47秒  1000         -     31105    1.00    1.00    0.00    0.00    2.00    13      0.00      0.00 1170772  235080   3.07  |__fastlio_mapping
16时32分47秒  1000         -     31106    0.00    0.00    0.00    0.00    0.00    11      0.00      0.00 1170772  235080   3.07  |__fastlio_mapping
16时32分47秒  1000         -     31107    0.00    0.00    0.00    0.00    0.00    15      0.00      0.00 1170772  235080   3.07  |__fastlio_mapping
16时32分47秒  1000         -     31108    0.00    0.00    0.00    0.00    0.00     6      0.00      0.00 1170772  235080   3.07  |__fastlio_mapping
16时32分47秒  1000         -     31109    0.00    0.00    0.00    0.00    0.00    14      0.00      0.00 1170772  235080   3.07  |__fastlio_mapping
16时32分47秒  1000         -     31110    0.00    0.00    0.00    0.00    0.00     8      0.00      0.00 1170772  235080   3.07  |__fastlio_mapping
16时32分47秒  1000         -     31111    0.00    0.00    0.00    0.00    0.00     9      0.00      0.00 1170772  235080   3.07  |__fastlio_mapping
16时32分47秒  1000         -     31112    0.00    0.00    0.00    0.00    0.00    10      0.00      0.00 1170772  235080   3.07  |__fastlio_mapping
16时32分47秒  1000         -     31113    0.00    0.00    0.00    0.00    0.00     8      0.00      0.00 1170772  235080   3.07  |__fastlio_mapping
16时32分47秒  1000         -     31114    0.00    0.00    0.00    0.00    0.00    12      0.00      0.00 1170772  235080   3.07  |__fastlio_mapping
16时32分47秒  1000         -     31115    0.00    0.00    0.00    0.00    0.00     2      0.00      0.00 1170772  235080   3.07  |__fastlio_mapping
16时32分47秒  1000         -     31116    0.00    0.00    0.00    0.00    0.00     0      0.00      0.00 1170772  235080   3.07  |__fastlio_mapping
16时32分47秒  1000         -     31117    1.00    1.00    0.00    0.00    2.00     2      0.00      0.00 1170772  235080   3.07  |__fastlio_mapping
16时32分47秒  1000         -     31118   12.00    0.00    0.00    0.00   12.00     7      0.00      0.00 1170772  235080   3.07  |__fastlio_mapping
16时32分47秒  1000         -     31119   12.00    0.00    0.00    0.00   12.00     5      0.00      0.00 1170772  235080   3.07  |__fastlio_mapping

# Time        UID      TGID       TID    %usr %system  %guest   %wait    %CPU   CPU  minflt/s  majflt/s     VSZ     RSS   %MEM  Command
16时32分48秒  1000     31103         -   32.00    4.00    0.00    0.00   36.00     1  10099.00      0.00 1170396  235280   3.07  fastlio_mapping
16时32分48秒  1000         -     31103    6.00    2.00    0.00    0.00    8.00     1  10099.00      0.00 1170396  235280   3.07  |__fastlio_mapping
16时32分48秒  1000         -     31105    1.00    2.00    0.00    0.00    3.00     8      0.00      0.00 1170396  235280   3.07  |__fastlio_mapping
16时32分48秒  1000         -     31106    0.00    0.00    0.00    0.00    0.00    11      0.00      0.00 1170396  235280   3.07  |__fastlio_mapping
16时32分48秒  1000         -     31107    0.00    0.00    0.00    0.00    0.00    15      0.00      0.00 1170396  235280   3.07  |__fastlio_mapping
16时32分48秒  1000         -     31108    0.00    0.00    0.00    0.00    0.00     4      0.00      0.00 1170396  235280   3.07  |__fastlio_mapping
16时32分48秒  1000         -     31109    0.00    0.00    0.00    0.00    0.00    13      0.00      0.00 1170396  235280   3.07  |__fastlio_mapping
16时32分48秒  1000         -     31110    0.00    0.00    0.00    0.00    0.00     8      0.00      0.00 1170396  235280   3.07  |__fastlio_mapping
16时32分48秒  1000         -     31111    0.00    0.00    0.00    0.00    0.00     9      0.00      0.00 1170396  235280   3.07  |__fastlio_mapping
16时32分48秒  1000         -     31112    0.00    0.00    0.00    0.00    0.00    10      0.00      0.00 1170396  235280   3.07  |__fastlio_mapping
16时32分48秒  1000         -     31113    0.00    0.00    0.00    0.00    0.00     8      0.00      0.00 1170396  235280   3.07  |__fastlio_mapping
16时32分48秒  1000         -     31114    1.00    0.00    0.00    0.00    1.00     9      0.00      0.00 1170396  235280   3.07  |__fastlio_mapping
16时32分48秒  1000         -     31115    0.00    0.00    0.00    0.00    0.00     2      0.00      0.00 1170396  235280   3.07  |__fastlio_mapping
16时32分48秒  1000         -     31116    0.00    0.00    0.00    0.00    0.00     0      0.00      0.00 1170396  235280   3.07  |__fastlio_mapping
16时32分48秒  1000         -     31117    0.00    0.00    0.00    0.00    0.00     4      0.00      0.00 1170396  235280   3.07  |__fastlio_mapping
16时32分48秒  1000         -     31118   12.00    0.00    0.00    0.00   12.00     7      0.00      0.00 1170396  235280   3.07  |__fastlio_mapping
16时32分48秒  1000         -     31119   12.00    0.00    0.00    0.00   12.00     5      0.00      0.00 1170396  235280   3.07  |__fastlio_mapping

# Time        UID      TGID       TID    %usr %system  %guest   %wait    %CPU   CPU  minflt/s  majflt/s     VSZ     RSS   %MEM  Command
16时32分49秒  1000     31103         -   32.00    3.00    0.00    0.00   35.00     1  10134.00      0.00 1170552  235592   3.07  fastlio_mapping
16时32分49秒  1000         -     31103    5.00    2.00    0.00    0.00    7.00     1  10134.00      0.00 1170552  235592   3.07  |__fastlio_mapping
16时32分49秒  1000         -     31105    1.00    2.00    0.00    0.00    3.00    11      0.00      0.00 1170552  235592   3.07  |__fastlio_mapping
16时32分49秒  1000         -     31106    0.00    0.00    0.00    0.00    0.00    11      0.00      0.00 1170552  235592   3.07  |__fastlio_mapping
16时32分49秒  1000         -     31107    0.00    0.00    0.00    0.00    0.00    15      0.00      0.00 1170552  235592   3.07  |__fastlio_mapping
16时32分49秒  1000         -     31108    0.00    0.00    0.00    0.00    0.00     4      0.00      0.00 1170552  235592   3.07  |__fastlio_mapping
16时32分49秒  1000         -     31109    0.00    0.00    0.00    0.00    0.00     8      0.00      0.00 1170552  235592   3.07  |__fastlio_mapping
16时32分49秒  1000         -     31110    0.00    0.00    0.00    0.00    0.00     8      0.00      0.00 1170552  235592   3.07  |__fastlio_mapping
16时32分49秒  1000         -     31111    1.00    0.00    0.00    0.00    1.00     8      0.00      0.00 1170552  235592   3.07  |__fastlio_mapping
16时32分49秒  1000         -     31112    0.00    0.00    0.00    0.00    0.00    14      0.00      0.00 1170552  235592   3.07  |__fastlio_mapping
16时32分49秒  1000         -     31113    0.00    0.00    0.00    0.00    0.00     8      0.00      0.00 1170552  235592   3.07  |__fastlio_mapping
16时32分49秒  1000         -     31114    1.00    0.00    0.00    0.00    1.00     6      0.00      0.00 1170552  235592   3.07  |__fastlio_mapping
16时32分49秒  1000         -     31115    0.00    0.00    0.00    0.00    0.00     2      0.00      0.00 1170552  235592   3.07  |__fastlio_mapping
16时32分49秒  1000         -     31116    0.00    0.00    0.00    0.00    0.00     0      0.00      0.00 1170552  235592   3.07  |__fastlio_mapping
16时32分49秒  1000         -     31117    1.00    0.00    0.00    0.00    1.00     8      0.00      0.00 1170552  235592   3.07  |__fastlio_mapping
16时32分49秒  1000         -     31118   12.00    0.00    0.00    0.00   12.00     7      0.00      0.00 1170552  235592   3.07  |__fastlio_mapping
16时32分49秒  1000         -     31119   12.00    0.00    0.00    0.00   12.00     5      0.00      0.00 1170552  235592   3.07  |__fastlio_mapping

# Time        UID      TGID       TID    %usr %system  %guest   %wait    %CPU   CPU  minflt/s  majflt/s     VSZ     RSS   %MEM  Command
16时32分50秒  1000     31103         -   33.00    4.00    0.00    0.00   37.00     1  10164.00      0.00 1171284  236000   3.08  fastlio_mapping
16时32分50秒  1000         -     31103    5.00    2.00    0.00    0.00    7.00     1  10161.00      0.00 1171284  236000   3.08  |__fastlio_mapping
16时32分50秒  1000         -     31105    0.00    1.00    0.00    1.00    1.00    13      0.00      0.00 1171284  236000   3.08  |__fastlio_mapping
16时32分50秒  1000         -     31106    0.00    0.00    0.00    0.00    0.00    11      0.00      0.00 1171284  236000   3.08  |__fastlio_mapping
16时32分50秒  1000         -     31107    0.00    0.00    0.00    0.00    0.00    15      0.00      0.00 1171284  236000   3.08  |__fastlio_mapping
16时32分50秒  1000         -     31108    0.00    0.00    0.00    0.00    0.00     4      0.00      0.00 1171284  236000   3.08  |__fastlio_mapping
16时32分50秒  1000         -     31109    1.00    0.00    0.00    0.00    1.00    15      0.00      0.00 1171284  236000   3.08  |__fastlio_mapping
16时32分50秒  1000         -     31110    0.00    0.00    0.00    0.00    0.00     8      0.00      0.00 1171284  236000   3.08  |__fastlio_mapping
16时32分50秒  1000         -     31111    0.00    0.00    0.00    0.00    0.00    15      0.00      0.00 1171284  236000   3.08  |__fastlio_mapping
16时32分50秒  1000         -     31112    0.00    0.00    0.00    0.00    0.00     4      2.00      0.00 1171284  236000   3.08  |__fastlio_mapping
16时32分50秒  1000         -     31113    0.00    0.00    0.00    0.00    0.00     8      0.00      0.00 1171284  236000   3.08  |__fastlio_mapping
16时32分50秒  1000         -     31114    0.00    1.00    0.00    0.00    1.00    15      1.00      0.00 1171284  236000   3.08  |__fastlio_mapping
16时32分50秒  1000         -     31115    0.00    0.00    0.00    0.00    0.00    14      0.00      0.00 1171284  236000   3.08  |__fastlio_mapping
16时32分50秒  1000         -     31116    0.00    0.00    0.00    0.00    0.00    15      0.00      0.00 1171284  236000   3.08  |__fastlio_mapping
16时32分50秒  1000         -     31117    0.00    0.00    0.00    0.00    0.00     4      0.00      0.00 1171284  236000   3.08  |__fastlio_mapping
16时32分50秒  1000         -     31118   12.00    0.00    0.00    1.00   12.00     7      0.00      0.00 1171284  236000   3.08  |__fastlio_mapping
16时32分50秒  1000         -     31119   12.00    0.00    0.00    0.00   12.00     5      0.00      0.00 1171284  236000   3.08  |__fastlio_mapping

# Time        UID      TGID       TID    %usr %system  %guest   %wait    %CPU   CPU  minflt/s  majflt/s     VSZ     RSS   %MEM  Command
16时32分51秒  1000     31103         -   32.00    3.00    0.00    0.00   35.00     3  10187.00      0.00 1171360  236256   3.08  fastlio_mapping
16时32分51秒  1000         -     31103    5.00    2.00    0.00    0.00    7.00     3  10187.00      0.00 1171360  236256   3.08  |__fastlio_mapping
16时32分51秒  1000         -     31105    2.00    1.00    0.00    0.00    3.00    12      0.00      0.00 1171360  236256   3.08  |__fastlio_mapping
16时32分51秒  1000         -     31106    0.00    0.00    0.00    0.00    0.00    11      0.00      0.00 1171360  236256   3.08  |__fastlio_mapping
16时32分51秒  1000         -     31107    0.00    0.00    0.00    0.00    0.00    15      0.00      0.00 1171360  236256   3.08  |__fastlio_mapping
16时32分51秒  1000         -     31108    0.00    0.00    0.00    0.00    0.00     4      0.00      0.00 1171360  236256   3.08  |__fastlio_mapping
16时32分51秒  1000         -     31109    0.00    0.00    0.00    0.00    0.00     6      0.00      0.00 1171360  236256   3.08  |__fastlio_mapping
16时32分51秒  1000         -     31110    0.00    0.00    0.00    0.00    0.00     8      0.00      0.00 1171360  236256   3.08  |__fastlio_mapping
16时32分51秒  1000         -     31111    0.00    0.00    0.00    0.00    0.00    10      0.00      0.00 1171360  236256   3.08  |__fastlio_mapping
16时32分51秒  1000         -     31112    0.00    0.00    0.00    0.00    0.00     6      0.00      0.00 1171360  236256   3.08  |__fastlio_mapping
16时32分51秒  1000         -     31113    0.00    0.00    0.00    0.00    0.00     8      0.00      0.00 1171360  236256   3.08  |__fastlio_mapping
16时32分51秒  1000         -     31114    1.00    0.00    0.00    0.00    1.00    13      0.00      0.00 1171360  236256   3.08  |__fastlio_mapping
16时32分51秒  1000         -     31115    0.00    0.00    0.00    0.00    0.00    14      0.00      0.00 1171360  236256   3.08  |__fastlio_mapping
16时32分51秒  1000         -     31116    0.00    0.00    0.00    0.00    0.00    15      0.00      0.00 1171360  236256   3.08  |__fastlio_mapping
16时32分51秒  1000         -     31117    1.00    0.00    0.00    0.00    1.00     2      0.00      0.00 1171360  236256   3.08  |__fastlio_mapping
16时32分51秒  1000         -     31118   12.00    0.00    0.00    0.00   12.00     7      0.00      0.00 1171360  236256   3.08  |__fastlio_mapping
16时32分51秒  1000         -     31119   12.00    0.00    0.00    0.00   12.00     5      0.00      0.00 1171360  236256   3.08  |__fastlio_mapping

# Time        UID      TGID       TID    %usr %system  %guest   %wait    %CPU   CPU  minflt/s  majflt/s     VSZ     RSS   %MEM  Command
16时32分52秒  1000     31103         -   32.00    3.00    0.00    0.00   35.00     2  10216.00      0.00 1171484  236504   3.08  fastlio_mapping
16时32分52秒  1000         -     31103    6.00    2.00    0.00    0.00    8.00     2  10216.00      0.00 1171484  236504   3.08  |__fastlio_mapping
16时32分52秒  1000         -     31105    0.00    2.00    0.00    0.00    2.00     8      0.00      0.00 1171484  236504   3.08  |__fastlio_mapping
16时32分52秒  1000         -     31106    0.00    0.00    0.00    0.00    0.00    11      0.00      0.00 1171484  236504   3.08  |__fastlio_mapping
16时32分52秒  1000         -     31107    0.00    0.00    0.00    0.00    0.00    15      0.00      0.00 1171484  236504   3.08  |__fastlio_mapping
16时32分52秒  1000         -     31108    0.00    0.00    0.00    0.00    0.00     4      0.00      0.00 1171484  236504   3.08  |__fastlio_mapping
16时32分52秒  1000         -     31109    0.00    0.00    0.00    0.00    0.00     9      0.00      0.00 1171484  236504   3.08  |__fastlio_mapping
16时32分52秒  1000         -     31110    0.00    0.00    0.00    0.00    0.00     8      0.00      0.00 1171484  236504   3.08  |__fastlio_mapping
16时32分52秒  1000         -     31111    0.00    0.00    0.00    0.00    0.00     9      0.00      0.00 1171484  236504   3.08  |__fastlio_mapping
16时32分52秒  1000         -     31112    0.00    0.00    0.00    0.00    0.00     6      0.00      0.00 1171484  236504   3.08  |__fastlio_mapping
16时32分52秒  1000         -     31113    0.00    0.00    0.00    0.00    0.00     8      0.00      0.00 1171484  236504   3.08  |__fastlio_mapping
16时32分52秒  1000         -     31114    0.00    0.00    0.00    0.00    0.00     0      0.00      0.00 1171484  236504   3.08  |__fastlio_mapping
16时32分52秒  1000         -     31115    0.00    0.00    0.00    0.00    0.00    14      0.00      0.00 1171484  236504   3.08  |__fastlio_mapping
16时32分52秒  1000         -     31116    0.00    0.00    0.00    0.00    0.00    15      0.00      0.00 1171484  236504   3.08  |__fastlio_mapping
16时32分52秒  1000         -     31117    1.00    0.00    0.00    0.00    1.00    13      0.00      0.00 1171484  236504   3.08  |__fastlio_mapping
16时32分52秒  1000         -     31118   12.00    0.00    0.00    0.00   12.00     7      0.00      0.00 1171484  236504   3.08  |__fastlio_mapping
16时32分52秒  1000         -     31119   12.00    0.00    0.00    0.00   12.00     5      0.00      0.00 1171484  236504   3.08  |__fastlio_mapping

# Time        UID      TGID       TID    %usr %system  %guest   %wait    %CPU   CPU  minflt/s  majflt/s     VSZ     RSS   %MEM  Command
16时32分53秒  1000     31103         -   33.00    4.00    0.00    0.00   37.00     4  10256.00      0.00 1171620  236832   3.09  fastlio_mapping
16时32分53秒  1000         -     31103    6.00    3.00    0.00    0.00    9.00     4  10256.00      0.00 1171620  236832   3.09  |__fastlio_mapping
16时32分53秒  1000         -     31105    1.00    1.00    0.00    0.00    2.00     9      0.00      0.00 1171620  236832   3.09  |__fastlio_mapping
16时32分53秒  1000         -     31106    0.00    0.00    0.00    0.00    0.00    11      0.00      0.00 1171620  236832   3.09  |__fastlio_mapping
16时32分53秒  1000         -     31107    0.00    0.00    0.00    0.00    0.00    15      0.00      0.00 1171620  236832   3.09  |__fastlio_mapping
16时32分53秒  1000         -     31108    0.00    0.00    0.00    0.00    0.00     4      0.00      0.00 1171620  236832   3.09  |__fastlio_mapping
16时32分53秒  1000         -     31109    0.00    0.00    0.00    0.00    0.00    11      0.00      0.00 1171620  236832   3.09  |__fastlio_mapping
16时32分53秒  1000         -     31110    0.00    0.00    0.00    0.00    0.00     8      0.00      0.00 1171620  236832   3.09  |__fastlio_mapping
16时32分53秒  1000         -     31111    0.00    0.00    0.00    0.00    0.00    14      0.00      0.00 1171620  236832   3.09  |__fastlio_mapping
16时32分53秒  1000         -     31112    0.00    0.00    0.00    0.00    0.00    15      0.00      0.00 1171620  236832   3.09  |__fastlio_mapping
16时32分53秒  1000         -     31113    0.00    0.00    0.00    0.00    0.00     8      0.00      0.00 1171620  236832   3.09  |__fastlio_mapping
16时32分53秒  1000         -     31114    1.00    0.00    0.00    0.00    1.00     9      0.00      0.00 1171620  236832   3.09  |__fastlio_mapping
16时32分53秒  1000         -     31115    0.00    0.00    0.00    0.00    0.00    14      0.00      0.00 1171620  236832   3.09  |__fastlio_mapping
16时32分53秒  1000         -     31116    0.00    0.00    0.00    0.00    0.00    15      0.00      0.00 1171620  236832   3.09  |__fastlio_mapping
16时32分53秒  1000         -     31117    0.00    0.00    0.00    0.00    0.00     8      0.00      0.00 1171620  236832   3.09  |__fastlio_mapping
16时32分53秒  1000         -     31118   12.00    0.00    0.00    0.00   12.00     7      0.00      0.00 1171620  236832   3.09  |__fastlio_mapping
16时32分53秒  1000         -     31119   12.00    0.00    0.00    0.00   12.00     5      0.00      0.00 1171620  236832   3.09  |__fastlio_mapping

# Time        UID      TGID       TID    %usr %system  %guest   %wait    %CPU   CPU  minflt/s  majflt/s     VSZ     RSS   %MEM  Command
16时32分54秒  1000     31103         -   33.00    3.00    0.00    0.00   36.00     4  10290.00      0.00 1171756  237156   3.09  fastlio_mapping
16时32分54秒  1000         -     31103    6.00    2.00    0.00    0.00    8.00     4  10290.00      0.00 1171756  237156   3.09  |__fastlio_mapping
16时32分54秒  1000         -     31105    1.00    1.00    0.00    0.00    2.00    10      0.00      0.00 1171756  237156   3.09  |__fastlio_mapping
16时32分54秒  1000         -     31106    0.00    0.00    0.00    0.00    0.00    11      0.00      0.00 1171756  237156   3.09  |__fastlio_mapping
16时32分54秒  1000         -     31107    0.00    0.00    0.00    0.00    0.00    15      0.00      0.00 1171756  237156   3.09  |__fastlio_mapping
16时32分54秒  1000         -     31108    0.00    0.00    0.00    0.00    0.00     8      0.00      0.00 1171756  237156   3.09  |__fastlio_mapping
16时32分54秒  1000         -     31109    0.00    0.00    0.00    0.00    0.00     8      0.00      0.00 1171756  237156   3.09  |__fastlio_mapping
16时32分54秒  1000         -     31110    0.00    0.00    0.00    0.00    0.00     8      0.00      0.00 1171756  237156   3.09  |__fastlio_mapping
16时32分54秒  1000         -     31111    0.00    0.00    0.00    0.00    0.00    14      0.00      0.00 1171756  237156   3.09  |__fastlio_mapping
16时32分54秒  1000         -     31112    0.00    0.00    0.00    0.00    0.00    15      0.00      0.00 1171756  237156   3.09  |__fastlio_mapping
16时32分54秒  1000         -     31113    0.00    0.00    0.00    0.00    0.00     8      0.00      0.00 1171756  237156   3.09  |__fastlio_mapping
16时32分54秒  1000         -     31114    1.00    0.00    0.00    0.00    1.00    14      0.00      0.00 1171756  237156   3.09  |__fastlio_mapping
16时32分54秒  1000         -     31115    0.00    0.00    0.00    0.00    0.00    14      0.00      0.00 1171756  237156   3.09  |__fastlio_mapping
16时32分54秒  1000         -     31116    0.00    0.00    0.00    0.00    0.00    15      0.00      0.00 1171756  237156   3.09  |__fastlio_mapping
16时32分54秒  1000         -     31117    0.00    1.00    0.00    0.00    1.00    15      0.00      0.00 1171756  237156   3.09  |__fastlio_mapping
16时32分54秒  1000         -     31118   12.00    0.00    0.00    0.00   12.00     7      0.00      0.00 1171756  237156   3.09  |__fastlio_mapping
16时32分54秒  1000         -     31119   13.00    0.00    0.00    0.00   13.00     5      0.00      0.00 1171756  237156   3.09  |__fastlio_mapping

# Time        UID      TGID       TID    %usr %system  %guest   %wait    %CPU   CPU  minflt/s  majflt/s     VSZ     RSS   %MEM  Command
16时32分55秒  1000     31103         -   34.00    3.00    0.00    0.00   37.00    14  10324.00      0.00 1171892  237428   3.10  fastlio_mapping
16时32分55秒  1000         -     31103    7.00    2.00    0.00    0.00    9.00    14  10324.00      0.00 1171892  237428   3.10  |__fastlio_mapping
16时32分55秒  1000         -     31105    2.00    2.00    0.00    0.00    4.00     9      0.00      0.00 1171892  237428   3.10  |__fastlio_mapping
16时32分55秒  1000         -     31106    0.00    0.00    0.00    0.00    0.00    11      0.00      0.00 1171892  237428   3.10  |__fastlio_mapping
16时32分55秒  1000         -     31107    0.00    0.00    0.00    0.00    0.00    15      0.00      0.00 1171892  237428   3.10  |__fastlio_mapping
16时32分55秒  1000         -     31108    0.00    0.00    0.00    0.00    0.00     8      0.00      0.00 1171892  237428   3.10  |__fastlio_mapping
16时32分55秒  1000         -     31109    0.00    0.00    0.00    0.00    0.00     4      0.00      0.00 1171892  237428   3.10  |__fastlio_mapping
16时32分55秒  1000         -     31110    0.00    0.00    0.00    0.00    0.00     8      0.00      0.00 1171892  237428   3.10  |__fastlio_mapping
16时32分55秒  1000         -     31111    0.00    0.00    0.00    0.00    0.00     9      0.00      0.00 1171892  237428   3.10  |__fastlio_mapping
16时32分55秒  1000         -     31112    0.00    0.00    0.00    0.00    0.00     8      0.00      0.00 1171892  237428   3.10  |__fastlio_mapping
16时32分55秒  1000         -     31113    0.00    0.00    0.00    0.00    0.00     8      0.00      0.00 1171892  237428   3.10  |__fastlio_mapping
16时32分55秒  1000         -     31114    0.00    0.00    0.00    0.00    0.00    13      0.00      0.00 1171892  237428   3.10  |__fastlio_mapping
16时32分55秒  1000         -     31115    0.00    0.00    0.00    0.00    0.00    14      0.00      0.00 1171892  237428   3.10  |__fastlio_mapping
16时32分55秒  1000         -     31116    0.00    0.00    0.00    0.00    0.00    15      0.00      0.00 1171892  237428   3.10  |__fastlio_mapping
16时32分55秒  1000         -     31117    1.00    0.00    0.00    0.00    1.00    15      0.00      0.00 1171892  237428   3.10  |__fastlio_mapping
16时32分55秒  1000         -     31118   13.00    0.00    0.00    0.00   13.00     7      0.00      0.00 1171892  237428   3.10  |__fastlio_mapping
16时32分55秒  1000         -     31119   12.00    0.00    0.00    0.00   12.00     5      0.00      0.00 1171892  237428   3.10  |__fastlio_mapping

# Time        UID      TGID       TID    %usr %system  %guest   %wait    %CPU   CPU  minflt/s  majflt/s     VSZ     RSS   %MEM  Command
16时32分56秒  1000     31103         -   35.00    4.00    0.00    0.00   39.00    14  10376.00      0.00 1171512  237840   3.10  fastlio_mapping
16时32分56秒  1000         -     31103    7.00    3.00    0.00    0.00   10.00    14  10376.00      0.00 1171512  237840   3.10  |__fastlio_mapping
16时32分56秒  1000         -     31105    1.00    1.00    0.00    0.00    2.00     0      0.00      0.00 1171512  237840   3.10  |__fastlio_mapping
16时32分56秒  1000         -     31106    0.00    0.00    0.00    0.00    0.00    11      0.00      0.00 1171512  237840   3.10  |__fastlio_mapping
16时32分56秒  1000         -     31107    0.00    0.00    0.00    0.00    0.00    15      0.00      0.00 1171512  237840   3.10  |__fastlio_mapping
16时32分56秒  1000         -     31108    0.00    0.00    0.00    0.00    0.00     8      0.00      0.00 1171512  237840   3.10  |__fastlio_mapping
16时32分56秒  1000         -     31109    0.00    0.00    0.00    0.00    0.00    12      0.00      0.00 1171512  237840   3.10  |__fastlio_mapping
16时32分56秒  1000         -     31110    0.00    0.00    0.00    0.00    0.00     8      0.00      0.00 1171512  237840   3.10  |__fastlio_mapping
16时32分56秒  1000         -     31111    0.00    0.00    0.00    0.00    0.00    14      0.00      0.00 1171512  237840   3.10  |__fastlio_mapping
16时32分56秒  1000         -     31112    0.00    0.00    0.00    0.00    0.00    15      0.00      0.00 1171512  237840   3.10  |__fastlio_mapping
16时32分56秒  1000         -     31113    0.00    0.00    0.00    0.00    0.00     8      0.00      0.00 1171512  237840   3.10  |__fastlio_mapping
16时32分56秒  1000         -     31114    1.00    0.00    0.00    0.00    1.00    15      0.00      0.00 1171512  237840   3.10  |__fastlio_mapping
16时32分56秒  1000         -     31115    0.00    0.00    0.00    0.00    0.00    14      0.00      0.00 1171512  237840   3.10  |__fastlio_mapping
16时32分56秒  1000         -     31116    0.00    0.00    0.00    0.00    0.00    15      0.00      0.00 1171512  237840   3.10  |__fastlio_mapping
16时32分56秒  1000         -     31117    1.00    0.00    0.00    0.00    1.00    15      0.00      0.00 1171512  237840   3.10  |__fastlio_mapping
16时32分56秒  1000         -     31118   12.00    0.00    0.00    0.00   12.00     7      0.00      0.00 1171512  237840   3.10  |__fastlio_mapping
16时32分56秒  1000         -     31119   12.00    0.00    0.00    0.00   12.00     5      0.00      0.00 1171512  237840   3.10  |__fastlio_mapping

# Time        UID      TGID       TID    %usr %system  %guest   %wait    %CPU   CPU  minflt/s  majflt/s     VSZ     RSS   %MEM  Command
16时32分57秒  1000     31103         -   35.00    3.00    0.00    0.00   38.00     7  10417.00      0.00 1171672  238216   3.11  fastlio_mapping
16时32分57秒  1000         -     31103    7.00    2.00    0.00    0.00    9.00     7  10417.00      0.00 1171672  238216   3.11  |__fastlio_mapping
16时32分57秒  1000         -     31105    1.00    1.00    0.00    1.00    2.00    14      0.00      0.00 1171672  238216   3.11  |__fastlio_mapping
16时32分57秒  1000         -     31106    0.00    0.00    0.00    0.00    0.00    11      0.00      0.00 1171672  238216   3.11  |__fastlio_mapping
16时32分57秒  1000         -     31107    0.00    0.00    0.00    0.00    0.00    15      0.00      0.00 1171672  238216   3.11  |__fastlio_mapping
16时32分57秒  1000         -     31108    0.00    0.00    0.00    0.00    0.00     8      0.00      0.00 1171672  238216   3.11  |__fastlio_mapping
16时32分57秒  1000         -     31109    1.00    0.00    0.00    0.00    1.00     7      0.00      0.00 1171672  238216   3.11  |__fastlio_mapping
16时32分57秒  1000         -     31110    0.00    0.00    0.00    0.00    0.00     8      0.00      0.00 1171672  238216   3.11  |__fastlio_mapping
16时32分57秒  1000         -     31111    0.00    0.00    0.00    0.00    0.00    14      0.00      0.00 1171672  238216   3.11  |__fastlio_mapping
16时32分57秒  1000         -     31112    0.00    0.00    0.00    0.00    0.00    15      0.00      0.00 1171672  238216   3.11  |__fastlio_mapping
16时32分57秒  1000         -     31113    0.00    0.00    0.00    0.00    0.00     8      0.00      0.00 1171672  238216   3.11  |__fastlio_mapping
16时32分57秒  1000         -     31114    1.00    0.00    0.00    0.00    1.00    15      0.00      0.00 1171672  238216   3.11  |__fastlio_mapping
16时32分57秒  1000         -     31115    0.00    0.00    0.00    0.00    0.00    14      0.00      0.00 1171672  238216   3.11  |__fastlio_mapping
16时32分57秒  1000         -     31116    0.00    0.00    0.00    0.00    0.00    15      0.00      0.00 1171672  238216   3.11  |__fastlio_mapping
16时32分57秒  1000         -     31117    0.00    0.00    0.00    0.00    0.00    15      0.00      0.00 1171672  238216   3.11  |__fastlio_mapping
16时32分57秒  1000         -     31118   12.00    0.00    0.00    0.00   12.00     7      0.00      0.00 1171672  238216   3.11  |__fastlio_mapping
16时32分57秒  1000         -     31119   12.00    0.00    0.00    0.00   12.00     5      0.00      0.00 1171672  238216   3.11  |__fastlio_mapping

# Time        UID      TGID       TID    %usr %system  %guest   %wait    %CPU   CPU  minflt/s  majflt/s     VSZ     RSS   %MEM  Command
16时32分58秒  1000     31103         -   39.00    2.00    0.00    2.00   41.00     6  10459.00      0.00 1172372  238536   3.11  fastlio_mapping
16时32分58秒  1000         -     31103    8.00    2.00    0.00    2.00   10.00     6  10456.00      0.00 1172372  238536   3.11  |__fastlio_mapping
16时32分58秒  1000         -     31105    1.00    1.00    0.00    0.00    2.00    14      0.00      0.00 1172372  238536   3.11  |__fastlio_mapping
16时32分58秒  1000         -     31106    0.00    0.00    0.00    0.00    0.00    11      0.00      0.00 1172372  238536   3.11  |__fastlio_mapping
16时32分58秒  1000         -     31107    0.00    0.00    0.00    0.00    0.00    15      0.00      0.00 1172372  238536   3.11  |__fastlio_mapping
16时32分58秒  1000         -     31108    0.00    0.00    0.00    0.00    0.00     9      0.00      0.00 1172372  238536   3.11  |__fastlio_mapping
16时32分58秒  1000         -     31109    0.00    0.00    0.00    0.00    0.00     1      0.00      0.00 1172372  238536   3.11  |__fastlio_mapping
16时32分58秒  1000         -     31110    0.00    0.00    0.00    0.00    0.00     8      0.00      0.00 1172372  238536   3.11  |__fastlio_mapping
16时32分58秒  1000         -     31111    0.00    0.00    0.00    0.00    0.00     3      0.00      0.00 1172372  238536   3.11  |__fastlio_mapping
16时32分58秒  1000         -     31112    0.00    0.00    0.00    0.00    0.00     8      2.00      0.00 1172372  238536   3.11  |__fastlio_mapping
16时32分58秒  1000         -     31113    0.00    0.00    0.00    0.00    0.00     8      0.00      0.00 1172372  238536   3.11  |__fastlio_mapping
16时32分58秒  1000         -     31114    0.00    1.00    0.00    0.00    1.00     3      1.00      0.00 1172372  238536   3.11  |__fastlio_mapping
16时32分58秒  1000         -     31115    0.00    0.00    0.00    0.00    0.00     6      0.00      0.00 1172372  238536   3.11  |__fastlio_mapping
16时32分58秒  1000         -     31116    0.00    0.00    0.00    0.00    0.00     6      0.00      0.00 1172372  238536   3.11  |__fastlio_mapping
16时32分58秒  1000         -     31117    0.00    0.00    0.00    1.00    0.00    13      0.00      0.00 1172372  238536   3.11  |__fastlio_mapping
16时32分58秒  1000         -     31118   13.00    0.00    0.00    1.00   13.00     7      0.00      0.00 1172372  238536   3.11  |__fastlio_mapping
16时32分58秒  1000         -     31119   15.00    0.00    0.00    1.00   15.00     5      0.00      0.00 1172372  238536   3.11  |__fastlio_mapping

# Time        UID      TGID       TID    %usr %system  %guest   %wait    %CPU   CPU  minflt/s  majflt/s     VSZ     RSS   %MEM  Command
16时32分59秒  1000     31103         -   33.00    3.00    0.00    0.00   36.00     2  10493.00      0.00 1172528  238880   3.11  fastlio_mapping
16时32分59秒  1000         -     31103    5.00    2.00    0.00    0.00    7.00     2  10493.00      0.00 1172528  238880   3.11  |__fastlio_mapping
16时32分59秒  1000         -     31105    1.00    1.00    0.00    0.00    2.00     8      0.00      0.00 1172528  238880   3.11  |__fastlio_mapping
16时32分59秒  1000         -     31106    0.00    0.00    0.00    0.00    0.00    11      0.00      0.00 1172528  238880   3.11  |__fastlio_mapping
16时32分59秒  1000         -     31107    0.00    0.00    0.00    0.00    0.00    15      0.00      0.00 1172528  238880   3.11  |__fastlio_mapping
16时32分59秒  1000         -     31108    0.00    0.00    0.00    0.00    0.00     9      0.00      0.00 1172528  238880   3.11  |__fastlio_mapping
16时32分59秒  1000         -     31109    0.00    0.00    0.00    0.00    0.00     3      0.00      0.00 1172528  238880   3.11  |__fastlio_mapping
16时32分59秒  1000         -     31110    0.00    0.00    0.00    0.00    0.00     8      0.00      0.00 1172528  238880   3.11  |__fastlio_mapping
16时32分59秒  1000         -     31111    0.00    0.00    0.00    0.00    0.00    10      0.00      0.00 1172528  238880   3.11  |__fastlio_mapping
16时32分59秒  1000         -     31112    0.00    0.00    0.00    0.00    0.00    11      0.00      0.00 1172528  238880   3.11  |__fastlio_mapping
16时32分59秒  1000         -     31113    0.00    0.00    0.00    0.00    0.00     8      0.00      0.00 1172528  238880   3.11  |__fastlio_mapping
16时32分59秒  1000         -     31114    1.00    0.00    0.00    0.00    1.00     4      0.00      0.00 1172528  238880   3.11  |__fastlio_mapping
16时32分59秒  1000         -     31115    0.00    0.00    0.00    0.00    0.00     6      0.00      0.00 1172528  238880   3.11  |__fastlio_mapping
16时32分59秒  1000         -     31116    0.00    0.00    0.00    0.00    0.00     6      0.00      0.00 1172528  238880   3.11  |__fastlio_mapping
16时32分59秒  1000         -     31117    1.00    0.00    0.00    0.00    1.00    15      0.00      0.00 1172528  238880   3.11  |__fastlio_mapping
16时32分59秒  1000         -     31118   13.00    0.00    0.00    0.00   13.00     7      0.00      0.00 1172528  238880   3.11  |__fastlio_mapping
16时32分59秒  1000         -     31119   12.00    0.00    0.00    0.00   12.00     5      0.00      0.00 1172528  238880   3.11  |__fastlio_mapping

# Time        UID      TGID       TID    %usr %system  %guest   %wait    %CPU   CPU  minflt/s  majflt/s     VSZ     RSS   %MEM  Command
16时33分00秒  1000     31103         -   33.00    3.00    0.00    0.00   36.00     7  10536.00      0.00 1172692  239204   3.12  fastlio_mapping
16时33分00秒  1000         -     31103    7.00    1.00    0.00    0.00    8.00     7  10536.00      0.00 1172692  239204   3.12  |__fastlio_mapping
16时33分00秒  1000         -     31105    1.00    1.00    0.00    1.00    2.00     8      0.00      0.00 1172692  239204   3.12  |__fastlio_mapping
16时33分00秒  1000         -     31106    0.00    0.00    0.00    0.00    0.00    11      0.00      0.00 1172692  239204   3.12  |__fastlio_mapping
16时33分00秒  1000         -     31107    0.00    0.00    0.00    0.00    0.00    15      0.00      0.00 1172692  239204   3.12  |__fastlio_mapping
16时33分00秒  1000         -     31108    0.00    0.00    0.00    0.00    0.00     8      0.00      0.00 1172692  239204   3.12  |__fastlio_mapping
16时33分00秒  1000         -     31109    0.00    0.00    0.00    0.00    0.00    12      0.00      0.00 1172692  239204   3.12  |__fastlio_mapping
16时33分00秒  1000         -     31110    0.00    0.00    0.00    0.00    0.00     8      0.00      0.00 1172692  239204   3.12  |__fastlio_mapping
16时33分00秒  1000         -     31111    0.00    0.00    0.00    0.00    0.00    10      0.00      0.00 1172692  239204   3.12  |__fastlio_mapping
16时33分00秒  1000         -     31112    0.00    0.00    0.00    0.00    0.00    11      0.00      0.00 1172692  239204   3.12  |__fastlio_mapping
16时33分00秒  1000         -     31113    0.00    0.00    0.00    0.00    0.00     8      0.00      0.00 1172692  239204   3.12  |__fastlio_mapping
16时33分00秒  1000         -     31114    1.00    0.00    0.00    0.00    1.00    15      0.00      0.00 1172692  239204   3.12  |__fastlio_mapping
16时33分00秒  1000         -     31115    0.00    0.00    0.00    0.00    0.00     6      0.00      0.00 1172692  239204   3.12  |__fastlio_mapping
16时33分00秒  1000         -     31116    0.00    0.00    0.00    0.00    0.00     6      0.00      0.00 1172692  239204   3.12  |__fastlio_mapping
16时33分00秒  1000         -     31117    0.00    1.00    0.00    0.00    1.00     7      0.00      0.00 1172692  239204   3.12  |__fastlio_mapping
16时33分00秒  1000         -     31118   12.00    0.00    0.00    0.00   12.00     7      0.00      0.00 1172692  239204   3.12  |__fastlio_mapping
16时33分00秒  1000         -     31119   12.00    0.00    0.00    0.00   12.00     5      0.00      0.00 1172692  239204   3.12  |__fastlio_mapping

# Time        UID      TGID       TID    %usr %system  %guest   %wait    %CPU   CPU  minflt/s  majflt/s     VSZ     RSS   %MEM  Command
16时33分01秒  1000     31103         -   38.00    3.00    0.00    2.00   41.00    13  10583.00      0.00 1173396  239700   3.13  fastlio_mapping
16时33分01秒  1000         -     31103    7.00    3.00    0.00    2.00   10.00    13  10580.00      0.00 1173396  239700   3.13  |__fastlio_mapping
16时33分01秒  1000         -     31105    1.00    1.00    0.00    0.00    2.00    11      0.00      0.00 1173396  239700   3.13  |__fastlio_mapping
16时33分01秒  1000         -     31106    0.00    0.00    0.00    0.00    0.00    11      0.00      0.00 1173396  239700   3.13  |__fastlio_mapping
16时33分01秒  1000         -     31107    0.00    0.00    0.00    0.00    0.00    15      0.00      0.00 1173396  239700   3.13  |__fastlio_mapping
16时33分01秒  1000         -     31108    0.00    0.00    0.00    0.00    0.00     8      0.00      0.00 1173396  239700   3.13  |__fastlio_mapping
16时33分01秒  1000         -     31109    0.00    0.00    0.00    0.00    0.00    12      0.00      0.00 1173396  239700   3.13  |__fastlio_mapping
16时33分01秒  1000         -     31110    0.00    0.00    0.00    0.00    0.00     8      0.00      0.00 1173396  239700   3.13  |__fastlio_mapping
16时33分01秒  1000         -     31111    0.00    0.00    0.00    0.00    0.00     9      0.00      0.00 1173396  239700   3.13  |__fastlio_mapping
16时33分01秒  1000         -     31112    0.00    0.00    0.00    0.00    0.00     8      2.00      0.00 1173396  239700   3.13  |__fastlio_mapping
16时33分01秒  1000         -     31113    0.00    0.00    0.00    0.00    0.00     8      0.00      0.00 1173396  239700   3.13  |__fastlio_mapping
16时33分01秒  1000         -     31114    0.00    0.00    0.00    0.00    0.00     2      1.00      0.00 1173396  239700   3.13  |__fastlio_mapping
16时33分01秒  1000         -     31115    0.00    0.00    0.00    0.00    0.00     6      0.00      0.00 1173396  239700   3.13  |__fastlio_mapping
16时33分01秒  1000         -     31116    0.00    0.00    0.00    0.00    0.00    13      0.00      0.00 1173396  239700   3.13  |__fastlio_mapping
16时33分01秒  1000         -     31117    1.00    0.00    0.00    0.00    1.00    15      0.00      0.00 1173396  239700   3.13  |__fastlio_mapping
16时33分01秒  1000         -     31118   13.00    0.00    0.00    1.00   13.00     7      0.00      0.00 1173396  239700   3.13  |__fastlio_mapping
16时33分01秒  1000         -     31119   14.00    0.00    0.00    0.00   14.00     5      0.00      0.00 1173396  239700   3.13  |__fastlio_mapping

# Time        UID      TGID       TID    %usr %system  %guest   %wait    %CPU   CPU  minflt/s  majflt/s     VSZ     RSS   %MEM  Command
16时33分02秒  1000     31103         -   33.00    4.00    0.00    0.00   37.00    10  10629.00      0.00 1173572  240012   3.13  fastlio_mapping
16时33分02秒  1000         -     31103    6.00    2.00    0.00    0.00    8.00    10  10629.00      0.00 1173572  240012   3.13  |__fastlio_mapping
16时33分02秒  1000         -     31105    1.00    2.00    0.00    0.00    3.00     9      0.00      0.00 1173572  240012   3.13  |__fastlio_mapping
16时33分02秒  1000         -     31106    0.00    0.00    0.00    0.00    0.00    11      0.00      0.00 1173572  240012   3.13  |__fastlio_mapping
16时33分02秒  1000         -     31107    0.00    0.00    0.00    0.00    0.00    15      0.00      0.00 1173572  240012   3.13  |__fastlio_mapping
16时33分02秒  1000         -     31108    0.00    0.00    0.00    0.00    0.00     8      0.00      0.00 1173572  240012   3.13  |__fastlio_mapping
16时33分02秒  1000         -     31109    0.00    0.00    0.00    0.00    0.00    14      0.00      0.00 1173572  240012   3.13  |__fastlio_mapping
16时33分02秒  1000         -     31110    0.00    0.00    0.00    0.00    0.00     8      0.00      0.00 1173572  240012   3.13  |__fastlio_mapping
16时33分02秒  1000         -     31111    0.00    0.00    0.00    0.00    0.00    15      0.00      0.00 1173572  240012   3.13  |__fastlio_mapping
16时33分02秒  1000         -     31112    0.00    0.00    0.00    0.00    0.00    12      0.00      0.00 1173572  240012   3.13  |__fastlio_mapping
16时33分02秒  1000         -     31113    0.00    0.00    0.00    0.00    0.00     8      0.00      0.00 1173572  240012   3.13  |__fastlio_mapping
16时33分02秒  1000         -     31114    1.00    0.00    0.00    0.00    1.00     4      0.00      0.00 1173572  240012   3.13  |__fastlio_mapping
16时33分02秒  1000         -     31115    0.00    0.00    0.00    0.00    0.00     6      0.00      0.00 1173572  240012   3.13  |__fastlio_mapping
16时33分02秒  1000         -     31116    0.00    0.00    0.00    0.00    0.00    13      0.00      0.00 1173572  240012   3.13  |__fastlio_mapping
16时33分02秒  1000         -     31117    1.00    0.00    0.00    0.00    1.00     9      0.00      0.00 1173572  240012   3.13  |__fastlio_mapping
16时33分02秒  1000         -     31118   12.00    0.00    0.00    0.00   12.00     7      0.00      0.00 1173572  240012   3.13  |__fastlio_mapping
16时33分02秒  1000         -     31119   12.00    0.00    0.00    0.00   12.00     5      0.00      0.00 1173572  240012   3.13  |__fastlio_mapping

# Time        UID      TGID       TID    %usr %system  %guest   %wait    %CPU   CPU  minflt/s  majflt/s     VSZ     RSS   %MEM  Command
16时33分03秒  1000     31103         -   34.00    3.00    0.00    0.00   37.00     2  10670.00      0.00 1173204  240356   3.13  fastlio_mapping
16时33分03秒  1000         -     31103    7.00    2.00    0.00    0.00    9.00     2  10670.00      0.00 1173204  240356   3.13  |__fastlio_mapping
16时33分03秒  1000         -     31105    1.00    1.00    0.00    0.00    2.00    14      0.00      0.00 1173204  240356   3.13  |__fastlio_mapping
16时33分03秒  1000         -     31106    0.00    0.00    0.00    0.00    0.00    11      0.00      0.00 1173204  240356   3.13  |__fastlio_mapping
16时33分03秒  1000         -     31107    0.00    0.00    0.00    0.00    0.00    15      0.00      0.00 1173204  240356   3.13  |__fastlio_mapping
16时33分03秒  1000         -     31108    0.00    0.00    0.00    0.00    0.00    10      0.00      0.00 1173204  240356   3.13  |__fastlio_mapping
16时33分03秒  1000         -     31109    0.00    0.00    0.00    0.00    0.00    14      0.00      0.00 1173204  240356   3.13  |__fastlio_mapping
16时33分03秒  1000         -     31110    0.00    0.00    0.00    0.00    0.00     8      0.00      0.00 1173204  240356   3.13  |__fastlio_mapping
16时33分03秒  1000         -     31111    0.00    0.00    0.00    0.00    0.00    15      0.00      0.00 1173204  240356   3.13  |__fastlio_mapping
16时33分03秒  1000         -     31112    0.00    0.00    0.00    0.00    0.00    12      0.00      0.00 1173204  240356   3.13  |__fastlio_mapping
16时33分03秒  1000         -     31113    0.00    0.00    0.00    0.00    0.00     8      0.00      0.00 1173204  240356   3.13  |__fastlio_mapping
16时33分03秒  1000         -     31114    1.00    0.00    0.00    0.00    1.00     4      0.00      0.00 1173204  240356   3.13  |__fastlio_mapping
16时33分03秒  1000         -     31115    0.00    0.00    0.00    0.00    0.00     6      0.00      0.00 1173204  240356   3.13  |__fastlio_mapping
16时33分03秒  1000         -     31116    0.00    0.00    0.00    0.00    0.00    13      0.00      0.00 1173204  240356   3.13  |__fastlio_mapping
16时33分03秒  1000         -     31117    0.00    0.00    0.00    0.00    0.00     4      0.00      0.00 1173204  240356   3.13  |__fastlio_mapping
16时33分03秒  1000         -     31118   12.00    0.00    0.00    0.00   12.00     7      0.00      0.00 1173204  240356   3.13  |__fastlio_mapping
16时33分03秒  1000         -     31119   13.00    0.00    0.00    0.00   13.00     5      0.00      0.00 1173204  240356   3.13  |__fastlio_mapping

# Time        UID      TGID       TID    %usr %system  %guest   %wait    %CPU   CPU  minflt/s  majflt/s     VSZ     RSS   %MEM  Command
16时33分04秒  1000     31103         -   33.00    3.00    0.00    0.00   36.00     2  10710.00      0.00 1173372  240472   3.14  fastlio_mapping
16时33分04秒  1000         -     31103    6.00    2.00    0.00    0.00    8.00     2  10710.00      0.00 1173372  240472   3.14  |__fastlio_mapping
16时33分04秒  1000         -     31105    2.00    1.00    0.00    0.00    3.00    11      0.00      0.00 1173372  240472   3.14  |__fastlio_mapping
16时33分04秒  1000         -     31106    0.00    0.00    0.00    0.00    0.00    11      0.00      0.00 1173372  240472   3.14  |__fastlio_mapping
16时33分04秒  1000         -     31107    0.00    0.00    0.00    0.00    0.00    15      0.00      0.00 1173372  240472   3.14  |__fastlio_mapping
16时33分04秒  1000         -     31108    0.00    0.00    0.00    0.00    0.00     8      0.00      0.00 1173372  240472   3.14  |__fastlio_mapping
16时33分04秒  1000         -     31109    0.00    1.00    0.00    0.00    1.00    11      0.00      0.00 1173372  240472   3.14  |__fastlio_mapping
16时33分04秒  1000         -     31110    0.00    0.00    0.00    0.00    0.00     8      0.00      0.00 1173372  240472   3.14  |__fastlio_mapping
16时33分04秒  1000         -     31111    0.00    0.00    0.00    0.00    0.00    12      0.00      0.00 1173372  240472   3.14  |__fastlio_mapping
16时33分04秒  1000         -     31112    0.00    0.00    0.00    0.00    0.00     6      0.00      0.00 1173372  240472   3.14  |__fastlio_mapping
16时33分04秒  1000         -     31113    0.00    0.00    0.00    0.00    0.00     8      0.00      0.00 1173372  240472   3.14  |__fastlio_mapping
16时33分04秒  1000         -     31114    0.00    0.00    0.00    0.00    0.00     8      0.00      0.00 1173372  240472   3.14  |__fastlio_mapping
16时33分04秒  1000         -     31115    0.00    0.00    0.00    0.00    0.00     6      0.00      0.00 1173372  240472   3.14  |__fastlio_mapping
16时33分04秒  1000         -     31116    0.00    0.00    0.00    0.00    0.00    13      0.00      0.00 1173372  240472   3.14  |__fastlio_mapping
16时33分04秒  1000         -     31117    0.00    0.00    0.00    0.00    0.00     4      0.00      0.00 1173372  240472   3.14  |__fastlio_mapping
16时33分04秒  1000         -     31118   13.00    0.00    0.00    0.00   13.00     7      0.00      0.00 1173372  240472   3.14  |__fastlio_mapping
16时33分04秒  1000         -     31119   12.00    0.00    0.00    0.00   12.00     5      0.00      0.00 1173372  240472   3.14  |__fastlio_mapping

# Time        UID      TGID       TID    %usr %system  %guest   %wait    %CPU   CPU  minflt/s  majflt/s     VSZ     RSS   %MEM  Command
16时33分05秒  1000     31103         -   33.00    4.00    0.00    0.00   37.00     2  10752.00      0.00 1173540  240808   3.14  fastlio_mapping
16时33分05秒  1000         -     31103    5.00    3.00    0.00    0.00    8.00     2  10752.00      0.00 1173540  240808   3.14  |__fastlio_mapping
16时33分05秒  1000         -     31105    1.00    1.00    0.00    0.00    2.00     6      0.00      0.00 1173540  240808   3.14  |__fastlio_mapping
16时33分05秒  1000         -     31106    0.00    0.00    0.00    0.00    0.00    11      0.00      0.00 1173540  240808   3.14  |__fastlio_mapping
16时33分05秒  1000         -     31107    0.00    0.00    0.00    0.00    0.00    15      0.00      0.00 1173540  240808   3.14  |__fastlio_mapping
16时33分05秒  1000         -     31108    0.00    0.00    0.00    0.00    0.00    10      0.00      0.00 1173540  240808   3.14  |__fastlio_mapping
16时33分05秒  1000         -     31109    0.00    0.00    0.00    0.00    0.00     9      0.00      0.00 1173540  240808   3.14  |__fastlio_mapping
16时33分05秒  1000         -     31110    0.00    0.00    0.00    0.00    0.00     8      0.00      0.00 1173540  240808   3.14  |__fastlio_mapping
16时33分05秒  1000         -     31111    0.00    0.00    0.00    0.00    0.00    12      0.00      0.00 1173540  240808   3.14  |__fastlio_mapping
16时33分05秒  1000         -     31112    0.00    0.00    0.00    0.00    0.00    13      0.00      0.00 1173540  240808   3.14  |__fastlio_mapping
16时33分05秒  1000         -     31113    0.00    0.00    0.00    0.00    0.00     8      0.00      0.00 1173540  240808   3.14  |__fastlio_mapping
16时33分05秒  1000         -     31114    1.00    0.00    0.00    0.00    1.00     8      0.00      0.00 1173540  240808   3.14  |__fastlio_mapping
16时33分05秒  1000         -     31115    0.00    0.00    0.00    0.00    0.00     6      0.00      0.00 1173540  240808   3.14  |__fastlio_mapping
16时33分05秒  1000         -     31116    0.00    0.00    0.00    0.00    0.00    13      0.00      0.00 1173540  240808   3.14  |__fastlio_mapping
16时33分05秒  1000         -     31117    1.00    0.00    0.00    0.00    1.00     8      0.00      0.00 1173540  240808   3.14  |__fastlio_mapping
16时33分05秒  1000         -     31118   12.00    0.00    0.00    0.00   12.00     7      0.00      0.00 1173540  240808   3.14  |__fastlio_mapping
16时33分05秒  1000         -     31119   12.00    0.00    0.00    0.00   12.00     5      0.00      0.00 1173540  240808   3.14  |__fastlio_mapping

# Time        UID      TGID       TID    %usr %system  %guest   %wait    %CPU   CPU  minflt/s  majflt/s     VSZ     RSS   %MEM  Command
16时33分06秒  1000     31103         -   33.00    3.00    0.00    0.00   36.00     9  10791.00      0.00 1173704  241144   3.14  fastlio_mapping
16时33分06秒  1000         -     31103    7.00    2.00    0.00    0.00    9.00     9  10791.00      0.00 1173704  241144   3.14  |__fastlio_mapping
16时33分06秒  1000         -     31105    1.00    1.00    0.00    0.00    2.00     9      0.00      0.00 1173704  241144   3.14  |__fastlio_mapping
16时33分06秒  1000         -     31106    0.00    0.00    0.00    0.00    0.00    10      0.00      0.00 1173704  241144   3.14  |__fastlio_mapping
16时33分06秒  1000         -     31107    0.00    0.00    0.00    0.00    0.00    15      0.00      0.00 1173704  241144   3.14  |__fastlio_mapping
16时33分06秒  1000         -     31108    0.00    0.00    0.00    0.00    0.00    10      0.00      0.00 1173704  241144   3.14  |__fastlio_mapping
16时33分06秒  1000         -     31109    0.00    0.00    0.00    0.00    0.00     8      0.00      0.00 1173704  241144   3.14  |__fastlio_mapping
16时33分06秒  1000         -     31110    0.00    0.00    0.00    0.00    0.00     8      0.00      0.00 1173704  241144   3.14  |__fastlio_mapping
16时33分06秒  1000         -     31111    0.00    0.00    0.00    0.00    0.00    12      0.00      0.00 1173704  241144   3.14  |__fastlio_mapping
16时33分06秒  1000         -     31112    0.00    0.00    0.00    0.00    0.00    13      0.00      0.00 1173704  241144   3.14  |__fastlio_mapping
16时33分06秒  1000         -     31113    0.00    0.00    0.00    0.00    0.00     8      0.00      0.00 1173704  241144   3.14  |__fastlio_mapping
16时33分06秒  1000         -     31114    1.00    0.00    0.00    0.00    1.00    15      0.00      0.00 1173704  241144   3.14  |__fastlio_mapping
16时33分06秒  1000         -     31115    0.00    0.00    0.00    0.00    0.00     6      0.00      0.00 1173704  241144   3.14  |__fastlio_mapping
16时33分06秒  1000         -     31116    0.00    0.00    0.00    0.00    0.00    13      0.00      0.00 1173704  241144   3.14  |__fastlio_mapping
16时33分06秒  1000         -     31117    0.00    1.00    0.00    0.00    1.00    10      0.00      0.00 1173704  241144   3.14  |__fastlio_mapping
16时33分06秒  1000         -     31118   12.00    0.00    0.00    0.00   12.00     7      0.00      0.00 1173704  241144   3.14  |__fastlio_mapping
16时33分06秒  1000         -     31119   12.00    0.00    0.00    0.00   12.00     4      0.00      0.00 1173704  241144   3.14  |__fastlio_mapping

# Time        UID      TGID       TID    %usr %system  %guest   %wait    %CPU   CPU  minflt/s  majflt/s     VSZ     RSS   %MEM  Command
16时33分07秒  1000     31103         -   33.00    4.00    0.00    0.00   37.00     4  10823.00      0.00 1173316  241316   3.15  fastlio_mapping
16时33分07秒  1000         -     31103    6.00    2.00    0.00    0.00    8.00     4  10823.00      0.00 1173316  241316   3.15  |__fastlio_mapping
16时33分07秒  1000         -     31105    1.00    2.00    0.00    0.00    3.00    10      0.00      0.00 1173316  241316   3.15  |__fastlio_mapping
16时33分07秒  1000         -     31106    0.00    0.00    0.00    0.00    0.00    10      0.00      0.00 1173316  241316   3.15  |__fastlio_mapping
16时33分07秒  1000         -     31107    0.00    0.00    0.00    0.00    0.00    15      0.00      0.00 1173316  241316   3.15  |__fastlio_mapping
16时33分07秒  1000         -     31108    0.00    0.00    0.00    0.00    0.00     0      0.00      0.00 1173316  241316   3.15  |__fastlio_mapping
16时33分07秒  1000         -     31109    1.00    0.00    0.00    0.00    1.00    13      0.00      0.00 1173316  241316   3.15  |__fastlio_mapping
16时33分07秒  1000         -     31110    0.00    0.00    0.00    0.00    0.00     8      0.00      0.00 1173316  241316   3.15  |__fastlio_mapping
16时33分07秒  1000         -     31111    0.00    0.00    0.00    0.00    0.00    12      0.00      0.00 1173316  241316   3.15  |__fastlio_mapping
16时33分07秒  1000         -     31112    0.00    0.00    0.00    0.00    0.00    13      0.00      0.00 1173316  241316   3.15  |__fastlio_mapping
16时33分07秒  1000         -     31113    0.00    0.00    0.00    0.00    0.00     8      0.00      0.00 1173316  241316   3.15  |__fastlio_mapping
16时33分07秒  1000         -     31114    1.00    0.00    0.00    0.00    1.00    15      0.00      0.00 1173316  241316   3.15  |__fastlio_mapping
16时33分07秒  1000         -     31115    0.00    0.00    0.00    0.00    0.00     6      0.00      0.00 1173316  241316   3.15  |__fastlio_mapping
16时33分07秒  1000         -     31116    0.00    0.00    0.00    0.00    0.00    13      0.00      0.00 1173316  241316   3.15  |__fastlio_mapping
16时33分07秒  1000         -     31117    1.00    0.00    0.00    0.00    1.00    12      0.00      0.00 1173316  241316   3.15  |__fastlio_mapping
16时33分07秒  1000         -     31118   12.00    0.00    0.00    0.00   12.00     0      0.00      0.00 1173316  241316   3.15  |__fastlio_mapping
16时33分07秒  1000         -     31119   12.00    0.00    0.00    0.00   12.00     3      0.00      0.00 1173316  241316   3.15  |__fastlio_mapping

# Time        UID      TGID       TID    %usr %system  %guest   %wait    %CPU   CPU  minflt/s  majflt/s     VSZ     RSS   %MEM  Command
16时33分08秒  1000     31103         -   30.00    4.00    0.00    0.00   34.00     5  10852.00      0.00 1173456  241596   3.15  fastlio_mapping
16时33分08秒  1000         -     31103    5.00    2.00    0.00    0.00    7.00     5  10852.00      0.00 1173456  241596   3.15  |__fastlio_mapping
16时33分08秒  1000         -     31105    0.00    1.00    0.00    0.00    1.00     6      0.00      0.00 1173456  241596   3.15  |__fastlio_mapping
16时33分08秒  1000         -     31106    0.00    0.00    0.00    0.00    0.00    10      0.00      0.00 1173456  241596   3.15  |__fastlio_mapping
16时33分08秒  1000         -     31107    0.00    0.00    0.00    0.00    0.00    15      0.00      0.00 1173456  241596   3.15  |__fastlio_mapping
16时33分08秒  1000         -     31108    0.00    0.00    0.00    0.00    0.00     0      0.00      0.00 1173456  241596   3.15  |__fastlio_mapping
16时33分08秒  1000         -     31109    0.00    0.00    0.00    0.00    0.00    10      0.00      0.00 1173456  241596   3.15  |__fastlio_mapping
16时33分08秒  1000         -     31110    0.00    0.00    0.00    0.00    0.00     8      0.00      0.00 1173456  241596   3.15  |__fastlio_mapping
16时33分08秒  1000         -     31111    0.00    0.00    0.00    0.00    0.00    15      0.00      0.00 1173456  241596   3.15  |__fastlio_mapping
16时33分08秒  1000         -     31112    0.00    0.00    0.00    0.00    0.00    13      0.00      0.00 1173456  241596   3.15  |__fastlio_mapping
16时33分08秒  1000         -     31113    0.00    0.00    0.00    0.00    0.00     8      0.00      0.00 1173456  241596   3.15  |__fastlio_mapping
16时33分08秒  1000         -     31114    0.00    1.00    0.00    0.00    1.00    15      0.00      0.00 1173456  241596   3.15  |__fastlio_mapping
16时33分08秒  1000         -     31115    0.00    0.00    0.00    0.00    0.00     6      0.00      0.00 1173456  241596   3.15  |__fastlio_mapping
16时33分08秒  1000         -     31116    0.00    0.00    0.00    0.00    0.00    13      0.00      0.00 1173456  241596   3.15  |__fastlio_mapping
16时33分08秒  1000         -     31117    0.00    0.00    0.00    0.00    0.00    11      0.00      0.00 1173456  241596   3.15  |__fastlio_mapping
16时33分08秒  1000         -     31118   12.00    0.00    0.00    0.00   12.00    12      0.00      0.00 1173456  241596   3.15  |__fastlio_mapping
16时33分08秒  1000         -     31119   12.00    0.00    0.00    0.00   12.00     3      0.00      0.00 1173456  241596   3.15  |__fastlio_mapping

# Time        UID      TGID       TID    %usr %system  %guest   %wait    %CPU   CPU  minflt/s  majflt/s     VSZ     RSS   %MEM  Command
16时33分09秒  1000     31103         -   31.00    4.00    0.00    0.00   35.00     5  10878.00      0.00 1173584  241852   3.15  fastlio_mapping
16时33分09秒  1000         -     31103    5.00    1.00    0.00    0.00    6.00     5  10878.00      0.00 1173584  241852   3.15  |__fastlio_mapping
16时33分09秒  1000         -     31105    1.00    2.00    0.00    0.00    3.00    14      0.00      0.00 1173584  241852   3.15  |__fastlio_mapping
16时33分09秒  1000         -     31106    0.00    0.00    0.00    0.00    0.00    10      0.00      0.00 1173584  241852   3.15  |__fastlio_mapping
16时33分09秒  1000         -     31107    0.00    0.00    0.00    0.00    0.00    15      0.00      0.00 1173584  241852   3.15  |__fastlio_mapping
16时33分09秒  1000         -     31108    0.00    0.00    0.00    0.00    0.00     0      0.00      0.00 1173584  241852   3.15  |__fastlio_mapping
16时33分09秒  1000         -     31109    0.00    0.00    0.00    0.00    0.00    10      0.00      0.00 1173584  241852   3.15  |__fastlio_mapping
16时33分09秒  1000         -     31110    0.00    0.00    0.00    0.00    0.00     8      0.00      0.00 1173584  241852   3.15  |__fastlio_mapping
16时33分09秒  1000         -     31111    0.00    0.00    0.00    0.00    0.00    15      0.00      0.00 1173584  241852   3.15  |__fastlio_mapping
16时33分09秒  1000         -     31112    0.00    0.00    0.00    0.00    0.00    13      0.00      0.00 1173584  241852   3.15  |__fastlio_mapping
16时33分09秒  1000         -     31113    0.00    0.00    0.00    0.00    0.00     8      0.00      0.00 1173584  241852   3.15  |__fastlio_mapping
16时33分09秒  1000         -     31114    1.00    0.00    0.00    0.00    1.00    12      0.00      0.00 1173584  241852   3.15  |__fastlio_mapping
16时33分09秒  1000         -     31115    0.00    0.00    0.00    0.00    0.00     6      0.00      0.00 1173584  241852   3.15  |__fastlio_mapping
16时33分09秒  1000         -     31116    0.00    0.00    0.00    0.00    0.00    13      0.00      0.00 1173584  241852   3.15  |__fastlio_mapping
16时33分09秒  1000         -     31117    1.00    0.00    0.00    0.00    1.00     9      0.00      0.00 1173584  241852   3.15  |__fastlio_mapping
16时33分09秒  1000         -     31118   11.00    0.00    0.00    0.00   11.00     6      0.00      0.00 1173584  241852   3.15  |__fastlio_mapping
16时33分09秒  1000         -     31119   13.00    0.00    0.00    0.00   13.00     3      0.00      0.00 1173584  241852   3.15  |__fastlio_mapping

# Time        UID      TGID       TID    %usr %system  %guest   %wait    %CPU   CPU  minflt/s  majflt/s     VSZ     RSS   %MEM  Command
16时33分10秒  1000     31103         -   32.00    3.00    0.00    0.00   35.00     5  10907.00      0.00 1173708  242100   3.16  fastlio_mapping
16时33分10秒  1000         -     31103    6.00    2.00    0.00    0.00    8.00     5  10907.00      0.00 1173708  242100   3.16  |__fastlio_mapping
16时33分10秒  1000         -     31105    2.00    0.00    0.00    0.00    2.00    14      0.00      0.00 1173708  242100   3.16  |__fastlio_mapping
16时33分10秒  1000         -     31106    0.00    0.00    0.00    0.00    0.00    10      0.00      0.00 1173708  242100   3.16  |__fastlio_mapping
16时33分10秒  1000         -     31107    0.00    0.00    0.00    0.00    0.00    15      0.00      0.00 1173708  242100   3.16  |__fastlio_mapping
16时33分10秒  1000         -     31108    0.00    0.00    0.00    0.00    0.00     2      0.00      0.00 1173708  242100   3.16  |__fastlio_mapping
16时33分10秒  1000         -     31109    0.00    0.00    0.00    0.00    0.00    15      0.00      0.00 1173708  242100   3.16  |__fastlio_mapping
16时33分10秒  1000         -     31110    0.00    0.00    0.00    0.00    0.00     8      0.00      0.00 1173708  242100   3.16  |__fastlio_mapping
16时33分10秒  1000         -     31111    0.00    0.00    0.00    0.00    0.00    15      0.00      0.00 1173708  242100   3.16  |__fastlio_mapping
16时33分10秒  1000         -     31112    0.00    0.00    0.00    0.00    0.00     2      0.00      0.00 1173708  242100   3.16  |__fastlio_mapping
16时33分10秒  1000         -     31113    0.00    0.00    0.00    0.00    0.00     8      0.00      0.00 1173708  242100   3.16  |__fastlio_mapping
16时33分10秒  1000         -     31114    1.00    0.00    0.00    0.00    1.00    12      0.00      0.00 1173708  242100   3.16  |__fastlio_mapping
16时33分10秒  1000         -     31115    0.00    0.00    0.00    0.00    0.00     6      0.00      0.00 1173708  242100   3.16  |__fastlio_mapping
16时33分10秒  1000         -     31116    0.00    0.00    0.00    0.00    0.00    13      0.00      0.00 1173708  242100   3.16  |__fastlio_mapping
16时33分10秒  1000         -     31117    0.00    0.00    0.00    0.00    0.00    13      0.00      0.00 1173708  242100   3.16  |__fastlio_mapping
16时33分10秒  1000         -     31118   12.00    0.00    0.00    0.00   12.00     7      0.00      0.00 1173708  242100   3.16  |__fastlio_mapping
16时33分10秒  1000         -     31119   12.00    0.00    0.00    0.00   12.00     3      0.00      0.00 1173708  242100   3.16  |__fastlio_mapping

# Time        UID      TGID       TID    %usr %system  %guest   %wait    %CPU   CPU  minflt/s  majflt/s     VSZ     RSS   %MEM  Command
16时33分11秒  1000     31103         -   32.00    3.00    0.00    0.00   35.00     5  10938.00      0.00 1173832  242348   3.16  fastlio_mapping
16时33分11秒  1000         -     31103    5.00    2.00    0.00    0.00    7.00     5  10938.00      0.00 1173832  242348   3.16  |__fastlio_mapping
16时33分11秒  1000         -     31105    1.00    2.00    0.00    0.00    3.00    11      0.00      0.00 1173832  242348   3.16  |__fastlio_mapping
16时33分11秒  1000         -     31106    0.00    0.00    0.00    0.00    0.00    10      0.00      0.00 1173832  242348   3.16  |__fastlio_mapping
16时33分11秒  1000         -     31107    0.00    0.00    0.00    0.00    0.00    15      0.00      0.00 1173832  242348   3.16  |__fastlio_mapping
16时33分11秒  1000         -     31108    0.00    0.00    0.00    0.00    0.00     2      0.00      0.00 1173832  242348   3.16  |__fastlio_mapping
16时33分11秒  1000         -     31109    0.00    0.00    0.00    0.00    0.00     8      0.00      0.00 1173832  242348   3.16  |__fastlio_mapping
16时33分11秒  1000         -     31110    0.00    0.00    0.00    0.00    0.00     8      0.00      0.00 1173832  242348   3.16  |__fastlio_mapping
16时33分11秒  1000         -     31111    0.00    0.00    0.00    0.00    0.00    15      0.00      0.00 1173832  242348   3.16  |__fastlio_mapping
16时33分11秒  1000         -     31112    0.00    0.00    0.00    0.00    0.00    12      0.00      0.00 1173832  242348   3.16  |__fastlio_mapping
16时33分11秒  1000         -     31113    0.00    0.00    0.00    0.00    0.00     8      0.00      0.00 1173832  242348   3.16  |__fastlio_mapping
16时33分11秒  1000         -     31114    0.00    0.00    0.00    0.00    0.00     6      0.00      0.00 1173832  242348   3.16  |__fastlio_mapping
16时33分11秒  1000         -     31115    0.00    0.00    0.00    0.00    0.00     6      0.00      0.00 1173832  242348   3.16  |__fastlio_mapping
16时33分11秒  1000         -     31116    0.00    0.00    0.00    0.00    0.00    13      0.00      0.00 1173832  242348   3.16  |__fastlio_mapping
16时33分11秒  1000         -     31117    1.00    1.00    0.00    0.00    2.00    10      0.00      0.00 1173832  242348   3.16  |__fastlio_mapping
16时33分11秒  1000         -     31118   12.00    0.00    0.00    0.00   12.00     7      0.00      0.00 1173832  242348   3.16  |__fastlio_mapping
16时33分11秒  1000         -     31119   12.00    0.00    0.00    0.00   12.00     3      0.00      0.00 1173832  242348   3.16  |__fastlio_mapping

# Time        UID      TGID       TID    %usr %system  %guest   %wait    %CPU   CPU  minflt/s  majflt/s     VSZ     RSS   %MEM  Command
16时33分12秒  1000     31103         -   32.00    2.00    0.00    0.00   34.00     5  10970.00      0.00 1173960  242600   3.16  fastlio_mapping
16时33分12秒  1000         -     31103    5.00    2.00    0.00    0.00    7.00     5  10970.00      0.00 1173960  242600   3.16  |__fastlio_mapping
16时33分12秒  1000         -     31105    1.00    1.00    0.00    0.00    2.00    13      0.00      0.00 1173960  242600   3.16  |__fastlio_mapping
16时33分12秒  1000         -     31106    0.00    0.00    0.00    0.00    0.00    10      0.00      0.00 1173960  242600   3.16  |__fastlio_mapping
16时33分12秒  1000         -     31107    0.00    0.00    0.00    0.00    0.00    15      0.00      0.00 1173960  242600   3.16  |__fastlio_mapping
16时33分12秒  1000         -     31108    0.00    0.00    0.00    0.00    0.00     0      0.00      0.00 1173960  242600   3.16  |__fastlio_mapping
16时33分12秒  1000         -     31109    0.00    0.00    0.00    0.00    0.00     6      0.00      0.00 1173960  242600   3.16  |__fastlio_mapping
16时33分12秒  1000         -     31110    0.00    0.00    0.00    0.00    0.00     8      0.00      0.00 1173960  242600   3.16  |__fastlio_mapping
16时33分12秒  1000         -     31111    0.00    0.00    0.00    0.00    0.00    15      0.00      0.00 1173960  242600   3.16  |__fastlio_mapping
16时33分12秒  1000         -     31112    0.00    0.00    0.00    0.00    0.00    12      0.00      0.00 1173960  242600   3.16  |__fastlio_mapping
16时33分12秒  1000         -     31113    0.00    0.00    0.00    0.00    0.00     8      0.00      0.00 1173960  242600   3.16  |__fastlio_mapping
16时33分12秒  1000         -     31114    1.00    0.00    0.00    0.00    1.00     2      0.00      0.00 1173960  242600   3.16  |__fastlio_mapping
16时33分12秒  1000         -     31115    0.00    0.00    0.00    0.00    0.00     6      0.00      0.00 1173960  242600   3.16  |__fastlio_mapping
16时33分12秒  1000         -     31116    0.00    0.00    0.00    0.00    0.00    13      0.00      0.00 1173960  242600   3.16  |__fastlio_mapping
16时33分12秒  1000         -     31117    0.00    0.00    0.00    0.00    0.00    11      0.00      0.00 1173960  242600   3.16  |__fastlio_mapping
16时33分12秒  1000         -     31118   12.00    0.00    0.00    0.00   12.00     7      0.00      0.00 1173960  242600   3.16  |__fastlio_mapping
16时33分12秒  1000         -     31119   12.00    0.00    0.00    0.00   12.00     3      0.00      0.00 1173960  242600   3.16  |__fastlio_mapping

# Time        UID      TGID       TID    %usr %system  %guest   %wait    %CPU   CPU  minflt/s  majflt/s     VSZ     RSS   %MEM  Command
16时33分13秒  1000     31103         -   32.00    4.00    0.00    0.00   36.00     0  11017.00      0.00 1174104  242892   3.17  fastlio_mapping
16时33分13秒  1000         -     31103    6.00    2.00    0.00    0.00    8.00     0  11017.00      0.00 1174104  242892   3.17  |__fastlio_mapping
16时33分13秒  1000         -     31105    0.00    2.00    0.00    0.00    2.00     9      0.00      0.00 1174104  242892   3.17  |__fastlio_mapping
16时33分13秒  1000         -     31106    0.00    0.00    0.00    0.00    0.00    10      0.00      0.00 1174104  242892   3.17  |__fastlio_mapping
16时33分13秒  1000         -     31107    0.00    0.00    0.00    0.00    0.00    15      0.00      0.00 1174104  242892   3.17  |__fastlio_mapping
16时33分13秒  1000         -     31108    0.00    0.00    0.00    0.00    0.00     2      0.00      0.00 1174104  242892   3.17  |__fastlio_mapping
16时33分13秒  1000         -     31109    0.00    0.00    0.00    0.00    0.00     4      0.00      0.00 1174104  242892   3.17  |__fastlio_mapping
16时33分13秒  1000         -     31110    0.00    0.00    0.00    0.00    0.00     8      0.00      0.00 1174104  242892   3.17  |__fastlio_mapping
16时33分13秒  1000         -     31111    0.00    0.00    0.00    0.00    0.00     0      0.00      0.00 1174104  242892   3.17  |__fastlio_mapping
16时33分13秒  1000         -     31112    0.00    0.00    0.00    0.00    0.00     8      0.00      0.00 1174104  242892   3.17  |__fastlio_mapping
16时33分13秒  1000         -     31113    0.00    0.00    0.00    0.00    0.00     8      0.00      0.00 1174104  242892   3.17  |__fastlio_mapping
16时33分13秒  1000         -     31114    1.00    0.00    0.00    0.00    1.00     6      0.00      0.00 1174104  242892   3.17  |__fastlio_mapping
16时33分13秒  1000         -     31115    0.00    0.00    0.00    0.00    0.00     6      0.00      0.00 1174104  242892   3.17  |__fastlio_mapping
16时33分13秒  1000         -     31116    0.00    0.00    0.00    0.00    0.00    13      0.00      0.00 1174104  242892   3.17  |__fastlio_mapping
16时33分13秒  1000         -     31117    1.00    0.00    0.00    0.00    1.00     6      0.00      0.00 1174104  242892   3.17  |__fastlio_mapping
16时33分13秒  1000         -     31118   12.00    0.00    0.00    0.00   12.00     7      0.00      0.00 1174104  242892   3.17  |__fastlio_mapping
16时33分13秒  1000         -     31119   12.00    0.00    0.00    0.00   12.00     3      0.00      0.00 1174104  242892   3.17  |__fastlio_mapping

# Time        UID      TGID       TID    %usr %system  %guest   %wait    %CPU   CPU  minflt/s  majflt/s     VSZ     RSS   %MEM  Command
16时33分14秒  1000     31103         -   33.00    5.00    0.00    0.00   38.00     6  11052.00      0.00 1174248  243268   3.17  fastlio_mapping
16时33分14秒  1000         -     31103    6.00    3.00    0.00    0.00    9.00     6  11052.00      0.00 1174248  243268   3.17  |__fastlio_mapping
16时33分14秒  1000         -     31105    1.00    1.00    0.00    0.00    2.00    15      0.00      0.00 1174248  243268   3.17  |__fastlio_mapping
16时33分14秒  1000         -     31106    0.00    0.00    0.00    0.00    0.00    10      0.00      0.00 1174248  243268   3.17  |__fastlio_mapping
16时33分14秒  1000         -     31107    0.00    0.00    0.00    0.00    0.00    15      0.00      0.00 1174248  243268   3.17  |__fastlio_mapping
16时33分14秒  1000         -     31108    0.00    0.00    0.00    0.00    0.00     2      0.00      0.00 1174248  243268   3.17  |__fastlio_mapping
16时33分14秒  1000         -     31109    1.00    0.00    0.00    0.00    1.00    10      0.00      0.00 1174248  243268   3.17  |__fastlio_mapping
16时33分14秒  1000         -     31110    0.00    0.00    0.00    0.00    0.00     8      0.00      0.00 1174248  243268   3.17  |__fastlio_mapping
16时33分14秒  1000         -     31111    0.00    0.00    0.00    0.00    0.00    12      0.00      0.00 1174248  243268   3.17  |__fastlio_mapping
16时33分14秒  1000         -     31112    0.00    0.00    0.00    0.00    0.00    13      0.00      0.00 1174248  243268   3.17  |__fastlio_mapping
16时33分14秒  1000         -     31113    0.00    0.00    0.00    0.00    0.00     8      0.00      0.00 1174248  243268   3.17  |__fastlio_mapping
16时33分14秒  1000         -     31114    0.00    0.00    0.00    0.00    0.00    13      0.00      0.00 1174248  243268   3.17  |__fastlio_mapping
16时33分14秒  1000         -     31115    0.00    0.00    0.00    0.00    0.00     6      0.00      0.00 1174248  243268   3.17  |__fastlio_mapping
16时33分14秒  1000         -     31116    0.00    0.00    0.00    0.00    0.00    13      0.00      0.00 1174248  243268   3.17  |__fastlio_mapping
16时33分14秒  1000         -     31117    0.00    0.00    0.00    0.00    0.00    15      0.00      0.00 1174248  243268   3.17  |__fastlio_mapping
16时33分14秒  1000         -     31118   12.00    0.00    0.00    0.00   12.00     7      0.00      0.00 1174248  243268   3.17  |__fastlio_mapping
16时33分14秒  1000         -     31119   12.00    0.00    0.00    0.00   12.00     3      0.00      0.00 1174248  243268   3.17  |__fastlio_mapping

# Time        UID      TGID       TID    %usr %system  %guest   %wait    %CPU   CPU  minflt/s  majflt/s     VSZ     RSS   %MEM  Command
16时33分15秒  1000     31103         -   34.00    4.00    0.00    1.00   38.00    15  11093.00      0.00 1174976  243652   3.18  fastlio_mapping
16时33分15秒  1000         -     31103    7.00    3.00    0.00    1.00   10.00    15  11082.00      0.00 1174976  243652   3.18  |__fastlio_mapping
16时33分15秒  1000         -     31105    1.00    2.00    0.00    2.00    3.00     8      0.00      0.00 1174976  243652   3.18  |__fastlio_mapping
16时33分15秒  1000         -     31106    0.00    0.00    0.00    0.00    0.00    10      0.00      0.00 1174976  243652   3.18  |__fastlio_mapping
16时33分15秒  1000         -     31107    0.00    0.00    0.00    0.00    0.00    15      0.00      0.00 1174976  243652   3.18  |__fastlio_mapping
16时33分15秒  1000         -     31108    0.00    0.00    0.00    0.00    0.00     2      0.00      0.00 1174976  243652   3.18  |__fastlio_mapping
16时33分15秒  1000         -     31109    0.00    0.00    0.00    0.00    0.00    11     10.00      0.00 1174976  243652   3.18  |__fastlio_mapping
16时33分15秒  1000         -     31110    0.00    0.00    0.00    0.00    0.00     8      0.00      0.00 1174976  243652   3.18  |__fastlio_mapping
16时33分15秒  1000         -     31111    0.00    0.00    0.00    0.00    0.00    14      0.00      0.00 1174976  243652   3.18  |__fastlio_mapping
16时33分15秒  1000         -     31112    0.00    0.00    0.00    0.00    0.00    12      0.00      0.00 1174976  243652   3.18  |__fastlio_mapping
16时33分15秒  1000         -     31113    0.00    0.00    0.00    0.00    0.00     8      0.00      0.00 1174976  243652   3.18  |__fastlio_mapping
16时33分15秒  1000         -     31114    1.00    1.00    0.00    1.00    2.00     0      1.00      0.00 1174976  243652   3.18  |__fastlio_mapping
16时33分15秒  1000         -     31115    0.00    0.00    0.00    0.00    0.00     4      0.00      0.00 1174976  243652   3.18  |__fastlio_mapping
16时33分15秒  1000         -     31116    0.00    0.00    0.00    0.00    0.00     0      0.00      0.00 1174976  243652   3.18  |__fastlio_mapping
16时33分15秒  1000         -     31117    1.00    0.00    0.00    0.00    1.00    11      0.00      0.00 1174976  243652   3.18  |__fastlio_mapping
16时33分15秒  1000         -     31118   12.00    0.00    0.00    0.00   12.00     7      0.00      0.00 1174976  243652   3.18  |__fastlio_mapping
16时33分15秒  1000         -     31119   12.00    0.00    0.00    0.00   12.00     4      0.00      0.00 1174976  243652   3.18  |__fastlio_mapping

# Time        UID      TGID       TID    %usr %system  %guest   %wait    %CPU   CPU  minflt/s  majflt/s     VSZ     RSS   %MEM  Command
16时33分16秒  1000     31103         -   34.00    4.00    0.00    0.00   38.00    12  11119.00      0.00 1175064  243932   3.18  fastlio_mapping
16时33分16秒  1000         -     31103    6.00    2.00    0.00    0.00    8.00    12  11119.00      0.00 1175064  243932   3.18  |__fastlio_mapping
16时33分16秒  1000         -     31105    1.00    1.00    0.00    0.00    2.00     6      0.00      0.00 1175064  243932   3.18  |__fastlio_mapping
16时33分16秒  1000         -     31106    0.00    0.00    0.00    0.00    0.00    11      0.00      0.00 1175064  243932   3.18  |__fastlio_mapping
16时33分16秒  1000         -     31107    0.00    0.00    0.00    0.00    0.00    15      0.00      0.00 1175064  243932   3.18  |__fastlio_mapping
16时33分16秒  1000         -     31108    0.00    0.00    0.00    0.00    0.00     2      0.00      0.00 1175064  243932   3.18  |__fastlio_mapping
16时33分16秒  1000         -     31109    0.00    0.00    0.00    0.00    0.00    15      0.00      0.00 1175064  243932   3.18  |__fastlio_mapping
16时33分16秒  1000         -     31110    0.00    0.00    0.00    0.00    0.00     8      0.00      0.00 1175064  243932   3.18  |__fastlio_mapping
16时33分16秒  1000         -     31111    0.00    0.00    0.00    0.00    0.00     0      0.00      0.00 1175064  243932   3.18  |__fastlio_mapping
16时33分16秒  1000         -     31112    0.00    0.00    0.00    0.00    0.00    14      0.00      0.00 1175064  243932   3.18  |__fastlio_mapping
16时33分16秒  1000         -     31113    0.00    0.00    0.00    0.00    0.00     8      0.00      0.00 1175064  243932   3.18  |__fastlio_mapping
16时33分16秒  1000         -     31114    0.00    0.00    0.00    0.00    0.00     0      0.00      0.00 1175064  243932   3.18  |__fastlio_mapping
16时33分16秒  1000         -     31115    0.00    0.00    0.00    0.00    0.00     4      0.00      0.00 1175064  243932   3.18  |__fastlio_mapping
16时33分16秒  1000         -     31116    0.00    0.00    0.00    0.00    0.00    10      0.00      0.00 1175064  243932   3.18  |__fastlio_mapping
16时33分16秒  1000         -     31117    0.00    1.00    0.00    0.00    1.00    13      0.00      0.00 1175064  243932   3.18  |__fastlio_mapping
16时33分16秒  1000         -     31118   12.00    0.00    0.00    0.00   12.00     7      0.00      0.00 1175064  243932   3.18  |__fastlio_mapping
16时33分16秒  1000         -     31119   12.00    0.00    0.00    0.00   12.00     3      0.00      0.00 1175064  243932   3.18  |__fastlio_mapping

# Time        UID      TGID       TID    %usr %system  %guest   %wait    %CPU   CPU  minflt/s  majflt/s     VSZ     RSS   %MEM  Command
16时33分17秒  1000     31103         -   32.00    4.00    0.00    0.00   36.00     0  11145.00      0.00 1175192  244220   3.18  fastlio_mapping
16时33分17秒  1000         -     31103    6.00    3.00    0.00    0.00    9.00     0  11145.00      0.00 1175192  244220   3.18  |__fastlio_mapping
16时33分17秒  1000         -     31105    2.00    1.00    0.00    0.00    3.00     8      0.00      0.00 1175192  244220   3.18  |__fastlio_mapping
16时33分17秒  1000         -     31106    0.00    0.00    0.00    0.00    0.00    11      0.00      0.00 1175192  244220   3.18  |__fastlio_mapping
16时33分17秒  1000         -     31107    0.00    0.00    0.00    0.00    0.00    15      0.00      0.00 1175192  244220   3.18  |__fastlio_mapping
16时33分17秒  1000         -     31108    0.00    0.00    0.00    0.00    0.00     4      0.00      0.00 1175192  244220   3.18  |__fastlio_mapping
16时33分17秒  1000         -     31109    0.00    0.00    0.00    0.00    0.00    10      0.00      0.00 1175192  244220   3.18  |__fastlio_mapping
16时33分17秒  1000         -     31110    0.00    0.00    0.00    0.00    0.00     8      0.00      0.00 1175192  244220   3.18  |__fastlio_mapping
16时33分17秒  1000         -     31111    0.00    0.00    0.00    0.00    0.00     0      0.00      0.00 1175192  244220   3.18  |__fastlio_mapping
16时33分17秒  1000         -     31112    0.00    0.00    0.00    0.00    0.00     9      0.00      0.00 1175192  244220   3.18  |__fastlio_mapping
16时33分17秒  1000         -     31113    0.00    0.00    0.00    0.00    0.00     8      0.00      0.00 1175192  244220   3.18  |__fastlio_mapping
16时33分17秒  1000         -     31114    1.00    0.00    0.00    0.00    1.00    15      0.00      0.00 1175192  244220   3.18  |__fastlio_mapping
16时33分17秒  1000         -     31115    0.00    0.00    0.00    0.00    0.00     4      0.00      0.00 1175192  244220   3.18  |__fastlio_mapping
16时33分17秒  1000         -     31116    0.00    0.00    0.00    0.00    0.00    10      0.00      0.00 1175192  244220   3.18  |__fastlio_mapping
16时33分17秒  1000         -     31117    0.00    0.00    0.00    0.00    0.00     4      0.00      0.00 1175192  244220   3.18  |__fastlio_mapping
16时33分17秒  1000         -     31118   13.00    0.00    0.00    0.00   13.00     7      0.00      0.00 1175192  244220   3.18  |__fastlio_mapping
16时33分17秒  1000         -     31119   12.00    0.00    0.00    0.00   12.00     3      0.00      0.00 1175192  244220   3.18  |__fastlio_mapping

# Time        UID      TGID       TID    %usr %system  %guest   %wait    %CPU   CPU  minflt/s  majflt/s     VSZ     RSS   %MEM  Command
16时33分18秒  1000     31103         -   33.00    2.00    0.00    0.00   35.00    10  11171.00      0.00 1175312  244452   3.19  fastlio_mapping
16时33分18秒  1000         -     31103    5.00    2.00    0.00    0.00    7.00    10  11171.00      0.00 1175312  244452   3.19  |__fastlio_mapping
16时33分18秒  1000         -     31105    1.00    1.00    0.00    0.00    2.00     8      0.00      0.00 1175312  244452   3.19  |__fastlio_mapping
16时33分18秒  1000         -     31106    0.00    0.00    0.00    0.00    0.00    11      0.00      0.00 1175312  244452   3.19  |__fastlio_mapping
16时33分18秒  1000         -     31107    0.00    0.00    0.00    0.00    0.00    15      0.00      0.00 1175312  244452   3.19  |__fastlio_mapping
16时33分18秒  1000         -     31108    0.00    0.00    0.00    0.00    0.00     4      0.00      0.00 1175312  244452   3.19  |__fastlio_mapping
16时33分18秒  1000         -     31109    0.00    0.00    0.00    0.00    0.00     9      0.00      0.00 1175312  244452   3.19  |__fastlio_mapping
16时33分18秒  1000         -     31110    0.00    0.00    0.00    0.00    0.00     8      0.00      0.00 1175312  244452   3.19  |__fastlio_mapping
16时33分18秒  1000         -     31111    0.00    0.00    0.00    0.00    0.00     0      0.00      0.00 1175312  244452   3.19  |__fastlio_mapping
16时33分18秒  1000         -     31112    0.00    0.00    0.00    0.00    0.00     9      0.00      0.00 1175312  244452   3.19  |__fastlio_mapping
16时33分18秒  1000         -     31113    0.00    0.00    0.00    0.00    0.00     8      0.00      0.00 1175312  244452   3.19  |__fastlio_mapping
16时33分18秒  1000         -     31114    1.00    0.00    0.00    0.00    1.00    12      0.00      0.00 1175312  244452   3.19  |__fastlio_mapping
16时33分18秒  1000         -     31115    0.00    0.00    0.00    0.00    0.00     4      0.00      0.00 1175312  244452   3.19  |__fastlio_mapping
16时33分18秒  1000         -     31116    0.00    0.00    0.00    0.00    0.00    10      0.00      0.00 1175312  244452   3.19  |__fastlio_mapping
16时33分18秒  1000         -     31117    1.00    0.00    0.00    0.00    1.00     9      0.00      0.00 1175312  244452   3.19  |__fastlio_mapping
16时33分18秒  1000         -     31118   12.00    0.00    0.00    0.00   12.00     7      0.00      0.00 1175312  244452   3.19  |__fastlio_mapping
16时33分18秒  1000         -     31119   12.00    0.00    0.00    0.00   12.00     3      0.00      0.00 1175312  244452   3.19  |__fastlio_mapping

# Time        UID      TGID       TID    %usr %system  %guest   %wait    %CPU   CPU  minflt/s  majflt/s     VSZ     RSS   %MEM  Command
16时33分19秒  1000     31103         -   32.00    4.00    0.00    0.00   36.00     4  11192.00      0.00 1175420  244668   3.19  fastlio_mapping
16时33分19秒  1000         -     31103    6.00    2.00    0.00    0.00    8.00     4  11192.00      0.00 1175420  244668   3.19  |__fastlio_mapping
16时33分19秒  1000         -     31105    1.00    2.00    0.00    1.00    3.00    11      0.00      0.00 1175420  244668   3.19  |__fastlio_mapping
16时33分19秒  1000         -     31106    0.00    0.00    0.00    0.00    0.00    11      0.00      0.00 1175420  244668   3.19  |__fastlio_mapping
16时33分19秒  1000         -     31107    0.00    0.00    0.00    0.00    0.00    15      0.00      0.00 1175420  244668   3.19  |__fastlio_mapping
16时33分19秒  1000         -     31108    0.00    0.00    0.00    0.00    0.00     2      0.00      0.00 1175420  244668   3.19  |__fastlio_mapping
16时33分19秒  1000         -     31109    0.00    0.00    0.00    0.00    0.00    11      0.00      0.00 1175420  244668   3.19  |__fastlio_mapping
16时33分19秒  1000         -     31110    0.00    0.00    0.00    0.00    0.00     8      0.00      0.00 1175420  244668   3.19  |__fastlio_mapping
16时33分19秒  1000         -     31111    0.00    0.00    0.00    0.00    0.00    12      0.00      0.00 1175420  244668   3.19  |__fastlio_mapping
16时33分19秒  1000         -     31112    0.00    0.00    0.00    0.00    0.00    12      0.00      0.00 1175420  244668   3.19  |__fastlio_mapping
16时33分19秒  1000         -     31113    0.00    0.00    0.00    0.00    0.00     8      0.00      0.00 1175420  244668   3.19  |__fastlio_mapping
16时33分19秒  1000         -     31114    0.00    0.00    0.00    0.00    0.00    15      0.00      0.00 1175420  244668   3.19  |__fastlio_mapping
16时33分19秒  1000         -     31115    0.00    0.00    0.00    0.00    0.00     4      0.00      0.00 1175420  244668   3.19  |__fastlio_mapping
16时33分19秒  1000         -     31116    0.00    0.00    0.00    0.00    0.00    10      0.00      0.00 1175420  244668   3.19  |__fastlio_mapping
16时33分19秒  1000         -     31117    0.00    0.00    0.00    0.00    0.00     1      0.00      0.00 1175420  244668   3.19  |__fastlio_mapping
16时33分19秒  1000         -     31118   12.00    0.00    0.00    0.00   12.00     7      0.00      0.00 1175420  244668   3.19  |__fastlio_mapping
16时33分19秒  1000         -     31119   11.00    0.00    0.00    0.00   11.00    14      0.00      0.00 1175420  244668   3.19  |__fastlio_mapping

# Time        UID      TGID       TID    %usr %system  %guest   %wait    %CPU   CPU  minflt/s  majflt/s     VSZ     RSS   %MEM  Command
16时33分20秒  1000     31103         -   31.00    4.00    0.00    0.00   35.00     9  11216.00      0.00 1175524  244876   3.19  fastlio_mapping
16时33分20秒  1000         -     31103    6.00    2.00    0.00    0.00    8.00     9  11216.00      0.00 1175524  244876   3.19  |__fastlio_mapping
16时33分20秒  1000         -     31105    1.00    1.00    0.00    0.00    2.00    10      0.00      0.00 1175524  244876   3.19  |__fastlio_mapping
16时33分20秒  1000         -     31106    0.00    0.00    0.00    0.00    0.00    11      0.00      0.00 1175524  244876   3.19  |__fastlio_mapping
16时33分20秒  1000         -     31107    0.00    0.00    0.00    0.00    0.00    15      0.00      0.00 1175524  244876   3.19  |__fastlio_mapping
16时33分20秒  1000         -     31108    0.00    0.00    0.00    0.00    0.00     2      0.00      0.00 1175524  244876   3.19  |__fastlio_mapping
16时33分20秒  1000         -     31109    0.00    1.00    0.00    0.00    1.00    10      0.00      0.00 1175524  244876   3.19  |__fastlio_mapping
16时33分20秒  1000         -     31110    0.00    0.00    0.00    0.00    0.00     8      0.00      0.00 1175524  244876   3.19  |__fastlio_mapping
16时33分20秒  1000         -     31111    0.00    0.00    0.00    0.00    0.00    11      0.00      0.00 1175524  244876   3.19  |__fastlio_mapping
16时33分20秒  1000         -     31112    0.00    0.00    0.00    0.00    0.00     8      0.00      0.00 1175524  244876   3.19  |__fastlio_mapping
16时33分20秒  1000         -     31113    0.00    0.00    0.00    0.00    0.00     8      0.00      0.00 1175524  244876   3.19  |__fastlio_mapping
16时33分20秒  1000         -     31114    1.00    0.00    0.00    0.00    1.00    14      0.00      0.00 1175524  244876   3.19  |__fastlio_mapping
16时33分20秒  1000         -     31115    0.00    0.00    0.00    0.00    0.00     4      0.00      0.00 1175524  244876   3.19  |__fastlio_mapping
16时33分20秒  1000         -     31116    0.00    0.00    0.00    0.00    0.00    10      0.00      0.00 1175524  244876   3.19  |__fastlio_mapping
16时33分20秒  1000         -     31117    0.00    1.00    0.00    0.00    1.00    11      0.00      0.00 1175524  244876   3.19  |__fastlio_mapping
16时33分20秒  1000         -     31118   12.00    0.00    0.00    0.00   12.00     7      0.00      0.00 1175524  244876   3.19  |__fastlio_mapping
16时33分20秒  1000         -     31119   12.00    0.00    0.00    0.00   12.00     0      0.00      0.00 1175524  244876   3.19  |__fastlio_mapping

# Time        UID      TGID       TID    %usr %system  %guest   %wait    %CPU   CPU  minflt/s  majflt/s     VSZ     RSS   %MEM  Command
16时33分21秒  1000     31103         -   32.00    2.00    0.00    0.00   34.00     2  11239.00      0.00 1175084  245076   3.20  fastlio_mapping
16时33分21秒  1000         -     31103    6.00    2.00    0.00    0.00    8.00     2  11239.00      0.00 1175084  245076   3.20  |__fastlio_mapping
16时33分21秒  1000         -     31105    1.00    1.00    0.00    0.00    2.00    13      0.00      0.00 1175084  245076   3.20  |__fastlio_mapping
16时33分21秒  1000         -     31106    0.00    0.00    0.00    0.00    0.00     8      0.00      0.00 1175084  245076   3.20  |__fastlio_mapping
16时33分21秒  1000         -     31107    0.00    0.00    0.00    0.00    0.00    15      0.00      0.00 1175084  245076   3.20  |__fastlio_mapping
16时33分21秒  1000         -     31108    0.00    0.00    0.00    0.00    0.00     2      0.00      0.00 1175084  245076   3.20  |__fastlio_mapping
16时33分21秒  1000         -     31109    0.00    0.00    0.00    0.00    0.00    14      0.00      0.00 1175084  245076   3.20  |__fastlio_mapping
16时33分21秒  1000         -     31110    0.00    0.00    0.00    0.00    0.00     8      0.00      0.00 1175084  245076   3.20  |__fastlio_mapping
16时33分21秒  1000         -     31111    0.00    0.00    0.00    0.00    0.00    11      0.00      0.00 1175084  245076   3.20  |__fastlio_mapping
16时33分21秒  1000         -     31112    0.00    0.00    0.00    0.00    0.00     8      0.00      0.00 1175084  245076   3.20  |__fastlio_mapping
16时33分21秒  1000         -     31113    0.00    0.00    0.00    0.00    0.00     8      0.00      0.00 1175084  245076   3.20  |__fastlio_mapping
16时33分21秒  1000         -     31114    1.00    0.00    0.00    0.00    1.00    15      0.00      0.00 1175084  245076   3.20  |__fastlio_mapping
16时33分21秒  1000         -     31115    0.00    0.00    0.00    0.00    0.00     4      0.00      0.00 1175084  245076   3.20  |__fastlio_mapping
16时33分21秒  1000         -     31116    0.00    0.00    0.00    0.00    0.00    10      0.00      0.00 1175084  245076   3.20  |__fastlio_mapping
16时33分21秒  1000         -     31117    1.00    0.00    0.00    0.00    1.00     9      0.00      0.00 1175084  245076   3.20  |__fastlio_mapping
16时33分21秒  1000         -     31118   12.00    0.00    0.00    0.00   12.00     7      0.00      0.00 1175084  245076   3.20  |__fastlio_mapping
16时33分21秒  1000         -     31119    9.00    0.00    0.00    0.00    9.00    11      0.00      0.00 1175084  245076   3.20  |__fastlio_mapping

# Time        UID      TGID       TID    %usr %system  %guest   %wait    %CPU   CPU  minflt/s  majflt/s     VSZ     RSS   %MEM  Command
16时33分22秒  1000     31103         -   32.00    4.00    0.00    0.00   36.00     9  11267.00      0.00 1175188  245232   3.20  fastlio_mapping
16时33分22秒  1000         -     31103    7.00    3.00    0.00    0.00   10.00     9  11267.00      0.00 1175188  245232   3.20  |__fastlio_mapping
16时33分22秒  1000         -     31105    1.00    1.00    0.00    0.00    2.00    15      0.00      0.00 1175188  245232   3.20  |__fastlio_mapping
16时33分22秒  1000         -     31106    0.00    0.00    0.00    0.00    0.00     8      0.00      0.00 1175188  245232   3.20  |__fastlio_mapping
16时33分22秒  1000         -     31107    0.00    0.00    0.00    0.00    0.00    15      0.00      0.00 1175188  245232   3.20  |__fastlio_mapping
16时33分22秒  1000         -     31108    0.00    0.00    0.00    0.00    0.00     4      0.00      0.00 1175188  245232   3.20  |__fastlio_mapping
16时33分22秒  1000         -     31109    0.00    0.00    0.00    0.00    0.00    14      0.00      0.00 1175188  245232   3.20  |__fastlio_mapping
16时33分22秒  1000         -     31110    0.00    0.00    0.00    0.00    0.00     8      0.00      0.00 1175188  245232   3.20  |__fastlio_mapping
16时33分22秒  1000         -     31111    0.00    0.00    0.00    0.00    0.00    15      0.00      0.00 1175188  245232   3.20  |__fastlio_mapping
16时33分22秒  1000         -     31112    0.00    0.00    0.00    0.00    0.00     9      0.00      0.00 1175188  245232   3.20  |__fastlio_mapping
16时33分22秒  1000         -     31113    0.00    0.00    0.00    0.00    0.00     8      0.00      0.00 1175188  245232   3.20  |__fastlio_mapping
16时33分22秒  1000         -     31114    0.00    1.00    0.00    0.00    1.00    15      0.00      0.00 1175188  245232   3.20  |__fastlio_mapping
16时33分22秒  1000         -     31115    0.00    0.00    0.00    0.00    0.00     4      0.00      0.00 1175188  245232   3.20  |__fastlio_mapping
16时33分22秒  1000         -     31116    0.00    0.00    0.00    0.00    0.00    10      0.00      0.00 1175188  245232   3.20  |__fastlio_mapping
16时33分22秒  1000         -     31117    1.00    0.00    0.00    0.00    1.00     6      0.00      0.00 1175188  245232   3.20  |__fastlio_mapping
16时33分22秒  1000         -     31118   12.00    0.00    0.00    0.00   12.00     7      0.00      0.00 1175188  245232   3.20  |__fastlio_mapping
16时33分22秒  1000         -     31119   10.00    0.00    0.00    0.00   10.00     4      0.00      0.00 1175188  245232   3.20  |__fastlio_mapping

# Time        UID      TGID       TID    %usr %system  %guest   %wait    %CPU   CPU  minflt/s  majflt/s     VSZ     RSS   %MEM  Command
16时33分23秒  1000     31103         -   33.00    3.00    0.00    0.00   36.00     8  11317.00      0.00 1175324  245504   3.20  fastlio_mapping
16时33分23秒  1000         -     31103    6.00    2.00    0.00    0.00    8.00     8  11317.00      0.00 1175324  245504   3.20  |__fastlio_mapping
16时33分23秒  1000         -     31105    1.00    2.00    0.00    0.00    3.00    13      0.00      0.00 1175324  245504   3.20  |__fastlio_mapping
16时33分23秒  1000         -     31106    0.00    0.00    0.00    0.00    0.00     8      0.00      0.00 1175324  245504   3.20  |__fastlio_mapping
16时33分23秒  1000         -     31107    0.00    0.00    0.00    0.00    0.00    15      0.00      0.00 1175324  245504   3.20  |__fastlio_mapping
16时33分23秒  1000         -     31108    0.00    0.00    0.00    0.00    0.00     4      0.00      0.00 1175324  245504   3.20  |__fastlio_mapping
16时33分23秒  1000         -     31109    1.00    0.00    0.00    0.00    1.00     4      0.00      0.00 1175324  245504   3.20  |__fastlio_mapping
16时33分23秒  1000         -     31110    0.00    0.00    0.00    0.00    0.00     8      0.00      0.00 1175324  245504   3.20  |__fastlio_mapping
16时33分23秒  1000         -     31111    0.00    0.00    0.00    0.00    0.00     9      0.00      0.00 1175324  245504   3.20  |__fastlio_mapping
16时33分23秒  1000         -     31112    0.00    0.00    0.00    0.00    0.00     8      0.00      0.00 1175324  245504   3.20  |__fastlio_mapping
16时33分23秒  1000         -     31113    0.00    0.00    0.00    0.00    0.00     8      0.00      0.00 1175324  245504   3.20  |__fastlio_mapping
16时33分23秒  1000         -     31114    1.00    0.00    0.00    0.00    1.00     6      0.00      0.00 1175324  245504   3.20  |__fastlio_mapping
16时33分23秒  1000         -     31115    0.00    0.00    0.00    0.00    0.00     4      0.00      0.00 1175324  245504   3.20  |__fastlio_mapping
16时33分23秒  1000         -     31116    0.00    0.00    0.00    0.00    0.00    10      0.00      0.00 1175324  245504   3.20  |__fastlio_mapping
16时33分23秒  1000         -     31117    0.00    0.00    0.00    0.00    0.00    13      0.00      0.00 1175324  245504   3.20  |__fastlio_mapping
16时33分23秒  1000         -     31118   13.00    1.00    0.00    0.00   14.00     7      0.00      0.00 1175324  245504   3.20  |__fastlio_mapping
16时33分23秒  1000         -     31119   12.00    0.00    0.00    0.00   12.00    10      0.00      0.00 1175324  245504   3.20  |__fastlio_mapping

# Time        UID      TGID       TID    %usr %system  %guest   %wait    %CPU   CPU  minflt/s  majflt/s     VSZ     RSS   %MEM  Command
16时33分24秒  1000     31103         -   31.00    4.00    0.00    0.00   35.00    13  11354.00      0.00 1175464  245784   3.20  fastlio_mapping
16时33分24秒  1000         -     31103    7.00    2.00    0.00    0.00    9.00    13  11354.00      0.00 1175464  245784   3.20  |__fastlio_mapping
16时33分24秒  1000         -     31105    1.00    1.00    0.00    0.00    2.00    14      0.00      0.00 1175464  245784   3.20  |__fastlio_mapping
16时33分24秒  1000         -     31106    0.00    0.00    0.00    0.00    0.00     8      0.00      0.00 1175464  245784   3.20  |__fastlio_mapping
16时33分24秒  1000         -     31107    0.00    0.00    0.00    0.00    0.00    15      0.00      0.00 1175464  245784   3.20  |__fastlio_mapping
16时33分24秒  1000         -     31108    0.00    0.00    0.00    0.00    0.00     4      0.00      0.00 1175464  245784   3.20  |__fastlio_mapping
16时33分24秒  1000         -     31109    0.00    0.00    0.00    0.00    0.00     6      0.00      0.00 1175464  245784   3.20  |__fastlio_mapping
16时33分24秒  1000         -     31110    0.00    0.00    0.00    0.00    0.00     8      0.00      0.00 1175464  245784   3.20  |__fastlio_mapping
16时33分24秒  1000         -     31111    0.00    0.00    0.00    0.00    0.00     9      0.00      0.00 1175464  245784   3.20  |__fastlio_mapping
16时33分24秒  1000         -     31112    0.00    0.00    0.00    0.00    0.00     8      0.00      0.00 1175464  245784   3.20  |__fastlio_mapping
16时33分24秒  1000         -     31113    0.00    0.00    0.00    0.00    0.00     8      0.00      0.00 1175464  245784   3.20  |__fastlio_mapping
16时33分24秒  1000         -     31114    0.00    0.00    0.00    0.00    0.00    13      0.00      0.00 1175464  245784   3.20  |__fastlio_mapping
16时33分24秒  1000         -     31115    0.00    0.00    0.00    0.00    0.00     4      0.00      0.00 1175464  245784   3.20  |__fastlio_mapping
16时33分24秒  1000         -     31116    0.00    0.00    0.00    0.00    0.00    10      0.00      0.00 1175464  245784   3.20  |__fastlio_mapping
16时33分24秒  1000         -     31117    1.00    0.00    0.00    0.00    1.00     8      0.00      0.00 1175464  245784   3.20  |__fastlio_mapping
16时33分24秒  1000         -     31118   12.00    0.00    0.00    1.00   12.00     7      0.00      0.00 1175464  245784   3.20  |__fastlio_mapping
16时33分24秒  1000         -     31119    9.00    0.00    0.00    0.00    9.00    10      0.00      0.00 1175464  245784   3.20  |__fastlio_mapping

# Time        UID      TGID       TID    %usr %system  %guest   %wait    %CPU   CPU  minflt/s  majflt/s     VSZ     RSS   %MEM  Command
16时33分25秒  1000     31103         -   32.00    3.00    0.00    0.00   35.00     2  11389.00      0.00 1176140  246104   3.21  fastlio_mapping
16时33分25秒  1000         -     31103    6.00    3.00    0.00    0.00    9.00     2  11386.00      0.00 1176140  246104   3.21  |__fastlio_mapping
16时33分25秒  1000         -     31105    1.00    1.00    0.00    0.00    2.00    15      0.00      0.00 1176140  246104   3.21  |__fastlio_mapping
16时33分25秒  1000         -     31106    0.00    0.00    0.00    0.00    0.00     8      0.00      0.00 1176140  246104   3.21  |__fastlio_mapping
16时33分25秒  1000         -     31107    0.00    0.00    0.00    0.00    0.00    15      0.00      0.00 1176140  246104   3.21  |__fastlio_mapping
16时33分25秒  1000         -     31108    0.00    0.00    0.00    0.00    0.00     4      0.00      0.00 1176140  246104   3.21  |__fastlio_mapping
16时33分25秒  1000         -     31109    0.00    0.00    0.00    0.00    0.00    14      0.00      0.00 1176140  246104   3.21  |__fastlio_mapping
16时33分25秒  1000         -     31110    0.00    0.00    0.00    0.00    0.00     8      0.00      0.00 1176140  246104   3.21  |__fastlio_mapping
16时33分25秒  1000         -     31111    0.00    0.00    0.00    0.00    0.00    15      0.00      0.00 1176140  246104   3.21  |__fastlio_mapping
16时33分25秒  1000         -     31112    0.00    0.00    0.00    0.00    0.00     2      2.00      0.00 1176140  246104   3.21  |__fastlio_mapping
16时33分25秒  1000         -     31113    0.00    0.00    0.00    0.00    0.00     8      0.00      0.00 1176140  246104   3.21  |__fastlio_mapping
16时33分25秒  1000         -     31114    1.00    0.00    0.00    0.00    1.00    12      1.00      0.00 1176140  246104   3.21  |__fastlio_mapping
16时33分25秒  1000         -     31115    0.00    0.00    0.00    0.00    0.00     8      0.00      0.00 1176140  246104   3.21  |__fastlio_mapping
16时33分25秒  1000         -     31116    0.00    0.00    0.00    0.00    0.00     3      0.00      0.00 1176140  246104   3.21  |__fastlio_mapping
16时33分25秒  1000         -     31117    0.00    0.00    0.00    0.00    0.00    13      0.00      0.00 1176140  246104   3.21  |__fastlio_mapping
16时33分25秒  1000         -     31118   13.00    0.00    0.00    0.00   13.00     7      0.00      0.00 1176140  246104   3.21  |__fastlio_mapping
16时33分25秒  1000         -     31119   10.00    0.00    0.00    0.00   10.00     4      0.00      0.00 1176140  246104   3.21  |__fastlio_mapping

# Time        UID      TGID       TID    %usr %system  %guest   %wait    %CPU   CPU  minflt/s  majflt/s     VSZ     RSS   %MEM  Command
16时33分26秒  1000     31103         -   30.00    5.00    0.00    0.00   35.00     3  11423.00      0.00 1176280  246356   3.21  fastlio_mapping
16时33分26秒  1000         -     31103    6.00    3.00    0.00    0.00    9.00     3  11423.00      0.00 1176280  246356   3.21  |__fastlio_mapping
16时33分26秒  1000         -     31105    1.00    1.00    0.00    0.00    2.00    12      0.00      0.00 1176280  246356   3.21  |__fastlio_mapping
16时33分26秒  1000         -     31106    0.00    0.00    0.00    0.00    0.00     8      0.00      0.00 1176280  246356   3.21  |__fastlio_mapping
16时33分26秒  1000         -     31107    0.00    0.00    0.00    0.00    0.00    15      0.00      0.00 1176280  246356   3.21  |__fastlio_mapping
16时33分26秒  1000         -     31108    0.00    0.00    0.00    0.00    0.00     4      0.00      0.00 1176280  246356   3.21  |__fastlio_mapping
16时33分26秒  1000         -     31109    0.00    0.00    0.00    0.00    0.00     2      0.00      0.00 1176280  246356   3.21  |__fastlio_mapping
16时33分26秒  1000         -     31110    0.00    0.00    0.00    0.00    0.00     8      0.00      0.00 1176280  246356   3.21  |__fastlio_mapping
16时33分26秒  1000         -     31111    0.00    0.00    0.00    0.00    0.00     4      0.00      0.00 1176280  246356   3.21  |__fastlio_mapping
16时33分26秒  1000         -     31112    0.00    0.00    0.00    0.00    0.00     2      0.00      0.00 1176280  246356   3.21  |__fastlio_mapping
16时33分26秒  1000         -     31113    0.00    0.00    0.00    0.00    0.00     8      0.00      0.00 1176280  246356   3.21  |__fastlio_mapping
16时33分26秒  1000         -     31114    1.00    0.00    0.00    0.00    1.00     6      0.00      0.00 1176280  246356   3.21  |__fastlio_mapping
16时33分26秒  1000         -     31115    0.00    0.00    0.00    0.00    0.00     8      0.00      0.00 1176280  246356   3.21  |__fastlio_mapping
16时33分26秒  1000         -     31116    0.00    0.00    0.00    0.00    0.00     3      0.00      0.00 1176280  246356   3.21  |__fastlio_mapping
16时33分26秒  1000         -     31117    0.00    0.00    0.00    0.00    0.00     6      0.00      0.00 1176280  246356   3.21  |__fastlio_mapping
16时33分26秒  1000         -     31118   12.00    0.00    0.00    0.00   12.00     7      0.00      0.00 1176280  246356   3.21  |__fastlio_mapping
16时33分26秒  1000         -     31119   10.00    0.00    0.00    0.00   10.00    10      0.00      0.00 1176280  246356   3.21  |__fastlio_mapping

# Time        UID      TGID       TID    %usr %system  %guest   %wait    %CPU   CPU  minflt/s  majflt/s     VSZ     RSS   %MEM  Command
16时33分27秒  1000     31103         -   32.00    3.00    0.00    0.00   35.00    13  11455.00      0.00 1176416  246628   3.22  fastlio_mapping
16时33分27秒  1000         -     31103    5.00    2.00    0.00    0.00    7.00    13  11455.00      0.00 1176416  246628   3.22  |__fastlio_mapping
16时33分27秒  1000         -     31105    1.00    1.00    0.00    1.00    2.00    11      0.00      0.00 1176416  246628   3.22  |__fastlio_mapping
16时33分27秒  1000         -     31106    0.00    0.00    0.00    0.00    0.00     8      0.00      0.00 1176416  246628   3.22  |__fastlio_mapping
16时33分27秒  1000         -     31107    0.00    0.00    0.00    0.00    0.00    15      0.00      0.00 1176416  246628   3.22  |__fastlio_mapping
16时33分27秒  1000         -     31108    0.00    0.00    0.00    0.00    0.00     4      0.00      0.00 1176416  246628   3.22  |__fastlio_mapping
16时33分27秒  1000         -     31109    0.00    0.00    0.00    0.00    0.00    13      0.00      0.00 1176416  246628   3.22  |__fastlio_mapping
16时33分27秒  1000         -     31110    0.00    0.00    0.00    0.00    0.00     8      0.00      0.00 1176416  246628   3.22  |__fastlio_mapping
16时33分27秒  1000         -     31111    0.00    0.00    0.00    0.00    0.00     4      0.00      0.00 1176416  246628   3.22  |__fastlio_mapping
16时33分27秒  1000         -     31112    0.00    0.00    0.00    0.00    0.00     2      0.00      0.00 1176416  246628   3.22  |__fastlio_mapping
16时33分27秒  1000         -     31113    0.00    0.00    0.00    0.00    0.00     8      0.00      0.00 1176416  246628   3.22  |__fastlio_mapping
16时33分27秒  1000         -     31114    1.00    0.00    0.00    0.00    1.00    13      0.00      0.00 1176416  246628   3.22  |__fastlio_mapping
16时33分27秒  1000         -     31115    0.00    0.00    0.00    0.00    0.00     8      0.00      0.00 1176416  246628   3.22  |__fastlio_mapping
16时33分27秒  1000         -     31116    0.00    0.00    0.00    0.00    0.00     3      0.00      0.00 1176416  246628   3.22  |__fastlio_mapping
16时33分27秒  1000         -     31117    1.00    1.00    0.00    0.00    2.00    13      0.00      0.00 1176416  246628   3.22  |__fastlio_mapping
16时33分27秒  1000         -     31118   12.00    0.00    0.00    0.00   12.00     7      0.00      0.00 1176416  246628   3.22  |__fastlio_mapping
16时33分27秒  1000         -     31119   10.00    0.00    0.00    0.00   10.00     4      0.00      0.00 1176416  246628   3.22  |__fastlio_mapping

# Time        UID      TGID       TID    %usr %system  %guest   %wait    %CPU   CPU  minflt/s  majflt/s     VSZ     RSS   %MEM  Command
16时33分28秒  1000     31103         -   34.00    3.00    0.00    0.00   37.00     6  11496.00      0.00 1177096  247036   3.22  fastlio_mapping
16时33分28秒  1000         -     31103    6.00    3.00    0.00    0.00    9.00     6  11492.00      0.00 1177096  247036   3.22  |__fastlio_mapping
16时33分28秒  1000         -     31105    1.00    2.00    0.00    1.00    3.00    12      0.00      0.00 1177096  247036   3.22  |__fastlio_mapping
16时33分28秒  1000         -     31106    0.00    0.00    0.00    0.00    0.00     8      0.00      0.00 1177096  247036   3.22  |__fastlio_mapping
16时33分28秒  1000         -     31107    0.00    0.00    0.00    0.00    0.00    15      0.00      0.00 1177096  247036   3.22  |__fastlio_mapping
16时33分28秒  1000         -     31108    0.00    0.00    0.00    0.00    0.00     4      0.00      0.00 1177096  247036   3.22  |__fastlio_mapping
16时33分28秒  1000         -     31109    0.00    0.00    0.00    0.00    0.00     6      0.00      0.00 1177096  247036   3.22  |__fastlio_mapping
16时33分28秒  1000         -     31110    0.00    0.00    0.00    0.00    0.00     8      0.00      0.00 1177096  247036   3.22  |__fastlio_mapping
16时33分28秒  1000         -     31111    0.00    0.00    0.00    0.00    0.00     9      0.00      0.00 1177096  247036   3.22  |__fastlio_mapping
16时33分28秒  1000         -     31112    1.00    0.00    0.00    0.00    1.00     9      2.00      0.00 1177096  247036   3.22  |__fastlio_mapping
16时33分28秒  1000         -     31113    0.00    0.00    0.00    0.00    0.00     8      0.00      0.00 1177096  247036   3.22  |__fastlio_mapping
16时33分28秒  1000         -     31114    1.00    0.00    0.00    1.00    1.00     6      1.00      0.00 1177096  247036   3.22  |__fastlio_mapping
16时33分28秒  1000         -     31115    0.00    0.00    0.00    0.00    0.00     8      0.00      0.00 1177096  247036   3.22  |__fastlio_mapping
16时33分28秒  1000         -     31116    0.00    0.00    0.00    0.00    0.00     9      0.00      0.00 1177096  247036   3.22  |__fastlio_mapping
16时33分28秒  1000         -     31117    0.00    0.00    0.00    1.00    0.00    13      0.00      0.00 1177096  247036   3.22  |__fastlio_mapping
16时33分28秒  1000         -     31118   13.00    0.00    0.00    0.00   13.00     7      0.00      0.00 1177096  247036   3.22  |__fastlio_mapping
16时33分28秒  1000         -     31119   13.00    0.00    0.00    0.00   13.00     0      1.00      0.00 1177096  247036   3.22  |__fastlio_mapping

# Time        UID      TGID       TID    %usr %system  %guest   %wait    %CPU   CPU  minflt/s  majflt/s     VSZ     RSS   %MEM  Command
16时33分29秒  1000     31103         -   34.00    4.00    0.00    0.00   38.00     8  11530.00      0.00 1177776  247316   3.22  fastlio_mapping
16时33分29秒  1000         -     31103    6.00    2.00    0.00    0.00    8.00     8  11527.00      0.00 1177776  247316   3.22  |__fastlio_mapping
16时33分29秒  1000         -     31105    1.00    1.00    0.00    0.00    2.00    12      0.00      0.00 1177776  247316   3.22  |__fastlio_mapping
16时33分29秒  1000         -     31106    0.00    0.00    0.00    0.00    0.00     8      0.00      0.00 1177776  247316   3.22  |__fastlio_mapping
16时33分29秒  1000         -     31107    0.00    0.00    0.00    0.00    0.00    15      0.00      0.00 1177776  247316   3.22  |__fastlio_mapping
16时33分29秒  1000         -     31108    0.00    0.00    0.00    0.00    0.00     4      0.00      0.00 1177776  247316   3.22  |__fastlio_mapping
16时33分29秒  1000         -     31109    0.00    0.00    0.00    0.00    0.00    14      0.00      0.00 1177776  247316   3.22  |__fastlio_mapping
16时33分29秒  1000         -     31110    0.00    0.00    0.00    0.00    0.00     8      0.00      0.00 1177776  247316   3.22  |__fastlio_mapping
16时33分29秒  1000         -     31111    0.00    0.00    0.00    0.00    0.00     4      0.00      0.00 1177776  247316   3.22  |__fastlio_mapping
16时33分29秒  1000         -     31112    0.00    0.00    0.00    0.00    0.00     2      2.00      0.00 1177776  247316   3.22  |__fastlio_mapping
16时33分29秒  1000         -     31113    0.00    0.00    0.00    0.00    0.00     8      0.00      0.00 1177776  247316   3.22  |__fastlio_mapping
16时33分29秒  1000         -     31114    0.00    0.00    0.00    0.00    0.00     6      1.00      0.00 1177776  247316   3.22  |__fastlio_mapping
16时33分29秒  1000         -     31115    0.00    0.00    0.00    0.00    0.00    12      0.00      0.00 1177776  247316   3.22  |__fastlio_mapping
16时33分29秒  1000         -     31116    0.00    0.00    0.00    0.00    0.00    12      0.00      0.00 1177776  247316   3.22  |__fastlio_mapping
16时33分29秒  1000         -     31117    1.00    0.00    0.00    0.00    1.00    12      0.00      0.00 1177776  247316   3.22  |__fastlio_mapping
16时33分29秒  1000         -     31118   12.00    0.00    0.00    0.00   12.00     7      0.00      0.00 1177776  247316   3.22  |__fastlio_mapping
16时33分29秒  1000         -     31119   12.00    0.00    0.00    0.00   12.00     2      0.00      0.00 1177776  247316   3.22  |__fastlio_mapping

# Time        UID      TGID       TID    %usr %system  %guest   %wait    %CPU   CPU  minflt/s  majflt/s     VSZ     RSS   %MEM  Command
16时33分30秒  1000     31103         -   34.00    4.00    0.00    0.00   38.00     2  11562.00      0.00 1177376  247536   3.23  fastlio_mapping
16时33分30秒  1000         -     31103    7.00    3.00    0.00    0.00   10.00     2  11562.00      0.00 1177376  247536   3.23  |__fastlio_mapping
16时33分30秒  1000         -     31105    1.00    1.00    0.00    0.00    2.00    12      0.00      0.00 1177376  247536   3.23  |__fastlio_mapping
16时33分30秒  1000         -     31106    0.00    0.00    0.00    0.00    0.00     8      0.00      0.00 1177376  247536   3.23  |__fastlio_mapping
16时33分30秒  1000         -     31107    0.00    0.00    0.00    0.00    0.00    15      0.00      0.00 1177376  247536   3.23  |__fastlio_mapping
16时33分30秒  1000         -     31108    0.00    0.00    0.00    0.00    0.00     4      0.00      0.00 1177376  247536   3.23  |__fastlio_mapping
16时33分30秒  1000         -     31109    0.00    0.00    0.00    0.00    0.00     9      0.00      0.00 1177376  247536   3.23  |__fastlio_mapping
16时33分30秒  1000         -     31110    0.00    0.00    0.00    0.00    0.00     8      0.00      0.00 1177376  247536   3.23  |__fastlio_mapping
16时33分30秒  1000         -     31111    0.00    0.00    0.00    0.00    0.00     4      0.00      0.00 1177376  247536   3.23  |__fastlio_mapping
16时33分30秒  1000         -     31112    0.00    0.00    0.00    0.00    0.00     2      0.00      0.00 1177376  247536   3.23  |__fastlio_mapping
16时33分30秒  1000         -     31113    0.00    0.00    0.00    0.00    0.00     8      0.00      0.00 1177376  247536   3.23  |__fastlio_mapping
16时33分30秒  1000         -     31114    1.00    1.00    0.00    0.00    2.00    15      0.00      0.00 1177376  247536   3.23  |__fastlio_mapping
16时33分30秒  1000         -     31115    0.00    0.00    0.00    0.00    0.00    12      0.00      0.00 1177376  247536   3.23  |__fastlio_mapping
16时33分30秒  1000         -     31116    0.00    0.00    0.00    0.00    0.00    12      0.00      0.00 1177376  247536   3.23  |__fastlio_mapping
16时33分30秒  1000         -     31117    0.00    0.00    0.00    0.00    0.00     4      0.00      0.00 1177376  247536   3.23  |__fastlio_mapping
16时33分30秒  1000         -     31118   13.00    0.00    0.00    0.00   13.00     7      0.00      0.00 1177376  247536   3.23  |__fastlio_mapping
16时33分30秒  1000         -     31119   13.00    0.00    0.00    0.00   13.00     0      0.00      0.00 1177376  247536   3.23  |__fastlio_mapping

# Time        UID      TGID       TID    %usr %system  %guest   %wait    %CPU   CPU  minflt/s  majflt/s     VSZ     RSS   %MEM  Command
16时33分31秒  1000     31103         -   34.00    3.00    0.00    0.00   37.00    13  11598.00      0.00 1177516  247820   3.23  fastlio_mapping
16时33分31秒  1000         -     31103    6.00    2.00    0.00    0.00    8.00    13  11598.00      0.00 1177516  247820   3.23  |__fastlio_mapping
16时33分31秒  1000         -     31105    2.00    1.00    0.00    0.00    3.00    15      0.00      0.00 1177516  247820   3.23  |__fastlio_mapping
16时33分31秒  1000         -     31106    0.00    0.00    0.00    0.00    0.00     8      0.00      0.00 1177516  247820   3.23  |__fastlio_mapping
16时33分31秒  1000         -     31107    0.00    0.00    0.00    0.00    0.00    15      0.00      0.00 1177516  247820   3.23  |__fastlio_mapping
16时33分31秒  1000         -     31108    0.00    0.00    0.00    0.00    0.00     4      0.00      0.00 1177516  247820   3.23  |__fastlio_mapping
16时33分31秒  1000         -     31109    0.00    0.00    0.00    0.00    0.00    14      0.00      0.00 1177516  247820   3.23  |__fastlio_mapping
16时33分31秒  1000         -     31110    0.00    0.00    0.00    0.00    0.00     8      0.00      0.00 1177516  247820   3.23  |__fastlio_mapping
16时33分31秒  1000         -     31111    0.00    0.00    0.00    0.00    0.00     2      0.00      0.00 1177516  247820   3.23  |__fastlio_mapping
16时33分31秒  1000         -     31112    0.00    0.00    0.00    0.00    0.00     9      0.00      0.00 1177516  247820   3.23  |__fastlio_mapping
16时33分31秒  1000         -     31113    0.00    0.00    0.00    0.00    0.00     8      0.00      0.00 1177516  247820   3.23  |__fastlio_mapping
16时33分31秒  1000         -     31114    1.00    0.00    0.00    0.00    1.00    15      0.00      0.00 1177516  247820   3.23  |__fastlio_mapping
16时33分31秒  1000         -     31115    0.00    0.00    0.00    0.00    0.00    12      0.00      0.00 1177516  247820   3.23  |__fastlio_mapping
16时33分31秒  1000         -     31116    0.00    0.00    0.00    0.00    0.00    12      0.00      0.00 1177516  247820   3.23  |__fastlio_mapping
16时33分31秒  1000         -     31117    1.00    0.00    0.00    0.00    1.00     9      0.00      0.00 1177516  247820   3.23  |__fastlio_mapping
16时33分31秒  1000         -     31118   12.00    0.00    0.00    0.00   12.00     7      0.00      0.00 1177516  247820   3.23  |__fastlio_mapping
16时33分31秒  1000         -     31119   12.00    0.00    0.00    1.00   12.00     3      0.00      0.00 1177516  247820   3.23  |__fastlio_mapping

# Time        UID      TGID       TID    %usr %system  %guest   %wait    %CPU   CPU  minflt/s  majflt/s     VSZ     RSS   %MEM  Command
16时33分32秒  1000     31103         -   36.00    3.00    0.00    0.00   39.00    15  11632.00      0.00 1177656  248100   3.23  fastlio_mapping
16时33分32秒  1000         -     31103    9.00    1.00    0.00    0.00   10.00    15  11632.00      0.00 1177656  248100   3.23  |__fastlio_mapping
16时33分32秒  1000         -     31105    1.00    1.00    0.00    0.00    2.00    10      0.00      0.00 1177656  248100   3.23  |__fastlio_mapping
16时33分32秒  1000         -     31106    0.00    0.00    0.00    0.00    0.00     8      0.00      0.00 1177656  248100   3.23  |__fastlio_mapping
16时33分32秒  1000         -     31107    0.00    0.00    0.00    0.00    0.00    15      0.00      0.00 1177656  248100   3.23  |__fastlio_mapping
16时33分32秒  1000         -     31108    0.00    0.00    0.00    0.00    0.00     4      0.00      0.00 1177656  248100   3.23  |__fastlio_mapping
16时33分32秒  1000         -     31109    1.00    0.00    0.00    0.00    1.00    12      0.00      0.00 1177656  248100   3.23  |__fastlio_mapping
16时33分32秒  1000         -     31110    0.00    0.00    0.00    0.00    0.00     8      0.00      0.00 1177656  248100   3.23  |__fastlio_mapping
16时33分32秒  1000         -     31111    0.00    0.00    0.00    0.00    0.00     2      0.00      0.00 1177656  248100   3.23  |__fastlio_mapping
16时33分32秒  1000         -     31112    0.00    0.00    0.00    0.00    0.00     8      0.00      0.00 1177656  248100   3.23  |__fastlio_mapping
16时33分32秒  1000         -     31113    0.00    0.00    0.00    0.00    0.00     8      0.00      0.00 1177656  248100   3.23  |__fastlio_mapping
16时33分32秒  1000         -     31114    1.00    0.00    0.00    0.00    1.00    14      0.00      0.00 1177656  248100   3.23  |__fastlio_mapping
16时33分32秒  1000         -     31115    0.00    0.00    0.00    0.00    0.00    12      0.00      0.00 1177656  248100   3.23  |__fastlio_mapping
16时33分32秒  1000         -     31116    0.00    0.00    0.00    0.00    0.00    12      0.00      0.00 1177656  248100   3.23  |__fastlio_mapping
16时33分32秒  1000         -     31117    0.00    0.00    0.00    0.00    0.00    12      0.00      0.00 1177656  248100   3.23  |__fastlio_mapping
16时33分32秒  1000         -     31118   13.00    0.00    0.00    0.00   13.00     7      0.00      0.00 1177656  248100   3.23  |__fastlio_mapping
16时33分32秒  1000         -     31119   13.00    0.00    0.00    0.00   13.00     3      0.00      0.00 1177656  248100   3.23  |__fastlio_mapping

# Time        UID      TGID       TID    %usr %system  %guest   %wait    %CPU   CPU  minflt/s  majflt/s     VSZ     RSS   %MEM  Command
16时33分33秒  1000     31103         -   32.00    4.00    0.00    0.00   36.00     3  11667.00      0.00 1177256  248136   3.24  fastlio_mapping
16时33分33秒  1000         -     31103    7.00    2.00    0.00    0.00    9.00     3  11667.00      0.00 1177256  248136   3.24  |__fastlio_mapping
16时33分33秒  1000         -     31105    1.00    2.00    0.00    0.00    3.00     4      0.00      0.00 1177256  248136   3.24  |__fastlio_mapping
16时33分33秒  1000         -     31106    0.00    0.00    0.00    0.00    0.00     8      0.00      0.00 1177256  248136   3.24  |__fastlio_mapping
16时33分33秒  1000         -     31107    0.00    0.00    0.00    0.00    0.00    15      0.00      0.00 1177256  248136   3.24  |__fastlio_mapping
16时33分33秒  1000         -     31108    0.00    0.00    0.00    0.00    0.00     4      0.00      0.00 1177256  248136   3.24  |__fastlio_mapping
16时33分33秒  1000         -     31109    0.00    0.00    0.00    0.00    0.00     4      0.00      0.00 1177256  248136   3.24  |__fastlio_mapping
16时33分33秒  1000         -     31110    0.00    0.00    0.00    0.00    0.00     8      0.00      0.00 1177256  248136   3.24  |__fastlio_mapping
16时33分33秒  1000         -     31111    0.00    0.00    0.00    0.00    0.00     2      0.00      0.00 1177256  248136   3.24  |__fastlio_mapping
16时33分33秒  1000         -     31112    0.00    0.00    0.00    0.00    0.00     8      0.00      0.00 1177256  248136   3.24  |__fastlio_mapping
16时33分33秒  1000         -     31113    0.00    0.00    0.00    0.00    0.00     8      0.00      0.00 1177256  248136   3.24  |__fastlio_mapping
16时33分33秒  1000         -     31114    0.00    0.00    0.00    0.00    0.00     8      0.00      0.00 1177256  248136   3.24  |__fastlio_mapping
16时33分33秒  1000         -     31115    0.00    0.00    0.00    0.00    0.00    12      0.00      0.00 1177256  248136   3.24  |__fastlio_mapping
16时33分33秒  1000         -     31116    0.00    0.00    0.00    0.00    0.00    12      0.00      0.00 1177256  248136   3.24  |__fastlio_mapping
16时33分33秒  1000         -     31117    1.00    1.00    0.00    0.00    2.00    14      0.00      0.00 1177256  248136   3.24  |__fastlio_mapping
16时33分33秒  1000         -     31118   12.00    0.00    0.00    0.00   12.00     7      0.00      0.00 1177256  248136   3.24  |__fastlio_mapping
16时33分33秒  1000         -     31119   10.00    0.00    0.00    0.00   10.00     2      0.00      0.00 1177256  248136   3.24  |__fastlio_mapping

# Time        UID      TGID       TID    %usr %system  %guest   %wait    %CPU   CPU  minflt/s  majflt/s     VSZ     RSS   %MEM  Command
16时33分34秒  1000     31103         -   31.00    4.00    0.00    0.00   35.00     3  11702.00      0.00 1176856  248416   3.24  fastlio_mapping
16时33分34秒  1000         -     31103    5.00    2.00    0.00    0.00    7.00     3  11702.00      0.00 1176856  248416   3.24  |__fastlio_mapping
16时33分34秒  1000         -     31105    0.00    1.00    0.00    0.00    1.00     8      0.00      0.00 1176856  248416   3.24  |__fastlio_mapping
16时33分34秒  1000         -     31106    0.00    0.00    0.00    0.00    0.00     8      0.00      0.00 1176856  248416   3.24  |__fastlio_mapping
16时33分34秒  1000         -     31107    0.00    0.00    0.00    0.00    0.00    15      0.00      0.00 1176856  248416   3.24  |__fastlio_mapping
16时33分34秒  1000         -     31108    0.00    0.00    0.00    0.00    0.00     4      0.00      0.00 1176856  248416   3.24  |__fastlio_mapping
16时33分34秒  1000         -     31109    0.00    1.00    0.00    0.00    1.00     4      0.00      0.00 1176856  248416   3.24  |__fastlio_mapping
16时33分34秒  1000         -     31110    0.00    0.00    0.00    0.00    0.00     8      0.00      0.00 1176856  248416   3.24  |__fastlio_mapping
16时33分34秒  1000         -     31111    0.00    0.00    0.00    0.00    0.00    12      0.00      0.00 1176856  248416   3.24  |__fastlio_mapping
16时33分34秒  1000         -     31112    0.00    0.00    0.00    0.00    0.00     8      0.00      0.00 1176856  248416   3.24  |__fastlio_mapping
16时33分34秒  1000         -     31113    0.00    0.00    0.00    0.00    0.00     8      0.00      0.00 1176856  248416   3.24  |__fastlio_mapping
16时33分34秒  1000         -     31114    1.00    0.00    0.00    0.00    1.00     2      0.00      0.00 1176856  248416   3.24  |__fastlio_mapping
16时33分34秒  1000         -     31115    0.00    0.00    0.00    0.00    0.00    12      0.00      0.00 1176856  248416   3.24  |__fastlio_mapping
16时33分34秒  1000         -     31116    0.00    0.00    0.00    0.00    0.00    12      0.00      0.00 1176856  248416   3.24  |__fastlio_mapping
16时33分34秒  1000         -     31117    0.00    0.00    0.00    0.00    0.00     4      0.00      0.00 1176856  248416   3.24  |__fastlio_mapping
16时33分34秒  1000         -     31118   12.00    0.00    0.00    0.00   12.00     7      0.00      0.00 1176856  248416   3.24  |__fastlio_mapping
16时33分34秒  1000         -     31119   12.00    0.00    0.00    0.00   12.00    12      0.00      0.00 1176856  248416   3.24  |__fastlio_mapping

# Time        UID      TGID       TID    %usr %system  %guest   %wait    %CPU   CPU  minflt/s  majflt/s     VSZ     RSS   %MEM  Command
16时33分35秒  1000     31103         -   34.00    4.00    0.00    0.00   38.00     6  11728.00      0.00 1176984  248644   3.24  fastlio_mapping
16时33分35秒  1000         -     31103    7.00    2.00    0.00    0.00    9.00     6  11728.00      0.00 1176984  248644   3.24  |__fastlio_mapping
16时33分35秒  1000         -     31105    2.00    2.00    0.00    0.00    4.00    10      0.00      0.00 1176984  248644   3.24  |__fastlio_mapping
16时33分35秒  1000         -     31106    0.00    0.00    0.00    0.00    0.00     8      0.00      0.00 1176984  248644   3.24  |__fastlio_mapping
16时33分35秒  1000         -     31107    0.00    0.00    0.00    0.00    0.00    15      0.00      0.00 1176984  248644   3.24  |__fastlio_mapping
16时33分35秒  1000         -     31108    0.00    0.00    0.00    0.00    0.00     4      0.00      0.00 1176984  248644   3.24  |__fastlio_mapping
16时33分35秒  1000         -     31109    0.00    0.00    0.00    0.00    0.00    10      0.00      0.00 1176984  248644   3.24  |__fastlio_mapping
16时33分35秒  1000         -     31110    0.00    0.00    0.00    0.00    0.00     8      0.00      0.00 1176984  248644   3.24  |__fastlio_mapping
16时33分35秒  1000         -     31111    0.00    0.00    0.00    0.00    0.00     9      0.00      0.00 1176984  248644   3.24  |__fastlio_mapping
16时33分35秒  1000         -     31112    0.00    0.00    0.00    0.00    0.00     6      0.00      0.00 1176984  248644   3.24  |__fastlio_mapping
16时33分35秒  1000         -     31113    0.00    0.00    0.00    0.00    0.00     8      0.00      0.00 1176984  248644   3.24  |__fastlio_mapping
16时33分35秒  1000         -     31114    1.00    0.00    0.00    0.00    1.00     8      0.00      0.00 1176984  248644   3.24  |__fastlio_mapping
16时33分35秒  1000         -     31115    0.00    0.00    0.00    0.00    0.00    12      0.00      0.00 1176984  248644   3.24  |__fastlio_mapping
16时33分35秒  1000         -     31116    0.00    0.00    0.00    0.00    0.00    12      0.00      0.00 1176984  248644   3.24  |__fastlio_mapping
16时33分35秒  1000         -     31117    1.00    0.00    0.00    0.00    1.00    13      0.00      0.00 1176984  248644   3.24  |__fastlio_mapping
16时33分35秒  1000         -     31118   13.00    0.00    0.00    0.00   13.00     7      0.00      0.00 1176984  248644   3.24  |__fastlio_mapping
16时33分35秒  1000         -     31119   12.00    0.00    0.00    0.00   12.00     4      0.00      0.00 1176984  248644   3.24  |__fastlio_mapping

# Time        UID      TGID       TID    %usr %system  %guest   %wait    %CPU   CPU  minflt/s  majflt/s     VSZ     RSS   %MEM  Command
16时33分36秒  1000     31103         -   33.00    5.00    0.00    0.00   38.00     3  11760.00      0.00 1177112  248836   3.24  fastlio_mapping
16时33分36秒  1000         -     31103    6.00    3.00    0.00    0.00    9.00     3  11760.00      0.00 1177112  248836   3.24  |__fastlio_mapping
16时33分36秒  1000         -     31105    1.00    1.00    0.00    0.00    2.00    11      0.00      0.00 1177112  248836   3.24  |__fastlio_mapping
16时33分36秒  1000         -     31106    0.00    0.00    0.00    0.00    0.00     8      0.00      0.00 1177112  248836   3.24  |__fastlio_mapping
16时33分36秒  1000         -     31107    0.00    0.00    0.00    0.00    0.00    15      0.00      0.00 1177112  248836   3.24  |__fastlio_mapping
16时33分36秒  1000         -     31108    0.00    0.00    0.00    0.00    0.00     2      0.00      0.00 1177112  248836   3.24  |__fastlio_mapping
16时33分36秒  1000         -     31109    0.00    0.00    0.00    0.00    0.00    13      0.00      0.00 1177112  248836   3.24  |__fastlio_mapping
16时33分36秒  1000         -     31110    0.00    0.00    0.00    0.00    0.00     8      0.00      0.00 1177112  248836   3.24  |__fastlio_mapping
16时33分36秒  1000         -     31111    0.00    0.00    0.00    0.00    0.00     9      0.00      0.00 1177112  248836   3.24  |__fastlio_mapping
16时33分36秒  1000         -     31112    0.00    0.00    0.00    0.00    0.00     6      0.00      0.00 1177112  248836   3.24  |__fastlio_mapping
16时33分36秒  1000         -     31113    0.00    0.00    0.00    0.00    0.00     8      0.00      0.00 1177112  248836   3.24  |__fastlio_mapping
16时33分36秒  1000         -     31114    1.00    0.00    0.00    0.00    1.00    11      0.00      0.00 1177112  248836   3.24  |__fastlio_mapping
16时33分36秒  1000         -     31115    0.00    0.00    0.00    0.00    0.00    12      0.00      0.00 1177112  248836   3.24  |__fastlio_mapping
16时33分36秒  1000         -     31116    0.00    0.00    0.00    0.00    0.00    12      0.00      0.00 1177112  248836   3.24  |__fastlio_mapping
16时33分36秒  1000         -     31117    0.00    0.00    0.00    0.00    0.00     8      0.00      0.00 1177112  248836   3.24  |__fastlio_mapping
16时33分36秒  1000         -     31118   12.00    0.00    0.00    0.00   12.00     7      0.00      0.00 1177112  248836   3.24  |__fastlio_mapping
16时33分36秒  1000         -     31119   12.00    0.00    0.00    0.00   12.00     4      0.00      0.00 1177112  248836   3.24  |__fastlio_mapping

# Time        UID      TGID       TID    %usr %system  %guest   %wait    %CPU   CPU  minflt/s  majflt/s     VSZ     RSS   %MEM  Command
16时33分37秒  1000     31103         -   32.00    4.00    0.00    0.00   36.00     3  11789.00      0.00 1177236  249084   3.25  fastlio_mapping
16时33分37秒  1000         -     31103    6.00    2.00    0.00    0.00    8.00     3  11789.00      0.00 1177236  249084   3.25  |__fastlio_mapping
16时33分37秒  1000         -     31105    1.00    1.00    0.00    0.00    2.00    11      0.00      0.00 1177236  249084   3.25  |__fastlio_mapping
16时33分37秒  1000         -     31106    0.00    0.00    0.00    0.00    0.00     8      0.00      0.00 1177236  249084   3.25  |__fastlio_mapping
16时33分37秒  1000         -     31107    0.00    0.00    0.00    0.00    0.00    15      0.00      0.00 1177236  249084   3.25  |__fastlio_mapping
16时33分37秒  1000         -     31108    0.00    0.00    0.00    0.00    0.00     2      0.00      0.00 1177236  249084   3.25  |__fastlio_mapping
16时33分37秒  1000         -     31109    0.00    0.00    0.00    0.00    0.00    13      0.00      0.00 1177236  249084   3.25  |__fastlio_mapping
16时33分37秒  1000         -     31110    0.00    0.00    0.00    0.00    0.00     8      0.00      0.00 1177236  249084   3.25  |__fastlio_mapping
16时33分37秒  1000         -     31111    0.00    0.00    0.00    0.00    0.00    12      0.00      0.00 1177236  249084   3.25  |__fastlio_mapping
16时33分37秒  1000         -     31112    0.00    0.00    0.00    0.00    0.00    13      0.00      0.00 1177236  249084   3.25  |__fastlio_mapping
16时33分37秒  1000         -     31113    0.00    0.00    0.00    0.00    0.00     8      0.00      0.00 1177236  249084   3.25  |__fastlio_mapping
16时33分37秒  1000         -     31114    0.00    0.00    0.00    0.00    0.00    13      0.00      0.00 1177236  249084   3.25  |__fastlio_mapping
16时33分37秒  1000         -     31115    0.00    0.00    0.00    0.00    0.00    12      0.00      0.00 1177236  249084   3.25  |__fastlio_mapping
16时33分37秒  1000         -     31116    0.00    0.00    0.00    0.00    0.00    12      0.00      0.00 1177236  249084   3.25  |__fastlio_mapping
16时33分37秒  1000         -     31117    1.00    0.00    0.00    0.00    1.00     8      0.00      0.00 1177236  249084   3.25  |__fastlio_mapping
16时33分37秒  1000         -     31118   12.00    0.00    0.00    0.00   12.00     7      0.00      0.00 1177236  249084   3.25  |__fastlio_mapping
16时33分37秒  1000         -     31119   12.00    0.00    0.00    0.00   12.00     4      0.00      0.00 1177236  249084   3.25  |__fastlio_mapping

# Time        UID      TGID       TID    %usr %system  %guest   %wait    %CPU   CPU  minflt/s  majflt/s     VSZ     RSS   %MEM  Command
16时33分38秒  1000     31103         -   33.00    4.00    0.00    0.00   37.00     3  11826.00      0.00 1177368  249348   3.25  fastlio_mapping
16时33分38秒  1000         -     31103    6.00    3.00    0.00    0.00    9.00     3  11826.00      0.00 1177368  249348   3.25  |__fastlio_mapping
16时33分38秒  1000         -     31105    1.00    1.00    0.00    0.00    2.00    13      0.00      0.00 1177368  249348   3.25  |__fastlio_mapping
16时33分38秒  1000         -     31106    0.00    0.00    0.00    0.00    0.00     8      0.00      0.00 1177368  249348   3.25  |__fastlio_mapping
16时33分38秒  1000         -     31107    0.00    0.00    0.00    0.00    0.00    15      0.00      0.00 1177368  249348   3.25  |__fastlio_mapping
16时33分38秒  1000         -     31108    0.00    0.00    0.00    0.00    0.00     2      0.00      0.00 1177368  249348   3.25  |__fastlio_mapping
16时33分38秒  1000         -     31109    0.00    0.00    0.00    0.00    0.00    15      0.00      0.00 1177368  249348   3.25  |__fastlio_mapping
16时33分38秒  1000         -     31110    0.00    0.00    0.00    0.00    0.00     8      0.00      0.00 1177368  249348   3.25  |__fastlio_mapping
16时33分38秒  1000         -     31111    0.00    0.00    0.00    0.00    0.00     0      0.00      0.00 1177368  249348   3.25  |__fastlio_mapping
16时33分38秒  1000         -     31112    0.00    0.00    0.00    0.00    0.00     6      0.00      0.00 1177368  249348   3.25  |__fastlio_mapping
16时33分38秒  1000         -     31113    0.00    0.00    0.00    0.00    0.00     8      0.00      0.00 1177368  249348   3.25  |__fastlio_mapping
16时33分38秒  1000         -     31114    1.00    0.00    0.00    0.00    1.00    12      0.00      0.00 1177368  249348   3.25  |__fastlio_mapping
16时33分38秒  1000         -     31115    0.00    0.00    0.00    0.00    0.00    12      0.00      0.00 1177368  249348   3.25  |__fastlio_mapping
16时33分38秒  1000         -     31116    0.00    0.00    0.00    0.00    0.00    12      0.00      0.00 1177368  249348   3.25  |__fastlio_mapping
16时33分38秒  1000         -     31117    0.00    1.00    0.00    0.00    1.00     6      0.00      0.00 1177368  249348   3.25  |__fastlio_mapping
16时33分38秒  1000         -     31118   12.00    0.00    0.00    0.00   12.00     7      0.00      0.00 1177368  249348   3.25  |__fastlio_mapping
16时33分38秒  1000         -     31119   12.00    0.00    0.00    0.00   12.00     4      0.00      0.00 1177368  249348   3.25  |__fastlio_mapping

# Time        UID      TGID       TID    %usr %system  %guest   %wait    %CPU   CPU  minflt/s  majflt/s     VSZ     RSS   %MEM  Command
16时33分39秒  1000     31103         -   34.00    3.00    0.00    0.00   37.00    13  11859.00      0.00 1177500  249644   3.26  fastlio_mapping
16时33分39秒  1000         -     31103    7.00    2.00    0.00    0.00    9.00    13  11859.00      0.00 1177500  249644   3.26  |__fastlio_mapping
16时33分39秒  1000         -     31105    0.00    2.00    0.00    0.00    2.00    14      0.00      0.00 1177500  249644   3.26  |__fastlio_mapping
16时33分39秒  1000         -     31106    0.00    0.00    0.00    0.00    0.00     8      0.00      0.00 1177500  249644   3.26  |__fastlio_mapping
16时33分39秒  1000         -     31107    0.00    0.00    0.00    0.00    0.00    15      0.00      0.00 1177500  249644   3.26  |__fastlio_mapping
16时33分39秒  1000         -     31108    0.00    0.00    0.00    0.00    0.00     2      0.00      0.00 1177500  249644   3.26  |__fastlio_mapping
16时33分39秒  1000         -     31109    0.00    0.00    0.00    1.00    0.00     0      0.00      0.00 1177500  249644   3.26  |__fastlio_mapping
16时33分39秒  1000         -     31110    0.00    0.00    0.00    0.00    0.00     8      0.00      0.00 1177500  249644   3.26  |__fastlio_mapping
16时33分39秒  1000         -     31111    0.00    0.00    0.00    0.00    0.00     0      0.00      0.00 1177500  249644   3.26  |__fastlio_mapping
16时33分39秒  1000         -     31112    0.00    0.00    0.00    0.00    0.00     6      0.00      0.00 1177500  249644   3.26  |__fastlio_mapping
16时33分39秒  1000         -     31113    0.00    0.00    0.00    0.00    0.00     8      0.00      0.00 1177500  249644   3.26  |__fastlio_mapping
16时33分39秒  1000         -     31114    1.00    1.00    0.00    0.00    2.00    13      0.00      0.00 1177500  249644   3.26  |__fastlio_mapping
16时33分39秒  1000         -     31115    0.00    0.00    0.00    0.00    0.00    12      0.00      0.00 1177500  249644   3.26  |__fastlio_mapping
16时33分39秒  1000         -     31116    0.00    0.00    0.00    0.00    0.00    12      0.00      0.00 1177500  249644   3.26  |__fastlio_mapping
16时33分39秒  1000         -     31117    1.00    0.00    0.00    0.00    1.00    13      0.00      0.00 1177500  249644   3.26  |__fastlio_mapping
16时33分39秒  1000         -     31118   12.00    0.00    0.00    0.00   12.00     7      0.00      0.00 1177500  249644   3.26  |__fastlio_mapping
16时33分39秒  1000         -     31119   12.00    0.00    0.00    0.00   12.00     0      0.00      0.00 1177500  249644   3.26  |__fastlio_mapping

# Time        UID      TGID       TID    %usr %system  %guest   %wait    %CPU   CPU  minflt/s  majflt/s     VSZ     RSS   %MEM  Command
16时33分40秒  1000     31103         -   35.00    5.00    0.00    1.00   40.00    11  11895.00      0.00 1178172  250036   3.26  fastlio_mapping
16时33分40秒  1000         -     31103    6.00    3.00    0.00    1.00    9.00    11  11892.00      0.00 1178172  250036   3.26  |__fastlio_mapping
16时33分40秒  1000         -     31105    1.00    1.00    0.00    1.00    2.00    11      0.00      0.00 1178172  250036   3.26  |__fastlio_mapping
16时33分40秒  1000         -     31106    0.00    0.00    0.00    0.00    0.00     8      0.00      0.00 1178172  250036   3.26  |__fastlio_mapping
16时33分40秒  1000         -     31107    0.00    0.00    0.00    0.00    0.00    15      0.00      0.00 1178172  250036   3.26  |__fastlio_mapping
16时33分40秒  1000         -     31108    0.00    0.00    0.00    0.00    0.00     2      0.00      0.00 1178172  250036   3.26  |__fastlio_mapping
16时33分40秒  1000         -     31109    0.00    1.00    0.00    0.00    1.00    12      0.00      0.00 1178172  250036   3.26  |__fastlio_mapping
16时33分40秒  1000         -     31110    0.00    0.00    0.00    0.00    0.00     8      0.00      0.00 1178172  250036   3.26  |__fastlio_mapping
16时33分40秒  1000         -     31111    0.00    0.00    0.00    0.00    0.00    13      0.00      0.00 1178172  250036   3.26  |__fastlio_mapping
16时33分40秒  1000         -     31112    0.00    0.00    0.00    0.00    0.00     6      2.00      0.00 1178172  250036   3.26  |__fastlio_mapping
16时33分40秒  1000         -     31113    0.00    0.00    0.00    0.00    0.00     8      0.00      0.00 1178172  250036   3.26  |__fastlio_mapping
16时33分40秒  1000         -     31114    1.00    0.00    0.00    0.00    1.00    11      1.00      0.00 1178172  250036   3.26  |__fastlio_mapping
16时33分40秒  1000         -     31115    0.00    0.00    0.00    0.00    0.00    14      0.00      0.00 1178172  250036   3.26  |__fastlio_mapping
16时33分40秒  1000         -     31116    0.00    0.00    0.00    0.00    0.00     0      0.00      0.00 1178172  250036   3.26  |__fastlio_mapping
16时33分40秒  1000         -     31117    0.00    0.00    0.00    0.00    0.00    11      0.00      0.00 1178172  250036   3.26  |__fastlio_mapping
16时33分40秒  1000         -     31118   13.00    0.00    0.00    0.00   13.00     7      0.00      0.00 1178172  250036   3.26  |__fastlio_mapping
16时33分40秒  1000         -     31119   13.00    0.00    0.00    0.00   13.00     4      0.00      0.00 1178172  250036   3.26  |__fastlio_mapping

# Time        UID      TGID       TID    %usr %system  %guest   %wait    %CPU   CPU  minflt/s  majflt/s     VSZ     RSS   %MEM  Command
16时33分41秒  1000     31103         -   37.00    5.00    0.00    1.00   42.00     3  11931.00      0.00 1178848  250308   3.26  fastlio_mapping
16时33分41秒  1000         -     31103    8.00    2.00    0.00    1.00   10.00     3  11928.00      0.00 1178848  250308   3.26  |__fastlio_mapping
16时33分41秒  1000         -     31105    1.00    2.00    0.00    4.00    3.00     3      0.00      0.00 1178848  250308   3.26  |__fastlio_mapping
16时33分41秒  1000         -     31106    0.00    0.00    0.00    0.00    0.00     8      0.00      0.00 1178848  250308   3.26  |__fastlio_mapping
16时33分41秒  1000         -     31107    0.00    0.00    0.00    0.00    0.00    15      0.00      0.00 1178848  250308   3.26  |__fastlio_mapping
16时33分41秒  1000         -     31108    0.00    0.00    0.00    0.00    0.00     2      0.00      0.00 1178848  250308   3.26  |__fastlio_mapping
16时33分41秒  1000         -     31109    0.00    0.00    0.00    0.00    0.00     8      0.00      0.00 1178848  250308   3.26  |__fastlio_mapping
16时33分41秒  1000         -     31110    0.00    0.00    0.00    0.00    0.00     8      0.00      0.00 1178848  250308   3.26  |__fastlio_mapping
16时33分41秒  1000         -     31111    0.00    0.00    0.00    0.00    0.00     3      0.00      0.00 1178848  250308   3.26  |__fastlio_mapping
16时33分41秒  1000         -     31112    0.00    0.00    0.00    0.00    0.00     3      2.00      0.00 1178848  250308   3.26  |__fastlio_mapping
16时33分41秒  1000         -     31113    0.00    0.00    0.00    0.00    0.00     8      0.00      0.00 1178848  250308   3.26  |__fastlio_mapping
16时33分41秒  1000         -     31114    1.00    0.00    0.00    1.00    1.00     3      1.00      0.00 1178848  250308   3.26  |__fastlio_mapping
16时33分41秒  1000         -     31115    0.00    0.00    0.00    0.00    0.00     9      0.00      0.00 1178848  250308   3.26  |__fastlio_mapping
16时33分41秒  1000         -     31116    0.00    0.00    0.00    0.00    0.00     3      0.00      0.00 1178848  250308   3.26  |__fastlio_mapping
16时33分41秒  1000         -     31117    1.00    0.00    0.00    1.00    1.00     3      0.00      0.00 1178848  250308   3.26  |__fastlio_mapping
16时33分41秒  1000         -     31118   13.00    0.00    0.00    0.00   13.00     7      0.00      0.00 1178848  250308   3.26  |__fastlio_mapping
16时33分41秒  1000         -     31119   13.00    0.00    0.00    0.00   13.00     0      0.00      0.00 1178848  250308   3.26  |__fastlio_mapping

