[navigation stack (prewarm)] starting
[navigation stack (prewarm)] command: env MAP_FILE=/home/robot/rong_ws/ws_offboard_control/maps/fastlio_global_3d_20260810/GlobalMap_去顶端_z3m.pcd PLANNER_BACKEND=super TUNING_FILE=/home/robot/rong_ws/ws_offboard_control/src/race_bringup/config/astar_ego_tuning.yaml MISSION_ENABLED=false RECOGNITION_ENABLED=false RVIZ=true ENABLE_OUTPUT=true MANUAL_HANDOVER=true BODY_TO_SENSOR_X_M=0.0 BODY_TO_SENSOR_Y_M=0.0 BODY_TO_SENSOR_Z_M=0.08 BODY_TO_FASTLIO_YAW_RAD=0.0 WORLD_YAW_ALIGNMENT_RAD=0.0 PUBLISH_FASTLIO_BRIDGE=true PUBLISH_CAMERA_INIT_TF=false MAP_FRAME_ID=map FASTLIO_ODOM_TOPIC=/planning/odom REQUIRE_MAP_LOCAL_ALIGNMENT=true MAP_AUTO_LOAD=true /home/robot/rong_ws/ws_offboard_control/tools/flight/运行导航控制.sh
[navigation stack (prewarm)] pid=6018 pgid=6018 log=/home/robot/rong_ws/ws_offboard_control/flight_records/20260812/flight_20260812_210036/logs/navigation.log
导航后端：    请求=super，实际=super，EGO开关=false
任务序列器：  false
地图文件：    /home/robot/rong_ws/ws_offboard_control/maps/fastlio_global_3d_20260810/GlobalMap_去顶端_z3m.pcd
地图自动加载：true
Recognition:        false
导航输出：    true
人工接管：    true
[INFO] [launch]: All log files can be found below /home/robot/.ros/log/2026-08-12-21-00-45-287221-robot-6018
[INFO] [launch]: Default logging verbosity is set to INFO
[INFO] [launch.user]: [PLANNER_BACKEND] requested=super effective=super ego_enabled=False
[INFO] [launch.user]: [TUNING_FILE]
[INFO] [launch.user]: path=/home/robot/rong_ws/ws_offboard_control/src/race_bringup/config/astar_ego_tuning.yaml
[INFO] [launch.user]: schema_version=1
[INFO] [launch.user]: [EGO_MAP_SOURCE]
[INFO] [launch.user]: ego_map_source=static_live_px4
[INFO] [launch.user]: [EGO_MAP_TUNING]
[INFO] [launch.user]: {'live_topic': '/cloud_registered', 'body_topic': '/cloud_registered_body', 'pose_topic': '/race/pose', 'live_obstacle_memory_sec': 1.0, 'live_obstacle_voxel_size_m': 0.1, 'live_obstacle_min_observations': 2, 'minimum_reliable_detection_range_m': 0.725, 'pose_sync_max_skew_sec': 0.3, 'pose_buffer_duration_sec': 1.0}
[INFO] [launch.user]: [SHARED_BOUNDS]
[INFO] [launch.user]: x=[-0.85,11.9] y=[-3.2,12.4] z=[0.5,0.85] margin=0.15
[INFO] [launch.user]: [GLOBAL_PLANNER_TUNING]
[INFO] [launch.user]: {'grid_resolution': 0.15, 'planning_resolution': 0.05, 'hard_inflation_radius': 0.28, 'min_planning_inflation_radius': 0.28, 'soft_obstacle_cost_radius': 0.54, 'clearance_cost_weight': 3.0, 'tracking_lookahead_distance': 0.3, 'max_local_goal_distance': 1.7, 'smoothing_min_clearance': 0.1, 'allow_direct_path': False, 'enable_path_shortcut': False}
[INFO] [launch.user]: [EGO_TUNING]
[INFO] [launch.user]: {'enable': False, 'planning_horizon': 5.0, 'local_update_range_x': 6.0, 'local_update_range_y': 6.0, 'local_update_range_z': 1.25, 'occupancy_map_size_x': 24.0, 'occupancy_map_size_y': 26.0, 'occupancy_publish_max_height': 2.5, 'max_velocity': 0.6, 'max_acceleration': 0.8, 'control_point_spacing': 0.25, 'planning_clearance_m': 0.34, 'constrained_clearance_enable': False, 'constrained_clearance_m': 0.24, 'constrained_optimization_clearance_m': 0.3, 'far_end_clearance_extra_m': 0.06, 'optimization_clearance_m': 0.42, 'max_reference_deviation_m': 0.8, 'use_distinctive_trajectories': True, 'replan_start_position_error_m': 0.25, 'handover_position_tolerance_m': 0.01, 'handover_velocity_tolerance_mps': 0.005, 'handover_acceleration_tolerance_mps2': 0.01, 'fixed_flight_height': 0.78}
[INFO] [launch.user]: [BRIDGE_TUNING]
[INFO] [launch.user]: {'occupancy_timeout_sec': 1.0, 'active_recheck_history_sec': 0.5, 'bspline_timeout_sec': 0.2, 'command_timeout_sec': 0.2, 'dynamic_invalid_grace_sec': 0.75, 'replan_hold_timeout_sec': 3.0, 'collision_sample_spacing_m': 0.04, 'braking_deceleration_mps2': 0.8, 'reaction_time_sec': 0.15, 'dynamic_limit_margin': 1.1, 'max_yaw_rate_rad_s': 0.8}
[INFO] [launch.user]: [OFFBOARD_TUNING]
[INFO] [launch.user]: {'takeoff_height_m': 0.55, 'ego_goal_release_height_m': 0.5, 'ego_goal_stable_height_tolerance_m': 0.05, 'ego_goal_stable_horizontal_speed_mps': 0.08, 'ego_goal_stable_vertical_speed_mps': 0.05, 'ego_goal_stable_duration_sec': 0.5, 'fixed_flight_height_m': 0.78, 'max_safe_height_m': 0.85, 'goal_tolerance_xy_m': 0.1, 'goal_tolerance_z_m': 0.05, 'setpoint_rate_hz': 20.0, 'trusted_position_max_speed_mps': 4.0, 'trusted_position_jump_allowance_m': 0.4, 'ego_setpoint_max_lead_m': 2.0, 'ego_setpoint_timeout_sec': 2.5, 'same_goal_retry_on_safety_latch': True, 'ego_yaw_rate_limit_rad_s': 0.8, 'initial_position_stabilization_sec': 0.5, 'initial_position_max_spread_m': 0.08, 'initial_position_max_speed_mps': 0.2}
[INFO] [offboard_waypoint_node-1]: process started with pid [6108]
[INFO] [fastlio_bridge_node-2]: process started with pid [6110]
[INFO] [frame_transform_node-3]: process started with pid [6112]
[INFO] [map_io_node-4]: process started with pid [6114]
[INFO] [mapping_manager_node-5]: process started with pid [6116]
[INFO] [super_planner_ros2_node-6]: process started with pid [6118]
[INFO] [rviz2-7]: process started with pid [6120]
[mapping_manager_node-5] [INFO] [1786539645.514718805] [mapping_manager_node]: mapping_manager_node started
[mapping_manager_node-5] [INFO] [1786539645.514789914] [mapping_manager_node]:   auto_load_on_start: false
[mapping_manager_node-5] [INFO] [1786539645.514794995] [mapping_manager_node]:   auto_save_on_land: true
[fastlio_bridge_node-2] [INFO] [1786539645.518361481] [fastlio_bridge_node]: FAST-LIO2 ENU/map -> base_link bridge: /planning/odom -> /race/odom, /race/pose lever=(0.000, 0.000, 0.080) installation_yaw=0.000000 world_yaw=0.000000
[frame_transform_node-3] [INFO] [1786539645.519191663] [frame_transform_node]: frame_transform_node started
[frame_transform_node-3] [INFO] [1786539645.519358836] [frame_transform_node]:   Published static TF: map -> odom (identity)
[frame_transform_node-3] [INFO] [1786539645.519370930] [frame_transform_node]:   Fixed map -> camera_init TF disabled
[offboard_waypoint_node-1] [INFO] [1786539645.541473019] [offboard_waypoint_node]: Offboard adapter: control_source=navigation navigation_topic=/race/navigation_setpoint ego_topic=/race/ego/trajectory_setpoint frame=px4_ned timeout=0.80s ego_timeout=0.20s height=[0.50, 0.85]m warmup=1.0s stabilization=3.0s takeoff_complete=0.55m strict_health=false
[offboard_waypoint_node-1] [INFO] [1786539645.541565090] [offboard_waypoint_node]: [PLANNER_SOURCE] backend=navigation
[offboard_waypoint_node-1] [INFO] [1786539645.541571322] [offboard_waypoint_node]: [TRAJECTORY_SOURCE] selected=navigation timeout=2.50s
[super_planner_ros2_node-6] [INFO] [1786539645.542638057] [super_planner_ros2_node]: MODE_INIT enable_output=true setpoint_topic=/race/navigation_setpoint setpoint_frame=px4_ned control_rate=20.0 replan_rate=2.0 tracking_lookahead=0.30 heading_lookahead=0.80 max_yaw_rate=1.00 odom_topic=/race/odom odom_input_frame=map require_mavros_connected=false mavros_state_topic=/mavros/state cloud_topic=/saved_map PLANNER_INTERNAL_FRAME=map hard_inflation=0.28 soft_cost_radius=0.54 clearance_cost_weight=3.00 smoothing=true method=chaikin iterations=2 sample_resolution=0.10 allow_direct_path=false enable_path_shortcut=false
[super_planner_ros2_node-6] [INFO] [1786539645.542763642] [super_planner_ros2_node]: [SUPER_TRACKING_POLICY] replan_while_tracking=false
[super_planner_ros2_node-6] [INFO] [1786539645.542768533] [super_planner_ros2_node]: GLOBAL_MODE global_only=false control_output=true global_path=disabled local_goal=disabled
[super_planner_ros2_node-6] [INFO] [1786539645.542771868] [super_planner_ros2_node]: [SUPER_MODE] global_only=false max_planning_distance=9.000 segment_chaining=false
[super_planner_ros2_node-6] [INFO] [1786539645.542775077] [super_planner_ros2_node]: [SUPER_DIRECT_MODE] enabled=false
[super_planner_ros2_node-6] [INFO] [1786539645.542778521] [super_planner_ros2_node]: [SHARED_BOUNDS] x=[-0.85,11.90] y=[-3.20,12.40] z=[0.50,0.85] margin=0.15
[offboard_waypoint_node-1] [INFO] [1786539645.592102297] [offboard_waypoint_node]: [EV_HOLD_WAIT] continuous_healthy=0.00s required=7.50s
[offboard_waypoint_node-1] [INFO] [1786539645.592483543] [offboard_waypoint_node]: [CONTROL_ARBITER] selected_source=waiting_for_ev_ground_reference state=WAITING_FOR_ODOM
[super_planner_ros2_node-6] [INFO] [1786539645.592952214] [super_planner_ros2_node]: SUPER_ROS2 mode=NO_ODOM enable_output=true reason=NO_ODOM odom=(0.00,0.00,0.00) goal=none tracking_setpoint_enu=(0.00,0.00,0.00) setpoint_ned=none yaw(desired/cmd/rate)=(0.00/0.00/0.00) cross_track=0.00 frame_id=px4_ned path_points=0 odom_source=none cloud_source=none mavros_connected=false
[map_io_node-4] [INFO] [1786539645.628808715] [map_io_node]: map_io_node started
[map_io_node-4] [INFO] [1786539645.629033117] [map_io_node]:   map_file: /home/robot/rong_ws/ws_offboard_control/maps/fastlio_global_3d_20260810/GlobalMap_去顶端_z3m.pcd
[map_io_node-4] [INFO] [1786539645.629041383] [map_io_node]:   publish_topic: /saved_map
[map_io_node-4] [INFO] [1786539645.629045017] [map_io_node]:   display_leaf_size: 0.10 m
[map_io_node-4] [INFO] [1786539645.629051707] [map_io_node]:   max_display_points: 3000000
[rviz2-7] [INFO] [1786539645.925295723] [rviz2]: Stereo is NOT SUPPORTED
[rviz2-7] [INFO] [1786539645.925406441] [rviz2]: OpenGl version: 4.6 (GLSL 4.6)
[rviz2-7] [INFO] [1786539645.969120339] [rviz2]: Stereo is NOT SUPPORTED
[map_io_node-4] [INFO] [1786539646.632037005] [map_io_node]: Loaded 9628 points from /home/robot/rong_ws/ws_offboard_control/maps/fastlio_global_3d_20260810/GlobalMap_去顶端_z3m.pcd
[map_io_node-4] [INFO] [1786539646.633413775] [map_io_node]: Downsampled display map: 9628 -> 9161 points (leaf 0.10 m)
[map_io_node-4] [INFO] [1786539646.636070589] [map_io_node]: Published map to /saved_map (frame: map)
[super_planner_ros2_node-6] [WARN] [1786539646.637622561] [super_planner_ros2_node]: Using cloud source: /saved_map frame_id=map
[offboard_waypoint_node-1] [INFO] [1786539646.641421199] [offboard_waypoint_node]: [EV_HOLD_WAIT] continuous_healthy=0.00s required=7.50s
[offboard_waypoint_node-1] [INFO] [1786539646.641601350] [offboard_waypoint_node]: [CONTROL_ARBITER] selected_source=waiting_for_ev_ground_reference state=WAITING_FOR_ODOM
[super_planner_ros2_node-6] [INFO] [1786539646.642668890] [super_planner_ros2_node]: SUPER_ROS2 mode=NO_ODOM enable_output=true reason=NO_ODOM odom=(0.00,0.00,0.00) goal=none tracking_setpoint_enu=(0.00,0.00,0.00) setpoint_ned=none yaw(desired/cmd/rate)=(0.00/0.00/0.00) cross_track=0.00 frame_id=px4_ned path_points=0 odom_source=none cloud_source=/saved_map mavros_connected=false
[offboard_waypoint_node-1] [INFO] [1786539647.691287790] [offboard_waypoint_node]: [EV_HOLD_WAIT] continuous_healthy=0.00s required=7.50s
[offboard_waypoint_node-1] [INFO] [1786539647.691433213] [offboard_waypoint_node]: [CONTROL_ARBITER] selected_source=waiting_for_ev_ground_reference state=WAITING_FOR_ODOM
[super_planner_ros2_node-6] [INFO] [1786539647.692600528] [super_planner_ros2_node]: SUPER_ROS2 mode=NO_ODOM enable_output=true reason=NO_ODOM odom=(0.00,0.00,0.00) goal=none tracking_setpoint_enu=(0.00,0.00,0.00) setpoint_ned=none yaw(desired/cmd/rate)=(0.00/0.00/0.00) cross_track=0.00 frame_id=px4_ned path_points=0 odom_source=none cloud_source=/saved_map mavros_connected=false
[offboard_waypoint_node-1] [INFO] [1786539648.741008466] [offboard_waypoint_node]: [EV_HOLD_WAIT] continuous_healthy=0.00s required=7.50s
[offboard_waypoint_node-1] [INFO] [1786539648.741107811] [offboard_waypoint_node]: [CONTROL_ARBITER] selected_source=waiting_for_ev_ground_reference state=WAITING_FOR_ODOM
[super_planner_ros2_node-6] [INFO] [1786539648.742218284] [super_planner_ros2_node]: SUPER_ROS2 mode=NO_ODOM enable_output=true reason=NO_ODOM odom=(0.00,0.00,0.00) goal=none tracking_setpoint_enu=(0.00,0.00,0.00) setpoint_ned=none yaw(desired/cmd/rate)=(0.00/0.00/0.00) cross_track=0.00 frame_id=px4_ned path_points=0 odom_source=none cloud_source=/saved_map mavros_connected=false
[offboard_waypoint_node-1] [INFO] [1786539649.790834321] [offboard_waypoint_node]: [EV_HOLD_WAIT] continuous_healthy=0.00s required=7.50s
[offboard_waypoint_node-1] [INFO] [1786539649.790895826] [offboard_waypoint_node]: [CONTROL_ARBITER] selected_source=waiting_for_ev_ground_reference state=WAITING_FOR_ODOM
[super_planner_ros2_node-6] [INFO] [1786539649.792077753] [super_planner_ros2_node]: SUPER_ROS2 mode=NO_ODOM enable_output=true reason=NO_ODOM odom=(0.00,0.00,0.00) goal=none tracking_setpoint_enu=(0.00,0.00,0.00) setpoint_ned=none yaw(desired/cmd/rate)=(0.00/0.00/0.00) cross_track=0.00 frame_id=px4_ned path_points=0 odom_source=none cloud_source=/saved_map mavros_connected=false
[offboard_waypoint_node-1] [INFO] [1786539650.840629660] [offboard_waypoint_node]: [EV_HOLD_WAIT] continuous_healthy=0.00s required=7.50s
[offboard_waypoint_node-1] [INFO] [1786539650.840723681] [offboard_waypoint_node]: [CONTROL_ARBITER] selected_source=waiting_for_ev_ground_reference state=WAITING_FOR_ODOM
[super_planner_ros2_node-6] [INFO] [1786539650.841853636] [super_planner_ros2_node]: SUPER_ROS2 mode=NO_ODOM enable_output=true reason=NO_ODOM odom=(0.00,0.00,0.00) goal=none tracking_setpoint_enu=(0.00,0.00,0.00) setpoint_ned=none yaw(desired/cmd/rate)=(0.00/0.00/0.00) cross_track=0.00 frame_id=px4_ned path_points=0 odom_source=none cloud_source=/saved_map mavros_connected=false
[offboard_waypoint_node-1] [INFO] [1786539651.890591749] [offboard_waypoint_node]: [EV_HOLD_WAIT] continuous_healthy=0.00s required=7.50s
[offboard_waypoint_node-1] [INFO] [1786539651.890789009] [offboard_waypoint_node]: [CONTROL_ARBITER] selected_source=waiting_for_ev_ground_reference state=WAITING_FOR_ODOM
[super_planner_ros2_node-6] [INFO] [1786539651.891809340] [super_planner_ros2_node]: SUPER_ROS2 mode=NO_ODOM enable_output=true reason=NO_ODOM odom=(0.00,0.00,0.00) goal=none tracking_setpoint_enu=(0.00,0.00,0.00) setpoint_ned=none yaw(desired/cmd/rate)=(0.00/0.00/0.00) cross_track=0.00 frame_id=px4_ned path_points=0 odom_source=none cloud_source=/saved_map mavros_connected=false
[offboard_waypoint_node-1] [INFO] [1786539652.940303374] [offboard_waypoint_node]: [EV_HOLD_WAIT] continuous_healthy=0.00s required=7.50s
[offboard_waypoint_node-1] [INFO] [1786539652.940510230] [offboard_waypoint_node]: [CONTROL_ARBITER] selected_source=waiting_for_ev_ground_reference state=WAITING_FOR_ODOM
[super_planner_ros2_node-6] [INFO] [1786539652.941587132] [super_planner_ros2_node]: SUPER_ROS2 mode=NO_ODOM enable_output=true reason=NO_ODOM odom=(0.00,0.00,0.00) goal=none tracking_setpoint_enu=(0.00,0.00,0.00) setpoint_ned=none yaw(desired/cmd/rate)=(0.00/0.00/0.00) cross_track=0.00 frame_id=px4_ned path_points=0 odom_source=none cloud_source=/saved_map mavros_connected=false
[offboard_waypoint_node-1] [INFO] [1786539653.990320148] [offboard_waypoint_node]: [EV_HOLD_WAIT] continuous_healthy=0.00s required=7.50s
[offboard_waypoint_node-1] [INFO] [1786539653.990655712] [offboard_waypoint_node]: [CONTROL_ARBITER] selected_source=waiting_for_ev_ground_reference state=WAITING_FOR_ODOM
[super_planner_ros2_node-6] [INFO] [1786539653.991422183] [super_planner_ros2_node]: SUPER_ROS2 mode=NO_ODOM enable_output=true reason=NO_ODOM odom=(0.00,0.00,0.00) goal=none tracking_setpoint_enu=(0.00,0.00,0.00) setpoint_ned=none yaw(desired/cmd/rate)=(0.00/0.00/0.00) cross_track=0.00 frame_id=px4_ned path_points=0 odom_source=none cloud_source=/saved_map mavros_connected=false
[offboard_waypoint_node-1] [INFO] [1786539655.039998577] [offboard_waypoint_node]: [EV_HOLD_WAIT] continuous_healthy=0.00s required=7.50s
[offboard_waypoint_node-1] [INFO] [1786539655.040115601] [offboard_waypoint_node]: [CONTROL_ARBITER] selected_source=waiting_for_ev_ground_reference state=WAITING_FOR_ODOM
[super_planner_ros2_node-6] [INFO] [1786539655.041218448] [super_planner_ros2_node]: SUPER_ROS2 mode=NO_ODOM enable_output=true reason=NO_ODOM odom=(0.00,0.00,0.00) goal=none tracking_setpoint_enu=(0.00,0.00,0.00) setpoint_ned=none yaw(desired/cmd/rate)=(0.00/0.00/0.00) cross_track=0.00 frame_id=px4_ned path_points=0 odom_source=none cloud_source=/saved_map mavros_connected=false
[offboard_waypoint_node-1] [INFO] [1786539656.089786964] [offboard_waypoint_node]: [EV_HOLD_WAIT] continuous_healthy=0.00s required=7.50s
[offboard_waypoint_node-1] [INFO] [1786539656.089857328] [offboard_waypoint_node]: [CONTROL_ARBITER] selected_source=waiting_for_ev_ground_reference state=WAITING_FOR_ODOM
[super_planner_ros2_node-6] [INFO] [1786539656.090976370] [super_planner_ros2_node]: SUPER_ROS2 mode=NO_ODOM enable_output=true reason=NO_ODOM odom=(0.00,0.00,0.00) goal=none tracking_setpoint_enu=(0.00,0.00,0.00) setpoint_ned=none yaw(desired/cmd/rate)=(0.00/0.00/0.00) cross_track=0.00 frame_id=px4_ned path_points=0 odom_source=none cloud_source=/saved_map mavros_connected=false
[offboard_waypoint_node-1] [INFO] [1786539657.139653393] [offboard_waypoint_node]: [EV_HOLD_WAIT] continuous_healthy=0.00s required=7.50s
[offboard_waypoint_node-1] [INFO] [1786539657.139772075] [offboard_waypoint_node]: [CONTROL_ARBITER] selected_source=waiting_for_ev_ground_reference state=WAITING_FOR_ODOM
[super_planner_ros2_node-6] [INFO] [1786539657.140922797] [super_planner_ros2_node]: SUPER_ROS2 mode=NO_ODOM enable_output=true reason=NO_ODOM odom=(0.00,0.00,0.00) goal=none tracking_setpoint_enu=(0.00,0.00,0.00) setpoint_ned=none yaw(desired/cmd/rate)=(0.00/0.00/0.00) cross_track=0.00 frame_id=px4_ned path_points=0 odom_source=none cloud_source=/saved_map mavros_connected=false
[super_planner_ros2_node-6] [INFO] [1786539658.140936546] [super_planner_ros2_node]: SUPER_ROS2 mode=NO_ODOM enable_output=true reason=NO_ODOM odom=(0.00,0.00,0.00) goal=none tracking_setpoint_enu=(0.00,0.00,0.00) setpoint_ned=none yaw(desired/cmd/rate)=(0.00/0.00/0.00) cross_track=0.00 frame_id=px4_ned path_points=0 odom_source=none cloud_source=/saved_map mavros_connected=false
[offboard_waypoint_node-1] [INFO] [1786539658.191505136] [offboard_waypoint_node]: [EV_HOLD_WAIT] continuous_healthy=0.00s required=7.50s
[offboard_waypoint_node-1] [INFO] [1786539658.191687988] [offboard_waypoint_node]: [CONTROL_ARBITER] selected_source=waiting_for_ev_ground_reference state=WAITING_FOR_ODOM
[super_planner_ros2_node-6] [INFO] [1786539659.141538721] [super_planner_ros2_node]: SUPER_ROS2 mode=NO_ODOM enable_output=true reason=NO_ODOM odom=(0.00,0.00,0.00) goal=none tracking_setpoint_enu=(0.00,0.00,0.00) setpoint_ned=none yaw(desired/cmd/rate)=(0.00/0.00/0.00) cross_track=0.00 frame_id=px4_ned path_points=0 odom_source=none cloud_source=/saved_map mavros_connected=false
[offboard_waypoint_node-1] [INFO] [1786539659.240008411] [offboard_waypoint_node]: [EV_HOLD_WAIT] continuous_healthy=0.00s required=7.50s
[offboard_waypoint_node-1] [INFO] [1786539659.240233216] [offboard_waypoint_node]: [CONTROL_ARBITER] selected_source=waiting_for_ev_ground_reference state=WAITING_FOR_ODOM
[super_planner_ros2_node-6] [INFO] [1786539660.190460300] [super_planner_ros2_node]: SUPER_ROS2 mode=NO_ODOM enable_output=true reason=NO_ODOM odom=(0.00,0.00,0.00) goal=none tracking_setpoint_enu=(0.00,0.00,0.00) setpoint_ned=none yaw(desired/cmd/rate)=(0.00/0.00/0.00) cross_track=0.00 frame_id=px4_ned path_points=0 odom_source=none cloud_source=/saved_map mavros_connected=false
[offboard_waypoint_node-1] [INFO] [1786539660.289243583] [offboard_waypoint_node]: [EV_HOLD_WAIT] continuous_healthy=0.00s required=7.50s
[offboard_waypoint_node-1] [INFO] [1786539660.289342530] [offboard_waypoint_node]: [CONTROL_ARBITER] selected_source=waiting_for_ev_ground_reference state=WAITING_FOR_ODOM
[super_planner_ros2_node-6] [INFO] [1786539661.240225413] [super_planner_ros2_node]: SUPER_ROS2 mode=NO_ODOM enable_output=true reason=NO_ODOM odom=(0.00,0.00,0.00) goal=none tracking_setpoint_enu=(0.00,0.00,0.00) setpoint_ned=none yaw(desired/cmd/rate)=(0.00/0.00/0.00) cross_track=0.00 frame_id=px4_ned path_points=0 odom_source=none cloud_source=/saved_map mavros_connected=false
[offboard_waypoint_node-1] [INFO] [1786539661.289259894] [offboard_waypoint_node]: [EV_HOLD_WAIT] continuous_healthy=0.00s required=7.50s
[offboard_waypoint_node-1] [INFO] [1786539661.289489211] [offboard_waypoint_node]: [CONTROL_ARBITER] selected_source=waiting_for_ev_ground_reference state=WAITING_FOR_ODOM
[super_planner_ros2_node-6] [INFO] [1786539662.290417112] [super_planner_ros2_node]: SUPER_ROS2 mode=NO_ODOM enable_output=true reason=NO_ODOM odom=(0.00,0.00,0.00) goal=none tracking_setpoint_enu=(0.00,0.00,0.00) setpoint_ned=none yaw(desired/cmd/rate)=(0.00/0.00/0.00) cross_track=0.00 frame_id=px4_ned path_points=0 odom_source=none cloud_source=/saved_map mavros_connected=false
[offboard_waypoint_node-1] [INFO] [1786539662.338863677] [offboard_waypoint_node]: [EV_HOLD_WAIT] continuous_healthy=0.00s required=7.50s
[offboard_waypoint_node-1] [INFO] [1786539662.338933236] [offboard_waypoint_node]: [CONTROL_ARBITER] selected_source=waiting_for_ev_ground_reference state=WAITING_FOR_ODOM
[super_planner_ros2_node-6] [INFO] [1786539663.340017042] [super_planner_ros2_node]: SUPER_ROS2 mode=NO_ODOM enable_output=true reason=NO_ODOM odom=(0.00,0.00,0.00) goal=none tracking_setpoint_enu=(0.00,0.00,0.00) setpoint_ned=none yaw(desired/cmd/rate)=(0.00/0.00/0.00) cross_track=0.00 frame_id=px4_ned path_points=0 odom_source=none cloud_source=/saved_map mavros_connected=false
[offboard_waypoint_node-1] [INFO] [1786539663.388851030] [offboard_waypoint_node]: [EV_HOLD_WAIT] continuous_healthy=0.00s required=7.50s
[offboard_waypoint_node-1] [INFO] [1786539663.389035431] [offboard_waypoint_node]: [CONTROL_ARBITER] selected_source=waiting_for_ev_ground_reference state=WAITING_FOR_ODOM
[super_planner_ros2_node-6] [INFO] [1786539664.389844872] [super_planner_ros2_node]: SUPER_ROS2 mode=NO_ODOM enable_output=true reason=NO_ODOM odom=(0.00,0.00,0.00) goal=none tracking_setpoint_enu=(0.00,0.00,0.00) setpoint_ned=none yaw(desired/cmd/rate)=(0.00/0.00/0.00) cross_track=0.00 frame_id=px4_ned path_points=0 odom_source=none cloud_source=/saved_map mavros_connected=false
[offboard_waypoint_node-1] [INFO] [1786539664.438625073] [offboard_waypoint_node]: [EV_HOLD_WAIT] continuous_healthy=0.00s required=7.50s
[offboard_waypoint_node-1] [INFO] [1786539664.438714422] [offboard_waypoint_node]: [CONTROL_ARBITER] selected_source=waiting_for_ev_ground_reference state=WAITING_FOR_ODOM
[super_planner_ros2_node-6] [INFO] [1786539665.389979253] [super_planner_ros2_node]: SUPER_ROS2 mode=NO_ODOM enable_output=true reason=NO_ODOM odom=(0.00,0.00,0.00) goal=none tracking_setpoint_enu=(0.00,0.00,0.00) setpoint_ned=none yaw(desired/cmd/rate)=(0.00/0.00/0.00) cross_track=0.00 frame_id=px4_ned path_points=0 odom_source=none cloud_source=/saved_map mavros_connected=false
[offboard_waypoint_node-1] [INFO] [1786539665.488467201] [offboard_waypoint_node]: [EV_HOLD_WAIT] continuous_healthy=0.00s required=7.50s
[offboard_waypoint_node-1] [INFO] [1786539665.488531451] [offboard_waypoint_node]: [CONTROL_ARBITER] selected_source=waiting_for_ev_ground_reference state=WAITING_FOR_ODOM
[super_planner_ros2_node-6] [INFO] [1786539666.439548243] [super_planner_ros2_node]: SUPER_ROS2 mode=NO_ODOM enable_output=true reason=NO_ODOM odom=(0.00,0.00,0.00) goal=none tracking_setpoint_enu=(0.00,0.00,0.00) setpoint_ned=none yaw(desired/cmd/rate)=(0.00/0.00/0.00) cross_track=0.00 frame_id=px4_ned path_points=0 odom_source=none cloud_source=/saved_map mavros_connected=false
[offboard_waypoint_node-1] [INFO] [1786539666.538356277] [offboard_waypoint_node]: [EV_HOLD_WAIT] continuous_healthy=0.00s required=7.50s
[offboard_waypoint_node-1] [INFO] [1786539666.538422864] [offboard_waypoint_node]: [CONTROL_ARBITER] selected_source=waiting_for_ev_ground_reference state=WAITING_FOR_ODOM
[super_planner_ros2_node-6] [INFO] [1786539667.439938028] [super_planner_ros2_node]: SUPER_ROS2 mode=NO_ODOM enable_output=true reason=NO_ODOM odom=(0.00,0.00,0.00) goal=none tracking_setpoint_enu=(0.00,0.00,0.00) setpoint_ned=none yaw(desired/cmd/rate)=(0.00/0.00/0.00) cross_track=0.00 frame_id=px4_ned path_points=0 odom_source=none cloud_source=/saved_map mavros_connected=false
[offboard_waypoint_node-1] [INFO] [1786539667.588221781] [offboard_waypoint_node]: [EV_HOLD_WAIT] continuous_healthy=0.00s required=7.50s
[offboard_waypoint_node-1] [INFO] [1786539667.588295415] [offboard_waypoint_node]: [CONTROL_ARBITER] selected_source=waiting_for_ev_ground_reference state=WAITING_FOR_ODOM
[super_planner_ros2_node-6] [INFO] [1786539668.489351604] [super_planner_ros2_node]: SUPER_ROS2 mode=NO_ODOM enable_output=true reason=NO_ODOM odom=(0.00,0.00,0.00) goal=none tracking_setpoint_enu=(0.00,0.00,0.00) setpoint_ned=none yaw(desired/cmd/rate)=(0.00/0.00/0.00) cross_track=0.00 frame_id=px4_ned path_points=0 odom_source=none cloud_source=/saved_map mavros_connected=false
[offboard_waypoint_node-1] [INFO] [1786539668.638078032] [offboard_waypoint_node]: [EV_HOLD_WAIT] continuous_healthy=0.00s required=7.50s
[offboard_waypoint_node-1] [INFO] [1786539668.638145795] [offboard_waypoint_node]: [CONTROL_ARBITER] selected_source=waiting_for_ev_ground_reference state=WAITING_FOR_ODOM
[super_planner_ros2_node-6] [WARN] [1786539668.879015105] [super_planner_ros2_node]: Using odom source: /race/odom odom_input_frame=map planner_map=(-0.08, -0.53, -0.12) current_yaw_ned=-3.132
[super_planner_ros2_node-6] [INFO] [1786539669.489491315] [super_planner_ros2_node]: SUPER_ROS2 mode=IDLE enable_output=true reason=NO_GOAL odom=(-0.09,-0.53,-0.12) goal=none tracking_setpoint_enu=(-0.09,-0.53,0.78) setpoint_ned=none yaw(desired/cmd/rate)=(0.00/0.00/0.00) cross_track=0.00 frame_id=px4_ned path_points=0 odom_source=/race/odom cloud_source=/saved_map mavros_connected=false
[offboard_waypoint_node-1] [INFO] [1786539669.638263441] [offboard_waypoint_node]: [EV_HOLD_WAIT] continuous_healthy=0.00s required=7.50s
[offboard_waypoint_node-1] [INFO] [1786539669.638595643] [offboard_waypoint_node]: [CONTROL_ARBITER] selected_source=waiting_for_ev_ground_reference state=WAITING_FOR_ODOM
[fastlio_bridge_node-2] [INFO] [1786539670.079030705] [fastlio_bridge_node]: 已桥接并转换里程计: ENU(-0.09, -0.54, -0.12) -> NED(-0.54, -0.09, 0.12)
[super_planner_ros2_node-6] [INFO] [1786539670.539096337] [super_planner_ros2_node]: SUPER_ROS2 mode=IDLE enable_output=true reason=NO_GOAL odom=(-0.09,-0.54,-0.12) goal=none tracking_setpoint_enu=(-0.09,-0.54,0.78) setpoint_ned=none yaw(desired/cmd/rate)=(0.00/0.00/0.00) cross_track=0.00 frame_id=px4_ned path_points=0 odom_source=/race/odom cloud_source=/saved_map mavros_connected=false
[offboard_waypoint_node-1] [INFO] [1786539670.687850558] [offboard_waypoint_node]: [EV_HOLD_WAIT] continuous_healthy=0.00s required=7.50s
[offboard_waypoint_node-1] [INFO] [1786539670.687921163] [offboard_waypoint_node]: [CONTROL_ARBITER] selected_source=waiting_for_ev_ground_reference state=WAITING_FOR_ODOM
[super_planner_ros2_node-6] [INFO] [1786539671.539844778] [super_planner_ros2_node]: SUPER_ROS2 mode=IDLE enable_output=true reason=NO_GOAL odom=(-0.09,-0.53,-0.12) goal=none tracking_setpoint_enu=(-0.09,-0.53,0.78) setpoint_ned=none yaw(desired/cmd/rate)=(0.00/0.00/0.00) cross_track=0.00 frame_id=px4_ned path_points=0 odom_source=/race/odom cloud_source=/saved_map mavros_connected=false
[offboard_waypoint_node-1] [INFO] [1786539671.737839522] [offboard_waypoint_node]: [EV_HOLD_WAIT] continuous_healthy=0.00s required=7.50s
[offboard_waypoint_node-1] [INFO] [1786539671.738093477] [offboard_waypoint_node]: [CONTROL_ARBITER] selected_source=waiting_for_ev_ground_reference state=WAITING_FOR_ODOM
[fastlio_bridge_node-2] [INFO] [1786539672.002655612] [fastlio_bridge_node]: 已桥接并转换里程计: ENU(-0.09, -0.53, -0.12) -> NED(-0.53, -0.09, 0.12)
[super_planner_ros2_node-6] [WARN] [1786539672.566147360] [super_planner_ros2_node]: MAVROS reports connected=false; FCU link is down.
[super_planner_ros2_node-6] [INFO] [1786539672.589297831] [super_planner_ros2_node]: SUPER_ROS2 mode=IDLE enable_output=true reason=NO_GOAL odom=(-0.09,-0.53,-0.12) goal=none tracking_setpoint_enu=(-0.09,-0.53,0.78) setpoint_ned=none yaw(desired/cmd/rate)=(0.00/0.00/0.00) cross_track=0.00 frame_id=px4_ned path_points=0 odom_source=/race/odom cloud_source=/saved_map mavros_connected=false
[offboard_waypoint_node-1] [WARN] [1786539672.631085526] [offboard_waypoint_node]: [POSE_WAIT] no local velocity sample yet on /mavros/local_position/velocity_local
[offboard_waypoint_node-1] [INFO] [1786539672.787950661] [offboard_waypoint_node]: [EV_HOLD_WAIT] continuous_healthy=0.00s required=7.50s
[offboard_waypoint_node-1] [INFO] [1786539672.788214872] [offboard_waypoint_node]: [CONTROL_ARBITER] selected_source=waiting_for_ev_ground_reference state=WAITING_FOR_ODOM
[offboard_waypoint_node-1] [INFO] [1786539672.885436605] [offboard_waypoint_node]: [EV_HEALTH] state=SUSPECT continuous_healthy=0.00s
[offboard_waypoint_node-1] [INFO] [1786539673.164479026] [offboard_waypoint_node]: [POSE_TRUSTED] stable_for=0.50s position_ned=(-0.044,-0.002,0.204)
[super_planner_ros2_node-6] [INFO] [1786539673.639457303] [super_planner_ros2_node]: SUPER_ROS2 mode=IDLE enable_output=true reason=NO_GOAL odom=(-0.10,-0.53,-0.11) goal=none tracking_setpoint_enu=(-0.10,-0.53,0.78) setpoint_ned=none yaw(desired/cmd/rate)=(0.00/0.00/0.00) cross_track=0.00 frame_id=px4_ned path_points=0 odom_source=/race/odom cloud_source=/saved_map mavros_connected=true
[offboard_waypoint_node-1] [INFO] [1786539673.837721656] [offboard_waypoint_node]: [EV_HOLD_WAIT] continuous_healthy=0.00s required=7.50s
[offboard_waypoint_node-1] [INFO] [1786539673.838041496] [offboard_waypoint_node]: [CONTROL_ARBITER] selected_source=waiting_for_ev_ground_reference state=WAITING_FOR_ODOM
[fastlio_bridge_node-2] [INFO] [1786539674.079334629] [fastlio_bridge_node]: 已桥接并转换里程计: ENU(-0.09, -0.54, -0.12) -> NED(-0.54, -0.09, 0.12)
[super_planner_ros2_node-6] [INFO] [1786539674.688908851] [super_planner_ros2_node]: SUPER_ROS2 mode=IDLE enable_output=true reason=NO_GOAL odom=(-0.09,-0.54,-0.13) goal=none tracking_setpoint_enu=(-0.09,-0.54,0.78) setpoint_ned=none yaw(desired/cmd/rate)=(0.00/0.00/0.00) cross_track=0.00 frame_id=px4_ned path_points=0 odom_source=/race/odom cloud_source=/saved_map mavros_connected=true
[offboard_waypoint_node-1] [INFO] [1786539674.887419875] [offboard_waypoint_node]: [EV_HOLD_WAIT] continuous_healthy=0.00s required=7.50s
[offboard_waypoint_node-1] [INFO] [1786539674.887490390] [offboard_waypoint_node]: [CONTROL_ARBITER] selected_source=waiting_for_ev_ground_reference state=WAITING_FOR_ODOM
[offboard_waypoint_node-1] [INFO] [1786539674.981417322] [offboard_waypoint_node]: [EV_HEALTH] state=HEALTHY continuous_healthy=0.00s
[mapping_manager_node-5] [INFO] [1786539675.511049409] [mapping_manager_node]: Mapping status: in_flight=false, map_loaded=false, map_saved=false
[super_planner_ros2_node-6] [INFO] [1786539675.738523112] [super_planner_ros2_node]: SUPER_ROS2 mode=IDLE enable_output=true reason=NO_GOAL odom=(-0.09,-0.53,-0.12) goal=none tracking_setpoint_enu=(-0.09,-0.53,0.78) setpoint_ned=none yaw(desired/cmd/rate)=(0.00/0.00/0.00) cross_track=0.00 frame_id=px4_ned path_points=0 odom_source=/race/odom cloud_source=/saved_map mavros_connected=true
[offboard_waypoint_node-1] [INFO] [1786539675.937250273] [offboard_waypoint_node]: [EV_HOLD_WAIT] continuous_healthy=0.96s required=7.50s
[offboard_waypoint_node-1] [INFO] [1786539675.937317008] [offboard_waypoint_node]: [CONTROL_ARBITER] selected_source=waiting_for_ev_ground_reference state=WAITING_FOR_ODOM
[fastlio_bridge_node-2] [INFO] [1786539676.081128310] [fastlio_bridge_node]: 已桥接并转换里程计: ENU(-0.09, -0.54, -0.12) -> NED(-0.54, -0.09, 0.12)
[super_planner_ros2_node-6] [INFO] [1786539676.788418922] [super_planner_ros2_node]: SUPER_ROS2 mode=IDLE enable_output=true reason=NO_GOAL odom=(-0.10,-0.53,-0.11) goal=none tracking_setpoint_enu=(-0.10,-0.53,0.78) setpoint_ned=none yaw(desired/cmd/rate)=(0.00/0.00/0.00) cross_track=0.00 frame_id=px4_ned path_points=0 odom_source=/race/odom cloud_source=/saved_map mavros_connected=true
[offboard_waypoint_node-1] [INFO] [1786539676.937257595] [offboard_waypoint_node]: [EV_HOLD_WAIT] continuous_healthy=1.96s required=7.50s
[offboard_waypoint_node-1] [INFO] [1786539676.937568593] [offboard_waypoint_node]: [CONTROL_ARBITER] selected_source=waiting_for_ev_ground_reference state=WAITING_FOR_ODOM
[super_planner_ros2_node-6] [INFO] [1786539677.838290588] [super_planner_ros2_node]: SUPER_ROS2 mode=IDLE enable_output=true reason=NO_GOAL odom=(-0.09,-0.54,-0.12) goal=none tracking_setpoint_enu=(-0.09,-0.54,0.78) setpoint_ned=none yaw(desired/cmd/rate)=(0.00/0.00/0.00) cross_track=0.00 frame_id=px4_ned path_points=0 odom_source=/race/odom cloud_source=/saved_map mavros_connected=true
[offboard_waypoint_node-1] [INFO] [1786539677.987134905] [offboard_waypoint_node]: [EV_HOLD_WAIT] continuous_healthy=3.01s required=7.50s
[offboard_waypoint_node-1] [INFO] [1786539677.987248897] [offboard_waypoint_node]: [CONTROL_ARBITER] selected_source=waiting_for_ev_ground_reference state=WAITING_FOR_ODOM
[fastlio_bridge_node-2] [INFO] [1786539678.082261014] [fastlio_bridge_node]: 已桥接并转换里程计: ENU(-0.09, -0.54, -0.12) -> NED(-0.54, -0.09, 0.12)
[super_planner_ros2_node-6] [INFO] [1786539678.888198648] [super_planner_ros2_node]: SUPER_ROS2 mode=IDLE enable_output=true reason=NO_GOAL odom=(-0.09,-0.54,-0.12) goal=none tracking_setpoint_enu=(-0.09,-0.54,0.78) setpoint_ned=none yaw(desired/cmd/rate)=(0.00/0.00/0.00) cross_track=0.00 frame_id=px4_ned path_points=0 odom_source=/race/odom cloud_source=/saved_map mavros_connected=true
[offboard_waypoint_node-1] [INFO] [1786539679.037050442] [offboard_waypoint_node]: [EV_HOLD_WAIT] continuous_healthy=4.06s required=7.50s
[offboard_waypoint_node-1] [INFO] [1786539679.037123941] [offboard_waypoint_node]: [CONTROL_ARBITER] selected_source=waiting_for_ev_ground_reference state=WAITING_FOR_ODOM
[super_planner_ros2_node-6] [INFO] [1786539679.888377742] [super_planner_ros2_node]: SUPER_ROS2 mode=IDLE enable_output=true reason=NO_GOAL odom=(-0.09,-0.54,-0.12) goal=none tracking_setpoint_enu=(-0.09,-0.54,0.78) setpoint_ned=none yaw(desired/cmd/rate)=(0.00/0.00/0.00) cross_track=0.00 frame_id=px4_ned path_points=0 odom_source=/race/odom cloud_source=/saved_map mavros_connected=true
[fastlio_bridge_node-2] [INFO] [1786539680.078845241] [fastlio_bridge_node]: 已桥接并转换里程计: ENU(-0.09, -0.54, -0.12) -> NED(-0.54, -0.09, 0.12)
[offboard_waypoint_node-1] [INFO] [1786539680.086833446] [offboard_waypoint_node]: [EV_HOLD_WAIT] continuous_healthy=5.11s required=7.50s
[offboard_waypoint_node-1] [INFO] [1786539680.086897084] [offboard_waypoint_node]: [CONTROL_ARBITER] selected_source=waiting_for_ev_ground_reference state=WAITING_FOR_ODOM
[super_planner_ros2_node-6] [INFO] [1786539680.938070443] [super_planner_ros2_node]: SUPER_ROS2 mode=IDLE enable_output=true reason=NO_GOAL odom=(-0.09,-0.54,-0.12) goal=none tracking_setpoint_enu=(-0.09,-0.54,0.78) setpoint_ned=none yaw(desired/cmd/rate)=(0.00/0.00/0.00) cross_track=0.00 frame_id=px4_ned path_points=0 odom_source=/race/odom cloud_source=/saved_map mavros_connected=true
[offboard_waypoint_node-1] [INFO] [1786539681.136977279] [offboard_waypoint_node]: [EV_HOLD_WAIT] continuous_healthy=6.16s required=7.50s
[offboard_waypoint_node-1] [INFO] [1786539681.137336955] [offboard_waypoint_node]: [CONTROL_ARBITER] selected_source=waiting_for_ev_ground_reference state=WAITING_FOR_ODOM
[super_planner_ros2_node-6] [INFO] [1786539681.987869402] [super_planner_ros2_node]: SUPER_ROS2 mode=IDLE enable_output=true reason=NO_GOAL odom=(-0.08,-0.54,-0.13) goal=none tracking_setpoint_enu=(-0.08,-0.54,0.78) setpoint_ned=none yaw(desired/cmd/rate)=(0.00/0.00/0.00) cross_track=0.00 frame_id=px4_ned path_points=0 odom_source=/race/odom cloud_source=/saved_map mavros_connected=true
[fastlio_bridge_node-2] [INFO] [1786539682.082505428] [fastlio_bridge_node]: 已桥接并转换里程计: ENU(-0.09, -0.54, -0.12) -> NED(-0.54, -0.09, 0.12)
[offboard_waypoint_node-1] [INFO] [1786539682.186746537] [offboard_waypoint_node]: [EV_HOLD_WAIT] continuous_healthy=7.21s required=7.50s
[offboard_waypoint_node-1] [INFO] [1786539682.186911935] [offboard_waypoint_node]: [CONTROL_ARBITER] selected_source=waiting_for_ev_ground_reference state=WAITING_FOR_ODOM
[offboard_waypoint_node-1] [WARN] [1786539682.486702738] [offboard_waypoint_node]: [HOLD_POSITION] x=-0.538 y=-0.089 z=0.119 yaw=-3.129 reason=EV-ready startup idle hold
[offboard_waypoint_node-1] [WARN] [1786539682.486841775] [offboard_waypoint_node]: [CONTROL_STATE] WAITING_FOR_ODOM -> IDLE_HOLD: no active goal
[offboard_waypoint_node-1] [INFO] [1786539682.487049268] [offboard_waypoint_node]: [HOLD_ERROR] position_error=0.000 velocity=0.002 state=IDLE_HOLD
[super_planner_ros2_node-6] [INFO] [1786539682.988140541] [super_planner_ros2_node]: SUPER_ROS2 mode=IDLE enable_output=true reason=NO_GOAL odom=(-0.09,-0.54,-0.12) goal=none tracking_setpoint_enu=(-0.09,-0.54,0.78) setpoint_ned=none yaw(desired/cmd/rate)=(0.00/0.00/0.00) cross_track=0.00 frame_id=px4_ned path_points=0 odom_source=/race/odom cloud_source=/saved_map mavros_connected=true
[offboard_waypoint_node-1] [INFO] [1786539683.187126463] [offboard_waypoint_node]: [CONTROL_ARBITER] selected_source=safety_hold state=IDLE_HOLD
[offboard_waypoint_node-1] [WARN] [1786539683.500504145] [offboard_waypoint_node]: [MAP_LOCAL_ALIGNMENT_LOCKED] yaw=-0.001583 translation=(0.006,-0.006,-0.004)
[offboard_waypoint_node-1] [INFO] [1786539683.503212088] [offboard_waypoint_node]: [EV_HEALTH] state=SUSPECT continuous_healthy=0.00s
[offboard_waypoint_node-1] [WARN] [1786539683.536637046] [offboard_waypoint_node]: [GROUND_REFERENCE_INVALIDATED] EV is no longer continuously healthy while disarmed
[offboard_waypoint_node-1] [WARN] [1786539683.536805377] [offboard_waypoint_node]: [CONTROL_STATE] IDLE_HOLD -> WAITING_FOR_ODOM: waiting for continuous EV health before initial hold
[offboard_waypoint_node-1] [INFO] [1786539683.536824519] [offboard_waypoint_node]: [EV_HOLD_WAIT] continuous_healthy=0.00s required=7.50s
[super_planner_ros2_node-6] [INFO] [1786539684.037737684] [super_planner_ros2_node]: SUPER_ROS2 mode=IDLE enable_output=true reason=NO_GOAL odom=(-0.09,-0.53,-0.11) goal=none tracking_setpoint_enu=(-0.09,-0.53,0.78) setpoint_ned=none yaw(desired/cmd/rate)=(0.00/0.00/0.00) cross_track=0.00 frame_id=px4_ned path_points=0 odom_source=/race/odom cloud_source=/saved_map mavros_connected=true
[fastlio_bridge_node-2] [INFO] [1786539684.081729226] [fastlio_bridge_node]: 已桥接并转换里程计: ENU(-0.09, -0.54, -0.12) -> NED(-0.54, -0.09, 0.12)
[offboard_waypoint_node-1] [INFO] [1786539684.236490564] [offboard_waypoint_node]: [CONTROL_ARBITER] selected_source=waiting_for_ev_ground_reference state=WAITING_FOR_ODOM
[offboard_waypoint_node-1] [INFO] [1786539684.586399315] [offboard_waypoint_node]: [EV_HOLD_WAIT] continuous_healthy=0.00s required=7.50s
[super_planner_ros2_node-6] [INFO] [1786539685.087586783] [super_planner_ros2_node]: SUPER_ROS2 mode=IDLE enable_output=true reason=NO_GOAL odom=(-0.09,-0.54,-0.13) goal=none tracking_setpoint_enu=(-0.09,-0.54,0.78) setpoint_ned=none yaw(desired/cmd/rate)=(0.00/0.00/0.00) cross_track=0.00 frame_id=px4_ned path_points=0 odom_source=/race/odom cloud_source=/saved_map mavros_connected=true
[offboard_waypoint_node-1] [INFO] [1786539685.286579803] [offboard_waypoint_node]: [CONTROL_ARBITER] selected_source=waiting_for_ev_ground_reference state=WAITING_FOR_ODOM
[offboard_waypoint_node-1] [INFO] [1786539685.581440227] [offboard_waypoint_node]: [EV_HEALTH] state=HEALTHY continuous_healthy=0.00s
[offboard_waypoint_node-1] [INFO] [1786539685.636367655] [offboard_waypoint_node]: [EV_HOLD_WAIT] continuous_healthy=0.05s required=7.50s
[fastlio_bridge_node-2] [INFO] [1786539686.079752147] [fastlio_bridge_node]: 已桥接并转换里程计: ENU(-0.09, -0.54, -0.13) -> NED(-0.54, -0.09, 0.13)
[super_planner_ros2_node-6] [INFO] [1786539686.137814373] [super_planner_ros2_node]: SUPER_ROS2 mode=IDLE enable_output=true reason=NO_GOAL odom=(-0.09,-0.54,-0.13) goal=none tracking_setpoint_enu=(-0.09,-0.54,0.78) setpoint_ned=none yaw(desired/cmd/rate)=(0.00/0.00/0.00) cross_track=0.00 frame_id=px4_ned path_points=0 odom_source=/race/odom cloud_source=/saved_map mavros_connected=true
[offboard_waypoint_node-1] [INFO] [1786539686.336579605] [offboard_waypoint_node]: [CONTROL_ARBITER] selected_source=waiting_for_ev_ground_reference state=WAITING_FOR_ODOM
[offboard_waypoint_node-1] [INFO] [1786539686.686224585] [offboard_waypoint_node]: [EV_HOLD_WAIT] continuous_healthy=1.10s required=7.50s
[super_planner_ros2_node-6] [INFO] [1786539687.137867290] [super_planner_ros2_node]: SUPER_ROS2 mode=IDLE enable_output=true reason=NO_GOAL odom=(-0.09,-0.54,-0.12) goal=none tracking_setpoint_enu=(-0.09,-0.54,0.78) setpoint_ned=none yaw(desired/cmd/rate)=(0.00/0.00/0.00) cross_track=0.00 frame_id=px4_ned path_points=0 odom_source=/race/odom cloud_source=/saved_map mavros_connected=true
[offboard_waypoint_node-1] [INFO] [1786539687.386192882] [offboard_waypoint_node]: [CONTROL_ARBITER] selected_source=waiting_for_ev_ground_reference state=WAITING_FOR_ODOM
[offboard_waypoint_node-1] [INFO] [1786539687.737151877] [offboard_waypoint_node]: [EV_HOLD_WAIT] continuous_healthy=2.16s required=7.50s
[fastlio_bridge_node-2] [INFO] [1786539688.081577093] [fastlio_bridge_node]: 已桥接并转换里程计: ENU(-0.09, -0.54, -0.12) -> NED(-0.54, -0.09, 0.12)
[super_planner_ros2_node-6] [INFO] [1786539688.187632431] [super_planner_ros2_node]: SUPER_ROS2 mode=IDLE enable_output=true reason=NO_GOAL odom=(-0.09,-0.54,-0.12) goal=none tracking_setpoint_enu=(-0.09,-0.54,0.78) setpoint_ned=none yaw(desired/cmd/rate)=(0.00/0.00/0.00) cross_track=0.00 frame_id=px4_ned path_points=0 odom_source=/race/odom cloud_source=/saved_map mavros_connected=true
[offboard_waypoint_node-1] [INFO] [1786539688.436106108] [offboard_waypoint_node]: [CONTROL_ARBITER] selected_source=waiting_for_ev_ground_reference state=WAITING_FOR_ODOM
[offboard_waypoint_node-1] [INFO] [1786539688.785970075] [offboard_waypoint_node]: [EV_HOLD_WAIT] continuous_healthy=3.20s required=7.50s
[super_planner_ros2_node-6] [INFO] [1786539689.237195962] [super_planner_ros2_node]: SUPER_ROS2 mode=IDLE enable_output=true reason=NO_GOAL odom=(-0.09,-0.54,-0.13) goal=none tracking_setpoint_enu=(-0.09,-0.54,0.78) setpoint_ned=none yaw(desired/cmd/rate)=(0.00/0.00/0.00) cross_track=0.00 frame_id=px4_ned path_points=0 odom_source=/race/odom cloud_source=/saved_map mavros_connected=true
[offboard_waypoint_node-1] [INFO] [1786539689.486133437] [offboard_waypoint_node]: [CONTROL_ARBITER] selected_source=waiting_for_ev_ground_reference state=WAITING_FOR_ODOM
[offboard_waypoint_node-1] [INFO] [1786539689.785986552] [offboard_waypoint_node]: [EV_HOLD_WAIT] continuous_healthy=4.20s required=7.50s
[fastlio_bridge_node-2] [INFO] [1786539690.080510200] [fastlio_bridge_node]: 已桥接并转换里程计: ENU(-0.09, -0.54, -0.12) -> NED(-0.54, -0.09, 0.12)
[super_planner_ros2_node-6] [INFO] [1786539690.287576054] [super_planner_ros2_node]: SUPER_ROS2 mode=IDLE enable_output=true reason=NO_GOAL odom=(-0.09,-0.54,-0.11) goal=none tracking_setpoint_enu=(-0.09,-0.54,0.78) setpoint_ned=none yaw(desired/cmd/rate)=(0.00/0.00/0.00) cross_track=0.00 frame_id=px4_ned path_points=0 odom_source=/race/odom cloud_source=/saved_map mavros_connected=true
[offboard_waypoint_node-1] [INFO] [1786539690.535989209] [offboard_waypoint_node]: [CONTROL_ARBITER] selected_source=waiting_for_ev_ground_reference state=WAITING_FOR_ODOM
[offboard_waypoint_node-1] [INFO] [1786539690.835838394] [offboard_waypoint_node]: [EV_HOLD_WAIT] continuous_healthy=5.25s required=7.50s
[super_planner_ros2_node-6] [INFO] [1786539691.289177281] [super_planner_ros2_node]: SUPER_ROS2 mode=IDLE enable_output=true reason=NO_GOAL odom=(-0.09,-0.54,-0.11) goal=none tracking_setpoint_enu=(-0.09,-0.54,0.78) setpoint_ned=none yaw(desired/cmd/rate)=(0.00/0.00/0.00) cross_track=0.00 frame_id=px4_ned path_points=0 odom_source=/race/odom cloud_source=/saved_map mavros_connected=true
[offboard_waypoint_node-1] [INFO] [1786539691.536065781] [offboard_waypoint_node]: [CONTROL_ARBITER] selected_source=waiting_for_ev_ground_reference state=WAITING_FOR_ODOM
[offboard_waypoint_node-1] [INFO] [1786539691.836186712] [offboard_waypoint_node]: [EV_HOLD_WAIT] continuous_healthy=6.25s required=7.50s
[fastlio_bridge_node-2] [INFO] [1786539692.079112596] [fastlio_bridge_node]: 已桥接并转换里程计: ENU(-0.09, -0.54, -0.12) -> NED(-0.54, -0.09, 0.12)
[super_planner_ros2_node-6] [INFO] [1786539692.337126366] [super_planner_ros2_node]: SUPER_ROS2 mode=IDLE enable_output=true reason=NO_GOAL odom=(-0.09,-0.55,-0.12) goal=none tracking_setpoint_enu=(-0.09,-0.55,0.78) setpoint_ned=none yaw(desired/cmd/rate)=(0.00/0.00/0.00) cross_track=0.00 frame_id=px4_ned path_points=0 odom_source=/race/odom cloud_source=/saved_map mavros_connected=true
[offboard_waypoint_node-1] [INFO] [1786539692.536453851] [offboard_waypoint_node]: [CONTROL_ARBITER] selected_source=waiting_for_ev_ground_reference state=WAITING_FOR_ODOM
[offboard_waypoint_node-1] [INFO] [1786539692.885689074] [offboard_waypoint_node]: [EV_HOLD_WAIT] continuous_healthy=7.30s required=7.50s
[offboard_waypoint_node-1] [WARN] [1786539693.085659306] [offboard_waypoint_node]: [HOLD_POSITION] x=-0.544 y=-0.088 z=0.122 yaw=-3.129 reason=EV-ready startup idle hold
[offboard_waypoint_node-1] [WARN] [1786539693.085753253] [offboard_waypoint_node]: [CONTROL_STATE] WAITING_FOR_ODOM -> IDLE_HOLD: no active goal
[offboard_waypoint_node-1] [INFO] [1786539693.085827814] [offboard_waypoint_node]: [HOLD_ERROR] position_error=0.000 velocity=0.002 state=IDLE_HOLD
[super_planner_ros2_node-6] [INFO] [1786539693.386872468] [super_planner_ros2_node]: SUPER_ROS2 mode=IDLE enable_output=true reason=NO_GOAL odom=(-0.08,-0.54,-0.13) goal=none tracking_setpoint_enu=(-0.08,-0.54,0.78) setpoint_ned=none yaw(desired/cmd/rate)=(0.00/0.00/0.00) cross_track=0.00 frame_id=px4_ned path_points=0 odom_source=/race/odom cloud_source=/saved_map mavros_connected=true
[offboard_waypoint_node-1] [INFO] [1786539693.585973787] [offboard_waypoint_node]: [CONTROL_ARBITER] selected_source=safety_hold state=IDLE_HOLD
[fastlio_bridge_node-2] [INFO] [1786539694.079389403] [fastlio_bridge_node]: 已桥接并转换里程计: ENU(-0.08, -0.55, -0.13) -> NED(-0.55, -0.08, 0.13)
[offboard_waypoint_node-1] [INFO] [1786539694.136133120] [offboard_waypoint_node]: [HOLD_ERROR] position_error=0.007 velocity=0.003 state=IDLE_HOLD
[super_planner_ros2_node-6] [INFO] [1786539694.387029998] [super_planner_ros2_node]: SUPER_ROS2 mode=IDLE enable_output=true reason=NO_GOAL odom=(-0.09,-0.54,-0.12) goal=none tracking_setpoint_enu=(-0.09,-0.54,0.78) setpoint_ned=none yaw(desired/cmd/rate)=(0.00/0.00/0.00) cross_track=0.00 frame_id=px4_ned path_points=0 odom_source=/race/odom cloud_source=/saved_map mavros_connected=true
[offboard_waypoint_node-1] [INFO] [1786539694.635692906] [offboard_waypoint_node]: [CONTROL_ARBITER] selected_source=safety_hold state=IDLE_HOLD
[offboard_waypoint_node-1] [INFO] [1786539695.185551285] [offboard_waypoint_node]: [HOLD_ERROR] position_error=0.008 velocity=0.008 state=IDLE_HOLD
[super_planner_ros2_node-6] [INFO] [1786539695.436761498] [super_planner_ros2_node]: SUPER_ROS2 mode=IDLE enable_output=true reason=NO_GOAL odom=(-0.08,-0.54,-0.13) goal=none tracking_setpoint_enu=(-0.08,-0.54,0.78) setpoint_ned=none yaw(desired/cmd/rate)=(0.00/0.00/0.00) cross_track=0.00 frame_id=px4_ned path_points=0 odom_source=/race/odom cloud_source=/saved_map mavros_connected=true
[offboard_waypoint_node-1] [INFO] [1786539695.685537467] [offboard_waypoint_node]: [CONTROL_ARBITER] selected_source=safety_hold state=IDLE_HOLD
[fastlio_bridge_node-2] [INFO] [1786539696.079084294] [fastlio_bridge_node]: 已桥接并转换里程计: ENU(-0.08, -0.54, -0.12) -> NED(-0.54, -0.08, 0.12)
[offboard_waypoint_node-1] [INFO] [1786539696.185581001] [offboard_waypoint_node]: [HOLD_ERROR] position_error=0.014 velocity=0.010 state=IDLE_HOLD
[super_planner_ros2_node-6] [INFO] [1786539696.488489397] [super_planner_ros2_node]: SUPER_ROS2 mode=IDLE enable_output=true reason=NO_GOAL odom=(-0.08,-0.54,-0.13) goal=none tracking_setpoint_enu=(-0.08,-0.54,0.78) setpoint_ned=none yaw(desired/cmd/rate)=(0.00/0.00/0.00) cross_track=0.00 frame_id=px4_ned path_points=0 odom_source=/race/odom cloud_source=/saved_map mavros_connected=true
[offboard_waypoint_node-1] [INFO] [1786539696.685643626] [offboard_waypoint_node]: [CONTROL_ARBITER] selected_source=safety_hold state=IDLE_HOLD
[offboard_waypoint_node-1] [INFO] [1786539697.235470505] [offboard_waypoint_node]: [HOLD_ERROR] position_error=0.008 velocity=0.006 state=IDLE_HOLD
[super_planner_ros2_node-6] [INFO] [1786539697.536558636] [super_planner_ros2_node]: SUPER_ROS2 mode=IDLE enable_output=true reason=NO_GOAL odom=(-0.09,-0.54,-0.11) goal=none tracking_setpoint_enu=(-0.09,-0.54,0.78) setpoint_ned=none yaw(desired/cmd/rate)=(0.00/0.00/0.00) cross_track=0.00 frame_id=px4_ned path_points=0 odom_source=/race/odom cloud_source=/saved_map mavros_connected=true
[offboard_waypoint_node-1] [INFO] [1786539697.736433100] [offboard_waypoint_node]: [CONTROL_ARBITER] selected_source=safety_hold state=IDLE_HOLD
[fastlio_bridge_node-2] [INFO] [1786539698.079130675] [fastlio_bridge_node]: 已桥接并转换里程计: ENU(-0.08, -0.54, -0.13) -> NED(-0.54, -0.08, 0.13)
[offboard_waypoint_node-1] [INFO] [1786539698.236112951] [offboard_waypoint_node]: [HOLD_ERROR] position_error=0.004 velocity=0.012 state=IDLE_HOLD
[super_planner_ros2_node-6] [INFO] [1786539698.536922796] [super_planner_ros2_node]: SUPER_ROS2 mode=IDLE enable_output=true reason=NO_GOAL odom=(-0.08,-0.54,-0.12) goal=none tracking_setpoint_enu=(-0.08,-0.54,0.78) setpoint_ned=none yaw(desired/cmd/rate)=(0.00/0.00/0.00) cross_track=0.00 frame_id=px4_ned path_points=0 odom_source=/race/odom cloud_source=/saved_map mavros_connected=true
[offboard_waypoint_node-1] [INFO] [1786539698.785498905] [offboard_waypoint_node]: [CONTROL_ARBITER] selected_source=safety_hold state=IDLE_HOLD
[offboard_waypoint_node-1] [INFO] [1786539699.285265770] [offboard_waypoint_node]: [HOLD_ERROR] position_error=0.005 velocity=0.009 state=IDLE_HOLD
[super_planner_ros2_node-6] [INFO] [1786539699.586344976] [super_planner_ros2_node]: SUPER_ROS2 mode=IDLE enable_output=true reason=NO_GOAL odom=(-0.08,-0.55,-0.13) goal=none tracking_setpoint_enu=(-0.08,-0.55,0.78) setpoint_ned=none yaw(desired/cmd/rate)=(0.00/0.00/0.00) cross_track=0.00 frame_id=px4_ned path_points=0 odom_source=/race/odom cloud_source=/saved_map mavros_connected=true
[offboard_waypoint_node-1] [INFO] [1786539699.835443854] [offboard_waypoint_node]: [CONTROL_ARBITER] selected_source=safety_hold state=IDLE_HOLD
[fastlio_bridge_node-2] [INFO] [1786539700.078582026] [fastlio_bridge_node]: 已桥接并转换里程计: ENU(-0.09, -0.54, -0.12) -> NED(-0.54, -0.09, 0.12)
[offboard_waypoint_node-1] [INFO] [1786539700.335205845] [offboard_waypoint_node]: [HOLD_ERROR] position_error=0.006 velocity=0.006 state=IDLE_HOLD
[super_planner_ros2_node-6] [INFO] [1786539700.636287977] [super_planner_ros2_node]: SUPER_ROS2 mode=IDLE enable_output=true reason=NO_GOAL odom=(-0.08,-0.54,-0.12) goal=none tracking_setpoint_enu=(-0.08,-0.54,0.78) setpoint_ned=none yaw(desired/cmd/rate)=(0.00/0.00/0.00) cross_track=0.00 frame_id=px4_ned path_points=0 odom_source=/race/odom cloud_source=/saved_map mavros_connected=true
[offboard_waypoint_node-1] [INFO] [1786539700.885094059] [offboard_waypoint_node]: [CONTROL_ARBITER] selected_source=safety_hold state=IDLE_HOLD
[offboard_waypoint_node-1] [INFO] [1786539701.385085345] [offboard_waypoint_node]: [HOLD_ERROR] position_error=0.005 velocity=0.007 state=IDLE_HOLD
[super_planner_ros2_node-6] [INFO] [1786539701.686199582] [super_planner_ros2_node]: SUPER_ROS2 mode=IDLE enable_output=true reason=NO_GOAL odom=(-0.08,-0.54,-0.12) goal=none tracking_setpoint_enu=(-0.08,-0.54,0.78) setpoint_ned=none yaw(desired/cmd/rate)=(0.00/0.00/0.00) cross_track=0.00 frame_id=px4_ned path_points=0 odom_source=/race/odom cloud_source=/saved_map mavros_connected=true
[offboard_waypoint_node-1] [INFO] [1786539701.886193933] [offboard_waypoint_node]: [CONTROL_ARBITER] selected_source=safety_hold state=IDLE_HOLD
[fastlio_bridge_node-2] [INFO] [1786539702.079496209] [fastlio_bridge_node]: 已桥接并转换里程计: ENU(-0.08, -0.55, -0.13) -> NED(-0.55, -0.08, 0.13)
[offboard_waypoint_node-1] [INFO] [1786539702.435072191] [offboard_waypoint_node]: [HOLD_ERROR] position_error=0.009 velocity=0.009 state=IDLE_HOLD
[super_planner_ros2_node-6] [INFO] [1786539702.736280041] [super_planner_ros2_node]: SUPER_ROS2 mode=IDLE enable_output=true reason=NO_GOAL odom=(-0.08,-0.54,-0.13) goal=none tracking_setpoint_enu=(-0.08,-0.54,0.78) setpoint_ned=none yaw(desired/cmd/rate)=(0.00/0.00/0.00) cross_track=0.00 frame_id=px4_ned path_points=0 odom_source=/race/odom cloud_source=/saved_map mavros_connected=true
[offboard_waypoint_node-1] [INFO] [1786539702.934962339] [offboard_waypoint_node]: [CONTROL_ARBITER] selected_source=safety_hold state=IDLE_HOLD
[offboard_waypoint_node-1] [INFO] [1786539703.435124194] [offboard_waypoint_node]: [HOLD_ERROR] position_error=0.012 velocity=0.006 state=IDLE_HOLD
[super_planner_ros2_node-6] [INFO] [1786539703.736530741] [super_planner_ros2_node]: SUPER_ROS2 mode=IDLE enable_output=true reason=NO_GOAL odom=(-0.08,-0.55,-0.13) goal=none tracking_setpoint_enu=(-0.08,-0.55,0.78) setpoint_ned=none yaw(desired/cmd/rate)=(0.00/0.00/0.00) cross_track=0.00 frame_id=px4_ned path_points=0 odom_source=/race/odom cloud_source=/saved_map mavros_connected=true
[offboard_waypoint_node-1] [INFO] [1786539703.934964615] [offboard_waypoint_node]: [CONTROL_ARBITER] selected_source=safety_hold state=IDLE_HOLD
[fastlio_bridge_node-2] [INFO] [1786539704.080490166] [fastlio_bridge_node]: 已桥接并转换里程计: ENU(-0.08, -0.54, -0.12) -> NED(-0.54, -0.08, 0.12)
[offboard_waypoint_node-1] [INFO] [1786539704.485029060] [offboard_waypoint_node]: [HOLD_ERROR] position_error=0.005 velocity=0.006 state=IDLE_HOLD
[super_planner_ros2_node-6] [INFO] [1786539704.786248662] [super_planner_ros2_node]: SUPER_ROS2 mode=IDLE enable_output=true reason=NO_GOAL odom=(-0.08,-0.54,-0.12) goal=none tracking_setpoint_enu=(-0.08,-0.54,0.78) setpoint_ned=none yaw(desired/cmd/rate)=(0.00/0.00/0.00) cross_track=0.00 frame_id=px4_ned path_points=0 odom_source=/race/odom cloud_source=/saved_map mavros_connected=true
[offboard_waypoint_node-1] [INFO] [1786539704.984855431] [offboard_waypoint_node]: [CONTROL_ARBITER] selected_source=safety_hold state=IDLE_HOLD
[mapping_manager_node-5] [INFO] [1786539705.509211707] [mapping_manager_node]: Mapping status: in_flight=false, map_loaded=false, map_saved=false
[offboard_waypoint_node-1] [INFO] [1786539705.534972910] [offboard_waypoint_node]: [HOLD_ERROR] position_error=0.002 velocity=0.009 state=IDLE_HOLD
[super_planner_ros2_node-6] [INFO] [1786539705.835926233] [super_planner_ros2_node]: SUPER_ROS2 mode=IDLE enable_output=true reason=NO_GOAL odom=(-0.08,-0.55,-0.12) goal=none tracking_setpoint_enu=(-0.08,-0.55,0.78) setpoint_ned=none yaw(desired/cmd/rate)=(0.00/0.00/0.00) cross_track=0.00 frame_id=px4_ned path_points=0 odom_source=/race/odom cloud_source=/saved_map mavros_connected=true
[offboard_waypoint_node-1] [INFO] [1786539706.035343515] [offboard_waypoint_node]: [CONTROL_ARBITER] selected_source=safety_hold state=IDLE_HOLD
[fastlio_bridge_node-2] [INFO] [1786539706.082082747] [fastlio_bridge_node]: 已桥接并转换里程计: ENU(-0.08, -0.55, -0.13) -> NED(-0.55, -0.08, 0.13)
[offboard_waypoint_node-1] [INFO] [1786539706.584668508] [offboard_waypoint_node]: [HOLD_ERROR] position_error=0.004 velocity=0.002 state=IDLE_HOLD
[super_planner_ros2_node-6] [INFO] [1786539706.885853246] [super_planner_ros2_node]: SUPER_ROS2 mode=IDLE enable_output=true reason=NO_GOAL odom=(-0.08,-0.55,-0.13) goal=none tracking_setpoint_enu=(-0.08,-0.55,0.78) setpoint_ned=none yaw(desired/cmd/rate)=(0.00/0.00/0.00) cross_track=0.00 frame_id=px4_ned path_points=0 odom_source=/race/odom cloud_source=/saved_map mavros_connected=true
[offboard_waypoint_node-1] [INFO] [1786539707.084661723] [offboard_waypoint_node]: [CONTROL_ARBITER] selected_source=safety_hold state=IDLE_HOLD
[offboard_waypoint_node-1] [INFO] [1786539707.634626405] [offboard_waypoint_node]: [HOLD_ERROR] position_error=0.009 velocity=0.007 state=IDLE_HOLD
[super_planner_ros2_node-6] [INFO] [1786539707.935788622] [super_planner_ros2_node]: SUPER_ROS2 mode=IDLE enable_output=true reason=NO_GOAL odom=(-0.08,-0.55,-0.12) goal=none tracking_setpoint_enu=(-0.08,-0.55,0.78) setpoint_ned=none yaw(desired/cmd/rate)=(0.00/0.00/0.00) cross_track=0.00 frame_id=px4_ned path_points=0 odom_source=/race/odom cloud_source=/saved_map mavros_connected=true
[fastlio_bridge_node-2] [INFO] [1786539708.080919666] [fastlio_bridge_node]: 已桥接并转换里程计: ENU(-0.08, -0.55, -0.12) -> NED(-0.55, -0.08, 0.12)
[offboard_waypoint_node-1] [INFO] [1786539708.084910372] [offboard_waypoint_node]: [CONTROL_ARBITER] selected_source=safety_hold state=IDLE_HOLD
[offboard_waypoint_node-1] [INFO] [1786539708.684501515] [offboard_waypoint_node]: [HOLD_ERROR] position_error=0.010 velocity=0.004 state=IDLE_HOLD
[super_planner_ros2_node-6] [INFO] [1786539708.936201710] [super_planner_ros2_node]: SUPER_ROS2 mode=IDLE enable_output=true reason=NO_GOAL odom=(-0.08,-0.54,-0.12) goal=none tracking_setpoint_enu=(-0.08,-0.54,0.78) setpoint_ned=none yaw(desired/cmd/rate)=(0.00/0.00/0.00) cross_track=0.00 frame_id=px4_ned path_points=0 odom_source=/race/odom cloud_source=/saved_map mavros_connected=true
[offboard_waypoint_node-1] [INFO] [1786539709.134542313] [offboard_waypoint_node]: [CONTROL_ARBITER] selected_source=safety_hold state=IDLE_HOLD
[offboard_waypoint_node-1] [INFO] [1786539709.684687825] [offboard_waypoint_node]: [HOLD_ERROR] position_error=0.008 velocity=0.006 state=IDLE_HOLD
[super_planner_ros2_node-6] [INFO] [1786539709.936462428] [super_planner_ros2_node]: SUPER_ROS2 mode=IDLE enable_output=true reason=NO_GOAL odom=(-0.08,-0.55,-0.13) goal=none tracking_setpoint_enu=(-0.08,-0.55,0.78) setpoint_ned=none yaw(desired/cmd/rate)=(0.00/0.00/0.00) cross_track=0.00 frame_id=px4_ned path_points=0 odom_source=/race/odom cloud_source=/saved_map mavros_connected=true
[fastlio_bridge_node-2] [INFO] [1786539710.078555885] [fastlio_bridge_node]: 已桥接并转换里程计: ENU(-0.08, -0.54, -0.13) -> NED(-0.54, -0.08, 0.13)
[offboard_waypoint_node-1] [INFO] [1786539710.184413794] [offboard_waypoint_node]: [CONTROL_ARBITER] selected_source=safety_hold state=IDLE_HOLD
[offboard_waypoint_node-1] [INFO] [1786539710.734357563] [offboard_waypoint_node]: [HOLD_ERROR] position_error=0.006 velocity=0.003 state=IDLE_HOLD
[super_planner_ros2_node-6] [INFO] [1786539710.985507119] [super_planner_ros2_node]: SUPER_ROS2 mode=IDLE enable_output=true reason=NO_GOAL odom=(-0.08,-0.54,-0.12) goal=none tracking_setpoint_enu=(-0.08,-0.54,0.78) setpoint_ned=none yaw(desired/cmd/rate)=(0.00/0.00/0.00) cross_track=0.00 frame_id=px4_ned path_points=0 odom_source=/race/odom cloud_source=/saved_map mavros_connected=true
[offboard_waypoint_node-1] [INFO] [1786539711.234598235] [offboard_waypoint_node]: [CONTROL_ARBITER] selected_source=safety_hold state=IDLE_HOLD
[offboard_waypoint_node-1] [INFO] [1786539711.734628227] [offboard_waypoint_node]: [HOLD_ERROR] position_error=0.000 velocity=0.007 state=IDLE_HOLD
[super_planner_ros2_node-6] [INFO] [1786539711.985637686] [super_planner_ros2_node]: SUPER_ROS2 mode=IDLE enable_output=true reason=NO_GOAL odom=(-0.08,-0.53,-0.11) goal=none tracking_setpoint_enu=(-0.08,-0.53,0.78) setpoint_ned=none yaw(desired/cmd/rate)=(0.00/0.00/0.00) cross_track=0.00 frame_id=px4_ned path_points=0 odom_source=/race/odom cloud_source=/saved_map mavros_connected=true
[fastlio_bridge_node-2] [INFO] [1786539712.080605254] [fastlio_bridge_node]: 已桥接并转换里程计: ENU(-0.08, -0.54, -0.11) -> NED(-0.54, -0.08, 0.11)
[offboard_waypoint_node-1] [INFO] [1786539712.284515315] [offboard_waypoint_node]: [CONTROL_ARBITER] selected_source=safety_hold state=IDLE_HOLD
[offboard_waypoint_node-1] [INFO] [1786539712.784390685] [offboard_waypoint_node]: [HOLD_ERROR] position_error=0.000 velocity=0.035 state=IDLE_HOLD
[super_planner_ros2_node-6] [INFO] [1786539712.985890579] [super_planner_ros2_node]: SUPER_ROS2 mode=IDLE enable_output=true reason=NO_GOAL odom=(-0.08,-0.54,-0.10) goal=none tracking_setpoint_enu=(-0.08,-0.54,0.78) setpoint_ned=none yaw(desired/cmd/rate)=(0.00/0.00/0.00) cross_track=0.00 frame_id=px4_ned path_points=0 odom_source=/race/odom cloud_source=/saved_map mavros_connected=true
[offboard_waypoint_node-1] [INFO] [1786539713.284888587] [offboard_waypoint_node]: [CONTROL_ARBITER] selected_source=safety_hold state=IDLE_HOLD
[offboard_waypoint_node-1] [INFO] [1786539713.784997273] [offboard_waypoint_node]: [HOLD_ERROR] position_error=0.000 velocity=0.066 state=IDLE_HOLD
[super_planner_ros2_node-6] [INFO] [1786539713.986112029] [super_planner_ros2_node]: SUPER_ROS2 mode=IDLE enable_output=true reason=NO_GOAL odom=(-0.08,-0.54,-0.11) goal=none tracking_setpoint_enu=(-0.08,-0.54,0.78) setpoint_ned=none yaw(desired/cmd/rate)=(0.00/0.00/0.00) cross_track=0.00 frame_id=px4_ned path_points=0 odom_source=/race/odom cloud_source=/saved_map mavros_connected=true
[fastlio_bridge_node-2] [INFO] [1786539714.007609606] [fastlio_bridge_node]: 已桥接并转换里程计: ENU(-0.08, -0.54, -0.11) -> NED(-0.54, -0.08, 0.11)
[offboard_waypoint_node-1] [INFO] [1786539714.287699641] [offboard_waypoint_node]: [CONTROL_ARBITER] selected_source=safety_hold state=IDLE_HOLD
[offboard_waypoint_node-1] [INFO] [1786539714.834532404] [offboard_waypoint_node]: [HOLD_ERROR] position_error=0.000 velocity=0.261 state=IDLE_HOLD
[super_planner_ros2_node-6] [INFO] [1786539715.035703594] [super_planner_ros2_node]: SUPER_ROS2 mode=IDLE enable_output=true reason=NO_GOAL odom=(-0.05,-0.47,-0.11) goal=none tracking_setpoint_enu=(-0.05,-0.47,0.78) setpoint_ned=none yaw(desired/cmd/rate)=(0.00/0.00/0.00) cross_track=0.00 frame_id=px4_ned path_points=0 odom_source=/race/odom cloud_source=/saved_map mavros_connected=true
[offboard_waypoint_node-1] [INFO] [1786539715.334393783] [offboard_waypoint_node]: [CONTROL_ARBITER] selected_source=safety_hold state=IDLE_HOLD
[offboard_waypoint_node-1] [INFO] [1786539715.884539854] [offboard_waypoint_node]: [HOLD_ERROR] position_error=0.000 velocity=0.138 state=IDLE_HOLD
[fastlio_bridge_node-2] [INFO] [1786539716.087731433] [fastlio_bridge_node]: 已桥接并转换里程计: ENU(0.06, -0.29, -0.10) -> NED(-0.29, 0.06, 0.10)
[super_planner_ros2_node-6] [INFO] [1786539716.088028050] [super_planner_ros2_node]: SUPER_ROS2 mode=IDLE enable_output=true reason=NO_GOAL odom=(0.06,-0.30,-0.11) goal=none tracking_setpoint_enu=(0.06,-0.30,0.78) setpoint_ned=none yaw(desired/cmd/rate)=(0.00/0.00/0.00) cross_track=0.00 frame_id=px4_ned path_points=0 odom_source=/race/odom cloud_source=/saved_map mavros_connected=true
[offboard_waypoint_node-1] [INFO] [1786539716.384772290] [offboard_waypoint_node]: [CONTROL_ARBITER] selected_source=safety_hold state=IDLE_HOLD
[offboard_waypoint_node-1] [INFO] [1786539716.934035044] [offboard_waypoint_node]: [HOLD_ERROR] position_error=0.000 velocity=0.214 state=IDLE_HOLD
[super_planner_ros2_node-6] [INFO] [1786539717.135769629] [super_planner_ros2_node]: SUPER_ROS2 mode=IDLE enable_output=true reason=NO_GOAL odom=(0.05,-0.27,-0.06) goal=none tracking_setpoint_enu=(0.05,-0.27,0.78) setpoint_ned=none yaw(desired/cmd/rate)=(0.00/0.00/0.00) cross_track=0.00 frame_id=px4_ned path_points=0 odom_source=/race/odom cloud_source=/saved_map mavros_connected=true
[offboard_waypoint_node-1] [INFO] [1786539717.434239393] [offboard_waypoint_node]: [CONTROL_ARBITER] selected_source=safety_hold state=IDLE_HOLD
[offboard_waypoint_node-1] [INFO] [1786539717.984233545] [offboard_waypoint_node]: [HOLD_ERROR] position_error=0.000 velocity=0.216 state=IDLE_HOLD
[fastlio_bridge_node-2] [INFO] [1786539718.093114453] [fastlio_bridge_node]: 已桥接并转换里程计: ENU(-0.10, -0.23, 0.04) -> NED(-0.23, -0.10, -0.04)
[super_planner_ros2_node-6] [INFO] [1786539718.137102822] [super_planner_ros2_node]: SUPER_ROS2 mode=IDLE enable_output=true reason=NO_GOAL odom=(-0.10,-0.23,0.04) goal=none tracking_setpoint_enu=(-0.10,-0.23,0.78) setpoint_ned=none yaw(desired/cmd/rate)=(0.00/0.00/0.00) cross_track=0.00 frame_id=px4_ned path_points=0 odom_source=/race/odom cloud_source=/saved_map mavros_connected=true
[offboard_waypoint_node-1] [INFO] [1786539718.484220471] [offboard_waypoint_node]: [CONTROL_ARBITER] selected_source=safety_hold state=IDLE_HOLD
[offboard_waypoint_node-1] [INFO] [1786539718.984329888] [offboard_waypoint_node]: [HOLD_ERROR] position_error=0.000 velocity=0.174 state=IDLE_HOLD
[super_planner_ros2_node-6] [INFO] [1786539719.185153824] [super_planner_ros2_node]: SUPER_ROS2 mode=IDLE enable_output=true reason=NO_GOAL odom=(-0.04,-0.20,0.09) goal=none tracking_setpoint_enu=(-0.04,-0.20,0.78) setpoint_ned=none yaw(desired/cmd/rate)=(0.00/0.00/0.00) cross_track=0.00 frame_id=px4_ned path_points=0 odom_source=/race/odom cloud_source=/saved_map mavros_connected=true
[offboard_waypoint_node-1] [INFO] [1786539719.535022458] [offboard_waypoint_node]: [CONTROL_ARBITER] selected_source=safety_hold state=IDLE_HOLD
[offboard_waypoint_node-1] [INFO] [1786539720.034119799] [offboard_waypoint_node]: [HOLD_ERROR] position_error=0.000 velocity=0.247 state=IDLE_HOLD
[fastlio_bridge_node-2] [INFO] [1786539720.090269811] [fastlio_bridge_node]: 已桥接并转换里程计: ENU(0.00, -0.11, 0.09) -> NED(-0.11, 0.00, -0.09)
[super_planner_ros2_node-6] [INFO] [1786539720.185285215] [super_planner_ros2_node]: SUPER_ROS2 mode=IDLE enable_output=true reason=NO_GOAL odom=(0.00,-0.11,0.09) goal=none tracking_setpoint_enu=(0.00,-0.11,0.78) setpoint_ned=none yaw(desired/cmd/rate)=(0.00/0.00/0.00) cross_track=0.00 frame_id=px4_ned path_points=0 odom_source=/race/odom cloud_source=/saved_map mavros_connected=true
[offboard_waypoint_node-1] [INFO] [1786539720.586060108] [offboard_waypoint_node]: [CONTROL_ARBITER] selected_source=safety_hold state=IDLE_HOLD
[offboard_waypoint_node-1] [INFO] [1786539721.084008011] [offboard_waypoint_node]: [HOLD_ERROR] position_error=0.000 velocity=0.231 state=IDLE_HOLD
[super_planner_ros2_node-6] [INFO] [1786539721.234949656] [super_planner_ros2_node]: SUPER_ROS2 mode=IDLE enable_output=true reason=NO_GOAL odom=(-0.01,-0.11,0.41) goal=none tracking_setpoint_enu=(-0.01,-0.11,0.78) setpoint_ned=none yaw(desired/cmd/rate)=(0.00/0.00/0.00) cross_track=0.00 frame_id=px4_ned path_points=0 odom_source=/race/odom cloud_source=/saved_map mavros_connected=true
[offboard_waypoint_node-1] [INFO] [1786539721.633796827] [offboard_waypoint_node]: [CONTROL_ARBITER] selected_source=safety_hold state=IDLE_HOLD
[fastlio_bridge_node-2] [INFO] [1786539722.083600376] [fastlio_bridge_node]: 已桥接并转换里程计: ENU(-0.25, -0.04, 0.39) -> NED(-0.04, -0.25, -0.39)
[offboard_waypoint_node-1] [INFO] [1786539722.133654922] [offboard_waypoint_node]: [HOLD_ERROR] position_error=0.000 velocity=0.151 state=IDLE_HOLD
[super_planner_ros2_node-6] [INFO] [1786539722.284863593] [super_planner_ros2_node]: SUPER_ROS2 mode=IDLE enable_output=true reason=NO_GOAL odom=(-0.26,-0.03,0.36) goal=none tracking_setpoint_enu=(-0.26,-0.03,0.78) setpoint_ned=none yaw(desired/cmd/rate)=(0.00/0.00/0.00) cross_track=0.00 frame_id=px4_ned path_points=0 odom_source=/race/odom cloud_source=/saved_map mavros_connected=true
[offboard_waypoint_node-1] [INFO] [1786539722.633829543] [offboard_waypoint_node]: [CONTROL_ARBITER] selected_source=safety_hold state=IDLE_HOLD
[offboard_waypoint_node-1] [INFO] [1786539723.134345103] [offboard_waypoint_node]: [HOLD_ERROR] position_error=0.000 velocity=0.069 state=IDLE_HOLD
[super_planner_ros2_node-6] [INFO] [1786539723.285040156] [super_planner_ros2_node]: SUPER_ROS2 mode=IDLE enable_output=true reason=NO_GOAL odom=(-0.26,0.03,0.29) goal=none tracking_setpoint_enu=(-0.26,0.03,0.78) setpoint_ned=none yaw(desired/cmd/rate)=(0.00/0.00/0.00) cross_track=0.00 frame_id=px4_ned path_points=0 odom_source=/race/odom cloud_source=/saved_map mavros_connected=true
[offboard_waypoint_node-1] [INFO] [1786539723.634140421] [offboard_waypoint_node]: [CONTROL_ARBITER] selected_source=safety_hold state=IDLE_HOLD
[fastlio_bridge_node-2] [INFO] [1786539724.090589017] [fastlio_bridge_node]: 已桥接并转换里程计: ENU(-0.25, 0.11, 0.25) -> NED(0.11, -0.25, -0.25)
[offboard_waypoint_node-1] [INFO] [1786539724.183937275] [offboard_waypoint_node]: [HOLD_ERROR] position_error=0.000 velocity=0.107 state=IDLE_HOLD
[super_planner_ros2_node-6] [INFO] [1786539724.334727771] [super_planner_ros2_node]: SUPER_ROS2 mode=IDLE enable_output=true reason=NO_GOAL odom=(-0.24,0.13,0.25) goal=none tracking_setpoint_enu=(-0.24,0.13,0.78) setpoint_ned=none yaw(desired/cmd/rate)=(0.00/0.00/0.00) cross_track=0.00 frame_id=px4_ned path_points=0 odom_source=/race/odom cloud_source=/saved_map mavros_connected=true
[offboard_waypoint_node-1] [INFO] [1786539724.685197025] [offboard_waypoint_node]: [CONTROL_ARBITER] selected_source=safety_hold state=IDLE_HOLD
[offboard_waypoint_node-1] [INFO] [1786539725.233434121] [offboard_waypoint_node]: [HOLD_ERROR] position_error=0.000 velocity=0.213 state=IDLE_HOLD
[super_planner_ros2_node-6] [INFO] [1786539725.335665456] [super_planner_ros2_node]: SUPER_ROS2 mode=IDLE enable_output=true reason=NO_GOAL odom=(-0.12,0.22,0.23) goal=none tracking_setpoint_enu=(-0.12,0.22,0.78) setpoint_ned=none yaw(desired/cmd/rate)=(0.00/0.00/0.00) cross_track=0.00 frame_id=px4_ned path_points=0 odom_source=/race/odom cloud_source=/saved_map mavros_connected=true
[offboard_waypoint_node-1] [INFO] [1786539725.733423187] [offboard_waypoint_node]: [CONTROL_ARBITER] selected_source=safety_hold state=IDLE_HOLD
[fastlio_bridge_node-2] [INFO] [1786539726.083892992] [fastlio_bridge_node]: 已桥接并转换里程计: ENU(0.01, 0.33, 0.26) -> NED(0.33, 0.01, -0.26)
[offboard_waypoint_node-1] [INFO] [1786539726.283486965] [offboard_waypoint_node]: [HOLD_ERROR] position_error=0.000 velocity=0.096 state=IDLE_HOLD
[super_planner_ros2_node-6] [INFO] [1786539726.384555195] [super_planner_ros2_node]: SUPER_ROS2 mode=IDLE enable_output=true reason=NO_GOAL odom=(0.04,0.36,0.26) goal=none tracking_setpoint_enu=(0.04,0.36,0.78) setpoint_ned=none yaw(desired/cmd/rate)=(0.00/0.00/0.00) cross_track=0.00 frame_id=px4_ned path_points=0 odom_source=/race/odom cloud_source=/saved_map mavros_connected=true
[offboard_waypoint_node-1] [INFO] [1786539726.733884928] [offboard_waypoint_node]: [CONTROL_ARBITER] selected_source=safety_hold state=IDLE_HOLD
[offboard_waypoint_node-1] [INFO] [1786539727.283498882] [offboard_waypoint_node]: [HOLD_ERROR] position_error=0.000 velocity=0.042 state=IDLE_HOLD
[super_planner_ros2_node-6] [INFO] [1786539727.434552710] [super_planner_ros2_node]: SUPER_ROS2 mode=IDLE enable_output=true reason=NO_GOAL odom=(0.10,0.40,0.26) goal=none tracking_setpoint_enu=(0.10,0.40,0.78) setpoint_ned=none yaw(desired/cmd/rate)=(0.00/0.00/0.00) cross_track=0.00 frame_id=px4_ned path_points=0 odom_source=/race/odom cloud_source=/saved_map mavros_connected=true
[offboard_waypoint_node-1] [INFO] [1786539727.734024479] [offboard_waypoint_node]: [CONTROL_ARBITER] selected_source=safety_hold state=IDLE_HOLD
[fastlio_bridge_node-2] [INFO] [1786539728.084668322] [fastlio_bridge_node]: 已桥接并转换里程计: ENU(0.17, 0.30, 0.33) -> NED(0.30, 0.17, -0.33)
[offboard_waypoint_node-1] [INFO] [1786539728.283567879] [offboard_waypoint_node]: [HOLD_ERROR] position_error=0.000 velocity=0.582 state=IDLE_HOLD
[super_planner_ros2_node-6] [INFO] [1786539728.484600476] [super_planner_ros2_node]: SUPER_ROS2 mode=IDLE enable_output=true reason=NO_GOAL odom=(0.16,0.15,0.42) goal=none tracking_setpoint_enu=(0.16,0.15,0.78) setpoint_ned=none yaw(desired/cmd/rate)=(0.00/0.00/0.00) cross_track=0.00 frame_id=px4_ned path_points=0 odom_source=/race/odom cloud_source=/saved_map mavros_connected=true
[offboard_waypoint_node-1] [INFO] [1786539728.783779309] [offboard_waypoint_node]: [CONTROL_ARBITER] selected_source=safety_hold state=IDLE_HOLD
[offboard_waypoint_node-1] [INFO] [1786539729.333437353] [offboard_waypoint_node]: [HOLD_ERROR] position_error=0.000 velocity=0.026 state=IDLE_HOLD
[super_planner_ros2_node-6] [INFO] [1786539729.534331148] [super_planner_ros2_node]: SUPER_ROS2 mode=IDLE enable_output=true reason=NO_GOAL odom=(0.03,-0.12,0.94) goal=none tracking_setpoint_enu=(0.03,-0.12,0.78) setpoint_ned=none yaw(desired/cmd/rate)=(0.00/0.00/0.00) cross_track=0.00 frame_id=px4_ned path_points=0 odom_source=/race/odom cloud_source=/saved_map mavros_connected=true
[offboard_waypoint_node-1] [INFO] [1786539729.833199241] [offboard_waypoint_node]: [CONTROL_ARBITER] selected_source=safety_hold state=IDLE_HOLD
[fastlio_bridge_node-2] [INFO] [1786539730.084153411] [fastlio_bridge_node]: 已桥接并转换里程计: ENU(0.10, -0.08, 0.88) -> NED(-0.08, 0.10, -0.88)
[offboard_waypoint_node-1] [INFO] [1786539730.383421412] [offboard_waypoint_node]: [HOLD_ERROR] position_error=0.000 velocity=0.223 state=IDLE_HOLD
[super_planner_ros2_node-6] [INFO] [1786539730.534424281] [super_planner_ros2_node]: SUPER_ROS2 mode=IDLE enable_output=true reason=NO_GOAL odom=(0.13,-0.01,0.87) goal=none tracking_setpoint_enu=(0.13,-0.01,0.78) setpoint_ned=none yaw(desired/cmd/rate)=(0.00/0.00/0.00) cross_track=0.00 frame_id=px4_ned path_points=0 odom_source=/race/odom cloud_source=/saved_map mavros_connected=true
[offboard_waypoint_node-1] [INFO] [1786539730.833679738] [offboard_waypoint_node]: [CONTROL_ARBITER] selected_source=safety_hold state=IDLE_HOLD
[offboard_waypoint_node-1] [INFO] [1786539731.383574233] [offboard_waypoint_node]: [HOLD_ERROR] position_error=0.000 velocity=0.129 state=IDLE_HOLD
[super_planner_ros2_node-6] [INFO] [1786539731.584291455] [super_planner_ros2_node]: SUPER_ROS2 mode=IDLE enable_output=true reason=NO_GOAL odom=(0.02,0.05,0.85) goal=none tracking_setpoint_enu=(0.02,0.05,0.78) setpoint_ned=none yaw(desired/cmd/rate)=(0.00/0.00/0.00) cross_track=0.00 frame_id=px4_ned path_points=0 odom_source=/race/odom cloud_source=/saved_map mavros_connected=true
[offboard_waypoint_node-1] [INFO] [1786539731.883091822] [offboard_waypoint_node]: [CONTROL_ARBITER] selected_source=safety_hold state=IDLE_HOLD
[fastlio_bridge_node-2] [INFO] [1786539732.084341050] [fastlio_bridge_node]: 已桥接并转换里程计: ENU(0.01, -0.06, 0.83) -> NED(-0.06, 0.01, -0.83)
[offboard_waypoint_node-1] [INFO] [1786539732.433002359] [offboard_waypoint_node]: [HOLD_ERROR] position_error=0.000 velocity=0.235 state=IDLE_HOLD
[super_planner_ros2_node-6] [INFO] [1786539732.634173908] [super_planner_ros2_node]: SUPER_ROS2 mode=IDLE enable_output=true reason=NO_GOAL odom=(-0.00,-0.18,0.83) goal=none tracking_setpoint_enu=(-0.00,-0.18,0.78) setpoint_ned=none yaw(desired/cmd/rate)=(0.00/0.00/0.00) cross_track=0.00 frame_id=px4_ned path_points=0 odom_source=/race/odom cloud_source=/saved_map mavros_connected=true
[offboard_waypoint_node-1] [INFO] [1786539732.933125125] [offboard_waypoint_node]: [CONTROL_ARBITER] selected_source=safety_hold state=IDLE_HOLD
[offboard_waypoint_node-1] [INFO] [1786539733.483064128] [offboard_waypoint_node]: [HOLD_ERROR] position_error=0.000 velocity=0.086 state=IDLE_HOLD
[super_planner_ros2_node-6] [INFO] [1786539733.684133963] [super_planner_ros2_node]: SUPER_ROS2 mode=IDLE enable_output=true reason=NO_GOAL odom=(-0.02,-0.15,0.82) goal=none tracking_setpoint_enu=(-0.02,-0.15,0.78) setpoint_ned=none yaw(desired/cmd/rate)=(0.00/0.00/0.00) cross_track=0.00 frame_id=px4_ned path_points=0 odom_source=/race/odom cloud_source=/saved_map mavros_connected=true
[offboard_waypoint_node-1] [INFO] [1786539733.982867197] [offboard_waypoint_node]: [CONTROL_ARBITER] selected_source=safety_hold state=IDLE_HOLD
[fastlio_bridge_node-2] [INFO] [1786539734.086932725] [fastlio_bridge_node]: 已桥接并转换里程计: ENU(-0.01, -0.15, 0.82) -> NED(-0.15, -0.01, -0.82)
[offboard_waypoint_node-1] [INFO] [1786539734.483238569] [offboard_waypoint_node]: [HOLD_ERROR] position_error=0.000 velocity=0.100 state=IDLE_HOLD
[super_planner_ros2_node-6] [INFO] [1786539734.734058652] [super_planner_ros2_node]: SUPER_ROS2 mode=IDLE enable_output=true reason=NO_GOAL odom=(0.04,-0.17,0.82) goal=none tracking_setpoint_enu=(0.04,-0.17,0.78) setpoint_ned=none yaw(desired/cmd/rate)=(0.00/0.00/0.00) cross_track=0.00 frame_id=px4_ned path_points=0 odom_source=/race/odom cloud_source=/saved_map mavros_connected=true
[offboard_waypoint_node-1] [INFO] [1786539734.982963588] [offboard_waypoint_node]: [CONTROL_ARBITER] selected_source=safety_hold state=IDLE_HOLD
[offboard_waypoint_node-1] [INFO] [1786539735.485742914] [offboard_waypoint_node]: [HOLD_ERROR] position_error=0.000 velocity=0.052 state=IDLE_HOLD
[mapping_manager_node-5] [INFO] [1786539735.508050777] [mapping_manager_node]: Mapping status: in_flight=false, map_loaded=false, map_saved=false
[super_planner_ros2_node-6] [INFO] [1786539735.784392655] [super_planner_ros2_node]: SUPER_ROS2 mode=IDLE enable_output=true reason=NO_GOAL odom=(0.07,-0.17,0.82) goal=none tracking_setpoint_enu=(0.07,-0.17,0.78) setpoint_ned=none yaw(desired/cmd/rate)=(0.00/0.00/0.00) cross_track=0.00 frame_id=px4_ned path_points=0 odom_source=/race/odom cloud_source=/saved_map mavros_connected=true
[offboard_waypoint_node-1] [INFO] [1786539735.983041021] [offboard_waypoint_node]: [CONTROL_ARBITER] selected_source=safety_hold state=IDLE_HOLD
[fastlio_bridge_node-2] [INFO] [1786539736.084060173] [fastlio_bridge_node]: 已桥接并转换里程计: ENU(0.05, -0.17, 0.82) -> NED(-0.17, 0.05, -0.82)
[offboard_waypoint_node-1] [INFO] [1786539736.532750984] [offboard_waypoint_node]: [HOLD_ERROR] position_error=0.000 velocity=0.047 state=IDLE_HOLD
[super_planner_ros2_node-6] [INFO] [1786539736.834012828] [super_planner_ros2_node]: SUPER_ROS2 mode=IDLE enable_output=true reason=NO_GOAL odom=(0.04,-0.14,0.83) goal=none tracking_setpoint_enu=(0.04,-0.14,0.78) setpoint_ned=none yaw(desired/cmd/rate)=(0.00/0.00/0.00) cross_track=0.00 frame_id=px4_ned path_points=0 odom_source=/race/odom cloud_source=/saved_map mavros_connected=true
[offboard_waypoint_node-1] [INFO] [1786539737.032831767] [offboard_waypoint_node]: [CONTROL_ARBITER] selected_source=safety_hold state=IDLE_HOLD
[offboard_waypoint_node-1] [INFO] [1786539737.532778880] [offboard_waypoint_node]: [HOLD_ERROR] position_error=0.000 velocity=0.051 state=IDLE_HOLD
[super_planner_ros2_node-6] [INFO] [1786539737.834108073] [super_planner_ros2_node]: SUPER_ROS2 mode=IDLE enable_output=true reason=NO_GOAL odom=(0.05,-0.16,0.81) goal=none tracking_setpoint_enu=(0.05,-0.16,0.78) setpoint_ned=none yaw(desired/cmd/rate)=(0.00/0.00/0.00) cross_track=0.00 frame_id=px4_ned path_points=0 odom_source=/race/odom cloud_source=/saved_map mavros_connected=true
[offboard_waypoint_node-1] [INFO] [1786539738.033260249] [offboard_waypoint_node]: [CONTROL_ARBITER] selected_source=safety_hold state=IDLE_HOLD
[fastlio_bridge_node-2] [INFO] [1786539738.082165383] [fastlio_bridge_node]: 已桥接并转换里程计: ENU(0.06, -0.19, 0.82) -> NED(-0.19, 0.06, -0.82)
[offboard_waypoint_node-1] [INFO] [1786539738.582654304] [offboard_waypoint_node]: [HOLD_ERROR] position_error=0.000 velocity=0.063 state=IDLE_HOLD
[super_planner_ros2_node-6] [INFO] [1786539738.883752068] [super_planner_ros2_node]: SUPER_ROS2 mode=IDLE enable_output=true reason=NO_GOAL odom=(0.07,-0.26,0.81) goal=none tracking_setpoint_enu=(0.07,-0.26,0.78) setpoint_ned=none yaw(desired/cmd/rate)=(0.00/0.00/0.00) cross_track=0.00 frame_id=px4_ned path_points=0 odom_source=/race/odom cloud_source=/saved_map mavros_connected=true
[offboard_waypoint_node-1] [INFO] [1786539739.082764860] [offboard_waypoint_node]: [CONTROL_ARBITER] selected_source=safety_hold state=IDLE_HOLD
[offboard_waypoint_node-1] [INFO] [1786539739.582985537] [offboard_waypoint_node]: [HOLD_ERROR] position_error=0.000 velocity=0.152 state=IDLE_HOLD
[super_planner_ros2_node-6] [INFO] [1786539739.883779126] [super_planner_ros2_node]: SUPER_ROS2 mode=IDLE enable_output=true reason=NO_GOAL odom=(0.12,-0.19,0.76) goal=none tracking_setpoint_enu=(0.12,-0.19,0.78) setpoint_ned=none yaw(desired/cmd/rate)=(0.00/0.00/0.00) cross_track=0.00 frame_id=px4_ned path_points=0 odom_source=/race/odom cloud_source=/saved_map mavros_connected=true
[offboard_waypoint_node-1] [INFO] [1786539740.082819455] [offboard_waypoint_node]: [CONTROL_ARBITER] selected_source=safety_hold state=IDLE_HOLD
[fastlio_bridge_node-2] [INFO] [1786539740.086357376] [fastlio_bridge_node]: 已桥接并转换里程计: ENU(0.12, -0.19, 0.71) -> NED(-0.19, 0.12, -0.71)
[offboard_waypoint_node-1] [INFO] [1786539740.632860238] [offboard_waypoint_node]: [HOLD_ERROR] position_error=0.000 velocity=0.397 state=IDLE_HOLD
[super_planner_ros2_node-6] [INFO] [1786539740.883864919] [super_planner_ros2_node]: SUPER_ROS2 mode=IDLE enable_output=true reason=NO_GOAL odom=(0.03,-0.45,0.38) goal=none tracking_setpoint_enu=(0.03,-0.45,0.78) setpoint_ned=none yaw(desired/cmd/rate)=(0.00/0.00/0.00) cross_track=0.00 frame_id=px4_ned path_points=0 odom_source=/race/odom cloud_source=/saved_map mavros_connected=true
[offboard_waypoint_node-1] [INFO] [1786539741.132567820] [offboard_waypoint_node]: [CONTROL_ARBITER] selected_source=safety_hold state=IDLE_HOLD
[offboard_waypoint_node-1] [INFO] [1786539741.682708310] [offboard_waypoint_node]: [HOLD_ERROR] position_error=0.000 velocity=0.162 state=IDLE_HOLD
[super_planner_ros2_node-6] [INFO] [1786539741.884171143] [super_planner_ros2_node]: SUPER_ROS2 mode=IDLE enable_output=true reason=NO_GOAL odom=(0.06,-0.48,0.28) goal=none tracking_setpoint_enu=(0.06,-0.48,0.78) setpoint_ned=none yaw(desired/cmd/rate)=(0.00/0.00/0.00) cross_track=0.00 frame_id=px4_ned path_points=0 odom_source=/race/odom cloud_source=/saved_map mavros_connected=true
[fastlio_bridge_node-2] [INFO] [1786539742.092178310] [fastlio_bridge_node]: 已桥接并转换里程计: ENU(0.10, -0.42, 0.26) -> NED(-0.42, 0.10, -0.26)
[offboard_waypoint_node-1] [INFO] [1786539742.132702066] [offboard_waypoint_node]: [CONTROL_ARBITER] selected_source=safety_hold state=IDLE_HOLD
[offboard_waypoint_node-1] [INFO] [1786539742.732373155] [offboard_waypoint_node]: [HOLD_ERROR] position_error=0.000 velocity=0.193 state=IDLE_HOLD
[super_planner_ros2_node-6] [INFO] [1786539742.933510475] [super_planner_ros2_node]: SUPER_ROS2 mode=IDLE enable_output=true reason=NO_GOAL odom=(0.19,-0.32,0.24) goal=none tracking_setpoint_enu=(0.19,-0.32,0.78) setpoint_ned=none yaw(desired/cmd/rate)=(0.00/0.00/0.00) cross_track=0.00 frame_id=px4_ned path_points=0 odom_source=/race/odom cloud_source=/saved_map mavros_connected=true
[offboard_waypoint_node-1] [INFO] [1786539743.182450611] [offboard_waypoint_node]: [CONTROL_ARBITER] selected_source=safety_hold state=IDLE_HOLD
[offboard_waypoint_node-1] [INFO] [1786539743.782394986] [offboard_waypoint_node]: [HOLD_ERROR] position_error=0.000 velocity=0.186 state=IDLE_HOLD
[super_planner_ros2_node-6] [INFO] [1786539743.933631261] [super_planner_ros2_node]: SUPER_ROS2 mode=IDLE enable_output=true reason=NO_GOAL odom=(0.23,-0.10,0.18) goal=none tracking_setpoint_enu=(0.23,-0.10,0.78) setpoint_ned=none yaw(desired/cmd/rate)=(0.00/0.00/0.00) cross_track=0.00 frame_id=px4_ned path_points=0 odom_source=/race/odom cloud_source=/saved_map mavros_connected=true
[fastlio_bridge_node-2] [INFO] [1786539744.082872259] [fastlio_bridge_node]: 已桥接并转换里程计: ENU(0.21, -0.08, 0.18) -> NED(-0.08, 0.21, -0.18)
[offboard_waypoint_node-1] [INFO] [1786539744.182481568] [offboard_waypoint_node]: [CONTROL_ARBITER] selected_source=safety_hold state=IDLE_HOLD
[offboard_waypoint_node-1] [INFO] [1786539744.782660481] [offboard_waypoint_node]: [HOLD_ERROR] position_error=0.000 velocity=0.080 state=IDLE_HOLD
[super_planner_ros2_node-6] [INFO] [1786539744.983438238] [super_planner_ros2_node]: SUPER_ROS2 mode=IDLE enable_output=true reason=NO_GOAL odom=(0.15,-0.04,0.18) goal=none tracking_setpoint_enu=(0.15,-0.04,0.78) setpoint_ned=none yaw(desired/cmd/rate)=(0.00/0.00/0.00) cross_track=0.00 frame_id=px4_ned path_points=0 odom_source=/race/odom cloud_source=/saved_map mavros_connected=true
[offboard_waypoint_node-1] [INFO] [1786539745.232214033] [offboard_waypoint_node]: [CONTROL_ARBITER] selected_source=safety_hold state=IDLE_HOLD
[offboard_waypoint_node-1] [INFO] [1786539745.782795037] [offboard_waypoint_node]: [HOLD_ERROR] position_error=0.000 velocity=0.152 state=IDLE_HOLD
[super_planner_ros2_node-6] [INFO] [1786539746.033766083] [super_planner_ros2_node]: SUPER_ROS2 mode=IDLE enable_output=true reason=NO_GOAL odom=(0.12,0.00,0.18) goal=none tracking_setpoint_enu=(0.12,0.00,0.78) setpoint_ned=none yaw(desired/cmd/rate)=(0.00/0.00/0.00) cross_track=0.00 frame_id=px4_ned path_points=0 odom_source=/race/odom cloud_source=/saved_map mavros_connected=true
[fastlio_bridge_node-2] [INFO] [1786539746.082549073] [fastlio_bridge_node]: 已桥接并转换里程计: ENU(0.11, -0.01, 0.20) -> NED(-0.01, 0.11, -0.20)
[offboard_waypoint_node-1] [INFO] [1786539746.232409273] [offboard_waypoint_node]: [CONTROL_ARBITER] selected_source=safety_hold state=IDLE_HOLD
[offboard_waypoint_node-1] [INFO] [1786539746.832261558] [offboard_waypoint_node]: [HOLD_ERROR] position_error=0.000 velocity=0.421 state=IDLE_HOLD
[super_planner_ros2_node-6] [INFO] [1786539747.083339265] [super_planner_ros2_node]: SUPER_ROS2 mode=IDLE enable_output=true reason=NO_GOAL odom=(0.03,-0.22,0.47) goal=none tracking_setpoint_enu=(0.03,-0.22,0.78) setpoint_ned=none yaw(desired/cmd/rate)=(0.00/0.00/0.00) cross_track=0.00 frame_id=px4_ned path_points=0 odom_source=/race/odom cloud_source=/saved_map mavros_connected=true
[offboard_waypoint_node-1] [INFO] [1786539747.282356831] [offboard_waypoint_node]: [CONTROL_ARBITER] selected_source=safety_hold state=IDLE_HOLD
[offboard_waypoint_node-1] [INFO] [1786539747.882009160] [offboard_waypoint_node]: [HOLD_ERROR] position_error=0.000 velocity=0.466 state=IDLE_HOLD
[super_planner_ros2_node-6] [INFO] [1786539748.084078245] [super_planner_ros2_node]: SUPER_ROS2 mode=IDLE enable_output=true reason=NO_GOAL odom=(0.06,-0.81,0.28) goal=none tracking_setpoint_enu=(0.06,-0.81,0.78) setpoint_ned=none yaw(desired/cmd/rate)=(0.00/0.00/0.00) cross_track=0.00 frame_id=px4_ned path_points=0 odom_source=/race/odom cloud_source=/saved_map mavros_connected=true
[fastlio_bridge_node-2] [INFO] [1786539748.085085993] [fastlio_bridge_node]: 已桥接并转换里程计: ENU(0.06, -0.84, 0.24) -> NED(-0.84, 0.06, -0.24)
[offboard_waypoint_node-1] [INFO] [1786539748.332064020] [offboard_waypoint_node]: [CONTROL_ARBITER] selected_source=safety_hold state=IDLE_HOLD
[offboard_waypoint_node-1] [INFO] [1786539748.882056001] [offboard_waypoint_node]: [HOLD_ERROR] position_error=0.000 velocity=0.176 state=IDLE_HOLD
[super_planner_ros2_node-6] [INFO] [1786539749.133207697] [super_planner_ros2_node]: SUPER_ROS2 mode=IDLE enable_output=true reason=NO_GOAL odom=(0.10,-0.90,0.24) goal=none tracking_setpoint_enu=(0.10,-0.90,0.78) setpoint_ned=none yaw(desired/cmd/rate)=(0.00/0.00/0.00) cross_track=0.00 frame_id=px4_ned path_points=0 odom_source=/race/odom cloud_source=/saved_map mavros_connected=true
[offboard_waypoint_node-1] [INFO] [1786539749.382100211] [offboard_waypoint_node]: [CONTROL_ARBITER] selected_source=safety_hold state=IDLE_HOLD
[offboard_waypoint_node-1] [INFO] [1786539749.882282058] [offboard_waypoint_node]: [HOLD_ERROR] position_error=0.000 velocity=0.279 state=IDLE_HOLD
[fastlio_bridge_node-2] [INFO] [1786539750.081975296] [fastlio_bridge_node]: 已桥接并转换里程计: ENU(0.03, -0.69, 0.46) -> NED(-0.69, 0.03, -0.46)
[super_planner_ros2_node-6] [INFO] [1786539750.183144827] [super_planner_ros2_node]: SUPER_ROS2 mode=IDLE enable_output=true reason=NO_GOAL odom=(0.03,-0.69,0.46) goal=none tracking_setpoint_enu=(0.03,-0.69,0.78) setpoint_ned=none yaw(desired/cmd/rate)=(0.00/0.00/0.00) cross_track=0.00 frame_id=px4_ned path_points=0 odom_source=/race/odom cloud_source=/saved_map mavros_connected=true
[offboard_waypoint_node-1] [INFO] [1786539750.382118443] [offboard_waypoint_node]: [CONTROL_ARBITER] selected_source=safety_hold state=IDLE_HOLD
[offboard_waypoint_node-1] [INFO] [1786539750.932444023] [offboard_waypoint_node]: [HOLD_ERROR] position_error=0.000 velocity=0.316 state=IDLE_HOLD
[super_planner_ros2_node-6] [INFO] [1786539751.183188438] [super_planner_ros2_node]: SUPER_ROS2 mode=IDLE enable_output=true reason=NO_GOAL odom=(-0.05,-0.41,0.40) goal=none tracking_setpoint_enu=(-0.05,-0.41,0.78) setpoint_ned=none yaw(desired/cmd/rate)=(0.00/0.00/0.00) cross_track=0.00 frame_id=px4_ned path_points=0 odom_source=/race/odom cloud_source=/saved_map mavros_connected=true
[offboard_waypoint_node-1] [INFO] [1786539751.382334570] [offboard_waypoint_node]: [CONTROL_ARBITER] selected_source=safety_hold state=IDLE_HOLD
[offboard_waypoint_node-1] [INFO] [1786539751.982256751] [offboard_waypoint_node]: [HOLD_ERROR] position_error=0.000 velocity=0.045 state=IDLE_HOLD
[fastlio_bridge_node-2] [INFO] [1786539752.082277664] [fastlio_bridge_node]: 已桥接并转换里程计: ENU(0.04, -0.25, 0.37) -> NED(-0.25, 0.04, -0.37)
[super_planner_ros2_node-6] [INFO] [1786539752.233095161] [super_planner_ros2_node]: SUPER_ROS2 mode=IDLE enable_output=true reason=NO_GOAL odom=(0.04,-0.24,0.37) goal=none tracking_setpoint_enu=(0.04,-0.24,0.78) setpoint_ned=none yaw(desired/cmd/rate)=(0.00/0.00/0.00) cross_track=0.00 frame_id=px4_ned path_points=0 odom_source=/race/odom cloud_source=/saved_map mavros_connected=true
[offboard_waypoint_node-1] [INFO] [1786539752.432003393] [offboard_waypoint_node]: [CONTROL_ARBITER] selected_source=safety_hold state=IDLE_HOLD
[offboard_waypoint_node-1] [INFO] [1786539752.982408380] [offboard_waypoint_node]: [HOLD_ERROR] position_error=0.000 velocity=0.084 state=IDLE_HOLD
[super_planner_ros2_node-6] [INFO] [1786539753.282938567] [super_planner_ros2_node]: SUPER_ROS2 mode=IDLE enable_output=true reason=NO_GOAL odom=(0.05,-0.15,0.33) goal=none tracking_setpoint_enu=(0.05,-0.15,0.78) setpoint_ned=none yaw(desired/cmd/rate)=(0.00/0.00/0.00) cross_track=0.00 frame_id=px4_ned path_points=0 odom_source=/race/odom cloud_source=/saved_map mavros_connected=true
[offboard_waypoint_node-1] [INFO] [1786539753.481869528] [offboard_waypoint_node]: [CONTROL_ARBITER] selected_source=safety_hold state=IDLE_HOLD
[offboard_waypoint_node-1] [INFO] [1786539754.031829189] [offboard_waypoint_node]: [HOLD_ERROR] position_error=0.000 velocity=0.116 state=IDLE_HOLD
[fastlio_bridge_node-2] [INFO] [1786539754.082578949] [fastlio_bridge_node]: 已桥接并转换里程计: ENU(-0.01, -0.08, 0.32) -> NED(-0.08, -0.01, -0.32)
[super_planner_ros2_node-6] [INFO] [1786539754.332857185] [super_planner_ros2_node]: SUPER_ROS2 mode=IDLE enable_output=true reason=NO_GOAL odom=(-0.02,-0.10,0.31) goal=none tracking_setpoint_enu=(-0.02,-0.10,0.78) setpoint_ned=none yaw(desired/cmd/rate)=(0.00/0.00/0.00) cross_track=0.00 frame_id=px4_ned path_points=0 odom_source=/race/odom cloud_source=/saved_map mavros_connected=true
[offboard_waypoint_node-1] [INFO] [1786539754.483321090] [offboard_waypoint_node]: [CONTROL_ARBITER] selected_source=safety_hold state=IDLE_HOLD
[offboard_waypoint_node-1] [INFO] [1786539755.081703121] [offboard_waypoint_node]: [HOLD_ERROR] position_error=0.000 velocity=0.092 state=IDLE_HOLD
[super_planner_ros2_node-6] [INFO] [1786539755.332897253] [super_planner_ros2_node]: SUPER_ROS2 mode=IDLE enable_output=true reason=NO_GOAL odom=(-0.04,-0.25,0.31) goal=none tracking_setpoint_enu=(-0.04,-0.25,0.78) setpoint_ned=none yaw(desired/cmd/rate)=(0.00/0.00/0.00) cross_track=0.00 frame_id=px4_ned path_points=0 odom_source=/race/odom cloud_source=/saved_map mavros_connected=true
[offboard_waypoint_node-1] [INFO] [1786539755.531740232] [offboard_waypoint_node]: [CONTROL_ARBITER] selected_source=safety_hold state=IDLE_HOLD
[offboard_waypoint_node-1] [INFO] [1786539756.082206270] [offboard_waypoint_node]: [HOLD_ERROR] position_error=0.000 velocity=0.167 state=IDLE_HOLD
[fastlio_bridge_node-2] [INFO] [1786539756.098026217] [fastlio_bridge_node]: 已桥接并转换里程计: ENU(-0.02, -0.29, 0.28) -> NED(-0.29, -0.02, -0.28)
[super_planner_ros2_node-6] [INFO] [1786539756.333131636] [super_planner_ros2_node]: SUPER_ROS2 mode=IDLE enable_output=true reason=NO_GOAL odom=(-0.02,-0.33,0.30) goal=none tracking_setpoint_enu=(-0.02,-0.33,0.78) setpoint_ned=none yaw(desired/cmd/rate)=(0.00/0.00/0.00) cross_track=0.00 frame_id=px4_ned path_points=0 odom_source=/race/odom cloud_source=/saved_map mavros_connected=true
[offboard_waypoint_node-1] [INFO] [1786539756.531960972] [offboard_waypoint_node]: [CONTROL_ARBITER] selected_source=safety_hold state=IDLE_HOLD
[offboard_waypoint_node-1] [INFO] [1786539757.131554113] [offboard_waypoint_node]: [HOLD_ERROR] position_error=0.000 velocity=0.122 state=IDLE_HOLD
[super_planner_ros2_node-6] [INFO] [1786539757.383366607] [super_planner_ros2_node]: SUPER_ROS2 mode=IDLE enable_output=true reason=NO_GOAL odom=(0.06,-0.45,0.31) goal=none tracking_setpoint_enu=(0.06,-0.45,0.78) setpoint_ned=none yaw(desired/cmd/rate)=(0.00/0.00/0.00) cross_track=0.00 frame_id=px4_ned path_points=0 odom_source=/race/odom cloud_source=/saved_map mavros_connected=true
[offboard_waypoint_node-1] [INFO] [1786539757.582121891] [offboard_waypoint_node]: [CONTROL_ARBITER] selected_source=safety_hold state=IDLE_HOLD
[fastlio_bridge_node-2] [INFO] [1786539758.095292706] [fastlio_bridge_node]: 已桥接并转换里程计: ENU(0.05, -0.45, 0.29) -> NED(-0.45, 0.05, -0.29)
[offboard_waypoint_node-1] [INFO] [1786539758.132010900] [offboard_waypoint_node]: [HOLD_ERROR] position_error=0.000 velocity=0.150 state=IDLE_HOLD
[super_planner_ros2_node-6] [INFO] [1786539758.384981275] [super_planner_ros2_node]: SUPER_ROS2 mode=IDLE enable_output=true reason=NO_GOAL odom=(0.05,-0.42,0.30) goal=none tracking_setpoint_enu=(0.05,-0.42,0.78) setpoint_ned=none yaw(desired/cmd/rate)=(0.00/0.00/0.00) cross_track=0.00 frame_id=px4_ned path_points=0 odom_source=/race/odom cloud_source=/saved_map mavros_connected=true
[offboard_waypoint_node-1] [INFO] [1786539758.582203026] [offboard_waypoint_node]: [CONTROL_ARBITER] selected_source=safety_hold state=IDLE_HOLD
[offboard_waypoint_node-1] [INFO] [1786539759.181479106] [offboard_waypoint_node]: [HOLD_ERROR] position_error=0.000 velocity=0.129 state=IDLE_HOLD
[super_planner_ros2_node-6] [INFO] [1786539759.432633613] [super_planner_ros2_node]: SUPER_ROS2 mode=IDLE enable_output=true reason=NO_GOAL odom=(-0.06,-0.31,0.33) goal=none tracking_setpoint_enu=(-0.06,-0.31,0.78) setpoint_ned=none yaw(desired/cmd/rate)=(0.00/0.00/0.00) cross_track=0.00 frame_id=px4_ned path_points=0 odom_source=/race/odom cloud_source=/saved_map mavros_connected=true
[offboard_waypoint_node-1] [INFO] [1786539759.592858619] [offboard_waypoint_node]: [EV_HEALTH] state=SUSPECT continuous_healthy=0.00s
[offboard_waypoint_node-1] [INFO] [1786539759.631513876] [offboard_waypoint_node]: [CONTROL_ARBITER] selected_source=safety_hold state=IDLE_HOLD
[fastlio_bridge_node-2] [INFO] [1786539760.083235284] [fastlio_bridge_node]: 已桥接并转换里程计: ENU(-0.08, -0.31, 0.33) -> NED(-0.31, -0.08, -0.33)
[offboard_waypoint_node-1] [INFO] [1786539760.181910138] [offboard_waypoint_node]: [HOLD_ERROR] position_error=0.000 velocity=0.079 state=IDLE_HOLD
[super_planner_ros2_node-6] [INFO] [1786539760.433109163] [super_planner_ros2_node]: SUPER_ROS2 mode=IDLE enable_output=true reason=NO_GOAL odom=(-0.07,-0.32,0.32) goal=none tracking_setpoint_enu=(-0.07,-0.32,0.78) setpoint_ned=none yaw(desired/cmd/rate)=(0.00/0.00/0.00) cross_track=0.00 frame_id=px4_ned path_points=0 odom_source=/race/odom cloud_source=/saved_map mavros_connected=true
[offboard_waypoint_node-1] [INFO] [1786539760.681395900] [offboard_waypoint_node]: [CONTROL_ARBITER] selected_source=safety_hold state=IDLE_HOLD
[offboard_waypoint_node-1] [INFO] [1786539761.182298464] [offboard_waypoint_node]: [HOLD_ERROR] position_error=0.000 velocity=0.049 state=IDLE_HOLD
[super_planner_ros2_node-6] [INFO] [1786539761.482704219] [super_planner_ros2_node]: SUPER_ROS2 mode=IDLE enable_output=true reason=NO_GOAL odom=(-0.05,-0.30,0.20) goal=none tracking_setpoint_enu=(-0.05,-0.30,0.78) setpoint_ned=none yaw(desired/cmd/rate)=(0.00/0.00/0.00) cross_track=0.00 frame_id=px4_ned path_points=0 odom_source=/race/odom cloud_source=/saved_map mavros_connected=true
[offboard_waypoint_node-1] [INFO] [1786539761.731393813] [offboard_waypoint_node]: [CONTROL_ARBITER] selected_source=safety_hold state=IDLE_HOLD
[offboard_waypoint_node-1] [INFO] [1786539761.991913612] [offboard_waypoint_node]: [EV_HEALTH] state=HEALTHY continuous_healthy=0.00s
[fastlio_bridge_node-2] [INFO] [1786539762.084136833] [fastlio_bridge_node]: 已桥接并转换里程计: ENU(0.00, -0.25, 0.09) -> NED(-0.25, 0.00, -0.09)
[offboard_waypoint_node-1] [INFO] [1786539762.231331012] [offboard_waypoint_node]: [HOLD_ERROR] position_error=0.000 velocity=0.034 state=IDLE_HOLD
[super_planner_ros2_node-6] [INFO] [1786539762.532526220] [super_planner_ros2_node]: SUPER_ROS2 mode=IDLE enable_output=true reason=NO_GOAL odom=(0.01,-0.23,0.11) goal=none tracking_setpoint_enu=(0.01,-0.23,0.78) setpoint_ned=none yaw(desired/cmd/rate)=(0.00/0.00/0.00) cross_track=0.00 frame_id=px4_ned path_points=0 odom_source=/race/odom cloud_source=/saved_map mavros_connected=true
[offboard_waypoint_node-1] [INFO] [1786539762.781311274] [offboard_waypoint_node]: [CONTROL_ARBITER] selected_source=safety_hold state=IDLE_HOLD
[offboard_waypoint_node-1] [INFO] [1786539763.281979355] [offboard_waypoint_node]: [HOLD_ERROR] position_error=0.000 velocity=0.040 state=IDLE_HOLD
[super_planner_ros2_node-6] [INFO] [1786539763.582398736] [super_planner_ros2_node]: SUPER_ROS2 mode=IDLE enable_output=true reason=NO_GOAL odom=(0.01,-0.21,0.30) goal=none tracking_setpoint_enu=(0.01,-0.21,0.78) setpoint_ned=none yaw(desired/cmd/rate)=(0.00/0.00/0.00) cross_track=0.00 frame_id=px4_ned path_points=0 odom_source=/race/odom cloud_source=/saved_map mavros_connected=true
[offboard_waypoint_node-1] [INFO] [1786539763.783885289] [offboard_waypoint_node]: [CONTROL_ARBITER] selected_source=safety_hold state=IDLE_HOLD
[fastlio_bridge_node-2] [INFO] [1786539764.083539923] [fastlio_bridge_node]: 已桥接并转换里程计: ENU(0.01, -0.27, 0.35) -> NED(-0.27, 0.01, -0.35)
[offboard_waypoint_node-1] [INFO] [1786539764.331224340] [offboard_waypoint_node]: [HOLD_ERROR] position_error=0.000 velocity=0.170 state=IDLE_HOLD
[super_planner_ros2_node-6] [INFO] [1786539764.582497957] [super_planner_ros2_node]: SUPER_ROS2 mode=IDLE enable_output=true reason=NO_GOAL odom=(-0.04,-0.31,0.36) goal=none tracking_setpoint_enu=(-0.04,-0.31,0.78) setpoint_ned=none yaw(desired/cmd/rate)=(0.00/0.00/0.00) cross_track=0.00 frame_id=px4_ned path_points=0 odom_source=/race/odom cloud_source=/saved_map mavros_connected=true
[offboard_waypoint_node-1] [INFO] [1786539764.831193115] [offboard_waypoint_node]: [CONTROL_ARBITER] selected_source=safety_hold state=IDLE_HOLD
[offboard_waypoint_node-1] [INFO] [1786539765.381289874] [offboard_waypoint_node]: [HOLD_ERROR] position_error=0.000 velocity=0.080 state=IDLE_HOLD
[mapping_manager_node-5] [INFO] [1786539765.504720240] [mapping_manager_node]: Mapping status: in_flight=false, map_loaded=false, map_saved=false
[super_planner_ros2_node-6] [INFO] [1786539765.632530282] [super_planner_ros2_node]: SUPER_ROS2 mode=IDLE enable_output=true reason=NO_GOAL odom=(-0.09,-0.31,0.37) goal=none tracking_setpoint_enu=(-0.09,-0.31,0.78) setpoint_ned=none yaw(desired/cmd/rate)=(0.00/0.00/0.00) cross_track=0.00 frame_id=px4_ned path_points=0 odom_source=/race/odom cloud_source=/saved_map mavros_connected=true
[offboard_waypoint_node-1] [INFO] [1786539765.881232420] [offboard_waypoint_node]: [CONTROL_ARBITER] selected_source=safety_hold state=IDLE_HOLD
[fastlio_bridge_node-2] [INFO] [1786539766.095650772] [fastlio_bridge_node]: 已桥接并转换里程计: ENU(-0.03, -0.30, 0.34) -> NED(-0.30, -0.03, -0.34)
[offboard_waypoint_node-1] [INFO] [1786539766.431061390] [offboard_waypoint_node]: [HOLD_ERROR] position_error=0.000 velocity=0.049 state=IDLE_HOLD
[super_planner_ros2_node-6] [INFO] [1786539766.682221296] [super_planner_ros2_node]: SUPER_ROS2 mode=IDLE enable_output=true reason=NO_GOAL odom=(-0.03,-0.33,0.32) goal=none tracking_setpoint_enu=(-0.03,-0.33,0.78) setpoint_ned=none yaw(desired/cmd/rate)=(0.00/0.00/0.00) cross_track=0.00 frame_id=px4_ned path_points=0 odom_source=/race/odom cloud_source=/saved_map mavros_connected=true
[offboard_waypoint_node-1] [INFO] [1786539766.931060567] [offboard_waypoint_node]: [CONTROL_ARBITER] selected_source=safety_hold state=IDLE_HOLD
[offboard_waypoint_node-1] [INFO] [1786539767.431069169] [offboard_waypoint_node]: [HOLD_ERROR] position_error=0.000 velocity=0.071 state=IDLE_HOLD
[super_planner_ros2_node-6] [INFO] [1786539767.733385589] [super_planner_ros2_node]: SUPER_ROS2 mode=IDLE enable_output=true reason=NO_GOAL odom=(0.02,-0.36,0.34) goal=none tracking_setpoint_enu=(0.02,-0.36,0.78) setpoint_ned=none yaw(desired/cmd/rate)=(0.00/0.00/0.00) cross_track=0.00 frame_id=px4_ned path_points=0 odom_source=/race/odom cloud_source=/saved_map mavros_connected=true
[offboard_waypoint_node-1] [INFO] [1786539767.981242684] [offboard_waypoint_node]: [CONTROL_ARBITER] selected_source=safety_hold state=IDLE_HOLD
[fastlio_bridge_node-2] [INFO] [1786539768.085583460] [fastlio_bridge_node]: 已桥接并转换里程计: ENU(0.02, -0.37, 0.35) -> NED(-0.37, 0.02, -0.35)
[offboard_waypoint_node-1] [INFO] [1786539768.480932066] [offboard_waypoint_node]: [HOLD_ERROR] position_error=0.000 velocity=0.094 state=IDLE_HOLD
[super_planner_ros2_node-6] [INFO] [1786539768.782147488] [super_planner_ros2_node]: SUPER_ROS2 mode=IDLE enable_output=true reason=NO_GOAL odom=(-0.02,-0.38,0.35) goal=none tracking_setpoint_enu=(-0.02,-0.38,0.78) setpoint_ned=none yaw(desired/cmd/rate)=(0.00/0.00/0.00) cross_track=0.00 frame_id=px4_ned path_points=0 odom_source=/race/odom cloud_source=/saved_map mavros_connected=true
[offboard_waypoint_node-1] [INFO] [1786539769.031064463] [offboard_waypoint_node]: [CONTROL_ARBITER] selected_source=safety_hold state=IDLE_HOLD
[offboard_waypoint_node-1] [INFO] [1786539769.480957942] [offboard_waypoint_node]: [HOLD_ERROR] position_error=0.000 velocity=0.069 state=IDLE_HOLD
[super_planner_ros2_node-6] [INFO] [1786539769.782848621] [super_planner_ros2_node]: SUPER_ROS2 mode=IDLE enable_output=true reason=NO_GOAL odom=(-0.06,-0.32,0.37) goal=none tracking_setpoint_enu=(-0.06,-0.32,0.78) setpoint_ned=none yaw(desired/cmd/rate)=(0.00/0.00/0.00) cross_track=0.00 frame_id=px4_ned path_points=0 odom_source=/race/odom cloud_source=/saved_map mavros_connected=true
[offboard_waypoint_node-1] [INFO] [1786539770.080904035] [offboard_waypoint_node]: [CONTROL_ARBITER] selected_source=safety_hold state=IDLE_HOLD
[fastlio_bridge_node-2] [INFO] [1786539770.082214296] [fastlio_bridge_node]: 已桥接并转换里程计: ENU(-0.05, -0.28, 0.36) -> NED(-0.28, -0.05, -0.36)
[offboard_waypoint_node-1] [INFO] [1786539770.530795409] [offboard_waypoint_node]: [HOLD_ERROR] position_error=0.000 velocity=0.091 state=IDLE_HOLD
[super_planner_ros2_node-6] [INFO] [1786539770.782865799] [super_planner_ros2_node]: SUPER_ROS2 mode=IDLE enable_output=true reason=NO_GOAL odom=(-0.07,-0.22,0.32) goal=none tracking_setpoint_enu=(-0.07,-0.22,0.78) setpoint_ned=none yaw(desired/cmd/rate)=(0.00/0.00/0.00) cross_track=0.00 frame_id=px4_ned path_points=0 odom_source=/race/odom cloud_source=/saved_map mavros_connected=true
[offboard_waypoint_node-1] [INFO] [1786539771.081006374] [offboard_waypoint_node]: [CONTROL_ARBITER] selected_source=safety_hold state=IDLE_HOLD
[offboard_waypoint_node-1] [INFO] [1786539771.582082305] [offboard_waypoint_node]: [HOLD_ERROR] position_error=0.000 velocity=0.186 state=IDLE_HOLD
[super_planner_ros2_node-6] [INFO] [1786539771.832466830] [super_planner_ros2_node]: SUPER_ROS2 mode=IDLE enable_output=true reason=NO_GOAL odom=(-0.05,-0.29,0.32) goal=none tracking_setpoint_enu=(-0.05,-0.29,0.78) setpoint_ned=none yaw(desired/cmd/rate)=(0.00/0.00/0.00) cross_track=0.00 frame_id=px4_ned path_points=0 odom_source=/race/odom cloud_source=/saved_map mavros_connected=true
[fastlio_bridge_node-2] [INFO] [1786539772.086210482] [fastlio_bridge_node]: 已桥接并转换里程计: ENU(-0.05, -0.34, 0.32) -> NED(-0.34, -0.05, -0.32)
[offboard_waypoint_node-1] [INFO] [1786539772.336972053] [offboard_waypoint_node]: [CONTROL_ARBITER] selected_source=safety_hold state=IDLE_HOLD
[offboard_waypoint_node-1] [INFO] [1786539772.352377971] [offboard_waypoint_node]: [EV_HEALTH] state=SUSPECT continuous_healthy=0.00s
[offboard_waypoint_node-1] [INFO] [1786539772.630805023] [offboard_waypoint_node]: [HOLD_ERROR] position_error=0.000 velocity=0.068 state=IDLE_HOLD
[super_planner_ros2_node-6] [INFO] [1786539772.882147103] [super_planner_ros2_node]: SUPER_ROS2 mode=IDLE enable_output=true reason=NO_GOAL odom=(-0.00,-0.36,0.34) goal=none tracking_setpoint_enu=(-0.00,-0.36,0.78) setpoint_ned=none yaw(desired/cmd/rate)=(0.00/0.00/0.00) cross_track=0.00 frame_id=px4_ned path_points=0 odom_source=/race/odom cloud_source=/saved_map mavros_connected=true
[offboard_waypoint_node-1] [INFO] [1786539773.380793544] [offboard_waypoint_node]: [CONTROL_ARBITER] selected_source=safety_hold state=IDLE_HOLD
[offboard_waypoint_node-1] [INFO] [1786539773.680831092] [offboard_waypoint_node]: [HOLD_ERROR] position_error=0.000 velocity=0.043 state=IDLE_HOLD
[super_planner_ros2_node-6] [INFO] [1786539773.931897231] [super_planner_ros2_node]: SUPER_ROS2 mode=IDLE enable_output=true reason=NO_GOAL odom=(0.05,-0.33,0.30) goal=none tracking_setpoint_enu=(0.05,-0.33,0.78) setpoint_ned=none yaw(desired/cmd/rate)=(0.00/0.00/0.00) cross_track=0.00 frame_id=px4_ned path_points=0 odom_source=/race/odom cloud_source=/saved_map mavros_connected=true
[fastlio_bridge_node-2] [INFO] [1786539774.083138584] [fastlio_bridge_node]: 已桥接并转换里程计: ENU(0.03, -0.34, 0.28) -> NED(-0.34, 0.03, -0.28)
[offboard_waypoint_node-1] [INFO] [1786539774.431715263] [offboard_waypoint_node]: [CONTROL_ARBITER] selected_source=safety_hold state=IDLE_HOLD
[offboard_waypoint_node-1] [INFO] [1786539774.485180029] [offboard_waypoint_node]: [EV_HEALTH] state=HEALTHY continuous_healthy=0.00s
[offboard_waypoint_node-1] [INFO] [1786539774.731065742] [offboard_waypoint_node]: [HOLD_ERROR] position_error=0.000 velocity=0.178 state=IDLE_HOLD
[super_planner_ros2_node-6] [INFO] [1786539774.981816450] [super_planner_ros2_node]: SUPER_ROS2 mode=IDLE enable_output=true reason=NO_GOAL odom=(-0.08,-0.39,0.28) goal=none tracking_setpoint_enu=(-0.08,-0.39,0.78) setpoint_ned=none yaw(desired/cmd/rate)=(0.00/0.00/0.00) cross_track=0.00 frame_id=px4_ned path_points=0 odom_source=/race/odom cloud_source=/saved_map mavros_connected=true
[offboard_waypoint_node-1] [INFO] [1786539775.480859244] [offboard_waypoint_node]: [CONTROL_ARBITER] selected_source=safety_hold state=IDLE_HOLD
[offboard_waypoint_node-1] [INFO] [1786539775.780612067] [offboard_waypoint_node]: [HOLD_ERROR] position_error=0.000 velocity=0.122 state=IDLE_HOLD
[super_planner_ros2_node-6] [INFO] [1786539775.981830652] [super_planner_ros2_node]: SUPER_ROS2 mode=IDLE enable_output=true reason=NO_GOAL odom=(-0.05,-0.42,0.32) goal=none tracking_setpoint_enu=(-0.05,-0.42,0.78) setpoint_ned=none yaw(desired/cmd/rate)=(0.00/0.00/0.00) cross_track=0.00 frame_id=px4_ned path_points=0 odom_source=/race/odom cloud_source=/saved_map mavros_connected=true
[fastlio_bridge_node-2] [INFO] [1786539776.082865830] [fastlio_bridge_node]: 已桥接并转换里程计: ENU(-0.04, -0.42, 0.31) -> NED(-0.42, -0.04, -0.31)
[offboard_waypoint_node-1] [INFO] [1786539776.530594460] [offboard_waypoint_node]: [CONTROL_ARBITER] selected_source=safety_hold state=IDLE_HOLD
[offboard_waypoint_node-1] [INFO] [1786539776.780681563] [offboard_waypoint_node]: [HOLD_ERROR] position_error=0.000 velocity=0.031 state=IDLE_HOLD
[super_planner_ros2_node-6] [INFO] [1786539777.032050982] [super_planner_ros2_node]: SUPER_ROS2 mode=IDLE enable_output=true reason=NO_GOAL odom=(0.01,-0.37,0.31) goal=none tracking_setpoint_enu=(0.01,-0.37,0.78) setpoint_ned=none yaw(desired/cmd/rate)=(0.00/0.00/0.00) cross_track=0.00 frame_id=px4_ned path_points=0 odom_source=/race/odom cloud_source=/saved_map mavros_connected=true
[offboard_waypoint_node-1] [INFO] [1786539777.581089736] [offboard_waypoint_node]: [CONTROL_ARBITER] selected_source=safety_hold state=IDLE_HOLD
[offboard_waypoint_node-1] [INFO] [1786539777.780788748] [offboard_waypoint_node]: [HOLD_ERROR] position_error=0.000 velocity=0.039 state=IDLE_HOLD
[super_planner_ros2_node-6] [INFO] [1786539778.084357548] [super_planner_ros2_node]: SUPER_ROS2 mode=IDLE enable_output=true reason=NO_GOAL odom=(0.04,-0.34,0.29) goal=none tracking_setpoint_enu=(0.04,-0.34,0.78) setpoint_ned=none yaw(desired/cmd/rate)=(0.00/0.00/0.00) cross_track=0.00 frame_id=px4_ned path_points=0 odom_source=/race/odom cloud_source=/saved_map mavros_connected=true
[fastlio_bridge_node-2] [INFO] [1786539778.088335709] [fastlio_bridge_node]: 已桥接并转换里程计: ENU(0.03, -0.34, 0.30) -> NED(-0.34, 0.03, -0.30)
[offboard_waypoint_node-1] [INFO] [1786539778.630585626] [offboard_waypoint_node]: [CONTROL_ARBITER] selected_source=safety_hold state=IDLE_HOLD
[offboard_waypoint_node-1] [INFO] [1786539778.830443727] [offboard_waypoint_node]: [HOLD_ERROR] position_error=0.000 velocity=0.116 state=IDLE_HOLD
[super_planner_ros2_node-6] [INFO] [1786539779.133787142] [super_planner_ros2_node]: SUPER_ROS2 mode=IDLE enable_output=true reason=NO_GOAL odom=(-0.09,-0.33,0.38) goal=none tracking_setpoint_enu=(-0.09,-0.33,0.78) setpoint_ned=none yaw(desired/cmd/rate)=(0.00/0.00/0.00) cross_track=0.00 frame_id=px4_ned path_points=0 odom_source=/race/odom cloud_source=/saved_map mavros_connected=true
[offboard_waypoint_node-1] [INFO] [1786539779.680412285] [offboard_waypoint_node]: [CONTROL_ARBITER] selected_source=safety_hold state=IDLE_HOLD
[offboard_waypoint_node-1] [INFO] [1786539779.880659677] [offboard_waypoint_node]: [HOLD_ERROR] position_error=0.000 velocity=0.100 state=IDLE_HOLD
[fastlio_bridge_node-2] [INFO] [1786539780.087215385] [fastlio_bridge_node]: 已桥接并转换里程计: ENU(-0.02, -0.30, 0.37) -> NED(-0.30, -0.02, -0.37)
[super_planner_ros2_node-6] [INFO] [1786539780.181521840] [super_planner_ros2_node]: SUPER_ROS2 mode=IDLE enable_output=true reason=NO_GOAL odom=(-0.02,-0.30,0.37) goal=none tracking_setpoint_enu=(-0.02,-0.30,0.78) setpoint_ned=none yaw(desired/cmd/rate)=(0.00/0.00/0.00) cross_track=0.00 frame_id=px4_ned path_points=0 odom_source=/race/odom cloud_source=/saved_map mavros_connected=true
[offboard_waypoint_node-1] [INFO] [1786539780.730596200] [offboard_waypoint_node]: [CONTROL_ARBITER] selected_source=safety_hold state=IDLE_HOLD
[offboard_waypoint_node-1] [INFO] [1786539780.930255555] [offboard_waypoint_node]: [HOLD_ERROR] position_error=0.000 velocity=0.188 state=IDLE_HOLD
[super_planner_ros2_node-6] [INFO] [1786539781.182258474] [super_planner_ros2_node]: SUPER_ROS2 mode=IDLE enable_output=true reason=NO_GOAL odom=(-0.09,-0.38,0.39) goal=none tracking_setpoint_enu=(-0.09,-0.38,0.78) setpoint_ned=none yaw(desired/cmd/rate)=(0.00/0.00/0.00) cross_track=0.00 frame_id=px4_ned path_points=0 odom_source=/race/odom cloud_source=/saved_map mavros_connected=true
[offboard_waypoint_node-1] [INFO] [1786539781.780264257] [offboard_waypoint_node]: [CONTROL_ARBITER] selected_source=safety_hold state=IDLE_HOLD
[offboard_waypoint_node-1] [INFO] [1786539781.930417844] [offboard_waypoint_node]: [HOLD_ERROR] position_error=0.000 velocity=0.138 state=IDLE_HOLD
[fastlio_bridge_node-2] [INFO] [1786539782.080715885] [fastlio_bridge_node]: 已桥接并转换里程计: ENU(-0.05, -0.35, 0.41) -> NED(-0.35, -0.05, -0.41)
[super_planner_ros2_node-6] [INFO] [1786539782.231406564] [super_planner_ros2_node]: SUPER_ROS2 mode=IDLE enable_output=true reason=NO_GOAL odom=(-0.04,-0.34,0.41) goal=none tracking_setpoint_enu=(-0.04,-0.34,0.78) setpoint_ned=none yaw(desired/cmd/rate)=(0.00/0.00/0.00) cross_track=0.00 frame_id=px4_ned path_points=0 odom_source=/race/odom cloud_source=/saved_map mavros_connected=true
[offboard_waypoint_node-1] [INFO] [1786539782.830438514] [offboard_waypoint_node]: [CONTROL_ARBITER] selected_source=safety_hold state=IDLE_HOLD
[offboard_waypoint_node-1] [INFO] [1786539782.930676881] [offboard_waypoint_node]: [HOLD_ERROR] position_error=0.000 velocity=0.119 state=IDLE_HOLD
[super_planner_ros2_node-6] [INFO] [1786539783.231935775] [super_planner_ros2_node]: SUPER_ROS2 mode=IDLE enable_output=true reason=NO_GOAL odom=(-0.01,-0.24,0.38) goal=none tracking_setpoint_enu=(-0.01,-0.24,0.78) setpoint_ned=none yaw(desired/cmd/rate)=(0.00/0.00/0.00) cross_track=0.00 frame_id=px4_ned path_points=0 odom_source=/race/odom cloud_source=/saved_map mavros_connected=true
[offboard_waypoint_node-1] [INFO] [1786539783.880461956] [offboard_waypoint_node]: [CONTROL_ARBITER] selected_source=safety_hold state=IDLE_HOLD
[offboard_waypoint_node-1] [INFO] [1786539783.980106991] [offboard_waypoint_node]: [HOLD_ERROR] position_error=0.000 velocity=0.089 state=IDLE_HOLD
[fastlio_bridge_node-2] [INFO] [1786539784.081759588] [fastlio_bridge_node]: 已桥接并转换里程计: ENU(0.00, -0.24, 0.34) -> NED(-0.24, 0.00, -0.34)
[super_planner_ros2_node-6] [INFO] [1786539784.281317882] [super_planner_ros2_node]: SUPER_ROS2 mode=IDLE enable_output=true reason=NO_GOAL odom=(-0.01,-0.25,0.33) goal=none tracking_setpoint_enu=(-0.01,-0.25,0.78) setpoint_ned=none yaw(desired/cmd/rate)=(0.00/0.00/0.00) cross_track=0.00 frame_id=px4_ned path_points=0 odom_source=/race/odom cloud_source=/saved_map mavros_connected=true
[offboard_waypoint_node-1] [INFO] [1786539784.930186430] [offboard_waypoint_node]: [CONTROL_ARBITER] selected_source=safety_hold state=IDLE_HOLD
[offboard_waypoint_node-1] [INFO] [1786539784.980122859] [offboard_waypoint_node]: [HOLD_ERROR] position_error=0.000 velocity=0.104 state=IDLE_HOLD
[super_planner_ros2_node-6] [INFO] [1786539785.331477351] [super_planner_ros2_node]: SUPER_ROS2 mode=IDLE enable_output=true reason=NO_GOAL odom=(-0.09,-0.34,0.28) goal=none tracking_setpoint_enu=(-0.09,-0.34,0.78) setpoint_ned=none yaw(desired/cmd/rate)=(0.00/0.00/0.00) cross_track=0.00 frame_id=px4_ned path_points=0 odom_source=/race/odom cloud_source=/saved_map mavros_connected=true
[offboard_waypoint_node-1] [INFO] [1786539785.980386652] [offboard_waypoint_node]: [HOLD_ERROR] position_error=0.000 velocity=0.063 state=IDLE_HOLD
[offboard_waypoint_node-1] [INFO] [1786539785.980702883] [offboard_waypoint_node]: [CONTROL_ARBITER] selected_source=safety_hold state=IDLE_HOLD
[fastlio_bridge_node-2] [INFO] [1786539786.092401979] [fastlio_bridge_node]: 已桥接并转换里程计: ENU(-0.05, -0.37, 0.32) -> NED(-0.37, -0.05, -0.32)
[super_planner_ros2_node-6] [INFO] [1786539786.381378671] [super_planner_ros2_node]: SUPER_ROS2 mode=IDLE enable_output=true reason=NO_GOAL odom=(-0.04,-0.37,0.33) goal=none tracking_setpoint_enu=(-0.04,-0.37,0.78) setpoint_ned=none yaw(desired/cmd/rate)=(0.00/0.00/0.00) cross_track=0.00 frame_id=px4_ned path_points=0 odom_source=/race/odom cloud_source=/saved_map mavros_connected=true
[offboard_waypoint_node-1] [INFO] [1786539787.030065478] [offboard_waypoint_node]: [HOLD_ERROR] position_error=0.000 velocity=0.038 state=IDLE_HOLD
[offboard_waypoint_node-1] [INFO] [1786539787.030320527] [offboard_waypoint_node]: [CONTROL_ARBITER] selected_source=safety_hold state=IDLE_HOLD
[super_planner_ros2_node-6] [INFO] [1786539787.381572984] [super_planner_ros2_node]: SUPER_ROS2 mode=IDLE enable_output=true reason=NO_GOAL odom=(0.04,-0.37,0.39) goal=none tracking_setpoint_enu=(0.04,-0.37,0.78) setpoint_ned=none yaw(desired/cmd/rate)=(0.00/0.00/0.00) cross_track=0.00 frame_id=px4_ned path_points=0 odom_source=/race/odom cloud_source=/saved_map mavros_connected=true
[offboard_waypoint_node-1] [INFO] [1786539788.080104512] [offboard_waypoint_node]: [HOLD_ERROR] position_error=0.000 velocity=0.160 state=IDLE_HOLD
[offboard_waypoint_node-1] [INFO] [1786539788.080332521] [offboard_waypoint_node]: [CONTROL_ARBITER] selected_source=safety_hold state=IDLE_HOLD
[fastlio_bridge_node-2] [INFO] [1786539788.083566741] [fastlio_bridge_node]: 已桥接并转换里程计: ENU(-0.03, -0.38, 0.37) -> NED(-0.38, -0.03, -0.37)
[super_planner_ros2_node-6] [INFO] [1786539788.385444719] [super_planner_ros2_node]: SUPER_ROS2 mode=IDLE enable_output=true reason=NO_GOAL odom=(-0.06,-0.37,0.37) goal=none tracking_setpoint_enu=(-0.06,-0.37,0.78) setpoint_ned=none yaw(desired/cmd/rate)=(0.00/0.00/0.00) cross_track=0.00 frame_id=px4_ned path_points=0 odom_source=/race/odom cloud_source=/saved_map mavros_connected=true
[offboard_waypoint_node-1] [INFO] [1786539789.129918112] [offboard_waypoint_node]: [HOLD_ERROR] position_error=0.000 velocity=0.115 state=IDLE_HOLD
[offboard_waypoint_node-1] [INFO] [1786539789.130134642] [offboard_waypoint_node]: [CONTROL_ARBITER] selected_source=safety_hold state=IDLE_HOLD
[super_planner_ros2_node-6] [INFO] [1786539789.432647188] [super_planner_ros2_node]: SUPER_ROS2 mode=IDLE enable_output=true reason=NO_GOAL odom=(0.02,-0.28,0.38) goal=none tracking_setpoint_enu=(0.02,-0.28,0.78) setpoint_ned=none yaw(desired/cmd/rate)=(0.00/0.00/0.00) cross_track=0.00 frame_id=px4_ned path_points=0 odom_source=/race/odom cloud_source=/saved_map mavros_connected=true
[fastlio_bridge_node-2] [INFO] [1786539790.092192221] [fastlio_bridge_node]: 已桥接并转换里程计: ENU(-0.05, -0.33, 0.40) -> NED(-0.33, -0.05, -0.40)
[offboard_waypoint_node-1] [INFO] [1786539790.130008196] [offboard_waypoint_node]: [HOLD_ERROR] position_error=0.000 velocity=0.119 state=IDLE_HOLD
[offboard_waypoint_node-1] [INFO] [1786539790.130204397] [offboard_waypoint_node]: [CONTROL_ARBITER] selected_source=safety_hold state=IDLE_HOLD
[super_planner_ros2_node-6] [INFO] [1786539790.480894778] [super_planner_ros2_node]: SUPER_ROS2 mode=IDLE enable_output=true reason=NO_GOAL odom=(-0.07,-0.34,0.40) goal=none tracking_setpoint_enu=(-0.07,-0.34,0.78) setpoint_ned=none yaw(desired/cmd/rate)=(0.00/0.00/0.00) cross_track=0.00 frame_id=px4_ned path_points=0 odom_source=/race/odom cloud_source=/saved_map mavros_connected=true
[offboard_waypoint_node-1] [INFO] [1786539791.179784974] [offboard_waypoint_node]: [HOLD_ERROR] position_error=0.000 velocity=0.141 state=IDLE_HOLD
[offboard_waypoint_node-1] [INFO] [1786539791.179927511] [offboard_waypoint_node]: [CONTROL_ARBITER] selected_source=safety_hold state=IDLE_HOLD
[super_planner_ros2_node-6] [INFO] [1786539791.530877970] [super_planner_ros2_node]: SUPER_ROS2 mode=IDLE enable_output=true reason=NO_GOAL odom=(-0.04,-0.36,0.40) goal=none tracking_setpoint_enu=(-0.04,-0.36,0.78) setpoint_ned=none yaw(desired/cmd/rate)=(0.00/0.00/0.00) cross_track=0.00 frame_id=px4_ned path_points=0 odom_source=/race/odom cloud_source=/saved_map mavros_connected=true
[fastlio_bridge_node-2] [INFO] [1786539792.085629094] [fastlio_bridge_node]: 已桥接并转换里程计: ENU(-0.05, -0.42, 0.42) -> NED(-0.42, -0.05, -0.42)
[offboard_waypoint_node-1] [INFO] [1786539792.229702310] [offboard_waypoint_node]: [HOLD_ERROR] position_error=0.000 velocity=0.129 state=IDLE_HOLD
[offboard_waypoint_node-1] [INFO] [1786539792.229843045] [offboard_waypoint_node]: [CONTROL_ARBITER] selected_source=safety_hold state=IDLE_HOLD
[super_planner_ros2_node-6] [INFO] [1786539792.531196558] [super_planner_ros2_node]: SUPER_ROS2 mode=IDLE enable_output=true reason=NO_GOAL odom=(-0.09,-0.46,0.45) goal=none tracking_setpoint_enu=(-0.09,-0.46,0.78) setpoint_ned=none yaw(desired/cmd/rate)=(0.00/0.00/0.00) cross_track=0.00 frame_id=px4_ned path_points=0 odom_source=/race/odom cloud_source=/saved_map mavros_connected=true
[offboard_waypoint_node-1] [INFO] [1786539793.230085748] [offboard_waypoint_node]: [HOLD_ERROR] position_error=0.000 velocity=0.181 state=IDLE_HOLD
[offboard_waypoint_node-1] [INFO] [1786539793.230528810] [offboard_waypoint_node]: [CONTROL_ARBITER] selected_source=safety_hold state=IDLE_HOLD
[super_planner_ros2_node-6] [INFO] [1786539793.531200348] [super_planner_ros2_node]: SUPER_ROS2 mode=IDLE enable_output=true reason=NO_GOAL odom=(-0.01,-0.43,0.52) goal=none tracking_setpoint_enu=(-0.01,-0.43,0.78) setpoint_ned=none yaw(desired/cmd/rate)=(0.00/0.00/0.00) cross_track=0.00 frame_id=px4_ned path_points=0 odom_source=/race/odom cloud_source=/saved_map mavros_connected=true
[fastlio_bridge_node-2] [INFO] [1786539794.084754403] [fastlio_bridge_node]: 已桥接并转换里程计: ENU(0.10, -0.37, 0.56) -> NED(-0.37, 0.10, -0.56)
[offboard_waypoint_node-1] [INFO] [1786539794.279552029] [offboard_waypoint_node]: [HOLD_ERROR] position_error=0.000 velocity=0.072 state=IDLE_HOLD
[offboard_waypoint_node-1] [INFO] [1786539794.279681906] [offboard_waypoint_node]: [CONTROL_ARBITER] selected_source=safety_hold state=IDLE_HOLD
[super_planner_ros2_node-6] [INFO] [1786539794.580679809] [super_planner_ros2_node]: SUPER_ROS2 mode=IDLE enable_output=true reason=NO_GOAL odom=(0.08,-0.37,0.58) goal=none tracking_setpoint_enu=(0.08,-0.37,0.78) setpoint_ned=none yaw(desired/cmd/rate)=(0.00/0.00/0.00) cross_track=0.00 frame_id=px4_ned path_points=0 odom_source=/race/odom cloud_source=/saved_map mavros_connected=true
[offboard_waypoint_node-1] [INFO] [1786539795.279737531] [offboard_waypoint_node]: [HOLD_ERROR] position_error=0.000 velocity=0.118 state=IDLE_HOLD
[offboard_waypoint_node-1] [INFO] [1786539795.279891069] [offboard_waypoint_node]: [CONTROL_ARBITER] selected_source=safety_hold state=IDLE_HOLD
[mapping_manager_node-5] [INFO] [1786539795.504322570] [mapping_manager_node]: Mapping status: in_flight=false, map_loaded=false, map_saved=false
[super_planner_ros2_node-6] [INFO] [1786539795.580906168] [super_planner_ros2_node]: SUPER_ROS2 mode=IDLE enable_output=true reason=NO_GOAL odom=(-0.06,-0.37,0.61) goal=none tracking_setpoint_enu=(-0.06,-0.37,0.78) setpoint_ned=none yaw(desired/cmd/rate)=(0.00/0.00/0.00) cross_track=0.00 frame_id=px4_ned path_points=0 odom_source=/race/odom cloud_source=/saved_map mavros_connected=true
[fastlio_bridge_node-2] [INFO] [1786539796.085988936] [fastlio_bridge_node]: 已桥接并转换里程计: ENU(-0.09, -0.38, 0.64) -> NED(-0.38, -0.09, -0.64)
[offboard_waypoint_node-1] [INFO] [1786539796.329491653] [offboard_waypoint_node]: [HOLD_ERROR] position_error=0.000 velocity=0.066 state=IDLE_HOLD
[offboard_waypoint_node-1] [INFO] [1786539796.329612982] [offboard_waypoint_node]: [CONTROL_ARBITER] selected_source=safety_hold state=IDLE_HOLD
[super_planner_ros2_node-6] [INFO] [1786539796.631042896] [super_planner_ros2_node]: SUPER_ROS2 mode=IDLE enable_output=true reason=NO_GOAL odom=(-0.07,-0.36,0.66) goal=none tracking_setpoint_enu=(-0.07,-0.36,0.78) setpoint_ned=none yaw(desired/cmd/rate)=(0.00/0.00/0.00) cross_track=0.00 frame_id=px4_ned path_points=0 odom_source=/race/odom cloud_source=/saved_map mavros_connected=true
[offboard_waypoint_node-1] [INFO] [1786539797.379584587] [offboard_waypoint_node]: [HOLD_ERROR] position_error=0.000 velocity=0.137 state=IDLE_HOLD
[offboard_waypoint_node-1] [INFO] [1786539797.379777324] [offboard_waypoint_node]: [CONTROL_ARBITER] selected_source=safety_hold state=IDLE_HOLD
[super_planner_ros2_node-6] [INFO] [1786539797.680736412] [super_planner_ros2_node]: SUPER_ROS2 mode=IDLE enable_output=true reason=NO_GOAL odom=(-0.20,-0.31,0.68) goal=none tracking_setpoint_enu=(-0.20,-0.31,0.78) setpoint_ned=none yaw(desired/cmd/rate)=(0.00/0.00/0.00) cross_track=0.00 frame_id=px4_ned path_points=0 odom_source=/race/odom cloud_source=/saved_map mavros_connected=true
[fastlio_bridge_node-2] [INFO] [1786539798.088177928] [fastlio_bridge_node]: 已桥接并转换里程计: ENU(-0.12, -0.25, 0.70) -> NED(-0.25, -0.12, -0.70)
[offboard_waypoint_node-1] [INFO] [1786539798.429293317] [offboard_waypoint_node]: [HOLD_ERROR] position_error=0.000 velocity=0.166 state=IDLE_HOLD
[offboard_waypoint_node-1] [INFO] [1786539798.429392283] [offboard_waypoint_node]: [CONTROL_ARBITER] selected_source=safety_hold state=IDLE_HOLD
[super_planner_ros2_node-6] [INFO] [1786539798.730540901] [super_planner_ros2_node]: SUPER_ROS2 mode=IDLE enable_output=true reason=NO_GOAL odom=(-0.01,-0.25,0.74) goal=none tracking_setpoint_enu=(-0.01,-0.25,0.78) setpoint_ned=none yaw(desired/cmd/rate)=(0.00/0.00/0.00) cross_track=0.00 frame_id=px4_ned path_points=0 odom_source=/race/odom cloud_source=/saved_map mavros_connected=true
[offboard_waypoint_node-1] [INFO] [1786539799.429607549] [offboard_waypoint_node]: [HOLD_ERROR] position_error=0.000 velocity=0.084 state=IDLE_HOLD
[offboard_waypoint_node-1] [INFO] [1786539799.429866918] [offboard_waypoint_node]: [CONTROL_ARBITER] selected_source=safety_hold state=IDLE_HOLD
[super_planner_ros2_node-6] [INFO] [1786539799.780432979] [super_planner_ros2_node]: SUPER_ROS2 mode=IDLE enable_output=true reason=NO_GOAL odom=(0.04,-0.35,0.78) goal=none tracking_setpoint_enu=(0.04,-0.35,0.78) setpoint_ned=none yaw(desired/cmd/rate)=(0.00/0.00/0.00) cross_track=0.00 frame_id=px4_ned path_points=0 odom_source=/race/odom cloud_source=/saved_map mavros_connected=true
[fastlio_bridge_node-2] [INFO] [1786539800.082412104] [fastlio_bridge_node]: 已桥接并转换里程计: ENU(0.04, -0.34, 0.79) -> NED(-0.34, 0.04, -0.79)
[offboard_waypoint_node-1] [INFO] [1786539800.479225031] [offboard_waypoint_node]: [HOLD_ERROR] position_error=0.000 velocity=0.066 state=IDLE_HOLD
[offboard_waypoint_node-1] [INFO] [1786539800.479355139] [offboard_waypoint_node]: [CONTROL_ARBITER] selected_source=safety_hold state=IDLE_HOLD
[super_planner_ros2_node-6] [INFO] [1786539800.780839157] [super_planner_ros2_node]: SUPER_ROS2 mode=IDLE enable_output=true reason=NO_GOAL odom=(-0.00,-0.32,0.80) goal=none tracking_setpoint_enu=(-0.00,-0.32,0.78) setpoint_ned=none yaw(desired/cmd/rate)=(0.00/0.00/0.00) cross_track=0.00 frame_id=px4_ned path_points=0 odom_source=/race/odom cloud_source=/saved_map mavros_connected=true
[offboard_waypoint_node-1] [WARN] [1786539801.429087772] [offboard_waypoint_node]: [HOLD_POSITION] x=-0.307 y=-0.039 z=-0.849 yaw=-3.093 reason=manual handover accepted
[offboard_waypoint_node-1] [WARN] [1786539801.429164583] [offboard_waypoint_node]: [MANUAL_HANDOVER_ACCEPTED] current NED=(-0.307,-0.039,-0.849)
[offboard_waypoint_node-1] [INFO] [1786539801.479542012] [offboard_waypoint_node]: [HOLD_ERROR] position_error=0.004 velocity=0.106 state=IDLE_HOLD
[offboard_waypoint_node-1] [INFO] [1786539801.479930097] [offboard_waypoint_node]: [CONTROL_ARBITER] selected_source=safety_hold state=IDLE_HOLD
[super_planner_ros2_node-6] [INFO] [1786539801.830746486] [super_planner_ros2_node]: SUPER_ROS2 mode=IDLE enable_output=true reason=NO_GOAL odom=(-0.09,-0.29,0.79) goal=none tracking_setpoint_enu=(-0.09,-0.29,0.78) setpoint_ned=none yaw(desired/cmd/rate)=(0.00/0.00/0.00) cross_track=0.00 frame_id=px4_ned path_points=0 odom_source=/race/odom cloud_source=/saved_map mavros_connected=true
[fastlio_bridge_node-2] [INFO] [1786539802.088003003] [fastlio_bridge_node]: 已桥接并转换里程计: ENU(-0.12, -0.29, 0.78) -> NED(-0.29, -0.12, -0.78)
[offboard_waypoint_node-1] [INFO] [1786539802.529328988] [offboard_waypoint_node]: [HOLD_ERROR] position_error=0.064 velocity=0.131 state=IDLE_HOLD
[offboard_waypoint_node-1] [INFO] [1786539802.529589289] [offboard_waypoint_node]: [CONTROL_ARBITER] selected_source=safety_hold state=IDLE_HOLD
[super_planner_ros2_node-6] [INFO] [1786539802.880283992] [super_planner_ros2_node]: SUPER_ROS2 mode=IDLE enable_output=true reason=NO_GOAL odom=(-0.05,-0.28,0.78) goal=none tracking_setpoint_enu=(-0.05,-0.28,0.78) setpoint_ned=none yaw(desired/cmd/rate)=(0.00/0.00/0.00) cross_track=0.00 frame_id=px4_ned path_points=0 odom_source=/race/odom cloud_source=/saved_map mavros_connected=true
[offboard_waypoint_node-1] [INFO] [1786539803.529348419] [offboard_waypoint_node]: [HOLD_ERROR] position_error=0.079 velocity=0.102 state=IDLE_HOLD
[offboard_waypoint_node-1] [INFO] [1786539803.529603515] [offboard_waypoint_node]: [CONTROL_ARBITER] selected_source=safety_hold state=IDLE_HOLD
[super_planner_ros2_node-6] [INFO] [1786539803.880488843] [super_planner_ros2_node]: SUPER_ROS2 mode=IDLE enable_output=true reason=NO_GOAL odom=(-0.00,-0.37,0.78) goal=none tracking_setpoint_enu=(-0.00,-0.37,0.78) setpoint_ned=none yaw(desired/cmd/rate)=(0.00/0.00/0.00) cross_track=0.00 frame_id=px4_ned path_points=0 odom_source=/race/odom cloud_source=/saved_map mavros_connected=true
[fastlio_bridge_node-2] [INFO] [1786539804.086504833] [fastlio_bridge_node]: 已桥接并转换里程计: ENU(-0.04, -0.40, 0.78) -> NED(-0.40, -0.04, -0.78)
[offboard_waypoint_node-1] [INFO] [1786539804.579057160] [offboard_waypoint_node]: [HOLD_ERROR] position_error=0.145 velocity=0.103 state=IDLE_HOLD
[offboard_waypoint_node-1] [INFO] [1786539804.579201580] [offboard_waypoint_node]: [CONTROL_ARBITER] selected_source=safety_hold state=IDLE_HOLD
[super_planner_ros2_node-6] [INFO] [1786539804.930359499] [super_planner_ros2_node]: SUPER_ROS2 mode=IDLE enable_output=true reason=NO_GOAL odom=(-0.12,-0.43,0.76) goal=none tracking_setpoint_enu=(-0.12,-0.43,0.78) setpoint_ned=none yaw(desired/cmd/rate)=(0.00/0.00/0.00) cross_track=0.00 frame_id=px4_ned path_points=0 odom_source=/race/odom cloud_source=/saved_map mavros_connected=true
[offboard_waypoint_node-1] [INFO] [1786539805.579115812] [offboard_waypoint_node]: [HOLD_ERROR] position_error=0.132 velocity=0.050 state=IDLE_HOLD
[offboard_waypoint_node-1] [INFO] [1786539805.579292550] [offboard_waypoint_node]: [CONTROL_ARBITER] selected_source=safety_hold state=IDLE_HOLD
[super_planner_ros2_node-6] [INFO] [1786539805.980429173] [super_planner_ros2_node]: SUPER_ROS2 mode=IDLE enable_output=true reason=NO_GOAL odom=(-0.09,-0.40,0.75) goal=none tracking_setpoint_enu=(-0.09,-0.40,0.78) setpoint_ned=none yaw(desired/cmd/rate)=(0.00/0.00/0.00) cross_track=0.00 frame_id=px4_ned path_points=0 odom_source=/race/odom cloud_source=/saved_map mavros_connected=true
[fastlio_bridge_node-2] [INFO] [1786539806.087101433] [fastlio_bridge_node]: 已桥接并转换里程计: ENU(-0.09, -0.38, 0.75) -> NED(-0.38, -0.09, -0.75)
[offboard_waypoint_node-1] [INFO] [1786539806.579292879] [offboard_waypoint_node]: [HOLD_ERROR] position_error=0.085 velocity=0.157 state=IDLE_HOLD
[offboard_waypoint_node-1] [INFO] [1786539806.579797712] [offboard_waypoint_node]: [CONTROL_ARBITER] selected_source=safety_hold state=IDLE_HOLD
[super_planner_ros2_node-6] [INFO] [1786539807.030075508] [super_planner_ros2_node]: SUPER_ROS2 mode=IDLE enable_output=true reason=NO_GOAL odom=(-0.13,-0.26,0.73) goal=none tracking_setpoint_enu=(-0.13,-0.26,0.78) setpoint_ned=none yaw(desired/cmd/rate)=(0.00/0.00/0.00) cross_track=0.00 frame_id=px4_ned path_points=0 odom_source=/race/odom cloud_source=/saved_map mavros_connected=true
[offboard_waypoint_node-1] [INFO] [1786539807.628947901] [offboard_waypoint_node]: [HOLD_ERROR] position_error=0.130 velocity=0.020 state=IDLE_HOLD
[offboard_waypoint_node-1] [INFO] [1786539807.629142343] [offboard_waypoint_node]: [CONTROL_ARBITER] selected_source=safety_hold state=IDLE_HOLD
[super_planner_ros2_node-6] [INFO] [1786539808.079992704] [super_planner_ros2_node]: SUPER_ROS2 mode=IDLE enable_output=true reason=NO_GOAL odom=(-0.13,-0.24,0.77) goal=none tracking_setpoint_enu=(-0.13,-0.24,0.78) setpoint_ned=none yaw(desired/cmd/rate)=(0.00/0.00/0.00) cross_track=0.00 frame_id=px4_ned path_points=0 odom_source=/race/odom cloud_source=/saved_map mavros_connected=true
[fastlio_bridge_node-2] [INFO] [1786539808.081197053] [fastlio_bridge_node]: 已桥接并转换里程计: ENU(-0.14, -0.23, 0.78) -> NED(-0.23, -0.14, -0.78)
[offboard_waypoint_node-1] [INFO] [1786539808.679133508] [offboard_waypoint_node]: [HOLD_ERROR] position_error=0.127 velocity=0.078 state=IDLE_HOLD
[offboard_waypoint_node-1] [INFO] [1786539808.679559386] [offboard_waypoint_node]: [CONTROL_ARBITER] selected_source=safety_hold state=IDLE_HOLD
[super_planner_ros2_node-6] [INFO] [1786539809.129902029] [super_planner_ros2_node]: SUPER_ROS2 mode=IDLE enable_output=true reason=NO_GOAL odom=(-0.14,-0.28,0.75) goal=none tracking_setpoint_enu=(-0.14,-0.28,0.78) setpoint_ned=none yaw(desired/cmd/rate)=(0.00/0.00/0.00) cross_track=0.00 frame_id=px4_ned path_points=0 odom_source=/race/odom cloud_source=/saved_map mavros_connected=true
[offboard_waypoint_node-1] [INFO] [1786539809.729059411] [offboard_waypoint_node]: [HOLD_ERROR] position_error=0.097 velocity=0.036 state=IDLE_HOLD
[offboard_waypoint_node-1] [INFO] [1786539809.729305015] [offboard_waypoint_node]: [CONTROL_ARBITER] selected_source=safety_hold state=IDLE_HOLD
[fastlio_bridge_node-2] [INFO] [1786539810.083075395] [fastlio_bridge_node]: 已桥接并转换里程计: ENU(-0.09, -0.30, 0.75) -> NED(-0.30, -0.09, -0.75)
[super_planner_ros2_node-6] [INFO] [1786539810.129983945] [super_planner_ros2_node]: SUPER_ROS2 mode=IDLE enable_output=true reason=NO_GOAL odom=(-0.09,-0.30,0.75) goal=none tracking_setpoint_enu=(-0.09,-0.30,0.78) setpoint_ned=none yaw(desired/cmd/rate)=(0.00/0.00/0.00) cross_track=0.00 frame_id=px4_ned path_points=0 odom_source=/race/odom cloud_source=/saved_map mavros_connected=true
[offboard_waypoint_node-1] [INFO] [1786539810.779003279] [offboard_waypoint_node]: [HOLD_ERROR] position_error=0.073 velocity=0.155 state=IDLE_HOLD
[offboard_waypoint_node-1] [INFO] [1786539810.779302121] [offboard_waypoint_node]: [CONTROL_ARBITER] selected_source=safety_hold state=IDLE_HOLD
[super_planner_ros2_node-6] [INFO] [1786539811.180505127] [super_planner_ros2_node]: SUPER_ROS2 mode=IDLE enable_output=true reason=NO_GOAL odom=(0.03,-0.30,0.75) goal=none tracking_setpoint_enu=(0.03,-0.30,0.78) setpoint_ned=none yaw(desired/cmd/rate)=(0.00/0.00/0.00) cross_track=0.00 frame_id=px4_ned path_points=0 odom_source=/race/odom cloud_source=/saved_map mavros_connected=true
[offboard_waypoint_node-1] [INFO] [1786539811.828607691] [offboard_waypoint_node]: [HOLD_ERROR] position_error=0.104 velocity=0.059 state=IDLE_HOLD
[offboard_waypoint_node-1] [INFO] [1786539811.828741130] [offboard_waypoint_node]: [CONTROL_ARBITER] selected_source=safety_hold state=IDLE_HOLD
[super_planner_ros2_node-6] [INFO] [1786539812.229778645] [super_planner_ros2_node]: SUPER_ROS2 mode=IDLE enable_output=true reason=NO_GOAL odom=(0.03,-0.27,0.75) goal=none tracking_setpoint_enu=(0.03,-0.27,0.78) setpoint_ned=none yaw(desired/cmd/rate)=(0.00/0.00/0.00) cross_track=0.00 frame_id=px4_ned path_points=0 odom_source=/race/odom cloud_source=/saved_map mavros_connected=true
[offboard_waypoint_node-1] [INFO] [1786539812.878576680] [offboard_waypoint_node]: [HOLD_ERROR] position_error=0.182 velocity=0.096 state=IDLE_HOLD
[offboard_waypoint_node-1] [INFO] [1786539812.878690193] [offboard_waypoint_node]: [CONTROL_ARBITER] selected_source=safety_hold state=IDLE_HOLD
[super_planner_ros2_node-6] [INFO] [1786539813.229779621] [super_planner_ros2_node]: SUPER_ROS2 mode=IDLE enable_output=true reason=NO_GOAL odom=(0.07,-0.13,0.74) goal=none tracking_setpoint_enu=(0.07,-0.13,0.78) setpoint_ned=none yaw(desired/cmd/rate)=(0.00/0.00/0.00) cross_track=0.00 frame_id=px4_ned path_points=0 odom_source=/race/odom cloud_source=/saved_map mavros_connected=true
[rviz2-7] [INFO] [1786539813.651654671] [rviz2]: Setting goal pose: Frame:map, Position(0.166763, -1.61568, 0), Orientation(0, 0, -0.125394, 0.992107) = Angle: -0.25145
[super_planner_ros2_node-6] [INFO] [1786539813.652041837] [super_planner_ros2_node]: Received goal id=1 ENU/map=(0.17, -1.62, 0.78)
[offboard_waypoint_node-1] [INFO] [1786539813.652229066] [offboard_waypoint_node]: [OFFBOARD_NEW_GOAL_RESET] old safety latch cleared; waiting for a fresh validated EGO trajectory
[offboard_waypoint_node-1] [WARN] [1786539813.652286707] [offboard_waypoint_node]: [CONTROL_STATE] IDLE_HOLD -> PLANNING: new final goal received
[offboard_waypoint_node-1] [INFO] [1786539813.652298871] [offboard_waypoint_node]: Active final goal id=1 NED=(-1.616,0.167)
[offboard_waypoint_node-1] [ERROR] [1786539813.678732717] [offboard_waypoint_node]: [STALE_TRAJECTORY] trajectory age=1786539813.679 status=
[offboard_waypoint_node-1] [WARN] [1786539813.679162505] [offboard_waypoint_node]: [HOLD_POSITION] x=-0.171 y=0.069 z=-0.785 yaw=-3.109 reason=awaiting EGO replan
[offboard_waypoint_node-1] [WARN] [1786539813.679239065] [offboard_waypoint_node]: [CONTROL_STATE] PLANNING -> BRAKING: awaiting EGO replan
[super_planner_ros2_node-6] [INFO] [1786539813.680417773] [super_planner_ros2_node]: [FINAL_GOAL_CHECK] global_goal_id=1 distance_to_final=1.466 speed=0.115 confirm=0/10 final_goal_reached=false
[super_planner_ros2_node-6] [INFO] [1786539813.680544601] [super_planner_ros2_node]: [SUPER_GOAL_SELECTION] mode=LOCAL_DISTANCE_LIMIT final_goal=(0.167,-1.616,0.780) planning_goal=(0.167,-1.616,0.780) distance=1.466 clipped=false
[offboard_waypoint_node-1] [WARN] [1786539813.880553761] [offboard_waypoint_node]: [HOLD_POSITION] x=-0.198 y=0.056 z=-0.785 yaw=-3.114 reason=vehicle stopped after braking
[offboard_waypoint_node-1] [WARN] [1786539813.880642068] [offboard_waypoint_node]: [CONTROL_STATE] BRAKING -> PLANNER_FAILURE_HOLD: vehicle stopped
[offboard_waypoint_node-1] [INFO] [1786539813.880718687] [offboard_waypoint_node]: [HOLD_ERROR] position_error=0.005 velocity=0.179 state=PLANNER_FAILURE_HOLD
[offboard_waypoint_node-1] [INFO] [1786539813.880800965] [offboard_waypoint_node]: [CONTROL_ARBITER] selected_source=safety_braking state=PLANNER_FAILURE_HOLD
[super_planner_ros2_node-6] [INFO] [1786539813.892751027] [super_planner_ros2_node]: [SUPER_CONTINUOUS_PATH_CHECK] source=RAW_ASTAR min_clearance=0.922 required_clearance=0.290 valid=true
[super_planner_ros2_node-6] [INFO] [1786539813.893342491] [super_planner_ros2_node]: [SUPER_ASTAR_VISIBILITY_SIMPLIFY] raw_points=30 simplified_points=30 raw_length=1.501 simplified_length=1.501 minimum_clearance=0.922 accepted=false clearance_preserved=true reason=DISABLED
[super_planner_ros2_node-6] [WARN] [1786539813.893370154] [super_planner_ros2_node]: [SUPER_SMOOTHED_PATH_REJECT] reason=SMOOTHING_VALIDATION no_smoothed_candidate=true (smoothing produced no path; raw path is used unchanged)
[super_planner_ros2_node-6] [WARN] [1786539813.893381500] [super_planner_ros2_node]: [SUPER_PATH_FALLBACK] source=RAW_ASTAR raw_points=30 goal_id=1
[super_planner_ros2_node-6] [INFO] [1786539813.893791677] [super_planner_ros2_node]: [CLEARANCE_PRESERVATION_POLICY] raw_global_min=0.922485311 smoothed_global_min=nan global_clearance_loss=nan local_comparison_method=NORMALIZED_ARC_PROGRESS_0.02M local_maximum_loss=0.000000000 numeric_tolerance=0.000001000
[super_planner_ros2_node-6] [INFO] [1786539813.893807006] [super_planner_ros2_node]: [PATH_TOPOLOGY_GUARD] raw_obstacle_side=BASELINE smoothed_obstacle_side=CONTINUOUS_DEFORMATION same_homotopy=true
[super_planner_ros2_node-6] [INFO] [1786539813.893813310] [super_planner_ros2_node]: [SUPER_PATH_SELECTION] candidate_smoothing_generated=false candidate_smoothing_safe=false clearance_preserved=true accepted_updates=0 accepted_iterations=0 selected=RAW fallback_reason=NO_CLEARANCE_PRESERVING_UPDATE
[super_planner_ros2_node-6] [INFO] [1786539813.895408919] [super_planner_ros2_node]: [FINAL_SELECTED_PATH_VALIDATION] selected_type=RAW min_clearance=0.922485311 inflated_collision=false continuous_clearance_pass=true finite=true maximum_segment_length=0.071977
[super_planner_ros2_node-6] [INFO] [1786539813.895548594] [super_planner_ros2_node]: path_pipeline raw=30 shortcut=30 smoothed=0 smoothing=fallback_raw_astar
[super_planner_ros2_node-6] [INFO] [1786539813.896326774] [super_planner_ros2_node]: [SUPER_GLOBAL_PATH_COMPLETE] goal_id=1 raw_endpoint=(0.167,-1.616,0.780) published_endpoint=(0.167,-1.616,0.780) final_goal=(0.167,-1.616,0.780) endpoint_error=0.000000
[super_planner_ros2_node-6] [INFO] [1786539813.903745110] [super_planner_ros2_node]: [PATH_PROGRESS] plan_id=1 vehicle_position=(0.072,-0.153) closest_index=0 previous_progress_index=0 selected_progress_index=0 lookahead_index=6 lookahead_arc_distance=0.300 navigation_setpoint=(0.075,-0.453) setpoint_clearance=1.151 control_mode=FOLLOWING
[offboard_waypoint_node-1] [INFO] [1786539813.904022727] [offboard_waypoint_node]: [OFFBOARD_TAKEOFF_IGNORED] state=4 reason=navigation_setpoint; preserve current flight transaction
[offboard_waypoint_node-1] [INFO] [1786539813.904091962] [offboard_waypoint_node]: Navigation setpoint NED=(-0.46, 0.08, -0.78) yaw=-3.10 yaw_rate=-0.13
[offboard_waypoint_node-1] [WARN] [1786539813.928441341] [offboard_waypoint_node]: [CONTROL_STATE] PLANNER_FAILURE_HOLD -> TRACKING: fresh validated trajectory
[fastlio_bridge_node-2] [INFO] [1786539814.085298242] [fastlio_bridge_node]: 已桥接并转换里程计: ENU(0.05, -0.21, 0.72) -> NED(-0.21, 0.05, -0.72)
[super_planner_ros2_node-6] [INFO] [1786539814.129761704] [super_planner_ros2_node]: [PATH_PROGRESS] plan_id=1 vehicle_position=(0.046,-0.213) closest_index=0 previous_progress_index=0 selected_progress_index=0 lookahead_index=7 lookahead_arc_distance=0.300 navigation_setpoint=(0.075,-0.512) setpoint_clearance=1.179 control_mode=FOLLOWING
[super_planner_ros2_node-6] [INFO] [1786539814.229572350] [super_planner_ros2_node]: [FINAL_GOAL_CHECK] global_goal_id=1 distance_to_final=1.399 speed=0.121 confirm=0/10 final_goal_reached=false
[super_planner_ros2_node-6] [INFO] [1786539814.230230624] [super_planner_ros2_node]: SUPER_ROS2 mode=FOLLOWING enable_output=true reason=NAVIGATION_SETPOINT_PUBLISHED odom=(0.04,-0.22,0.71) goal=set tracking_setpoint_enu=(0.07,-0.52,0.78) setpoint_ned=(-0.52,0.07,-0.78) yaw(desired/cmd/rate)=(3.14/-3.13/-0.05) cross_track=0.04 frame_id=px4_ned path_points=30 odom_source=/race/odom cloud_source=/saved_map mavros_connected=true
[super_planner_ros2_node-6] [INFO] [1786539814.330000987] [super_planner_ros2_node]: [PATH_PROGRESS] plan_id=1 vehicle_position=(0.034,-0.230) closest_index=1 previous_progress_index=0 selected_progress_index=1 lookahead_index=8 lookahead_arc_distance=0.300 navigation_setpoint=(0.075,-0.530) setpoint_clearance=1.188 control_mode=FOLLOWING
[super_planner_ros2_node-6] [INFO] [1786539814.580649833] [super_planner_ros2_node]: [PATH_PROGRESS] plan_id=1 vehicle_position=(0.031,-0.260) closest_index=1 previous_progress_index=1 selected_progress_index=1 lookahead_index=8 lookahead_arc_distance=0.300 navigation_setpoint=(0.075,-0.560) setpoint_clearance=1.204 control_mode=FOLLOWING
[super_planner_ros2_node-6] [INFO] [1786539814.729688530] [super_planner_ros2_node]: [FINAL_GOAL_CHECK] global_goal_id=1 distance_to_final=1.323 speed=0.192 confirm=0/10 final_goal_reached=false
[super_planner_ros2_node-6] [INFO] [1786539814.781032888] [super_planner_ros2_node]: [PATH_PROGRESS] plan_id=1 vehicle_position=(0.029,-0.300) closest_index=2 previous_progress_index=2 selected_progress_index=2 lookahead_index=9 lookahead_arc_distance=0.300 navigation_setpoint=(0.075,-0.600) setpoint_clearance=1.226 control_mode=FOLLOWING
[offboard_waypoint_node-1] [INFO] [1786539814.929876996] [offboard_waypoint_node]: [CONTROL_ARBITER] selected_source=super state=TRACKING
[offboard_waypoint_node-1] [INFO] [1786539814.931549596] [offboard_waypoint_node]: [OFFBOARD_TAKEOFF_IGNORED] state=4 reason=navigation_setpoint; preserve current flight transaction
[offboard_waypoint_node-1] [INFO] [1786539814.931828287] [offboard_waypoint_node]: Navigation setpoint NED=(-0.64, 0.08, -0.78) yaw=-3.14 yaw_rate=-0.01
[super_planner_ros2_node-6] [INFO] [1786539814.994403165] [super_planner_ros2_node]: [PATH_PROGRESS] plan_id=1 vehicle_position=(0.021,-0.336) closest_index=3 previous_progress_index=3 selected_progress_index=3 lookahead_index=10 lookahead_arc_distance=0.300 navigation_setpoint=(0.075,-0.636) setpoint_clearance=1.246 control_mode=FOLLOWING
[super_planner_ros2_node-6] [INFO] [1786539815.229798907] [super_planner_ros2_node]: [PATH_PROGRESS] plan_id=1 vehicle_position=(0.028,-0.389) closest_index=4 previous_progress_index=3 selected_progress_index=4 lookahead_index=11 lookahead_arc_distance=0.300 navigation_setpoint=(0.075,-0.689) setpoint_clearance=1.277 control_mode=FOLLOWING
[super_planner_ros2_node-6] [INFO] [1786539815.279520258] [super_planner_ros2_node]: [FINAL_GOAL_CHECK] global_goal_id=1 distance_to_final=1.234 speed=0.185 confirm=0/10 final_goal_reached=false
[super_planner_ros2_node-6] [INFO] [1786539815.279932321] [super_planner_ros2_node]: SUPER_ROS2 mode=FOLLOWING enable_output=true reason=NAVIGATION_SETPOINT_PUBLISHED odom=(0.03,-0.39,0.69) goal=set tracking_setpoint_enu=(0.07,-0.69,0.78) setpoint_ned=(-0.69,0.07,-0.78) yaw(desired/cmd/rate)=(3.14/-3.14/-0.00) cross_track=0.05 frame_id=px4_ned path_points=30 odom_source=/race/odom cloud_source=/saved_map mavros_connected=true
[super_planner_ros2_node-6] [INFO] [1786539815.479667880] [super_planner_ros2_node]: [PATH_PROGRESS] plan_id=1 vehicle_position=(0.031,-0.430) closest_index=5 previous_progress_index=5 selected_progress_index=5 lookahead_index=12 lookahead_arc_distance=0.300 navigation_setpoint=(0.075,-0.730) setpoint_clearance=1.302 control_mode=FOLLOWING
[super_planner_ros2_node-6] [INFO] [1786539815.680516646] [super_planner_ros2_node]: [PATH_PROGRESS] plan_id=1 vehicle_position=(0.026,-0.477) closest_index=6 previous_progress_index=6 selected_progress_index=6 lookahead_index=13 lookahead_arc_distance=0.300 navigation_setpoint=(0.075,-0.777) setpoint_clearance=1.330 control_mode=FOLLOWING
[super_planner_ros2_node-6] [INFO] [1786539815.829790296] [super_planner_ros2_node]: [FINAL_GOAL_CHECK] global_goal_id=1 distance_to_final=1.098 speed=0.259 confirm=0/10 final_goal_reached=false
[super_planner_ros2_node-6] [INFO] [1786539815.929670137] [super_planner_ros2_node]: [PATH_PROGRESS] plan_id=1 vehicle_position=(0.008,-0.555) closest_index=7 previous_progress_index=7 selected_progress_index=7 lookahead_index=14 lookahead_arc_distance=0.300 navigation_setpoint=(0.075,-0.855) setpoint_clearance=1.375 control_mode=FOLLOWING
[offboard_waypoint_node-1] [INFO] [1786539815.978464761] [offboard_waypoint_node]: [CONTROL_ARBITER] selected_source=super state=TRACKING
[offboard_waypoint_node-1] [INFO] [1786539815.980178932] [offboard_waypoint_node]: [OFFBOARD_TAKEOFF_IGNORED] state=4 reason=navigation_setpoint; preserve current flight transaction
[offboard_waypoint_node-1] [INFO] [1786539815.980252513] [offboard_waypoint_node]: Navigation setpoint NED=(-0.86, 0.08, -0.78) yaw=-3.14 yaw_rate=-0.00
[fastlio_bridge_node-2] [INFO] [1786539816.081979798] [fastlio_bridge_node]: 已桥接并转换里程计: ENU(-0.00, -0.60, 0.64) -> NED(-0.60, -0.00, -0.64)
[super_planner_ros2_node-6] [INFO] [1786539816.129795687] [super_planner_ros2_node]: [PATH_PROGRESS] plan_id=1 vehicle_position=(-0.003,-0.600) closest_index=8 previous_progress_index=8 selected_progress_index=8 lookahead_index=15 lookahead_arc_distance=0.300 navigation_setpoint=(0.075,-0.900) setpoint_clearance=1.397 control_mode=FOLLOWING
[super_planner_ros2_node-6] [INFO] [1786539816.329635549] [super_planner_ros2_node]: SUPER_ROS2 mode=FOLLOWING enable_output=true reason=NAVIGATION_SETPOINT_PUBLISHED odom=(-0.01,-0.65,0.65) goal=set tracking_setpoint_enu=(0.07,-0.95,0.78) setpoint_ned=(-0.95,0.07,-0.78) yaw(desired/cmd/rate)=(3.14/-3.14/-0.00) cross_track=0.09 frame_id=px4_ned path_points=30 odom_source=/race/odom cloud_source=/saved_map mavros_connected=true
[super_planner_ros2_node-6] [INFO] [1786539816.379583518] [super_planner_ros2_node]: [FINAL_GOAL_CHECK] global_goal_id=1 distance_to_final=0.984 speed=0.247 confirm=0/10 final_goal_reached=false
[super_planner_ros2_node-6] [INFO] [1786539816.380732999] [super_planner_ros2_node]: [PATH_PROGRESS] plan_id=1 vehicle_position=(-0.014,-0.649) closest_index=9 previous_progress_index=9 selected_progress_index=9 lookahead_index=16 lookahead_arc_distance=0.300 navigation_setpoint=(0.075,-0.949) setpoint_clearance=1.368 control_mode=FOLLOWING
[super_planner_ros2_node-6] [INFO] [1786539816.634995809] [super_planner_ros2_node]: [PATH_PROGRESS] plan_id=1 vehicle_position=(-0.013,-0.732) closest_index=11 previous_progress_index=10 selected_progress_index=11 lookahead_index=18 lookahead_arc_distance=0.300 navigation_setpoint=(0.075,-1.032) setpoint_clearance=1.320 control_mode=FOLLOWING
[super_planner_ros2_node-6] [INFO] [1786539816.879677767] [super_planner_ros2_node]: [PATH_PROGRESS] plan_id=1 vehicle_position=(0.001,-0.791) closest_index=12 previous_progress_index=12 selected_progress_index=12 lookahead_index=19 lookahead_arc_distance=0.300 navigation_setpoint=(0.075,-1.091) setpoint_clearance=1.288 control_mode=FOLLOWING
[super_planner_ros2_node-6] [INFO] [1786539816.929552457] [super_planner_ros2_node]: [FINAL_GOAL_CHECK] global_goal_id=1 distance_to_final=0.809 speed=0.347 confirm=0/10 final_goal_reached=false
[offboard_waypoint_node-1] [INFO] [1786539816.978618760] [offboard_waypoint_node]: [CONTROL_ARBITER] selected_source=super state=TRACKING
[offboard_waypoint_node-1] [INFO] [1786539817.029792245] [offboard_waypoint_node]: [OFFBOARD_TAKEOFF_IGNORED] state=4 reason=navigation_setpoint; preserve current flight transaction
[offboard_waypoint_node-1] [INFO] [1786539817.029888726] [offboard_waypoint_node]: Navigation setpoint NED=(-1.17, 0.08, -0.78) yaw=3.10 yaw_rate=-0.21
[super_planner_ros2_node-6] [INFO] [1786539817.129666352] [super_planner_ros2_node]: [PATH_PROGRESS] plan_id=1 vehicle_position=(0.019,-0.899) closest_index=14 previous_progress_index=13 selected_progress_index=14 lookahead_index=21 lookahead_arc_distance=0.300 navigation_setpoint=(0.075,-1.199) setpoint_clearance=1.226 control_mode=FOLLOWING
[super_planner_ros2_node-6] [INFO] [1786539817.380286703] [super_planner_ros2_node]: [PATH_PROGRESS] plan_id=1 vehicle_position=(0.029,-0.980) closest_index=16 previous_progress_index=16 selected_progress_index=16 lookahead_index=23 lookahead_arc_distance=0.300 navigation_setpoint=(0.075,-1.280) setpoint_clearance=1.175 control_mode=FOLLOWING
[super_planner_ros2_node-6] [INFO] [1786539817.380874302] [super_planner_ros2_node]: SUPER_ROS2 mode=FOLLOWING enable_output=true reason=NAVIGATION_SETPOINT_PUBLISHED odom=(0.03,-0.98,0.61) goal=set tracking_setpoint_enu=(0.07,-1.28,0.78) setpoint_ned=(-1.28,0.07,-0.78) yaw(desired/cmd/rate)=(3.00/3.04/-0.12) cross_track=0.05 frame_id=px4_ned path_points=30 odom_source=/race/odom cloud_source=/saved_map mavros_connected=true
[super_planner_ros2_node-6] [INFO] [1786539817.479392915] [super_planner_ros2_node]: [FINAL_GOAL_CHECK] global_goal_id=1 distance_to_final=0.608 speed=0.418 confirm=0/10 final_goal_reached=false
[super_planner_ros2_node-6] [INFO] [1786539817.581428031] [super_planner_ros2_node]: [PATH_PROGRESS] plan_id=1 vehicle_position=(0.048,-1.061) closest_index=17 previous_progress_index=17 selected_progress_index=17 lookahead_index=24 lookahead_arc_distance=0.300 navigation_setpoint=(0.075,-1.361) setpoint_clearance=1.128 control_mode=FOLLOWING
[super_planner_ros2_node-6] [INFO] [1786539817.829551520] [super_planner_ros2_node]: [PATH_PROGRESS] plan_id=1 vehicle_position=(0.073,-1.165) closest_index=19 previous_progress_index=19 selected_progress_index=19 lookahead_index=26 lookahead_arc_distance=0.300 navigation_setpoint=(0.075,-1.465) setpoint_clearance=1.073 control_mode=FOLLOWING
[super_planner_ros2_node-6] [INFO] [1786539817.979531150] [super_planner_ros2_node]: [FINAL_GOAL_CHECK] global_goal_id=1 distance_to_final=0.426 speed=0.344 confirm=0/10 final_goal_reached=false
[offboard_waypoint_node-1] [INFO] [1786539817.983140818] [offboard_waypoint_node]: [CONTROL_ARBITER] selected_source=super state=TRACKING
[super_planner_ros2_node-6] [INFO] [1786539818.031183886] [super_planner_ros2_node]: [PATH_PROGRESS] plan_id=1 vehicle_position=(0.095,-1.237) closest_index=21 previous_progress_index=20 selected_progress_index=21 lookahead_index=28 lookahead_arc_distance=0.300 navigation_setpoint=(0.084,-1.534) setpoint_clearance=1.033 control_mode=FOLLOWING
[offboard_waypoint_node-1] [INFO] [1786539818.031720837] [offboard_waypoint_node]: [OFFBOARD_TAKEOFF_IGNORED] state=4 reason=navigation_setpoint; preserve current flight transaction
[offboard_waypoint_node-1] [INFO] [1786539818.031986172] [offboard_waypoint_node]: Navigation setpoint NED=(-1.54, 0.09, -0.78) yaw=2.96 yaw_rate=-0.16
[fastlio_bridge_node-2] [INFO] [1786539818.087225778] [fastlio_bridge_node]: 已桥接并转换里程计: ENU(0.11, -1.27, 0.66) -> NED(-1.27, 0.11, -0.66)
[super_planner_ros2_node-6] [INFO] [1786539818.279495062] [super_planner_ros2_node]: [PATH_PROGRESS] plan_id=1 vehicle_position=(0.114,-1.304) closest_index=22 previous_progress_index=22 selected_progress_index=22 lookahead_index=29 lookahead_arc_distance=0.300 navigation_setpoint=(0.131,-1.581) setpoint_clearance=0.969 control_mode=FOLLOWING
[super_planner_ros2_node-6] [INFO] [1786539818.430279368] [super_planner_ros2_node]: SUPER_ROS2 mode=FOLLOWING enable_output=true reason=NAVIGATION_SETPOINT_PUBLISHED odom=(0.13,-1.37,0.67) goal=set tracking_setpoint_enu=(0.17,-1.62,0.78) setpoint_ned=(-1.62,0.17,-0.78) yaw(desired/cmd/rate)=(2.79/2.88/-0.27) cross_track=0.05 frame_id=px4_ned path_points=30 odom_source=/race/odom cloud_source=/saved_map mavros_connected=true
[super_planner_ros2_node-6] [INFO] [1786539818.479608263] [super_planner_ros2_node]: [PATH_PROGRESS] plan_id=1 vehicle_position=(0.125,-1.368) closest_index=23 previous_progress_index=23 selected_progress_index=23 lookahead_index=29 lookahead_arc_distance=0.300 navigation_setpoint=(0.167,-1.616) setpoint_clearance=0.922 control_mode=FOLLOWING
[super_planner_ros2_node-6] [INFO] [1786539818.529345444] [super_planner_ros2_node]: [FINAL_GOAL_CHECK] global_goal_id=1 distance_to_final=0.221 speed=0.297 confirm=0/10 final_goal_reached=false
[super_planner_ros2_node-6] [INFO] [1786539818.679649611] [super_planner_ros2_node]: [PATH_PROGRESS] plan_id=1 vehicle_position=(0.143,-1.426) closest_index=25 previous_progress_index=25 selected_progress_index=25 lookahead_index=29 lookahead_arc_distance=0.300 navigation_setpoint=(0.167,-1.616) setpoint_clearance=0.922 control_mode=FOLLOWING
[super_planner_ros2_node-6] [INFO] [1786539818.880760243] [super_planner_ros2_node]: [PATH_PROGRESS] plan_id=1 vehicle_position=(0.169,-1.478) closest_index=26 previous_progress_index=26 selected_progress_index=26 lookahead_index=29 lookahead_arc_distance=0.300 navigation_setpoint=(0.167,-1.616) setpoint_clearance=0.922 control_mode=FOLLOWING
[offboard_waypoint_node-1] [INFO] [1786539819.029080592] [offboard_waypoint_node]: [CONTROL_ARBITER] selected_source=super state=TRACKING
[super_planner_ros2_node-6] [INFO] [1786539819.029526628] [super_planner_ros2_node]: [FINAL_GOAL_CHECK] global_goal_id=1 distance_to_final=0.092 speed=0.231 confirm=0/10 final_goal_reached=false
[offboard_waypoint_node-1] [INFO] [1786539819.079531759] [offboard_waypoint_node]: [OFFBOARD_TAKEOFF_IGNORED] state=4 reason=navigation_setpoint; preserve current flight transaction
[offboard_waypoint_node-1] [INFO] [1786539819.079575651] [offboard_waypoint_node]: Navigation setpoint NED=(-1.62, 0.17, -0.78) yaw=2.56 yaw_rate=-0.62
[super_planner_ros2_node-6] [INFO] [1786539819.129636138] [super_planner_ros2_node]: [PATH_PROGRESS] plan_id=1 vehicle_position=(0.189,-1.543) closest_index=28 previous_progress_index=28 selected_progress_index=28 lookahead_index=29 lookahead_arc_distance=0.300 navigation_setpoint=(0.167,-1.616) setpoint_clearance=0.922 control_mode=FOLLOWING
[super_planner_ros2_node-6] [INFO] [1786539819.329794780] [super_planner_ros2_node]: [PATH_PROGRESS] plan_id=1 vehicle_position=(0.204,-1.576) closest_index=28 previous_progress_index=28 selected_progress_index=28 lookahead_index=29 lookahead_arc_distance=0.300 navigation_setpoint=(0.167,-1.616) setpoint_clearance=0.922 control_mode=FOLLOWING
[super_planner_ros2_node-6] [INFO] [1786539819.479542518] [super_planner_ros2_node]: SUPER_ROS2 mode=FOLLOWING enable_output=true reason=NAVIGATION_SETPOINT_PUBLISHED odom=(0.21,-1.59,0.69) goal=set tracking_setpoint_enu=(0.17,-1.62,0.78) setpoint_ned=(-1.62,0.17,-0.78) yaw(desired/cmd/rate)=(2.34/2.56/0.00) cross_track=0.05 frame_id=px4_ned path_points=30 odom_source=/race/odom cloud_source=/saved_map mavros_connected=true
[super_planner_ros2_node-6] [INFO] [1786539819.579307377] [super_planner_ros2_node]: [FINAL_GOAL_CHECK] global_goal_id=1 distance_to_final=0.047 speed=0.170 confirm=0/10 final_goal_reached=false
[super_planner_ros2_node-6] [INFO] [1786539819.579630996] [super_planner_ros2_node]: [PATH_PROGRESS] plan_id=1 vehicle_position=(0.214,-1.609) closest_index=28 previous_progress_index=28 selected_progress_index=28 lookahead_index=29 lookahead_arc_distance=0.300 navigation_setpoint=(0.167,-1.616) setpoint_clearance=0.922 control_mode=FOLLOWING
[super_planner_ros2_node-6] [INFO] [1786539819.787728649] [super_planner_ros2_node]: [PATH_PROGRESS] plan_id=1 vehicle_position=(0.212,-1.644) closest_index=28 previous_progress_index=28 selected_progress_index=28 lookahead_index=29 lookahead_arc_distance=0.300 navigation_setpoint=(0.167,-1.616) setpoint_clearance=0.922 control_mode=FOLLOWING
[super_planner_ros2_node-6] [INFO] [1786539820.029414948] [super_planner_ros2_node]: [PATH_PROGRESS] plan_id=1 vehicle_position=(0.174,-1.685) closest_index=28 previous_progress_index=28 selected_progress_index=28 lookahead_index=29 lookahead_arc_distance=0.300 navigation_setpoint=(0.167,-1.616) setpoint_clearance=0.922 control_mode=FOLLOWING
[offboard_waypoint_node-1] [INFO] [1786539820.078513197] [offboard_waypoint_node]: [CONTROL_ARBITER] selected_source=super state=TRACKING
[offboard_waypoint_node-1] [INFO] [1786539820.079611946] [offboard_waypoint_node]: [OFFBOARD_TAKEOFF_IGNORED] state=4 reason=navigation_setpoint; preserve current flight transaction
[offboard_waypoint_node-1] [INFO] [1786539820.079682407] [offboard_waypoint_node]: Navigation setpoint NED=(-1.62, 0.17, -0.78) yaw=2.56 yaw_rate=0.00
[fastlio_bridge_node-2] [INFO] [1786539820.085198817] [fastlio_bridge_node]: 已桥接并转换里程计: ENU(0.16, -1.69, 0.67) -> NED(-1.69, 0.16, -0.67)
[super_planner_ros2_node-6] [INFO] [1786539820.129445292] [super_planner_ros2_node]: [FINAL_GOAL_CHECK] global_goal_id=1 distance_to_final=0.080 speed=0.184 confirm=0/10 final_goal_reached=false
[super_planner_ros2_node-6] [INFO] [1786539820.279604424] [super_planner_ros2_node]: [PATH_PROGRESS] plan_id=1 vehicle_position=(0.142,-1.699) closest_index=28 previous_progress_index=28 selected_progress_index=28 lookahead_index=29 lookahead_arc_distance=0.300 navigation_setpoint=(0.167,-1.616) setpoint_clearance=0.922 control_mode=FOLLOWING
[super_planner_ros2_node-6] [INFO] [1786539820.529399875] [super_planner_ros2_node]: [PATH_PROGRESS] plan_id=1 vehicle_position=(0.102,-1.705) closest_index=28 previous_progress_index=28 selected_progress_index=28 lookahead_index=29 lookahead_arc_distance=0.300 navigation_setpoint=(0.167,-1.616) setpoint_clearance=0.922 control_mode=FOLLOWING
[super_planner_ros2_node-6] [INFO] [1786539820.529569290] [super_planner_ros2_node]: SUPER_ROS2 mode=FOLLOWING enable_output=true reason=NAVIGATION_SETPOINT_PUBLISHED odom=(0.10,-1.71,0.66) goal=set tracking_setpoint_enu=(0.17,-1.62,0.78) setpoint_ned=(-1.62,0.17,-0.78) yaw(desired/cmd/rate)=(2.34/2.56/0.00) cross_track=0.11 frame_id=px4_ned path_points=30 odom_source=/race/odom cloud_source=/saved_map mavros_connected=true
[super_planner_ros2_node-6] [INFO] [1786539820.679307219] [super_planner_ros2_node]: [FINAL_GOAL_CHECK] global_goal_id=1 distance_to_final=0.115 speed=0.103 confirm=0/10 final_goal_reached=false
[super_planner_ros2_node-6] [INFO] [1786539820.729477396] [super_planner_ros2_node]: [PATH_PROGRESS] plan_id=1 vehicle_position=(0.076,-1.695) closest_index=28 previous_progress_index=28 selected_progress_index=28 lookahead_index=29 lookahead_arc_distance=0.300 navigation_setpoint=(0.167,-1.616) setpoint_clearance=0.922 control_mode=FOLLOWING
[super_planner_ros2_node-6] [INFO] [1786539820.929507059] [super_planner_ros2_node]: [PATH_PROGRESS] plan_id=1 vehicle_position=(0.053,-1.691) closest_index=28 previous_progress_index=28 selected_progress_index=28 lookahead_index=29 lookahead_arc_distance=0.300 navigation_setpoint=(0.167,-1.616) setpoint_clearance=0.922 control_mode=FOLLOWING
[offboard_waypoint_node-1] [INFO] [1786539821.128467974] [offboard_waypoint_node]: [CONTROL_ARBITER] selected_source=super state=TRACKING
[offboard_waypoint_node-1] [INFO] [1786539821.129628136] [offboard_waypoint_node]: [OFFBOARD_TAKEOFF_IGNORED] state=4 reason=navigation_setpoint; preserve current flight transaction
[offboard_waypoint_node-1] [INFO] [1786539821.129692272] [offboard_waypoint_node]: Navigation setpoint NED=(-1.62, 0.17, -0.78) yaw=2.56 yaw_rate=0.00
[super_planner_ros2_node-6] [INFO] [1786539821.179329369] [super_planner_ros2_node]: [FINAL_GOAL_CHECK] global_goal_id=1 distance_to_final=0.160 speed=0.113 confirm=0/10 final_goal_reached=false
[super_planner_ros2_node-6] [INFO] [1786539821.179634087] [super_planner_ros2_node]: [PATH_PROGRESS] plan_id=1 vehicle_position=(0.025,-1.690) closest_index=28 previous_progress_index=28 selected_progress_index=28 lookahead_index=29 lookahead_arc_distance=0.300 navigation_setpoint=(0.167,-1.616) setpoint_clearance=0.922 control_mode=FOLLOWING
[super_planner_ros2_node-6] [INFO] [1786539821.397194258] [super_planner_ros2_node]: [PATH_PROGRESS] plan_id=1 vehicle_position=(0.015,-1.681) closest_index=27 previous_progress_index=28 selected_progress_index=28 lookahead_index=29 lookahead_arc_distance=0.300 navigation_setpoint=(0.167,-1.616) setpoint_clearance=0.922 control_mode=FOLLOWING
[super_planner_ros2_node-6] [INFO] [1786539821.580308935] [super_planner_ros2_node]: SUPER_ROS2 mode=FOLLOWING enable_output=true reason=NAVIGATION_SETPOINT_PUBLISHED odom=(-0.00,-1.67,0.68) goal=set tracking_setpoint_enu=(0.17,-1.62,0.78) setpoint_ned=(-1.62,0.17,-0.78) yaw(desired/cmd/rate)=(2.35/2.40/-0.15) cross_track=0.16 frame_id=px4_ned path_points=30 odom_source=/race/odom cloud_source=/saved_map mavros_connected=true
[super_planner_ros2_node-6] [INFO] [1786539821.629623648] [super_planner_ros2_node]: [PATH_PROGRESS] plan_id=1 vehicle_position=(-0.012,-1.657) closest_index=27 previous_progress_index=28 selected_progress_index=28 lookahead_index=29 lookahead_arc_distance=0.300 navigation_setpoint=(0.167,-1.616) setpoint_clearance=0.922 control_mode=FOLLOWING
[super_planner_ros2_node-6] [INFO] [1786539821.729151508] [super_planner_ros2_node]: [FINAL_GOAL_CHECK] global_goal_id=1 distance_to_final=0.191 speed=0.171 confirm=0/10 final_goal_reached=false
[super_planner_ros2_node-6] [INFO] [1786539821.879284596] [super_planner_ros2_node]: [PATH_PROGRESS] plan_id=1 vehicle_position=(-0.035,-1.628) closest_index=26 previous_progress_index=28 selected_progress_index=28 lookahead_index=29 lookahead_arc_distance=0.300 navigation_setpoint=(0.167,-1.616) setpoint_clearance=0.922 control_mode=FOLLOWING
[rviz2-7] [INFO] [1786539821.904195073] [rviz2]: Setting goal pose: Frame:map, Position(2.56891, -2.79895, 0), Orientation(0, 0, -0.166361, 0.986065) = Angle: -0.334277
[super_planner_ros2_node-6] [INFO] [1786539821.905151232] [super_planner_ros2_node]: Received goal id=2 ENU/map=(2.57, -2.80, 0.78)
[offboard_waypoint_node-1] [INFO] [1786539821.907640554] [offboard_waypoint_node]: [OFFBOARD_NEW_GOAL_RESET] old safety latch cleared; waiting for a fresh validated EGO trajectory
[offboard_waypoint_node-1] [WARN] [1786539821.907716759] [offboard_waypoint_node]: [CONTROL_STATE] TRACKING -> PLANNING: new final goal received
[offboard_waypoint_node-1] [INFO] [1786539821.907736680] [offboard_waypoint_node]: Active final goal id=2 NED=(-2.799,2.569)
[offboard_waypoint_node-1] [WARN] [1786539821.928316280] [offboard_waypoint_node]: [CONTROL_STATE] PLANNING -> TRACKING: fresh validated trajectory
[super_planner_ros2_node-6] [INFO] [1786539821.929371059] [super_planner_ros2_node]: [SUPER_GOAL_SELECTION] mode=LOCAL_DISTANCE_LIMIT final_goal=(2.569,-2.799,0.780) planning_goal=(2.569,-2.799,0.780) distance=2.872 clipped=false
[fastlio_bridge_node-2] [INFO] [1786539822.086853783] [fastlio_bridge_node]: 已桥接并转换里程计: ENU(-0.05, -1.58, 0.69) -> NED(-1.58, -0.05, -0.69)
[offboard_waypoint_node-1] [INFO] [1786539822.178115211] [offboard_waypoint_node]: [CONTROL_ARBITER] selected_source=super state=TRACKING
[super_planner_ros2_node-6] [INFO] [1786539822.420101997] [super_planner_ros2_node]: [SUPER_CONTINUOUS_PATH_CHECK] source=RAW_ASTAR min_clearance=0.576 required_clearance=0.290 valid=true
[super_planner_ros2_node-6] [INFO] [1786539822.420922070] [super_planner_ros2_node]: [SUPER_ASTAR_VISIBILITY_SIMPLIFY] raw_points=56 simplified_points=56 raw_length=3.263 simplified_length=3.263 minimum_clearance=0.576 accepted=false clearance_preserved=true reason=DISABLED
[super_planner_ros2_node-6] [WARN] [1786539822.420993460] [super_planner_ros2_node]: [SUPER_SMOOTHED_PATH_REJECT] reason=SMOOTHING_VALIDATION no_smoothed_candidate=true (smoothing produced no path; raw path is used unchanged)
[super_planner_ros2_node-6] [WARN] [1786539822.421004776] [super_planner_ros2_node]: [SUPER_PATH_FALLBACK] source=RAW_ASTAR raw_points=56 goal_id=2
[super_planner_ros2_node-6] [INFO] [1786539822.421711958] [super_planner_ros2_node]: [CLEARANCE_PRESERVATION_POLICY] raw_global_min=0.576109207 smoothed_global_min=nan global_clearance_loss=nan local_comparison_method=NORMALIZED_ARC_PROGRESS_0.02M local_maximum_loss=0.000000000 numeric_tolerance=0.000001000
[super_planner_ros2_node-6] [INFO] [1786539822.421731421] [super_planner_ros2_node]: [PATH_TOPOLOGY_GUARD] raw_obstacle_side=BASELINE smoothed_obstacle_side=CONTINUOUS_DEFORMATION same_homotopy=true
[super_planner_ros2_node-6] [INFO] [1786539822.421737126] [super_planner_ros2_node]: [SUPER_PATH_SELECTION] candidate_smoothing_generated=false candidate_smoothing_safe=false clearance_preserved=true accepted_updates=0 accepted_iterations=0 selected=RAW fallback_reason=NO_CLEARANCE_PRESERVING_UPDATE
[super_planner_ros2_node-6] [INFO] [1786539822.423764087] [super_planner_ros2_node]: [FINAL_SELECTED_PATH_VALIDATION] selected_type=RAW min_clearance=0.576109207 inflated_collision=false continuous_clearance_pass=true finite=true maximum_segment_length=0.070711
[super_planner_ros2_node-6] [INFO] [1786539822.423781971] [super_planner_ros2_node]: path_pipeline raw=56 shortcut=56 smoothed=0 smoothing=fallback_raw_astar
[super_planner_ros2_node-6] [INFO] [1786539822.423896207] [super_planner_ros2_node]: [SUPER_GLOBAL_PATH_COMPLETE] goal_id=2 raw_endpoint=(2.569,-2.799,0.780) published_endpoint=(2.569,-2.799,0.780) final_goal=(2.569,-2.799,0.780) endpoint_error=0.000000
[super_planner_ros2_node-6] [INFO] [1786539822.441754365] [super_planner_ros2_node]: [PATH_PROGRESS] plan_id=2 vehicle_position=(-0.046,-1.612) closest_index=0 previous_progress_index=0 selected_progress_index=0 lookahead_index=5 lookahead_arc_distance=0.300 navigation_setpoint=(0.070,-1.870) setpoint_clearance=0.946 control_mode=FOLLOWING
[offboard_waypoint_node-1] [INFO] [1786539822.441893945] [offboard_waypoint_node]: [OFFBOARD_TAKEOFF_IGNORED] state=4 reason=navigation_setpoint; preserve current flight transaction
[offboard_waypoint_node-1] [INFO] [1786539822.441963307] [offboard_waypoint_node]: Navigation setpoint NED=(-1.88, 0.07, -0.78) yaw=2.42 yaw_rate=0.21
[super_planner_ros2_node-6] [INFO] [1786539822.441993207] [super_planner_ros2_node]: [FINAL_GOAL_CHECK] global_goal_id=2 distance_to_final=2.872 speed=0.174 confirm=0/10 final_goal_reached=false
[super_planner_ros2_node-6] [INFO] [1786539822.629370452] [super_planner_ros2_node]: SUPER_ROS2 mode=FOLLOWING enable_output=true reason=NAVIGATION_SETPOINT_PUBLISHED odom=(0.04,-1.55,0.69) goal=set tracking_setpoint_enu=(0.07,-1.87,0.78) setpoint_ned=(-1.87,0.07,-0.78) yaw(desired/cmd/rate)=(2.49/2.44/0.13) cross_track=0.11 frame_id=px4_ned path_points=56 odom_source=/race/odom cloud_source=/saved_map mavros_connected=true
[super_planner_ros2_node-6] [INFO] [1786539822.680280184] [super_planner_ros2_node]: [PATH_PROGRESS] plan_id=2 vehicle_position=(0.043,-1.547) closest_index=0 previous_progress_index=0 selected_progress_index=0 lookahead_index=5 lookahead_arc_distance=0.300 navigation_setpoint=(0.070,-1.870) setpoint_clearance=0.946 control_mode=FOLLOWING
[super_planner_ros2_node-6] [INFO] [1786539822.938249462] [super_planner_ros2_node]: [PATH_PROGRESS] plan_id=2 vehicle_position=(0.080,-1.588) closest_index=0 previous_progress_index=0 selected_progress_index=0 lookahead_index=6 lookahead_arc_distance=0.300 navigation_setpoint=(0.082,-1.882) setpoint_clearance=0.932 control_mode=FOLLOWING
[super_planner_ros2_node-6] [INFO] [1786539822.979132268] [super_planner_ros2_node]: [FINAL_GOAL_CHECK] global_goal_id=2 distance_to_final=2.768 speed=0.206 confirm=0/10 final_goal_reached=false
[offboard_waypoint_node-1] [INFO] [1786539823.178585491] [offboard_waypoint_node]: [CONTROL_ARBITER] selected_source=super state=TRACKING
[super_planner_ros2_node-6] [INFO] [1786539823.179889934] [super_planner_ros2_node]: [PATH_PROGRESS] plan_id=2 vehicle_position=(0.079,-1.638) closest_index=0 previous_progress_index=0 selected_progress_index=0 lookahead_index=6 lookahead_arc_distance=0.300 navigation_setpoint=(0.115,-1.915) setpoint_clearance=0.895 control_mode=FOLLOWING
[super_planner_ros2_node-6] [INFO] [1786539823.429256809] [super_planner_ros2_node]: [PATH_PROGRESS] plan_id=2 vehicle_position=(0.043,-1.731) closest_index=2 previous_progress_index=1 selected_progress_index=2 lookahead_index=7 lookahead_arc_distance=0.300 navigation_setpoint=(0.156,-1.956) setpoint_clearance=0.852 control_mode=FOLLOWING
[super_planner_ros2_node-6] [INFO] [1786539823.479145087] [super_planner_ros2_node]: [FINAL_GOAL_CHECK] global_goal_id=2 distance_to_final=2.743 speed=0.326 confirm=0/10 final_goal_reached=false
[offboard_waypoint_node-1] [INFO] [1786539823.493142484] [offboard_waypoint_node]: [OFFBOARD_TAKEOFF_IGNORED] state=4 reason=navigation_setpoint; preserve current flight transaction
[offboard_waypoint_node-1] [INFO] [1786539823.493211714] [offboard_waypoint_node]: Navigation setpoint NED=(-1.96, 0.16, -0.78) yaw=2.44 yaw_rate=-0.12
[super_planner_ros2_node-6] [INFO] [1786539823.679252246] [super_planner_ros2_node]: [PATH_PROGRESS] plan_id=2 vehicle_position=(0.008,-1.785) closest_index=3 previous_progress_index=3 selected_progress_index=3 lookahead_index=8 lookahead_arc_distance=0.300 navigation_setpoint=(0.209,-2.009) setpoint_clearance=0.799 control_mode=FOLLOWING
[super_planner_ros2_node-6] [INFO] [1786539823.679366070] [super_planner_ros2_node]: SUPER_ROS2 mode=FOLLOWING enable_output=true reason=NAVIGATION_SETPOINT_PUBLISHED odom=(0.01,-1.79,0.69) goal=set tracking_setpoint_enu=(0.21,-2.01,0.78) setpoint_ned=(-2.01,0.21,-0.78) yaw(desired/cmd/rate)=(2.36/2.40/-0.14) cross_track=0.02 frame_id=px4_ned path_points=56 odom_source=/race/odom cloud_source=/saved_map mavros_connected=true
[super_planner_ros2_node-6] [INFO] [1786539823.879285463] [super_planner_ros2_node]: [PATH_PROGRESS] plan_id=2 vehicle_position=(-0.015,-1.832) closest_index=3 previous_progress_index=3 selected_progress_index=3 lookahead_index=8 lookahead_arc_distance=0.300 navigation_setpoint=(0.221,-2.021) setpoint_clearance=0.787 control_mode=FOLLOWING
[super_planner_ros2_node-6] [INFO] [1786539823.979224738] [super_planner_ros2_node]: [FINAL_GOAL_CHECK] global_goal_id=2 distance_to_final=2.762 speed=0.192 confirm=0/10 final_goal_reached=false
[super_planner_ros2_node-6] [INFO] [1786539824.079278047] [super_planner_ros2_node]: [PATH_PROGRESS] plan_id=2 vehicle_position=(-0.032,-1.867) closest_index=3 previous_progress_index=3 selected_progress_index=3 lookahead_index=9 lookahead_arc_distance=0.300 navigation_setpoint=(0.229,-2.029) setpoint_clearance=0.779 control_mode=FOLLOWING
[fastlio_bridge_node-2] [INFO] [1786539824.086161431] [fastlio_bridge_node]: 已桥接并转换里程计: ENU(-0.03, -1.88, 0.69) -> NED(-1.88, -0.03, -0.69)
[offboard_waypoint_node-1] [INFO] [1786539824.181157209] [offboard_waypoint_node]: [CONTROL_ARBITER] selected_source=super state=TRACKING
[super_planner_ros2_node-6] [INFO] [1786539824.329897061] [super_planner_ros2_node]: [PATH_PROGRESS] plan_id=2 vehicle_position=(-0.028,-1.902) closest_index=4 previous_progress_index=4 selected_progress_index=4 lookahead_index=9 lookahead_arc_distance=0.300 navigation_setpoint=(0.249,-2.049) setpoint_clearance=0.760 control_mode=FOLLOWING
[super_planner_ros2_node-6] [INFO] [1786539824.529050577] [super_planner_ros2_node]: [FINAL_GOAL_CHECK] global_goal_id=2 distance_to_final=2.723 speed=0.188 confirm=0/10 final_goal_reached=false
[super_planner_ros2_node-6] [INFO] [1786539824.541602168] [super_planner_ros2_node]: [PATH_PROGRESS] plan_id=2 vehicle_position=(-0.010,-1.926) closest_index=4 previous_progress_index=4 selected_progress_index=4 lookahead_index=9 lookahead_arc_distance=0.300 navigation_setpoint=(0.270,-2.070) setpoint_clearance=0.741 control_mode=FOLLOWING
[offboard_waypoint_node-1] [INFO] [1786539824.541855322] [offboard_waypoint_node]: [OFFBOARD_TAKEOFF_IGNORED] state=4 reason=navigation_setpoint; preserve current flight transaction
[offboard_waypoint_node-1] [INFO] [1786539824.541937132] [offboard_waypoint_node]: Navigation setpoint NED=(-2.08, 0.27, -0.78) yaw=2.36 yaw_rate=-0.01
[super_planner_ros2_node-6] [INFO] [1786539824.729240191] [super_planner_ros2_node]: SUPER_ROS2 mode=FOLLOWING enable_output=true reason=NAVIGATION_SETPOINT_PUBLISHED odom=(0.03,-1.96,0.68) goal=set tracking_setpoint_enu=(0.31,-2.11,0.78) setpoint_ned=(-2.11,0.31,-0.78) yaw(desired/cmd/rate)=(2.36/2.36/-0.01) cross_track=0.09 frame_id=px4_ned path_points=56 odom_source=/race/odom cloud_source=/saved_map mavros_connected=true
[super_planner_ros2_node-6] [INFO] [1786539824.779978874] [super_planner_ros2_node]: [PATH_PROGRESS] plan_id=2 vehicle_position=(0.032,-1.959) closest_index=5 previous_progress_index=5 selected_progress_index=5 lookahead_index=10 lookahead_arc_distance=0.300 navigation_setpoint=(0.307,-2.107) setpoint_clearance=0.709 control_mode=FOLLOWING
[super_planner_ros2_node-6] [INFO] [1786539825.030174779] [super_planner_ros2_node]: [FINAL_GOAL_CHECK] global_goal_id=2 distance_to_final=2.589 speed=0.298 confirm=0/10 final_goal_reached=false
[super_planner_ros2_node-6] [INFO] [1786539825.046870283] [super_planner_ros2_node]: [PATH_PROGRESS] plan_id=2 vehicle_position=(0.102,-2.013) closest_index=6 previous_progress_index=6 selected_progress_index=6 lookahead_index=11 lookahead_arc_distance=0.300 navigation_setpoint=(0.369,-2.169) setpoint_clearance=0.662 control_mode=FOLLOWING
[offboard_waypoint_node-1] [INFO] [1786539825.228019341] [offboard_waypoint_node]: [CONTROL_ARBITER] selected_source=super state=TRACKING
[super_planner_ros2_node-6] [INFO] [1786539825.279183604] [super_planner_ros2_node]: [PATH_PROGRESS] plan_id=2 vehicle_position=(0.138,-2.048) closest_index=7 previous_progress_index=7 selected_progress_index=7 lookahead_index=12 lookahead_arc_distance=0.300 navigation_setpoint=(0.405,-2.205) setpoint_clearance=0.639 control_mode=FOLLOWING
[super_planner_ros2_node-6] [INFO] [1786539825.479343423] [super_planner_ros2_node]: [PATH_PROGRESS] plan_id=2 vehicle_position=(0.170,-2.090) closest_index=8 previous_progress_index=8 selected_progress_index=8 lookahead_index=13 lookahead_arc_distance=0.300 navigation_setpoint=(0.442,-2.242) setpoint_clearance=0.618 control_mode=FOLLOWING
[mapping_manager_node-5] [INFO] [1786539825.501168450] [mapping_manager_node]: Mapping status: in_flight=false, map_loaded=false, map_saved=false
[super_planner_ros2_node-6] [INFO] [1786539825.579168474] [super_planner_ros2_node]: [FINAL_GOAL_CHECK] global_goal_id=2 distance_to_final=2.480 speed=0.287 confirm=0/10 final_goal_reached=false
[offboard_waypoint_node-1] [INFO] [1786539825.600525655] [offboard_waypoint_node]: [OFFBOARD_TAKEOFF_IGNORED] state=4 reason=navigation_setpoint; preserve current flight transaction
[offboard_waypoint_node-1] [INFO] [1786539825.600643408] [offboard_waypoint_node]: Navigation setpoint NED=(-2.27, 0.46, -0.78) yaw=2.36 yaw_rate=-0.00
[offboard_waypoint_node-1] [INFO] [1786539825.604144351] [offboard_waypoint_node]: [EV_HEALTH] state=SUSPECT continuous_healthy=0.00s
[super_planner_ros2_node-6] [INFO] [1786539825.729259291] [super_planner_ros2_node]: [PATH_PROGRESS] plan_id=2 vehicle_position=(0.218,-2.164) closest_index=9 previous_progress_index=8 selected_progress_index=9 lookahead_index=14 lookahead_arc_distance=0.300 navigation_setpoint=(0.503,-2.303) setpoint_clearance=0.592 control_mode=FOLLOWING
[super_planner_ros2_node-6] [INFO] [1786539825.729332091] [super_planner_ros2_node]: SUPER_ROS2 mode=FOLLOWING enable_output=true reason=NAVIGATION_SETPOINT_PUBLISHED odom=(0.22,-2.16,0.70) goal=set tracking_setpoint_enu=(0.50,-2.30,0.78) setpoint_ned=(-2.30,0.50,-0.78) yaw(desired/cmd/rate)=(2.36/2.36/-0.00) cross_track=0.10 frame_id=px4_ned path_points=56 odom_source=/race/odom cloud_source=/saved_map mavros_connected=true
[super_planner_ros2_node-6] [INFO] [1786539825.930423621] [super_planner_ros2_node]: [PATH_PROGRESS] plan_id=2 vehicle_position=(0.254,-2.216) closest_index=10 previous_progress_index=9 selected_progress_index=10 lookahead_index=15 lookahead_arc_distance=0.300 navigation_setpoint=(0.547,-2.347) setpoint_clearance=0.581 control_mode=FOLLOWING
[fastlio_bridge_node-2] [INFO] [1786539826.084789695] [fastlio_bridge_node]: 已桥接并转换里程计: ENU(0.28, -2.27, 0.70) -> NED(-2.27, 0.28, -0.70)
[super_planner_ros2_node-6] [INFO] [1786539826.128920960] [super_planner_ros2_node]: [FINAL_GOAL_CHECK] global_goal_id=2 distance_to_final=2.349 speed=0.277 confirm=0/10 final_goal_reached=false
[super_planner_ros2_node-6] [INFO] [1786539826.135355032] [super_planner_ros2_node]: [PATH_PROGRESS] plan_id=2 vehicle_position=(0.280,-2.271) closest_index=11 previous_progress_index=10 selected_progress_index=11 lookahead_index=16 lookahead_arc_distance=0.300 navigation_setpoint=(0.588,-2.388) setpoint_clearance=0.577 control_mode=FOLLOWING
[offboard_waypoint_node-1] [INFO] [1786539826.277924722] [offboard_waypoint_node]: [CONTROL_ARBITER] selected_source=super state=TRACKING
[super_planner_ros2_node-6] [INFO] [1786539826.379097930] [super_planner_ros2_node]: [PATH_PROGRESS] plan_id=2 vehicle_position=(0.306,-2.321) closest_index=11 previous_progress_index=11 selected_progress_index=11 lookahead_index=17 lookahead_arc_distance=0.300 navigation_setpoint=(0.625,-2.425) setpoint_clearance=0.578 control_mode=FOLLOWING
[super_planner_ros2_node-6] [INFO] [1786539826.579202009] [super_planner_ros2_node]: [PATH_PROGRESS] plan_id=2 vehicle_position=(0.321,-2.358) closest_index=12 previous_progress_index=12 selected_progress_index=12 lookahead_index=17 lookahead_arc_distance=0.300 navigation_setpoint=(0.652,-2.452) setpoint_clearance=0.581 control_mode=FOLLOWING
[offboard_waypoint_node-1] [INFO] [1786539826.629247780] [offboard_waypoint_node]: [OFFBOARD_TAKEOFF_IGNORED] state=4 reason=navigation_setpoint; preserve current flight transaction
[offboard_waypoint_node-1] [INFO] [1786539826.629377490] [offboard_waypoint_node]: Navigation setpoint NED=(-2.46, 0.65, -0.78) yaw=2.36 yaw_rate=-0.00
[super_planner_ros2_node-6] [INFO] [1786539826.678907525] [super_planner_ros2_node]: [FINAL_GOAL_CHECK] global_goal_id=2 distance_to_final=2.291 speed=0.190 confirm=0/10 final_goal_reached=false
[super_planner_ros2_node-6] [INFO] [1786539826.779255431] [super_planner_ros2_node]: [PATH_PROGRESS] plan_id=2 vehicle_position=(0.321,-2.358) closest_index=12 previous_progress_index=12 selected_progress_index=12 lookahead_index=17 lookahead_arc_distance=0.300 navigation_setpoint=(0.652,-2.452) setpoint_clearance=0.581 control_mode=FOLLOWING
[super_planner_ros2_node-6] [INFO] [1786539826.779461881] [super_planner_ros2_node]: SUPER_ROS2 mode=FOLLOWING enable_output=true reason=NAVIGATION_SETPOINT_PUBLISHED odom=(0.32,-2.36,0.69) goal=set tracking_setpoint_enu=(0.65,-2.45,0.78) setpoint_ned=(-2.45,0.65,-0.78) yaw(desired/cmd/rate)=(2.36/2.36/-0.00) cross_track=0.17 frame_id=px4_ned path_points=56 odom_source=/race/odom cloud_source=/saved_map mavros_connected=true
[super_planner_ros2_node-6] [INFO] [1786539827.029146355] [super_planner_ros2_node]: [PATH_PROGRESS] plan_id=2 vehicle_position=(0.394,-2.421) closest_index=13 previous_progress_index=13 selected_progress_index=13 lookahead_index=18 lookahead_arc_distance=0.300 navigation_setpoint=(0.720,-2.520) setpoint_clearance=0.576 control_mode=FOLLOWING
[super_planner_ros2_node-6] [INFO] [1786539827.179078457] [super_planner_ros2_node]: [FINAL_GOAL_CHECK] global_goal_id=2 distance_to_final=2.187 speed=0.249 confirm=0/10 final_goal_reached=false
[super_planner_ros2_node-6] [INFO] [1786539827.229234447] [super_planner_ros2_node]: [PATH_PROGRESS] plan_id=2 vehicle_position=(0.441,-2.446) closest_index=14 previous_progress_index=13 selected_progress_index=14 lookahead_index=19 lookahead_arc_distance=0.300 navigation_setpoint=(0.755,-2.555) setpoint_clearance=0.577 control_mode=FOLLOWING
[offboard_waypoint_node-1] [INFO] [1786539827.278478715] [offboard_waypoint_node]: [CONTROL_ARBITER] selected_source=super state=TRACKING
[super_planner_ros2_node-6] [INFO] [1786539827.479201235] [super_planner_ros2_node]: [PATH_PROGRESS] plan_id=2 vehicle_position=(0.491,-2.454) closest_index=14 previous_progress_index=14 selected_progress_index=14 lookahead_index=20 lookahead_arc_distance=0.300 navigation_setpoint=(0.785,-2.585) setpoint_clearance=0.580 control_mode=FOLLOWING
[offboard_waypoint_node-1] [INFO] [1786539827.629434709] [offboard_waypoint_node]: [OFFBOARD_TAKEOFF_IGNORED] state=4 reason=navigation_setpoint; preserve current flight transaction
[offboard_waypoint_node-1] [INFO] [1786539827.629511716] [offboard_waypoint_node]: Navigation setpoint NED=(-2.62, 0.82, -0.78) yaw=2.30 yaw_rate=-0.17
[super_planner_ros2_node-6] [INFO] [1786539827.728930404] [super_planner_ros2_node]: [FINAL_GOAL_CHECK] global_goal_id=2 distance_to_final=2.027 speed=0.283 confirm=0/10 final_goal_reached=false
[super_planner_ros2_node-6] [INFO] [1786539827.739369473] [super_planner_ros2_node]: [PATH_PROGRESS] plan_id=2 vehicle_position=(0.569,-2.466) closest_index=15 previous_progress_index=15 selected_progress_index=15 lookahead_index=21 lookahead_arc_distance=0.300 navigation_setpoint=(0.830,-2.630) setpoint_clearance=0.592 control_mode=FOLLOWING
[super_planner_ros2_node-6] [INFO] [1786539827.779514814] [super_planner_ros2_node]: SUPER_ROS2 mode=FOLLOWING enable_output=true reason=NAVIGATION_SETPOINT_PUBLISHED odom=(0.57,-2.47,0.62) goal=set tracking_setpoint_enu=(0.83,-2.63,0.78) setpoint_ned=(-2.63,0.83,-0.78) yaw(desired/cmd/rate)=(2.21/2.27/-0.16) cross_track=0.07 frame_id=px4_ned path_points=56 odom_source=/race/odom cloud_source=/saved_map mavros_connected=true
[super_planner_ros2_node-6] [INFO] [1786539827.979765358] [super_planner_ros2_node]: [PATH_PROGRESS] plan_id=2 vehicle_position=(0.623,-2.479) closest_index=16 previous_progress_index=16 selected_progress_index=16 lookahead_index=21 lookahead_arc_distance=0.300 navigation_setpoint=(0.863,-2.663) setpoint_clearance=0.604 control_mode=FOLLOWING
[offboard_waypoint_node-1] [INFO] [1786539827.996633753] [offboard_waypoint_node]: [EV_HEALTH] state=HEALTHY continuous_healthy=0.00s
[fastlio_bridge_node-2] [INFO] [1786539828.084412251] [fastlio_bridge_node]: 已桥接并转换里程计: ENU(0.68, -2.51, 0.61) -> NED(-2.51, 0.68, -0.61)
[super_planner_ros2_node-6] [INFO] [1786539828.229086008] [super_planner_ros2_node]: [PATH_PROGRESS] plan_id=2 vehicle_position=(0.707,-2.529) closest_index=17 previous_progress_index=17 selected_progress_index=17 lookahead_index=23 lookahead_arc_distance=0.300 navigation_setpoint=(0.930,-2.730) setpoint_clearance=0.639 control_mode=FOLLOWING
[super_planner_ros2_node-6] [INFO] [1786539828.278815054] [super_planner_ros2_node]: [FINAL_GOAL_CHECK] global_goal_id=2 distance_to_final=1.881 speed=0.351 confirm=0/10 final_goal_reached=false
[offboard_waypoint_node-1] [INFO] [1786539828.327805170] [offboard_waypoint_node]: [CONTROL_ARBITER] selected_source=super state=TRACKING
[super_planner_ros2_node-6] [INFO] [1786539828.429623169] [super_planner_ros2_node]: [PATH_PROGRESS] plan_id=2 vehicle_position=(0.759,-2.579) closest_index=18 previous_progress_index=18 selected_progress_index=18 lookahead_index=24 lookahead_arc_distance=0.300 navigation_setpoint=(0.981,-2.781) setpoint_clearance=0.674 control_mode=FOLLOWING
[super_planner_ros2_node-6] [INFO] [1786539828.679006366] [super_planner_ros2_node]: [PATH_PROGRESS] plan_id=2 vehicle_position=(0.819,-2.642) closest_index=20 previous_progress_index=20 selected_progress_index=20 lookahead_index=25 lookahead_arc_distance=0.300 navigation_setpoint=(1.043,-2.843) setpoint_clearance=0.723 control_mode=FOLLOWING
[offboard_waypoint_node-1] [INFO] [1786539828.679161027] [offboard_waypoint_node]: [OFFBOARD_TAKEOFF_IGNORED] state=4 reason=navigation_setpoint; preserve current flight transaction
[offboard_waypoint_node-1] [INFO] [1786539828.679224114] [offboard_waypoint_node]: Navigation setpoint NED=(-2.85, 1.04, -0.78) yaw=2.03 yaw_rate=-0.35
[super_planner_ros2_node-6] [INFO] [1786539828.778817670] [super_planner_ros2_node]: [FINAL_GOAL_CHECK] global_goal_id=2 distance_to_final=1.722 speed=0.436 confirm=0/10 final_goal_reached=false
[super_planner_ros2_node-6] [INFO] [1786539828.788370740] [super_planner_ros2_node]: SUPER_ROS2 mode=FOLLOWING enable_output=true reason=NAVIGATION_SETPOINT_PUBLISHED odom=(0.85,-2.67,0.59) goal=set tracking_setpoint_enu=(1.07,-2.87,0.78) setpoint_ned=(-2.87,1.07,-0.78) yaw(desired/cmd/rate)=(1.86/1.99/-0.36) cross_track=0.01 frame_id=px4_ned path_points=56 odom_source=/race/odom cloud_source=/saved_map mavros_connected=true
[super_planner_ros2_node-6] [INFO] [1786539828.879024022] [super_planner_ros2_node]: [PATH_PROGRESS] plan_id=2 vehicle_position=(0.879,-2.704) closest_index=21 previous_progress_index=21 selected_progress_index=21 lookahead_index=26 lookahead_arc_distance=0.300 navigation_setpoint=(1.116,-2.875) setpoint_clearance=0.749 control_mode=FOLLOWING
[super_planner_ros2_node-6] [INFO] [1786539829.079129428] [super_planner_ros2_node]: [PATH_PROGRESS] plan_id=2 vehicle_position=(0.935,-2.763) closest_index=22 previous_progress_index=22 selected_progress_index=22 lookahead_index=28 lookahead_arc_distance=0.300 navigation_setpoint=(1.197,-2.875) setpoint_clearance=0.750 control_mode=FOLLOWING
[offboard_waypoint_node-1] [INFO] [1786539829.328481142] [offboard_waypoint_node]: [CONTROL_ARBITER] selected_source=super state=TRACKING
[super_planner_ros2_node-6] [INFO] [1786539829.328886024] [super_planner_ros2_node]: [FINAL_GOAL_CHECK] global_goal_id=2 distance_to_final=1.559 speed=0.314 confirm=0/10 final_goal_reached=false
[super_planner_ros2_node-6] [INFO] [1786539829.335186669] [super_planner_ros2_node]: [PATH_PROGRESS] plan_id=2 vehicle_position=(1.010,-2.832) closest_index=23 previous_progress_index=23 selected_progress_index=23 lookahead_index=30 lookahead_arc_distance=0.300 navigation_setpoint=(1.299,-2.875) setpoint_clearance=0.761 control_mode=FOLLOWING
[super_planner_ros2_node-6] [INFO] [1786539829.578901055] [super_planner_ros2_node]: [PATH_PROGRESS] plan_id=2 vehicle_position=(1.055,-2.865) closest_index=24 previous_progress_index=24 selected_progress_index=24 lookahead_index=31 lookahead_arc_distance=0.300 navigation_setpoint=(1.353,-2.875) setpoint_clearance=0.768 control_mode=FOLLOWING
[offboard_waypoint_node-1] [INFO] [1786539829.679362634] [offboard_waypoint_node]: [OFFBOARD_TAKEOFF_IGNORED] state=4 reason=navigation_setpoint; preserve current flight transaction
[offboard_waypoint_node-1] [INFO] [1786539829.679473443] [offboard_waypoint_node]: Navigation setpoint NED=(-2.88, 1.38, -0.78) yaw=1.61 yaw_rate=-0.39
[super_planner_ros2_node-6] [INFO] [1786539829.778905726] [super_planner_ros2_node]: [PATH_PROGRESS] plan_id=2 vehicle_position=(1.101,-2.883) closest_index=25 previous_progress_index=25 selected_progress_index=25 lookahead_index=32 lookahead_arc_distance=0.300 navigation_setpoint=(1.401,-2.875) setpoint_clearance=0.777 control_mode=FOLLOWING
[super_planner_ros2_node-6] [INFO] [1786539829.829060052] [super_planner_ros2_node]: SUPER_ROS2 mode=FOLLOWING enable_output=true reason=NAVIGATION_SETPOINT_PUBLISHED odom=(1.12,-2.89,0.63) goal=set tracking_setpoint_enu=(1.42,-2.88,0.78) setpoint_ned=(-2.88,1.42,-0.78) yaw(desired/cmd/rate)=(1.44/1.56/-0.33) cross_track=0.01 frame_id=px4_ned path_points=56 odom_source=/race/odom cloud_source=/saved_map mavros_connected=true
[super_planner_ros2_node-6] [INFO] [1786539829.878758400] [super_planner_ros2_node]: [FINAL_GOAL_CHECK] global_goal_id=2 distance_to_final=1.448 speed=0.218 confirm=0/10 final_goal_reached=false
[super_planner_ros2_node-6] [INFO] [1786539829.979922696] [super_planner_ros2_node]: [PATH_PROGRESS] plan_id=2 vehicle_position=(1.142,-2.896) closest_index=26 previous_progress_index=26 selected_progress_index=26 lookahead_index=33 lookahead_arc_distance=0.300 navigation_setpoint=(1.442,-2.875) setpoint_clearance=0.788 control_mode=FOLLOWING
[fastlio_bridge_node-2] [INFO] [1786539830.084274776] [fastlio_bridge_node]: 已桥接并转换里程计: ENU(1.18, -2.91, 0.63) -> NED(-2.91, 1.18, -0.63)
[super_planner_ros2_node-6] [INFO] [1786539830.228928399] [super_planner_ros2_node]: [PATH_PROGRESS] plan_id=2 vehicle_position=(1.208,-2.908) closest_index=27 previous_progress_index=27 selected_progress_index=27 lookahead_index=34 lookahead_arc_distance=0.300 navigation_setpoint=(1.508,-2.875) setpoint_clearance=0.808 control_mode=FOLLOWING
[offboard_waypoint_node-1] [INFO] [1786539830.377696012] [offboard_waypoint_node]: [CONTROL_ARBITER] selected_source=super state=TRACKING
[super_planner_ros2_node-6] [INFO] [1786539830.428706979] [super_planner_ros2_node]: [FINAL_GOAL_CHECK] global_goal_id=2 distance_to_final=1.323 speed=0.232 confirm=0/10 final_goal_reached=false
[super_planner_ros2_node-6] [INFO] [1786539830.433560466] [super_planner_ros2_node]: [PATH_PROGRESS] plan_id=2 vehicle_position=(1.251,-2.918) closest_index=28 previous_progress_index=28 selected_progress_index=28 lookahead_index=35 lookahead_arc_distance=0.300 navigation_setpoint=(1.551,-2.875) setpoint_clearance=0.825 control_mode=FOLLOWING
[super_planner_ros2_node-6] [INFO] [1786539830.678994485] [super_planner_ros2_node]: [PATH_PROGRESS] plan_id=2 vehicle_position=(1.291,-2.934) closest_index=29 previous_progress_index=29 selected_progress_index=29 lookahead_index=36 lookahead_arc_distance=0.300 navigation_setpoint=(1.591,-2.875) setpoint_clearance=0.841 control_mode=FOLLOWING
[offboard_waypoint_node-1] [INFO] [1786539830.729213407] [offboard_waypoint_node]: [OFFBOARD_TAKEOFF_IGNORED] state=4 reason=navigation_setpoint; preserve current flight transaction
[offboard_waypoint_node-1] [INFO] [1786539830.729275145] [offboard_waypoint_node]: Navigation setpoint NED=(-2.88, 1.61, -0.78) yaw=1.45 yaw_rate=-0.03
[super_planner_ros2_node-6] [INFO] [1786539830.829141667] [super_planner_ros2_node]: SUPER_ROS2 mode=FOLLOWING enable_output=true reason=NAVIGATION_SETPOINT_PUBLISHED odom=(1.33,-2.95,0.68) goal=set tracking_setpoint_enu=(1.63,-2.88,0.78) setpoint_ned=(-2.88,1.63,-0.78) yaw(desired/cmd/rate)=(1.44/1.45/-0.02) cross_track=0.08 frame_id=px4_ned path_points=56 odom_source=/race/odom cloud_source=/saved_map mavros_connected=true
[super_planner_ros2_node-6] [INFO] [1786539830.928852163] [super_planner_ros2_node]: [PATH_PROGRESS] plan_id=2 vehicle_position=(1.354,-2.956) closest_index=30 previous_progress_index=30 selected_progress_index=30 lookahead_index=37 lookahead_arc_distance=0.300 navigation_setpoint=(1.654,-2.875) setpoint_clearance=0.871 control_mode=FOLLOWING
[super_planner_ros2_node-6] [INFO] [1786539830.978675079] [super_planner_ros2_node]: [FINAL_GOAL_CHECK] global_goal_id=2 distance_to_final=1.225 speed=0.226 confirm=0/10 final_goal_reached=false
[super_planner_ros2_node-6] [INFO] [1786539831.178869897] [super_planner_ros2_node]: [PATH_PROGRESS] plan_id=2 vehicle_position=(1.389,-2.976) closest_index=31 previous_progress_index=31 selected_progress_index=31 lookahead_index=38 lookahead_arc_distance=0.300 navigation_setpoint=(1.689,-2.875) setpoint_clearance=0.889 control_mode=FOLLOWING
[offboard_waypoint_node-1] [INFO] [1786539831.428439758] [offboard_waypoint_node]: [CONTROL_ARBITER] selected_source=super state=TRACKING
[super_planner_ros2_node-6] [INFO] [1786539831.429710173] [super_planner_ros2_node]: [PATH_PROGRESS] plan_id=2 vehicle_position=(1.447,-3.002) closest_index=32 previous_progress_index=32 selected_progress_index=32 lookahead_index=39 lookahead_arc_distance=0.300 navigation_setpoint=(1.740,-2.860) setpoint_clearance=0.904 control_mode=FOLLOWING
[super_planner_ros2_node-6] [INFO] [1786539831.528724670] [super_planner_ros2_node]: [FINAL_GOAL_CHECK] global_goal_id=2 distance_to_final=1.125 speed=0.215 confirm=0/10 final_goal_reached=false
[super_planner_ros2_node-6] [INFO] [1786539831.629932273] [super_planner_ros2_node]: [PATH_PROGRESS] plan_id=2 vehicle_position=(1.485,-3.019) closest_index=33 previous_progress_index=32 selected_progress_index=33 lookahead_index=39 lookahead_arc_distance=0.300 navigation_setpoint=(1.768,-2.832) setpoint_clearance=0.898 control_mode=FOLLOWING
[offboard_waypoint_node-1] [INFO] [1786539831.778967048] [offboard_waypoint_node]: [OFFBOARD_TAKEOFF_IGNORED] state=4 reason=navigation_setpoint; preserve current flight transaction
[offboard_waypoint_node-1] [INFO] [1786539831.779028368] [offboard_waypoint_node]: Navigation setpoint NED=(-2.83, 1.79, -0.78) yaw=1.44 yaw_rate=-0.00
[super_planner_ros2_node-6] [INFO] [1786539831.829828189] [super_planner_ros2_node]: SUPER_ROS2 mode=FOLLOWING enable_output=true reason=NAVIGATION_SETPOINT_PUBLISHED odom=(1.53,-3.03,0.71) goal=set tracking_setpoint_enu=(1.81,-2.82,0.78) setpoint_ned=(-2.82,1.81,-0.78) yaw(desired/cmd/rate)=(1.44/1.44/-0.00) cross_track=0.15 frame_id=px4_ned path_points=56 odom_source=/race/odom cloud_source=/saved_map mavros_connected=true
[super_planner_ros2_node-6] [INFO] [1786539831.878839554] [super_planner_ros2_node]: [PATH_PROGRESS] plan_id=2 vehicle_position=(1.531,-3.030) closest_index=34 previous_progress_index=34 selected_progress_index=34 lookahead_index=40 lookahead_arc_distance=0.300 navigation_setpoint=(1.810,-2.825) setpoint_clearance=0.919 control_mode=FOLLOWING
[super_planner_ros2_node-6] [INFO] [1786539832.078603912] [super_planner_ros2_node]: [FINAL_GOAL_CHECK] global_goal_id=2 distance_to_final=1.031 speed=0.157 confirm=0/10 final_goal_reached=false
[fastlio_bridge_node-2] [INFO] [1786539832.082866418] [fastlio_bridge_node]: 已桥接并转换里程计: ENU(1.58, -3.02, 0.70) -> NED(-3.02, 1.58, -0.70)
[super_planner_ros2_node-6] [INFO] [1786539832.085558660] [super_planner_ros2_node]: [PATH_PROGRESS] plan_id=2 vehicle_position=(1.562,-3.019) closest_index=34 previous_progress_index=34 selected_progress_index=34 lookahead_index=41 lookahead_arc_distance=0.300 navigation_setpoint=(1.837,-2.813) setpoint_clearance=0.927 control_mode=FOLLOWING
[super_planner_ros2_node-6] [INFO] [1786539832.328798495] [super_planner_ros2_node]: [PATH_PROGRESS] plan_id=2 vehicle_position=(1.608,-3.006) closest_index=35 previous_progress_index=35 selected_progress_index=35 lookahead_index=41 lookahead_arc_distance=0.300 navigation_setpoint=(1.869,-2.781) setpoint_clearance=0.925 control_mode=FOLLOWING
[offboard_waypoint_node-1] [INFO] [1786539832.477600408] [offboard_waypoint_node]: [CONTROL_ARBITER] selected_source=super state=TRACKING
[offboard_waypoint_node-1] [INFO] [1786539832.520654040] [offboard_waypoint_node]: [EV_HEALTH] state=SUSPECT continuous_healthy=0.00s
[super_planner_ros2_node-6] [INFO] [1786539832.578808460] [super_planner_ros2_node]: [FINAL_GOAL_CHECK] global_goal_id=2 distance_to_final=0.950 speed=0.130 confirm=0/10 final_goal_reached=false
[super_planner_ros2_node-6] [INFO] [1786539832.590612363] [super_planner_ros2_node]: [PATH_PROGRESS] plan_id=2 vehicle_position=(1.643,-3.012) closest_index=36 previous_progress_index=36 selected_progress_index=36 lookahead_index=42 lookahead_arc_distance=0.300 navigation_setpoint=(1.901,-2.775) setpoint_clearance=0.944 control_mode=FOLLOWING
[offboard_waypoint_node-1] [INFO] [1786539832.781649677] [offboard_waypoint_node]: [OFFBOARD_TAKEOFF_IGNORED] state=4 reason=navigation_setpoint; preserve current flight transaction
[offboard_waypoint_node-1] [INFO] [1786539832.781877756] [offboard_waypoint_node]: Navigation setpoint NED=(-2.78, 1.92, -0.78) yaw=1.44 yaw_rate=-0.00
[super_planner_ros2_node-6] [INFO] [1786539832.828758030] [super_planner_ros2_node]: [PATH_PROGRESS] plan_id=2 vehicle_position=(1.660,-3.027) closest_index=36 previous_progress_index=36 selected_progress_index=36 lookahead_index=42 lookahead_arc_distance=0.300 navigation_setpoint=(1.919,-2.775) setpoint_clearance=0.956 control_mode=FOLLOWING
[super_planner_ros2_node-6] [INFO] [1786539832.878808432] [super_planner_ros2_node]: SUPER_ROS2 mode=FOLLOWING enable_output=true reason=NAVIGATION_SETPOINT_PUBLISHED odom=(1.66,-3.03,0.68) goal=set tracking_setpoint_enu=(1.92,-2.78,0.78) setpoint_ned=(-2.78,1.92,-0.78) yaw(desired/cmd/rate)=(1.44/1.44/-0.00) cross_track=0.15 frame_id=px4_ned path_points=56 odom_source=/race/odom cloud_source=/saved_map mavros_connected=true
[super_planner_ros2_node-6] [INFO] [1786539833.080249530] [super_planner_ros2_node]: [FINAL_GOAL_CHECK] global_goal_id=2 distance_to_final=0.930 speed=0.102 confirm=0/10 final_goal_reached=false
[super_planner_ros2_node-6] [INFO] [1786539833.098172088] [super_planner_ros2_node]: [PATH_PROGRESS] plan_id=2 vehicle_position=(1.668,-3.028) closest_index=36 previous_progress_index=36 selected_progress_index=36 lookahead_index=43 lookahead_arc_distance=0.300 navigation_setpoint=(1.926,-2.775) setpoint_clearance=0.962 control_mode=FOLLOWING
[super_planner_ros2_node-6] [INFO] [1786539833.328749559] [super_planner_ros2_node]: [PATH_PROGRESS] plan_id=2 vehicle_position=(1.675,-3.026) closest_index=37 previous_progress_index=37 selected_progress_index=37 lookahead_index=43 lookahead_arc_distance=0.300 navigation_setpoint=(1.934,-2.775) setpoint_clearance=0.967 control_mode=FOLLOWING
[offboard_waypoint_node-1] [INFO] [1786539833.477805659] [offboard_waypoint_node]: [CONTROL_ARBITER] selected_source=super state=TRACKING
[super_planner_ros2_node-6] [INFO] [1786539833.578806615] [super_planner_ros2_node]: [PATH_PROGRESS] plan_id=2 vehicle_position=(1.787,-2.982) closest_index=37 previous_progress_index=37 selected_progress_index=37 lookahead_index=44 lookahead_arc_distance=0.300 navigation_setpoint=(1.984,-2.775) setpoint_clearance=0.993 control_mode=FOLLOWING
[super_planner_ros2_node-6] [INFO] [1786539833.628695307] [super_planner_ros2_node]: [FINAL_GOAL_CHECK] global_goal_id=2 distance_to_final=0.770 speed=0.341 confirm=0/10 final_goal_reached=false
[super_planner_ros2_node-6] [INFO] [1786539833.786588598] [super_planner_ros2_node]: [PATH_PROGRESS] plan_id=2 vehicle_position=(1.835,-2.932) closest_index=39 previous_progress_index=39 selected_progress_index=39 lookahead_index=46 lookahead_arc_distance=0.300 navigation_setpoint=(2.104,-2.775) setpoint_clearance=0.954 control_mode=FOLLOWING
[offboard_waypoint_node-1] [INFO] [1786539833.786640249] [offboard_waypoint_node]: [OFFBOARD_TAKEOFF_IGNORED] state=4 reason=navigation_setpoint; preserve current flight transaction
[offboard_waypoint_node-1] [INFO] [1786539833.786691881] [offboard_waypoint_node]: Navigation setpoint NED=(-2.78, 2.11, -0.78) yaw=1.47 yaw_rate=0.20
[super_planner_ros2_node-6] [INFO] [1786539833.879618856] [super_planner_ros2_node]: SUPER_ROS2 mode=FOLLOWING enable_output=true reason=NAVIGATION_SETPOINT_PUBLISHED odom=(1.86,-2.91,0.61) goal=set tracking_setpoint_enu=(2.10,-2.78,0.78) setpoint_ned=(-2.78,2.10,-0.78) yaw(desired/cmd/rate)=(1.54/1.48/0.16) cross_track=0.09 frame_id=px4_ned path_points=56 odom_source=/race/odom cloud_source=/saved_map mavros_connected=true
[super_planner_ros2_node-6] [INFO] [1786539834.029107209] [super_planner_ros2_node]: [PATH_PROGRESS] plan_id=2 vehicle_position=(1.887,-2.865) closest_index=40 previous_progress_index=39 selected_progress_index=40 lookahead_index=46 lookahead_arc_distance=0.300 navigation_setpoint=(2.120,-2.775) setpoint_clearance=0.949 control_mode=FOLLOWING
[fastlio_bridge_node-2] [INFO] [1786539834.094700884] [fastlio_bridge_node]: 已桥接并转换里程计: ENU(1.91, -2.84, 0.60) -> NED(-2.84, 1.91, -0.60)
[super_planner_ros2_node-6] [INFO] [1786539834.178560610] [super_planner_ros2_node]: [FINAL_GOAL_CHECK] global_goal_id=2 distance_to_final=0.662 speed=0.283 confirm=0/10 final_goal_reached=false
[super_planner_ros2_node-6] [INFO] [1786539834.278922534] [super_planner_ros2_node]: [PATH_PROGRESS] plan_id=2 vehicle_position=(1.930,-2.824) closest_index=42 previous_progress_index=42 selected_progress_index=42 lookahead_index=49 lookahead_arc_distance=0.300 navigation_setpoint=(2.230,-2.775) setpoint_clearance=0.916 control_mode=FOLLOWING
[offboard_waypoint_node-1] [INFO] [1786539834.527668977] [offboard_waypoint_node]: [CONTROL_ARBITER] selected_source=super state=TRACKING
[super_planner_ros2_node-6] [INFO] [1786539834.528812955] [super_planner_ros2_node]: [PATH_PROGRESS] plan_id=2 vehicle_position=(2.000,-2.785) closest_index=43 previous_progress_index=42 selected_progress_index=43 lookahead_index=50 lookahead_arc_distance=0.300 navigation_setpoint=(2.300,-2.775) setpoint_clearance=0.901 control_mode=FOLLOWING
[super_planner_ros2_node-6] [INFO] [1786539834.728488280] [super_planner_ros2_node]: [FINAL_GOAL_CHECK] global_goal_id=2 distance_to_final=0.519 speed=0.266 confirm=0/10 final_goal_reached=false
[super_planner_ros2_node-6] [INFO] [1786539834.737842085] [super_planner_ros2_node]: [PATH_PROGRESS] plan_id=2 vehicle_position=(2.052,-2.758) closest_index=44 previous_progress_index=44 selected_progress_index=44 lookahead_index=51 lookahead_arc_distance=0.300 navigation_setpoint=(2.352,-2.775) setpoint_clearance=0.894 control_mode=FOLLOWING
[offboard_waypoint_node-1] [INFO] [1786539834.829087696] [offboard_waypoint_node]: [OFFBOARD_TAKEOFF_IGNORED] state=4 reason=navigation_setpoint; preserve current flight transaction
[offboard_waypoint_node-1] [INFO] [1786539834.829167228] [offboard_waypoint_node]: Navigation setpoint NED=(-2.78, 2.38, -0.78) yaw=1.60 yaw_rate=0.06
[super_planner_ros2_node-6] [INFO] [1786539834.928769335] [super_planner_ros2_node]: SUPER_ROS2 mode=FOLLOWING enable_output=true reason=NAVIGATION_SETPOINT_PUBLISHED odom=(2.10,-2.73,0.55) goal=set tracking_setpoint_enu=(2.40,-2.78,0.78) setpoint_ned=(-2.78,2.40,-0.78) yaw(desired/cmd/rate)=(1.62/1.60/0.05) cross_track=0.04 frame_id=px4_ned path_points=56 odom_source=/race/odom cloud_source=/saved_map mavros_connected=true
[super_planner_ros2_node-6] [INFO] [1786539834.978673194] [super_planner_ros2_node]: [PATH_PROGRESS] plan_id=2 vehicle_position=(2.098,-2.735) closest_index=45 previous_progress_index=45 selected_progress_index=45 lookahead_index=52 lookahead_arc_distance=0.300 navigation_setpoint=(2.398,-2.775) setpoint_clearance=0.890 control_mode=FOLLOWING
[super_planner_ros2_node-6] [INFO] [1786539835.228657959] [super_planner_ros2_node]: [PATH_PROGRESS] plan_id=2 vehicle_position=(2.148,-2.706) closest_index=46 previous_progress_index=46 selected_progress_index=46 lookahead_index=53 lookahead_arc_distance=0.300 navigation_setpoint=(2.448,-2.775) setpoint_clearance=0.888 control_mode=FOLLOWING
[super_planner_ros2_node-6] [INFO] [1786539835.278490530] [super_planner_ros2_node]: [FINAL_GOAL_CHECK] global_goal_id=2 distance_to_final=0.431 speed=0.176 confirm=0/10 final_goal_reached=false
[super_planner_ros2_node-6] [INFO] [1786539835.478620452] [super_planner_ros2_node]: [PATH_PROGRESS] plan_id=2 vehicle_position=(2.175,-2.683) closest_index=46 previous_progress_index=46 selected_progress_index=46 lookahead_index=53 lookahead_arc_distance=0.300 navigation_setpoint=(2.475,-2.775) setpoint_clearance=0.888 control_mode=FOLLOWING
[offboard_waypoint_node-1] [INFO] [1786539835.577633063] [offboard_waypoint_node]: [CONTROL_ARBITER] selected_source=super state=TRACKING
[offboard_waypoint_node-1] [INFO] [1786539835.587974489] [offboard_waypoint_node]: [EV_HEALTH] state=HEALTHY continuous_healthy=0.00s
[super_planner_ros2_node-6] [INFO] [1786539835.728596481] [super_planner_ros2_node]: [PATH_PROGRESS] plan_id=2 vehicle_position=(2.217,-2.657) closest_index=47 previous_progress_index=47 selected_progress_index=47 lookahead_index=54 lookahead_arc_distance=0.300 navigation_setpoint=(2.517,-2.775) setpoint_clearance=0.890 control_mode=FOLLOWING
[super_planner_ros2_node-6] [INFO] [1786539835.828449453] [super_planner_ros2_node]: [FINAL_GOAL_CHECK] global_goal_id=2 distance_to_final=0.361 speed=0.229 confirm=0/10 final_goal_reached=false
[offboard_waypoint_node-1] [INFO] [1786539835.835083880] [offboard_waypoint_node]: [OFFBOARD_TAKEOFF_IGNORED] state=4 reason=navigation_setpoint; preserve current flight transaction
[offboard_waypoint_node-1] [INFO] [1786539835.835142314] [offboard_waypoint_node]: Navigation setpoint NED=(-2.79, 2.54, -0.78) yaw=1.63 yaw_rate=0.03
[super_planner_ros2_node-6] [INFO] [1786539835.978570762] [super_planner_ros2_node]: [PATH_PROGRESS] plan_id=2 vehicle_position=(2.260,-2.641) closest_index=48 previous_progress_index=48 selected_progress_index=48 lookahead_index=55 lookahead_arc_distance=0.300 navigation_setpoint=(2.556,-2.792) setpoint_clearance=0.880 control_mode=FOLLOWING
[super_planner_ros2_node-6] [INFO] [1786539835.978664917] [super_planner_ros2_node]: SUPER_ROS2 mode=FOLLOWING enable_output=true reason=NAVIGATION_SETPOINT_PUBLISHED odom=(2.26,-2.64,0.56) goal=set tracking_setpoint_enu=(2.56,-2.79,0.78) setpoint_ned=(-2.79,2.56,-0.78) yaw(desired/cmd/rate)=(1.65/1.64/0.03) cross_track=0.13 frame_id=px4_ned path_points=56 odom_source=/race/odom cloud_source=/saved_map mavros_connected=true
[fastlio_bridge_node-2] [INFO] [1786539836.082005715] [fastlio_bridge_node]: 已桥接并转换里程计: ENU(2.31, -2.63, 0.56) -> NED(-2.63, 2.31, -0.56)
[super_planner_ros2_node-6] [INFO] [1786539836.228993408] [super_planner_ros2_node]: [PATH_PROGRESS] plan_id=2 vehicle_position=(2.335,-2.627) closest_index=50 previous_progress_index=49 selected_progress_index=50 lookahead_index=55 lookahead_arc_distance=0.300 navigation_setpoint=(2.569,-2.799) setpoint_clearance=0.875 control_mode=FOLLOWING
[super_planner_ros2_node-6] [INFO] [1786539836.378383790] [super_planner_ros2_node]: [FINAL_GOAL_CHECK] global_goal_id=2 distance_to_final=0.268 speed=0.296 confirm=0/10 final_goal_reached=false
[super_planner_ros2_node-6] [INFO] [1786539836.479289759] [super_planner_ros2_node]: [PATH_PROGRESS] plan_id=2 vehicle_position=(2.396,-2.626) closest_index=51 previous_progress_index=51 selected_progress_index=51 lookahead_index=55 lookahead_arc_distance=0.300 navigation_setpoint=(2.569,-2.799) setpoint_clearance=0.875 control_mode=FOLLOWING
[offboard_waypoint_node-1] [INFO] [1786539836.578881290] [offboard_waypoint_node]: [CONTROL_ARBITER] selected_source=super state=TRACKING
[super_planner_ros2_node-6] [INFO] [1786539836.729315526] [super_planner_ros2_node]: [PATH_PROGRESS] plan_id=2 vehicle_position=(2.487,-2.637) closest_index=53 previous_progress_index=52 selected_progress_index=53 lookahead_index=55 lookahead_arc_distance=0.300 navigation_setpoint=(2.569,-2.799) setpoint_clearance=0.875 control_mode=FOLLOWING
[super_planner_ros2_node-6] [INFO] [1786539836.878561786] [super_planner_ros2_node]: [FINAL_GOAL_CHECK] global_goal_id=2 distance_to_final=0.163 speed=0.264 confirm=0/10 final_goal_reached=false
[offboard_waypoint_node-1] [INFO] [1786539836.886887408] [offboard_waypoint_node]: [OFFBOARD_TAKEOFF_IGNORED] state=4 reason=navigation_setpoint; preserve current flight transaction
[offboard_waypoint_node-1] [INFO] [1786539836.886985097] [offboard_waypoint_node]: Navigation setpoint NED=(-2.81, 2.57, -0.78) yaw=1.81 yaw_rate=0.51
[super_planner_ros2_node-6] [INFO] [1786539836.979320154] [super_planner_ros2_node]: [PATH_PROGRESS] plan_id=2 vehicle_position=(2.540,-2.653) closest_index=53 previous_progress_index=53 selected_progress_index=53 lookahead_index=55 lookahead_arc_distance=0.300 navigation_setpoint=(2.569,-2.799) setpoint_clearance=0.875 control_mode=FOLLOWING
[super_planner_ros2_node-6] [INFO] [1786539836.979864132] [super_planner_ros2_node]: SUPER_ROS2 mode=FOLLOWING enable_output=true reason=NAVIGATION_SETPOINT_PUBLISHED odom=(2.54,-2.65,0.63) goal=set tracking_setpoint_enu=(2.57,-2.80,0.78) setpoint_ned=(-2.80,2.57,-0.78) yaw(desired/cmd/rate)=(2.07/1.86/0.59) cross_track=0.12 frame_id=px4_ned path_points=56 odom_source=/race/odom cloud_source=/saved_map mavros_connected=true
[super_planner_ros2_node-6] [INFO] [1786539837.228642419] [super_planner_ros2_node]: [PATH_PROGRESS] plan_id=2 vehicle_position=(2.594,-2.681) closest_index=54 previous_progress_index=53 selected_progress_index=54 lookahead_index=55 lookahead_arc_distance=0.300 navigation_setpoint=(2.569,-2.799) setpoint_clearance=0.875 control_mode=FOLLOWING
[super_planner_ros2_node-6] [INFO] [1786539837.379572698] [super_planner_ros2_node]: [FINAL_GOAL_CHECK] global_goal_id=2 distance_to_final=0.120 speed=0.150 confirm=0/10 final_goal_reached=false
[super_planner_ros2_node-6] [INFO] [1786539837.430023494] [super_planner_ros2_node]: [PATH_PROGRESS] plan_id=2 vehicle_position=(2.627,-2.694) closest_index=54 previous_progress_index=54 selected_progress_index=54 lookahead_index=55 lookahead_arc_distance=0.300 navigation_setpoint=(2.569,-2.799) setpoint_clearance=0.875 control_mode=FOLLOWING
[offboard_waypoint_node-1] [INFO] [1786539837.627338475] [offboard_waypoint_node]: [CONTROL_ARBITER] selected_source=super state=TRACKING
[super_planner_ros2_node-6] [INFO] [1786539837.678678472] [super_planner_ros2_node]: [PATH_PROGRESS] plan_id=2 vehicle_position=(2.641,-2.699) closest_index=54 previous_progress_index=54 selected_progress_index=54 lookahead_index=55 lookahead_arc_distance=0.300 navigation_setpoint=(2.569,-2.799) setpoint_clearance=0.875 control_mode=FOLLOWING
[super_planner_ros2_node-6] [INFO] [1786539837.928385542] [super_planner_ros2_node]: [FINAL_GOAL_CHECK] global_goal_id=2 distance_to_final=0.113 speed=0.071 confirm=0/10 final_goal_reached=false
[super_planner_ros2_node-6] [INFO] [1786539837.940577663] [super_planner_ros2_node]: [PATH_PROGRESS] plan_id=2 vehicle_position=(2.648,-2.719) closest_index=54 previous_progress_index=54 selected_progress_index=54 lookahead_index=55 lookahead_arc_distance=0.300 navigation_setpoint=(2.569,-2.799) setpoint_clearance=0.875 control_mode=FOLLOWING
[offboard_waypoint_node-1] [INFO] [1786539837.940925179] [offboard_waypoint_node]: [OFFBOARD_TAKEOFF_IGNORED] state=4 reason=navigation_setpoint; preserve current flight transaction
[offboard_waypoint_node-1] [INFO] [1786539837.941011102] [offboard_waypoint_node]: Navigation setpoint NED=(-2.81, 2.57, -0.78) yaw=1.95 yaw_rate=0.00
[super_planner_ros2_node-6] [INFO] [1786539838.028460191] [super_planner_ros2_node]: SUPER_ROS2 mode=FOLLOWING enable_output=true reason=NAVIGATION_SETPOINT_PUBLISHED odom=(2.65,-2.73,0.69) goal=set tracking_setpoint_enu=(2.57,-2.80,0.78) setpoint_ned=(-2.80,2.57,-0.78) yaw(desired/cmd/rate)=(2.07/1.95/0.00) cross_track=0.11 frame_id=px4_ned path_points=56 odom_source=/race/odom cloud_source=/saved_map mavros_connected=true
[super_planner_ros2_node-6] [INFO] [1786539838.178571255] [super_planner_ros2_node]: [PATH_PROGRESS] plan_id=2 vehicle_position=(2.639,-2.738) closest_index=54 previous_progress_index=54 selected_progress_index=54 lookahead_index=55 lookahead_arc_distance=0.300 navigation_setpoint=(2.569,-2.799) setpoint_clearance=0.875 control_mode=FOLLOWING
[super_planner_ros2_node-6] [INFO] [1786539838.428480112] [super_planner_ros2_node]: [PATH_PROGRESS] plan_id=2 vehicle_position=(2.618,-2.761) closest_index=54 previous_progress_index=54 selected_progress_index=54 lookahead_index=55 lookahead_arc_distance=0.300 navigation_setpoint=(2.569,-2.799) setpoint_clearance=0.875 control_mode=FOLLOWING
[super_planner_ros2_node-6] [INFO] [1786539838.478585806] [super_planner_ros2_node]: [FINAL_GOAL_CHECK] global_goal_id=2 distance_to_final=0.062 speed=0.099 confirm=0/10 final_goal_reached=false
[offboard_waypoint_node-1] [INFO] [1786539838.627350705] [offboard_waypoint_node]: [CONTROL_ARBITER] selected_source=super state=TRACKING
[super_planner_ros2_node-6] [INFO] [1786539838.678414333] [super_planner_ros2_node]: [PATH_PROGRESS] plan_id=2 vehicle_position=(2.606,-2.769) closest_index=54 previous_progress_index=54 selected_progress_index=54 lookahead_index=55 lookahead_arc_distance=0.300 navigation_setpoint=(2.569,-2.799) setpoint_clearance=0.875 control_mode=FOLLOWING
[offboard_waypoint_node-1] [WARN] [1786539838.727124299] [offboard_waypoint_node]: [GOAL_REACHED_HOLD] trigger_source=direct_final_goal active_goal_id=2 global_goal_id=2
[offboard_waypoint_node-1] [WARN] [1786539838.727200762] [offboard_waypoint_node]: [HOLD_POSITION] x=-2.807 y=2.601 z=-0.727 yaw=1.957 reason=confirmed final goal reached
[offboard_waypoint_node-1] [WARN] [1786539838.727233107] [offboard_waypoint_node]: [CONTROL_STATE] TRACKING -> BRAKING: confirmed final goal reached
[super_planner_ros2_node-6] [INFO] [1786539838.929257838] [super_planner_ros2_node]: [PATH_PROGRESS] plan_id=2 vehicle_position=(2.588,-2.772) closest_index=54 previous_progress_index=54 selected_progress_index=54 lookahead_index=55 lookahead_arc_distance=0.300 navigation_setpoint=(2.569,-2.799) setpoint_clearance=0.875 control_mode=FOLLOWING
[offboard_waypoint_node-1] [WARN] [1786539838.978228023] [offboard_waypoint_node]: [HOLD_POSITION] x=-2.803 y=2.587 z=-0.727 yaw=1.962 reason=vehicle stopped after braking
[offboard_waypoint_node-1] [WARN] [1786539838.978471066] [offboard_waypoint_node]: [CONTROL_STATE] BRAKING -> GOAL_REACHED_HOLD: vehicle stopped
[offboard_waypoint_node-1] [INFO] [1786539838.978534308] [offboard_waypoint_node]: [HOLD_ERROR] position_error=0.000 velocity=0.047 state=GOAL_REACHED_HOLD
[offboard_waypoint_node-1] [INFO] [1786539838.984467659] [offboard_waypoint_node]: [OFFBOARD_TAKEOFF_IGNORED] state=4 reason=navigation_setpoint; preserve current flight transaction
[offboard_waypoint_node-1] [INFO] [1786539838.984609738] [offboard_waypoint_node]: Navigation setpoint NED=(-2.81, 2.57, -0.78) yaw=1.95 yaw_rate=0.00
[super_planner_ros2_node-6] [INFO] [1786539839.028294330] [super_planner_ros2_node]: [FINAL_GOAL_CHECK] global_goal_id=2 distance_to_final=0.034 speed=0.045 confirm=9/10 final_goal_reached=false
[super_planner_ros2_node-6] [INFO] [1786539839.043499199] [super_planner_ros2_node]: SUPER_ROS2 mode=FOLLOWING enable_output=true reason=NAVIGATION_SETPOINT_PUBLISHED odom=(2.58,-2.77,0.71) goal=set tracking_setpoint_enu=(2.57,-2.80,0.78) setpoint_ned=(-2.80,2.57,-0.78) yaw(desired/cmd/rate)=(2.07/1.95/0.00) cross_track=0.03 frame_id=px4_ned path_points=56 odom_source=/race/odom cloud_source=/saved_map mavros_connected=true
[super_planner_ros2_node-6] [WARN] [1786539839.078471613] [super_planner_ros2_node]: [GOAL_REACHED_HOLD] trigger_source=super_final_goal global_goal_id=2 distance=0.034 speed=0.045
[super_planner_ros2_node-6] [WARN] [1786539839.078736182] [super_planner_ros2_node]: GOAL_REACHED: holding current position; publishing safe hold
[super_planner_ros2_node-6] [INFO] [1786539839.578294438] [super_planner_ros2_node]: [FINAL_GOAL_CHECK] global_goal_id=2 distance_to_final=0.065 speed=0.072 confirm=2/10 final_goal_reached=true
[offboard_waypoint_node-1] [INFO] [1786539839.627374969] [offboard_waypoint_node]: [CONTROL_ARBITER] selected_source=goal_hold state=GOAL_REACHED_HOLD
[offboard_waypoint_node-1] [INFO] [1786539840.027741501] [offboard_waypoint_node]: [HOLD_ERROR] position_error=0.068 velocity=0.032 state=GOAL_REACHED_HOLD
[offboard_waypoint_node-1] [INFO] [1786539840.030272336] [offboard_waypoint_node]: [OFFBOARD_TAKEOFF_IGNORED] state=4 reason=navigation_setpoint; preserve current flight transaction
[offboard_waypoint_node-1] [INFO] [1786539840.030348578] [offboard_waypoint_node]: Navigation setpoint NED=(-2.74, 2.61, -0.78) yaw=1.95 yaw_rate=0.00
[super_planner_ros2_node-6] [INFO] [1786539840.078439035] [super_planner_ros2_node]: [FINAL_GOAL_CHECK] global_goal_id=2 distance_to_final=0.084 speed=0.029 confirm=10/10 final_goal_reached=true
[super_planner_ros2_node-6] [WARN] [1786539840.078814248] [super_planner_ros2_node]: GOAL_REACHED: holding current position; publishing safe hold
[super_planner_ros2_node-6] [INFO] [1786539840.079244637] [super_planner_ros2_node]: SUPER_ROS2 mode=HOLD enable_output=true reason=GOAL_REACHED_HOLD odom=(2.61,-2.73,0.68) goal=set tracking_setpoint_enu=(2.61,-2.73,0.78) setpoint_ned=(-2.73,2.61,-0.78) yaw(desired/cmd/rate)=(2.07/1.95/0.00) cross_track=0.03 frame_id=px4_ned path_points=56 odom_source=/race/odom cloud_source=/saved_map mavros_connected=true
[fastlio_bridge_node-2] [INFO] [1786539840.087872123] [fastlio_bridge_node]: 已桥接并转换里程计: ENU(2.61, -2.72, 0.68) -> NED(-2.72, 2.61, -0.68)
[super_planner_ros2_node-6] [INFO] [1786539840.628189909] [super_planner_ros2_node]: [FINAL_GOAL_CHECK] global_goal_id=2 distance_to_final=0.088 speed=0.034 confirm=10/10 final_goal_reached=true
[offboard_waypoint_node-1] [INFO] [1786539840.677213629] [offboard_waypoint_node]: [CONTROL_ARBITER] selected_source=goal_hold state=GOAL_REACHED_HOLD
[offboard_waypoint_node-1] [INFO] [1786539841.077159284] [offboard_waypoint_node]: [HOLD_ERROR] position_error=0.063 velocity=0.059 state=GOAL_REACHED_HOLD
[offboard_waypoint_node-1] [INFO] [1786539841.078376802] [offboard_waypoint_node]: [OFFBOARD_TAKEOFF_IGNORED] state=4 reason=navigation_setpoint; preserve current flight transaction
[offboard_waypoint_node-1] [INFO] [1786539841.078431617] [offboard_waypoint_node]: Navigation setpoint NED=(-2.75, 2.63, -0.78) yaw=1.95 yaw_rate=0.00
[super_planner_ros2_node-6] [WARN] [1786539841.128146489] [super_planner_ros2_node]: GOAL_REACHED: holding current position; publishing safe hold
[super_planner_ros2_node-6] [INFO] [1786539841.128335203] [super_planner_ros2_node]: SUPER_ROS2 mode=HOLD enable_output=true reason=GOAL_REACHED_HOLD odom=(2.62,-2.75,0.68) goal=set tracking_setpoint_enu=(2.62,-2.75,0.78) setpoint_ned=(-2.75,2.62,-0.78) yaw(desired/cmd/rate)=(2.07/1.95/0.00) cross_track=0.03 frame_id=px4_ned path_points=56 odom_source=/race/odom cloud_source=/saved_map mavros_connected=true
[super_planner_ros2_node-6] [INFO] [1786539841.178140260] [super_planner_ros2_node]: [FINAL_GOAL_CHECK] global_goal_id=2 distance_to_final=0.075 speed=0.041 confirm=10/10 final_goal_reached=true
[offboard_waypoint_node-1] [INFO] [1786539841.677443646] [offboard_waypoint_node]: [CONTROL_ARBITER] selected_source=goal_hold state=GOAL_REACHED_HOLD
[super_planner_ros2_node-6] [INFO] [1786539841.678264233] [super_planner_ros2_node]: [FINAL_GOAL_CHECK] global_goal_id=2 distance_to_final=0.049 speed=0.072 confirm=10/10 final_goal_reached=true
[offboard_waypoint_node-1] [INFO] [1786539842.077277381] [offboard_waypoint_node]: [HOLD_ERROR] position_error=0.024 velocity=0.080 state=GOAL_REACHED_HOLD
[fastlio_bridge_node-2] [INFO] [1786539842.084077655] [fastlio_bridge_node]: 已桥接并转换里程计: ENU(2.59, -2.81, 0.70) -> NED(-2.81, 2.59, -0.70)
[offboard_waypoint_node-1] [INFO] [1786539842.128426346] [offboard_waypoint_node]: [OFFBOARD_TAKEOFF_IGNORED] state=4 reason=navigation_setpoint; preserve current flight transaction
[offboard_waypoint_node-1] [INFO] [1786539842.128503301] [offboard_waypoint_node]: Navigation setpoint NED=(-2.82, 2.59, -0.78) yaw=1.95 yaw_rate=0.00
[super_planner_ros2_node-6] [WARN] [1786539842.178123536] [super_planner_ros2_node]: GOAL_REACHED: holding current position; publishing safe hold
[super_planner_ros2_node-6] [INFO] [1786539842.178463708] [super_planner_ros2_node]: SUPER_ROS2 mode=HOLD enable_output=true reason=GOAL_REACHED_HOLD odom=(2.59,-2.81,0.70) goal=set tracking_setpoint_enu=(2.59,-2.81,0.78) setpoint_ned=(-2.81,2.59,-0.78) yaw(desired/cmd/rate)=(2.07/1.95/0.00) cross_track=0.03 frame_id=px4_ned path_points=56 odom_source=/race/odom cloud_source=/saved_map mavros_connected=true
[super_planner_ros2_node-6] [INFO] [1786539842.228087287] [super_planner_ros2_node]: [FINAL_GOAL_CHECK] global_goal_id=2 distance_to_final=0.020 speed=0.061 confirm=10/10 final_goal_reached=true
[offboard_waypoint_node-1] [INFO] [1786539842.726989384] [offboard_waypoint_node]: [CONTROL_ARBITER] selected_source=goal_hold state=GOAL_REACHED_HOLD
[super_planner_ros2_node-6] [INFO] [1786539842.728269617] [super_planner_ros2_node]: [FINAL_GOAL_CHECK] global_goal_id=2 distance_to_final=0.019 speed=0.012 confirm=10/10 final_goal_reached=true
[offboard_waypoint_node-1] [INFO] [1786539843.077429745] [offboard_waypoint_node]: [HOLD_ERROR] position_error=0.027 velocity=0.059 state=GOAL_REACHED_HOLD
[offboard_waypoint_node-1] [INFO] [1786539843.129936261] [offboard_waypoint_node]: [OFFBOARD_TAKEOFF_IGNORED] state=4 reason=navigation_setpoint; preserve current flight transaction
[offboard_waypoint_node-1] [INFO] [1786539843.130057276] [offboard_waypoint_node]: Navigation setpoint NED=(-2.81, 2.57, -0.78) yaw=1.95 yaw_rate=0.00
[super_planner_ros2_node-6] [INFO] [1786539843.228584415] [super_planner_ros2_node]: [FINAL_GOAL_CHECK] global_goal_id=2 distance_to_final=0.002 speed=0.059 confirm=10/10 final_goal_reached=true
[super_planner_ros2_node-6] [WARN] [1786539843.228671773] [super_planner_ros2_node]: GOAL_REACHED: holding current position; publishing safe hold
[super_planner_ros2_node-6] [INFO] [1786539843.229046960] [super_planner_ros2_node]: SUPER_ROS2 mode=HOLD enable_output=true reason=GOAL_REACHED_HOLD odom=(2.57,-2.80,0.66) goal=set tracking_setpoint_enu=(2.57,-2.80,0.78) setpoint_ned=(-2.80,2.57,-0.78) yaw(desired/cmd/rate)=(2.07/1.95/0.00) cross_track=0.03 frame_id=px4_ned path_points=56 odom_source=/race/odom cloud_source=/saved_map mavros_connected=true
[offboard_waypoint_node-1] [INFO] [1786539843.727198208] [offboard_waypoint_node]: [CONTROL_ARBITER] selected_source=goal_hold state=GOAL_REACHED_HOLD
[super_planner_ros2_node-6] [INFO] [1786539843.778020827] [super_planner_ros2_node]: [FINAL_GOAL_CHECK] global_goal_id=2 distance_to_final=0.032 speed=0.078 confirm=10/10 final_goal_reached=true
[rviz2-7] [INFO] [1786539843.956635331] [rviz2]: Setting goal pose: Frame:map, Position(-0.193805, -0.0543649, 0), Orientation(0, 0, -0.215076, 0.976597) = Angle: -0.43354
[offboard_waypoint_node-1] [INFO] [1786539843.957609445] [offboard_waypoint_node]: [OFFBOARD_NEW_GOAL_RESET] old safety latch cleared; waiting for a fresh validated EGO trajectory
[offboard_waypoint_node-1] [WARN] [1786539843.957715731] [offboard_waypoint_node]: [CONTROL_STATE] GOAL_REACHED_HOLD -> PLANNING: new final goal received
[offboard_waypoint_node-1] [INFO] [1786539843.957750820] [offboard_waypoint_node]: Active final goal id=3 NED=(-0.054,-0.194)
[super_planner_ros2_node-6] [INFO] [1786539843.962499919] [super_planner_ros2_node]: Clear final-goal latch: trigger=new_global_goal global_goal_id=3 global_path_id=2 local_goal_seq=0
[super_planner_ros2_node-6] [INFO] [1786539843.962646252] [super_planner_ros2_node]: Received goal id=3 ENU/map=(-0.19, -0.05, 0.78)
[offboard_waypoint_node-1] [WARN] [1786539843.977223965] [offboard_waypoint_node]: [CONTROL_STATE] PLANNING -> TRACKING: fresh validated trajectory
[super_planner_ros2_node-6] [INFO] [1786539843.981606180] [super_planner_ros2_node]: [SUPER_GOAL_SELECTION] mode=LOCAL_DISTANCE_LIMIT final_goal=(-0.194,-0.054,0.780) planning_goal=(-0.194,-0.054,0.780) distance=3.906 clipped=false
[fastlio_bridge_node-2] [INFO] [1786539844.010611261] [fastlio_bridge_node]: 已桥接并转换里程计: ENU(2.62, -2.76, 0.62) -> NED(-2.76, 2.62, -0.62)
[fastlio_bridge_node-2] [INFO] [1786539844.086090357] [fastlio_bridge_node]: 已桥接并转换里程计: ENU(2.63, -2.75, 0.63) -> NED(-2.75, 2.63, -0.63)
[super_planner_ros2_node-6] [INFO] [1786539844.699872865] [super_planner_ros2_node]: [SUPER_CONTINUOUS_PATH_CHECK] source=RAW_ASTAR min_clearance=0.576 required_clearance=0.290 valid=true
[super_planner_ros2_node-6] [INFO] [1786539844.701482072] [super_planner_ros2_node]: [SUPER_ASTAR_VISIBILITY_SIMPLIFY] raw_points=88 simplified_points=88 raw_length=4.920 simplified_length=4.920 minimum_clearance=0.576 accepted=false clearance_preserved=true reason=DISABLED
[super_planner_ros2_node-6] [WARN] [1786539844.701500661] [super_planner_ros2_node]: [SUPER_SMOOTHED_PATH_REJECT] reason=SMOOTHING_VALIDATION no_smoothed_candidate=true (smoothing produced no path; raw path is used unchanged)
[super_planner_ros2_node-6] [WARN] [1786539844.701508872] [super_planner_ros2_node]: [SUPER_PATH_FALLBACK] source=RAW_ASTAR raw_points=88 goal_id=3
[super_planner_ros2_node-6] [INFO] [1786539844.703018999] [super_planner_ros2_node]: [CLEARANCE_PRESERVATION_POLICY] raw_global_min=0.576109207 smoothed_global_min=nan global_clearance_loss=nan local_comparison_method=NORMALIZED_ARC_PROGRESS_0.02M local_maximum_loss=0.000000000 numeric_tolerance=0.000001000
[super_planner_ros2_node-6] [INFO] [1786539844.703072892] [super_planner_ros2_node]: [PATH_TOPOLOGY_GUARD] raw_obstacle_side=BASELINE smoothed_obstacle_side=CONTINUOUS_DEFORMATION same_homotopy=true
[super_planner_ros2_node-6] [INFO] [1786539844.703079626] [super_planner_ros2_node]: [SUPER_PATH_SELECTION] candidate_smoothing_generated=false candidate_smoothing_safe=false clearance_preserved=true accepted_updates=0 accepted_iterations=0 selected=RAW fallback_reason=NO_CLEARANCE_PRESERVING_UPDATE
[super_planner_ros2_node-6] [INFO] [1786539844.707844590] [super_planner_ros2_node]: [FINAL_SELECTED_PATH_VALIDATION] selected_type=RAW min_clearance=0.576109207 inflated_collision=false continuous_clearance_pass=true finite=true maximum_segment_length=0.073095
[super_planner_ros2_node-6] [INFO] [1786539844.707865731] [super_planner_ros2_node]: path_pipeline raw=88 shortcut=88 smoothed=0 smoothing=fallback_raw_astar
[super_planner_ros2_node-6] [INFO] [1786539844.707986791] [super_planner_ros2_node]: [SUPER_GLOBAL_PATH_COMPLETE] goal_id=3 raw_endpoint=(-0.194,-0.054,0.780) published_endpoint=(-0.194,-0.054,0.780) final_goal=(-0.194,-0.054,0.780) endpoint_error=0.000000
[super_planner_ros2_node-6] [INFO] [1786539844.713371822] [super_planner_ros2_node]: [PATH_PROGRESS] plan_id=3 vehicle_position=(2.613,-2.771) closest_index=0 previous_progress_index=0 selected_progress_index=0 lookahead_index=7 lookahead_arc_distance=0.300 navigation_setpoint=(2.313,-2.775) setpoint_clearance=0.899 control_mode=FOLLOWING
[super_planner_ros2_node-6] [INFO] [1786539844.713455935] [super_planner_ros2_node]: SUPER_ROS2 mode=FOLLOWING enable_output=true reason=NAVIGATION_SETPOINT_PUBLISHED odom=(2.61,-2.77,0.62) goal=set tracking_setpoint_enu=(2.31,-2.78,0.78) setpoint_ned=(-2.78,2.31,-0.78) yaw(desired/cmd/rate)=(-1.63/2.15/1.00) cross_track=0.00 frame_id=px4_ned path_points=88 odom_source=/race/odom cloud_source=/saved_map mavros_connected=true
[super_planner_ros2_node-6] [INFO] [1786539844.713537329] [super_planner_ros2_node]: [FINAL_GOAL_CHECK] global_goal_id=3 distance_to_final=3.906 speed=0.102 confirm=0/10 final_goal_reached=false
[offboard_waypoint_node-1] [INFO] [1786539844.713546347] [offboard_waypoint_node]: [OFFBOARD_TAKEOFF_IGNORED] state=4 reason=navigation_setpoint; preserve current flight transaction
[offboard_waypoint_node-1] [INFO] [1786539844.713612967] [offboard_waypoint_node]: Navigation setpoint NED=(-2.78, 2.31, -0.78) yaw=2.15 yaw_rate=1.00
[offboard_waypoint_node-1] [INFO] [1786539844.777538920] [offboard_waypoint_node]: [CONTROL_ARBITER] selected_source=super state=TRACKING
[super_planner_ros2_node-6] [INFO] [1786539844.928162427] [super_planner_ros2_node]: [PATH_PROGRESS] plan_id=3 vehicle_position=(2.634,-2.720) closest_index=0 previous_progress_index=0 selected_progress_index=0 lookahead_index=7 lookahead_arc_distance=0.300 navigation_setpoint=(2.313,-2.775) setpoint_clearance=0.899 control_mode=FOLLOWING
[super_planner_ros2_node-6] [INFO] [1786539845.128341661] [super_planner_ros2_node]: [PATH_PROGRESS] plan_id=3 vehicle_position=(2.638,-2.727) closest_index=0 previous_progress_index=0 selected_progress_index=0 lookahead_index=7 lookahead_arc_distance=0.300 navigation_setpoint=(2.313,-2.775) setpoint_clearance=0.899 control_mode=FOLLOWING
[super_planner_ros2_node-6] [INFO] [1786539845.228021025] [super_planner_ros2_node]: [FINAL_GOAL_CHECK] global_goal_id=3 distance_to_final=3.891 speed=0.065 confirm=0/10 final_goal_reached=false
[super_planner_ros2_node-6] [INFO] [1786539845.378174865] [super_planner_ros2_node]: [PATH_PROGRESS] plan_id=3 vehicle_position=(2.624,-2.736) closest_index=0 previous_progress_index=0 selected_progress_index=0 lookahead_index=7 lookahead_arc_distance=0.300 navigation_setpoint=(2.313,-2.775) setpoint_clearance=0.899 control_mode=FOLLOWING
[super_planner_ros2_node-6] [INFO] [1786539845.628061637] [super_planner_ros2_node]: [PATH_PROGRESS] plan_id=3 vehicle_position=(2.583,-2.733) closest_index=0 previous_progress_index=0 selected_progress_index=0 lookahead_index=7 lookahead_arc_distance=0.300 navigation_setpoint=(2.287,-2.775) setpoint_clearance=0.904 control_mode=FOLLOWING
[super_planner_ros2_node-6] [INFO] [1786539845.728202943] [super_planner_ros2_node]: SUPER_ROS2 mode=FOLLOWING enable_output=true reason=NAVIGATION_SETPOINT_PUBLISHED odom=(2.56,-2.73,0.70) goal=set tracking_setpoint_enu=(2.26,-2.78,0.78) setpoint_ned=(-2.78,2.26,-0.78) yaw(desired/cmd/rate)=(-1.63/-3.12/1.00) cross_track=0.04 frame_id=px4_ned path_points=88 odom_source=/race/odom cloud_source=/saved_map mavros_connected=true
[offboard_waypoint_node-1] [INFO] [1786539845.728430361] [offboard_waypoint_node]: [OFFBOARD_TAKEOFF_IGNORED] state=4 reason=navigation_setpoint; preserve current flight transaction
[offboard_waypoint_node-1] [INFO] [1786539845.728507307] [offboard_waypoint_node]: Navigation setpoint NED=(-2.78, 2.26, -0.78) yaw=-3.12 yaw_rate=1.00
[super_planner_ros2_node-6] [INFO] [1786539845.777908147] [super_planner_ros2_node]: [FINAL_GOAL_CHECK] global_goal_id=3 distance_to_final=3.842 speed=0.178 confirm=0/10 final_goal_reached=false
[offboard_waypoint_node-1] [INFO] [1786539845.827342888] [offboard_waypoint_node]: [CONTROL_ARBITER] selected_source=super state=TRACKING
[super_planner_ros2_node-6] [INFO] [1786539845.828170291] [super_planner_ros2_node]: [PATH_PROGRESS] plan_id=3 vehicle_position=(2.551,-2.729) closest_index=1 previous_progress_index=1 selected_progress_index=1 lookahead_index=8 lookahead_arc_distance=0.300 navigation_setpoint=(2.251,-2.775) setpoint_clearance=0.911 control_mode=FOLLOWING
[super_planner_ros2_node-6] [INFO] [1786539846.028183722] [super_planner_ros2_node]: [PATH_PROGRESS] plan_id=3 vehicle_position=(2.519,-2.728) closest_index=2 previous_progress_index=1 selected_progress_index=2 lookahead_index=9 lookahead_arc_distance=0.300 navigation_setpoint=(2.219,-2.775) setpoint_clearance=0.918 control_mode=FOLLOWING
[fastlio_bridge_node-2] [INFO] [1786539846.097002049] [fastlio_bridge_node]: 已桥接并转换里程计: ENU(2.50, -2.73, 0.71) -> NED(-2.73, 2.50, -0.71)
[super_planner_ros2_node-6] [INFO] [1786539846.277933063] [super_planner_ros2_node]: [FINAL_GOAL_CHECK] global_goal_id=3 distance_to_final=3.786 speed=0.138 confirm=0/10 final_goal_reached=false
[super_planner_ros2_node-6] [INFO] [1786539846.298421521] [super_planner_ros2_node]: [PATH_PROGRESS] plan_id=3 vehicle_position=(2.489,-2.726) closest_index=2 previous_progress_index=2 selected_progress_index=2 lookahead_index=9 lookahead_arc_distance=0.300 navigation_setpoint=(2.189,-2.775) setpoint_clearance=0.927 control_mode=FOLLOWING
[super_planner_ros2_node-6] [INFO] [1786539846.531341604] [super_planner_ros2_node]: [PATH_PROGRESS] plan_id=3 vehicle_position=(2.445,-2.720) closest_index=3 previous_progress_index=3 selected_progress_index=3 lookahead_index=10 lookahead_arc_distance=0.300 navigation_setpoint=(2.145,-2.775) setpoint_clearance=0.940 control_mode=FOLLOWING
[super_planner_ros2_node-6] [INFO] [1786539846.778121993] [super_planner_ros2_node]: [PATH_PROGRESS] plan_id=3 vehicle_position=(2.427,-2.717) closest_index=3 previous_progress_index=3 selected_progress_index=3 lookahead_index=10 lookahead_arc_distance=0.300 navigation_setpoint=(2.127,-2.775) setpoint_clearance=0.946 control_mode=FOLLOWING
[super_planner_ros2_node-6] [INFO] [1786539846.778301194] [super_planner_ros2_node]: SUPER_ROS2 mode=FOLLOWING enable_output=true reason=NAVIGATION_SETPOINT_PUBLISHED odom=(2.43,-2.72,0.71) goal=set tracking_setpoint_enu=(2.13,-2.78,0.78) setpoint_ned=(-2.78,2.13,-0.78) yaw(desired/cmd/rate)=(-1.70/-2.07/1.00) cross_track=0.06 frame_id=px4_ned path_points=88 odom_source=/race/odom cloud_source=/saved_map mavros_connected=true
[offboard_waypoint_node-1] [INFO] [1786539846.778338339] [offboard_waypoint_node]: [OFFBOARD_TAKEOFF_IGNORED] state=4 reason=navigation_setpoint; preserve current flight transaction
[offboard_waypoint_node-1] [INFO] [1786539846.778446876] [offboard_waypoint_node]: Navigation setpoint NED=(-2.78, 2.13, -0.78) yaw=-2.07 yaw_rate=1.00
[super_planner_ros2_node-6] [INFO] [1786539846.828586207] [super_planner_ros2_node]: [FINAL_GOAL_CHECK] global_goal_id=3 distance_to_final=3.726 speed=0.093 confirm=0/10 final_goal_reached=false
[offboard_waypoint_node-1] [INFO] [1786539846.836058954] [offboard_waypoint_node]: [CONTROL_ARBITER] selected_source=super state=TRACKING
[super_planner_ros2_node-6] [INFO] [1786539846.978217959] [super_planner_ros2_node]: [PATH_PROGRESS] plan_id=3 vehicle_position=(2.406,-2.717) closest_index=4 previous_progress_index=4 selected_progress_index=4 lookahead_index=11 lookahead_arc_distance=0.300 navigation_setpoint=(2.106,-2.775) setpoint_clearance=0.954 control_mode=FOLLOWING
[super_planner_ros2_node-6] [INFO] [1786539847.189659950] [super_planner_ros2_node]: [PATH_PROGRESS] plan_id=3 vehicle_position=(2.400,-2.719) closest_index=4 previous_progress_index=4 selected_progress_index=4 lookahead_index=11 lookahead_arc_distance=0.300 navigation_setpoint=(2.100,-2.775) setpoint_clearance=0.956 control_mode=FOLLOWING
[super_planner_ros2_node-6] [INFO] [1786539847.377827113] [super_planner_ros2_node]: [FINAL_GOAL_CHECK] global_goal_id=3 distance_to_final=3.727 speed=0.085 confirm=0/10 final_goal_reached=false
[super_planner_ros2_node-6] [INFO] [1786539847.391540007] [super_planner_ros2_node]: [PATH_PROGRESS] plan_id=3 vehicle_position=(2.406,-2.726) closest_index=4 previous_progress_index=4 selected_progress_index=4 lookahead_index=11 lookahead_arc_distance=0.300 navigation_setpoint=(2.106,-2.775) setpoint_clearance=0.954 control_mode=FOLLOWING
[super_planner_ros2_node-6] [INFO] [1786539847.630542421] [super_planner_ros2_node]: [PATH_PROGRESS] plan_id=3 vehicle_position=(2.433,-2.755) closest_index=3 previous_progress_index=4 selected_progress_index=4 lookahead_index=10 lookahead_arc_distance=0.300 navigation_setpoint=(2.133,-2.775) setpoint_clearance=0.944 control_mode=FOLLOWING
[super_planner_ros2_node-6] [INFO] [1786539847.828079170] [super_planner_ros2_node]: SUPER_ROS2 mode=FOLLOWING enable_output=true reason=NAVIGATION_SETPOINT_PUBLISHED odom=(2.46,-2.78,0.68) goal=set tracking_setpoint_enu=(2.16,-2.78,0.78) setpoint_ned=(-2.78,2.16,-0.78) yaw(desired/cmd/rate)=(-1.70/-1.72/0.06) cross_track=0.00 frame_id=px4_ned path_points=88 odom_source=/race/odom cloud_source=/saved_map mavros_connected=true
[offboard_waypoint_node-1] [INFO] [1786539847.828167759] [offboard_waypoint_node]: [OFFBOARD_TAKEOFF_IGNORED] state=4 reason=navigation_setpoint; preserve current flight transaction
[offboard_waypoint_node-1] [INFO] [1786539847.828224484] [offboard_waypoint_node]: Navigation setpoint NED=(-2.78, 2.17, -0.78) yaw=-1.72 yaw_rate=0.06
[offboard_waypoint_node-1] [INFO] [1786539847.877145577] [offboard_waypoint_node]: [CONTROL_ARBITER] selected_source=super state=TRACKING
[super_planner_ros2_node-6] [INFO] [1786539847.878026602] [super_planner_ros2_node]: [PATH_PROGRESS] plan_id=3 vehicle_position=(2.464,-2.777) closest_index=3 previous_progress_index=4 selected_progress_index=4 lookahead_index=10 lookahead_arc_distance=0.300 navigation_setpoint=(2.164,-2.775) setpoint_clearance=0.934 control_mode=FOLLOWING
[super_planner_ros2_node-6] [INFO] [1786539847.927995753] [super_planner_ros2_node]: [FINAL_GOAL_CHECK] global_goal_id=3 distance_to_final=3.824 speed=0.199 confirm=0/10 final_goal_reached=false
[fastlio_bridge_node-2] [INFO] [1786539848.083498061] [fastlio_bridge_node]: 已桥接并转换里程计: ENU(2.52, -2.80, 0.67) -> NED(-2.80, 2.52, -0.67)
[super_planner_ros2_node-6] [INFO] [1786539848.127982338] [super_planner_ros2_node]: [PATH_PROGRESS] plan_id=3 vehicle_position=(2.520,-2.803) closest_index=2 previous_progress_index=4 selected_progress_index=4 lookahead_index=9 lookahead_arc_distance=0.300 navigation_setpoint=(2.220,-2.775) setpoint_clearance=0.918 control_mode=FOLLOWING
[super_planner_ros2_node-6] [INFO] [1786539848.380639029] [super_planner_ros2_node]: [PATH_PROGRESS] plan_id=3 vehicle_position=(2.551,-2.813) closest_index=1 previous_progress_index=4 selected_progress_index=4 lookahead_index=8 lookahead_arc_distance=0.300 navigation_setpoint=(2.251,-2.775) setpoint_clearance=0.911 control_mode=FOLLOWING
[super_planner_ros2_node-6] [INFO] [1786539848.477749701] [super_planner_ros2_node]: [FINAL_GOAL_CHECK] global_goal_id=3 distance_to_final=3.903 speed=0.143 confirm=0/10 final_goal_reached=false
[super_planner_ros2_node-6] [INFO] [1786539848.628656904] [super_planner_ros2_node]: [PATH_PROGRESS] plan_id=3 vehicle_position=(2.581,-2.823) closest_index=0 previous_progress_index=4 selected_progress_index=4 lookahead_index=7 lookahead_arc_distance=0.300 navigation_setpoint=(2.276,-2.775) setpoint_clearance=0.906 control_mode=FOLLOWING
[super_planner_ros2_node-6] [INFO] [1786539848.828214935] [super_planner_ros2_node]: SUPER_ROS2 mode=FOLLOWING enable_output=true reason=NAVIGATION_SETPOINT_PUBLISHED odom=(2.61,-2.83,0.67) goal=set tracking_setpoint_enu=(2.30,-2.78,0.78) setpoint_ned=(-2.78,2.30,-0.78) yaw(desired/cmd/rate)=(-1.64/-1.65/0.03) cross_track=0.05 frame_id=px4_ned path_points=88 odom_source=/race/odom cloud_source=/saved_map mavros_connected=true
[offboard_waypoint_node-1] [INFO] [1786539848.828418852] [offboard_waypoint_node]: [OFFBOARD_TAKEOFF_IGNORED] state=4 reason=navigation_setpoint; preserve current flight transaction
[offboard_waypoint_node-1] [INFO] [1786539848.828513675] [offboard_waypoint_node]: Navigation setpoint NED=(-2.78, 2.30, -0.78) yaw=-1.65 yaw_rate=0.03
[super_planner_ros2_node-6] [INFO] [1786539848.878061423] [super_planner_ros2_node]: [PATH_PROGRESS] plan_id=3 vehicle_position=(2.607,-2.826) closest_index=0 previous_progress_index=4 selected_progress_index=4 lookahead_index=7 lookahead_arc_distance=0.300 navigation_setpoint=(2.301,-2.775) setpoint_clearance=0.901 control_mode=FOLLOWING
[offboard_waypoint_node-1] [INFO] [1786539848.927075944] [offboard_waypoint_node]: [CONTROL_ARBITER] selected_source=super state=TRACKING
[super_planner_ros2_node-6] [INFO] [1786539849.027905241] [super_planner_ros2_node]: [FINAL_GOAL_CHECK] global_goal_id=3 distance_to_final=3.965 speed=0.103 confirm=0/10 final_goal_reached=false
[super_planner_ros2_node-6] [INFO] [1786539849.127855949] [super_planner_ros2_node]: [PATH_PROGRESS] plan_id=3 vehicle_position=(2.635,-2.843) closest_index=0 previous_progress_index=4 selected_progress_index=4 lookahead_index=7 lookahead_arc_distance=0.300 navigation_setpoint=(2.313,-2.775) setpoint_clearance=0.899 control_mode=FOLLOWING
[super_planner_ros2_node-6] [INFO] [1786539849.327883621] [super_planner_ros2_node]: [PATH_PROGRESS] plan_id=3 vehicle_position=(2.645,-2.849) closest_index=0 previous_progress_index=4 selected_progress_index=4 lookahead_index=7 lookahead_arc_distance=0.300 navigation_setpoint=(2.313,-2.775) setpoint_clearance=0.899 control_mode=FOLLOWING
[super_planner_ros2_node-6] [INFO] [1786539849.528430775] [super_planner_ros2_node]: [PATH_PROGRESS] plan_id=3 vehicle_position=(2.652,-2.848) closest_index=0 previous_progress_index=4 selected_progress_index=4 lookahead_index=7 lookahead_arc_distance=0.300 navigation_setpoint=(2.313,-2.775) setpoint_clearance=0.899 control_mode=FOLLOWING
[super_planner_ros2_node-6] [INFO] [1786539849.577777992] [super_planner_ros2_node]: [FINAL_GOAL_CHECK] global_goal_id=3 distance_to_final=3.988 speed=0.041 confirm=0/10 final_goal_reached=false
[super_planner_ros2_node-6] [INFO] [1786539849.777918941] [super_planner_ros2_node]: [PATH_PROGRESS] plan_id=3 vehicle_position=(2.656,-2.833) closest_index=0 previous_progress_index=4 selected_progress_index=4 lookahead_index=7 lookahead_arc_distance=0.300 navigation_setpoint=(2.313,-2.775) setpoint_clearance=0.899 control_mode=FOLLOWING
[offboard_waypoint_node-1] [INFO] [1786539849.883831502] [offboard_waypoint_node]: [OFFBOARD_TAKEOFF_IGNORED] state=4 reason=navigation_setpoint; preserve current flight transaction
[offboard_waypoint_node-1] [INFO] [1786539849.884224699] [offboard_waypoint_node]: Navigation setpoint NED=(-2.78, 2.31, -0.78) yaw=-1.63 yaw_rate=0.00
[super_planner_ros2_node-6] [INFO] [1786539849.884721072] [super_planner_ros2_node]: SUPER_ROS2 mode=FOLLOWING enable_output=true reason=NAVIGATION_SETPOINT_PUBLISHED odom=(2.66,-2.83,0.71) goal=set tracking_setpoint_enu=(2.31,-2.78,0.78) setpoint_ned=(-2.78,2.31,-0.78) yaw(desired/cmd/rate)=(-1.63/-1.63/0.00) cross_track=0.07 frame_id=px4_ned path_points=88 odom_source=/race/odom cloud_source=/saved_map mavros_connected=true
[offboard_waypoint_node-1] [INFO] [1786539849.976935985] [offboard_waypoint_node]: [CONTROL_ARBITER] selected_source=super state=TRACKING
[super_planner_ros2_node-6] [INFO] [1786539849.977937240] [super_planner_ros2_node]: [PATH_PROGRESS] plan_id=3 vehicle_position=(2.660,-2.824) closest_index=0 previous_progress_index=4 selected_progress_index=4 lookahead_index=7 lookahead_arc_distance=0.300 navigation_setpoint=(2.313,-2.775) setpoint_clearance=0.899 control_mode=FOLLOWING
[fastlio_bridge_node-2] [INFO] [1786539850.084194292] [fastlio_bridge_node]: 已桥接并转换里程计: ENU(2.67, -2.83, 0.72) -> NED(-2.83, 2.67, -0.72)
[super_planner_ros2_node-6] [INFO] [1786539850.127676721] [super_planner_ros2_node]: [FINAL_GOAL_CHECK] global_goal_id=3 distance_to_final=3.982 speed=0.025 confirm=0/10 final_goal_reached=false
[super_planner_ros2_node-6] [INFO] [1786539850.178040404] [super_planner_ros2_node]: [PATH_PROGRESS] plan_id=3 vehicle_position=(2.666,-2.826) closest_index=0 previous_progress_index=4 selected_progress_index=4 lookahead_index=7 lookahead_arc_distance=0.300 navigation_setpoint=(2.313,-2.775) setpoint_clearance=0.899 control_mode=FOLLOWING
[super_planner_ros2_node-6] [INFO] [1786539850.427877292] [super_planner_ros2_node]: [PATH_PROGRESS] plan_id=3 vehicle_position=(2.662,-2.846) closest_index=0 previous_progress_index=4 selected_progress_index=4 lookahead_index=7 lookahead_arc_distance=0.300 navigation_setpoint=(2.313,-2.775) setpoint_clearance=0.899 control_mode=FOLLOWING
[super_planner_ros2_node-6] [INFO] [1786539850.677654939] [super_planner_ros2_node]: [FINAL_GOAL_CHECK] global_goal_id=3 distance_to_final=3.996 speed=0.109 confirm=0/10 final_goal_reached=false
[super_planner_ros2_node-6] [INFO] [1786539850.689586787] [super_planner_ros2_node]: [PATH_PROGRESS] plan_id=3 vehicle_position=(2.651,-2.861) closest_index=0 previous_progress_index=4 selected_progress_index=4 lookahead_index=7 lookahead_arc_distance=0.300 navigation_setpoint=(2.313,-2.775) setpoint_clearance=0.899 control_mode=FOLLOWING
[super_planner_ros2_node-6] [INFO] [1786539850.927844548] [super_planner_ros2_node]: [PATH_PROGRESS] plan_id=3 vehicle_position=(2.615,-2.872) closest_index=0 previous_progress_index=4 selected_progress_index=4 lookahead_index=7 lookahead_arc_distance=0.300 navigation_setpoint=(2.304,-2.775) setpoint_clearance=0.901 control_mode=FOLLOWING
[super_planner_ros2_node-6] [INFO] [1786539850.928004331] [super_planner_ros2_node]: SUPER_ROS2 mode=FOLLOWING enable_output=true reason=NAVIGATION_SETPOINT_PUBLISHED odom=(2.61,-2.87,0.74) goal=set tracking_setpoint_enu=(2.30,-2.78,0.78) setpoint_ned=(-2.78,2.30,-0.78) yaw(desired/cmd/rate)=(-1.64/-1.63/-0.02) cross_track=0.10 frame_id=px4_ned path_points=88 odom_source=/race/odom cloud_source=/saved_map mavros_connected=true
[offboard_waypoint_node-1] [INFO] [1786539850.927981445] [offboard_waypoint_node]: [OFFBOARD_TAKEOFF_IGNORED] state=4 reason=navigation_setpoint; preserve current flight transaction
[offboard_waypoint_node-1] [INFO] [1786539850.928026130] [offboard_waypoint_node]: Navigation setpoint NED=(-2.78, 2.31, -0.78) yaw=-1.63 yaw_rate=-0.02
[offboard_waypoint_node-1] [INFO] [1786539851.026585562] [offboard_waypoint_node]: [CONTROL_ARBITER] selected_source=super state=TRACKING
[super_planner_ros2_node-6] [INFO] [1786539851.177772240] [super_planner_ros2_node]: [PATH_PROGRESS] plan_id=3 vehicle_position=(2.583,-2.884) closest_index=0 previous_progress_index=4 selected_progress_index=4 lookahead_index=7 lookahead_arc_distance=0.300 navigation_setpoint=(2.275,-2.775) setpoint_clearance=0.906 control_mode=FOLLOWING
[super_planner_ros2_node-6] [INFO] [1786539851.227714948] [super_planner_ros2_node]: [FINAL_GOAL_CHECK] global_goal_id=3 distance_to_final=3.957 speed=0.142 confirm=0/10 final_goal_reached=false
[super_planner_ros2_node-6] [INFO] [1786539851.377801316] [super_planner_ros2_node]: [PATH_PROGRESS] plan_id=3 vehicle_position=(2.555,-2.887) closest_index=1 previous_progress_index=4 selected_progress_index=4 lookahead_index=8 lookahead_arc_distance=0.300 navigation_setpoint=(2.255,-2.775) setpoint_clearance=0.910 control_mode=FOLLOWING
[super_planner_ros2_node-6] [INFO] [1786539851.578410024] [super_planner_ros2_node]: [PATH_PROGRESS] plan_id=3 vehicle_position=(2.526,-2.894) closest_index=1 previous_progress_index=4 selected_progress_index=4 lookahead_index=8 lookahead_arc_distance=0.300 navigation_setpoint=(2.226,-2.775) setpoint_clearance=0.917 control_mode=FOLLOWING
[super_planner_ros2_node-6] [INFO] [1786539851.777764672] [super_planner_ros2_node]: [FINAL_GOAL_CHECK] global_goal_id=3 distance_to_final=3.920 speed=0.166 confirm=0/10 final_goal_reached=false
[super_planner_ros2_node-6] [INFO] [1786539851.790404871] [super_planner_ros2_node]: [PATH_PROGRESS] plan_id=3 vehicle_position=(2.495,-2.907) closest_index=2 previous_progress_index=4 selected_progress_index=4 lookahead_index=9 lookahead_arc_distance=0.300 navigation_setpoint=(2.195,-2.775) setpoint_clearance=0.925 control_mode=FOLLOWING
[super_planner_ros2_node-6] [INFO] [1786539851.979083254] [super_planner_ros2_node]: SUPER_ROS2 mode=FOLLOWING enable_output=true reason=NAVIGATION_SETPOINT_PUBLISHED odom=(2.46,-2.91,0.75) goal=set tracking_setpoint_enu=(2.16,-2.78,0.78) setpoint_ned=(-2.78,2.16,-0.78) yaw(desired/cmd/rate)=(-1.70/-1.68/-0.07) cross_track=0.13 frame_id=px4_ned path_points=88 odom_source=/race/odom cloud_source=/saved_map mavros_connected=true
[offboard_waypoint_node-1] [INFO] [1786539851.979355652] [offboard_waypoint_node]: [OFFBOARD_TAKEOFF_IGNORED] state=4 reason=navigation_setpoint; preserve current flight transaction
[offboard_waypoint_node-1] [INFO] [1786539851.979472843] [offboard_waypoint_node]: Navigation setpoint NED=(-2.78, 2.16, -0.78) yaw=-1.68 yaw_rate=-0.07
[offboard_waypoint_node-1] [INFO] [1786539852.027159711] [offboard_waypoint_node]: [CONTROL_ARBITER] selected_source=super state=TRACKING
[super_planner_ros2_node-6] [INFO] [1786539852.028617752] [super_planner_ros2_node]: [PATH_PROGRESS] plan_id=3 vehicle_position=(2.434,-2.905) closest_index=3 previous_progress_index=4 selected_progress_index=4 lookahead_index=10 lookahead_arc_distance=0.300 navigation_setpoint=(2.134,-2.775) setpoint_clearance=0.944 control_mode=FOLLOWING
[fastlio_bridge_node-2] [INFO] [1786539852.081461522] [fastlio_bridge_node]: 已桥接并转换里程计: ENU(2.41, -2.91, 0.75) -> NED(-2.91, 2.41, -0.75)
[super_planner_ros2_node-6] [INFO] [1786539852.278370771] [super_planner_ros2_node]: [PATH_PROGRESS] plan_id=3 vehicle_position=(2.392,-2.902) closest_index=4 previous_progress_index=4 selected_progress_index=4 lookahead_index=11 lookahead_arc_distance=0.300 navigation_setpoint=(2.092,-2.775) setpoint_clearance=0.958 control_mode=FOLLOWING
[super_planner_ros2_node-6] [INFO] [1786539852.327646336] [super_planner_ros2_node]: [FINAL_GOAL_CHECK] global_goal_id=3 distance_to_final=3.826 speed=0.216 confirm=0/10 final_goal_reached=false
[super_planner_ros2_node-6] [INFO] [1786539852.527665626] [super_planner_ros2_node]: [PATH_PROGRESS] plan_id=3 vehicle_position=(2.332,-2.885) closest_index=5 previous_progress_index=5 selected_progress_index=5 lookahead_index=12 lookahead_arc_distance=0.300 navigation_setpoint=(2.032,-2.775) setpoint_clearance=0.976 control_mode=FOLLOWING
[offboard_waypoint_node-1] [INFO] [1786539852.601389324] [offboard_waypoint_node]: [EV_HEALTH] state=SUSPECT continuous_healthy=0.00s
[super_planner_ros2_node-6] [INFO] [1786539852.728608694] [super_planner_ros2_node]: [PATH_PROGRESS] plan_id=3 vehicle_position=(2.292,-2.872) closest_index=6 previous_progress_index=6 selected_progress_index=6 lookahead_index=13 lookahead_arc_distance=0.300 navigation_setpoint=(1.992,-2.775) setpoint_clearance=0.990 control_mode=FOLLOWING
[super_planner_ros2_node-6] [INFO] [1786539852.877556723] [super_planner_ros2_node]: [FINAL_GOAL_CHECK] global_goal_id=3 distance_to_final=3.742 speed=0.202 confirm=0/10 final_goal_reached=false
[super_planner_ros2_node-6] [INFO] [1786539852.977801499] [super_planner_ros2_node]: [PATH_PROGRESS] plan_id=3 vehicle_position=(2.253,-2.862) closest_index=7 previous_progress_index=7 selected_progress_index=7 lookahead_index=14 lookahead_arc_distance=0.300 navigation_setpoint=(1.953,-2.775) setpoint_clearance=0.982 control_mode=FOLLOWING
[super_planner_ros2_node-6] [INFO] [1786539853.027874187] [super_planner_ros2_node]: SUPER_ROS2 mode=FOLLOWING enable_output=true reason=NAVIGATION_SETPOINT_PUBLISHED odom=(2.24,-2.85,0.76) goal=set tracking_setpoint_enu=(1.94,-2.78,0.78) setpoint_ned=(-2.78,1.94,-0.78) yaw(desired/cmd/rate)=(-1.70/-1.70/-0.00) cross_track=0.08 frame_id=px4_ned path_points=88 odom_source=/race/odom cloud_source=/saved_map mavros_connected=true
[offboard_waypoint_node-1] [INFO] [1786539853.027986358] [offboard_waypoint_node]: [OFFBOARD_TAKEOFF_IGNORED] state=4 reason=navigation_setpoint; preserve current flight transaction
[offboard_waypoint_node-1] [INFO] [1786539853.028053982] [offboard_waypoint_node]: Navigation setpoint NED=(-2.78, 1.94, -0.78) yaw=-1.70 yaw_rate=-0.00
[offboard_waypoint_node-1] [INFO] [1786539853.077068635] [offboard_waypoint_node]: [CONTROL_ARBITER] selected_source=super state=TRACKING
[super_planner_ros2_node-6] [INFO] [1786539853.181346889] [super_planner_ros2_node]: [PATH_PROGRESS] plan_id=3 vehicle_position=(2.223,-2.846) closest_index=8 previous_progress_index=8 selected_progress_index=8 lookahead_index=15 lookahead_arc_distance=0.300 navigation_setpoint=(1.923,-2.775) setpoint_clearance=0.960 control_mode=FOLLOWING
[super_planner_ros2_node-6] [INFO] [1786539853.377759425] [super_planner_ros2_node]: [FINAL_GOAL_CHECK] global_goal_id=3 distance_to_final=3.654 speed=0.195 confirm=0/10 final_goal_reached=false
[super_planner_ros2_node-6] [INFO] [1786539853.389368163] [super_planner_ros2_node]: [PATH_PROGRESS] plan_id=3 vehicle_position=(2.185,-2.829) closest_index=8 previous_progress_index=8 selected_progress_index=8 lookahead_index=15 lookahead_arc_distance=0.300 navigation_setpoint=(1.885,-2.775) setpoint_clearance=0.932 control_mode=FOLLOWING
[super_planner_ros2_node-6] [INFO] [1786539853.630371182] [super_planner_ros2_node]: [PATH_PROGRESS] plan_id=3 vehicle_position=(2.131,-2.806) closest_index=9 previous_progress_index=9 selected_progress_index=9 lookahead_index=16 lookahead_arc_distance=0.300 navigation_setpoint=(1.844,-2.806) setpoint_clearance=0.926 control_mode=FOLLOWING
[super_planner_ros2_node-6] [INFO] [1786539853.877747051] [super_planner_ros2_node]: [PATH_PROGRESS] plan_id=3 vehicle_position=(2.086,-2.792) closest_index=10 previous_progress_index=10 selected_progress_index=10 lookahead_index=17 lookahead_arc_distance=0.300 navigation_setpoint=(1.807,-2.825) setpoint_clearance=0.916 control_mode=FOLLOWING
[super_planner_ros2_node-6] [INFO] [1786539853.927520378] [super_planner_ros2_node]: [FINAL_GOAL_CHECK] global_goal_id=3 distance_to_final=3.545 speed=0.253 confirm=0/10 final_goal_reached=false
[super_planner_ros2_node-6] [INFO] [1786539854.027897640] [super_planner_ros2_node]: SUPER_ROS2 mode=FOLLOWING enable_output=true reason=NAVIGATION_SETPOINT_PUBLISHED odom=(2.03,-2.78,0.71) goal=set tracking_setpoint_enu=(1.76,-2.84,0.78) setpoint_ned=(-2.84,1.76,-0.78) yaw(desired/cmd/rate)=(-1.70/-1.70/-0.00) cross_track=0.01 frame_id=px4_ned path_points=88 odom_source=/race/odom cloud_source=/saved_map mavros_connected=true
[offboard_waypoint_node-1] [INFO] [1786539854.028092479] [offboard_waypoint_node]: [OFFBOARD_TAKEOFF_IGNORED] state=4 reason=navigation_setpoint; preserve current flight transaction
[offboard_waypoint_node-1] [INFO] [1786539854.028177611] [offboard_waypoint_node]: Navigation setpoint NED=(-2.85, 1.76, -0.78) yaw=-1.70 yaw_rate=-0.00
[fastlio_bridge_node-2] [INFO] [1786539854.086395853] [fastlio_bridge_node]: 已桥接并转换里程计: ENU(2.01, -2.78, 0.71) -> NED(-2.78, 2.01, -0.71)
[offboard_waypoint_node-1] [INFO] [1786539854.126608023] [offboard_waypoint_node]: [CONTROL_ARBITER] selected_source=super state=TRACKING
[super_planner_ros2_node-6] [INFO] [1786539854.127620962] [super_planner_ros2_node]: [PATH_PROGRESS] plan_id=3 vehicle_position=(2.009,-2.775) closest_index=12 previous_progress_index=11 selected_progress_index=12 lookahead_index=18 lookahead_arc_distance=0.300 navigation_setpoint=(1.743,-2.857) setpoint_clearance=0.903 control_mode=FOLLOWING
[super_planner_ros2_node-6] [INFO] [1786539854.328749943] [super_planner_ros2_node]: [PATH_PROGRESS] plan_id=3 vehicle_position=(1.963,-2.764) closest_index=13 previous_progress_index=12 selected_progress_index=13 lookahead_index=19 lookahead_arc_distance=0.300 navigation_setpoint=(1.704,-2.875) setpoint_clearance=0.896 control_mode=FOLLOWING
[super_planner_ros2_node-6] [INFO] [1786539854.478046347] [super_planner_ros2_node]: [FINAL_GOAL_CHECK] global_goal_id=3 distance_to_final=3.448 speed=0.196 confirm=0/10 final_goal_reached=false
[super_planner_ros2_node-6] [INFO] [1786539854.577643831] [super_planner_ros2_node]: [PATH_PROGRESS] plan_id=3 vehicle_position=(1.928,-2.762) closest_index=13 previous_progress_index=13 selected_progress_index=13 lookahead_index=20 lookahead_arc_distance=0.300 navigation_setpoint=(1.670,-2.875) setpoint_clearance=0.878 control_mode=FOLLOWING
[super_planner_ros2_node-6] [INFO] [1786539854.778884716] [super_planner_ros2_node]: [PATH_PROGRESS] plan_id=3 vehicle_position=(1.895,-2.768) closest_index=14 previous_progress_index=14 selected_progress_index=14 lookahead_index=20 lookahead_arc_distance=0.300 navigation_setpoint=(1.636,-2.875) setpoint_clearance=0.862 control_mode=FOLLOWING
[offboard_waypoint_node-1] [INFO] [1786539854.985547995] [offboard_waypoint_node]: [EV_HEALTH] state=HEALTHY continuous_healthy=0.00s
[super_planner_ros2_node-6] [INFO] [1786539855.027404049] [super_planner_ros2_node]: [FINAL_GOAL_CHECK] global_goal_id=3 distance_to_final=3.411 speed=0.191 confirm=0/10 final_goal_reached=false
[super_planner_ros2_node-6] [INFO] [1786539855.034116638] [super_planner_ros2_node]: [PATH_PROGRESS] plan_id=3 vehicle_position=(1.844,-2.789) closest_index=15 previous_progress_index=15 selected_progress_index=15 lookahead_index=21 lookahead_arc_distance=0.300 navigation_setpoint=(1.585,-2.875) setpoint_clearance=0.839 control_mode=FOLLOWING
[super_planner_ros2_node-6] [INFO] [1786539855.034207143] [super_planner_ros2_node]: SUPER_ROS2 mode=FOLLOWING enable_output=true reason=NAVIGATION_SETPOINT_PUBLISHED odom=(1.84,-2.79,0.67) goal=set tracking_setpoint_enu=(1.58,-2.88,0.78) setpoint_ned=(-2.88,1.58,-0.78) yaw(desired/cmd/rate)=(-1.67/-1.70/0.07) cross_track=0.01 frame_id=px4_ned path_points=88 odom_source=/race/odom cloud_source=/saved_map mavros_connected=true
[offboard_waypoint_node-1] [INFO] [1786539855.034413369] [offboard_waypoint_node]: [OFFBOARD_TAKEOFF_IGNORED] state=4 reason=navigation_setpoint; preserve current flight transaction
[offboard_waypoint_node-1] [INFO] [1786539855.034480106] [offboard_waypoint_node]: Navigation setpoint NED=(-2.88, 1.59, -0.78) yaw=-1.69 yaw_rate=0.07
[offboard_waypoint_node-1] [INFO] [1786539855.176883087] [offboard_waypoint_node]: [CONTROL_ARBITER] selected_source=super state=TRACKING
[super_planner_ros2_node-6] [INFO] [1786539855.277569770] [super_planner_ros2_node]: [PATH_PROGRESS] plan_id=3 vehicle_position=(1.810,-2.809) closest_index=16 previous_progress_index=16 selected_progress_index=16 lookahead_index=22 lookahead_arc_distance=0.300 navigation_setpoint=(1.531,-2.875) setpoint_clearance=0.817 control_mode=FOLLOWING
[mapping_manager_node-5] [INFO] [1786539855.499616872] [mapping_manager_node]: Mapping status: in_flight=false, map_loaded=false, map_saved=false
[super_planner_ros2_node-6] [INFO] [1786539855.527554975] [super_planner_ros2_node]: [PATH_PROGRESS] plan_id=3 vehicle_position=(1.763,-2.839) closest_index=17 previous_progress_index=16 selected_progress_index=17 lookahead_index=23 lookahead_arc_distance=0.300 navigation_setpoint=(1.477,-2.875) setpoint_clearance=0.798 control_mode=FOLLOWING
[super_planner_ros2_node-6] [INFO] [1786539855.577401584] [super_planner_ros2_node]: [FINAL_GOAL_CHECK] global_goal_id=3 distance_to_final=3.404 speed=0.188 confirm=0/10 final_goal_reached=false
[super_planner_ros2_node-6] [INFO] [1786539855.777554011] [super_planner_ros2_node]: [PATH_PROGRESS] plan_id=3 vehicle_position=(1.725,-2.859) closest_index=17 previous_progress_index=17 selected_progress_index=17 lookahead_index=24 lookahead_arc_distance=0.300 navigation_setpoint=(1.436,-2.875) setpoint_clearance=0.786 control_mode=FOLLOWING
[super_planner_ros2_node-6] [INFO] [1786539855.978325078] [super_planner_ros2_node]: [PATH_PROGRESS] plan_id=3 vehicle_position=(1.691,-2.882) closest_index=18 previous_progress_index=18 selected_progress_index=18 lookahead_index=25 lookahead_arc_distance=0.300 navigation_setpoint=(1.391,-2.875) setpoint_clearance=0.775 control_mode=FOLLOWING
[super_planner_ros2_node-6] [INFO] [1786539856.077405727] [super_planner_ros2_node]: [FINAL_GOAL_CHECK] global_goal_id=3 distance_to_final=3.397 speed=0.202 confirm=0/10 final_goal_reached=false
[fastlio_bridge_node-2] [INFO] [1786539856.083541368] [fastlio_bridge_node]: 已桥接并转换里程计: ENU(1.66, -2.90, 0.70) -> NED(-2.90, 1.66, -0.70)
[super_planner_ros2_node-6] [INFO] [1786539856.098435918] [super_planner_ros2_node]: SUPER_ROS2 mode=FOLLOWING enable_output=true reason=NAVIGATION_SETPOINT_PUBLISHED odom=(1.67,-2.89,0.69) goal=set tracking_setpoint_enu=(1.37,-2.88,0.78) setpoint_ned=(-2.88,1.37,-0.78) yaw(desired/cmd/rate)=(-1.38/-1.46/0.22) cross_track=0.02 frame_id=px4_ned path_points=88 odom_source=/race/odom cloud_source=/saved_map mavros_connected=true
[offboard_waypoint_node-1] [INFO] [1786539856.098765566] [offboard_waypoint_node]: [OFFBOARD_TAKEOFF_IGNORED] state=4 reason=navigation_setpoint; preserve current flight transaction
[offboard_waypoint_node-1] [INFO] [1786539856.098889404] [offboard_waypoint_node]: Navigation setpoint NED=(-2.88, 1.38, -0.78) yaw=-1.46 yaw_rate=0.22
[offboard_waypoint_node-1] [INFO] [1786539856.226829407] [offboard_waypoint_node]: [CONTROL_ARBITER] selected_source=super state=TRACKING
[super_planner_ros2_node-6] [INFO] [1786539856.227647494] [super_planner_ros2_node]: [PATH_PROGRESS] plan_id=3 vehicle_position=(1.655,-2.911) closest_index=19 previous_progress_index=19 selected_progress_index=19 lookahead_index=26 lookahead_arc_distance=0.300 navigation_setpoint=(1.355,-2.875) setpoint_clearance=0.768 control_mode=FOLLOWING
[super_planner_ros2_node-6] [INFO] [1786539856.427770446] [super_planner_ros2_node]: [PATH_PROGRESS] plan_id=3 vehicle_position=(1.620,-2.935) closest_index=20 previous_progress_index=19 selected_progress_index=20 lookahead_index=27 lookahead_arc_distance=0.300 navigation_setpoint=(1.320,-2.875) setpoint_clearance=0.763 control_mode=FOLLOWING
[super_planner_ros2_node-6] [INFO] [1786539856.627319734] [super_planner_ros2_node]: [FINAL_GOAL_CHECK] global_goal_id=3 distance_to_final=3.399 speed=0.190 confirm=0/10 final_goal_reached=false
[super_planner_ros2_node-6] [INFO] [1786539856.644067029] [super_planner_ros2_node]: [PATH_PROGRESS] plan_id=3 vehicle_position=(1.585,-2.952) closest_index=20 previous_progress_index=20 selected_progress_index=20 lookahead_index=27 lookahead_arc_distance=0.300 navigation_setpoint=(1.285,-2.875) setpoint_clearance=0.759 control_mode=FOLLOWING
[super_planner_ros2_node-6] [INFO] [1786539856.877627438] [super_planner_ros2_node]: [PATH_PROGRESS] plan_id=3 vehicle_position=(1.553,-2.970) closest_index=21 previous_progress_index=21 selected_progress_index=21 lookahead_index=28 lookahead_arc_distance=0.300 navigation_setpoint=(1.253,-2.875) setpoint_clearance=0.756 control_mode=FOLLOWING
[super_planner_ros2_node-6] [INFO] [1786539857.127470460] [super_planner_ros2_node]: [PATH_PROGRESS] plan_id=3 vehicle_position=(1.488,-3.005) closest_index=22 previous_progress_index=22 selected_progress_index=22 lookahead_index=29 lookahead_arc_distance=0.300 navigation_setpoint=(1.188,-2.875) setpoint_clearance=0.750 control_mode=FOLLOWING
[super_planner_ros2_node-6] [INFO] [1786539857.127603257] [super_planner_ros2_node]: SUPER_ROS2 mode=FOLLOWING enable_output=true reason=NAVIGATION_SETPOINT_PUBLISHED odom=(1.49,-3.01,0.72) goal=set tracking_setpoint_enu=(1.19,-2.88,0.78) setpoint_ned=(-2.88,1.19,-0.78) yaw(desired/cmd/rate)=(-1.19/-1.27/0.22) cross_track=0.13 frame_id=px4_ned path_points=88 odom_source=/race/odom cloud_source=/saved_map mavros_connected=true
[offboard_waypoint_node-1] [INFO] [1786539857.127632751] [offboard_waypoint_node]: [OFFBOARD_TAKEOFF_IGNORED] state=4 reason=navigation_setpoint; preserve current flight transaction
[offboard_waypoint_node-1] [INFO] [1786539857.127708072] [offboard_waypoint_node]: Navigation setpoint NED=(-2.88, 1.19, -0.78) yaw=-1.27 yaw_rate=0.22
[super_planner_ros2_node-6] [INFO] [1786539857.177299440] [super_planner_ros2_node]: [FINAL_GOAL_CHECK] global_goal_id=3 distance_to_final=3.397 speed=0.289 confirm=0/10 final_goal_reached=false
[offboard_waypoint_node-1] [INFO] [1786539857.226849119] [offboard_waypoint_node]: [CONTROL_ARBITER] selected_source=super state=TRACKING
[super_planner_ros2_node-6] [INFO] [1786539857.329226018] [super_planner_ros2_node]: [PATH_PROGRESS] plan_id=3 vehicle_position=(1.431,-3.016) closest_index=23 previous_progress_index=23 selected_progress_index=23 lookahead_index=30 lookahead_arc_distance=0.300 navigation_setpoint=(1.131,-2.875) setpoint_clearance=0.748 control_mode=FOLLOWING
[super_planner_ros2_node-6] [INFO] [1786539857.577612906] [super_planner_ros2_node]: [PATH_PROGRESS] plan_id=3 vehicle_position=(1.363,-3.004) closest_index=25 previous_progress_index=25 selected_progress_index=25 lookahead_index=32 lookahead_arc_distance=0.300 navigation_setpoint=(1.067,-2.867) setpoint_clearance=0.744 control_mode=FOLLOWING
[super_planner_ros2_node-6] [INFO] [1786539857.678282683] [super_planner_ros2_node]: [FINAL_GOAL_CHECK] global_goal_id=3 distance_to_final=3.317 speed=0.309 confirm=0/10 final_goal_reached=false
[super_planner_ros2_node-6] [INFO] [1786539857.827472163] [super_planner_ros2_node]: [PATH_PROGRESS] plan_id=3 vehicle_position=(1.268,-2.996) closest_index=27 previous_progress_index=26 selected_progress_index=27 lookahead_index=33 lookahead_arc_distance=0.300 navigation_setpoint=(0.999,-2.799) setpoint_clearance=0.687 control_mode=FOLLOWING
[super_planner_ros2_node-6] [INFO] [1786539858.077437972] [super_planner_ros2_node]: [PATH_PROGRESS] plan_id=3 vehicle_position=(1.209,-2.999) closest_index=28 previous_progress_index=28 selected_progress_index=28 lookahead_index=34 lookahead_arc_distance=0.300 navigation_setpoint=(0.957,-2.757) setpoint_clearance=0.657 control_mode=FOLLOWING
[fastlio_bridge_node-2] [INFO] [1786539858.083312188] [fastlio_bridge_node]: 已桥接并转换里程计: ENU(1.18, -2.99, 0.68) -> NED(-2.99, 1.18, -0.68)
[offboard_waypoint_node-1] [INFO] [1786539858.127653874] [offboard_waypoint_node]: [OFFBOARD_TAKEOFF_IGNORED] state=4 reason=navigation_setpoint; preserve current flight transaction
[offboard_waypoint_node-1] [INFO] [1786539858.127746900] [offboard_waypoint_node]: Navigation setpoint NED=(-2.74, 0.94, -0.78) yaw=-0.99 yaw_rate=0.32
[super_planner_ros2_node-6] [INFO] [1786539858.177791638] [super_planner_ros2_node]: SUPER_ROS2 mode=FOLLOWING enable_output=true reason=NAVIGATION_SETPOINT_PUBLISHED odom=(1.18,-2.99,0.68) goal=set tracking_setpoint_enu=(0.94,-2.74,0.78) setpoint_ned=(-2.74,0.94,-0.78) yaw(desired/cmd/rate)=(-0.88/-0.98/0.28) cross_track=0.11 frame_id=px4_ned path_points=88 odom_source=/race/odom cloud_source=/saved_map mavros_connected=true
[super_planner_ros2_node-6] [INFO] [1786539858.227263686] [super_planner_ros2_node]: [FINAL_GOAL_CHECK] global_goal_id=3 distance_to_final=3.217 speed=0.325 confirm=0/10 final_goal_reached=false
[offboard_waypoint_node-1] [INFO] [1786539858.276559323] [offboard_waypoint_node]: [CONTROL_ARBITER] selected_source=super state=TRACKING
[super_planner_ros2_node-6] [INFO] [1786539858.277625503] [super_planner_ros2_node]: [PATH_PROGRESS] plan_id=3 vehicle_position=(1.148,-2.978) closest_index=29 previous_progress_index=29 selected_progress_index=29 lookahead_index=35 lookahead_arc_distance=0.300 navigation_setpoint=(0.914,-2.714) setpoint_clearance=0.630 control_mode=FOLLOWING
[super_planner_ros2_node-6] [INFO] [1786539858.527424492] [super_planner_ros2_node]: [PATH_PROGRESS] plan_id=3 vehicle_position=(1.065,-2.939) closest_index=30 previous_progress_index=30 selected_progress_index=30 lookahead_index=36 lookahead_arc_distance=0.300 navigation_setpoint=(0.863,-2.663) setpoint_clearance=0.604 control_mode=FOLLOWING
[super_planner_ros2_node-6] [INFO] [1786539858.777266309] [super_planner_ros2_node]: [FINAL_GOAL_CHECK] global_goal_id=3 distance_to_final=3.094 speed=0.334 confirm=0/10 final_goal_reached=false
[super_planner_ros2_node-6] [INFO] [1786539858.785316972] [super_planner_ros2_node]: [PATH_PROGRESS] plan_id=3 vehicle_position=(1.003,-2.908) closest_index=31 previous_progress_index=31 selected_progress_index=31 lookahead_index=36 lookahead_arc_distance=0.300 navigation_setpoint=(0.843,-2.643) setpoint_clearance=0.596 control_mode=FOLLOWING
[super_planner_ros2_node-6] [INFO] [1786539859.027371838] [super_planner_ros2_node]: [PATH_PROGRESS] plan_id=3 vehicle_position=(0.922,-2.855) closest_index=32 previous_progress_index=32 selected_progress_index=32 lookahead_index=37 lookahead_arc_distance=0.300 navigation_setpoint=(0.776,-2.576) setpoint_clearance=0.579 control_mode=FOLLOWING
[offboard_waypoint_node-1] [INFO] [1786539859.128479197] [offboard_waypoint_node]: [OFFBOARD_TAKEOFF_IGNORED] state=4 reason=navigation_setpoint; preserve current flight transaction
[offboard_waypoint_node-1] [INFO] [1786539859.128730248] [offboard_waypoint_node]: Navigation setpoint NED=(-2.56, 0.76, -0.78) yaw=-0.80 yaw_rate=0.05
[super_planner_ros2_node-6] [INFO] [1786539859.227526624] [super_planner_ros2_node]: [PATH_PROGRESS] plan_id=3 vehicle_position=(0.886,-2.810) closest_index=33 previous_progress_index=33 selected_progress_index=33 lookahead_index=38 lookahead_arc_distance=0.300 navigation_setpoint=(0.736,-2.536) setpoint_clearance=0.576 control_mode=FOLLOWING
[super_planner_ros2_node-6] [INFO] [1786539859.227764610] [super_planner_ros2_node]: SUPER_ROS2 mode=FOLLOWING enable_output=true reason=NAVIGATION_SETPOINT_PUBLISHED odom=(0.89,-2.81,0.63) goal=set tracking_setpoint_enu=(0.74,-2.54,0.78) setpoint_ned=(-2.54,0.74,-0.78) yaw(desired/cmd/rate)=(-0.79/-0.80/0.04) cross_track=0.09 frame_id=px4_ned path_points=88 odom_source=/race/odom cloud_source=/saved_map mavros_connected=true
[offboard_waypoint_node-1] [INFO] [1786539859.326253546] [offboard_waypoint_node]: [CONTROL_ARBITER] selected_source=super state=TRACKING
[super_planner_ros2_node-6] [INFO] [1786539859.327175464] [super_planner_ros2_node]: [FINAL_GOAL_CHECK] global_goal_id=3 distance_to_final=2.939 speed=0.199 confirm=0/10 final_goal_reached=false
[super_planner_ros2_node-6] [INFO] [1786539859.427642663] [super_planner_ros2_node]: [PATH_PROGRESS] plan_id=3 vehicle_position=(0.863,-2.777) closest_index=34 previous_progress_index=33 selected_progress_index=34 lookahead_index=39 lookahead_arc_distance=0.300 navigation_setpoint=(0.708,-2.508) setpoint_clearance=0.577 control_mode=FOLLOWING
[super_planner_ros2_node-6] [INFO] [1786539859.677429661] [super_planner_ros2_node]: [PATH_PROGRESS] plan_id=3 vehicle_position=(0.844,-2.762) closest_index=34 previous_progress_index=34 selected_progress_index=34 lookahead_index=39 lookahead_arc_distance=0.300 navigation_setpoint=(0.691,-2.491) setpoint_clearance=0.579 control_mode=FOLLOWING
[super_planner_ros2_node-6] [INFO] [1786539859.877276215] [super_planner_ros2_node]: [FINAL_GOAL_CHECK] global_goal_id=3 distance_to_final=2.885 speed=0.090 confirm=0/10 final_goal_reached=false
[super_planner_ros2_node-6] [INFO] [1786539859.907804127] [super_planner_ros2_node]: [PATH_PROGRESS] plan_id=3 vehicle_position=(0.827,-2.753) closest_index=34 previous_progress_index=34 selected_progress_index=34 lookahead_index=39 lookahead_arc_distance=0.300 navigation_setpoint=(0.678,-2.478) setpoint_clearance=0.582 control_mode=FOLLOWING
[fastlio_bridge_node-2] [INFO] [1786539860.083370125] [fastlio_bridge_node]: 已桥接并转换里程计: ENU(0.81, -2.74, 0.65) -> NED(-2.74, 0.81, -0.65)
[super_planner_ros2_node-6] [INFO] [1786539860.127341664] [super_planner_ros2_node]: [PATH_PROGRESS] plan_id=3 vehicle_position=(0.808,-2.735) closest_index=35 previous_progress_index=34 selected_progress_index=35 lookahead_index=40 lookahead_arc_distance=0.300 navigation_setpoint=(0.660,-2.460) setpoint_clearance=0.583 control_mode=FOLLOWING
[offboard_waypoint_node-1] [INFO] [1786539860.177533249] [offboard_waypoint_node]: [OFFBOARD_TAKEOFF_IGNORED] state=4 reason=navigation_setpoint; preserve current flight transaction
[offboard_waypoint_node-1] [INFO] [1786539860.177602771] [offboard_waypoint_node]: Navigation setpoint NED=(-2.47, 0.66, -0.78) yaw=-0.78 yaw_rate=0.00
[super_planner_ros2_node-6] [INFO] [1786539860.278221191] [super_planner_ros2_node]: SUPER_ROS2 mode=FOLLOWING enable_output=true reason=NAVIGATION_SETPOINT_PUBLISHED odom=(0.80,-2.73,0.65) goal=set tracking_setpoint_enu=(0.66,-2.46,0.78) setpoint_ned=(-2.46,0.66,-0.78) yaw(desired/cmd/rate)=(-0.79/-0.79/0.00) cross_track=0.09 frame_id=px4_ned path_points=88 odom_source=/race/odom cloud_source=/saved_map mavros_connected=true
[super_planner_ros2_node-6] [INFO] [1786539860.327705306] [super_planner_ros2_node]: [PATH_PROGRESS] plan_id=3 vehicle_position=(0.796,-2.728) closest_index=35 previous_progress_index=35 selected_progress_index=35 lookahead_index=40 lookahead_arc_distance=0.300 navigation_setpoint=(0.650,-2.450) setpoint_clearance=0.581 control_mode=FOLLOWING
[offboard_waypoint_node-1] [INFO] [1786539860.376339463] [offboard_waypoint_node]: [CONTROL_ARBITER] selected_source=super state=TRACKING
[super_planner_ros2_node-6] [INFO] [1786539860.427323633] [super_planner_ros2_node]: [FINAL_GOAL_CHECK] global_goal_id=3 distance_to_final=2.840 speed=0.143 confirm=0/10 final_goal_reached=false
[super_planner_ros2_node-6] [INFO] [1786539860.577293159] [super_planner_ros2_node]: [PATH_PROGRESS] plan_id=3 vehicle_position=(0.765,-2.714) closest_index=35 previous_progress_index=35 selected_progress_index=35 lookahead_index=40 lookahead_arc_distance=0.300 navigation_setpoint=(0.628,-2.428) setpoint_clearance=0.578 control_mode=FOLLOWING
[super_planner_ros2_node-6] [INFO] [1786539860.827412304] [super_planner_ros2_node]: [PATH_PROGRESS] plan_id=3 vehicle_position=(0.722,-2.677) closest_index=36 previous_progress_index=36 selected_progress_index=36 lookahead_index=41 lookahead_arc_distance=0.300 navigation_setpoint=(0.587,-2.387) setpoint_clearance=0.577 control_mode=FOLLOWING
[super_planner_ros2_node-6] [INFO] [1786539860.977108398] [super_planner_ros2_node]: [FINAL_GOAL_CHECK] global_goal_id=3 distance_to_final=2.759 speed=0.181 confirm=0/10 final_goal_reached=false
[super_planner_ros2_node-6] [INFO] [1786539861.077238172] [super_planner_ros2_node]: [PATH_PROGRESS] plan_id=3 vehicle_position=(0.701,-2.648) closest_index=37 previous_progress_index=37 selected_progress_index=37 lookahead_index=42 lookahead_arc_distance=0.300 navigation_setpoint=(0.562,-2.362) setpoint_clearance=0.579 control_mode=FOLLOWING
[offboard_waypoint_node-1] [INFO] [1786539861.178232348] [offboard_waypoint_node]: [OFFBOARD_TAKEOFF_IGNORED] state=4 reason=navigation_setpoint; preserve current flight transaction
[offboard_waypoint_node-1] [INFO] [1786539861.178360818] [offboard_waypoint_node]: Navigation setpoint NED=(-2.36, 0.55, -0.78) yaw=-0.78 yaw_rate=0.00
[super_planner_ros2_node-6] [INFO] [1786539861.277268032] [super_planner_ros2_node]: [PATH_PROGRESS] plan_id=3 vehicle_position=(0.689,-2.620) closest_index=37 previous_progress_index=37 selected_progress_index=37 lookahead_index=42 lookahead_arc_distance=0.300 navigation_setpoint=(0.542,-2.342) setpoint_clearance=0.582 control_mode=FOLLOWING
[super_planner_ros2_node-6] [INFO] [1786539861.327332771] [super_planner_ros2_node]: SUPER_ROS2 mode=FOLLOWING enable_output=true reason=NAVIGATION_SETPOINT_PUBLISHED odom=(0.69,-2.61,0.68) goal=set tracking_setpoint_enu=(0.53,-2.33,0.78) setpoint_ned=(-2.33,0.53,-0.78) yaw(desired/cmd/rate)=(-0.79/-0.79/0.00) cross_track=0.08 frame_id=px4_ned path_points=88 odom_source=/race/odom cloud_source=/saved_map mavros_connected=true
[offboard_waypoint_node-1] [INFO] [1786539861.376615945] [offboard_waypoint_node]: [CONTROL_ARBITER] selected_source=super state=TRACKING
[super_planner_ros2_node-6] [INFO] [1786539861.527165873] [super_planner_ros2_node]: [FINAL_GOAL_CHECK] global_goal_id=3 distance_to_final=2.667 speed=0.174 confirm=0/10 final_goal_reached=false
[super_planner_ros2_node-6] [INFO] [1786539861.534670306] [super_planner_ros2_node]: [PATH_PROGRESS] plan_id=3 vehicle_position=(0.668,-2.579) closest_index=38 previous_progress_index=37 selected_progress_index=38 lookahead_index=43 lookahead_arc_distance=0.300 navigation_setpoint=(0.511,-2.311) setpoint_clearance=0.590 control_mode=FOLLOWING
[super_planner_ros2_node-6] [INFO] [1786539861.777260428] [super_planner_ros2_node]: [PATH_PROGRESS] plan_id=3 vehicle_position=(0.654,-2.543) closest_index=38 previous_progress_index=38 selected_progress_index=38 lookahead_index=43 lookahead_arc_distance=0.300 navigation_setpoint=(0.486,-2.286) setpoint_clearance=0.598 control_mode=FOLLOWING
[super_planner_ros2_node-6] [INFO] [1786539862.027270508] [super_planner_ros2_node]: [PATH_PROGRESS] plan_id=3 vehicle_position=(0.625,-2.490) closest_index=39 previous_progress_index=39 selected_progress_index=39 lookahead_index=44 lookahead_arc_distance=0.300 navigation_setpoint=(0.445,-2.245) setpoint_clearance=0.616 control_mode=FOLLOWING
[super_planner_ros2_node-6] [INFO] [1786539862.077188584] [super_planner_ros2_node]: [FINAL_GOAL_CHECK] global_goal_id=3 distance_to_final=2.569 speed=0.228 confirm=0/10 final_goal_reached=false
[fastlio_bridge_node-2] [INFO] [1786539862.085737924] [fastlio_bridge_node]: 已桥接并转换里程计: ENU(0.61, -2.47, 0.69) -> NED(-2.47, 0.61, -0.69)
[offboard_waypoint_node-1] [INFO] [1786539862.227399056] [offboard_waypoint_node]: [OFFBOARD_TAKEOFF_IGNORED] state=4 reason=navigation_setpoint; preserve current flight transaction
[offboard_waypoint_node-1] [INFO] [1786539862.227471815] [offboard_waypoint_node]: Navigation setpoint NED=(-2.22, 0.41, -0.78) yaw=-0.78 yaw_rate=0.00
[super_planner_ros2_node-6] [INFO] [1786539862.277195412] [super_planner_ros2_node]: [PATH_PROGRESS] plan_id=3 vehicle_position=(0.598,-2.445) closest_index=40 previous_progress_index=40 selected_progress_index=40 lookahead_index=45 lookahead_arc_distance=0.300 navigation_setpoint=(0.410,-2.210) setpoint_clearance=0.636 control_mode=FOLLOWING
[super_planner_ros2_node-6] [INFO] [1786539862.377517050] [super_planner_ros2_node]: SUPER_ROS2 mode=FOLLOWING enable_output=true reason=NAVIGATION_SETPOINT_PUBLISHED odom=(0.58,-2.42,0.70) goal=set tracking_setpoint_enu=(0.39,-2.19,0.78) setpoint_ned=(-2.19,0.39,-0.78) yaw(desired/cmd/rate)=(-0.79/-0.79/0.00) cross_track=0.03 frame_id=px4_ned path_points=88 odom_source=/race/odom cloud_source=/saved_map mavros_connected=true
[offboard_waypoint_node-1] [INFO] [1786539862.426405221] [offboard_waypoint_node]: [CONTROL_ARBITER] selected_source=super state=TRACKING
[super_planner_ros2_node-6] [INFO] [1786539862.477480804] [super_planner_ros2_node]: [PATH_PROGRESS] plan_id=3 vehicle_position=(0.556,-2.402) closest_index=40 previous_progress_index=40 selected_progress_index=40 lookahead_index=46 lookahead_arc_distance=0.300 navigation_setpoint=(0.367,-2.167) setpoint_clearance=0.664 control_mode=FOLLOWING
[super_planner_ros2_node-6] [INFO] [1786539862.627044383] [super_planner_ros2_node]: [FINAL_GOAL_CHECK] global_goal_id=3 distance_to_final=2.411 speed=0.278 confirm=0/10 final_goal_reached=false
[super_planner_ros2_node-6] [INFO] [1786539862.727199585] [super_planner_ros2_node]: [PATH_PROGRESS] plan_id=3 vehicle_position=(0.511,-2.330) closest_index=42 previous_progress_index=41 selected_progress_index=42 lookahead_index=47 lookahead_arc_distance=0.300 navigation_setpoint=(0.308,-2.108) setpoint_clearance=0.709 control_mode=FOLLOWING
[super_planner_ros2_node-6] [INFO] [1786539862.927293999] [super_planner_ros2_node]: [PATH_PROGRESS] plan_id=3 vehicle_position=(0.481,-2.283) closest_index=42 previous_progress_index=42 selected_progress_index=42 lookahead_index=48 lookahead_arc_distance=0.300 navigation_setpoint=(0.270,-2.070) setpoint_clearance=0.742 control_mode=FOLLOWING
[super_planner_ros2_node-6] [INFO] [1786539863.177077233] [super_planner_ros2_node]: [FINAL_GOAL_CHECK] global_goal_id=3 distance_to_final=2.278 speed=0.280 confirm=0/10 final_goal_reached=false
[super_planner_ros2_node-6] [INFO] [1786539863.187588158] [super_planner_ros2_node]: [PATH_PROGRESS] plan_id=3 vehicle_position=(0.456,-2.238) closest_index=43 previous_progress_index=43 selected_progress_index=43 lookahead_index=48 lookahead_arc_distance=0.300 navigation_setpoint=(0.235,-2.035) setpoint_clearance=0.774 control_mode=FOLLOWING
[offboard_waypoint_node-1] [INFO] [1786539863.228347734] [offboard_waypoint_node]: [OFFBOARD_TAKEOFF_IGNORED] state=4 reason=navigation_setpoint; preserve current flight transaction
[offboard_waypoint_node-1] [INFO] [1786539863.228563696] [offboard_waypoint_node]: Navigation setpoint NED=(-2.02, 0.22, -0.78) yaw=-0.76 yaw_rate=0.15
[super_planner_ros2_node-6] [INFO] [1786539863.427707517] [super_planner_ros2_node]: [PATH_PROGRESS] plan_id=3 vehicle_position=(0.417,-2.164) closest_index=44 previous_progress_index=44 selected_progress_index=44 lookahead_index=49 lookahead_arc_distance=0.300 navigation_setpoint=(0.178,-1.978) setpoint_clearance=0.829 control_mode=FOLLOWING
[super_planner_ros2_node-6] [INFO] [1786539863.428103048] [super_planner_ros2_node]: SUPER_ROS2 mode=FOLLOWING enable_output=true reason=NAVIGATION_SETPOINT_PUBLISHED odom=(0.42,-2.16,0.74) goal=set tracking_setpoint_enu=(0.18,-1.98,0.78) setpoint_ned=(-1.98,0.18,-0.78) yaw(desired/cmd/rate)=(-0.65/-0.73/0.20) cross_track=0.04 frame_id=px4_ned path_points=88 odom_source=/race/odom cloud_source=/saved_map mavros_connected=true
[offboard_waypoint_node-1] [INFO] [1786539863.476293208] [offboard_waypoint_node]: [CONTROL_ARBITER] selected_source=super state=TRACKING
[super_planner_ros2_node-6] [INFO] [1786539863.677386803] [super_planner_ros2_node]: [FINAL_GOAL_CHECK] global_goal_id=3 distance_to_final=2.136 speed=0.305 confirm=0/10 final_goal_reached=false
[super_planner_ros2_node-6] [INFO] [1786539863.690223298] [super_planner_ros2_node]: [PATH_PROGRESS] plan_id=3 vehicle_position=(0.389,-2.109) closest_index=45 previous_progress_index=45 selected_progress_index=45 lookahead_index=50 lookahead_arc_distance=0.300 navigation_setpoint=(0.137,-1.937) setpoint_clearance=0.872 control_mode=FOLLOWING
[super_planner_ros2_node-6] [INFO] [1786539863.927348137] [super_planner_ros2_node]: [PATH_PROGRESS] plan_id=3 vehicle_position=(0.338,-2.032) closest_index=46 previous_progress_index=46 selected_progress_index=46 lookahead_index=52 lookahead_arc_distance=0.300 navigation_setpoint=(0.073,-1.873) setpoint_clearance=0.942 control_mode=FOLLOWING
[fastlio_bridge_node-2] [INFO] [1786539864.082959031] [fastlio_bridge_node]: 已桥接并转换里程计: ENU(0.30, -1.98, 0.74) -> NED(-1.98, 0.30, -0.74)
[super_planner_ros2_node-6] [INFO] [1786539864.127353932] [super_planner_ros2_node]: [PATH_PROGRESS] plan_id=3 vehicle_position=(0.296,-1.981) closest_index=47 previous_progress_index=47 selected_progress_index=47 lookahead_index=52 lookahead_arc_distance=0.300 navigation_setpoint=(0.026,-1.826) setpoint_clearance=0.995 control_mode=FOLLOWING
[super_planner_ros2_node-6] [INFO] [1786539864.226980543] [super_planner_ros2_node]: [FINAL_GOAL_CHECK] global_goal_id=3 distance_to_final=1.964 speed=0.288 confirm=0/10 final_goal_reached=false
[offboard_waypoint_node-1] [INFO] [1786539864.237812325] [offboard_waypoint_node]: [OFFBOARD_TAKEOFF_IGNORED] state=4 reason=navigation_setpoint; preserve current flight transaction
[offboard_waypoint_node-1] [INFO] [1786539864.237888507] [offboard_waypoint_node]: Navigation setpoint NED=(-1.81, 0.01, -0.78) yaw=-0.52 yaw_rate=0.31
[super_planner_ros2_node-6] [INFO] [1786539864.377302138] [super_planner_ros2_node]: [PATH_PROGRESS] plan_id=3 vehicle_position=(0.252,-1.939) closest_index=48 previous_progress_index=48 selected_progress_index=48 lookahead_index=53 lookahead_arc_distance=0.300 navigation_setpoint=(-0.016,-1.784) setpoint_clearance=1.045 control_mode=FOLLOWING
[super_planner_ros2_node-6] [INFO] [1786539864.477187770] [super_planner_ros2_node]: SUPER_ROS2 mode=FOLLOWING enable_output=true reason=NAVIGATION_SETPOINT_PUBLISHED odom=(0.23,-1.92,0.73) goal=set tracking_setpoint_enu=(-0.03,-1.77,0.78) setpoint_ned=(-1.77,-0.03,-0.78) yaw(desired/cmd/rate)=(-0.35/-0.45/0.28) cross_track=0.08 frame_id=px4_ned path_points=88 odom_source=/race/odom cloud_source=/saved_map mavros_connected=true
[offboard_waypoint_node-1] [INFO] [1786539864.525892513] [offboard_waypoint_node]: [CONTROL_ARBITER] selected_source=super state=TRACKING
[super_planner_ros2_node-6] [INFO] [1786539864.577306784] [super_planner_ros2_node]: [PATH_PROGRESS] plan_id=3 vehicle_position=(0.208,-1.904) closest_index=49 previous_progress_index=49 selected_progress_index=49 lookahead_index=54 lookahead_arc_distance=0.300 navigation_setpoint=(-0.056,-1.744) setpoint_clearance=1.092 control_mode=FOLLOWING
[super_planner_ros2_node-6] [INFO] [1786539864.776883344] [super_planner_ros2_node]: [FINAL_GOAL_CHECK] global_goal_id=3 distance_to_final=1.861 speed=0.272 confirm=0/10 final_goal_reached=false
[super_planner_ros2_node-6] [INFO] [1786539864.782963094] [super_planner_ros2_node]: [PATH_PROGRESS] plan_id=3 vehicle_position=(0.161,-1.881) closest_index=50 previous_progress_index=50 selected_progress_index=50 lookahead_index=55 lookahead_arc_distance=0.300 navigation_setpoint=(-0.075,-1.702) setpoint_clearance=1.121 control_mode=FOLLOWING
[super_planner_ros2_node-6] [INFO] [1786539865.031116126] [super_planner_ros2_node]: [PATH_PROGRESS] plan_id=3 vehicle_position=(0.073,-1.858) closest_index=51 previous_progress_index=50 selected_progress_index=51 lookahead_index=57 lookahead_arc_distance=0.300 navigation_setpoint=(-0.075,-1.623) setpoint_clearance=1.144 control_mode=FOLLOWING
[super_planner_ros2_node-6] [INFO] [1786539865.276897206] [super_planner_ros2_node]: [FINAL_GOAL_CHECK] global_goal_id=3 distance_to_final=1.804 speed=0.274 confirm=0/10 final_goal_reached=false
[super_planner_ros2_node-6] [INFO] [1786539865.293833220] [super_planner_ros2_node]: [PATH_PROGRESS] plan_id=3 vehicle_position=(0.018,-1.846) closest_index=51 previous_progress_index=51 selected_progress_index=51 lookahead_index=57 lookahead_arc_distance=0.300 navigation_setpoint=(-0.075,-1.576) setpoint_clearance=1.160 control_mode=FOLLOWING
[offboard_waypoint_node-1] [INFO] [1786539865.294452671] [offboard_waypoint_node]: [OFFBOARD_TAKEOFF_IGNORED] state=4 reason=navigation_setpoint; preserve current flight transaction
[offboard_waypoint_node-1] [INFO] [1786539865.294628225] [offboard_waypoint_node]: Navigation setpoint NED=(-1.58, -0.07, -0.78) yaw=-0.22 yaw_rate=0.23
[offboard_waypoint_node-1] [INFO] [1786539865.525983454] [offboard_waypoint_node]: [CONTROL_ARBITER] selected_source=super state=TRACKING
[super_planner_ros2_node-6] [INFO] [1786539865.527232814] [super_planner_ros2_node]: [PATH_PROGRESS] plan_id=3 vehicle_position=(-0.062,-1.828) closest_index=52 previous_progress_index=52 selected_progress_index=52 lookahead_index=59 lookahead_arc_distance=0.300 navigation_setpoint=(-0.075,-1.507) setpoint_clearance=1.187 control_mode=FOLLOWING
[super_planner_ros2_node-6] [INFO] [1786539865.527986852] [super_planner_ros2_node]: SUPER_ROS2 mode=FOLLOWING enable_output=true reason=NAVIGATION_SETPOINT_PUBLISHED odom=(-0.06,-1.83,0.73) goal=set tracking_setpoint_enu=(-0.08,-1.51,0.78) setpoint_ned=(-1.51,-0.08,-0.78) yaw(desired/cmd/rate)=(-0.07/-0.16/0.25) cross_track=0.06 frame_id=px4_ned path_points=88 odom_source=/race/odom cloud_source=/saved_map mavros_connected=true
[super_planner_ros2_node-6] [INFO] [1786539865.727276328] [super_planner_ros2_node]: [PATH_PROGRESS] plan_id=3 vehicle_position=(-0.106,-1.804) closest_index=53 previous_progress_index=53 selected_progress_index=53 lookahead_index=60 lookahead_arc_distance=0.300 navigation_setpoint=(-0.075,-1.459) setpoint_clearance=1.207 control_mode=FOLLOWING
[super_planner_ros2_node-6] [INFO] [1786539865.826818419] [super_planner_ros2_node]: [FINAL_GOAL_CHECK] global_goal_id=3 distance_to_final=1.731 speed=0.235 confirm=0/10 final_goal_reached=false
[super_planner_ros2_node-6] [INFO] [1786539865.927294728] [super_planner_ros2_node]: [PATH_PROGRESS] plan_id=3 vehicle_position=(-0.129,-1.763) closest_index=53 previous_progress_index=53 selected_progress_index=53 lookahead_index=61 lookahead_arc_distance=0.300 navigation_setpoint=(-0.075,-1.425) setpoint_clearance=1.223 control_mode=FOLLOWING
[fastlio_bridge_node-2] [INFO] [1786539866.083656753] [fastlio_bridge_node]: 已桥接并转换里程计: ENU(-0.15, -1.71, 0.73) -> NED(-1.71, -0.15, -0.73)
[super_planner_ros2_node-6] [INFO] [1786539866.127300487] [super_planner_ros2_node]: [PATH_PROGRESS] plan_id=3 vehicle_position=(-0.145,-1.708) closest_index=54 previous_progress_index=53 selected_progress_index=54 lookahead_index=61 lookahead_arc_distance=0.300 navigation_setpoint=(-0.075,-1.408) setpoint_clearance=1.231 control_mode=FOLLOWING
[super_planner_ros2_node-6] [INFO] [1786539866.326830952] [super_planner_ros2_node]: [FINAL_GOAL_CHECK] global_goal_id=3 distance_to_final=1.596 speed=0.294 confirm=0/10 final_goal_reached=false
[super_planner_ros2_node-6] [INFO] [1786539866.334399194] [super_planner_ros2_node]: [PATH_PROGRESS] plan_id=3 vehicle_position=(-0.152,-1.650) closest_index=55 previous_progress_index=54 selected_progress_index=55 lookahead_index=62 lookahead_arc_distance=0.300 navigation_setpoint=(-0.075,-1.350) setpoint_clearance=1.260 control_mode=FOLLOWING
[offboard_waypoint_node-1] [INFO] [1786539866.334697352] [offboard_waypoint_node]: [OFFBOARD_TAKEOFF_IGNORED] state=4 reason=navigation_setpoint; preserve current flight transaction
[offboard_waypoint_node-1] [INFO] [1786539866.334736563] [offboard_waypoint_node]: Navigation setpoint NED=(-1.36, -0.07, -0.78) yaw=-0.02 yaw_rate=0.07
[offboard_waypoint_node-1] [INFO] [1786539866.575834349] [offboard_waypoint_node]: [CONTROL_ARBITER] selected_source=super state=TRACKING
[super_planner_ros2_node-6] [INFO] [1786539866.577111069] [super_planner_ros2_node]: [PATH_PROGRESS] plan_id=3 vehicle_position=(-0.154,-1.597) closest_index=56 previous_progress_index=56 selected_progress_index=56 lookahead_index=63 lookahead_arc_distance=0.300 navigation_setpoint=(-0.075,-1.297) setpoint_clearance=1.288 control_mode=FOLLOWING
[super_planner_ros2_node-6] [INFO] [1786539866.577254536] [super_planner_ros2_node]: SUPER_ROS2 mode=FOLLOWING enable_output=true reason=NAVIGATION_SETPOINT_PUBLISHED odom=(-0.15,-1.60,0.72) goal=set tracking_setpoint_enu=(-0.08,-1.30,0.78) setpoint_ned=(-1.30,-0.08,-0.78) yaw(desired/cmd/rate)=(0.00/-0.01/0.04) cross_track=0.08 frame_id=px4_ned path_points=88 odom_source=/race/odom cloud_source=/saved_map mavros_connected=true
[super_planner_ros2_node-6] [INFO] [1786539866.826848326] [super_planner_ros2_node]: [FINAL_GOAL_CHECK] global_goal_id=3 distance_to_final=1.454 speed=0.280 confirm=0/10 final_goal_reached=false
[super_planner_ros2_node-6] [INFO] [1786539866.835713079] [super_planner_ros2_node]: [PATH_PROGRESS] plan_id=3 vehicle_position=(-0.153,-1.508) closest_index=58 previous_progress_index=57 selected_progress_index=58 lookahead_index=65 lookahead_arc_distance=0.300 navigation_setpoint=(-0.075,-1.208) setpoint_clearance=1.338 control_mode=FOLLOWING
[super_planner_ros2_node-6] [INFO] [1786539867.077064212] [super_planner_ros2_node]: [PATH_PROGRESS] plan_id=3 vehicle_position=(-0.154,-1.458) closest_index=59 previous_progress_index=59 selected_progress_index=59 lookahead_index=66 lookahead_arc_distance=0.300 navigation_setpoint=(-0.075,-1.158) setpoint_clearance=1.342 control_mode=FOLLOWING
[super_planner_ros2_node-6] [INFO] [1786539867.327050651] [super_planner_ros2_node]: [PATH_PROGRESS] plan_id=3 vehicle_position=(-0.157,-1.397) closest_index=60 previous_progress_index=60 selected_progress_index=60 lookahead_index=67 lookahead_arc_distance=0.300 navigation_setpoint=(-0.075,-1.097) setpoint_clearance=1.344 control_mode=FOLLOWING
[super_planner_ros2_node-6] [INFO] [1786539867.376765555] [super_planner_ros2_node]: [FINAL_GOAL_CHECK] global_goal_id=3 distance_to_final=1.343 speed=0.202 confirm=0/10 final_goal_reached=false
[offboard_waypoint_node-1] [INFO] [1786539867.393709634] [offboard_waypoint_node]: [OFFBOARD_TAKEOFF_IGNORED] state=4 reason=navigation_setpoint; preserve current flight transaction
[offboard_waypoint_node-1] [INFO] [1786539867.393795656] [offboard_waypoint_node]: Navigation setpoint NED=(-1.10, -0.07, -0.78) yaw=0.00 yaw_rate=0.00
[super_planner_ros2_node-6] [INFO] [1786539867.528020295] [super_planner_ros2_node]: [PATH_PROGRESS] plan_id=3 vehicle_position=(-0.154,-1.358) closest_index=61 previous_progress_index=60 selected_progress_index=61 lookahead_index=68 lookahead_arc_distance=0.300 navigation_setpoint=(-0.075,-1.058) setpoint_clearance=1.347 control_mode=FOLLOWING
[offboard_waypoint_node-1] [INFO] [1786539867.579060420] [offboard_waypoint_node]: [CONTROL_ARBITER] selected_source=super state=TRACKING
[super_planner_ros2_node-6] [INFO] [1786539867.579329766] [super_planner_ros2_node]: SUPER_ROS2 mode=FOLLOWING enable_output=true reason=NAVIGATION_SETPOINT_PUBLISHED odom=(-0.15,-1.36,0.69) goal=set tracking_setpoint_enu=(-0.08,-1.06,0.78) setpoint_ned=(-1.06,-0.08,-0.78) yaw(desired/cmd/rate)=(-0.02/-0.00/-0.03) cross_track=0.08 frame_id=px4_ned path_points=88 odom_source=/race/odom cloud_source=/saved_map mavros_connected=true
[super_planner_ros2_node-6] [INFO] [1786539867.777140923] [super_planner_ros2_node]: [PATH_PROGRESS] plan_id=3 vehicle_position=(-0.165,-1.318) closest_index=62 previous_progress_index=62 selected_progress_index=62 lookahead_index=69 lookahead_arc_distance=0.300 navigation_setpoint=(-0.075,-1.018) setpoint_clearance=1.351 control_mode=FOLLOWING
[super_planner_ros2_node-6] [INFO] [1786539867.877654523] [super_planner_ros2_node]: [FINAL_GOAL_CHECK] global_goal_id=3 distance_to_final=1.247 speed=0.196 confirm=0/10 final_goal_reached=false
[super_planner_ros2_node-6] [INFO] [1786539867.977664052] [super_planner_ros2_node]: [PATH_PROGRESS] plan_id=3 vehicle_position=(-0.184,-1.286) closest_index=62 previous_progress_index=62 selected_progress_index=62 lookahead_index=69 lookahead_arc_distance=0.300 navigation_setpoint=(-0.075,-0.986) setpoint_clearance=1.347 control_mode=FOLLOWING
[fastlio_bridge_node-2] [INFO] [1786539868.089825962] [fastlio_bridge_node]: 已桥接并转换里程计: ENU(-0.20, -1.25, 0.71) -> NED(-1.25, -0.20, -0.71)
[super_planner_ros2_node-6] [INFO] [1786539868.227138317] [super_planner_ros2_node]: [PATH_PROGRESS] plan_id=3 vehicle_position=(-0.208,-1.232) closest_index=63 previous_progress_index=63 selected_progress_index=63 lookahead_index=70 lookahead_arc_distance=0.300 navigation_setpoint=(-0.075,-0.932) setpoint_clearance=1.342 control_mode=FOLLOWING
[super_planner_ros2_node-6] [INFO] [1786539868.427080625] [super_planner_ros2_node]: [FINAL_GOAL_CHECK] global_goal_id=3 distance_to_final=1.136 speed=0.209 confirm=0/10 final_goal_reached=false
[super_planner_ros2_node-6] [INFO] [1786539868.441525656] [super_planner_ros2_node]: [PATH_PROGRESS] plan_id=3 vehicle_position=(-0.202,-1.190) closest_index=64 previous_progress_index=64 selected_progress_index=64 lookahead_index=71 lookahead_arc_distance=0.300 navigation_setpoint=(-0.075,-0.890) setpoint_clearance=1.336 control_mode=FOLLOWING
[offboard_waypoint_node-1] [INFO] [1786539868.442059778] [offboard_waypoint_node]: [OFFBOARD_TAKEOFF_IGNORED] state=4 reason=navigation_setpoint; preserve current flight transaction
[offboard_waypoint_node-1] [INFO] [1786539868.442246718] [offboard_waypoint_node]: Navigation setpoint NED=(-0.90, -0.07, -0.78) yaw=-0.06 yaw_rate=-0.05
[offboard_waypoint_node-1] [INFO] [1786539868.626162392] [offboard_waypoint_node]: [CONTROL_ARBITER] selected_source=super state=TRACKING
[super_planner_ros2_node-6] [INFO] [1786539868.627067982] [super_planner_ros2_node]: SUPER_ROS2 mode=FOLLOWING enable_output=true reason=NAVIGATION_SETPOINT_PUBLISHED odom=(-0.20,-1.15,0.70) goal=set tracking_setpoint_enu=(-0.08,-0.85,0.78) setpoint_ned=(-0.85,-0.08,-0.78) yaw(desired/cmd/rate)=(-0.12/-0.07/-0.12) cross_track=0.12 frame_id=px4_ned path_points=88 odom_source=/race/odom cloud_source=/saved_map mavros_connected=true
[super_planner_ros2_node-6] [INFO] [1786539868.677018681] [super_planner_ros2_node]: [PATH_PROGRESS] plan_id=3 vehicle_position=(-0.199,-1.150) closest_index=65 previous_progress_index=65 selected_progress_index=65 lookahead_index=72 lookahead_arc_distance=0.300 navigation_setpoint=(-0.075,-0.850) setpoint_clearance=1.331 control_mode=FOLLOWING
[super_planner_ros2_node-6] [INFO] [1786539868.878209473] [super_planner_ros2_node]: [PATH_PROGRESS] plan_id=3 vehicle_position=(-0.197,-1.113) closest_index=66 previous_progress_index=66 selected_progress_index=66 lookahead_index=73 lookahead_arc_distance=0.300 navigation_setpoint=(-0.075,-0.813) setpoint_clearance=1.328 control_mode=FOLLOWING
[super_planner_ros2_node-6] [INFO] [1786539868.976708748] [super_planner_ros2_node]: [FINAL_GOAL_CHECK] global_goal_id=3 distance_to_final=1.040 speed=0.196 confirm=0/10 final_goal_reached=false
[super_planner_ros2_node-6] [INFO] [1786539869.127057506] [super_planner_ros2_node]: [PATH_PROGRESS] plan_id=3 vehicle_position=(-0.203,-1.057) closest_index=67 previous_progress_index=66 selected_progress_index=67 lookahead_index=74 lookahead_arc_distance=0.300 navigation_setpoint=(-0.075,-0.757) setpoint_clearance=1.325 control_mode=FOLLOWING
[super_planner_ros2_node-6] [INFO] [1786539869.329425216] [super_planner_ros2_node]: [PATH_PROGRESS] plan_id=3 vehicle_position=(-0.202,-1.022) closest_index=68 previous_progress_index=67 selected_progress_index=68 lookahead_index=75 lookahead_arc_distance=0.300 navigation_setpoint=(-0.075,-0.722) setpoint_clearance=1.324 control_mode=FOLLOWING
[offboard_waypoint_node-1] [INFO] [1786539869.477361631] [offboard_waypoint_node]: [OFFBOARD_TAKEOFF_IGNORED] state=4 reason=navigation_setpoint; preserve current flight transaction
[offboard_waypoint_node-1] [INFO] [1786539869.477453368] [offboard_waypoint_node]: Navigation setpoint NED=(-0.71, -0.07, -0.78) yaw=-0.12 yaw_rate=-0.02
[super_planner_ros2_node-6] [INFO] [1786539869.526659037] [super_planner_ros2_node]: [FINAL_GOAL_CHECK] global_goal_id=3 distance_to_final=0.941 speed=0.147 confirm=0/10 final_goal_reached=false
[super_planner_ros2_node-6] [INFO] [1786539869.533844950] [super_planner_ros2_node]: [PATH_PROGRESS] plan_id=3 vehicle_position=(-0.192,-0.996) closest_index=68 previous_progress_index=68 selected_progress_index=68 lookahead_index=75 lookahead_arc_distance=0.300 navigation_setpoint=(-0.075,-0.696) setpoint_clearance=1.324 control_mode=FOLLOWING
[super_planner_ros2_node-6] [INFO] [1786539869.628577174] [super_planner_ros2_node]: SUPER_ROS2 mode=FOLLOWING enable_output=true reason=NAVIGATION_SETPOINT_PUBLISHED odom=(-0.18,-0.98,0.69) goal=set tracking_setpoint_enu=(-0.08,-0.68,0.78) setpoint_ned=(-0.68,-0.08,-0.78) yaw(desired/cmd/rate)=(-0.13/-0.13/-0.01) cross_track=0.11 frame_id=px4_ned path_points=88 odom_source=/race/odom cloud_source=/saved_map mavros_connected=true
[offboard_waypoint_node-1] [INFO] [1786539869.675928839] [offboard_waypoint_node]: [CONTROL_ARBITER] selected_source=super state=TRACKING
[super_planner_ros2_node-6] [INFO] [1786539869.776953219] [super_planner_ros2_node]: [PATH_PROGRESS] plan_id=3 vehicle_position=(-0.170,-0.966) closest_index=69 previous_progress_index=69 selected_progress_index=69 lookahead_index=76 lookahead_arc_distance=0.300 navigation_setpoint=(-0.075,-0.666) setpoint_clearance=1.325 control_mode=FOLLOWING
[super_planner_ros2_node-6] [INFO] [1786539869.977032094] [super_planner_ros2_node]: [PATH_PROGRESS] plan_id=3 vehicle_position=(-0.147,-0.932) closest_index=69 previous_progress_index=69 selected_progress_index=69 lookahead_index=76 lookahead_arc_distance=0.300 navigation_setpoint=(-0.075,-0.632) setpoint_clearance=1.326 control_mode=FOLLOWING
[super_planner_ros2_node-6] [INFO] [1786539870.076788630] [super_planner_ros2_node]: [FINAL_GOAL_CHECK] global_goal_id=3 distance_to_final=0.863 speed=0.177 confirm=0/10 final_goal_reached=false
[fastlio_bridge_node-2] [INFO] [1786539870.093886963] [fastlio_bridge_node]: 已桥接并转换里程计: ENU(-0.13, -0.90, 0.72) -> NED(-0.90, -0.13, -0.72)
[super_planner_ros2_node-6] [INFO] [1786539870.226985351] [super_planner_ros2_node]: [PATH_PROGRESS] plan_id=3 vehicle_position=(-0.129,-0.888) closest_index=70 previous_progress_index=70 selected_progress_index=70 lookahead_index=77 lookahead_arc_distance=0.300 navigation_setpoint=(-0.075,-0.588) setpoint_clearance=1.330 control_mode=FOLLOWING
[super_planner_ros2_node-6] [INFO] [1786539870.427122749] [super_planner_ros2_node]: [PATH_PROGRESS] plan_id=3 vehicle_position=(-0.121,-0.862) closest_index=71 previous_progress_index=71 selected_progress_index=71 lookahead_index=78 lookahead_arc_distance=0.300 navigation_setpoint=(-0.084,-0.566) setpoint_clearance=1.323 control_mode=FOLLOWING
[offboard_waypoint_node-1] [INFO] [1786539870.527127968] [offboard_waypoint_node]: [OFFBOARD_TAKEOFF_IGNORED] state=4 reason=navigation_setpoint; preserve current flight transaction
[offboard_waypoint_node-1] [INFO] [1786539870.527185620] [offboard_waypoint_node]: Navigation setpoint NED=(-0.56, -0.09, -0.78) yaw=-0.13 yaw_rate=-0.03
[super_planner_ros2_node-6] [INFO] [1786539870.626985255] [super_planner_ros2_node]: [FINAL_GOAL_CHECK] global_goal_id=3 distance_to_final=0.784 speed=0.162 confirm=0/10 final_goal_reached=false
[super_planner_ros2_node-6] [INFO] [1786539870.649313655] [super_planner_ros2_node]: [PATH_PROGRESS] plan_id=3 vehicle_position=(-0.119,-0.835) closest_index=71 previous_progress_index=71 selected_progress_index=71 lookahead_index=78 lookahead_arc_distance=0.300 navigation_setpoint=(-0.103,-0.547) setpoint_clearance=1.306 control_mode=FOLLOWING
[super_planner_ros2_node-6] [INFO] [1786539870.649528072] [super_planner_ros2_node]: SUPER_ROS2 mode=FOLLOWING enable_output=true reason=NAVIGATION_SETPOINT_PUBLISHED odom=(-0.12,-0.83,0.72) goal=set tracking_setpoint_enu=(-0.10,-0.55,0.78) setpoint_ned=(-0.55,-0.10,-0.78) yaw(desired/cmd/rate)=(-0.15/-0.14/-0.03) cross_track=0.04 frame_id=px4_ned path_points=88 odom_source=/race/odom cloud_source=/saved_map mavros_connected=true
[offboard_waypoint_node-1] [INFO] [1786539870.725819462] [offboard_waypoint_node]: [CONTROL_ARBITER] selected_source=super state=TRACKING
[super_planner_ros2_node-6] [INFO] [1786539870.876975310] [super_planner_ros2_node]: [PATH_PROGRESS] plan_id=3 vehicle_position=(-0.116,-0.797) closest_index=72 previous_progress_index=72 selected_progress_index=72 lookahead_index=79 lookahead_arc_distance=0.300 navigation_setpoint=(-0.125,-0.517) setpoint_clearance=1.289 control_mode=FOLLOWING
[super_planner_ros2_node-6] [INFO] [1786539871.126822090] [super_planner_ros2_node]: [PATH_PROGRESS] plan_id=3 vehicle_position=(-0.111,-0.728) closest_index=73 previous_progress_index=73 selected_progress_index=73 lookahead_index=80 lookahead_arc_distance=0.300 navigation_setpoint=(-0.125,-0.449) setpoint_clearance=1.301 control_mode=FOLLOWING
[super_planner_ros2_node-6] [INFO] [1786539871.176903218] [super_planner_ros2_node]: [FINAL_GOAL_CHECK] global_goal_id=3 distance_to_final=0.678 speed=0.222 confirm=0/10 final_goal_reached=false
[super_planner_ros2_node-6] [INFO] [1786539871.377084563] [super_planner_ros2_node]: [PATH_PROGRESS] plan_id=3 vehicle_position=(-0.112,-0.684) closest_index=74 previous_progress_index=74 selected_progress_index=74 lookahead_index=81 lookahead_arc_distance=0.300 navigation_setpoint=(-0.139,-0.411) setpoint_clearance=1.295 control_mode=FOLLOWING
[super_planner_ros2_node-6] [INFO] [1786539871.577158235] [super_planner_ros2_node]: [PATH_PROGRESS] plan_id=3 vehicle_position=(-0.115,-0.640) closest_index=75 previous_progress_index=75 selected_progress_index=75 lookahead_index=81 lookahead_arc_distance=0.300 navigation_setpoint=(-0.171,-0.379) setpoint_clearance=1.273 control_mode=FOLLOWING
[offboard_waypoint_node-1] [INFO] [1786539871.577408312] [offboard_waypoint_node]: [OFFBOARD_TAKEOFF_IGNORED] state=4 reason=navigation_setpoint; preserve current flight transaction
[offboard_waypoint_node-1] [INFO] [1786539871.577502247] [offboard_waypoint_node]: Navigation setpoint NED=(-0.38, -0.16, -0.78) yaw=-0.18 yaw_rate=-0.06
[super_planner_ros2_node-6] [INFO] [1786539871.676889249] [super_planner_ros2_node]: SUPER_ROS2 mode=FOLLOWING enable_output=true reason=NAVIGATION_SETPOINT_PUBLISHED odom=(-0.12,-0.62,0.73) goal=set tracking_setpoint_enu=(-0.17,-0.36,0.78) setpoint_ned=(-0.36,-0.17,-0.78) yaw(desired/cmd/rate)=(-0.21/-0.19/-0.06) cross_track=0.04 frame_id=px4_ned path_points=88 odom_source=/race/odom cloud_source=/saved_map mavros_connected=true
[super_planner_ros2_node-6] [INFO] [1786539871.726530403] [super_planner_ros2_node]: [FINAL_GOAL_CHECK] global_goal_id=3 distance_to_final=0.554 speed=0.191 confirm=0/10 final_goal_reached=false
[offboard_waypoint_node-1] [INFO] [1786539871.775525726] [offboard_waypoint_node]: [CONTROL_ARBITER] selected_source=super state=TRACKING
[super_planner_ros2_node-6] [INFO] [1786539871.826699638] [super_planner_ros2_node]: [PATH_PROGRESS] plan_id=3 vehicle_position=(-0.126,-0.588) closest_index=77 previous_progress_index=76 selected_progress_index=77 lookahead_index=83 lookahead_arc_distance=0.300 navigation_setpoint=(-0.175,-0.290) setpoint_clearance=1.295 control_mode=FOLLOWING
[super_planner_ros2_node-6] [INFO] [1786539872.026797497] [super_planner_ros2_node]: [PATH_PROGRESS] plan_id=3 vehicle_position=(-0.125,-0.547) closest_index=77 previous_progress_index=77 selected_progress_index=77 lookahead_index=84 lookahead_arc_distance=0.300 navigation_setpoint=(-0.175,-0.261) setpoint_clearance=1.299 control_mode=FOLLOWING
[fastlio_bridge_node-2] [INFO] [1786539872.085737109] [fastlio_bridge_node]: 已桥接并转换里程计: ENU(-0.12, -0.53, 0.73) -> NED(-0.53, -0.12, -0.73)
[super_planner_ros2_node-6] [INFO] [1786539872.226602087] [super_planner_ros2_node]: [FINAL_GOAL_CHECK] global_goal_id=3 distance_to_final=0.460 speed=0.202 confirm=0/10 final_goal_reached=false
[super_planner_ros2_node-6] [INFO] [1786539872.232251177] [super_planner_ros2_node]: [PATH_PROGRESS] plan_id=3 vehicle_position=(-0.128,-0.510) closest_index=78 previous_progress_index=77 selected_progress_index=78 lookahead_index=84 lookahead_arc_distance=0.300 navigation_setpoint=(-0.175,-0.230) setpoint_clearance=1.290 control_mode=FOLLOWING
[super_planner_ros2_node-6] [INFO] [1786539872.479783515] [super_planner_ros2_node]: [PATH_PROGRESS] plan_id=3 vehicle_position=(-0.128,-0.468) closest_index=79 previous_progress_index=79 selected_progress_index=79 lookahead_index=85 lookahead_arc_distance=0.300 navigation_setpoint=(-0.175,-0.189) setpoint_clearance=1.278 control_mode=FOLLOWING
[offboard_waypoint_node-1] [INFO] [1786539872.580186690] [offboard_waypoint_node]: [OFFBOARD_TAKEOFF_IGNORED] state=4 reason=navigation_setpoint; preserve current flight transaction
[offboard_waypoint_node-1] [INFO] [1786539872.580281279] [offboard_waypoint_node]: Navigation setpoint NED=(-0.18, -0.17, -0.78) yaw=-0.17 yaw_rate=-0.01
[super_planner_ros2_node-6] [INFO] [1786539872.677014630] [super_planner_ros2_node]: SUPER_ROS2 mode=FOLLOWING enable_output=true reason=NAVIGATION_SETPOINT_PUBLISHED odom=(-0.13,-0.43,0.73) goal=set tracking_setpoint_enu=(-0.17,-0.14,0.78) setpoint_ned=(-0.14,-0.17,-0.78) yaw(desired/cmd/rate)=(-0.18/-0.17/-0.02) cross_track=0.01 frame_id=px4_ned path_points=88 odom_source=/race/odom cloud_source=/saved_map mavros_connected=true
[super_planner_ros2_node-6] [INFO] [1786539872.726777500] [super_planner_ros2_node]: [PATH_PROGRESS] plan_id=3 vehicle_position=(-0.133,-0.415) closest_index=80 previous_progress_index=80 selected_progress_index=80 lookahead_index=86 lookahead_arc_distance=0.300 navigation_setpoint=(-0.175,-0.133) setpoint_clearance=1.265 control_mode=FOLLOWING
[offboard_waypoint_node-1] [INFO] [1786539872.775894693] [offboard_waypoint_node]: [CONTROL_ARBITER] selected_source=super state=TRACKING
[super_planner_ros2_node-6] [INFO] [1786539872.776667273] [super_planner_ros2_node]: [FINAL_GOAL_CHECK] global_goal_id=3 distance_to_final=0.366 speed=0.144 confirm=0/10 final_goal_reached=false
[super_planner_ros2_node-6] [INFO] [1786539872.926799629] [super_planner_ros2_node]: [PATH_PROGRESS] plan_id=3 vehicle_position=(-0.131,-0.400) closest_index=80 previous_progress_index=80 selected_progress_index=80 lookahead_index=87 lookahead_arc_distance=0.300 navigation_setpoint=(-0.175,-0.124) setpoint_clearance=1.263 control_mode=FOLLOWING
[super_planner_ros2_node-6] [INFO] [1786539873.126861707] [super_planner_ros2_node]: [PATH_PROGRESS] plan_id=3 vehicle_position=(-0.132,-0.370) closest_index=80 previous_progress_index=80 selected_progress_index=80 lookahead_index=87 lookahead_arc_distance=0.300 navigation_setpoint=(-0.181,-0.102) setpoint_clearance=1.264 control_mode=FOLLOWING
[super_planner_ros2_node-6] [INFO] [1786539873.326470238] [super_planner_ros2_node]: [FINAL_GOAL_CHECK] global_goal_id=3 distance_to_final=0.285 speed=0.179 confirm=0/10 final_goal_reached=false
[super_planner_ros2_node-6] [INFO] [1786539873.338080660] [super_planner_ros2_node]: [PATH_PROGRESS] plan_id=3 vehicle_position=(-0.139,-0.334) closest_index=81 previous_progress_index=81 selected_progress_index=81 lookahead_index=87 lookahead_arc_distance=0.300 navigation_setpoint=(-0.194,-0.054) setpoint_clearance=1.268 control_mode=FOLLOWING
[super_planner_ros2_node-6] [INFO] [1786539873.577040452] [super_planner_ros2_node]: [PATH_PROGRESS] plan_id=3 vehicle_position=(-0.151,-0.295) closest_index=82 previous_progress_index=82 selected_progress_index=82 lookahead_index=87 lookahead_arc_distance=0.300 navigation_setpoint=(-0.194,-0.054) setpoint_clearance=1.268 control_mode=FOLLOWING
[offboard_waypoint_node-1] [INFO] [1786539873.626776847] [offboard_waypoint_node]: [OFFBOARD_TAKEOFF_IGNORED] state=4 reason=navigation_setpoint; preserve current flight transaction
[offboard_waypoint_node-1] [INFO] [1786539873.626828955] [offboard_waypoint_node]: Navigation setpoint NED=(-0.06, -0.19, -0.78) yaw=-0.09 yaw_rate=0.03
[super_planner_ros2_node-6] [INFO] [1786539873.727707569] [super_planner_ros2_node]: SUPER_ROS2 mode=FOLLOWING enable_output=true reason=NAVIGATION_SETPOINT_PUBLISHED odom=(-0.16,-0.25,0.73) goal=set tracking_setpoint_enu=(-0.19,-0.05,0.78) setpoint_ned=(-0.05,-0.19,-0.78) yaw(desired/cmd/rate)=(-0.09/-0.09/-0.00) cross_track=0.01 frame_id=px4_ned path_points=88 odom_source=/race/odom cloud_source=/saved_map mavros_connected=true
[offboard_waypoint_node-1] [INFO] [1786539873.825362973] [offboard_waypoint_node]: [CONTROL_ARBITER] selected_source=super state=TRACKING
[super_planner_ros2_node-6] [INFO] [1786539873.826626698] [super_planner_ros2_node]: [PATH_PROGRESS] plan_id=3 vehicle_position=(-0.162,-0.226) closest_index=83 previous_progress_index=83 selected_progress_index=83 lookahead_index=87 lookahead_arc_distance=0.300 navigation_setpoint=(-0.194,-0.054) setpoint_clearance=1.268 control_mode=FOLLOWING
[super_planner_ros2_node-6] [INFO] [1786539873.876549916] [super_planner_ros2_node]: [FINAL_GOAL_CHECK] global_goal_id=3 distance_to_final=0.175 speed=0.250 confirm=0/10 final_goal_reached=false
[super_planner_ros2_node-6] [INFO] [1786539874.076655319] [super_planner_ros2_node]: [PATH_PROGRESS] plan_id=3 vehicle_position=(-0.165,-0.176) closest_index=84 previous_progress_index=84 selected_progress_index=84 lookahead_index=87 lookahead_arc_distance=0.300 navigation_setpoint=(-0.194,-0.054) setpoint_clearance=1.268 control_mode=FOLLOWING
[fastlio_bridge_node-2] [INFO] [1786539874.083277306] [fastlio_bridge_node]: 已桥接并转换里程计: ENU(-0.17, -0.16, 0.72) -> NED(-0.16, -0.17, -0.72)
[super_planner_ros2_node-6] [INFO] [1786539874.326545940] [super_planner_ros2_node]: [PATH_PROGRESS] plan_id=3 vehicle_position=(-0.189,-0.109) closest_index=86 previous_progress_index=85 selected_progress_index=86 lookahead_index=87 lookahead_arc_distance=0.300 navigation_setpoint=(-0.194,-0.054) setpoint_clearance=1.268 control_mode=FOLLOWING
[super_planner_ros2_node-6] [INFO] [1786539874.376614319] [super_planner_ros2_node]: [FINAL_GOAL_CHECK] global_goal_id=3 distance_to_final=0.055 speed=0.210 confirm=0/10 final_goal_reached=false
[super_planner_ros2_node-6] [INFO] [1786539874.576633348] [super_planner_ros2_node]: [PATH_PROGRESS] plan_id=3 vehicle_position=(-0.208,-0.076) closest_index=86 previous_progress_index=86 selected_progress_index=86 lookahead_index=87 lookahead_arc_distance=0.300 navigation_setpoint=(-0.194,-0.054) setpoint_clearance=1.268 control_mode=FOLLOWING
[offboard_waypoint_node-1] [INFO] [1786539874.626809419] [offboard_waypoint_node]: [OFFBOARD_TAKEOFF_IGNORED] state=4 reason=navigation_setpoint; preserve current flight transaction
[offboard_waypoint_node-1] [INFO] [1786539874.627090026] [offboard_waypoint_node]: Navigation setpoint NED=(-0.06, -0.19, -0.78) yaw=-0.18 yaw_rate=0.00
[super_planner_ros2_node-6] [INFO] [1786539874.776592652] [super_planner_ros2_node]: SUPER_ROS2 mode=FOLLOWING enable_output=true reason=NAVIGATION_SETPOINT_PUBLISHED odom=(-0.21,-0.05,0.74) goal=set tracking_setpoint_enu=(-0.19,-0.05,0.78) setpoint_ned=(-0.05,-0.19,-0.78) yaw(desired/cmd/rate)=(-0.26/-0.18/0.00) cross_track=0.02 frame_id=px4_ned path_points=88 odom_source=/race/odom cloud_source=/saved_map mavros_connected=true
[offboard_waypoint_node-1] [INFO] [1786539874.825450730] [offboard_waypoint_node]: [CONTROL_ARBITER] selected_source=super state=TRACKING
[super_planner_ros2_node-6] [INFO] [1786539874.826527830] [super_planner_ros2_node]: [PATH_PROGRESS] plan_id=3 vehicle_position=(-0.211,-0.037) closest_index=86 previous_progress_index=86 selected_progress_index=86 lookahead_index=87 lookahead_arc_distance=0.300 navigation_setpoint=(-0.194,-0.054) setpoint_clearance=1.268 control_mode=FOLLOWING
[super_planner_ros2_node-6] [INFO] [1786539874.926360952] [super_planner_ros2_node]: [FINAL_GOAL_CHECK] global_goal_id=3 distance_to_final=0.025 speed=0.087 confirm=0/10 final_goal_reached=false
[offboard_waypoint_node-1] [INFO] [1786539874.982653542] [offboard_waypoint_node]: [EV_HEALTH] state=SUSPECT continuous_healthy=0.00s
[super_planner_ros2_node-6] [INFO] [1786539875.076435898] [super_planner_ros2_node]: [PATH_PROGRESS] plan_id=3 vehicle_position=(-0.201,-0.024) closest_index=86 previous_progress_index=86 selected_progress_index=86 lookahead_index=87 lookahead_arc_distance=0.300 navigation_setpoint=(-0.194,-0.054) setpoint_clearance=1.268 control_mode=FOLLOWING
[offboard_waypoint_node-1] [WARN] [1786539875.225302518] [offboard_waypoint_node]: [GOAL_REACHED_HOLD] trigger_source=direct_final_goal active_goal_id=3 global_goal_id=3
[offboard_waypoint_node-1] [WARN] [1786539875.225373288] [offboard_waypoint_node]: [HOLD_POSITION] x=-0.019 y=-0.202 z=-0.762 yaw=-0.202 reason=confirmed final goal reached
[offboard_waypoint_node-1] [WARN] [1786539875.225400183] [offboard_waypoint_node]: [CONTROL_STATE] TRACKING -> BRAKING: confirmed final goal reached
[offboard_waypoint_node-1] [WARN] [1786539875.225480923] [offboard_waypoint_node]: [HOLD_POSITION] x=-0.019 y=-0.202 z=-0.762 yaw=-0.202 reason=vehicle stopped after braking
[offboard_waypoint_node-1] [WARN] [1786539875.225503597] [offboard_waypoint_node]: [CONTROL_STATE] BRAKING -> GOAL_REACHED_HOLD: vehicle stopped
[offboard_waypoint_node-1] [INFO] [1786539875.225533037] [offboard_waypoint_node]: [HOLD_ERROR] position_error=0.000 velocity=0.026 state=GOAL_REACHED_HOLD
[super_planner_ros2_node-6] [INFO] [1786539875.326853189] [super_planner_ros2_node]: [PATH_PROGRESS] plan_id=3 vehicle_position=(-0.193,0.001) closest_index=86 previous_progress_index=86 selected_progress_index=86 lookahead_index=87 lookahead_arc_distance=0.300 navigation_setpoint=(-0.194,-0.054) setpoint_clearance=1.268 control_mode=FOLLOWING
[super_planner_ros2_node-6] [WARN] [1786539875.476338138] [super_planner_ros2_node]: [GOAL_REACHED_HOLD] trigger_source=super_final_goal global_goal_id=3 distance=0.057 speed=0.035
[super_planner_ros2_node-6] [INFO] [1786539875.476402416] [super_planner_ros2_node]: [FINAL_GOAL_CHECK] global_goal_id=3 distance_to_final=0.057 speed=0.035 confirm=10/10 final_goal_reached=true
[super_planner_ros2_node-6] [WARN] [1786539875.476417388] [super_planner_ros2_node]: GOAL_REACHED: holding current position; publishing safe hold
[offboard_waypoint_node-1] [INFO] [1786539875.679128473] [offboard_waypoint_node]: [OFFBOARD_TAKEOFF_IGNORED] state=4 reason=navigation_setpoint; preserve current flight transaction
[offboard_waypoint_node-1] [INFO] [1786539875.679349309] [offboard_waypoint_node]: Navigation setpoint NED=(0.00, -0.18, -0.78) yaw=-0.18 yaw_rate=0.00
[super_planner_ros2_node-6] [INFO] [1786539875.826411575] [super_planner_ros2_node]: SUPER_ROS2 mode=HOLD enable_output=true reason=GOAL_REACHED_HOLD odom=(-0.18,0.01,0.72) goal=set tracking_setpoint_enu=(-0.18,0.01,0.78) setpoint_ned=(0.01,-0.18,-0.78) yaw(desired/cmd/rate)=(-0.26/-0.18/0.00) cross_track=0.06 frame_id=px4_ned path_points=88 odom_source=/race/odom cloud_source=/saved_map mavros_connected=true
[offboard_waypoint_node-1] [INFO] [1786539875.875315049] [offboard_waypoint_node]: [CONTROL_ARBITER] selected_source=goal_hold state=GOAL_REACHED_HOLD
[super_planner_ros2_node-6] [INFO] [1786539876.026415824] [super_planner_ros2_node]: [FINAL_GOAL_CHECK] global_goal_id=3 distance_to_final=0.084 speed=0.093 confirm=0/10 final_goal_reached=true
[fastlio_bridge_node-2] [INFO] [1786539876.083263847] [fastlio_bridge_node]: 已桥接并转换里程计: ENU(-0.16, 0.03, 0.69) -> NED(0.03, -0.16, -0.69)
[offboard_waypoint_node-1] [INFO] [1786539876.275656779] [offboard_waypoint_node]: [HOLD_ERROR] position_error=0.048 velocity=0.056 state=GOAL_REACHED_HOLD
[super_planner_ros2_node-6] [WARN] [1786539876.526300696] [super_planner_ros2_node]: GOAL_REACHED: holding current position; publishing safe hold
[super_planner_ros2_node-6] [INFO] [1786539876.576293983] [super_planner_ros2_node]: [FINAL_GOAL_CHECK] global_goal_id=3 distance_to_final=0.119 speed=0.041 confirm=0/10 final_goal_reached=true
[offboard_waypoint_node-1] [INFO] [1786539876.726472300] [offboard_waypoint_node]: [OFFBOARD_TAKEOFF_IGNORED] state=4 reason=navigation_setpoint; preserve current flight transaction
[offboard_waypoint_node-1] [INFO] [1786539876.726522919] [offboard_waypoint_node]: Navigation setpoint NED=(0.05, -0.15, -0.78) yaw=-0.18 yaw_rate=0.00
[offboard_waypoint_node-1] [INFO] [1786539876.875390524] [offboard_waypoint_node]: [CONTROL_ARBITER] selected_source=goal_hold state=GOAL_REACHED_HOLD
[super_planner_ros2_node-6] [INFO] [1786539876.876431305] [super_planner_ros2_node]: SUPER_ROS2 mode=HOLD enable_output=true reason=GOAL_REACHED_HOLD odom=(-0.17,0.06,0.64) goal=set tracking_setpoint_enu=(-0.17,0.06,0.78) setpoint_ned=(0.06,-0.17,-0.78) yaw(desired/cmd/rate)=(-0.26/-0.18/0.00) cross_track=0.06 frame_id=px4_ned path_points=88 odom_source=/race/odom cloud_source=/saved_map mavros_connected=true
[super_planner_ros2_node-6] [INFO] [1786539877.126340984] [super_planner_ros2_node]: [FINAL_GOAL_CHECK] global_goal_id=3 distance_to_final=0.134 speed=0.171 confirm=0/10 final_goal_reached=true
[offboard_waypoint_node-1] [INFO] [1786539877.289669196] [offboard_waypoint_node]: [EV_HEALTH] state=HEALTHY continuous_healthy=0.00s
[offboard_waypoint_node-1] [INFO] [1786539877.325145523] [offboard_waypoint_node]: [HOLD_ERROR] position_error=0.078 velocity=0.085 state=GOAL_REACHED_HOLD
[super_planner_ros2_node-6] [WARN] [1786539877.576293167] [super_planner_ros2_node]: GOAL_REACHED: holding current position; publishing safe hold
[super_planner_ros2_node-6] [INFO] [1786539877.676228417] [super_planner_ros2_node]: [FINAL_GOAL_CHECK] global_goal_id=3 distance_to_final=0.190 speed=0.068 confirm=0/10 final_goal_reached=true
[offboard_waypoint_node-1] [INFO] [1786539877.727644105] [offboard_waypoint_node]: [OFFBOARD_TAKEOFF_IGNORED] state=4 reason=navigation_setpoint; preserve current flight transaction
[offboard_waypoint_node-1] [INFO] [1786539877.727874059] [offboard_waypoint_node]: Navigation setpoint NED=(0.12, -0.24, -0.78) yaw=-0.18 yaw_rate=0.00
[offboard_waypoint_node-1] [INFO] [1786539877.925117935] [offboard_waypoint_node]: [CONTROL_ARBITER] selected_source=goal_hold state=GOAL_REACHED_HOLD
[super_planner_ros2_node-6] [INFO] [1786539877.926314609] [super_planner_ros2_node]: SUPER_ROS2 mode=HOLD enable_output=true reason=GOAL_REACHED_HOLD odom=(-0.24,0.13,0.61) goal=set tracking_setpoint_enu=(-0.24,0.13,0.78) setpoint_ned=(0.13,-0.24,-0.78) yaw(desired/cmd/rate)=(-0.26/-0.18/0.00) cross_track=0.06 frame_id=px4_ned path_points=88 odom_source=/race/odom cloud_source=/saved_map mavros_connected=true
[fastlio_bridge_node-2] [INFO] [1786539878.081827312] [fastlio_bridge_node]: 已桥接并转换里程计: ENU(-0.23, 0.11, 0.62) -> NED(0.11, -0.23, -0.62)
[super_planner_ros2_node-6] [INFO] [1786539878.226199142] [super_planner_ros2_node]: [FINAL_GOAL_CHECK] global_goal_id=3 distance_to_final=0.159 speed=0.145 confirm=0/10 final_goal_reached=true
[offboard_waypoint_node-1] [INFO] [1786539878.325184528] [offboard_waypoint_node]: [HOLD_ERROR] position_error=0.137 velocity=0.196 state=GOAL_REACHED_HOLD
[super_planner_ros2_node-6] [WARN] [1786539878.576362298] [super_planner_ros2_node]: GOAL_REACHED: holding current position; publishing safe hold
[super_planner_ros2_node-6] [INFO] [1786539878.726212231] [super_planner_ros2_node]: [FINAL_GOAL_CHECK] global_goal_id=3 distance_to_final=0.081 speed=0.181 confirm=0/10 final_goal_reached=true
[offboard_waypoint_node-1] [INFO] [1786539878.776786339] [offboard_waypoint_node]: [OFFBOARD_TAKEOFF_IGNORED] state=4 reason=navigation_setpoint; preserve current flight transaction
[offboard_waypoint_node-1] [INFO] [1786539878.776871685] [offboard_waypoint_node]: Navigation setpoint NED=(0.02, -0.18, -0.78) yaw=-0.18 yaw_rate=0.00
[offboard_waypoint_node-1] [INFO] [1786539878.925151674] [offboard_waypoint_node]: [CONTROL_ARBITER] selected_source=goal_hold state=GOAL_REACHED_HOLD
[super_planner_ros2_node-6] [INFO] [1786539878.926339975] [super_planner_ros2_node]: SUPER_ROS2 mode=HOLD enable_output=true reason=GOAL_REACHED_HOLD odom=(-0.16,-0.01,0.66) goal=set tracking_setpoint_enu=(-0.16,-0.01,0.78) setpoint_ned=(-0.01,-0.16,-0.78) yaw(desired/cmd/rate)=(-0.26/-0.18/0.00) cross_track=0.06 frame_id=px4_ned path_points=88 odom_source=/race/odom cloud_source=/saved_map mavros_connected=true
[super_planner_ros2_node-6] [INFO] [1786539879.276538098] [super_planner_ros2_node]: [FINAL_GOAL_CHECK] global_goal_id=3 distance_to_final=0.056 speed=0.129 confirm=0/10 final_goal_reached=true
[offboard_waypoint_node-1] [INFO] [1786539879.375166447] [offboard_waypoint_node]: [HOLD_ERROR] position_error=0.113 velocity=0.109 state=GOAL_REACHED_HOLD
[super_planner_ros2_node-6] [WARN] [1786539879.577068142] [super_planner_ros2_node]: GOAL_REACHED: holding current position; publishing safe hold
[super_planner_ros2_node-6] [INFO] [1786539879.826199345] [super_planner_ros2_node]: [FINAL_GOAL_CHECK] global_goal_id=3 distance_to_final=0.046 speed=0.183 confirm=0/10 final_goal_reached=true
[offboard_waypoint_node-1] [INFO] [1786539879.826644683] [offboard_waypoint_node]: [OFFBOARD_TAKEOFF_IGNORED] state=4 reason=navigation_setpoint; preserve current flight transaction
[offboard_waypoint_node-1] [INFO] [1786539879.826700402] [offboard_waypoint_node]: Navigation setpoint NED=(-0.09, -0.16, -0.78) yaw=-0.18 yaw_rate=0.00
[offboard_waypoint_node-1] [INFO] [1786539879.925267956] [offboard_waypoint_node]: [CONTROL_ARBITER] selected_source=goal_hold state=GOAL_REACHED_HOLD
[super_planner_ros2_node-6] [INFO] [1786539879.976367627] [super_planner_ros2_node]: SUPER_ROS2 mode=HOLD enable_output=true reason=GOAL_REACHED_HOLD odom=(-0.19,-0.08,0.70) goal=set tracking_setpoint_enu=(-0.19,-0.08,0.78) setpoint_ned=(-0.08,-0.19,-0.78) yaw(desired/cmd/rate)=(-0.26/-0.18/0.00) cross_track=0.06 frame_id=px4_ned path_points=88 odom_source=/race/odom cloud_source=/saved_map mavros_connected=true
[fastlio_bridge_node-2] [INFO] [1786539880.085758636] [fastlio_bridge_node]: 已桥接并转换里程计: ENU(-0.23, -0.07, 0.71) -> NED(-0.07, -0.23, -0.71)
[super_planner_ros2_node-6] [INFO] [1786539880.376102563] [super_planner_ros2_node]: [FINAL_GOAL_CHECK] global_goal_id=3 distance_to_final=0.078 speed=0.231 confirm=0/10 final_goal_reached=true
[offboard_waypoint_node-1] [INFO] [1786539880.425041406] [offboard_waypoint_node]: [HOLD_ERROR] position_error=0.099 velocity=0.162 state=GOAL_REACHED_HOLD
[super_planner_ros2_node-6] [WARN] [1786539880.626074686] [super_planner_ros2_node]: GOAL_REACHED: holding current position; publishing safe hold
[offboard_waypoint_node-1] [INFO] [1786539880.876381675] [offboard_waypoint_node]: [OFFBOARD_TAKEOFF_IGNORED] state=4 reason=navigation_setpoint; preserve current flight transaction
[offboard_waypoint_node-1] [INFO] [1786539880.876475530] [offboard_waypoint_node]: Navigation setpoint NED=(-0.00, -0.31, -0.78) yaw=-0.18 yaw_rate=0.00
[super_planner_ros2_node-6] [INFO] [1786539880.926053379] [super_planner_ros2_node]: [FINAL_GOAL_CHECK] global_goal_id=3 distance_to_final=0.125 speed=0.094 confirm=0/10 final_goal_reached=true
[offboard_waypoint_node-1] [INFO] [1786539880.975673252] [offboard_waypoint_node]: [CONTROL_ARBITER] selected_source=goal_hold state=GOAL_REACHED_HOLD
[super_planner_ros2_node-6] [INFO] [1786539880.976784374] [super_planner_ros2_node]: SUPER_ROS2 mode=HOLD enable_output=true reason=GOAL_REACHED_HOLD odom=(-0.30,0.00,0.76) goal=set tracking_setpoint_enu=(-0.30,0.00,0.78) setpoint_ned=(0.00,-0.30,-0.78) yaw(desired/cmd/rate)=(-0.26/-0.18/0.00) cross_track=0.06 frame_id=px4_ned path_points=88 odom_source=/race/odom cloud_source=/saved_map mavros_connected=true
[offboard_waypoint_node-1] [INFO] [1786539881.425438586] [offboard_waypoint_node]: [HOLD_ERROR] position_error=0.031 velocity=0.164 state=GOAL_REACHED_HOLD
[super_planner_ros2_node-6] [INFO] [1786539881.426151998] [super_planner_ros2_node]: [FINAL_GOAL_CHECK] global_goal_id=3 distance_to_final=0.106 speed=0.149 confirm=0/10 final_goal_reached=true
[offboard_waypoint_node-1] [INFO] [1786539881.519317099] [offboard_waypoint_node]: [EV_HEALTH] state=SUSPECT continuous_healthy=0.00s
[super_planner_ros2_node-6] [WARN] [1786539881.676025150] [super_planner_ros2_node]: GOAL_REACHED: holding current position; publishing safe hold
[offboard_waypoint_node-1] [INFO] [1786539881.926691966] [offboard_waypoint_node]: [OFFBOARD_TAKEOFF_IGNORED] state=4 reason=navigation_setpoint; preserve current flight transaction
[offboard_waypoint_node-1] [INFO] [1786539881.926892877] [offboard_waypoint_node]: Navigation setpoint NED=(0.03, -0.16, -0.78) yaw=-0.18 yaw_rate=0.00
[super_planner_ros2_node-6] [INFO] [1786539881.976077646] [super_planner_ros2_node]: [FINAL_GOAL_CHECK] global_goal_id=3 distance_to_final=0.093 speed=0.067 confirm=2/10 final_goal_reached=true
[offboard_waypoint_node-1] [INFO] [1786539882.024997586] [offboard_waypoint_node]: [CONTROL_ARBITER] selected_source=goal_hold state=GOAL_REACHED_HOLD
[super_planner_ros2_node-6] [INFO] [1786539882.026213269] [super_planner_ros2_node]: SUPER_ROS2 mode=HOLD enable_output=true reason=GOAL_REACHED_HOLD odom=(-0.17,0.04,0.74) goal=set tracking_setpoint_enu=(-0.17,0.04,0.78) setpoint_ned=(0.04,-0.17,-0.78) yaw(desired/cmd/rate)=(-0.26/-0.18/0.00) cross_track=0.06 frame_id=px4_ned path_points=88 odom_source=/race/odom cloud_source=/saved_map mavros_connected=true
[fastlio_bridge_node-2] [INFO] [1786539882.084079251] [fastlio_bridge_node]: 已桥接并转换里程计: ENU(-0.17, 0.05, 0.74) -> NED(0.05, -0.17, -0.74)
[offboard_waypoint_node-1] [INFO] [1786539882.475175910] [offboard_waypoint_node]: [HOLD_ERROR] position_error=0.067 velocity=0.034 state=GOAL_REACHED_HOLD
[super_planner_ros2_node-6] [INFO] [1786539882.476223422] [super_planner_ros2_node]: [FINAL_GOAL_CHECK] global_goal_id=3 distance_to_final=0.111 speed=0.029 confirm=0/10 final_goal_reached=true
[super_planner_ros2_node-6] [WARN] [1786539882.676138954] [super_planner_ros2_node]: GOAL_REACHED: holding current position; publishing safe hold
[offboard_waypoint_node-1] [INFO] [1786539882.976357042] [offboard_waypoint_node]: [OFFBOARD_TAKEOFF_IGNORED] state=4 reason=navigation_setpoint; preserve current flight transaction
[offboard_waypoint_node-1] [INFO] [1786539882.976417305] [offboard_waypoint_node]: Navigation setpoint NED=(0.06, -0.14, -0.78) yaw=-0.18 yaw_rate=0.00
[super_planner_ros2_node-6] [INFO] [1786539883.025983233] [super_planner_ros2_node]: [FINAL_GOAL_CHECK] global_goal_id=3 distance_to_final=0.126 speed=0.026 confirm=0/10 final_goal_reached=true
[super_planner_ros2_node-6] [INFO] [1786539883.026256216] [super_planner_ros2_node]: SUPER_ROS2 mode=HOLD enable_output=true reason=GOAL_REACHED_HOLD odom=(-0.15,0.06,0.72) goal=set tracking_setpoint_enu=(-0.15,0.06,0.78) setpoint_ned=(0.06,-0.15,-0.78) yaw(desired/cmd/rate)=(-0.26/-0.18/0.00) cross_track=0.06 frame_id=px4_ned path_points=88 odom_source=/race/odom cloud_source=/saved_map mavros_connected=true
[offboard_waypoint_node-1] [INFO] [1786539883.075108683] [offboard_waypoint_node]: [CONTROL_ARBITER] selected_source=goal_hold state=GOAL_REACHED_HOLD
[offboard_waypoint_node-1] [INFO] [1786539883.524879373] [offboard_waypoint_node]: [HOLD_ERROR] position_error=0.094 velocity=0.034 state=GOAL_REACHED_HOLD
[super_planner_ros2_node-6] [INFO] [1786539883.575905426] [super_planner_ros2_node]: [FINAL_GOAL_CHECK] global_goal_id=3 distance_to_final=0.135 speed=0.012 confirm=0/10 final_goal_reached=true
[offboard_waypoint_node-1] [INFO] [1786539883.584715146] [offboard_waypoint_node]: [EV_HEALTH] state=HEALTHY continuous_healthy=0.00s
[super_planner_ros2_node-6] [WARN] [1786539883.676504063] [super_planner_ros2_node]: GOAL_REACHED: holding current position; publishing safe hold
[offboard_waypoint_node-1] [INFO] [1786539884.026131309] [offboard_waypoint_node]: [OFFBOARD_TAKEOFF_IGNORED] state=4 reason=navigation_setpoint; preserve current flight transaction
[offboard_waypoint_node-1] [INFO] [1786539884.026198407] [offboard_waypoint_node]: Navigation setpoint NED=(0.07, -0.16, -0.78) yaw=-0.18 yaw_rate=0.00
[super_planner_ros2_node-6] [INFO] [1786539884.075977380] [super_planner_ros2_node]: [FINAL_GOAL_CHECK] global_goal_id=3 distance_to_final=0.130 speed=0.012 confirm=0/10 final_goal_reached=true
[super_planner_ros2_node-6] [INFO] [1786539884.076256612] [super_planner_ros2_node]: SUPER_ROS2 mode=HOLD enable_output=true reason=GOAL_REACHED_HOLD odom=(-0.16,0.07,0.72) goal=set tracking_setpoint_enu=(-0.16,0.07,0.78) setpoint_ned=(0.07,-0.16,-0.78) yaw(desired/cmd/rate)=(-0.26/-0.18/0.00) cross_track=0.06 frame_id=px4_ned path_points=88 odom_source=/race/odom cloud_source=/saved_map mavros_connected=true
[fastlio_bridge_node-2] [INFO] [1786539884.082287523] [fastlio_bridge_node]: 已桥接并转换里程计: ENU(-0.17, 0.07, 0.72) -> NED(0.07, -0.17, -0.72)
[offboard_waypoint_node-1] [INFO] [1786539884.124848414] [offboard_waypoint_node]: [CONTROL_ARBITER] selected_source=goal_hold state=GOAL_REACHED_HOLD
[offboard_waypoint_node-1] [INFO] [1786539884.525210440] [offboard_waypoint_node]: [HOLD_ERROR] position_error=0.093 velocity=0.037 state=GOAL_REACHED_HOLD
[super_planner_ros2_node-6] [INFO] [1786539884.625865372] [super_planner_ros2_node]: [FINAL_GOAL_CHECK] global_goal_id=3 distance_to_final=0.122 speed=0.028 confirm=0/10 final_goal_reached=true
[super_planner_ros2_node-6] [WARN] [1786539884.726011306] [super_planner_ros2_node]: GOAL_REACHED: holding current position; publishing safe hold
[offboard_waypoint_node-1] [INFO] [1786539885.026612699] [offboard_waypoint_node]: [OFFBOARD_TAKEOFF_IGNORED] state=4 reason=navigation_setpoint; preserve current flight transaction
[offboard_waypoint_node-1] [INFO] [1786539885.026798159] [offboard_waypoint_node]: Navigation setpoint NED=(0.03, -0.17, -0.78) yaw=-0.18 yaw_rate=0.00
[super_planner_ros2_node-6] [INFO] [1786539885.076408903] [super_planner_ros2_node]: SUPER_ROS2 mode=HOLD enable_output=true reason=GOAL_REACHED_HOLD odom=(-0.18,0.04,0.75) goal=set tracking_setpoint_enu=(-0.18,0.04,0.78) setpoint_ned=(0.04,-0.18,-0.78) yaw(desired/cmd/rate)=(-0.26/-0.18/0.00) cross_track=0.06 frame_id=px4_ned path_points=88 odom_source=/race/odom cloud_source=/saved_map mavros_connected=true
[offboard_waypoint_node-1] [INFO] [1786539885.125025575] [offboard_waypoint_node]: [CONTROL_ARBITER] selected_source=goal_hold state=GOAL_REACHED_HOLD
[super_planner_ros2_node-6] [INFO] [1786539885.126093135] [super_planner_ros2_node]: [FINAL_GOAL_CHECK] global_goal_id=3 distance_to_final=0.088 speed=0.079 confirm=3/10 final_goal_reached=true
[offboard_waypoint_node-1] [WARN] [1786539885.333355536] [offboard_waypoint_node]: [HOLD_POSITION] x=0.014 y=-0.202 z=-0.791 yaw=-0.227 reason=manual handover released by pilot
[offboard_waypoint_node-1] [WARN] [1786539885.333469641] [offboard_waypoint_node]: [CONTROL_STATE] GOAL_REACHED_HOLD -> IDLE_HOLD: pilot left manual OFFBOARD handover
[offboard_waypoint_node-1] [WARN] [1786539885.333491109] [offboard_waypoint_node]: [MANUAL_HANDOVER_RELEASED] OFFBOARD=0 armed=1
[offboard_waypoint_node-1] [ERROR] [1786539885.376115669] [offboard_waypoint_node]: [OFFBOARD_TAKEOFF_REJECTED] node is IDLE but MAVROS reports armed; automatic ground-reference locking is forbidden in flight
[mapping_manager_node-5] [INFO] [1786539885.501225713] [mapping_manager_node]: Mapping status: in_flight=false, map_loaded=false, map_saved=false
[offboard_waypoint_node-1] [INFO] [1786539885.575551649] [offboard_waypoint_node]: [HOLD_ERROR] position_error=0.000 velocity=0.098 state=IDLE_HOLD
[super_planner_ros2_node-6] [INFO] [1786539885.626165191] [super_planner_ros2_node]: [FINAL_GOAL_CHECK] global_goal_id=3 distance_to_final=0.049 speed=0.086 confirm=0/10 final_goal_reached=true
[super_planner_ros2_node-6] [WARN] [1786539885.727098163] [super_planner_ros2_node]: GOAL_REACHED: holding current position; publishing safe hold
[offboard_waypoint_node-1] [INFO] [1786539886.076014112] [offboard_waypoint_node]: Navigation setpoint NED=(-0.05, -0.19, -0.78) yaw=-0.18 yaw_rate=0.00
[fastlio_bridge_node-2] [INFO] [1786539886.082714113] [fastlio_bridge_node]: 已桥接并转换里程计: ENU(-0.20, -0.05, 0.72) -> NED(-0.05, -0.20, -0.72)
[super_planner_ros2_node-6] [INFO] [1786539886.126305132] [super_planner_ros2_node]: SUPER_ROS2 mode=HOLD enable_output=true reason=GOAL_REACHED_HOLD odom=(-0.20,-0.05,0.72) goal=set tracking_setpoint_enu=(-0.20,-0.05,0.78) setpoint_ned=(-0.05,-0.20,-0.78) yaw(desired/cmd/rate)=(-0.26/-0.18/0.00) cross_track=0.06 frame_id=px4_ned path_points=88 odom_source=/race/odom cloud_source=/saved_map mavros_connected=true
[offboard_waypoint_node-1] [INFO] [1786539886.174993468] [offboard_waypoint_node]: [CONTROL_ARBITER] selected_source=safety_hold state=IDLE_HOLD
[super_planner_ros2_node-6] [INFO] [1786539886.175799565] [super_planner_ros2_node]: [FINAL_GOAL_CHECK] global_goal_id=3 distance_to_final=0.007 speed=0.040 confirm=6/10 final_goal_reached=true
[offboard_waypoint_node-1] [ERROR] [1786539886.427067217] [offboard_waypoint_node]: [OFFBOARD_TAKEOFF_REJECTED] node is IDLE but MAVROS reports armed; automatic ground-reference locking is forbidden in flight
[offboard_waypoint_node-1] [INFO] [1786539886.624828591] [offboard_waypoint_node]: [HOLD_ERROR] position_error=0.000 velocity=0.056 state=IDLE_HOLD
[super_planner_ros2_node-6] [INFO] [1786539886.725758384] [super_planner_ros2_node]: [FINAL_GOAL_CHECK] global_goal_id=3 distance_to_final=0.021 speed=0.075 confirm=10/10 final_goal_reached=true
[super_planner_ros2_node-6] [WARN] [1786539886.775760020] [super_planner_ros2_node]: GOAL_REACHED: holding current position; publishing safe hold
[offboard_waypoint_node-1] [INFO] [1786539887.125891438] [offboard_waypoint_node]: Navigation setpoint NED=(-0.03, -0.22, -0.78) yaw=-0.18 yaw_rate=0.00
[super_planner_ros2_node-6] [INFO] [1786539887.175845019] [super_planner_ros2_node]: SUPER_ROS2 mode=HOLD enable_output=true reason=GOAL_REACHED_HOLD odom=(-0.23,-0.02,0.57) goal=set tracking_setpoint_enu=(-0.23,-0.02,0.78) setpoint_ned=(-0.02,-0.23,-0.78) yaw(desired/cmd/rate)=(-0.26/-0.18/0.00) cross_track=0.06 frame_id=px4_ned path_points=88 odom_source=/race/odom cloud_source=/saved_map mavros_connected=true
[offboard_waypoint_node-1] [INFO] [1786539887.224704577] [offboard_waypoint_node]: [CONTROL_ARBITER] selected_source=safety_hold state=IDLE_HOLD
[super_planner_ros2_node-6] [INFO] [1786539887.275680287] [super_planner_ros2_node]: [FINAL_GOAL_CHECK] global_goal_id=3 distance_to_final=0.055 speed=0.084 confirm=0/10 final_goal_reached=true
[offboard_waypoint_node-1] [ERROR] [1786539887.476060133] [offboard_waypoint_node]: [OFFBOARD_TAKEOFF_REJECTED] node is IDLE but MAVROS reports armed; automatic ground-reference locking is forbidden in flight
[offboard_waypoint_node-1] [INFO] [1786539887.674653655] [offboard_waypoint_node]: [HOLD_ERROR] position_error=0.000 velocity=0.067 state=IDLE_HOLD
[super_planner_ros2_node-6] [INFO] [1786539887.775695278] [super_planner_ros2_node]: [FINAL_GOAL_CHECK] global_goal_id=3 distance_to_final=0.102 speed=0.088 confirm=0/10 final_goal_reached=true
[super_planner_ros2_node-6] [WARN] [1786539887.775766350] [super_planner_ros2_node]: GOAL_REACHED: holding current position; publishing safe hold
[fastlio_bridge_node-2] [INFO] [1786539888.087081042] [fastlio_bridge_node]: 已桥接并转换里程计: ENU(-0.29, 0.04, 0.34) -> NED(0.04, -0.29, -0.34)
[offboard_waypoint_node-1] [INFO] [1786539888.126032443] [offboard_waypoint_node]: Navigation setpoint NED=(0.03, -0.28, -0.78) yaw=-0.18 yaw_rate=0.00
[super_planner_ros2_node-6] [INFO] [1786539888.175897984] [super_planner_ros2_node]: SUPER_ROS2 mode=HOLD enable_output=true reason=GOAL_REACHED_HOLD odom=(-0.29,0.04,0.34) goal=set tracking_setpoint_enu=(-0.29,0.04,0.78) setpoint_ned=(0.04,-0.29,-0.78) yaw(desired/cmd/rate)=(-0.26/-0.18/0.00) cross_track=0.06 frame_id=px4_ned path_points=88 odom_source=/race/odom cloud_source=/saved_map mavros_connected=true
[offboard_waypoint_node-1] [INFO] [1786539888.274863343] [offboard_waypoint_node]: [CONTROL_ARBITER] selected_source=safety_hold state=IDLE_HOLD
[super_planner_ros2_node-6] [INFO] [1786539888.275704076] [super_planner_ros2_node]: [FINAL_GOAL_CHECK] global_goal_id=3 distance_to_final=0.139 speed=0.050 confirm=0/10 final_goal_reached=true
[offboard_waypoint_node-1] [ERROR] [1786539888.525971069] [offboard_waypoint_node]: [OFFBOARD_TAKEOFF_REJECTED] node is IDLE but MAVROS reports armed; automatic ground-reference locking is forbidden in flight
[offboard_waypoint_node-1] [INFO] [1786539888.675164055] [offboard_waypoint_node]: [HOLD_ERROR] position_error=0.000 velocity=0.043 state=IDLE_HOLD
[super_planner_ros2_node-6] [INFO] [1786539888.775846556] [super_planner_ros2_node]: [FINAL_GOAL_CHECK] global_goal_id=3 distance_to_final=0.141 speed=0.060 confirm=0/10 final_goal_reached=true
[super_planner_ros2_node-6] [WARN] [1786539888.775975248] [super_planner_ros2_node]: GOAL_REACHED: holding current position; publishing safe hold
[offboard_waypoint_node-1] [INFO] [1786539889.126121393] [offboard_waypoint_node]: Navigation setpoint NED=(0.02, -0.26, -0.78) yaw=-0.18 yaw_rate=0.00
[super_planner_ros2_node-6] [INFO] [1786539889.226184637] [super_planner_ros2_node]: SUPER_ROS2 mode=HOLD enable_output=true reason=GOAL_REACHED_HOLD odom=(-0.26,0.02,-0.12) goal=set tracking_setpoint_enu=(-0.26,0.02,0.78) setpoint_ned=(0.02,-0.26,-0.78) yaw(desired/cmd/rate)=(-0.26/-0.18/0.00) cross_track=0.06 frame_id=px4_ned path_points=88 odom_source=/race/odom cloud_source=/saved_map mavros_connected=true
[offboard_waypoint_node-1] [INFO] [1786539889.324689862] [offboard_waypoint_node]: [CONTROL_ARBITER] selected_source=safety_hold state=IDLE_HOLD
[super_planner_ros2_node-6] [INFO] [1786539889.325646521] [super_planner_ros2_node]: [FINAL_GOAL_CHECK] global_goal_id=3 distance_to_final=0.101 speed=0.080 confirm=0/10 final_goal_reached=true
[offboard_waypoint_node-1] [ERROR] [1786539889.575845038] [offboard_waypoint_node]: [OFFBOARD_TAKEOFF_REJECTED] node is IDLE but MAVROS reports armed; automatic ground-reference locking is forbidden in flight
[offboard_waypoint_node-1] [INFO] [1786539889.724510848] [offboard_waypoint_node]: [HOLD_ERROR] position_error=0.000 velocity=0.022 state=IDLE_HOLD
[super_planner_ros2_node-6] [WARN] [1786539889.825596264] [super_planner_ros2_node]: GOAL_REACHED: holding current position; publishing safe hold
[super_planner_ros2_node-6] [INFO] [1786539889.875584481] [super_planner_ros2_node]: [FINAL_GOAL_CHECK] global_goal_id=3 distance_to_final=0.097 speed=0.027 confirm=2/10 final_goal_reached=true
[fastlio_bridge_node-2] [INFO] [1786539890.080973129] [fastlio_bridge_node]: 已桥接并转换里程计: ENU(-0.26, 0.01, -0.17) -> NED(0.01, -0.26, 0.17)
[offboard_waypoint_node-1] [INFO] [1786539890.175746874] [offboard_waypoint_node]: Navigation setpoint NED=(0.01, -0.25, -0.78) yaw=-0.18 yaw_rate=0.00
[super_planner_ros2_node-6] [INFO] [1786539890.226265726] [super_planner_ros2_node]: SUPER_ROS2 mode=HOLD enable_output=true reason=GOAL_REACHED_HOLD odom=(-0.26,0.01,-0.17) goal=set tracking_setpoint_enu=(-0.26,0.01,0.78) setpoint_ned=(0.01,-0.26,-0.78) yaw(desired/cmd/rate)=(-0.26/-0.18/0.00) cross_track=0.06 frame_id=px4_ned path_points=88 odom_source=/race/odom cloud_source=/saved_map mavros_connected=true
[offboard_waypoint_node-1] [INFO] [1786539890.324722634] [offboard_waypoint_node]: [CONTROL_ARBITER] selected_source=safety_hold state=IDLE_HOLD
[super_planner_ros2_node-6] [INFO] [1786539890.425565684] [super_planner_ros2_node]: [FINAL_GOAL_CHECK] global_goal_id=3 distance_to_final=0.092 speed=0.014 confirm=10/10 final_goal_reached=true
[offboard_waypoint_node-1] [ERROR] [1786539890.626239436] [offboard_waypoint_node]: [OFFBOARD_TAKEOFF_REJECTED] node is IDLE but MAVROS reports armed; automatic ground-reference locking is forbidden in flight
[offboard_waypoint_node-1] [INFO] [1786539890.774564509] [offboard_waypoint_node]: [HOLD_ERROR] position_error=0.000 velocity=0.065 state=IDLE_HOLD
[super_planner_ros2_node-6] [WARN] [1786539890.825820938] [super_planner_ros2_node]: GOAL_REACHED: holding current position; publishing safe hold
[super_planner_ros2_node-6] [INFO] [1786539890.925575702] [super_planner_ros2_node]: [FINAL_GOAL_CHECK] global_goal_id=3 distance_to_final=0.090 speed=0.006 confirm=10/10 final_goal_reached=true
[offboard_waypoint_node-1] [INFO] [1786539891.175920898] [offboard_waypoint_node]: Navigation setpoint NED=(0.00, -0.25, -0.78) yaw=-0.18 yaw_rate=0.00
[super_planner_ros2_node-6] [INFO] [1786539891.275650707] [super_planner_ros2_node]: SUPER_ROS2 mode=HOLD enable_output=true reason=GOAL_REACHED_HOLD odom=(-0.25,0.01,-0.17) goal=set tracking_setpoint_enu=(-0.25,0.01,0.78) setpoint_ned=(0.01,-0.25,-0.78) yaw(desired/cmd/rate)=(-0.26/-0.18/0.00) cross_track=0.06 frame_id=px4_ned path_points=88 odom_source=/race/odom cloud_source=/saved_map mavros_connected=true
[offboard_waypoint_node-1] [INFO] [1786539891.324979659] [offboard_waypoint_node]: [CONTROL_ARBITER] selected_source=safety_hold state=IDLE_HOLD
[super_planner_ros2_node-6] [INFO] [1786539891.475510744] [super_planner_ros2_node]: [FINAL_GOAL_CHECK] global_goal_id=3 distance_to_final=0.091 speed=0.020 confirm=10/10 final_goal_reached=true
[offboard_waypoint_node-1] [ERROR] [1786539891.678130918] [offboard_waypoint_node]: [OFFBOARD_TAKEOFF_REJECTED] node is IDLE but MAVROS reports armed; automatic ground-reference locking is forbidden in flight
[offboard_waypoint_node-1] [INFO] [1786539891.824827809] [offboard_waypoint_node]: [HOLD_ERROR] position_error=0.000 velocity=0.099 state=IDLE_HOLD
[super_planner_ros2_node-6] [WARN] [1786539891.875644562] [super_planner_ros2_node]: GOAL_REACHED: holding current position; publishing safe hold
[super_planner_ros2_node-6] [INFO] [1786539891.975537312] [super_planner_ros2_node]: [FINAL_GOAL_CHECK] global_goal_id=3 distance_to_final=0.094 speed=0.021 confirm=10/10 final_goal_reached=true
[fastlio_bridge_node-2] [INFO] [1786539892.080006089] [fastlio_bridge_node]: 已桥接并转换里程计: ENU(-0.26, 0.01, -0.15) -> NED(0.01, -0.26, 0.15)
[offboard_waypoint_node-1] [INFO] [1786539892.225635588] [offboard_waypoint_node]: Navigation setpoint NED=(-0.00, -0.26, -0.78) yaw=-0.18 yaw_rate=0.00
[super_planner_ros2_node-6] [INFO] [1786539892.275762305] [super_planner_ros2_node]: SUPER_ROS2 mode=HOLD enable_output=true reason=GOAL_REACHED_HOLD odom=(-0.27,0.00,-0.15) goal=set tracking_setpoint_enu=(-0.27,0.00,0.78) setpoint_ned=(0.00,-0.27,-0.78) yaw(desired/cmd/rate)=(-0.26/-0.18/0.00) cross_track=0.06 frame_id=px4_ned path_points=88 odom_source=/race/odom cloud_source=/saved_map mavros_connected=true
[offboard_waypoint_node-1] [INFO] [1786539892.325064703] [offboard_waypoint_node]: [CONTROL_ARBITER] selected_source=safety_hold state=IDLE_HOLD
[super_planner_ros2_node-6] [INFO] [1786539892.476133643] [super_planner_ros2_node]: [FINAL_GOAL_CHECK] global_goal_id=3 distance_to_final=0.099 speed=0.016 confirm=10/10 final_goal_reached=true
[offboard_waypoint_node-1] [ERROR] [1786539892.726066607] [offboard_waypoint_node]: [OFFBOARD_TAKEOFF_REJECTED] node is IDLE but MAVROS reports armed; automatic ground-reference locking is forbidden in flight
[offboard_waypoint_node-1] [INFO] [1786539892.874581310] [offboard_waypoint_node]: [HOLD_ERROR] position_error=0.000 velocity=0.078 state=IDLE_HOLD
[super_planner_ros2_node-6] [WARN] [1786539892.925414586] [super_planner_ros2_node]: GOAL_REACHED: holding current position; publishing safe hold
[super_planner_ros2_node-6] [INFO] [1786539893.025428014] [super_planner_ros2_node]: [FINAL_GOAL_CHECK] global_goal_id=3 distance_to_final=0.093 speed=0.019 confirm=10/10 final_goal_reached=true
[offboard_waypoint_node-1] [INFO] [1786539893.275534702] [offboard_waypoint_node]: Navigation setpoint NED=(0.01, -0.25, -0.78) yaw=-0.18 yaw_rate=0.00
[super_planner_ros2_node-6] [INFO] [1786539893.325450323] [super_planner_ros2_node]: SUPER_ROS2 mode=HOLD enable_output=true reason=GOAL_REACHED_HOLD odom=(-0.26,0.01,-0.15) goal=set tracking_setpoint_enu=(-0.26,0.01,0.78) setpoint_ned=(0.01,-0.26,-0.78) yaw(desired/cmd/rate)=(-0.26/-0.18/0.00) cross_track=0.06 frame_id=px4_ned path_points=88 odom_source=/race/odom cloud_source=/saved_map mavros_connected=true
[offboard_waypoint_node-1] [INFO] [1786539893.374600506] [offboard_waypoint_node]: [CONTROL_ARBITER] selected_source=safety_hold state=IDLE_HOLD
[offboard_waypoint_node-1] [WARN] [1786539893.375984218] [offboard_waypoint_node]: [HOLD_POSITION] x=0.037 y=-0.229 z=-0.780 yaw=-0.231 reason=takeoff XY lock
[offboard_waypoint_node-1] [INFO] [1786539893.376024223] [offboard_waypoint_node]: [OFFBOARD_TAKEOFF_TRANSITION] from=0 to=1 current_position=(0.037,-0.229,0.248) takeoff_target=(0.037,-0.229,-0.780) reason=navigation_setpoint
[offboard_waypoint_node-1] [INFO] [1786539893.425511994] [offboard_waypoint_node]: [OFFBOARD_TAKEOFF_IGNORED] state=1 reason=navigation_setpoint; preserve current flight transaction
[super_planner_ros2_node-6] [INFO] [1786539893.575379433] [super_planner_ros2_node]: [FINAL_GOAL_CHECK] global_goal_id=3 distance_to_final=0.092 speed=0.007 confirm=10/10 final_goal_reached=true
[offboard_waypoint_node-1] [INFO] [1786539893.924400086] [offboard_waypoint_node]: [HOLD_ERROR] position_error=1.018 velocity=0.046 state=IDLE_HOLD
[super_planner_ros2_node-6] [WARN] [1786539893.975371638] [super_planner_ros2_node]: GOAL_REACHED: holding current position; publishing safe hold
[super_planner_ros2_node-6] [INFO] [1786539894.075383455] [super_planner_ros2_node]: [FINAL_GOAL_CHECK] global_goal_id=3 distance_to_final=0.092 speed=0.007 confirm=10/10 final_goal_reached=true
[fastlio_bridge_node-2] [INFO] [1786539894.079726769] [fastlio_bridge_node]: 已桥接并转换里程计: ENU(-0.26, 0.01, -0.15) -> NED(0.01, -0.26, 0.15)
[offboard_waypoint_node-1] [INFO] [1786539894.325454078] [offboard_waypoint_node]: Navigation setpoint NED=(0.00, -0.25, -0.78) yaw=-0.18 yaw_rate=0.00
[super_planner_ros2_node-6] [INFO] [1786539894.376133630] [super_planner_ros2_node]: SUPER_ROS2 mode=HOLD enable_output=true reason=GOAL_REACHED_HOLD odom=(-0.26,0.01,-0.15) goal=set tracking_setpoint_enu=(-0.26,0.01,0.78) setpoint_ned=(0.01,-0.26,-0.78) yaw(desired/cmd/rate)=(-0.26/-0.18/0.00) cross_track=0.06 frame_id=px4_ned path_points=88 odom_source=/race/odom cloud_source=/saved_map mavros_connected=true
[offboard_waypoint_node-1] [INFO] [1786539894.424402567] [offboard_waypoint_node]: [CONTROL_ARBITER] selected_source=safety_hold state=IDLE_HOLD
[offboard_waypoint_node-1] [INFO] [1786539894.475497802] [offboard_waypoint_node]: [OFFBOARD_TAKEOFF_IGNORED] state=2 reason=navigation_setpoint; preserve current flight transaction
[super_planner_ros2_node-6] [INFO] [1786539894.575410817] [super_planner_ros2_node]: [FINAL_GOAL_CHECK] global_goal_id=3 distance_to_final=0.096 speed=0.005 confirm=10/10 final_goal_reached=true
[offboard_waypoint_node-1] [INFO] [1786539894.680592400] [offboard_waypoint_node]: [EV_HEALTH] state=SUSPECT continuous_healthy=0.00s
[offboard_waypoint_node-1] [INFO] [1786539894.974757071] [offboard_waypoint_node]: [HOLD_ERROR] position_error=1.008 velocity=0.033 state=IDLE_HOLD
[super_planner_ros2_node-6] [WARN] [1786539894.975396004] [super_planner_ros2_node]: GOAL_REACHED: holding current position; publishing safe hold
[super_planner_ros2_node-6] [INFO] [1786539895.125297462] [super_planner_ros2_node]: [FINAL_GOAL_CHECK] global_goal_id=3 distance_to_final=0.097 speed=0.001 confirm=10/10 final_goal_reached=true
[offboard_waypoint_node-1] [INFO] [1786539895.325599928] [offboard_waypoint_node]: Navigation setpoint NED=(0.01, -0.25, -0.78) yaw=-0.18 yaw_rate=0.00
[super_planner_ros2_node-6] [INFO] [1786539895.425484014] [super_planner_ros2_node]: SUPER_ROS2 mode=HOLD enable_output=true reason=GOAL_REACHED_HOLD odom=(-0.26,0.01,-0.15) goal=set tracking_setpoint_enu=(-0.26,0.01,0.78) setpoint_ned=(0.01,-0.26,-0.78) yaw(desired/cmd/rate)=(-0.26/-0.18/0.00) cross_track=0.06 frame_id=px4_ned path_points=88 odom_source=/race/odom cloud_source=/saved_map mavros_connected=true
[offboard_waypoint_node-1] [INFO] [1786539895.476470742] [offboard_waypoint_node]: [OFFBOARD_TAKEOFF_IGNORED] state=2 reason=navigation_setpoint; preserve current flight transaction
[super_planner_ros2_node-6] [INFO] [1786539895.625345930] [super_planner_ros2_node]: [FINAL_GOAL_CHECK] global_goal_id=3 distance_to_final=0.094 speed=0.013 confirm=10/10 final_goal_reached=true
[offboard_waypoint_node-1] [INFO] [1786539896.024129261] [offboard_waypoint_node]: [HOLD_ERROR] position_error=1.084 velocity=0.043 state=IDLE_HOLD
[super_planner_ros2_node-6] [WARN] [1786539896.025510643] [super_planner_ros2_node]: GOAL_REACHED: holding current position; publishing safe hold
[fastlio_bridge_node-2] [INFO] [1786539896.080125064] [fastlio_bridge_node]: 已桥接并转换里程计: ENU(-0.26, 0.01, -0.15) -> NED(0.01, -0.26, 0.15)
[super_planner_ros2_node-6] [INFO] [1786539896.125359981] [super_planner_ros2_node]: [FINAL_GOAL_CHECK] global_goal_id=3 distance_to_final=0.097 speed=0.013 confirm=10/10 final_goal_reached=true
[offboard_waypoint_node-1] [INFO] [1786539896.375378470] [offboard_waypoint_node]: Navigation setpoint NED=(0.01, -0.26, -0.78) yaw=-0.18 yaw_rate=0.00
[super_planner_ros2_node-6] [INFO] [1786539896.475336827] [super_planner_ros2_node]: SUPER_ROS2 mode=HOLD enable_output=true reason=GOAL_REACHED_HOLD odom=(-0.26,0.01,-0.15) goal=set tracking_setpoint_enu=(-0.26,0.01,0.78) setpoint_ned=(0.01,-0.26,-0.78) yaw(desired/cmd/rate)=(-0.26/-0.18/0.00) cross_track=0.06 frame_id=px4_ned path_points=88 odom_source=/race/odom cloud_source=/saved_map mavros_connected=true
[offboard_waypoint_node-1] [INFO] [1786539896.525383913] [offboard_waypoint_node]: [OFFBOARD_TAKEOFF_IGNORED] state=2 reason=navigation_setpoint; preserve current flight transaction
[navigation stack (prewarm)] 正在停止进程组 6018
[navigation stack (prewarm)] 已退出，状态码 143
