[navigation stack (prewarm)] starting
[navigation stack (prewarm)] command: env MAP_FILE= PLANNER_BACKEND=ego-shadow MISSION_ENABLED=false RECOGNITION_ENABLED=false RVIZ=false ENABLE_OUTPUT=false MAP_AUTO_LOAD=false /home/robot/rong_ws/ws_offboard_control/tools/flight/run_navigation.sh
[navigation stack (prewarm)] pid=75974 pgid=75974 log=/home/robot/rong_ws/ws_offboard_control/flight_records/20260809/flight_20260809_170522/logs/navigation.log
Navigation backend: ego-shadow
Mission sequencer:  false
Map file:           <disabled for validation>
Map auto-load:      false
Recognition:        false
Navigation output:  false
[INFO] [launch]: All log files can be found below /home/robot/.ros/log/2026-08-09-17-05-26-431529-robot-75974
[INFO] [launch]: Default logging verbosity is set to INFO
[INFO] [launch.user]: [TUNING_FILE]
[INFO] [launch.user]: path=/home/robot/rong_ws/ws_offboard_control/install/race_bringup/share/race_bringup/config/astar_ego_tuning.yaml
[INFO] [launch.user]: schema_version=1
[INFO] [launch.user]: [EGO_MAP_SOURCE]
[INFO] [launch.user]: ego_map_source=static_live_px4
[INFO] [launch.user]: [EGO_MAP_TUNING]
[INFO] [launch.user]: {'live_obstacle_memory_sec': 1.0, 'live_obstacle_voxel_size_m': 0.1, 'live_obstacle_min_observations': 2, 'minimum_reliable_detection_range_m': 0.725, 'pose_sync_max_skew_sec': 0.3, 'pose_buffer_duration_sec': 1.0}
[INFO] [launch.user]: [SHARED_BOUNDS]
[INFO] [launch.user]: x=[-0.85,11.9] y=[-1.3,12.4] z=[0.5,0.85] margin=0.15
[INFO] [launch.user]: [GLOBAL_PLANNER_TUNING]
[INFO] [launch.user]: {'grid_resolution': 0.15, 'planning_resolution': 0.05, 'hard_inflation_radius': 0.28, 'min_planning_inflation_radius': 0.28, 'soft_obstacle_cost_radius': 0.54, 'clearance_cost_weight': 3.0, 'tracking_lookahead_distance': 0.3, 'max_local_goal_distance': 1.7, 'smoothing_min_clearance': 0.1, 'allow_direct_path': False, 'enable_path_shortcut': False}
[INFO] [launch.user]: [EGO_TUNING]
[INFO] [launch.user]: {'planning_horizon': 5.0, 'local_update_range_x': 6.0, 'local_update_range_y': 6.0, 'local_update_range_z': 1.25, 'occupancy_map_size_x': 24.0, 'occupancy_map_size_y': 26.0, 'occupancy_publish_max_height': 2.5, 'max_velocity': 0.6, 'max_acceleration': 0.8, 'control_point_spacing': 0.25, 'planning_clearance_m': 0.34, 'constrained_clearance_enable': False, 'constrained_clearance_m': 0.24, 'constrained_optimization_clearance_m': 0.3, 'far_end_clearance_extra_m': 0.06, 'optimization_clearance_m': 0.42, 'max_reference_deviation_m': 0.8, 'use_distinctive_trajectories': True, 'replan_start_position_error_m': 0.25, 'handover_position_tolerance_m': 0.01, 'handover_velocity_tolerance_mps': 0.005, 'handover_acceleration_tolerance_mps2': 0.01, 'fixed_flight_height': 0.78}
[INFO] [launch.user]: [BRIDGE_TUNING]
[INFO] [launch.user]: {'occupancy_timeout_sec': 1.0, 'active_recheck_history_sec': 0.5, 'bspline_timeout_sec': 0.2, 'command_timeout_sec': 0.2, 'dynamic_invalid_grace_sec': 0.75, 'replan_hold_timeout_sec': 3.0, 'collision_sample_spacing_m': 0.04, 'braking_deceleration_mps2': 0.8, 'reaction_time_sec': 0.15, 'dynamic_limit_margin': 1.1, 'max_yaw_rate_rad_s': 0.8}
[INFO] [launch.user]: [OFFBOARD_TUNING]
[INFO] [launch.user]: {'takeoff_height_m': 0.55, 'ego_goal_release_height_m': 0.5, 'ego_goal_stable_height_tolerance_m': 0.05, 'ego_goal_stable_horizontal_speed_mps': 0.08, 'ego_goal_stable_vertical_speed_mps': 0.05, 'ego_goal_stable_duration_sec': 0.5, 'fixed_flight_height_m': 0.78, 'max_safe_height_m': 0.85, 'goal_tolerance_xy_m': 0.1, 'goal_tolerance_z_m': 0.05, 'setpoint_rate_hz': 20.0, 'trusted_position_max_speed_mps': 4.0, 'trusted_position_jump_allowance_m': 0.4, 'ego_setpoint_max_lead_m': 2.0, 'ego_setpoint_timeout_sec': 2.5, 'same_goal_retry_on_safety_latch': True, 'ego_yaw_rate_limit_rad_s': 0.8, 'initial_position_stabilization_sec': 0.5, 'initial_position_max_spread_m': 0.08, 'initial_position_max_speed_mps': 0.2}
[INFO] [offboard_waypoint_node-1]: process started with pid [76035]
[INFO] [fastlio_bridge_node-2]: process started with pid [76037]
[INFO] [frame_transform_node-3]: process started with pid [76039]
[INFO] [map_io_node-4]: process started with pid [76041]
[INFO] [mapping_manager_node-5]: process started with pid [76043]
[INFO] [super_planner_ros2_node-6]: process started with pid [76045]
[INFO] [race_ego_odom_bridge-7]: process started with pid [76047]
[INFO] [race_ego_cloud_bridge-8]: process started with pid [76049]
[INFO] [race_ego_goal_bridge-9]: process started with pid [76051]
[INFO] [ego_planner_node-10]: process started with pid [76053]
[INFO] [traj_server-11]: process started with pid [76055]
[INFO] [race_ego_trajectory_bridge-12]: process started with pid [76057]
[mapping_manager_node-5] [INFO] [1786266326.620181960] [mapping_manager_node]: mapping_manager_node started
[mapping_manager_node-5] [INFO] [1786266326.620307963] [mapping_manager_node]:   auto_load_on_start: false
[mapping_manager_node-5] [INFO] [1786266326.620321038] [mapping_manager_node]:   auto_save_on_land: true
[race_ego_cloud_bridge-8] [INFO] [1786266326.625967596] [race_ego_cloud_bridge]: EGO cloud bridge: source=static_live_px4 input=/saved_map+/fast_lio/cloud_registered_body output=/race/ego/cloud required_frame=map frame_transform=px4_pose_projection
[frame_transform_node-3] [INFO] [1786266326.955829709] [frame_transform_node]: frame_transform_node started
[frame_transform_node-3] [INFO] [1786266326.956048924] [frame_transform_node]:   Published static TF: map -> odom (identity)
[frame_transform_node-3] [INFO] [1786266326.956061691] [frame_transform_node]:   Published static TF: camera_init -> map (identity, RViz display only)
[race_ego_odom_bridge-7] [INFO] [1786266326.962130244] [race_ego_odom_bridge]: EGO odom bridge: /mavros/local_position/odom -> /race/ego/odom frame=map conversion=enuToMap(-y,x,z) strict=false
[race_ego_trajectory_bridge-12] [INFO] [1786266326.968656124] [race_ego_trajectory_bridge]: [BRIDGE_CLEARANCE_THRESHOLD] hard_clearance=0.290000000
[race_ego_trajectory_bridge-12] [INFO] [1786266326.969000871] [race_ego_trajectory_bridge]: [BRIDGE_BRAKING_CONTRACT] max_speed=0.600 deceleration=0.800 reaction=0.150 clearance=0.290 braking_horizon=0.605 detection_range=0.725
[fastlio_bridge_node-2] [INFO] [1786266326.970800794] [fastlio_bridge_node]: FAST-LIO2 里程计桥接已启动：订阅 /Odometry -> /race/odom, /race/pose
[map_io_node-4] [INFO] [1786266326.978783396] [map_io_node]: map_io_node started
[map_io_node-4] [INFO] [1786266326.978914050] [map_io_node]:   map_file: /home/robot/rong_ws/ws_offboard_control/maps/fastlio_global_3d/GlobalMap.pcd
[map_io_node-4] [INFO] [1786266326.978922303] [map_io_node]:   publish_topic: /saved_map
[map_io_node-4] [INFO] [1786266326.978927481] [map_io_node]:   display_leaf_size: 0.10 m
[map_io_node-4] [INFO] [1786266326.978935525] [map_io_node]:   max_display_points: 3000000
[offboard_waypoint_node-1] [INFO] [1786266326.981125809] [offboard_waypoint_node]: Offboard adapter: control_source=navigation navigation_topic=/race/navigation_setpoint ego_topic=/race/ego/trajectory_setpoint frame=px4_ned timeout=0.80s ego_timeout=0.20s height=[0.50, 0.85]m warmup=1.0s stabilization=3.0s takeoff_complete=0.55m strict_health=false
[offboard_waypoint_node-1] [INFO] [1786266326.981363628] [offboard_waypoint_node]: [PLANNER_SOURCE] backend=navigation
[offboard_waypoint_node-1] [INFO] [1786266326.981371029] [offboard_waypoint_node]: [TRAJECTORY_SOURCE] selected=navigation timeout=2.50s
[super_planner_ros2_node-6] [INFO] [1786266326.986453053] [super_planner_ros2_node]: MODE_INIT enable_output=false setpoint_topic=/race/navigation_setpoint setpoint_frame=px4_ned control_rate=20.0 replan_rate=2.0 tracking_lookahead=0.30 heading_lookahead=0.80 max_yaw_rate=1.00 odom_topic=/mavros/local_position/odom odom_input_frame=map_enu require_mavros_connected=false mavros_state_topic=/mavros/state cloud_topic=/saved_map PLANNER_INTERNAL_FRAME=map hard_inflation=0.28 soft_cost_radius=0.54 clearance_cost_weight=3.00 smoothing=true method=chaikin iterations=2 sample_resolution=0.10 allow_direct_path=false enable_path_shortcut=false
[super_planner_ros2_node-6] [INFO] [1786266326.986678372] [super_planner_ros2_node]: GLOBAL_MODE global_only=false control_output=false global_path=/race/global_path local_goal=/race/ego/local_goal
[super_planner_ros2_node-6] [INFO] [1786266326.986692138] [super_planner_ros2_node]: [SUPER_MODE] global_only=false max_planning_distance=9.000 segment_chaining=false
[super_planner_ros2_node-6] [INFO] [1786266326.986698379] [super_planner_ros2_node]: [SUPER_DIRECT_MODE] enabled=false
[super_planner_ros2_node-6] [INFO] [1786266326.986703543] [super_planner_ros2_node]: [SHARED_BOUNDS] x=[-0.85,11.90] y=[-1.30,12.40] z=[0.50,0.85] margin=0.15
[race_ego_trajectory_bridge-12] [INFO] [1786266326.988500646] [race_ego_trajectory_bridge]: [EGO_STATUS] state=WAIT_MAP control_enabled=false map=missing odom=missing goal=missing trajectory=missing
[ego_planner_node-10] [INFO] [1786266326.990148987] [race_ego_planner]: [EGO_RECOVERY_GEOMETRY_CONFIG] search_distance=0.600 minimum_forward_progress=0.150 extra_clearance=0.060 max_reference_deviation=0.780 max_lateral_offset=0.750 lateral_offset_step=0.150
[ego_planner_node-10] [INFO] [1786266326.997898657] [race_ego_planner]: [EGO_HANDOVER_TOLERANCE] position_m=0.010 velocity_mps=0.005 acceleration_mps2=0.010
[ego_planner_node-10] [INFO] [1786266326.997948147] [race_ego_planner]: [EGO_REFERENCE_GEOMETRY_LIMIT] max_reference_deviation_m=0.800
[ego_planner_node-10] [INFO] [1786266326.999541876] [race_ego_planner]: [EGO_OCCUPANCY_SAFETY_MODEL] required_center_clearance=0.290 planning_clearance=0.340 resolution=0.150 coarse_inflation_steps=2 coarse_voxel_clearance=0.300 continuous_query=true
[ego_planner_node-10] hit: 0.619039
[ego_planner_node-10] miss: -0.619039
[ego_planner_node-10] min log: -1.99243
[ego_planner_node-10] max: 2.19722
[ego_planner_node-10] thresh log: 1.38629
[ego_planner_node-10] [INFO] [1786266327.004923055] [race_ego_planner]: [EGO_OBSTACLE_CLEARANCE_CONTRACT] required_center_clearance=0.290000000 planning_clearance=0.340000000 optimization_target_clearance=0.420000000 far_end_clearance_extra=0.060000000 far_end_target_clearance=0.480000000 collision_weight=1.200000000 valid=true
[ego_planner_node-10] [INFO] [1786266327.004972245] [race_ego_planner]: [EGO_ACTIVE_OPTIMIZATION_TERMS] smoothness=true obstacle=true feasibility=true reference=false endpoint=true smoothness_weight=1.000000 obstacle_weight=1.200000 feasibility_weight=0.400000 reference_weight=0.000000 configured_fitness_weight=1.000000 obstacle_clearance=0.420000
[offboard_waypoint_node-1] [INFO] [1786266327.031305156] [offboard_waypoint_node]: [CONTROL_ARBITER] selected_source=safety_hold state=WAITING_FOR_ODOM
[super_planner_ros2_node-6] [INFO] [1786266327.036762505] [super_planner_ros2_node]: SUPER_ROS2 mode=NO_ODOM enable_output=false reason=NO_ODOM odom=(0.00,0.00,0.00) goal=none tracking_setpoint_enu=(0.00,0.00,0.00) setpoint_ned=none yaw(desired/cmd/rate)=(0.00/0.00/0.00) cross_track=0.00 frame_id=px4_ned path_points=0 odom_source=none cloud_source=none mavros_connected=false
[ego_planner_node-10] [INFO] [1786266327.049241055] [race_ego_planner]: [EGO_CONSTRAINED_CLEARANCE_CONFIG] enabled=false normal=0.340 constrained=0.240 optimization=0.300
[ego_planner_node-10] [INFO] [1786266327.052721756] [race_ego_planner]: single drone:-1
[traj_server-11] [WARN] [1786266327.963702050] [race_ego_traj_server]: [Traj server]: ready.
[ego_planner_node-10] [FSM]: state: INIT
[ego_planner_node-10] no odom.
[ego_planner_node-10] wait for goal or trigger.
[offboard_waypoint_node-1] [INFO] [1786266328.081296234] [offboard_waypoint_node]: [CONTROL_ARBITER] selected_source=safety_hold state=WAITING_FOR_ODOM
[super_planner_ros2_node-6] [INFO] [1786266328.086621918] [super_planner_ros2_node]: SUPER_ROS2 mode=NO_ODOM enable_output=false reason=NO_ODOM odom=(0.00,0.00,0.00) goal=none tracking_setpoint_enu=(0.00,0.00,0.00) setpoint_ned=none yaw(desired/cmd/rate)=(0.00/0.00/0.00) cross_track=0.00 frame_id=px4_ned path_points=0 odom_source=none cloud_source=none mavros_connected=false
[ego_planner_node-10] [FSM]: state: INIT
[ego_planner_node-10] no odom.
[ego_planner_node-10] wait for goal or trigger.
[super_planner_ros2_node-6] [INFO] [1786266329.086701768] [super_planner_ros2_node]: SUPER_ROS2 mode=NO_ODOM enable_output=false reason=NO_ODOM odom=(0.00,0.00,0.00) goal=none tracking_setpoint_enu=(0.00,0.00,0.00) setpoint_ned=none yaw(desired/cmd/rate)=(0.00/0.00/0.00) cross_track=0.00 frame_id=px4_ned path_points=0 odom_source=none cloud_source=none mavros_connected=false
[offboard_waypoint_node-1] [INFO] [1786266329.131269888] [offboard_waypoint_node]: [CONTROL_ARBITER] selected_source=safety_hold state=WAITING_FOR_ODOM
[super_planner_ros2_node-6] [INFO] [1786266330.086768750] [super_planner_ros2_node]: SUPER_ROS2 mode=NO_ODOM enable_output=false reason=NO_ODOM odom=(0.00,0.00,0.00) goal=none tracking_setpoint_enu=(0.00,0.00,0.00) setpoint_ned=none yaw(desired/cmd/rate)=(0.00/0.00/0.00) cross_track=0.00 frame_id=px4_ned path_points=0 odom_source=none cloud_source=none mavros_connected=false
[ego_planner_node-10] [FSM]: state: INIT
[ego_planner_node-10] no odom.
[ego_planner_node-10] wait for goal or trigger.
[offboard_waypoint_node-1] [INFO] [1786266330.131330266] [offboard_waypoint_node]: [CONTROL_ARBITER] selected_source=safety_hold state=WAITING_FOR_ODOM
[ego_planner_node-10] [FSM]: state: INIT
[ego_planner_node-10] no odom.
[ego_planner_node-10] wait for goal or trigger.
[super_planner_ros2_node-6] [INFO] [1786266331.136748002] [super_planner_ros2_node]: SUPER_ROS2 mode=NO_ODOM enable_output=false reason=NO_ODOM odom=(0.00,0.00,0.00) goal=none tracking_setpoint_enu=(0.00,0.00,0.00) setpoint_ned=none yaw(desired/cmd/rate)=(0.00/0.00/0.00) cross_track=0.00 frame_id=px4_ned path_points=0 odom_source=none cloud_source=none mavros_connected=false
[offboard_waypoint_node-1] [INFO] [1786266331.181325360] [offboard_waypoint_node]: [CONTROL_ARBITER] selected_source=safety_hold state=WAITING_FOR_ODOM
[ego_planner_node-10] [FSM]: state: INIT
[ego_planner_node-10] no odom.
[ego_planner_node-10] wait for goal or trigger.
[offboard_waypoint_node-1] [INFO] [1786266332.181374655] [offboard_waypoint_node]: [CONTROL_ARBITER] selected_source=safety_hold state=WAITING_FOR_ODOM
[super_planner_ros2_node-6] [INFO] [1786266332.186747742] [super_planner_ros2_node]: SUPER_ROS2 mode=NO_ODOM enable_output=false reason=NO_ODOM odom=(0.00,0.00,0.00) goal=none tracking_setpoint_enu=(0.00,0.00,0.00) setpoint_ned=none yaw(desired/cmd/rate)=(0.00/0.00/0.00) cross_track=0.00 frame_id=px4_ned path_points=0 odom_source=none cloud_source=none mavros_connected=false
[ego_planner_node-10] [FSM]: state: INIT
[ego_planner_node-10] no odom.
[ego_planner_node-10] wait for goal or trigger.
[offboard_waypoint_node-1] [INFO] [1786266333.231373015] [offboard_waypoint_node]: [CONTROL_ARBITER] selected_source=safety_hold state=WAITING_FOR_ODOM
[super_planner_ros2_node-6] [INFO] [1786266333.236737822] [super_planner_ros2_node]: SUPER_ROS2 mode=NO_ODOM enable_output=false reason=NO_ODOM odom=(0.00,0.00,0.00) goal=none tracking_setpoint_enu=(0.00,0.00,0.00) setpoint_ned=none yaw(desired/cmd/rate)=(0.00/0.00/0.00) cross_track=0.00 frame_id=px4_ned path_points=0 odom_source=none cloud_source=none mavros_connected=false
[ego_planner_node-10] [FSM]: state: INIT
[ego_planner_node-10] no odom.
[ego_planner_node-10] wait for goal or trigger.
[offboard_waypoint_node-1] [INFO] [1786266334.231409801] [offboard_waypoint_node]: [CONTROL_ARBITER] selected_source=safety_hold state=WAITING_FOR_ODOM
[super_planner_ros2_node-6] [INFO] [1786266334.236824921] [super_planner_ros2_node]: SUPER_ROS2 mode=NO_ODOM enable_output=false reason=NO_ODOM odom=(0.00,0.00,0.00) goal=none tracking_setpoint_enu=(0.00,0.00,0.00) setpoint_ned=none yaw(desired/cmd/rate)=(0.00/0.00/0.00) cross_track=0.00 frame_id=px4_ned path_points=0 odom_source=none cloud_source=none mavros_connected=false
[ego_planner_node-10] [FSM]: state: INIT
[ego_planner_node-10] no odom.
[ego_planner_node-10] wait for goal or trigger.
[super_planner_ros2_node-6] [INFO] [1786266335.236919036] [super_planner_ros2_node]: SUPER_ROS2 mode=NO_ODOM enable_output=false reason=NO_ODOM odom=(0.00,0.00,0.00) goal=none tracking_setpoint_enu=(0.00,0.00,0.00) setpoint_ned=none yaw(desired/cmd/rate)=(0.00/0.00/0.00) cross_track=0.00 frame_id=px4_ned path_points=0 odom_source=none cloud_source=none mavros_connected=false
[offboard_waypoint_node-1] [INFO] [1786266335.281453527] [offboard_waypoint_node]: [CONTROL_ARBITER] selected_source=safety_hold state=WAITING_FOR_ODOM
[ego_planner_node-10] [FSM]: state: INIT
[ego_planner_node-10] no odom.
[ego_planner_node-10] wait for goal or trigger.
[super_planner_ros2_node-6] [INFO] [1786266336.237524644] [super_planner_ros2_node]: SUPER_ROS2 mode=NO_ODOM enable_output=false reason=NO_ODOM odom=(0.00,0.00,0.00) goal=none tracking_setpoint_enu=(0.00,0.00,0.00) setpoint_ned=none yaw(desired/cmd/rate)=(0.00/0.00/0.00) cross_track=0.00 frame_id=px4_ned path_points=0 odom_source=none cloud_source=none mavros_connected=false
[offboard_waypoint_node-1] [INFO] [1786266336.331498024] [offboard_waypoint_node]: [CONTROL_ARBITER] selected_source=safety_hold state=WAITING_FOR_ODOM
[ego_planner_node-10] [FSM]: state: INIT
[ego_planner_node-10] no odom.
[ego_planner_node-10] wait for goal or trigger.
[super_planner_ros2_node-6] [INFO] [1786266337.237764568] [super_planner_ros2_node]: SUPER_ROS2 mode=NO_ODOM enable_output=false reason=NO_ODOM odom=(0.00,0.00,0.00) goal=none tracking_setpoint_enu=(0.00,0.00,0.00) setpoint_ned=none yaw(desired/cmd/rate)=(0.00/0.00/0.00) cross_track=0.00 frame_id=px4_ned path_points=0 odom_source=none cloud_source=none mavros_connected=false
[offboard_waypoint_node-1] [INFO] [1786266337.331601948] [offboard_waypoint_node]: [CONTROL_ARBITER] selected_source=safety_hold state=WAITING_FOR_ODOM
[ego_planner_node-10] [FSM]: state: INIT
[ego_planner_node-10] no odom.
[ego_planner_node-10] wait for goal or trigger.
[super_planner_ros2_node-6] [INFO] [1786266338.287245314] [super_planner_ros2_node]: SUPER_ROS2 mode=NO_ODOM enable_output=false reason=NO_ODOM odom=(0.00,0.00,0.00) goal=none tracking_setpoint_enu=(0.00,0.00,0.00) setpoint_ned=none yaw(desired/cmd/rate)=(0.00/0.00/0.00) cross_track=0.00 frame_id=px4_ned path_points=0 odom_source=none cloud_source=none mavros_connected=false
[offboard_waypoint_node-1] [INFO] [1786266338.381515875] [offboard_waypoint_node]: [CONTROL_ARBITER] selected_source=safety_hold state=WAITING_FOR_ODOM
[ego_planner_node-10] [FSM]: state: INIT
[ego_planner_node-10] no odom.
[ego_planner_node-10] wait for goal or trigger.
[super_planner_ros2_node-6] [INFO] [1786266339.337187602] [super_planner_ros2_node]: SUPER_ROS2 mode=NO_ODOM enable_output=false reason=NO_ODOM odom=(0.00,0.00,0.00) goal=none tracking_setpoint_enu=(0.00,0.00,0.00) setpoint_ned=none yaw(desired/cmd/rate)=(0.00/0.00/0.00) cross_track=0.00 frame_id=px4_ned path_points=0 odom_source=none cloud_source=none mavros_connected=false
[offboard_waypoint_node-1] [INFO] [1786266339.431479119] [offboard_waypoint_node]: [CONTROL_ARBITER] selected_source=safety_hold state=WAITING_FOR_ODOM
[ego_planner_node-10] [FSM]: state: INIT
[ego_planner_node-10] no odom.
[ego_planner_node-10] wait for goal or trigger.
[super_planner_ros2_node-6] [INFO] [1786266340.387138795] [super_planner_ros2_node]: SUPER_ROS2 mode=NO_ODOM enable_output=false reason=NO_ODOM odom=(0.00,0.00,0.00) goal=none tracking_setpoint_enu=(0.00,0.00,0.00) setpoint_ned=none yaw(desired/cmd/rate)=(0.00/0.00/0.00) cross_track=0.00 frame_id=px4_ned path_points=0 odom_source=none cloud_source=none mavros_connected=false
[offboard_waypoint_node-1] [INFO] [1786266340.431804125] [offboard_waypoint_node]: [CONTROL_ARBITER] selected_source=safety_hold state=WAITING_FOR_ODOM
[ego_planner_node-10] [FSM]: state: INIT
[ego_planner_node-10] no odom.
[ego_planner_node-10] wait for goal or trigger.
[super_planner_ros2_node-6] [INFO] [1786266341.437028374] [super_planner_ros2_node]: SUPER_ROS2 mode=NO_ODOM enable_output=false reason=NO_ODOM odom=(0.00,0.00,0.00) goal=none tracking_setpoint_enu=(0.00,0.00,0.00) setpoint_ned=none yaw(desired/cmd/rate)=(0.00/0.00/0.00) cross_track=0.00 frame_id=px4_ned path_points=0 odom_source=none cloud_source=none mavros_connected=false
[offboard_waypoint_node-1] [INFO] [1786266341.481546380] [offboard_waypoint_node]: [CONTROL_ARBITER] selected_source=safety_hold state=WAITING_FOR_ODOM
[fastlio_bridge_node-2] [INFO] [1786266342.025293560] [fastlio_bridge_node]: 已桥接并转换里程计: ENU(-0.00, -0.01, -0.02) -> NED(0.00, -0.01, 0.02)
[fastlio_bridge_node-2] [INFO] [1786266342.091383794] [fastlio_bridge_node]: 已桥接并转换里程计: ENU(-0.00, 0.00, -0.03) -> NED(0.00, 0.00, 0.03)
[ego_planner_node-10] [FSM]: state: INIT
[ego_planner_node-10] no odom.
[ego_planner_node-10] wait for goal or trigger.
[offboard_waypoint_node-1] [INFO] [1786266342.481887794] [offboard_waypoint_node]: [CONTROL_ARBITER] selected_source=safety_hold state=WAITING_FOR_ODOM
[super_planner_ros2_node-6] [INFO] [1786266342.486950778] [super_planner_ros2_node]: SUPER_ROS2 mode=NO_ODOM enable_output=false reason=NO_ODOM odom=(0.00,0.00,0.00) goal=none tracking_setpoint_enu=(0.00,0.00,0.00) setpoint_ned=none yaw(desired/cmd/rate)=(0.00/0.00/0.00) cross_track=0.00 frame_id=px4_ned path_points=0 odom_source=none cloud_source=none mavros_connected=false
[offboard_waypoint_node-1] [INFO] [1786266342.674411957] [offboard_waypoint_node]: [EV_HEALTH] state=SUSPECT continuous_healthy=0.00s
[offboard_waypoint_node-1] [INFO] [1786266343.073584036] [offboard_waypoint_node]: [EV_HEALTH] state=FAULT continuous_healthy=0.00s
[ego_planner_node-10] [FSM]: state: INIT
[ego_planner_node-10] no odom.
[ego_planner_node-10] wait for goal or trigger.
[offboard_waypoint_node-1] [INFO] [1786266343.531596519] [offboard_waypoint_node]: [CONTROL_ARBITER] selected_source=safety_hold state=WAITING_FOR_ODOM
[super_planner_ros2_node-6] [INFO] [1786266343.536950189] [super_planner_ros2_node]: SUPER_ROS2 mode=NO_ODOM enable_output=false reason=NO_ODOM odom=(0.00,0.00,0.00) goal=none tracking_setpoint_enu=(0.00,0.00,0.00) setpoint_ned=none yaw(desired/cmd/rate)=(0.00/0.00/0.00) cross_track=0.00 frame_id=px4_ned path_points=0 odom_source=none cloud_source=none mavros_connected=false
[super_planner_ros2_node-6] [WARN] [1786266343.840018224] [super_planner_ros2_node]: MAVROS reports connected=false; FCU link is down.
[fastlio_bridge_node-2] [INFO] [1786266344.050502389] [fastlio_bridge_node]: 已桥接并转换里程计: ENU(0.00, -0.00, -0.02) -> NED(-0.00, -0.00, 0.02)
[fastlio_bridge_node-2] [INFO] [1786266344.058584943] [fastlio_bridge_node]: 已桥接并转换里程计: ENU(0.00, -0.00, -0.02) -> NED(-0.00, -0.00, 0.02)
[super_planner_ros2_node-6] [WARN] [1786266344.252957666] [super_planner_ros2_node]: Using odom source: /mavros/local_position/odom odom_input_frame=map_enu planner_enu=(-0.36, -0.66, 0.20)
[offboard_waypoint_node-1] [WARN] [1786266344.252991116] [offboard_waypoint_node]: [POSE_WAIT] no local velocity sample yet on /mavros/local_position/velocity_local
[ego_planner_node-10] [FSM]: from INIT to WAIT_TARGET
[ego_planner_node-10] [FSM]: state: WAIT_TARGET
[ego_planner_node-10] wait for goal or trigger.
[super_planner_ros2_node-6] [INFO] [1786266344.536961287] [super_planner_ros2_node]: SUPER_ROS2 mode=IDLE enable_output=false reason=NO_GOAL odom=(-0.36,-0.66,0.20) goal=none tracking_setpoint_enu=(-0.36,-0.66,0.78) setpoint_ned=none yaw(desired/cmd/rate)=(0.00/0.00/0.00) cross_track=0.00 frame_id=px4_ned path_points=0 odom_source=/mavros/local_position/odom cloud_source=none mavros_connected=false
[offboard_waypoint_node-1] [INFO] [1786266344.581570893] [offboard_waypoint_node]: [CONTROL_ARBITER] selected_source=safety_hold state=WAITING_FOR_ODOM
[offboard_waypoint_node-1] [INFO] [1786266344.786377367] [offboard_waypoint_node]: [POSE_TRUSTED] stable_for=0.50s position_ned=(-0.656,-0.361,-0.206)
[offboard_waypoint_node-1] [WARN] [1786266344.831553992] [offboard_waypoint_node]: [HOLD_POSITION] x=-0.656 y=-0.361 z=-0.206 yaw=0.008 reason=startup idle hold
[offboard_waypoint_node-1] [WARN] [1786266344.831608246] [offboard_waypoint_node]: [CONTROL_STATE] WAITING_FOR_ODOM -> IDLE_HOLD: no active goal
[offboard_waypoint_node-1] [INFO] [1786266344.831707880] [offboard_waypoint_node]: [HOLD_ERROR] position_error=0.000 velocity=0.004 state=IDLE_HOLD
[ego_planner_node-10] [FSM]: state: WAIT_TARGET
[ego_planner_node-10] wait for goal or trigger.
[super_planner_ros2_node-6] [INFO] [1786266345.536981128] [super_planner_ros2_node]: SUPER_ROS2 mode=IDLE enable_output=false reason=NO_GOAL odom=(-0.36,-0.66,0.21) goal=none tracking_setpoint_enu=(-0.36,-0.66,0.78) setpoint_ned=none yaw(desired/cmd/rate)=(0.00/0.00/0.00) cross_track=0.00 frame_id=px4_ned path_points=0 odom_source=/mavros/local_position/odom cloud_source=none mavros_connected=true
[offboard_waypoint_node-1] [INFO] [1786266345.581612891] [offboard_waypoint_node]: [CONTROL_ARBITER] selected_source=safety_hold state=IDLE_HOLD
[offboard_waypoint_node-1] [INFO] [1786266345.881618066] [offboard_waypoint_node]: [HOLD_ERROR] position_error=0.004 velocity=0.003 state=IDLE_HOLD
[fastlio_bridge_node-2] [INFO] [1786266346.098659438] [fastlio_bridge_node]: 已桥接并转换里程计: ENU(0.00, -0.00, -0.02) -> NED(-0.00, -0.00, 0.02)
[ego_planner_node-10] [FSM]: state: WAIT_TARGET
[ego_planner_node-10] wait for goal or trigger.
[super_planner_ros2_node-6] [INFO] [1786266346.537382429] [super_planner_ros2_node]: SUPER_ROS2 mode=IDLE enable_output=false reason=NO_GOAL odom=(-0.36,-0.66,0.21) goal=none tracking_setpoint_enu=(-0.36,-0.66,0.78) setpoint_ned=none yaw(desired/cmd/rate)=(0.00/0.00/0.00) cross_track=0.00 frame_id=px4_ned path_points=0 odom_source=/mavros/local_position/odom cloud_source=none mavros_connected=true
[offboard_waypoint_node-1] [INFO] [1786266346.581689298] [offboard_waypoint_node]: [CONTROL_ARBITER] selected_source=safety_hold state=IDLE_HOLD
[offboard_waypoint_node-1] [INFO] [1786266346.931653680] [offboard_waypoint_node]: [HOLD_ERROR] position_error=0.009 velocity=0.001 state=IDLE_HOLD
[ego_planner_node-10] [FSM]: state: WAIT_TARGET
[ego_planner_node-10] wait for goal or trigger.
[super_planner_ros2_node-6] [INFO] [1786266347.586944159] [super_planner_ros2_node]: SUPER_ROS2 mode=IDLE enable_output=false reason=NO_GOAL odom=(-0.36,-0.66,0.22) goal=none tracking_setpoint_enu=(-0.36,-0.66,0.78) setpoint_ned=none yaw(desired/cmd/rate)=(0.00/0.00/0.00) cross_track=0.00 frame_id=px4_ned path_points=0 odom_source=/mavros/local_position/odom cloud_source=none mavros_connected=true
[offboard_waypoint_node-1] [INFO] [1786266347.631685082] [offboard_waypoint_node]: [CONTROL_ARBITER] selected_source=safety_hold state=IDLE_HOLD
[offboard_waypoint_node-1] [INFO] [1786266347.931787533] [offboard_waypoint_node]: [HOLD_ERROR] position_error=0.013 velocity=0.007 state=IDLE_HOLD
[ego_planner_node-10] [FSM]: state: WAIT_TARGET
[ego_planner_node-10] wait for goal or trigger.
[super_planner_ros2_node-6] [INFO] [1786266348.587047436] [super_planner_ros2_node]: SUPER_ROS2 mode=IDLE enable_output=false reason=NO_GOAL odom=(-0.36,-0.66,0.22) goal=none tracking_setpoint_enu=(-0.36,-0.66,0.78) setpoint_ned=none yaw(desired/cmd/rate)=(0.00/0.00/0.00) cross_track=0.00 frame_id=px4_ned path_points=0 odom_source=/mavros/local_position/odom cloud_source=none mavros_connected=true
[offboard_waypoint_node-1] [INFO] [1786266348.631747151] [offboard_waypoint_node]: [CONTROL_ARBITER] selected_source=safety_hold state=IDLE_HOLD
[offboard_waypoint_node-1] [INFO] [1786266348.981735858] [offboard_waypoint_node]: [HOLD_ERROR] position_error=0.018 velocity=0.005 state=IDLE_HOLD
[ego_planner_node-10] [FSM]: state: WAIT_TARGET
[ego_planner_node-10] wait for goal or trigger.
[super_planner_ros2_node-6] [INFO] [1786266349.587066870] [super_planner_ros2_node]: SUPER_ROS2 mode=IDLE enable_output=false reason=NO_GOAL odom=(-0.36,-0.66,0.23) goal=none tracking_setpoint_enu=(-0.36,-0.66,0.78) setpoint_ned=none yaw(desired/cmd/rate)=(0.00/0.00/0.00) cross_track=0.00 frame_id=px4_ned path_points=0 odom_source=/mavros/local_position/odom cloud_source=none mavros_connected=true
[offboard_waypoint_node-1] [INFO] [1786266349.681684418] [offboard_waypoint_node]: [CONTROL_ARBITER] selected_source=safety_hold state=IDLE_HOLD
[offboard_waypoint_node-1] [INFO] [1786266349.981757746] [offboard_waypoint_node]: [HOLD_ERROR] position_error=0.024 velocity=0.002 state=IDLE_HOLD
[ego_planner_node-10] [FSM]: state: WAIT_TARGET
[ego_planner_node-10] wait for goal or trigger.
[super_planner_ros2_node-6] [INFO] [1786266350.587071426] [super_planner_ros2_node]: SUPER_ROS2 mode=IDLE enable_output=false reason=NO_GOAL odom=(-0.36,-0.66,0.23) goal=none tracking_setpoint_enu=(-0.36,-0.66,0.78) setpoint_ned=none yaw(desired/cmd/rate)=(0.00/0.00/0.00) cross_track=0.00 frame_id=px4_ned path_points=0 odom_source=/mavros/local_position/odom cloud_source=none mavros_connected=true
[offboard_waypoint_node-1] [INFO] [1786266350.681864539] [offboard_waypoint_node]: [CONTROL_ARBITER] selected_source=safety_hold state=IDLE_HOLD
[offboard_waypoint_node-1] [INFO] [1786266350.981825602] [offboard_waypoint_node]: [HOLD_ERROR] position_error=0.031 velocity=0.003 state=IDLE_HOLD
[ego_planner_node-10] [FSM]: state: WAIT_TARGET
[ego_planner_node-10] wait for goal or trigger.
[super_planner_ros2_node-6] [INFO] [1786266351.587120747] [super_planner_ros2_node]: SUPER_ROS2 mode=IDLE enable_output=false reason=NO_GOAL odom=(-0.36,-0.66,0.24) goal=none tracking_setpoint_enu=(-0.36,-0.66,0.78) setpoint_ned=none yaw(desired/cmd/rate)=(0.00/0.00/0.00) cross_track=0.00 frame_id=px4_ned path_points=0 odom_source=/mavros/local_position/odom cloud_source=none mavros_connected=true
[offboard_waypoint_node-1] [INFO] [1786266351.681873315] [offboard_waypoint_node]: [CONTROL_ARBITER] selected_source=safety_hold state=IDLE_HOLD
[offboard_waypoint_node-1] [INFO] [1786266351.981994095] [offboard_waypoint_node]: [HOLD_ERROR] position_error=0.037 velocity=0.003 state=IDLE_HOLD
[fastlio_bridge_node-2] [INFO] [1786266352.008437237] [fastlio_bridge_node]: 已桥接并转换里程计: ENU(0.01, 0.01, -0.03) -> NED(-0.01, 0.01, 0.03)
[fastlio_bridge_node-2] [INFO] [1786266352.069392782] [fastlio_bridge_node]: 已桥接并转换里程计: ENU(0.01, 0.00, -0.03) -> NED(-0.01, 0.00, 0.03)
[ego_planner_node-10] [FSM]: state: WAIT_TARGET
[ego_planner_node-10] wait for goal or trigger.
[super_planner_ros2_node-6] [INFO] [1786266352.587127055] [super_planner_ros2_node]: SUPER_ROS2 mode=IDLE enable_output=false reason=NO_GOAL odom=(-0.36,-0.66,0.25) goal=none tracking_setpoint_enu=(-0.36,-0.66,0.78) setpoint_ned=none yaw(desired/cmd/rate)=(0.00/0.00/0.00) cross_track=0.00 frame_id=px4_ned path_points=0 odom_source=/mavros/local_position/odom cloud_source=none mavros_connected=true
[offboard_waypoint_node-1] [INFO] [1786266352.682277703] [offboard_waypoint_node]: [CONTROL_ARBITER] selected_source=safety_hold state=IDLE_HOLD
[offboard_waypoint_node-1] [INFO] [1786266353.031897905] [offboard_waypoint_node]: [HOLD_ERROR] position_error=0.046 velocity=0.007 state=IDLE_HOLD
[ego_planner_node-10] [FSM]: state: WAIT_TARGET
[ego_planner_node-10] wait for goal or trigger.
[super_planner_ros2_node-6] [INFO] [1786266353.587180862] [super_planner_ros2_node]: SUPER_ROS2 mode=IDLE enable_output=false reason=NO_GOAL odom=(-0.36,-0.66,0.26) goal=none tracking_setpoint_enu=(-0.36,-0.66,0.78) setpoint_ned=none yaw(desired/cmd/rate)=(0.00/0.00/0.00) cross_track=0.00 frame_id=px4_ned path_points=0 odom_source=/mavros/local_position/odom cloud_source=none mavros_connected=true
[offboard_waypoint_node-1] [INFO] [1786266353.732021559] [offboard_waypoint_node]: [CONTROL_ARBITER] selected_source=safety_hold state=IDLE_HOLD
[offboard_waypoint_node-1] [INFO] [1786266354.032020049] [offboard_waypoint_node]: [HOLD_ERROR] position_error=0.057 velocity=0.006 state=IDLE_HOLD
[ego_planner_node-10] [FSM]: state: WAIT_TARGET
[ego_planner_node-10] wait for goal or trigger.
[super_planner_ros2_node-6] [INFO] [1786266354.637140562] [super_planner_ros2_node]: SUPER_ROS2 mode=IDLE enable_output=false reason=NO_GOAL odom=(-0.36,-0.66,0.27) goal=none tracking_setpoint_enu=(-0.36,-0.66,0.78) setpoint_ned=none yaw(desired/cmd/rate)=(0.00/0.00/0.00) cross_track=0.00 frame_id=px4_ned path_points=0 odom_source=/mavros/local_position/odom cloud_source=none mavros_connected=true
[offboard_waypoint_node-1] [INFO] [1786266354.781794473] [offboard_waypoint_node]: [CONTROL_ARBITER] selected_source=safety_hold state=IDLE_HOLD
[offboard_waypoint_node-1] [INFO] [1786266355.081807452] [offboard_waypoint_node]: [HOLD_ERROR] position_error=0.074 velocity=0.007 state=IDLE_HOLD
[ego_planner_node-10] [FSM]: state: WAIT_TARGET
[ego_planner_node-10] wait for goal or trigger.
[super_planner_ros2_node-6] [INFO] [1786266355.637243216] [super_planner_ros2_node]: SUPER_ROS2 mode=IDLE enable_output=false reason=NO_GOAL odom=(-0.36,-0.66,0.29) goal=none tracking_setpoint_enu=(-0.36,-0.66,0.78) setpoint_ned=none yaw(desired/cmd/rate)=(0.00/0.00/0.00) cross_track=0.00 frame_id=px4_ned path_points=0 odom_source=/mavros/local_position/odom cloud_source=none mavros_connected=true
[offboard_waypoint_node-1] [INFO] [1786266355.781877150] [offboard_waypoint_node]: [CONTROL_ARBITER] selected_source=safety_hold state=IDLE_HOLD
[offboard_waypoint_node-1] [INFO] [1786266356.081834213] [offboard_waypoint_node]: [HOLD_ERROR] position_error=0.089 velocity=0.002 state=IDLE_HOLD
[ego_planner_node-10] [FSM]: state: WAIT_TARGET
[ego_planner_node-10] wait for goal or trigger.
[mapping_manager_node-5] [INFO] [1786266356.621134392] [mapping_manager_node]: Mapping status: in_flight=false, map_loaded=false, map_saved=false
[super_planner_ros2_node-6] [INFO] [1786266356.687163054] [super_planner_ros2_node]: SUPER_ROS2 mode=IDLE enable_output=false reason=NO_GOAL odom=(-0.36,-0.66,0.30) goal=none tracking_setpoint_enu=(-0.36,-0.66,0.78) setpoint_ned=none yaw(desired/cmd/rate)=(0.00/0.00/0.00) cross_track=0.00 frame_id=px4_ned path_points=0 odom_source=/mavros/local_position/odom cloud_source=none mavros_connected=true
[offboard_waypoint_node-1] [INFO] [1786266356.781950008] [offboard_waypoint_node]: [CONTROL_ARBITER] selected_source=safety_hold state=IDLE_HOLD
[offboard_waypoint_node-1] [INFO] [1786266357.081986327] [offboard_waypoint_node]: [HOLD_ERROR] position_error=0.103 velocity=0.003 state=IDLE_HOLD
[ego_planner_node-10] [FSM]: state: WAIT_TARGET
[ego_planner_node-10] wait for goal or trigger.
[super_planner_ros2_node-6] [INFO] [1786266357.687298106] [super_planner_ros2_node]: SUPER_ROS2 mode=IDLE enable_output=false reason=NO_GOAL odom=(-0.36,-0.66,0.32) goal=none tracking_setpoint_enu=(-0.36,-0.66,0.78) setpoint_ned=none yaw(desired/cmd/rate)=(0.00/0.00/0.00) cross_track=0.00 frame_id=px4_ned path_points=0 odom_source=/mavros/local_position/odom cloud_source=none mavros_connected=true
[offboard_waypoint_node-1] [INFO] [1786266357.831912328] [offboard_waypoint_node]: [CONTROL_ARBITER] selected_source=safety_hold state=IDLE_HOLD
[offboard_waypoint_node-1] [INFO] [1786266358.131882901] [offboard_waypoint_node]: [HOLD_ERROR] position_error=0.120 velocity=0.005 state=IDLE_HOLD
[ego_planner_node-10] [FSM]: state: WAIT_TARGET
[ego_planner_node-10] wait for goal or trigger.
[super_planner_ros2_node-6] [INFO] [1786266358.737226798] [super_planner_ros2_node]: SUPER_ROS2 mode=IDLE enable_output=false reason=NO_GOAL odom=(-0.36,-0.66,0.33) goal=none tracking_setpoint_enu=(-0.36,-0.66,0.78) setpoint_ned=none yaw(desired/cmd/rate)=(0.00/0.00/0.00) cross_track=0.00 frame_id=px4_ned path_points=0 odom_source=/mavros/local_position/odom cloud_source=none mavros_connected=true
[offboard_waypoint_node-1] [INFO] [1786266358.881980416] [offboard_waypoint_node]: [CONTROL_ARBITER] selected_source=safety_hold state=IDLE_HOLD
[offboard_waypoint_node-1] [INFO] [1786266359.181884752] [offboard_waypoint_node]: [HOLD_ERROR] position_error=0.135 velocity=0.001 state=IDLE_HOLD
[ego_planner_node-10] [FSM]: state: WAIT_TARGET
[ego_planner_node-10] wait for goal or trigger.
[super_planner_ros2_node-6] [INFO] [1786266359.737250681] [super_planner_ros2_node]: SUPER_ROS2 mode=IDLE enable_output=false reason=NO_GOAL odom=(-0.36,-0.66,0.35) goal=none tracking_setpoint_enu=(-0.36,-0.66,0.78) setpoint_ned=none yaw(desired/cmd/rate)=(0.00/0.00/0.00) cross_track=0.00 frame_id=px4_ned path_points=0 odom_source=/mavros/local_position/odom cloud_source=none mavros_connected=true
[offboard_waypoint_node-1] [INFO] [1786266359.931953445] [offboard_waypoint_node]: [CONTROL_ARBITER] selected_source=safety_hold state=IDLE_HOLD
[fastlio_bridge_node-2] [INFO] [1786266360.019494002] [fastlio_bridge_node]: 已桥接并转换里程计: ENU(0.00, 0.00, -0.03) -> NED(-0.00, 0.00, 0.03)
[fastlio_bridge_node-2] [INFO] [1786266360.028079617] [fastlio_bridge_node]: 已桥接并转换里程计: ENU(0.00, -0.00, -0.03) -> NED(-0.00, -0.00, 0.03)
[fastlio_bridge_node-2] [INFO] [1786266360.039207022] [fastlio_bridge_node]: 已桥接并转换里程计: ENU(0.00, -0.00, -0.03) -> NED(-0.00, -0.00, 0.03)
[fastlio_bridge_node-2] [INFO] [1786266360.099318746] [fastlio_bridge_node]: 已桥接并转换里程计: ENU(0.00, -0.00, -0.04) -> NED(-0.00, -0.00, 0.04)
[offboard_waypoint_node-1] [INFO] [1786266360.181925786] [offboard_waypoint_node]: [HOLD_ERROR] position_error=0.149 velocity=0.006 state=IDLE_HOLD
[ego_planner_node-10] [FSM]: state: WAIT_TARGET
[ego_planner_node-10] wait for goal or trigger.
[super_planner_ros2_node-6] [INFO] [1786266360.737273129] [super_planner_ros2_node]: SUPER_ROS2 mode=IDLE enable_output=false reason=NO_GOAL odom=(-0.36,-0.66,0.36) goal=none tracking_setpoint_enu=(-0.36,-0.66,0.78) setpoint_ned=none yaw(desired/cmd/rate)=(0.00/0.00/0.00) cross_track=0.00 frame_id=px4_ned path_points=0 odom_source=/mavros/local_position/odom cloud_source=none mavros_connected=true
[offboard_waypoint_node-1] [INFO] [1786266360.981927958] [offboard_waypoint_node]: [CONTROL_ARBITER] selected_source=safety_hold state=IDLE_HOLD
[offboard_waypoint_node-1] [INFO] [1786266361.181929293] [offboard_waypoint_node]: [HOLD_ERROR] position_error=0.161 velocity=0.003 state=IDLE_HOLD
[ego_planner_node-10] [FSM]: state: WAIT_TARGET
[ego_planner_node-10] wait for goal or trigger.
[super_planner_ros2_node-6] [INFO] [1786266361.737290563] [super_planner_ros2_node]: SUPER_ROS2 mode=IDLE enable_output=false reason=NO_GOAL odom=(-0.36,-0.66,0.37) goal=none tracking_setpoint_enu=(-0.36,-0.66,0.78) setpoint_ned=none yaw(desired/cmd/rate)=(0.00/0.00/0.00) cross_track=0.00 frame_id=px4_ned path_points=0 odom_source=/mavros/local_position/odom cloud_source=none mavros_connected=true
[offboard_waypoint_node-1] [INFO] [1786266361.981932063] [offboard_waypoint_node]: [CONTROL_ARBITER] selected_source=safety_hold state=IDLE_HOLD
[offboard_waypoint_node-1] [INFO] [1786266362.181967783] [offboard_waypoint_node]: [HOLD_ERROR] position_error=0.173 velocity=0.002 state=IDLE_HOLD
[ego_planner_node-10] [FSM]: state: WAIT_TARGET
[ego_planner_node-10] wait for goal or trigger.
[super_planner_ros2_node-6] [INFO] [1786266362.737335773] [super_planner_ros2_node]: SUPER_ROS2 mode=IDLE enable_output=false reason=NO_GOAL odom=(-0.36,-0.66,0.38) goal=none tracking_setpoint_enu=(-0.36,-0.66,0.78) setpoint_ned=none yaw(desired/cmd/rate)=(0.00/0.00/0.00) cross_track=0.00 frame_id=px4_ned path_points=0 odom_source=/mavros/local_position/odom cloud_source=none mavros_connected=true
[offboard_waypoint_node-1] [INFO] [1786266362.981974255] [offboard_waypoint_node]: [CONTROL_ARBITER] selected_source=safety_hold state=IDLE_HOLD
[offboard_waypoint_node-1] [INFO] [1786266363.182000647] [offboard_waypoint_node]: [HOLD_ERROR] position_error=0.181 velocity=0.002 state=IDLE_HOLD
[ego_planner_node-10] [FSM]: state: WAIT_TARGET
[ego_planner_node-10] wait for goal or trigger.
[super_planner_ros2_node-6] [INFO] [1786266363.737384684] [super_planner_ros2_node]: SUPER_ROS2 mode=IDLE enable_output=false reason=NO_GOAL odom=(-0.36,-0.66,0.39) goal=none tracking_setpoint_enu=(-0.36,-0.66,0.78) setpoint_ned=none yaw(desired/cmd/rate)=(0.00/0.00/0.00) cross_track=0.00 frame_id=px4_ned path_points=0 odom_source=/mavros/local_position/odom cloud_source=none mavros_connected=true
[offboard_waypoint_node-1] [INFO] [1786266363.982028702] [offboard_waypoint_node]: [CONTROL_ARBITER] selected_source=safety_hold state=IDLE_HOLD
[fastlio_bridge_node-2] [INFO] [1786266364.018154420] [fastlio_bridge_node]: 已桥接并转换里程计: ENU(0.00, 0.00, -0.03) -> NED(-0.00, 0.00, 0.03)
[fastlio_bridge_node-2] [INFO] [1786266364.069533066] [fastlio_bridge_node]: 已桥接并转换里程计: ENU(0.00, 0.00, -0.03) -> NED(-0.00, 0.00, 0.03)
[offboard_waypoint_node-1] [INFO] [1786266364.182019901] [offboard_waypoint_node]: [HOLD_ERROR] position_error=0.188 velocity=0.003 state=IDLE_HOLD
[ego_planner_node-10] [FSM]: state: WAIT_TARGET
[ego_planner_node-10] wait for goal or trigger.
[super_planner_ros2_node-6] [INFO] [1786266364.787377617] [super_planner_ros2_node]: SUPER_ROS2 mode=IDLE enable_output=false reason=NO_GOAL odom=(-0.36,-0.66,0.40) goal=none tracking_setpoint_enu=(-0.36,-0.66,0.78) setpoint_ned=none yaw(desired/cmd/rate)=(0.00/0.00/0.00) cross_track=0.00 frame_id=px4_ned path_points=0 odom_source=/mavros/local_position/odom cloud_source=none mavros_connected=true
[offboard_waypoint_node-1] [INFO] [1786266365.032023976] [offboard_waypoint_node]: [CONTROL_ARBITER] selected_source=safety_hold state=IDLE_HOLD
[offboard_waypoint_node-1] [INFO] [1786266365.182025943] [offboard_waypoint_node]: [HOLD_ERROR] position_error=0.194 velocity=0.006 state=IDLE_HOLD
[ego_planner_node-10] [FSM]: state: WAIT_TARGET
[ego_planner_node-10] wait for goal or trigger.
[super_planner_ros2_node-6] [INFO] [1786266365.837406086] [super_planner_ros2_node]: SUPER_ROS2 mode=IDLE enable_output=false reason=NO_GOAL odom=(-0.36,-0.66,0.40) goal=none tracking_setpoint_enu=(-0.36,-0.66,0.78) setpoint_ned=none yaw(desired/cmd/rate)=(0.00/0.00/0.00) cross_track=0.00 frame_id=px4_ned path_points=0 odom_source=/mavros/local_position/odom cloud_source=none mavros_connected=true
[offboard_waypoint_node-1] [INFO] [1786266366.032030885] [offboard_waypoint_node]: [CONTROL_ARBITER] selected_source=safety_hold state=IDLE_HOLD
[offboard_waypoint_node-1] [INFO] [1786266366.232336830] [offboard_waypoint_node]: [HOLD_ERROR] position_error=0.200 velocity=0.008 state=IDLE_HOLD
[ego_planner_node-10] [FSM]: state: WAIT_TARGET
[ego_planner_node-10] wait for goal or trigger.
[super_planner_ros2_node-6] [INFO] [1786266366.887363427] [super_planner_ros2_node]: SUPER_ROS2 mode=IDLE enable_output=false reason=NO_GOAL odom=(-0.36,-0.66,0.41) goal=none tracking_setpoint_enu=(-0.36,-0.66,0.78) setpoint_ned=none yaw(desired/cmd/rate)=(0.00/0.00/0.00) cross_track=0.00 frame_id=px4_ned path_points=0 odom_source=/mavros/local_position/odom cloud_source=none mavros_connected=true
[offboard_waypoint_node-1] [INFO] [1786266367.032096675] [offboard_waypoint_node]: [CONTROL_ARBITER] selected_source=safety_hold state=IDLE_HOLD
[offboard_waypoint_node-1] [INFO] [1786266367.282020377] [offboard_waypoint_node]: [HOLD_ERROR] position_error=0.207 velocity=0.003 state=IDLE_HOLD
[ego_planner_node-10] [FSM]: state: WAIT_TARGET
[ego_planner_node-10] wait for goal or trigger.
[super_planner_ros2_node-6] [INFO] [1786266367.887448809] [super_planner_ros2_node]: SUPER_ROS2 mode=IDLE enable_output=false reason=NO_GOAL odom=(-0.36,-0.66,0.42) goal=none tracking_setpoint_enu=(-0.36,-0.66,0.78) setpoint_ned=none yaw(desired/cmd/rate)=(0.00/0.00/0.00) cross_track=0.00 frame_id=px4_ned path_points=0 odom_source=/mavros/local_position/odom cloud_source=none mavros_connected=true
[offboard_waypoint_node-1] [INFO] [1786266368.082079688] [offboard_waypoint_node]: [CONTROL_ARBITER] selected_source=safety_hold state=IDLE_HOLD
[fastlio_bridge_node-2] [INFO] [1786266368.088192785] [fastlio_bridge_node]: 已桥接并转换里程计: ENU(0.00, 0.01, -0.03) -> NED(-0.00, 0.01, 0.03)
[fastlio_bridge_node-2] [INFO] [1786266368.098553685] [fastlio_bridge_node]: 已桥接并转换里程计: ENU(0.00, 0.01, -0.03) -> NED(-0.00, 0.01, 0.03)
[offboard_waypoint_node-1] [INFO] [1786266368.282851912] [offboard_waypoint_node]: [HOLD_ERROR] position_error=0.216 velocity=0.004 state=IDLE_HOLD
[ego_planner_node-10] [FSM]: state: WAIT_TARGET
[ego_planner_node-10] wait for goal or trigger.
[super_planner_ros2_node-6] [INFO] [1786266368.887538484] [super_planner_ros2_node]: SUPER_ROS2 mode=IDLE enable_output=false reason=NO_GOAL odom=(-0.36,-0.65,0.43) goal=none tracking_setpoint_enu=(-0.36,-0.65,0.78) setpoint_ned=none yaw(desired/cmd/rate)=(0.00/0.00/0.00) cross_track=0.00 frame_id=px4_ned path_points=0 odom_source=/mavros/local_position/odom cloud_source=none mavros_connected=true
[offboard_waypoint_node-1] [INFO] [1786266369.132101877] [offboard_waypoint_node]: [CONTROL_ARBITER] selected_source=safety_hold state=IDLE_HOLD
[offboard_waypoint_node-1] [INFO] [1786266369.332091378] [offboard_waypoint_node]: [HOLD_ERROR] position_error=0.230 velocity=0.004 state=IDLE_HOLD
[ego_planner_node-10] [FSM]: state: WAIT_TARGET
[ego_planner_node-10] wait for goal or trigger.
[super_planner_ros2_node-6] [INFO] [1786266369.937435145] [super_planner_ros2_node]: SUPER_ROS2 mode=IDLE enable_output=false reason=NO_GOAL odom=(-0.36,-0.66,0.44) goal=none tracking_setpoint_enu=(-0.36,-0.66,0.78) setpoint_ned=none yaw(desired/cmd/rate)=(0.00/0.00/0.00) cross_track=0.00 frame_id=px4_ned path_points=0 odom_source=/mavros/local_position/odom cloud_source=none mavros_connected=true
[offboard_waypoint_node-1] [INFO] [1786266370.132132802] [offboard_waypoint_node]: [CONTROL_ARBITER] selected_source=safety_hold state=IDLE_HOLD
[offboard_waypoint_node-1] [INFO] [1786266370.332165234] [offboard_waypoint_node]: [HOLD_ERROR] position_error=0.243 velocity=0.001 state=IDLE_HOLD
[ego_planner_node-10] [FSM]: state: WAIT_TARGET
[ego_planner_node-10] wait for goal or trigger.
[super_planner_ros2_node-6] [INFO] [1786266370.937457452] [super_planner_ros2_node]: SUPER_ROS2 mode=IDLE enable_output=false reason=NO_GOAL odom=(-0.36,-0.66,0.46) goal=none tracking_setpoint_enu=(-0.36,-0.66,0.78) setpoint_ned=none yaw(desired/cmd/rate)=(0.00/0.00/0.00) cross_track=0.00 frame_id=px4_ned path_points=0 odom_source=/mavros/local_position/odom cloud_source=none mavros_connected=true
[offboard_waypoint_node-1] [INFO] [1786266371.132162762] [offboard_waypoint_node]: [CONTROL_ARBITER] selected_source=safety_hold state=IDLE_HOLD
[offboard_waypoint_node-1] [INFO] [1786266371.382107779] [offboard_waypoint_node]: [HOLD_ERROR] position_error=0.256 velocity=0.002 state=IDLE_HOLD
[ego_planner_node-10] [FSM]: state: WAIT_TARGET
[ego_planner_node-10] wait for goal or trigger.
[super_planner_ros2_node-6] [INFO] [1786266371.987495841] [super_planner_ros2_node]: SUPER_ROS2 mode=IDLE enable_output=false reason=NO_GOAL odom=(-0.36,-0.66,0.47) goal=none tracking_setpoint_enu=(-0.36,-0.66,0.78) setpoint_ned=none yaw(desired/cmd/rate)=(0.00/0.00/0.00) cross_track=0.00 frame_id=px4_ned path_points=0 odom_source=/mavros/local_position/odom cloud_source=none mavros_connected=true
[offboard_waypoint_node-1] [INFO] [1786266372.182153549] [offboard_waypoint_node]: [CONTROL_ARBITER] selected_source=safety_hold state=IDLE_HOLD
[offboard_waypoint_node-1] [INFO] [1786266372.382181434] [offboard_waypoint_node]: [HOLD_ERROR] position_error=0.266 velocity=0.002 state=IDLE_HOLD
[ego_planner_node-10] [FSM]: state: WAIT_TARGET
[ego_planner_node-10] wait for goal or trigger.
[super_planner_ros2_node-6] [INFO] [1786266372.987510288] [super_planner_ros2_node]: SUPER_ROS2 mode=IDLE enable_output=false reason=NO_GOAL odom=(-0.36,-0.66,0.48) goal=none tracking_setpoint_enu=(-0.36,-0.66,0.78) setpoint_ned=none yaw(desired/cmd/rate)=(0.00/0.00/0.00) cross_track=0.00 frame_id=px4_ned path_points=0 odom_source=/mavros/local_position/odom cloud_source=none mavros_connected=true
[offboard_waypoint_node-1] [INFO] [1786266373.182229116] [offboard_waypoint_node]: [CONTROL_ARBITER] selected_source=safety_hold state=IDLE_HOLD
[offboard_waypoint_node-1] [INFO] [1786266373.432186490] [offboard_waypoint_node]: [HOLD_ERROR] position_error=0.275 velocity=0.006 state=IDLE_HOLD
[ego_planner_node-10] [FSM]: state: WAIT_TARGET
[ego_planner_node-10] wait for goal or trigger.
[super_planner_ros2_node-6] [INFO] [1786266374.037529536] [super_planner_ros2_node]: SUPER_ROS2 mode=IDLE enable_output=false reason=NO_GOAL odom=(-0.36,-0.66,0.48) goal=none tracking_setpoint_enu=(-0.36,-0.66,0.78) setpoint_ned=none yaw(desired/cmd/rate)=(0.00/0.00/0.00) cross_track=0.00 frame_id=px4_ned path_points=0 odom_source=/mavros/local_position/odom cloud_source=none mavros_connected=true
[fastlio_bridge_node-2] [INFO] [1786266374.098902630] [fastlio_bridge_node]: 已桥接并转换里程计: ENU(0.00, 0.00, -0.03) -> NED(-0.00, 0.00, 0.03)
[offboard_waypoint_node-1] [INFO] [1786266374.182251943] [offboard_waypoint_node]: [CONTROL_ARBITER] selected_source=safety_hold state=IDLE_HOLD
[offboard_waypoint_node-1] [INFO] [1786266374.432200927] [offboard_waypoint_node]: [HOLD_ERROR] position_error=0.281 velocity=0.008 state=IDLE_HOLD
[ego_planner_node-10] [FSM]: state: WAIT_TARGET
[ego_planner_node-10] wait for goal or trigger.
[super_planner_ros2_node-6] [INFO] [1786266375.037608951] [super_planner_ros2_node]: SUPER_ROS2 mode=IDLE enable_output=false reason=NO_GOAL odom=(-0.36,-0.66,0.49) goal=none tracking_setpoint_enu=(-0.36,-0.66,0.78) setpoint_ned=none yaw(desired/cmd/rate)=(0.00/0.00/0.00) cross_track=0.00 frame_id=px4_ned path_points=0 odom_source=/mavros/local_position/odom cloud_source=none mavros_connected=true
[offboard_waypoint_node-1] [INFO] [1786266375.232227301] [offboard_waypoint_node]: [CONTROL_ARBITER] selected_source=safety_hold state=IDLE_HOLD
[offboard_waypoint_node-1] [INFO] [1786266375.482186022] [offboard_waypoint_node]: [HOLD_ERROR] position_error=0.288 velocity=0.004 state=IDLE_HOLD
[ego_planner_node-10] [FSM]: state: WAIT_TARGET
[ego_planner_node-10] wait for goal or trigger.
[fastlio_bridge_node-2] [INFO] [1786266376.007570181] [fastlio_bridge_node]: 已桥接并转换里程计: ENU(0.01, 0.00, -0.03) -> NED(-0.01, 0.00, 0.03)
[fastlio_bridge_node-2] [INFO] [1786266376.018909236] [fastlio_bridge_node]: 已桥接并转换里程计: ENU(0.01, 0.00, -0.03) -> NED(-0.01, 0.00, 0.03)
[fastlio_bridge_node-2] [INFO] [1786266376.028583769] [fastlio_bridge_node]: 已桥接并转换里程计: ENU(0.01, 0.00, -0.03) -> NED(-0.01, 0.00, 0.03)
[super_planner_ros2_node-6] [INFO] [1786266376.037695134] [super_planner_ros2_node]: SUPER_ROS2 mode=IDLE enable_output=false reason=NO_GOAL odom=(-0.36,-0.66,0.50) goal=none tracking_setpoint_enu=(-0.36,-0.66,0.78) setpoint_ned=none yaw(desired/cmd/rate)=(0.00/0.00/0.00) cross_track=0.00 frame_id=px4_ned path_points=0 odom_source=/mavros/local_position/odom cloud_source=none mavros_connected=true
[offboard_waypoint_node-1] [INFO] [1786266376.282242538] [offboard_waypoint_node]: [CONTROL_ARBITER] selected_source=safety_hold state=IDLE_HOLD
[offboard_waypoint_node-1] [INFO] [1786266376.482327106] [offboard_waypoint_node]: [HOLD_ERROR] position_error=0.293 velocity=0.003 state=IDLE_HOLD
[ego_planner_node-10] [FSM]: state: WAIT_TARGET
[ego_planner_node-10] wait for goal or trigger.
[super_planner_ros2_node-6] [INFO] [1786266377.087616912] [super_planner_ros2_node]: SUPER_ROS2 mode=IDLE enable_output=false reason=NO_GOAL odom=(-0.36,-0.66,0.50) goal=none tracking_setpoint_enu=(-0.36,-0.66,0.78) setpoint_ned=none yaw(desired/cmd/rate)=(0.00/0.00/0.00) cross_track=0.00 frame_id=px4_ned path_points=0 odom_source=/mavros/local_position/odom cloud_source=none mavros_connected=true
[offboard_waypoint_node-1] [INFO] [1786266377.282272473] [offboard_waypoint_node]: [CONTROL_ARBITER] selected_source=safety_hold state=IDLE_HOLD
[offboard_waypoint_node-1] [INFO] [1786266377.483000252] [offboard_waypoint_node]: [HOLD_ERROR] position_error=0.298 velocity=0.006 state=IDLE_HOLD
[ego_planner_node-10] [FSM]: state: WAIT_TARGET
[ego_planner_node-10] wait for goal or trigger.
[super_planner_ros2_node-6] [INFO] [1786266378.087616907] [super_planner_ros2_node]: SUPER_ROS2 mode=IDLE enable_output=false reason=NO_GOAL odom=(-0.36,-0.66,0.51) goal=none tracking_setpoint_enu=(-0.36,-0.66,0.78) setpoint_ned=none yaw(desired/cmd/rate)=(0.00/0.00/0.00) cross_track=0.00 frame_id=px4_ned path_points=0 odom_source=/mavros/local_position/odom cloud_source=none mavros_connected=true
[fastlio_bridge_node-2] [INFO] [1786266378.099877442] [fastlio_bridge_node]: 已桥接并转换里程计: ENU(0.00, 0.00, -0.03) -> NED(-0.00, 0.00, 0.03)
[offboard_waypoint_node-1] [INFO] [1786266378.282600517] [offboard_waypoint_node]: [CONTROL_ARBITER] selected_source=safety_hold state=IDLE_HOLD
[offboard_waypoint_node-1] [INFO] [1786266378.532322497] [offboard_waypoint_node]: [HOLD_ERROR] position_error=0.303 velocity=0.003 state=IDLE_HOLD
[ego_planner_node-10] [FSM]: state: WAIT_TARGET
[ego_planner_node-10] wait for goal or trigger.
[super_planner_ros2_node-6] [INFO] [1786266379.137635128] [super_planner_ros2_node]: SUPER_ROS2 mode=IDLE enable_output=false reason=NO_GOAL odom=(-0.36,-0.66,0.51) goal=none tracking_setpoint_enu=(-0.36,-0.66,0.78) setpoint_ned=none yaw(desired/cmd/rate)=(0.00/0.00/0.00) cross_track=0.00 frame_id=px4_ned path_points=0 odom_source=/mavros/local_position/odom cloud_source=none mavros_connected=true
[offboard_waypoint_node-1] [INFO] [1786266379.332380471] [offboard_waypoint_node]: [CONTROL_ARBITER] selected_source=safety_hold state=IDLE_HOLD
[offboard_waypoint_node-1] [INFO] [1786266379.582284589] [offboard_waypoint_node]: [HOLD_ERROR] position_error=0.305 velocity=0.008 state=IDLE_HOLD
[ego_planner_node-10] [FSM]: state: WAIT_TARGET
[ego_planner_node-10] wait for goal or trigger.
[super_planner_ros2_node-6] [INFO] [1786266380.137640614] [super_planner_ros2_node]: SUPER_ROS2 mode=IDLE enable_output=false reason=NO_GOAL odom=(-0.36,-0.65,0.51) goal=none tracking_setpoint_enu=(-0.36,-0.65,0.78) setpoint_ned=none yaw(desired/cmd/rate)=(0.00/0.00/0.00) cross_track=0.00 frame_id=px4_ned path_points=0 odom_source=/mavros/local_position/odom cloud_source=none mavros_connected=true
[offboard_waypoint_node-1] [INFO] [1786266380.382326911] [offboard_waypoint_node]: [CONTROL_ARBITER] selected_source=safety_hold state=IDLE_HOLD
[offboard_waypoint_node-1] [INFO] [1786266380.582310636] [offboard_waypoint_node]: [HOLD_ERROR] position_error=0.305 velocity=0.003 state=IDLE_HOLD
[ego_planner_node-10] [FSM]: state: WAIT_TARGET
[ego_planner_node-10] wait for goal or trigger.
[super_planner_ros2_node-6] [INFO] [1786266381.137755064] [super_planner_ros2_node]: SUPER_ROS2 mode=IDLE enable_output=false reason=NO_GOAL odom=(-0.36,-0.66,0.51) goal=none tracking_setpoint_enu=(-0.36,-0.66,0.78) setpoint_ned=none yaw(desired/cmd/rate)=(0.00/0.00/0.00) cross_track=0.00 frame_id=px4_ned path_points=0 odom_source=/mavros/local_position/odom cloud_source=none mavros_connected=true
[offboard_waypoint_node-1] [INFO] [1786266381.432324764] [offboard_waypoint_node]: [CONTROL_ARBITER] selected_source=safety_hold state=IDLE_HOLD
[offboard_waypoint_node-1] [INFO] [1786266381.582320879] [offboard_waypoint_node]: [HOLD_ERROR] position_error=0.306 velocity=0.000 state=IDLE_HOLD
[ego_planner_node-10] [FSM]: state: WAIT_TARGET
[ego_planner_node-10] wait for goal or trigger.
[fastlio_bridge_node-2] [INFO] [1786266382.078396678] [fastlio_bridge_node]: 已桥接并转换里程计: ENU(0.01, 0.01, -0.03) -> NED(-0.01, 0.01, 0.03)
[super_planner_ros2_node-6] [INFO] [1786266382.137847570] [super_planner_ros2_node]: SUPER_ROS2 mode=IDLE enable_output=false reason=NO_GOAL odom=(-0.36,-0.66,0.51) goal=none tracking_setpoint_enu=(-0.36,-0.66,0.78) setpoint_ned=none yaw(desired/cmd/rate)=(0.00/0.00/0.00) cross_track=0.00 frame_id=px4_ned path_points=0 odom_source=/mavros/local_position/odom cloud_source=none mavros_connected=true
[offboard_waypoint_node-1] [INFO] [1786266382.432361998] [offboard_waypoint_node]: [CONTROL_ARBITER] selected_source=safety_hold state=IDLE_HOLD
[offboard_waypoint_node-1] [INFO] [1786266382.582349957] [offboard_waypoint_node]: [HOLD_ERROR] position_error=0.305 velocity=0.006 state=IDLE_HOLD
[ego_planner_node-10] [FSM]: state: WAIT_TARGET
[ego_planner_node-10] wait for goal or trigger.
[super_planner_ros2_node-6] [INFO] [1786266383.187702401] [super_planner_ros2_node]: SUPER_ROS2 mode=IDLE enable_output=false reason=NO_GOAL odom=(-0.36,-0.66,0.51) goal=none tracking_setpoint_enu=(-0.36,-0.66,0.78) setpoint_ned=none yaw(desired/cmd/rate)=(0.00/0.00/0.00) cross_track=0.00 frame_id=px4_ned path_points=0 odom_source=/mavros/local_position/odom cloud_source=none mavros_connected=true
[offboard_waypoint_node-1] [INFO] [1786266383.432363716] [offboard_waypoint_node]: [CONTROL_ARBITER] selected_source=safety_hold state=IDLE_HOLD
[offboard_waypoint_node-1] [INFO] [1786266383.582383421] [offboard_waypoint_node]: [HOLD_ERROR] position_error=0.302 velocity=0.008 state=IDLE_HOLD
[ego_planner_node-10] [FSM]: state: WAIT_TARGET
[ego_planner_node-10] wait for goal or trigger.
[fastlio_bridge_node-2] [INFO] [1786266384.007780827] [fastlio_bridge_node]: 已桥接并转换里程计: ENU(0.00, 0.01, -0.03) -> NED(-0.00, 0.01, 0.03)
[fastlio_bridge_node-2] [INFO] [1786266384.017824357] [fastlio_bridge_node]: 已桥接并转换里程计: ENU(0.00, 0.01, -0.03) -> NED(-0.00, 0.01, 0.03)
[fastlio_bridge_node-2] [INFO] [1786266384.028555629] [fastlio_bridge_node]: 已桥接并转换里程计: ENU(0.00, 0.01, -0.03) -> NED(-0.00, 0.01, 0.03)
[fastlio_bridge_node-2] [INFO] [1786266384.038621088] [fastlio_bridge_node]: 已桥接并转换里程计: ENU(0.00, 0.01, -0.03) -> NED(-0.00, 0.01, 0.03)
[super_planner_ros2_node-6] [INFO] [1786266384.187733994] [super_planner_ros2_node]: SUPER_ROS2 mode=IDLE enable_output=false reason=NO_GOAL odom=(-0.36,-0.66,0.51) goal=none tracking_setpoint_enu=(-0.36,-0.66,0.78) setpoint_ned=none yaw(desired/cmd/rate)=(0.00/0.00/0.00) cross_track=0.00 frame_id=px4_ned path_points=0 odom_source=/mavros/local_position/odom cloud_source=none mavros_connected=true
[offboard_waypoint_node-1] [INFO] [1786266384.432394205] [offboard_waypoint_node]: [CONTROL_ARBITER] selected_source=safety_hold state=IDLE_HOLD
[offboard_waypoint_node-1] [INFO] [1786266384.582401730] [offboard_waypoint_node]: [HOLD_ERROR] position_error=0.299 velocity=0.003 state=IDLE_HOLD
[ego_planner_node-10] [FSM]: state: WAIT_TARGET
[ego_planner_node-10] wait for goal or trigger.
[super_planner_ros2_node-6] [INFO] [1786266385.187823541] [super_planner_ros2_node]: SUPER_ROS2 mode=IDLE enable_output=false reason=NO_GOAL odom=(-0.36,-0.66,0.50) goal=none tracking_setpoint_enu=(-0.36,-0.66,0.78) setpoint_ned=none yaw(desired/cmd/rate)=(0.00/0.00/0.00) cross_track=0.00 frame_id=px4_ned path_points=0 odom_source=/mavros/local_position/odom cloud_source=none mavros_connected=true
[offboard_waypoint_node-1] [INFO] [1786266385.432501475] [offboard_waypoint_node]: [CONTROL_ARBITER] selected_source=safety_hold state=IDLE_HOLD
[offboard_waypoint_node-1] [INFO] [1786266385.582476771] [offboard_waypoint_node]: [HOLD_ERROR] position_error=0.294 velocity=0.002 state=IDLE_HOLD
[ego_planner_node-10] [FSM]: state: WAIT_TARGET
[ego_planner_node-10] wait for goal or trigger.
[fastlio_bridge_node-2] [INFO] [1786266386.038787040] [fastlio_bridge_node]: 已桥接并转换里程计: ENU(0.00, 0.01, -0.04) -> NED(-0.00, 0.01, 0.04)
[super_planner_ros2_node-6] [INFO] [1786266386.237927961] [super_planner_ros2_node]: SUPER_ROS2 mode=IDLE enable_output=false reason=NO_GOAL odom=(-0.36,-0.66,0.50) goal=none tracking_setpoint_enu=(-0.36,-0.66,0.78) setpoint_ned=none yaw(desired/cmd/rate)=(0.00/0.00/0.00) cross_track=0.00 frame_id=px4_ned path_points=0 odom_source=/mavros/local_position/odom cloud_source=none mavros_connected=true
[offboard_waypoint_node-1] [INFO] [1786266386.432503362] [offboard_waypoint_node]: [CONTROL_ARBITER] selected_source=safety_hold state=IDLE_HOLD
[mapping_manager_node-5] [INFO] [1786266386.621601534] [mapping_manager_node]: Mapping status: in_flight=false, map_loaded=false, map_saved=false
[offboard_waypoint_node-1] [INFO] [1786266386.632534109] [offboard_waypoint_node]: [HOLD_ERROR] position_error=0.293 velocity=0.003 state=IDLE_HOLD
[ego_planner_node-10] [FSM]: state: WAIT_TARGET
[ego_planner_node-10] wait for goal or trigger.
[super_planner_ros2_node-6] [INFO] [1786266387.287765610] [super_planner_ros2_node]: SUPER_ROS2 mode=IDLE enable_output=false reason=NO_GOAL odom=(-0.36,-0.66,0.50) goal=none tracking_setpoint_enu=(-0.36,-0.66,0.78) setpoint_ned=none yaw(desired/cmd/rate)=(0.00/0.00/0.00) cross_track=0.00 frame_id=px4_ned path_points=0 odom_source=/mavros/local_position/odom cloud_source=none mavros_connected=true
[offboard_waypoint_node-1] [INFO] [1786266387.432722609] [offboard_waypoint_node]: [CONTROL_ARBITER] selected_source=safety_hold state=IDLE_HOLD
[offboard_waypoint_node-1] [INFO] [1786266387.682450476] [offboard_waypoint_node]: [HOLD_ERROR] position_error=0.290 velocity=0.005 state=IDLE_HOLD
[ego_planner_node-10] [FSM]: state: WAIT_TARGET
[ego_planner_node-10] wait for goal or trigger.
[fastlio_bridge_node-2] [INFO] [1786266388.089277190] [fastlio_bridge_node]: 已桥接并转换里程计: ENU(0.00, 0.01, -0.03) -> NED(-0.00, 0.01, 0.03)
[super_planner_ros2_node-6] [INFO] [1786266388.287784960] [super_planner_ros2_node]: SUPER_ROS2 mode=IDLE enable_output=false reason=NO_GOAL odom=(-0.36,-0.66,0.50) goal=none tracking_setpoint_enu=(-0.36,-0.66,0.78) setpoint_ned=none yaw(desired/cmd/rate)=(0.00/0.00/0.00) cross_track=0.00 frame_id=px4_ned path_points=0 odom_source=/mavros/local_position/odom cloud_source=none mavros_connected=true
[offboard_waypoint_node-1] [INFO] [1786266388.482480349] [offboard_waypoint_node]: [CONTROL_ARBITER] selected_source=safety_hold state=IDLE_HOLD
[offboard_waypoint_node-1] [INFO] [1786266388.682471078] [offboard_waypoint_node]: [HOLD_ERROR] position_error=0.290 velocity=0.004 state=IDLE_HOLD
[ego_planner_node-10] [FSM]: state: WAIT_TARGET
[ego_planner_node-10] wait for goal or trigger.
[super_planner_ros2_node-6] [INFO] [1786266389.287837369] [super_planner_ros2_node]: SUPER_ROS2 mode=IDLE enable_output=false reason=NO_GOAL odom=(-0.36,-0.66,0.50) goal=none tracking_setpoint_enu=(-0.36,-0.66,0.78) setpoint_ned=none yaw(desired/cmd/rate)=(0.00/0.00/0.00) cross_track=0.00 frame_id=px4_ned path_points=0 odom_source=/mavros/local_position/odom cloud_source=none mavros_connected=true
[offboard_waypoint_node-1] [INFO] [1786266389.532545054] [offboard_waypoint_node]: [CONTROL_ARBITER] selected_source=safety_hold state=IDLE_HOLD
[offboard_waypoint_node-1] [INFO] [1786266389.732556619] [offboard_waypoint_node]: [HOLD_ERROR] position_error=0.290 velocity=0.002 state=IDLE_HOLD
[ego_planner_node-10] [FSM]: state: WAIT_TARGET
[ego_planner_node-10] wait for goal or trigger.
[super_planner_ros2_node-6] [INFO] [1786266390.287844606] [super_planner_ros2_node]: SUPER_ROS2 mode=IDLE enable_output=false reason=NO_GOAL odom=(-0.36,-0.66,0.50) goal=none tracking_setpoint_enu=(-0.36,-0.66,0.78) setpoint_ned=none yaw(desired/cmd/rate)=(0.00/0.00/0.00) cross_track=0.00 frame_id=px4_ned path_points=0 odom_source=/mavros/local_position/odom cloud_source=none mavros_connected=true
[offboard_waypoint_node-1] [INFO] [1786266390.582537188] [offboard_waypoint_node]: [CONTROL_ARBITER] selected_source=safety_hold state=IDLE_HOLD
[offboard_waypoint_node-1] [INFO] [1786266390.782504923] [offboard_waypoint_node]: [HOLD_ERROR] position_error=0.289 velocity=0.005 state=IDLE_HOLD
[ego_planner_node-10] [FSM]: state: WAIT_TARGET
[ego_planner_node-10] wait for goal or trigger.
[super_planner_ros2_node-6] [INFO] [1786266391.287859887] [super_planner_ros2_node]: SUPER_ROS2 mode=IDLE enable_output=false reason=NO_GOAL odom=(-0.36,-0.66,0.49) goal=none tracking_setpoint_enu=(-0.36,-0.66,0.78) setpoint_ned=none yaw(desired/cmd/rate)=(0.00/0.00/0.00) cross_track=0.00 frame_id=px4_ned path_points=0 odom_source=/mavros/local_position/odom cloud_source=none mavros_connected=true
[offboard_waypoint_node-1] [INFO] [1786266391.582605170] [offboard_waypoint_node]: [CONTROL_ARBITER] selected_source=safety_hold state=IDLE_HOLD
[offboard_waypoint_node-1] [INFO] [1786266391.782525347] [offboard_waypoint_node]: [HOLD_ERROR] position_error=0.290 velocity=0.005 state=IDLE_HOLD
[ego_planner_node-10] [FSM]: state: WAIT_TARGET
[ego_planner_node-10] wait for goal or trigger.
[super_planner_ros2_node-6] [INFO] [1786266392.287898366] [super_planner_ros2_node]: SUPER_ROS2 mode=IDLE enable_output=false reason=NO_GOAL odom=(-0.36,-0.66,0.50) goal=none tracking_setpoint_enu=(-0.36,-0.66,0.78) setpoint_ned=none yaw(desired/cmd/rate)=(0.00/0.00/0.00) cross_track=0.00 frame_id=px4_ned path_points=0 odom_source=/mavros/local_position/odom cloud_source=none mavros_connected=true
[offboard_waypoint_node-1] [INFO] [1786266392.632617017] [offboard_waypoint_node]: [CONTROL_ARBITER] selected_source=safety_hold state=IDLE_HOLD
[offboard_waypoint_node-1] [INFO] [1786266392.782576500] [offboard_waypoint_node]: [HOLD_ERROR] position_error=0.290 velocity=0.005 state=IDLE_HOLD
[ego_planner_node-10] [FSM]: state: WAIT_TARGET
[ego_planner_node-10] wait for goal or trigger.
[super_planner_ros2_node-6] [INFO] [1786266393.287901971] [super_planner_ros2_node]: SUPER_ROS2 mode=IDLE enable_output=false reason=NO_GOAL odom=(-0.36,-0.66,0.50) goal=none tracking_setpoint_enu=(-0.36,-0.66,0.78) setpoint_ned=none yaw(desired/cmd/rate)=(0.00/0.00/0.00) cross_track=0.00 frame_id=px4_ned path_points=0 odom_source=/mavros/local_position/odom cloud_source=none mavros_connected=true
[offboard_waypoint_node-1] [INFO] [1786266393.677218478] [offboard_waypoint_node]: [CONTROL_ARBITER] selected_source=safety_hold state=IDLE_HOLD
[offboard_waypoint_node-1] [INFO] [1786266393.782581071] [offboard_waypoint_node]: [HOLD_ERROR] position_error=0.293 velocity=0.006 state=IDLE_HOLD
[ego_planner_node-10] [FSM]: state: WAIT_TARGET
[ego_planner_node-10] wait for goal or trigger.
[fastlio_bridge_node-2] [INFO] [1786266394.070565058] [fastlio_bridge_node]: 已桥接并转换里程计: ENU(0.00, 0.01, -0.04) -> NED(-0.00, 0.01, 0.04)
[fastlio_bridge_node-2] [INFO] [1786266394.079386405] [fastlio_bridge_node]: 已桥接并转换里程计: ENU(0.00, 0.01, -0.04) -> NED(-0.00, 0.01, 0.04)
[super_planner_ros2_node-6] [INFO] [1786266394.287919038] [super_planner_ros2_node]: SUPER_ROS2 mode=IDLE enable_output=false reason=NO_GOAL odom=(-0.36,-0.66,0.50) goal=none tracking_setpoint_enu=(-0.36,-0.66,0.78) setpoint_ned=none yaw(desired/cmd/rate)=(0.00/0.00/0.00) cross_track=0.00 frame_id=px4_ned path_points=0 odom_source=/mavros/local_position/odom cloud_source=none mavros_connected=true
[offboard_waypoint_node-1] [INFO] [1786266394.682603973] [offboard_waypoint_node]: [CONTROL_ARBITER] selected_source=safety_hold state=IDLE_HOLD
[offboard_waypoint_node-1] [INFO] [1786266394.782612844] [offboard_waypoint_node]: [HOLD_ERROR] position_error=0.295 velocity=0.003 state=IDLE_HOLD
[ego_planner_node-10] [FSM]: state: WAIT_TARGET
[ego_planner_node-10] wait for goal or trigger.
[super_planner_ros2_node-6] [INFO] [1786266395.337962986] [super_planner_ros2_node]: SUPER_ROS2 mode=IDLE enable_output=false reason=NO_GOAL odom=(-0.36,-0.66,0.50) goal=none tracking_setpoint_enu=(-0.36,-0.66,0.78) setpoint_ned=none yaw(desired/cmd/rate)=(0.00/0.00/0.00) cross_track=0.00 frame_id=px4_ned path_points=0 odom_source=/mavros/local_position/odom cloud_source=none mavros_connected=true
[offboard_waypoint_node-1] [INFO] [1786266395.682677405] [offboard_waypoint_node]: [CONTROL_ARBITER] selected_source=safety_hold state=IDLE_HOLD
[offboard_waypoint_node-1] [INFO] [1786266395.782675252] [offboard_waypoint_node]: [HOLD_ERROR] position_error=0.299 velocity=0.004 state=IDLE_HOLD
[ego_planner_node-10] [FSM]: state: WAIT_TARGET
[ego_planner_node-10] wait for goal or trigger.
[fastlio_bridge_node-2] [INFO] [1786266396.069043363] [fastlio_bridge_node]: 已桥接并转换里程计: ENU(0.00, 0.01, -0.03) -> NED(-0.00, 0.01, 0.03)
[super_planner_ros2_node-6] [INFO] [1786266396.387962614] [super_planner_ros2_node]: SUPER_ROS2 mode=IDLE enable_output=false reason=NO_GOAL odom=(-0.36,-0.66,0.51) goal=none tracking_setpoint_enu=(-0.36,-0.66,0.78) setpoint_ned=none yaw(desired/cmd/rate)=(0.00/0.00/0.00) cross_track=0.00 frame_id=px4_ned path_points=0 odom_source=/mavros/local_position/odom cloud_source=none mavros_connected=true
[offboard_waypoint_node-1] [INFO] [1786266396.732658680] [offboard_waypoint_node]: [CONTROL_ARBITER] selected_source=safety_hold state=IDLE_HOLD
[offboard_waypoint_node-1] [INFO] [1786266396.832622987] [offboard_waypoint_node]: [HOLD_ERROR] position_error=0.308 velocity=0.004 state=IDLE_HOLD
[ego_planner_node-10] [FSM]: state: WAIT_TARGET
[ego_planner_node-10] wait for goal or trigger.
[super_planner_ros2_node-6] [INFO] [1786266397.388068099] [super_planner_ros2_node]: SUPER_ROS2 mode=IDLE enable_output=false reason=NO_GOAL odom=(-0.36,-0.66,0.52) goal=none tracking_setpoint_enu=(-0.36,-0.66,0.78) setpoint_ned=none yaw(desired/cmd/rate)=(0.00/0.00/0.00) cross_track=0.00 frame_id=px4_ned path_points=0 odom_source=/mavros/local_position/odom cloud_source=none mavros_connected=true
[offboard_waypoint_node-1] [INFO] [1786266397.732704159] [offboard_waypoint_node]: [CONTROL_ARBITER] selected_source=safety_hold state=IDLE_HOLD
[offboard_waypoint_node-1] [INFO] [1786266397.882690935] [offboard_waypoint_node]: [HOLD_ERROR] position_error=0.317 velocity=0.004 state=IDLE_HOLD
[ego_planner_node-10] [FSM]: state: WAIT_TARGET
[ego_planner_node-10] wait for goal or trigger.
[fastlio_bridge_node-2] [INFO] [1786266398.079476454] [fastlio_bridge_node]: 已桥接并转换里程计: ENU(0.00, 0.01, -0.03) -> NED(-0.00, 0.01, 0.03)
[fastlio_bridge_node-2] [INFO] [1786266398.088501387] [fastlio_bridge_node]: 已桥接并转换里程计: ENU(0.00, 0.01, -0.04) -> NED(-0.00, 0.01, 0.04)
[fastlio_bridge_node-2] [INFO] [1786266398.098595172] [fastlio_bridge_node]: 已桥接并转换里程计: ENU(0.00, 0.01, -0.04) -> NED(-0.00, 0.01, 0.04)
[super_planner_ros2_node-6] [INFO] [1786266398.437997968] [super_planner_ros2_node]: SUPER_ROS2 mode=IDLE enable_output=false reason=NO_GOAL odom=(-0.36,-0.66,0.53) goal=none tracking_setpoint_enu=(-0.36,-0.66,0.78) setpoint_ned=none yaw(desired/cmd/rate)=(0.00/0.00/0.00) cross_track=0.00 frame_id=px4_ned path_points=0 odom_source=/mavros/local_position/odom cloud_source=none mavros_connected=true
[offboard_waypoint_node-1] [INFO] [1786266398.782685640] [offboard_waypoint_node]: [CONTROL_ARBITER] selected_source=safety_hold state=IDLE_HOLD
[offboard_waypoint_node-1] [INFO] [1786266398.932802803] [offboard_waypoint_node]: [HOLD_ERROR] position_error=0.327 velocity=0.004 state=IDLE_HOLD
[ego_planner_node-10] [FSM]: state: WAIT_TARGET
[ego_planner_node-10] wait for goal or trigger.
[super_planner_ros2_node-6] [INFO] [1786266399.438065695] [super_planner_ros2_node]: SUPER_ROS2 mode=IDLE enable_output=false reason=NO_GOAL odom=(-0.36,-0.66,0.54) goal=none tracking_setpoint_enu=(-0.36,-0.66,0.78) setpoint_ned=none yaw(desired/cmd/rate)=(0.00/0.00/0.00) cross_track=0.00 frame_id=px4_ned path_points=0 odom_source=/mavros/local_position/odom cloud_source=none mavros_connected=true
[offboard_waypoint_node-1] [INFO] [1786266399.782686343] [offboard_waypoint_node]: [CONTROL_ARBITER] selected_source=safety_hold state=IDLE_HOLD
[offboard_waypoint_node-1] [INFO] [1786266399.982696224] [offboard_waypoint_node]: [HOLD_ERROR] position_error=0.336 velocity=0.001 state=IDLE_HOLD
[ego_planner_node-10] [FSM]: state: WAIT_TARGET
[ego_planner_node-10] wait for goal or trigger.
[fastlio_bridge_node-2] [INFO] [1786266400.079353708] [fastlio_bridge_node]: 已桥接并转换里程计: ENU(-0.00, 0.01, -0.04) -> NED(0.00, 0.01, 0.04)
[fastlio_bridge_node-2] [INFO] [1786266400.088961578] [fastlio_bridge_node]: 已桥接并转换里程计: ENU(-0.00, 0.01, -0.04) -> NED(0.00, 0.01, 0.04)
[super_planner_ros2_node-6] [INFO] [1786266400.488178099] [super_planner_ros2_node]: SUPER_ROS2 mode=IDLE enable_output=false reason=NO_GOAL odom=(-0.36,-0.66,0.55) goal=none tracking_setpoint_enu=(-0.36,-0.66,0.78) setpoint_ned=none yaw(desired/cmd/rate)=(0.00/0.00/0.00) cross_track=0.00 frame_id=px4_ned path_points=0 odom_source=/mavros/local_position/odom cloud_source=none mavros_connected=true
[offboard_waypoint_node-1] [INFO] [1786266400.782706661] [offboard_waypoint_node]: [CONTROL_ARBITER] selected_source=safety_hold state=IDLE_HOLD
[offboard_waypoint_node-1] [INFO] [1786266400.982741418] [offboard_waypoint_node]: [HOLD_ERROR] position_error=0.344 velocity=0.003 state=IDLE_HOLD
[ego_planner_node-10] [FSM]: state: WAIT_TARGET
[ego_planner_node-10] wait for goal or trigger.
[super_planner_ros2_node-6] [INFO] [1786266401.538075520] [super_planner_ros2_node]: SUPER_ROS2 mode=IDLE enable_output=false reason=NO_GOAL odom=(-0.36,-0.66,0.55) goal=none tracking_setpoint_enu=(-0.36,-0.66,0.78) setpoint_ned=none yaw(desired/cmd/rate)=(0.00/0.00/0.00) cross_track=0.00 frame_id=px4_ned path_points=0 odom_source=/mavros/local_position/odom cloud_source=none mavros_connected=true
[offboard_waypoint_node-1] [INFO] [1786266401.782736772] [offboard_waypoint_node]: [CONTROL_ARBITER] selected_source=safety_hold state=IDLE_HOLD
[ego_planner_node-10] [FSM]: state: WAIT_TARGET
[ego_planner_node-10] wait for goal or trigger.
[offboard_waypoint_node-1] [INFO] [1786266402.032745792] [offboard_waypoint_node]: [HOLD_ERROR] position_error=0.353 velocity=0.006 state=IDLE_HOLD
[super_planner_ros2_node-6] [INFO] [1786266402.588090468] [super_planner_ros2_node]: SUPER_ROS2 mode=IDLE enable_output=false reason=NO_GOAL odom=(-0.36,-0.66,0.56) goal=none tracking_setpoint_enu=(-0.36,-0.66,0.78) setpoint_ned=none yaw(desired/cmd/rate)=(0.00/0.00/0.00) cross_track=0.00 frame_id=px4_ned path_points=0 odom_source=/mavros/local_position/odom cloud_source=none mavros_connected=true
[offboard_waypoint_node-1] [INFO] [1786266402.832788496] [offboard_waypoint_node]: [CONTROL_ARBITER] selected_source=safety_hold state=IDLE_HOLD
[ego_planner_node-10] [FSM]: state: WAIT_TARGET
[ego_planner_node-10] wait for goal or trigger.
[offboard_waypoint_node-1] [INFO] [1786266403.032846195] [offboard_waypoint_node]: [HOLD_ERROR] position_error=0.359 velocity=0.001 state=IDLE_HOLD
[super_planner_ros2_node-6] [INFO] [1786266403.588091096] [super_planner_ros2_node]: SUPER_ROS2 mode=IDLE enable_output=false reason=NO_GOAL odom=(-0.36,-0.66,0.57) goal=none tracking_setpoint_enu=(-0.36,-0.66,0.78) setpoint_ned=none yaw(desired/cmd/rate)=(0.00/0.00/0.00) cross_track=0.00 frame_id=px4_ned path_points=0 odom_source=/mavros/local_position/odom cloud_source=none mavros_connected=true
[offboard_waypoint_node-1] [INFO] [1786266403.882749147] [offboard_waypoint_node]: [CONTROL_ARBITER] selected_source=safety_hold state=IDLE_HOLD
[ego_planner_node-10] [FSM]: state: WAIT_TARGET
[ego_planner_node-10] wait for goal or trigger.
[offboard_waypoint_node-1] [INFO] [1786266404.082754082] [offboard_waypoint_node]: [HOLD_ERROR] position_error=0.364 velocity=0.003 state=IDLE_HOLD
[super_planner_ros2_node-6] [INFO] [1786266404.638134757] [super_planner_ros2_node]: SUPER_ROS2 mode=IDLE enable_output=false reason=NO_GOAL odom=(-0.36,-0.66,0.57) goal=none tracking_setpoint_enu=(-0.36,-0.66,0.78) setpoint_ned=none yaw(desired/cmd/rate)=(0.00/0.00/0.00) cross_track=0.00 frame_id=px4_ned path_points=0 odom_source=/mavros/local_position/odom cloud_source=none mavros_connected=true
[offboard_waypoint_node-1] [INFO] [1786266404.882769932] [offboard_waypoint_node]: [CONTROL_ARBITER] selected_source=safety_hold state=IDLE_HOLD
[ego_planner_node-10] [FSM]: state: WAIT_TARGET
[ego_planner_node-10] wait for goal or trigger.
[offboard_waypoint_node-1] [INFO] [1786266405.082772132] [offboard_waypoint_node]: [HOLD_ERROR] position_error=0.368 velocity=0.008 state=IDLE_HOLD
[super_planner_ros2_node-6] [INFO] [1786266405.688079595] [super_planner_ros2_node]: SUPER_ROS2 mode=IDLE enable_output=false reason=NO_GOAL odom=(-0.37,-0.66,0.58) goal=none tracking_setpoint_enu=(-0.37,-0.66,0.78) setpoint_ned=none yaw(desired/cmd/rate)=(0.00/0.00/0.00) cross_track=0.00 frame_id=px4_ned path_points=0 odom_source=/mavros/local_position/odom cloud_source=none mavros_connected=true
[offboard_waypoint_node-1] [INFO] [1786266405.882800571] [offboard_waypoint_node]: [CONTROL_ARBITER] selected_source=safety_hold state=IDLE_HOLD
[ego_planner_node-10] [FSM]: state: WAIT_TARGET
[ego_planner_node-10] wait for goal or trigger.
[offboard_waypoint_node-1] [INFO] [1786266406.082778568] [offboard_waypoint_node]: [HOLD_ERROR] position_error=0.373 velocity=0.011 state=IDLE_HOLD
[offboard_waypoint_node-1] [INFO] [1786266406.894498933] [offboard_waypoint_node]: [CONTROL_ARBITER] selected_source=safety_hold state=IDLE_HOLD
[super_planner_ros2_node-6] [INFO] [1786266406.896420897] [super_planner_ros2_node]: SUPER_ROS2 mode=IDLE enable_output=false reason=NO_GOAL odom=(-0.37,-0.66,0.58) goal=none tracking_setpoint_enu=(-0.37,-0.66,0.78) setpoint_ned=none yaw(desired/cmd/rate)=(0.00/0.00/0.00) cross_track=0.00 frame_id=px4_ned path_points=0 odom_source=/mavros/local_position/odom cloud_source=none mavros_connected=true
[ego_planner_node-10] [FSM]: state: WAIT_TARGET
[ego_planner_node-10] wait for goal or trigger.
[offboard_waypoint_node-1] [INFO] [1786266407.082795285] [offboard_waypoint_node]: [HOLD_ERROR] position_error=0.375 velocity=0.001 state=IDLE_HOLD
[offboard_waypoint_node-1] [INFO] [1786266407.932853511] [offboard_waypoint_node]: [CONTROL_ARBITER] selected_source=safety_hold state=IDLE_HOLD
[super_planner_ros2_node-6] [INFO] [1786266407.938246974] [super_planner_ros2_node]: SUPER_ROS2 mode=IDLE enable_output=false reason=NO_GOAL odom=(-0.36,-0.66,0.58) goal=none tracking_setpoint_enu=(-0.36,-0.66,0.78) setpoint_ned=none yaw(desired/cmd/rate)=(0.00/0.00/0.00) cross_track=0.00 frame_id=px4_ned path_points=0 odom_source=/mavros/local_position/odom cloud_source=none mavros_connected=true
[offboard_waypoint_node-1] [INFO] [1786266408.082865694] [offboard_waypoint_node]: [HOLD_ERROR] position_error=0.376 velocity=0.006 state=IDLE_HOLD
[ego_planner_node-10] [FSM]: state: WAIT_TARGET
[ego_planner_node-10] wait for goal or trigger.
[offboard_waypoint_node-1] [INFO] [1786266408.982920783] [offboard_waypoint_node]: [CONTROL_ARBITER] selected_source=safety_hold state=IDLE_HOLD
[super_planner_ros2_node-6] [INFO] [1786266408.988100603] [super_planner_ros2_node]: SUPER_ROS2 mode=IDLE enable_output=false reason=NO_GOAL odom=(-0.36,-0.66,0.58) goal=none tracking_setpoint_enu=(-0.36,-0.66,0.78) setpoint_ned=none yaw(desired/cmd/rate)=(0.00/0.00/0.00) cross_track=0.00 frame_id=px4_ned path_points=0 odom_source=/mavros/local_position/odom cloud_source=none mavros_connected=true
[ego_planner_node-10] [FSM]: state: WAIT_TARGET
[ego_planner_node-10] wait for goal or trigger.
[offboard_waypoint_node-1] [INFO] [1786266409.132845305] [offboard_waypoint_node]: [HOLD_ERROR] position_error=0.375 velocity=0.003 state=IDLE_HOLD
[super_planner_ros2_node-6] [INFO] [1786266409.988127414] [super_planner_ros2_node]: SUPER_ROS2 mode=IDLE enable_output=false reason=NO_GOAL odom=(-0.36,-0.66,0.58) goal=none tracking_setpoint_enu=(-0.36,-0.66,0.78) setpoint_ned=none yaw(desired/cmd/rate)=(0.00/0.00/0.00) cross_track=0.00 frame_id=px4_ned path_points=0 odom_source=/mavros/local_position/odom cloud_source=none mavros_connected=true
[offboard_waypoint_node-1] [INFO] [1786266410.032809224] [offboard_waypoint_node]: [CONTROL_ARBITER] selected_source=safety_hold state=IDLE_HOLD
[fastlio_bridge_node-2] [INFO] [1786266410.059335124] [fastlio_bridge_node]: 已桥接并转换里程计: ENU(-0.00, 0.02, -0.04) -> NED(0.00, 0.02, 0.04)
[ego_planner_node-10] [FSM]: state: WAIT_TARGET
[ego_planner_node-10] wait for goal or trigger.
[offboard_waypoint_node-1] [INFO] [1786266410.182745883] [offboard_waypoint_node]: [HOLD_ERROR] position_error=0.373 velocity=0.003 state=IDLE_HOLD
[super_planner_ros2_node-6] [INFO] [1786266410.988357851] [super_planner_ros2_node]: SUPER_ROS2 mode=IDLE enable_output=false reason=NO_GOAL odom=(-0.36,-0.66,0.58) goal=none tracking_setpoint_enu=(-0.36,-0.66,0.78) setpoint_ned=none yaw(desired/cmd/rate)=(0.00/0.00/0.00) cross_track=0.00 frame_id=px4_ned path_points=0 odom_source=/mavros/local_position/odom cloud_source=none mavros_connected=true
[offboard_waypoint_node-1] [INFO] [1786266411.032838528] [offboard_waypoint_node]: [CONTROL_ARBITER] selected_source=safety_hold state=IDLE_HOLD
[ego_planner_node-10] [FSM]: state: WAIT_TARGET
[ego_planner_node-10] wait for goal or trigger.
[offboard_waypoint_node-1] [INFO] [1786266411.182798785] [offboard_waypoint_node]: [HOLD_ERROR] position_error=0.372 velocity=0.005 state=IDLE_HOLD
[super_planner_ros2_node-6] [INFO] [1786266412.038162175] [super_planner_ros2_node]: SUPER_ROS2 mode=IDLE enable_output=false reason=NO_GOAL odom=(-0.36,-0.66,0.58) goal=none tracking_setpoint_enu=(-0.36,-0.66,0.78) setpoint_ned=none yaw(desired/cmd/rate)=(0.00/0.00/0.00) cross_track=0.00 frame_id=px4_ned path_points=0 odom_source=/mavros/local_position/odom cloud_source=none mavros_connected=true
[offboard_waypoint_node-1] [INFO] [1786266412.082802893] [offboard_waypoint_node]: [CONTROL_ARBITER] selected_source=safety_hold state=IDLE_HOLD
[ego_planner_node-10] [FSM]: state: WAIT_TARGET
[ego_planner_node-10] wait for goal or trigger.
[offboard_waypoint_node-1] [INFO] [1786266412.232768105] [offboard_waypoint_node]: [HOLD_ERROR] position_error=0.369 velocity=0.004 state=IDLE_HOLD
[offboard_waypoint_node-1] [INFO] [1786266413.082809539] [offboard_waypoint_node]: [CONTROL_ARBITER] selected_source=safety_hold state=IDLE_HOLD
[super_planner_ros2_node-6] [INFO] [1786266413.088094224] [super_planner_ros2_node]: SUPER_ROS2 mode=IDLE enable_output=false reason=NO_GOAL odom=(-0.36,-0.66,0.57) goal=none tracking_setpoint_enu=(-0.36,-0.66,0.78) setpoint_ned=none yaw(desired/cmd/rate)=(0.00/0.00/0.00) cross_track=0.00 frame_id=px4_ned path_points=0 odom_source=/mavros/local_position/odom cloud_source=none mavros_connected=true
[ego_planner_node-10] [FSM]: state: WAIT_TARGET
[ego_planner_node-10] wait for goal or trigger.
[offboard_waypoint_node-1] [INFO] [1786266413.232783271] [offboard_waypoint_node]: [HOLD_ERROR] position_error=0.365 velocity=0.002 state=IDLE_HOLD
[fastlio_bridge_node-2] [INFO] [1786266414.009438830] [fastlio_bridge_node]: 已桥接并转换里程计: ENU(-0.00, 0.02, -0.03) -> NED(0.00, 0.02, 0.03)
[fastlio_bridge_node-2] [INFO] [1786266414.079776963] [fastlio_bridge_node]: 已桥接并转换里程计: ENU(-0.00, 0.01, -0.03) -> NED(0.00, 0.01, 0.03)
[super_planner_ros2_node-6] [INFO] [1786266414.088171451] [super_planner_ros2_node]: SUPER_ROS2 mode=IDLE enable_output=false reason=NO_GOAL odom=(-0.36,-0.66,0.57) goal=none tracking_setpoint_enu=(-0.36,-0.66,0.78) setpoint_ned=none yaw(desired/cmd/rate)=(0.00/0.00/0.00) cross_track=0.00 frame_id=px4_ned path_points=0 odom_source=/mavros/local_position/odom cloud_source=none mavros_connected=true
[offboard_waypoint_node-1] [INFO] [1786266414.132781385] [offboard_waypoint_node]: [CONTROL_ARBITER] selected_source=safety_hold state=IDLE_HOLD
[ego_planner_node-10] [FSM]: state: WAIT_TARGET
[ego_planner_node-10] wait for goal or trigger.
[offboard_waypoint_node-1] [INFO] [1786266414.282773543] [offboard_waypoint_node]: [HOLD_ERROR] position_error=0.359 velocity=0.004 state=IDLE_HOLD
[super_planner_ros2_node-6] [INFO] [1786266415.088187338] [super_planner_ros2_node]: SUPER_ROS2 mode=IDLE enable_output=false reason=NO_GOAL odom=(-0.36,-0.66,0.56) goal=none tracking_setpoint_enu=(-0.36,-0.66,0.78) setpoint_ned=none yaw(desired/cmd/rate)=(0.00/0.00/0.00) cross_track=0.00 frame_id=px4_ned path_points=0 odom_source=/mavros/local_position/odom cloud_source=none mavros_connected=true
[offboard_waypoint_node-1] [INFO] [1786266415.132909026] [offboard_waypoint_node]: [CONTROL_ARBITER] selected_source=safety_hold state=IDLE_HOLD
[ego_planner_node-10] [FSM]: state: WAIT_TARGET
[ego_planner_node-10] wait for goal or trigger.
[offboard_waypoint_node-1] [INFO] [1786266415.282794598] [offboard_waypoint_node]: [HOLD_ERROR] position_error=0.359 velocity=0.003 state=IDLE_HOLD
[fastlio_bridge_node-2] [INFO] [1786266416.008473692] [fastlio_bridge_node]: 已桥接并转换里程计: ENU(0.00, 0.01, -0.03) -> NED(-0.00, 0.01, 0.03)
[fastlio_bridge_node-2] [INFO] [1786266416.018300081] [fastlio_bridge_node]: 已桥接并转换里程计: ENU(0.00, 0.01, -0.03) -> NED(-0.00, 0.01, 0.03)
[fastlio_bridge_node-2] [INFO] [1786266416.028383831] [fastlio_bridge_node]: 已桥接并转换里程计: ENU(0.00, 0.01, -0.03) -> NED(-0.00, 0.01, 0.03)
[super_planner_ros2_node-6] [INFO] [1786266416.138184438] [super_planner_ros2_node]: SUPER_ROS2 mode=IDLE enable_output=false reason=NO_GOAL odom=(-0.36,-0.66,0.56) goal=none tracking_setpoint_enu=(-0.36,-0.66,0.78) setpoint_ned=none yaw(desired/cmd/rate)=(0.00/0.00/0.00) cross_track=0.00 frame_id=px4_ned path_points=0 odom_source=/mavros/local_position/odom cloud_source=none mavros_connected=true
[offboard_waypoint_node-1] [INFO] [1786266416.182871124] [offboard_waypoint_node]: [CONTROL_ARBITER] selected_source=safety_hold state=IDLE_HOLD
[ego_planner_node-10] [FSM]: state: WAIT_TARGET
[ego_planner_node-10] wait for goal or trigger.
[offboard_waypoint_node-1] [INFO] [1786266416.332874389] [offboard_waypoint_node]: [HOLD_ERROR] position_error=0.355 velocity=0.008 state=IDLE_HOLD
[mapping_manager_node-5] [INFO] [1786266416.622009375] [mapping_manager_node]: Mapping status: in_flight=false, map_loaded=false, map_saved=false
[super_planner_ros2_node-6] [INFO] [1786266417.138218269] [super_planner_ros2_node]: SUPER_ROS2 mode=IDLE enable_output=false reason=NO_GOAL odom=(-0.36,-0.65,0.56) goal=none tracking_setpoint_enu=(-0.36,-0.65,0.78) setpoint_ned=none yaw(desired/cmd/rate)=(0.00/0.00/0.00) cross_track=0.00 frame_id=px4_ned path_points=0 odom_source=/mavros/local_position/odom cloud_source=none mavros_connected=true
[ego_planner_node-10] [FSM]: state: WAIT_TARGET
[ego_planner_node-10] wait for goal or trigger.
[offboard_waypoint_node-1] [INFO] [1786266417.232837543] [offboard_waypoint_node]: [CONTROL_ARBITER] selected_source=safety_hold state=IDLE_HOLD
[offboard_waypoint_node-1] [INFO] [1786266417.382826621] [offboard_waypoint_node]: [HOLD_ERROR] position_error=0.355 velocity=0.007 state=IDLE_HOLD
[fastlio_bridge_node-2] [INFO] [1786266418.079437474] [fastlio_bridge_node]: 已桥接并转换里程计: ENU(0.01, 0.01, -0.04) -> NED(-0.01, 0.01, 0.04)
[super_planner_ros2_node-6] [INFO] [1786266418.188183341] [super_planner_ros2_node]: SUPER_ROS2 mode=IDLE enable_output=false reason=NO_GOAL odom=(-0.36,-0.66,0.56) goal=none tracking_setpoint_enu=(-0.36,-0.66,0.78) setpoint_ned=none yaw(desired/cmd/rate)=(0.00/0.00/0.00) cross_track=0.00 frame_id=px4_ned path_points=0 odom_source=/mavros/local_position/odom cloud_source=none mavros_connected=true
[ego_planner_node-10] [FSM]: state: WAIT_TARGET
[ego_planner_node-10] wait for goal or trigger.
[offboard_waypoint_node-1] [INFO] [1786266418.282829155] [offboard_waypoint_node]: [CONTROL_ARBITER] selected_source=safety_hold state=IDLE_HOLD
[offboard_waypoint_node-1] [INFO] [1786266418.382840121] [offboard_waypoint_node]: [HOLD_ERROR] position_error=0.354 velocity=0.004 state=IDLE_HOLD
[super_planner_ros2_node-6] [INFO] [1786266419.188236098] [super_planner_ros2_node]: SUPER_ROS2 mode=IDLE enable_output=false reason=NO_GOAL odom=(-0.36,-0.66,0.56) goal=none tracking_setpoint_enu=(-0.36,-0.66,0.78) setpoint_ned=none yaw(desired/cmd/rate)=(0.00/0.00/0.00) cross_track=0.00 frame_id=px4_ned path_points=0 odom_source=/mavros/local_position/odom cloud_source=none mavros_connected=true
[ego_planner_node-10] [FSM]: state: WAIT_TARGET
[ego_planner_node-10] wait for goal or trigger.
[offboard_waypoint_node-1] [INFO] [1786266419.282830666] [offboard_waypoint_node]: [CONTROL_ARBITER] selected_source=safety_hold state=IDLE_HOLD
[offboard_waypoint_node-1] [INFO] [1786266419.382868319] [offboard_waypoint_node]: [HOLD_ERROR] position_error=0.355 velocity=0.007 state=IDLE_HOLD
[fastlio_bridge_node-2] [INFO] [1786266420.049323410] [fastlio_bridge_node]: 已桥接并转换里程计: ENU(-0.00, 0.02, -0.02) -> NED(0.00, 0.02, 0.02)
[fastlio_bridge_node-2] [INFO] [1786266420.057473497] [fastlio_bridge_node]: 已桥接并转换里程计: ENU(-0.00, 0.02, -0.02) -> NED(0.00, 0.02, 0.02)
[ego_planner_node-10] [FSM]: state: WAIT_TARGET
[ego_planner_node-10] wait for goal or trigger.
[super_planner_ros2_node-6] [INFO] [1786266420.238208659] [super_planner_ros2_node]: SUPER_ROS2 mode=IDLE enable_output=false reason=NO_GOAL odom=(-0.36,-0.66,0.56) goal=none tracking_setpoint_enu=(-0.36,-0.66,0.78) setpoint_ned=none yaw(desired/cmd/rate)=(0.00/0.00/0.00) cross_track=0.00 frame_id=px4_ned path_points=0 odom_source=/mavros/local_position/odom cloud_source=none mavros_connected=true
[offboard_waypoint_node-1] [INFO] [1786266420.282934508] [offboard_waypoint_node]: [CONTROL_ARBITER] selected_source=safety_hold state=IDLE_HOLD
[offboard_waypoint_node-1] [INFO] [1786266420.432845925] [offboard_waypoint_node]: [HOLD_ERROR] position_error=0.354 velocity=0.002 state=IDLE_HOLD
[super_planner_ros2_node-6] [INFO] [1786266421.238334868] [super_planner_ros2_node]: SUPER_ROS2 mode=IDLE enable_output=false reason=NO_GOAL odom=(-0.36,-0.65,0.56) goal=none tracking_setpoint_enu=(-0.36,-0.65,0.78) setpoint_ned=none yaw(desired/cmd/rate)=(0.00/0.00/0.00) cross_track=0.00 frame_id=px4_ned path_points=0 odom_source=/mavros/local_position/odom cloud_source=none mavros_connected=true
[ego_planner_node-10] [FSM]: state: WAIT_TARGET
[ego_planner_node-10] wait for goal or trigger.
[offboard_waypoint_node-1] [INFO] [1786266421.332835370] [offboard_waypoint_node]: [CONTROL_ARBITER] selected_source=safety_hold state=IDLE_HOLD
[offboard_waypoint_node-1] [INFO] [1786266421.432854274] [offboard_waypoint_node]: [HOLD_ERROR] position_error=0.354 velocity=0.007 state=IDLE_HOLD
[super_planner_ros2_node-6] [INFO] [1786266422.238528155] [super_planner_ros2_node]: SUPER_ROS2 mode=IDLE enable_output=false reason=NO_GOAL odom=(-0.36,-0.65,0.56) goal=none tracking_setpoint_enu=(-0.36,-0.65,0.78) setpoint_ned=none yaw(desired/cmd/rate)=(0.00/0.00/0.00) cross_track=0.00 frame_id=px4_ned path_points=0 odom_source=/mavros/local_position/odom cloud_source=none mavros_connected=true
[ego_planner_node-10] [FSM]: state: WAIT_TARGET
[ego_planner_node-10] wait for goal or trigger.
[offboard_waypoint_node-1] [INFO] [1786266422.332906516] [offboard_waypoint_node]: [CONTROL_ARBITER] selected_source=safety_hold state=IDLE_HOLD
[offboard_waypoint_node-1] [INFO] [1786266422.432947642] [offboard_waypoint_node]: [HOLD_ERROR] position_error=0.355 velocity=0.005 state=IDLE_HOLD
[ego_planner_node-10] [FSM]: state: WAIT_TARGET
[ego_planner_node-10] wait for goal or trigger.
[super_planner_ros2_node-6] [INFO] [1786266423.288201635] [super_planner_ros2_node]: SUPER_ROS2 mode=IDLE enable_output=false reason=NO_GOAL odom=(-0.36,-0.66,0.56) goal=none tracking_setpoint_enu=(-0.36,-0.66,0.78) setpoint_ned=none yaw(desired/cmd/rate)=(0.00/0.00/0.00) cross_track=0.00 frame_id=px4_ned path_points=0 odom_source=/mavros/local_position/odom cloud_source=none mavros_connected=true
[offboard_waypoint_node-1] [INFO] [1786266423.382850604] [offboard_waypoint_node]: [CONTROL_ARBITER] selected_source=safety_hold state=IDLE_HOLD
[offboard_waypoint_node-1] [INFO] [1786266423.482950225] [offboard_waypoint_node]: [HOLD_ERROR] position_error=0.359 velocity=0.002 state=IDLE_HOLD
[ego_planner_node-10] [FSM]: state: WAIT_TARGET
[ego_planner_node-10] wait for goal or trigger.
[super_planner_ros2_node-6] [INFO] [1786266424.288230302] [super_planner_ros2_node]: SUPER_ROS2 mode=IDLE enable_output=false reason=NO_GOAL odom=(-0.36,-0.66,0.57) goal=none tracking_setpoint_enu=(-0.36,-0.66,0.78) setpoint_ned=none yaw(desired/cmd/rate)=(0.00/0.00/0.00) cross_track=0.00 frame_id=px4_ned path_points=0 odom_source=/mavros/local_position/odom cloud_source=none mavros_connected=true
[offboard_waypoint_node-1] [INFO] [1786266424.382896301] [offboard_waypoint_node]: [CONTROL_ARBITER] selected_source=safety_hold state=IDLE_HOLD
[offboard_waypoint_node-1] [INFO] [1786266424.532963530] [offboard_waypoint_node]: [HOLD_ERROR] position_error=0.362 velocity=0.004 state=IDLE_HOLD
[ego_planner_node-10] [FSM]: state: WAIT_TARGET
[ego_planner_node-10] wait for goal or trigger.
[super_planner_ros2_node-6] [INFO] [1786266425.338247445] [super_planner_ros2_node]: SUPER_ROS2 mode=IDLE enable_output=false reason=NO_GOAL odom=(-0.36,-0.66,0.57) goal=none tracking_setpoint_enu=(-0.36,-0.66,0.78) setpoint_ned=none yaw(desired/cmd/rate)=(0.00/0.00/0.00) cross_track=0.00 frame_id=px4_ned path_points=0 odom_source=/mavros/local_position/odom cloud_source=none mavros_connected=true
[offboard_waypoint_node-1] [INFO] [1786266425.382921256] [offboard_waypoint_node]: [CONTROL_ARBITER] selected_source=safety_hold state=IDLE_HOLD
[offboard_waypoint_node-1] [INFO] [1786266425.582900982] [offboard_waypoint_node]: [HOLD_ERROR] position_error=0.363 velocity=0.003 state=IDLE_HOLD
[fastlio_bridge_node-2] [INFO] [1786266426.059471608] [fastlio_bridge_node]: 已桥接并转换里程计: ENU(0.01, 0.01, -0.04) -> NED(-0.01, 0.01, 0.04)
[fastlio_bridge_node-2] [INFO] [1786266426.069463565] [fastlio_bridge_node]: 已桥接并转换里程计: ENU(0.01, 0.01, -0.04) -> NED(-0.01, 0.01, 0.04)
[fastlio_bridge_node-2] [INFO] [1786266426.078805774] [fastlio_bridge_node]: 已桥接并转换里程计: ENU(0.01, 0.01, -0.04) -> NED(-0.01, 0.01, 0.04)
[ego_planner_node-10] [FSM]: state: WAIT_TARGET
[ego_planner_node-10] wait for goal or trigger.
[super_planner_ros2_node-6] [INFO] [1786266426.338307518] [super_planner_ros2_node]: SUPER_ROS2 mode=IDLE enable_output=false reason=NO_GOAL odom=(-0.36,-0.66,0.57) goal=none tracking_setpoint_enu=(-0.36,-0.66,0.78) setpoint_ned=none yaw(desired/cmd/rate)=(0.00/0.00/0.00) cross_track=0.00 frame_id=px4_ned path_points=0 odom_source=/mavros/local_position/odom cloud_source=none mavros_connected=true
[offboard_waypoint_node-1] [INFO] [1786266426.382926262] [offboard_waypoint_node]: [CONTROL_ARBITER] selected_source=safety_hold state=IDLE_HOLD
[offboard_waypoint_node-1] [INFO] [1786266426.583009181] [offboard_waypoint_node]: [HOLD_ERROR] position_error=0.364 velocity=0.010 state=IDLE_HOLD
[ego_planner_node-10] [FSM]: state: WAIT_TARGET
[ego_planner_node-10] wait for goal or trigger.
[super_planner_ros2_node-6] [INFO] [1786266427.338433183] [super_planner_ros2_node]: SUPER_ROS2 mode=IDLE enable_output=false reason=NO_GOAL odom=(-0.36,-0.66,0.57) goal=none tracking_setpoint_enu=(-0.36,-0.66,0.78) setpoint_ned=none yaw(desired/cmd/rate)=(0.00/0.00/0.00) cross_track=0.00 frame_id=px4_ned path_points=0 odom_source=/mavros/local_position/odom cloud_source=none mavros_connected=true
[offboard_waypoint_node-1] [INFO] [1786266427.432911516] [offboard_waypoint_node]: [CONTROL_ARBITER] selected_source=safety_hold state=IDLE_HOLD
[offboard_waypoint_node-1] [INFO] [1786266427.632906217] [offboard_waypoint_node]: [HOLD_ERROR] position_error=0.365 velocity=0.003 state=IDLE_HOLD
[fastlio_bridge_node-2] [INFO] [1786266428.029062776] [fastlio_bridge_node]: 已桥接并转换里程计: ENU(0.00, 0.02, -0.04) -> NED(-0.00, 0.02, 0.04)
[ego_planner_node-10] [FSM]: state: WAIT_TARGET
[ego_planner_node-10] wait for goal or trigger.
[super_planner_ros2_node-6] [INFO] [1786266428.388400277] [super_planner_ros2_node]: SUPER_ROS2 mode=IDLE enable_output=false reason=NO_GOAL odom=(-0.36,-0.66,0.57) goal=none tracking_setpoint_enu=(-0.36,-0.66,0.78) setpoint_ned=none yaw(desired/cmd/rate)=(0.00/0.00/0.00) cross_track=0.00 frame_id=px4_ned path_points=0 odom_source=/mavros/local_position/odom cloud_source=none mavros_connected=true
[offboard_waypoint_node-1] [INFO] [1786266428.432924215] [offboard_waypoint_node]: [CONTROL_ARBITER] selected_source=safety_hold state=IDLE_HOLD
[offboard_waypoint_node-1] [INFO] [1786266428.682890846] [offboard_waypoint_node]: [HOLD_ERROR] position_error=0.367 velocity=0.006 state=IDLE_HOLD
[ego_planner_node-10] [FSM]: state: WAIT_TARGET
[ego_planner_node-10] wait for goal or trigger.
[super_planner_ros2_node-6] [INFO] [1786266429.388473742] [super_planner_ros2_node]: SUPER_ROS2 mode=IDLE enable_output=false reason=NO_GOAL odom=(-0.36,-0.66,0.58) goal=none tracking_setpoint_enu=(-0.36,-0.66,0.78) setpoint_ned=none yaw(desired/cmd/rate)=(0.00/0.00/0.00) cross_track=0.00 frame_id=px4_ned path_points=0 odom_source=/mavros/local_position/odom cloud_source=none mavros_connected=true
[offboard_waypoint_node-1] [INFO] [1786266429.482941682] [offboard_waypoint_node]: [CONTROL_ARBITER] selected_source=safety_hold state=IDLE_HOLD
[offboard_waypoint_node-1] [INFO] [1786266429.683059428] [offboard_waypoint_node]: [HOLD_ERROR] position_error=0.371 velocity=0.004 state=IDLE_HOLD
[fastlio_bridge_node-2] [INFO] [1786266430.049038131] [fastlio_bridge_node]: 已桥接并转换里程计: ENU(0.01, 0.01, -0.03) -> NED(-0.01, 0.01, 0.03)
[ego_planner_node-10] [FSM]: state: WAIT_TARGET
[ego_planner_node-10] wait for goal or trigger.
[super_planner_ros2_node-6] [INFO] [1786266430.438256319] [super_planner_ros2_node]: SUPER_ROS2 mode=IDLE enable_output=false reason=NO_GOAL odom=(-0.36,-0.66,0.58) goal=none tracking_setpoint_enu=(-0.36,-0.66,0.78) setpoint_ned=none yaw(desired/cmd/rate)=(0.00/0.00/0.00) cross_track=0.00 frame_id=px4_ned path_points=0 odom_source=/mavros/local_position/odom cloud_source=none mavros_connected=true
[offboard_waypoint_node-1] [INFO] [1786266430.532951556] [offboard_waypoint_node]: [CONTROL_ARBITER] selected_source=safety_hold state=IDLE_HOLD
[offboard_waypoint_node-1] [INFO] [1786266430.732981301] [offboard_waypoint_node]: [HOLD_ERROR] position_error=0.372 velocity=0.005 state=IDLE_HOLD
[ego_planner_node-10] [FSM]: state: WAIT_TARGET
[ego_planner_node-10] wait for goal or trigger.
[super_planner_ros2_node-6] [INFO] [1786266431.438288590] [super_planner_ros2_node]: SUPER_ROS2 mode=IDLE enable_output=false reason=NO_GOAL odom=(-0.36,-0.66,0.58) goal=none tracking_setpoint_enu=(-0.36,-0.66,0.78) setpoint_ned=none yaw(desired/cmd/rate)=(0.00/0.00/0.00) cross_track=0.00 frame_id=px4_ned path_points=0 odom_source=/mavros/local_position/odom cloud_source=none mavros_connected=true
[offboard_waypoint_node-1] [INFO] [1786266431.582967513] [offboard_waypoint_node]: [CONTROL_ARBITER] selected_source=safety_hold state=IDLE_HOLD
[offboard_waypoint_node-1] [INFO] [1786266431.782933192] [offboard_waypoint_node]: [HOLD_ERROR] position_error=0.376 velocity=0.005 state=IDLE_HOLD
[ego_planner_node-10] [FSM]: state: WAIT_TARGET
[ego_planner_node-10] wait for goal or trigger.
[super_planner_ros2_node-6] [INFO] [1786266432.438299276] [super_planner_ros2_node]: SUPER_ROS2 mode=IDLE enable_output=false reason=NO_GOAL odom=(-0.36,-0.66,0.58) goal=none tracking_setpoint_enu=(-0.36,-0.66,0.78) setpoint_ned=none yaw(desired/cmd/rate)=(0.00/0.00/0.00) cross_track=0.00 frame_id=px4_ned path_points=0 odom_source=/mavros/local_position/odom cloud_source=none mavros_connected=true
[offboard_waypoint_node-1] [INFO] [1786266432.583312701] [offboard_waypoint_node]: [CONTROL_ARBITER] selected_source=safety_hold state=IDLE_HOLD
[offboard_waypoint_node-1] [INFO] [1786266432.832953112] [offboard_waypoint_node]: [HOLD_ERROR] position_error=0.381 velocity=0.007 state=IDLE_HOLD
[ego_planner_node-10] [FSM]: state: WAIT_TARGET
[ego_planner_node-10] wait for goal or trigger.
[super_planner_ros2_node-6] [INFO] [1786266433.438335897] [super_planner_ros2_node]: SUPER_ROS2 mode=IDLE enable_output=false reason=NO_GOAL odom=(-0.36,-0.66,0.59) goal=none tracking_setpoint_enu=(-0.36,-0.66,0.78) setpoint_ned=none yaw(desired/cmd/rate)=(0.00/0.00/0.00) cross_track=0.00 frame_id=px4_ned path_points=0 odom_source=/mavros/local_position/odom cloud_source=none mavros_connected=true
[offboard_waypoint_node-1] [INFO] [1786266433.633121783] [offboard_waypoint_node]: [CONTROL_ARBITER] selected_source=safety_hold state=IDLE_HOLD
[offboard_waypoint_node-1] [INFO] [1786266433.832982396] [offboard_waypoint_node]: [HOLD_ERROR] position_error=0.385 velocity=0.002 state=IDLE_HOLD
[fastlio_bridge_node-2] [INFO] [1786266434.049341783] [fastlio_bridge_node]: 已桥接并转换里程计: ENU(0.01, 0.01, -0.03) -> NED(-0.01, 0.01, 0.03)
[fastlio_bridge_node-2] [INFO] [1786266434.059155042] [fastlio_bridge_node]: 已桥接并转换里程计: ENU(0.01, 0.01, -0.03) -> NED(-0.01, 0.01, 0.03)
[fastlio_bridge_node-2] [INFO] [1786266434.068148237] [fastlio_bridge_node]: 已桥接并转换里程计: ENU(0.01, 0.01, -0.03) -> NED(-0.01, 0.01, 0.03)
[ego_planner_node-10] [FSM]: state: WAIT_TARGET
[ego_planner_node-10] wait for goal or trigger.
[super_planner_ros2_node-6] [INFO] [1786266434.438336525] [super_planner_ros2_node]: SUPER_ROS2 mode=IDLE enable_output=false reason=NO_GOAL odom=(-0.36,-0.66,0.59) goal=none tracking_setpoint_enu=(-0.36,-0.66,0.78) setpoint_ned=none yaw(desired/cmd/rate)=(0.00/0.00/0.00) cross_track=0.00 frame_id=px4_ned path_points=0 odom_source=/mavros/local_position/odom cloud_source=none mavros_connected=true
[offboard_waypoint_node-1] [INFO] [1786266434.683009757] [offboard_waypoint_node]: [CONTROL_ARBITER] selected_source=safety_hold state=IDLE_HOLD
[offboard_waypoint_node-1] [INFO] [1786266434.883006648] [offboard_waypoint_node]: [HOLD_ERROR] position_error=0.392 velocity=0.006 state=IDLE_HOLD
[ego_planner_node-10] [FSM]: state: WAIT_TARGET
[ego_planner_node-10] wait for goal or trigger.
[super_planner_ros2_node-6] [INFO] [1786266435.488301157] [super_planner_ros2_node]: SUPER_ROS2 mode=IDLE enable_output=false reason=NO_GOAL odom=(-0.36,-0.66,0.60) goal=none tracking_setpoint_enu=(-0.36,-0.66,0.78) setpoint_ned=none yaw(desired/cmd/rate)=(0.00/0.00/0.00) cross_track=0.00 frame_id=px4_ned path_points=0 odom_source=/mavros/local_position/odom cloud_source=none mavros_connected=true
[offboard_waypoint_node-1] [INFO] [1786266435.732987592] [offboard_waypoint_node]: [CONTROL_ARBITER] selected_source=safety_hold state=IDLE_HOLD
[offboard_waypoint_node-1] [INFO] [1786266435.932971301] [offboard_waypoint_node]: [HOLD_ERROR] position_error=0.399 velocity=0.003 state=IDLE_HOLD
[ego_planner_node-10] [FSM]: state: WAIT_TARGET
[ego_planner_node-10] wait for goal or trigger.
[super_planner_ros2_node-6] [INFO] [1786266436.488372960] [super_planner_ros2_node]: SUPER_ROS2 mode=IDLE enable_output=false reason=NO_GOAL odom=(-0.36,-0.66,0.61) goal=none tracking_setpoint_enu=(-0.36,-0.66,0.78) setpoint_ned=none yaw(desired/cmd/rate)=(0.00/0.00/0.00) cross_track=0.00 frame_id=px4_ned path_points=0 odom_source=/mavros/local_position/odom cloud_source=none mavros_connected=true
[offboard_waypoint_node-1] [INFO] [1786266436.732995941] [offboard_waypoint_node]: [CONTROL_ARBITER] selected_source=safety_hold state=IDLE_HOLD
[offboard_waypoint_node-1] [INFO] [1786266436.932980329] [offboard_waypoint_node]: [HOLD_ERROR] position_error=0.408 velocity=0.008 state=IDLE_HOLD
[ego_planner_node-10] [FSM]: state: WAIT_TARGET
[ego_planner_node-10] wait for goal or trigger.
[super_planner_ros2_node-6] [INFO] [1786266437.538353737] [super_planner_ros2_node]: SUPER_ROS2 mode=IDLE enable_output=false reason=NO_GOAL odom=(-0.36,-0.66,0.62) goal=none tracking_setpoint_enu=(-0.36,-0.66,0.78) setpoint_ned=none yaw(desired/cmd/rate)=(0.00/0.00/0.00) cross_track=0.00 frame_id=px4_ned path_points=0 odom_source=/mavros/local_position/odom cloud_source=none mavros_connected=true
[offboard_waypoint_node-1] [INFO] [1786266437.733047127] [offboard_waypoint_node]: [CONTROL_ARBITER] selected_source=safety_hold state=IDLE_HOLD
[offboard_waypoint_node-1] [INFO] [1786266437.932990190] [offboard_waypoint_node]: [HOLD_ERROR] position_error=0.418 velocity=0.011 state=IDLE_HOLD
[fastlio_bridge_node-2] [INFO] [1786266438.079181765] [fastlio_bridge_node]: 已桥接并转换里程计: ENU(0.01, 0.00, -0.04) -> NED(-0.01, 0.00, 0.04)
[ego_planner_node-10] [FSM]: state: WAIT_TARGET
[ego_planner_node-10] wait for goal or trigger.
[super_planner_ros2_node-6] [INFO] [1786266438.538610471] [super_planner_ros2_node]: SUPER_ROS2 mode=IDLE enable_output=false reason=NO_GOAL odom=(-0.36,-0.65,0.63) goal=none tracking_setpoint_enu=(-0.36,-0.65,0.78) setpoint_ned=none yaw(desired/cmd/rate)=(0.00/0.00/0.00) cross_track=0.00 frame_id=px4_ned path_points=0 odom_source=/mavros/local_position/odom cloud_source=none mavros_connected=true
[offboard_waypoint_node-1] [INFO] [1786266438.733278604] [offboard_waypoint_node]: [CONTROL_ARBITER] selected_source=safety_hold state=IDLE_HOLD
[offboard_waypoint_node-1] [INFO] [1786266438.933058297] [offboard_waypoint_node]: [HOLD_ERROR] position_error=0.430 velocity=0.007 state=IDLE_HOLD
[ego_planner_node-10] [FSM]: state: WAIT_TARGET
[ego_planner_node-10] wait for goal or trigger.
[super_planner_ros2_node-6] [INFO] [1786266439.588402894] [super_planner_ros2_node]: SUPER_ROS2 mode=IDLE enable_output=false reason=NO_GOAL odom=(-0.36,-0.66,0.64) goal=none tracking_setpoint_enu=(-0.36,-0.66,0.78) setpoint_ned=none yaw(desired/cmd/rate)=(0.00/0.00/0.00) cross_track=0.00 frame_id=px4_ned path_points=0 odom_source=/mavros/local_position/odom cloud_source=none mavros_connected=true
[offboard_waypoint_node-1] [INFO] [1786266439.783047282] [offboard_waypoint_node]: [CONTROL_ARBITER] selected_source=safety_hold state=IDLE_HOLD
[offboard_waypoint_node-1] [INFO] [1786266439.933083062] [offboard_waypoint_node]: [HOLD_ERROR] position_error=0.444 velocity=0.002 state=IDLE_HOLD
[ego_planner_node-10] [FSM]: state: WAIT_TARGET
[ego_planner_node-10] wait for goal or trigger.
[super_planner_ros2_node-6] [INFO] [1786266440.588513744] [super_planner_ros2_node]: SUPER_ROS2 mode=IDLE enable_output=false reason=NO_GOAL odom=(-0.36,-0.66,0.66) goal=none tracking_setpoint_enu=(-0.36,-0.66,0.78) setpoint_ned=none yaw(desired/cmd/rate)=(0.00/0.00/0.00) cross_track=0.00 frame_id=px4_ned path_points=0 odom_source=/mavros/local_position/odom cloud_source=none mavros_connected=true
[offboard_waypoint_node-1] [INFO] [1786266440.833031509] [offboard_waypoint_node]: [CONTROL_ARBITER] selected_source=safety_hold state=IDLE_HOLD
[offboard_waypoint_node-1] [INFO] [1786266440.933106000] [offboard_waypoint_node]: [HOLD_ERROR] position_error=0.458 velocity=0.005 state=IDLE_HOLD
[ego_planner_node-10] [FSM]: state: WAIT_TARGET
[ego_planner_node-10] wait for goal or trigger.
[super_planner_ros2_node-6] [INFO] [1786266441.638700272] [super_planner_ros2_node]: SUPER_ROS2 mode=IDLE enable_output=false reason=NO_GOAL odom=(-0.36,-0.66,0.67) goal=none tracking_setpoint_enu=(-0.36,-0.66,0.78) setpoint_ned=none yaw(desired/cmd/rate)=(0.00/0.00/0.00) cross_track=0.00 frame_id=px4_ned path_points=0 odom_source=/mavros/local_position/odom cloud_source=none mavros_connected=true
[offboard_waypoint_node-1] [INFO] [1786266441.833054389] [offboard_waypoint_node]: [CONTROL_ARBITER] selected_source=safety_hold state=IDLE_HOLD
[offboard_waypoint_node-1] [INFO] [1786266441.983325654] [offboard_waypoint_node]: [HOLD_ERROR] position_error=0.469 velocity=0.006 state=IDLE_HOLD
[ego_planner_node-10] [FSM]: state: WAIT_TARGET
[ego_planner_node-10] wait for goal or trigger.
[super_planner_ros2_node-6] [INFO] [1786266442.688395786] [super_planner_ros2_node]: SUPER_ROS2 mode=IDLE enable_output=false reason=NO_GOAL odom=(-0.36,-0.66,0.68) goal=none tracking_setpoint_enu=(-0.36,-0.66,0.78) setpoint_ned=none yaw(desired/cmd/rate)=(0.00/0.00/0.00) cross_track=0.00 frame_id=px4_ned path_points=0 odom_source=/mavros/local_position/odom cloud_source=none mavros_connected=true
[offboard_waypoint_node-1] [INFO] [1786266442.833062641] [offboard_waypoint_node]: [CONTROL_ARBITER] selected_source=safety_hold state=IDLE_HOLD
[offboard_waypoint_node-1] [INFO] [1786266443.032999044] [offboard_waypoint_node]: [HOLD_ERROR] position_error=0.480 velocity=0.005 state=IDLE_HOLD
[ego_planner_node-10] [FSM]: state: WAIT_TARGET
[ego_planner_node-10] wait for goal or trigger.
[super_planner_ros2_node-6] [INFO] [1786266443.688579073] [super_planner_ros2_node]: SUPER_ROS2 mode=IDLE enable_output=false reason=NO_GOAL odom=(-0.36,-0.66,0.69) goal=none tracking_setpoint_enu=(-0.36,-0.66,0.78) setpoint_ned=none yaw(desired/cmd/rate)=(0.00/0.00/0.00) cross_track=0.00 frame_id=px4_ned path_points=0 odom_source=/mavros/local_position/odom cloud_source=none mavros_connected=true
[offboard_waypoint_node-1] [INFO] [1786266443.883084545] [offboard_waypoint_node]: [CONTROL_ARBITER] selected_source=safety_hold state=IDLE_HOLD
[offboard_waypoint_node-1] [INFO] [1786266444.033034212] [offboard_waypoint_node]: [HOLD_ERROR] position_error=0.491 velocity=0.004 state=IDLE_HOLD
[ego_planner_node-10] [FSM]: state: WAIT_TARGET
[ego_planner_node-10] wait for goal or trigger.
[super_planner_ros2_node-6] [INFO] [1786266444.738366474] [super_planner_ros2_node]: SUPER_ROS2 mode=IDLE enable_output=false reason=NO_GOAL odom=(-0.36,-0.66,0.70) goal=none tracking_setpoint_enu=(-0.36,-0.66,0.78) setpoint_ned=none yaw(desired/cmd/rate)=(0.00/0.00/0.00) cross_track=0.00 frame_id=px4_ned path_points=0 odom_source=/mavros/local_position/odom cloud_source=none mavros_connected=true
[offboard_waypoint_node-1] [INFO] [1786266444.883157345] [offboard_waypoint_node]: [CONTROL_ARBITER] selected_source=safety_hold state=IDLE_HOLD
[offboard_waypoint_node-1] [INFO] [1786266445.033095558] [offboard_waypoint_node]: [HOLD_ERROR] position_error=0.502 velocity=0.003 state=IDLE_HOLD
[ego_planner_node-10] [FSM]: state: WAIT_TARGET
[ego_planner_node-10] wait for goal or trigger.
[super_planner_ros2_node-6] [INFO] [1786266445.738505514] [super_planner_ros2_node]: SUPER_ROS2 mode=IDLE enable_output=false reason=NO_GOAL odom=(-0.36,-0.66,0.71) goal=none tracking_setpoint_enu=(-0.36,-0.66,0.78) setpoint_ned=none yaw(desired/cmd/rate)=(0.00/0.00/0.00) cross_track=0.00 frame_id=px4_ned path_points=0 odom_source=/mavros/local_position/odom cloud_source=none mavros_connected=true
[offboard_waypoint_node-1] [INFO] [1786266445.933051677] [offboard_waypoint_node]: [CONTROL_ARBITER] selected_source=safety_hold state=IDLE_HOLD
[fastlio_bridge_node-2] [INFO] [1786266446.019932619] [fastlio_bridge_node]: 已桥接并转换里程计: ENU(0.01, 0.01, -0.04) -> NED(-0.01, 0.01, 0.04)
[offboard_waypoint_node-1] [INFO] [1786266446.033127636] [offboard_waypoint_node]: [HOLD_ERROR] position_error=0.507 velocity=0.001 state=IDLE_HOLD
[fastlio_bridge_node-2] [INFO] [1786266446.079936923] [fastlio_bridge_node]: 已桥接并转换里程计: ENU(0.01, 0.01, -0.04) -> NED(-0.01, 0.01, 0.04)
[ego_planner_node-10] [FSM]: state: WAIT_TARGET
[ego_planner_node-10] wait for goal or trigger.
[mapping_manager_node-5] [INFO] [1786266446.622184345] [mapping_manager_node]: Mapping status: in_flight=false, map_loaded=false, map_saved=false
[super_planner_ros2_node-6] [INFO] [1786266446.788395963] [super_planner_ros2_node]: SUPER_ROS2 mode=IDLE enable_output=false reason=NO_GOAL odom=(-0.36,-0.66,0.71) goal=none tracking_setpoint_enu=(-0.36,-0.66,0.78) setpoint_ned=none yaw(desired/cmd/rate)=(0.00/0.00/0.00) cross_track=0.00 frame_id=px4_ned path_points=0 odom_source=/mavros/local_position/odom cloud_source=none mavros_connected=true
[offboard_waypoint_node-1] [INFO] [1786266446.933148066] [offboard_waypoint_node]: [CONTROL_ARBITER] selected_source=safety_hold state=IDLE_HOLD
[offboard_waypoint_node-1] [INFO] [1786266447.033252690] [offboard_waypoint_node]: [HOLD_ERROR] position_error=0.510 velocity=0.004 state=IDLE_HOLD
[ego_planner_node-10] [FSM]: state: WAIT_TARGET
[ego_planner_node-10] wait for goal or trigger.
[super_planner_ros2_node-6] [INFO] [1786266447.788428829] [super_planner_ros2_node]: SUPER_ROS2 mode=IDLE enable_output=false reason=NO_GOAL odom=(-0.36,-0.66,0.72) goal=none tracking_setpoint_enu=(-0.36,-0.66,0.78) setpoint_ned=none yaw(desired/cmd/rate)=(0.00/0.00/0.00) cross_track=0.00 frame_id=px4_ned path_points=0 odom_source=/mavros/local_position/odom cloud_source=none mavros_connected=true
[offboard_waypoint_node-1] [INFO] [1786266447.983060822] [offboard_waypoint_node]: [CONTROL_ARBITER] selected_source=safety_hold state=IDLE_HOLD
[offboard_waypoint_node-1] [INFO] [1786266448.083177583] [offboard_waypoint_node]: [HOLD_ERROR] position_error=0.512 velocity=0.003 state=IDLE_HOLD
[navigation stack (prewarm)] stopping process group 75974
[navigation stack (prewarm)] exited with status 143
