Navigation backend: ego-shadow
Mission sequencer:  false
Map file:           <disabled for validation>
Map auto-load:      false
Recognition:        false
Navigation output:  false
[INFO] [launch]: All log files can be found below /home/robot/.ros/log/2026-08-09-16-07-06-370312-robot-66786
[INFO] [launch]: Default logging verbosity is set to INFO
[INFO] [launch.user]: [TUNING_FILE]
[INFO] [launch.user]: path=/home/robot/rong_ws/ws_offboard_control/install/race_bringup/share/race_bringup/config/astar_ego_tuning.yaml
[INFO] [launch.user]: schema_version=1
[INFO] [launch.user]: [EGO_MAP_SOURCE]
[INFO] [launch.user]: ego_map_source=static_live_px4
[INFO] [launch.user]: [EGO_MAP_TUNING]
[INFO] [launch.user]: {'live_obstacle_memory_sec': 1.0, 'live_obstacle_voxel_size_m': 0.1, 'live_obstacle_min_observations': 2, 'minimum_reliable_detection_range_m': 0.725, 'pose_sync_max_skew_sec': 0.3, 'pose_buffer_duration_sec': 1.0}
[INFO] [launch.user]: [SHARED_BOUNDS]
[INFO] [launch.user]: x=[-0.85,11.9] y=[-1.3,12.4] z=[0.5,0.85] margin=0.15
[INFO] [launch.user]: [GLOBAL_PLANNER_TUNING]
[INFO] [launch.user]: {'grid_resolution': 0.15, 'planning_resolution': 0.05, 'hard_inflation_radius': 0.28, 'min_planning_inflation_radius': 0.28, 'soft_obstacle_cost_radius': 0.54, 'clearance_cost_weight': 3.0, 'tracking_lookahead_distance': 0.3, 'max_local_goal_distance': 1.7, 'smoothing_min_clearance': 0.1, 'allow_direct_path': False, 'enable_path_shortcut': False}
[INFO] [launch.user]: [EGO_TUNING]
[INFO] [launch.user]: {'planning_horizon': 5.0, 'local_update_range_x': 6.0, 'local_update_range_y': 6.0, 'local_update_range_z': 1.25, 'occupancy_map_size_x': 24.0, 'occupancy_map_size_y': 26.0, 'occupancy_publish_max_height': 2.5, 'max_velocity': 0.6, 'max_acceleration': 0.8, 'control_point_spacing': 0.25, 'planning_clearance_m': 0.34, 'constrained_clearance_enable': False, 'constrained_clearance_m': 0.24, 'constrained_optimization_clearance_m': 0.3, 'far_end_clearance_extra_m': 0.06, 'optimization_clearance_m': 0.42, 'max_reference_deviation_m': 0.8, 'use_distinctive_trajectories': True, 'replan_start_position_error_m': 0.25, 'handover_position_tolerance_m': 0.01, 'handover_velocity_tolerance_mps': 0.005, 'handover_acceleration_tolerance_mps2': 0.01, 'fixed_flight_height': 0.78}
[INFO] [launch.user]: [BRIDGE_TUNING]
[INFO] [launch.user]: {'occupancy_timeout_sec': 1.0, 'active_recheck_history_sec': 0.5, 'bspline_timeout_sec': 0.2, 'command_timeout_sec': 0.2, 'dynamic_invalid_grace_sec': 0.75, 'replan_hold_timeout_sec': 3.0, 'collision_sample_spacing_m': 0.04, 'braking_deceleration_mps2': 0.8, 'reaction_time_sec': 0.15, 'dynamic_limit_margin': 1.1, 'max_yaw_rate_rad_s': 0.8}
[INFO] [launch.user]: [OFFBOARD_TUNING]
[INFO] [launch.user]: {'takeoff_height_m': 0.55, 'ego_goal_release_height_m': 0.5, 'ego_goal_stable_height_tolerance_m': 0.05, 'ego_goal_stable_horizontal_speed_mps': 0.08, 'ego_goal_stable_vertical_speed_mps': 0.05, 'ego_goal_stable_duration_sec': 0.5, 'fixed_flight_height_m': 0.78, 'max_safe_height_m': 0.85, 'goal_tolerance_xy_m': 0.1, 'goal_tolerance_z_m': 0.05, 'setpoint_rate_hz': 20.0, 'trusted_position_max_speed_mps': 4.0, 'trusted_position_jump_allowance_m': 0.4, 'ego_setpoint_max_lead_m': 2.0, 'ego_setpoint_timeout_sec': 2.5, 'same_goal_retry_on_safety_latch': True, 'ego_yaw_rate_limit_rad_s': 0.8, 'initial_position_stabilization_sec': 0.5, 'initial_position_max_spread_m': 0.08, 'initial_position_max_speed_mps': 0.2}
[INFO] [offboard_waypoint_node-1]: process started with pid [66825]
[INFO] [fastlio_bridge_node-2]: process started with pid [66827]
[INFO] [frame_transform_node-3]: process started with pid [66829]
[INFO] [map_io_node-4]: process started with pid [66831]
[INFO] [mapping_manager_node-5]: process started with pid [66833]
[INFO] [super_planner_ros2_node-6]: process started with pid [66835]
[INFO] [race_ego_odom_bridge-7]: process started with pid [66837]
[INFO] [race_ego_cloud_bridge-8]: process started with pid [66839]
[INFO] [race_ego_goal_bridge-9]: process started with pid [66841]
[INFO] [ego_planner_node-10]: process started with pid [66843]
[INFO] [traj_server-11]: process started with pid [66845]
[INFO] [race_ego_trajectory_bridge-12]: process started with pid [66847]
[race_ego_odom_bridge-7] [INFO] [1786262826.566346384] [race_ego_odom_bridge]: EGO odom bridge: /mavros/local_position/odom -> /race/ego/odom frame=map conversion=enuToMap(-y,x,z) strict=false
[race_ego_cloud_bridge-8] [INFO] [1786262826.580133215] [race_ego_cloud_bridge]: EGO cloud bridge: source=static_live_px4 input=/saved_map+/fast_lio/cloud_registered_body output=/race/ego/cloud required_frame=map frame_transform=px4_pose_projection
[fastlio_bridge_node-2] [INFO] [1786262826.581035323] [fastlio_bridge_node]: FAST-LIO2 里程计桥接已启动：订阅 /Odometry -> /race/odom, /race/pose
[mapping_manager_node-5] [INFO] [1786262826.588282181] [mapping_manager_node]: mapping_manager_node started
[mapping_manager_node-5] [INFO] [1786262826.588591686] [mapping_manager_node]:   auto_load_on_start: false
[mapping_manager_node-5] [INFO] [1786262826.588611562] [mapping_manager_node]:   auto_save_on_land: true
[frame_transform_node-3] [INFO] [1786262826.605064400] [frame_transform_node]: frame_transform_node started
[frame_transform_node-3] [INFO] [1786262826.605263826] [frame_transform_node]:   Published static TF: map -> odom (identity)
[frame_transform_node-3] [INFO] [1786262826.605278334] [frame_transform_node]:   Published static TF: camera_init -> map (identity, RViz display only)
[race_ego_trajectory_bridge-12] [INFO] [1786262826.614261284] [race_ego_trajectory_bridge]: [BRIDGE_CLEARANCE_THRESHOLD] hard_clearance=0.290000000
[race_ego_trajectory_bridge-12] [INFO] [1786262826.614594870] [race_ego_trajectory_bridge]: [BRIDGE_BRAKING_CONTRACT] max_speed=0.600 deceleration=0.800 reaction=0.150 clearance=0.290 braking_horizon=0.605 detection_range=0.725
[offboard_waypoint_node-1] [INFO] [1786262826.617346672] [offboard_waypoint_node]: Offboard adapter: control_source=navigation navigation_topic=/race/navigation_setpoint ego_topic=/race/ego/trajectory_setpoint frame=px4_ned timeout=0.80s ego_timeout=0.20s height=[0.50, 0.85]m warmup=1.0s stabilization=3.0s takeoff_complete=0.55m strict_health=false
[offboard_waypoint_node-1] [INFO] [1786262826.617453444] [offboard_waypoint_node]: [PLANNER_SOURCE] backend=navigation
[offboard_waypoint_node-1] [INFO] [1786262826.617460177] [offboard_waypoint_node]: [TRAJECTORY_SOURCE] selected=navigation timeout=2.50s
[map_io_node-4] [INFO] [1786262826.619704239] [map_io_node]: map_io_node started
[map_io_node-4] [INFO] [1786262826.620092878] [map_io_node]:   map_file: /home/robot/rong_ws/ws_offboard_control/maps/fastlio_global_3d/GlobalMap.pcd
[map_io_node-4] [INFO] [1786262826.620111204] [map_io_node]:   publish_topic: /saved_map
[map_io_node-4] [INFO] [1786262826.620120650] [map_io_node]:   display_leaf_size: 0.10 m
[map_io_node-4] [INFO] [1786262826.620144331] [map_io_node]:   max_display_points: 3000000
[super_planner_ros2_node-6] [INFO] [1786262826.624028667] [super_planner_ros2_node]: MODE_INIT enable_output=false setpoint_topic=/race/navigation_setpoint setpoint_frame=px4_ned control_rate=20.0 replan_rate=2.0 tracking_lookahead=0.30 heading_lookahead=0.80 max_yaw_rate=1.00 odom_topic=/mavros/local_position/odom odom_input_frame=map_enu require_mavros_connected=false mavros_state_topic=/mavros/state cloud_topic=/saved_map PLANNER_INTERNAL_FRAME=map hard_inflation=0.28 soft_cost_radius=0.54 clearance_cost_weight=3.00 smoothing=true method=chaikin iterations=2 sample_resolution=0.10 allow_direct_path=false enable_path_shortcut=false
[super_planner_ros2_node-6] [INFO] [1786262826.624119436] [super_planner_ros2_node]: GLOBAL_MODE global_only=false control_output=false global_path=/race/global_path local_goal=/race/ego/local_goal
[super_planner_ros2_node-6] [INFO] [1786262826.624124597] [super_planner_ros2_node]: [SUPER_MODE] global_only=false max_planning_distance=9.000 segment_chaining=false
[super_planner_ros2_node-6] [INFO] [1786262826.624127869] [super_planner_ros2_node]: [SUPER_DIRECT_MODE] enabled=false
[super_planner_ros2_node-6] [INFO] [1786262826.624130370] [super_planner_ros2_node]: [SHARED_BOUNDS] x=[-0.85,11.90] y=[-1.30,12.40] z=[0.50,0.85] margin=0.15
[race_ego_trajectory_bridge-12] [INFO] [1786262826.628107453] [race_ego_trajectory_bridge]: [EGO_STATUS] state=WAIT_MAP control_enabled=false map=missing odom=missing goal=missing trajectory=missing
[ego_planner_node-10] [INFO] [1786262826.660305356] [race_ego_planner]: [EGO_RECOVERY_GEOMETRY_CONFIG] search_distance=0.600 minimum_forward_progress=0.150 extra_clearance=0.060 max_reference_deviation=0.780 max_lateral_offset=0.750 lateral_offset_step=0.150
[ego_planner_node-10] [INFO] [1786262826.664344967] [race_ego_planner]: [EGO_HANDOVER_TOLERANCE] position_m=0.010 velocity_mps=0.005 acceleration_mps2=0.010
[ego_planner_node-10] [INFO] [1786262826.664378879] [race_ego_planner]: [EGO_REFERENCE_GEOMETRY_LIMIT] max_reference_deviation_m=0.800
[ego_planner_node-10] [INFO] [1786262826.665003618] [race_ego_planner]: [EGO_OCCUPANCY_SAFETY_MODEL] required_center_clearance=0.290 planning_clearance=0.340 resolution=0.150 coarse_inflation_steps=2 coarse_voxel_clearance=0.300 continuous_query=true
[ego_planner_node-10] hit: 0.619039
[ego_planner_node-10] miss: -0.619039
[ego_planner_node-10] min log: -1.99243
[ego_planner_node-10] max: 2.19722
[ego_planner_node-10] thresh log: 1.38629
[offboard_waypoint_node-1] [INFO] [1786262826.667536469] [offboard_waypoint_node]: [CONTROL_ARBITER] selected_source=safety_hold state=WAITING_FOR_ODOM
[ego_planner_node-10] [INFO] [1786262826.673967610] [race_ego_planner]: [EGO_OBSTACLE_CLEARANCE_CONTRACT] required_center_clearance=0.290000000 planning_clearance=0.340000000 optimization_target_clearance=0.420000000 far_end_clearance_extra=0.060000000 far_end_target_clearance=0.480000000 collision_weight=1.200000000 valid=true
[ego_planner_node-10] [INFO] [1786262826.674063440] [race_ego_planner]: [EGO_ACTIVE_OPTIMIZATION_TERMS] smoothness=true obstacle=true feasibility=true reference=false endpoint=true smoothness_weight=1.000000 obstacle_weight=1.200000 feasibility_weight=0.400000 reference_weight=0.000000 configured_fitness_weight=1.000000 obstacle_clearance=0.420000
[super_planner_ros2_node-6] [INFO] [1786262826.674219665] [super_planner_ros2_node]: SUPER_ROS2 mode=NO_ODOM enable_output=false reason=NO_ODOM odom=(0.00,0.00,0.00) goal=none tracking_setpoint_enu=(0.00,0.00,0.00) setpoint_ned=none yaw(desired/cmd/rate)=(0.00/0.00/0.00) cross_track=0.00 frame_id=px4_ned path_points=0 odom_source=none cloud_source=none mavros_connected=false
[ego_planner_node-10] [INFO] [1786262826.714946242] [race_ego_planner]: [EGO_CONSTRAINED_CLEARANCE_CONFIG] enabled=false normal=0.340 constrained=0.240 optimization=0.300
[ego_planner_node-10] [INFO] [1786262826.716436278] [race_ego_planner]: single drone:-1
[traj_server-11] [WARN] [1786262827.612602124] [race_ego_traj_server]: [Traj server]: ready.
[super_planner_ros2_node-6] [INFO] [1786262827.674506670] [super_planner_ros2_node]: SUPER_ROS2 mode=NO_ODOM enable_output=false reason=NO_ODOM odom=(0.00,0.00,0.00) goal=none tracking_setpoint_enu=(0.00,0.00,0.00) setpoint_ned=none yaw(desired/cmd/rate)=(0.00/0.00/0.00) cross_track=0.00 frame_id=px4_ned path_points=0 odom_source=none cloud_source=none mavros_connected=false
[offboard_waypoint_node-1] [INFO] [1786262827.717816919] [offboard_waypoint_node]: [CONTROL_ARBITER] selected_source=safety_hold state=WAITING_FOR_ODOM
[ego_planner_node-10] [FSM]: state: INIT
[ego_planner_node-10] no odom.
[ego_planner_node-10] wait for goal or trigger.
[super_planner_ros2_node-6] [INFO] [1786262828.724261933] [super_planner_ros2_node]: SUPER_ROS2 mode=NO_ODOM enable_output=false reason=NO_ODOM odom=(0.00,0.00,0.00) goal=none tracking_setpoint_enu=(0.00,0.00,0.00) setpoint_ned=none yaw(desired/cmd/rate)=(0.00/0.00/0.00) cross_track=0.00 frame_id=px4_ned path_points=0 odom_source=none cloud_source=none mavros_connected=false
[ego_planner_node-10] [FSM]: state: INIT
[ego_planner_node-10] no odom.
[ego_planner_node-10] wait for goal or trigger.
[offboard_waypoint_node-1] [INFO] [1786262828.767549828] [offboard_waypoint_node]: [CONTROL_ARBITER] selected_source=safety_hold state=WAITING_FOR_ODOM
[super_planner_ros2_node-6] [INFO] [1786262829.724307915] [super_planner_ros2_node]: SUPER_ROS2 mode=NO_ODOM enable_output=false reason=NO_ODOM odom=(0.00,0.00,0.00) goal=none tracking_setpoint_enu=(0.00,0.00,0.00) setpoint_ned=none yaw(desired/cmd/rate)=(0.00/0.00/0.00) cross_track=0.00 frame_id=px4_ned path_points=0 odom_source=none cloud_source=none mavros_connected=false
[ego_planner_node-10] [FSM]: state: INIT
[ego_planner_node-10] no odom.
[ego_planner_node-10] wait for goal or trigger.
[offboard_waypoint_node-1] [INFO] [1786262829.767641541] [offboard_waypoint_node]: [CONTROL_ARBITER] selected_source=safety_hold state=WAITING_FOR_ODOM
[super_planner_ros2_node-6] [INFO] [1786262830.724416487] [super_planner_ros2_node]: SUPER_ROS2 mode=NO_ODOM enable_output=false reason=NO_ODOM odom=(0.00,0.00,0.00) goal=none tracking_setpoint_enu=(0.00,0.00,0.00) setpoint_ned=none yaw(desired/cmd/rate)=(0.00/0.00/0.00) cross_track=0.00 frame_id=px4_ned path_points=0 odom_source=none cloud_source=none mavros_connected=false
[ego_planner_node-10] [FSM]: state: INIT
[ego_planner_node-10] no odom.
[ego_planner_node-10] wait for goal or trigger.
[offboard_waypoint_node-1] [INFO] [1786262830.817581964] [offboard_waypoint_node]: [CONTROL_ARBITER] selected_source=safety_hold state=WAITING_FOR_ODOM
[super_planner_ros2_node-6] [INFO] [1786262831.774334000] [super_planner_ros2_node]: SUPER_ROS2 mode=NO_ODOM enable_output=false reason=NO_ODOM odom=(0.00,0.00,0.00) goal=none tracking_setpoint_enu=(0.00,0.00,0.00) setpoint_ned=none yaw(desired/cmd/rate)=(0.00/0.00/0.00) cross_track=0.00 frame_id=px4_ned path_points=0 odom_source=none cloud_source=none mavros_connected=false
[ego_planner_node-10] [FSM]: state: INIT
[ego_planner_node-10] no odom.
[ego_planner_node-10] wait for goal or trigger.
[offboard_waypoint_node-1] [INFO] [1786262831.817593934] [offboard_waypoint_node]: [CONTROL_ARBITER] selected_source=safety_hold state=WAITING_FOR_ODOM
[super_planner_ros2_node-6] [INFO] [1786262832.774406270] [super_planner_ros2_node]: SUPER_ROS2 mode=NO_ODOM enable_output=false reason=NO_ODOM odom=(0.00,0.00,0.00) goal=none tracking_setpoint_enu=(0.00,0.00,0.00) setpoint_ned=none yaw(desired/cmd/rate)=(0.00/0.00/0.00) cross_track=0.00 frame_id=px4_ned path_points=0 odom_source=none cloud_source=none mavros_connected=false
[ego_planner_node-10] [FSM]: state: INIT
[ego_planner_node-10] no odom.
[ego_planner_node-10] wait for goal or trigger.
[offboard_waypoint_node-1] [INFO] [1786262832.817613666] [offboard_waypoint_node]: [CONTROL_ARBITER] selected_source=safety_hold state=WAITING_FOR_ODOM
[ego_planner_node-10] [FSM]: state: INIT
[ego_planner_node-10] no odom.
[ego_planner_node-10] wait for goal or trigger.
[offboard_waypoint_node-1] [INFO] [1786262833.817739511] [offboard_waypoint_node]: [CONTROL_ARBITER] selected_source=safety_hold state=WAITING_FOR_ODOM
[super_planner_ros2_node-6] [INFO] [1786262833.824445718] [super_planner_ros2_node]: SUPER_ROS2 mode=NO_ODOM enable_output=false reason=NO_ODOM odom=(0.00,0.00,0.00) goal=none tracking_setpoint_enu=(0.00,0.00,0.00) setpoint_ned=none yaw(desired/cmd/rate)=(0.00/0.00/0.00) cross_track=0.00 frame_id=px4_ned path_points=0 odom_source=none cloud_source=none mavros_connected=false
[super_planner_ros2_node-6] [INFO] [1786262834.824455131] [super_planner_ros2_node]: SUPER_ROS2 mode=NO_ODOM enable_output=false reason=NO_ODOM odom=(0.00,0.00,0.00) goal=none tracking_setpoint_enu=(0.00,0.00,0.00) setpoint_ned=none yaw(desired/cmd/rate)=(0.00/0.00/0.00) cross_track=0.00 frame_id=px4_ned path_points=0 odom_source=none cloud_source=none mavros_connected=false
[ego_planner_node-10] [FSM]: state: INIT
[ego_planner_node-10] no odom.
[ego_planner_node-10] wait for goal or trigger.
[offboard_waypoint_node-1] [INFO] [1786262834.867727525] [offboard_waypoint_node]: [CONTROL_ARBITER] selected_source=safety_hold state=WAITING_FOR_ODOM
[ego_planner_node-10] [FSM]: state: INIT
[ego_planner_node-10] no odom.
[ego_planner_node-10] wait for goal or trigger.
[offboard_waypoint_node-1] [INFO] [1786262835.867826196] [offboard_waypoint_node]: [CONTROL_ARBITER] selected_source=safety_hold state=WAITING_FOR_ODOM
[super_planner_ros2_node-6] [INFO] [1786262835.874392298] [super_planner_ros2_node]: SUPER_ROS2 mode=NO_ODOM enable_output=false reason=NO_ODOM odom=(0.00,0.00,0.00) goal=none tracking_setpoint_enu=(0.00,0.00,0.00) setpoint_ned=none yaw(desired/cmd/rate)=(0.00/0.00/0.00) cross_track=0.00 frame_id=px4_ned path_points=0 odom_source=none cloud_source=none mavros_connected=false
[ego_planner_node-10] [FSM]: state: INIT
[ego_planner_node-10] no odom.
[ego_planner_node-10] wait for goal or trigger.
[offboard_waypoint_node-1] [INFO] [1786262836.868145691] [offboard_waypoint_node]: [CONTROL_ARBITER] selected_source=safety_hold state=WAITING_FOR_ODOM
[super_planner_ros2_node-6] [INFO] [1786262836.874466645] [super_planner_ros2_node]: SUPER_ROS2 mode=NO_ODOM enable_output=false reason=NO_ODOM odom=(0.00,0.00,0.00) goal=none tracking_setpoint_enu=(0.00,0.00,0.00) setpoint_ned=none yaw(desired/cmd/rate)=(0.00/0.00/0.00) cross_track=0.00 frame_id=px4_ned path_points=0 odom_source=none cloud_source=none mavros_connected=false
[ego_planner_node-10] [FSM]: state: INIT
[ego_planner_node-10] no odom.
[ego_planner_node-10] wait for goal or trigger.
[super_planner_ros2_node-6] [INFO] [1786262837.874503109] [super_planner_ros2_node]: SUPER_ROS2 mode=NO_ODOM enable_output=false reason=NO_ODOM odom=(0.00,0.00,0.00) goal=none tracking_setpoint_enu=(0.00,0.00,0.00) setpoint_ned=none yaw(desired/cmd/rate)=(0.00/0.00/0.00) cross_track=0.00 frame_id=px4_ned path_points=0 odom_source=none cloud_source=none mavros_connected=false
[offboard_waypoint_node-1] [INFO] [1786262837.917740420] [offboard_waypoint_node]: [CONTROL_ARBITER] selected_source=safety_hold state=WAITING_FOR_ODOM
[ego_planner_node-10] [FSM]: state: INIT
[ego_planner_node-10] no odom.
[ego_planner_node-10] wait for goal or trigger.
[super_planner_ros2_node-6] [INFO] [1786262838.874692689] [super_planner_ros2_node]: SUPER_ROS2 mode=NO_ODOM enable_output=false reason=NO_ODOM odom=(0.00,0.00,0.00) goal=none tracking_setpoint_enu=(0.00,0.00,0.00) setpoint_ned=none yaw(desired/cmd/rate)=(0.00/0.00/0.00) cross_track=0.00 frame_id=px4_ned path_points=0 odom_source=none cloud_source=none mavros_connected=false
[offboard_waypoint_node-1] [INFO] [1786262838.917758618] [offboard_waypoint_node]: [CONTROL_ARBITER] selected_source=safety_hold state=WAITING_FOR_ODOM
[ego_planner_node-10] [FSM]: state: INIT
[ego_planner_node-10] no odom.
[ego_planner_node-10] wait for goal or trigger.
[offboard_waypoint_node-1] [INFO] [1786262839.917980910] [offboard_waypoint_node]: [CONTROL_ARBITER] selected_source=safety_hold state=WAITING_FOR_ODOM
[super_planner_ros2_node-6] [INFO] [1786262839.925326173] [super_planner_ros2_node]: SUPER_ROS2 mode=NO_ODOM enable_output=false reason=NO_ODOM odom=(0.00,0.00,0.00) goal=none tracking_setpoint_enu=(0.00,0.00,0.00) setpoint_ned=none yaw(desired/cmd/rate)=(0.00/0.00/0.00) cross_track=0.00 frame_id=px4_ned path_points=0 odom_source=none cloud_source=none mavros_connected=false
[fastlio_bridge_node-2] [INFO] [1786262840.009827976] [fastlio_bridge_node]: 已桥接并转换里程计: ENU(-0.00, 0.00, -0.01) -> NED(0.00, 0.00, 0.01)
[fastlio_bridge_node-2] [INFO] [1786262840.097799641] [fastlio_bridge_node]: 已桥接并转换里程计: ENU(-0.00, 0.00, -0.01) -> NED(0.00, 0.00, 0.01)
[offboard_waypoint_node-1] [INFO] [1786262840.513730927] [offboard_waypoint_node]: [EV_HEALTH] state=SUSPECT continuous_healthy=0.00s
[offboard_waypoint_node-1] [INFO] [1786262840.893407207] [offboard_waypoint_node]: [EV_HEALTH] state=FAULT continuous_healthy=0.00s
[ego_planner_node-10] [FSM]: state: INIT
[ego_planner_node-10] no odom.
[ego_planner_node-10] wait for goal or trigger.
[offboard_waypoint_node-1] [INFO] [1786262840.967936995] [offboard_waypoint_node]: [CONTROL_ARBITER] selected_source=safety_hold state=WAITING_FOR_ODOM
[super_planner_ros2_node-6] [INFO] [1786262840.974548583] [super_planner_ros2_node]: SUPER_ROS2 mode=NO_ODOM enable_output=false reason=NO_ODOM odom=(0.00,0.00,0.00) goal=none tracking_setpoint_enu=(0.00,0.00,0.00) setpoint_ned=none yaw(desired/cmd/rate)=(0.00/0.00/0.00) cross_track=0.00 frame_id=px4_ned path_points=0 odom_source=none cloud_source=none mavros_connected=false
[super_planner_ros2_node-6] [WARN] [1786262841.637256881] [super_planner_ros2_node]: MAVROS reports connected=false; FCU link is down.
[ego_planner_node-10] [FSM]: state: INIT
[ego_planner_node-10] no odom.
[ego_planner_node-10] wait for goal or trigger.
[super_planner_ros2_node-6] [INFO] [1786262841.974815121] [super_planner_ros2_node]: SUPER_ROS2 mode=NO_ODOM enable_output=false reason=NO_ODOM odom=(0.00,0.00,0.00) goal=none tracking_setpoint_enu=(0.00,0.00,0.00) setpoint_ned=none yaw(desired/cmd/rate)=(0.00/0.00/0.00) cross_track=0.00 frame_id=px4_ned path_points=0 odom_source=none cloud_source=none mavros_connected=false
[super_planner_ros2_node-6] [WARN] [1786262841.995240879] [super_planner_ros2_node]: Using odom source: /mavros/local_position/odom odom_input_frame=map_enu planner_enu=(0.00, 0.02, 0.05)
[offboard_waypoint_node-1] [WARN] [1786262841.995258799] [offboard_waypoint_node]: [POSE_WAIT] no local velocity sample yet on /mavros/local_position/velocity_local
[ego_planner_node-10] [FSM]: from INIT to WAIT_TARGET
[offboard_waypoint_node-1] [INFO] [1786262842.017806105] [offboard_waypoint_node]: [CONTROL_ARBITER] selected_source=safety_hold state=WAITING_FOR_ODOM
[fastlio_bridge_node-2] [INFO] [1786262842.090190524] [fastlio_bridge_node]: 已桥接并转换里程计: ENU(0.00, 0.01, -0.02) -> NED(-0.00, 0.01, 0.02)
[offboard_waypoint_node-1] [INFO] [1786262842.528288334] [offboard_waypoint_node]: [POSE_TRUSTED] stable_for=0.50s position_ned=(0.023,0.002,-0.053)
[offboard_waypoint_node-1] [WARN] [1786262842.567829570] [offboard_waypoint_node]: [HOLD_POSITION] x=0.023 y=0.002 z=-0.053 yaw=1.568 reason=startup idle hold
[offboard_waypoint_node-1] [WARN] [1786262842.567909718] [offboard_waypoint_node]: [CONTROL_STATE] WAITING_FOR_ODOM -> IDLE_HOLD: no active goal
[offboard_waypoint_node-1] [INFO] [1786262842.568051906] [offboard_waypoint_node]: [HOLD_ERROR] position_error=0.000 velocity=0.002 state=IDLE_HOLD
[ego_planner_node-10] [FSM]: state: WAIT_TARGET
[ego_planner_node-10] wait for goal or trigger.
[offboard_waypoint_node-1] [INFO] [1786262843.017869563] [offboard_waypoint_node]: [CONTROL_ARBITER] selected_source=safety_hold state=IDLE_HOLD
[super_planner_ros2_node-6] [INFO] [1786262843.024606669] [super_planner_ros2_node]: SUPER_ROS2 mode=IDLE enable_output=false reason=NO_GOAL odom=(0.00,0.02,0.05) goal=none tracking_setpoint_enu=(0.00,0.02,0.78) setpoint_ned=none yaw(desired/cmd/rate)=(0.00/0.00/0.00) cross_track=0.00 frame_id=px4_ned path_points=0 odom_source=/mavros/local_position/odom cloud_source=none mavros_connected=true
[offboard_waypoint_node-1] [INFO] [1786262843.617882711] [offboard_waypoint_node]: [HOLD_ERROR] position_error=0.001 velocity=0.003 state=IDLE_HOLD
[ego_planner_node-10] [FSM]: state: WAIT_TARGET
[ego_planner_node-10] wait for goal or trigger.
[offboard_waypoint_node-1] [INFO] [1786262844.017903059] [offboard_waypoint_node]: [CONTROL_ARBITER] selected_source=safety_hold state=IDLE_HOLD
[super_planner_ros2_node-6] [INFO] [1786262844.024746773] [super_planner_ros2_node]: SUPER_ROS2 mode=IDLE enable_output=false reason=NO_GOAL odom=(0.00,0.02,0.05) goal=none tracking_setpoint_enu=(0.00,0.02,0.78) setpoint_ned=none yaw(desired/cmd/rate)=(0.00/0.00/0.00) cross_track=0.00 frame_id=px4_ned path_points=0 odom_source=/mavros/local_position/odom cloud_source=none mavros_connected=true
[fastlio_bridge_node-2] [INFO] [1786262844.089233360] [fastlio_bridge_node]: 已桥接并转换里程计: ENU(-0.00, 0.01, -0.01) -> NED(0.00, 0.01, 0.01)
[offboard_waypoint_node-1] [INFO] [1786262844.191082185] [offboard_waypoint_node]: [EV_HEALTH] state=HEALTHY continuous_healthy=0.00s
[offboard_waypoint_node-1] [INFO] [1786262844.617897382] [offboard_waypoint_node]: [HOLD_ERROR] position_error=0.150 velocity=0.007 state=IDLE_HOLD
[ego_planner_node-10] [FSM]: state: WAIT_TARGET
[ego_planner_node-10] wait for goal or trigger.
[offboard_waypoint_node-1] [INFO] [1786262845.017977787] [offboard_waypoint_node]: [CONTROL_ARBITER] selected_source=safety_hold state=IDLE_HOLD
[super_planner_ros2_node-6] [INFO] [1786262845.074623196] [super_planner_ros2_node]: SUPER_ROS2 mode=IDLE enable_output=false reason=NO_GOAL odom=(0.00,0.01,-0.10) goal=none tracking_setpoint_enu=(0.00,0.01,0.78) setpoint_ned=none yaw(desired/cmd/rate)=(0.00/0.00/0.00) cross_track=0.00 frame_id=px4_ned path_points=0 odom_source=/mavros/local_position/odom cloud_source=none mavros_connected=true
[offboard_waypoint_node-1] [INFO] [1786262845.617941077] [offboard_waypoint_node]: [HOLD_ERROR] position_error=0.149 velocity=0.012 state=IDLE_HOLD
[ego_planner_node-10] [FSM]: state: WAIT_TARGET
[ego_planner_node-10] wait for goal or trigger.
[offboard_waypoint_node-1] [INFO] [1786262846.017979589] [offboard_waypoint_node]: [CONTROL_ARBITER] selected_source=safety_hold state=IDLE_HOLD
[super_planner_ros2_node-6] [INFO] [1786262846.074676803] [super_planner_ros2_node]: SUPER_ROS2 mode=IDLE enable_output=false reason=NO_GOAL odom=(0.00,0.01,-0.09) goal=none tracking_setpoint_enu=(0.00,0.01,0.78) setpoint_ned=none yaw(desired/cmd/rate)=(0.00/0.00/0.00) cross_track=0.00 frame_id=px4_ned path_points=0 odom_source=/mavros/local_position/odom cloud_source=none mavros_connected=true
[fastlio_bridge_node-2] [INFO] [1786262846.080473591] [fastlio_bridge_node]: 已桥接并转换里程计: ENU(0.00, 0.01, -0.01) -> NED(-0.00, 0.01, 0.01)
[offboard_waypoint_node-1] [INFO] [1786262846.667935509] [offboard_waypoint_node]: [HOLD_ERROR] position_error=0.149 velocity=0.003 state=IDLE_HOLD
[ego_planner_node-10] [FSM]: state: WAIT_TARGET
[ego_planner_node-10] wait for goal or trigger.
[offboard_waypoint_node-1] [INFO] [1786262847.067962393] [offboard_waypoint_node]: [CONTROL_ARBITER] selected_source=safety_hold state=IDLE_HOLD
[super_planner_ros2_node-6] [INFO] [1786262847.125370013] [super_planner_ros2_node]: SUPER_ROS2 mode=IDLE enable_output=false reason=NO_GOAL odom=(0.00,0.01,-0.10) goal=none tracking_setpoint_enu=(0.00,0.01,0.78) setpoint_ned=none yaw(desired/cmd/rate)=(0.00/0.00/0.00) cross_track=0.00 frame_id=px4_ned path_points=0 odom_source=/mavros/local_position/odom cloud_source=none mavros_connected=true
[offboard_waypoint_node-1] [INFO] [1786262847.668061109] [offboard_waypoint_node]: [HOLD_ERROR] position_error=0.151 velocity=0.003 state=IDLE_HOLD
[ego_planner_node-10] [FSM]: state: WAIT_TARGET
[ego_planner_node-10] wait for goal or trigger.
[offboard_waypoint_node-1] [INFO] [1786262848.068026872] [offboard_waypoint_node]: [CONTROL_ARBITER] selected_source=safety_hold state=IDLE_HOLD
[fastlio_bridge_node-2] [INFO] [1786262848.089842590] [fastlio_bridge_node]: 已桥接并转换里程计: ENU(0.00, 0.01, -0.02) -> NED(-0.00, 0.01, 0.02)
[super_planner_ros2_node-6] [INFO] [1786262848.174774078] [super_planner_ros2_node]: SUPER_ROS2 mode=IDLE enable_output=false reason=NO_GOAL odom=(-0.00,0.01,-0.10) goal=none tracking_setpoint_enu=(-0.00,0.01,0.78) setpoint_ned=none yaw(desired/cmd/rate)=(0.00/0.00/0.00) cross_track=0.00 frame_id=px4_ned path_points=0 odom_source=/mavros/local_position/odom cloud_source=none mavros_connected=true
[offboard_waypoint_node-1] [INFO] [1786262848.718014544] [offboard_waypoint_node]: [HOLD_ERROR] position_error=0.154 velocity=0.007 state=IDLE_HOLD
[ego_planner_node-10] [FSM]: state: WAIT_TARGET
[ego_planner_node-10] wait for goal or trigger.
[offboard_waypoint_node-1] [INFO] [1786262849.118009000] [offboard_waypoint_node]: [CONTROL_ARBITER] selected_source=safety_hold state=IDLE_HOLD
[super_planner_ros2_node-6] [INFO] [1786262849.174941107] [super_planner_ros2_node]: SUPER_ROS2 mode=IDLE enable_output=false reason=NO_GOAL odom=(-0.00,0.01,-0.10) goal=none tracking_setpoint_enu=(-0.00,0.01,0.78) setpoint_ned=none yaw(desired/cmd/rate)=(0.00/0.00/0.00) cross_track=0.00 frame_id=px4_ned path_points=0 odom_source=/mavros/local_position/odom cloud_source=none mavros_connected=true
[offboard_waypoint_node-1] [INFO] [1786262849.718044188] [offboard_waypoint_node]: [HOLD_ERROR] position_error=0.153 velocity=0.003 state=IDLE_HOLD
[ego_planner_node-10] [FSM]: state: WAIT_TARGET
[ego_planner_node-10] wait for goal or trigger.
[fastlio_bridge_node-2] [INFO] [1786262850.079714772] [fastlio_bridge_node]: 已桥接并转换里程计: ENU(0.00, 0.01, -0.02) -> NED(-0.00, 0.01, 0.02)
[offboard_waypoint_node-1] [INFO] [1786262850.118337039] [offboard_waypoint_node]: [CONTROL_ARBITER] selected_source=safety_hold state=IDLE_HOLD
[super_planner_ros2_node-6] [INFO] [1786262850.224858188] [super_planner_ros2_node]: SUPER_ROS2 mode=IDLE enable_output=false reason=NO_GOAL odom=(0.00,0.01,-0.10) goal=none tracking_setpoint_enu=(0.00,0.01,0.78) setpoint_ned=none yaw(desired/cmd/rate)=(0.00/0.00/0.00) cross_track=0.00 frame_id=px4_ned path_points=0 odom_source=/mavros/local_position/odom cloud_source=none mavros_connected=true
[offboard_waypoint_node-1] [INFO] [1786262850.718085818] [offboard_waypoint_node]: [HOLD_ERROR] position_error=0.151 velocity=0.007 state=IDLE_HOLD
[offboard_waypoint_node-1] [INFO] [1786262850.904271665] [offboard_waypoint_node]: [EV_HEALTH] state=SUSPECT continuous_healthy=0.00s
[ego_planner_node-10] [FSM]: state: WAIT_TARGET
[ego_planner_node-10] wait for goal or trigger.
[offboard_waypoint_node-1] [INFO] [1786262851.168100652] [offboard_waypoint_node]: [CONTROL_ARBITER] selected_source=safety_hold state=IDLE_HOLD
[super_planner_ros2_node-6] [INFO] [1786262851.274767742] [super_planner_ros2_node]: SUPER_ROS2 mode=IDLE enable_output=false reason=NO_GOAL odom=(-0.00,0.02,-0.10) goal=none tracking_setpoint_enu=(-0.00,0.02,0.78) setpoint_ned=none yaw(desired/cmd/rate)=(0.00/0.00/0.00) cross_track=0.00 frame_id=px4_ned path_points=0 odom_source=/mavros/local_position/odom cloud_source=none mavros_connected=true
[offboard_waypoint_node-1] [INFO] [1786262851.768054122] [offboard_waypoint_node]: [HOLD_ERROR] position_error=0.151 velocity=0.008 state=IDLE_HOLD
[ego_planner_node-10] [FSM]: state: WAIT_TARGET
[ego_planner_node-10] wait for goal or trigger.
[fastlio_bridge_node-2] [INFO] [1786262852.079834527] [fastlio_bridge_node]: 已桥接并转换里程计: ENU(0.00, 0.01, -0.02) -> NED(-0.00, 0.01, 0.02)
[offboard_waypoint_node-1] [INFO] [1786262852.168113332] [offboard_waypoint_node]: [CONTROL_ARBITER] selected_source=safety_hold state=IDLE_HOLD
[super_planner_ros2_node-6] [INFO] [1786262852.274797918] [super_planner_ros2_node]: SUPER_ROS2 mode=IDLE enable_output=false reason=NO_GOAL odom=(0.00,0.02,-0.10) goal=none tracking_setpoint_enu=(0.00,0.02,0.78) setpoint_ned=none yaw(desired/cmd/rate)=(0.00/0.00/0.00) cross_track=0.00 frame_id=px4_ned path_points=0 odom_source=/mavros/local_position/odom cloud_source=none mavros_connected=true
[offboard_waypoint_node-1] [INFO] [1786262852.768089778] [offboard_waypoint_node]: [HOLD_ERROR] position_error=0.149 velocity=0.005 state=IDLE_HOLD
[offboard_waypoint_node-1] [INFO] [1786262852.991828354] [offboard_waypoint_node]: [EV_HEALTH] state=HEALTHY continuous_healthy=0.00s
[ego_planner_node-10] [FSM]: state: WAIT_TARGET
[ego_planner_node-10] wait for goal or trigger.
[offboard_waypoint_node-1] [INFO] [1786262853.168126098] [offboard_waypoint_node]: [CONTROL_ARBITER] selected_source=safety_hold state=IDLE_HOLD
[super_planner_ros2_node-6] [INFO] [1786262853.275014469] [super_planner_ros2_node]: SUPER_ROS2 mode=IDLE enable_output=false reason=NO_GOAL odom=(0.00,0.01,-0.10) goal=none tracking_setpoint_enu=(0.00,0.01,0.78) setpoint_ned=none yaw(desired/cmd/rate)=(0.00/0.00/0.00) cross_track=0.00 frame_id=px4_ned path_points=0 odom_source=/mavros/local_position/odom cloud_source=none mavros_connected=true
[offboard_waypoint_node-1] [INFO] [1786262853.818094973] [offboard_waypoint_node]: [HOLD_ERROR] position_error=0.150 velocity=0.003 state=IDLE_HOLD
[fastlio_bridge_node-2] [INFO] [1786262854.090809247] [fastlio_bridge_node]: 已桥接并转换里程计: ENU(-0.00, 0.01, -0.02) -> NED(0.00, 0.01, 0.02)
[ego_planner_node-10] [FSM]: state: WAIT_TARGET
[ego_planner_node-10] wait for goal or trigger.
[offboard_waypoint_node-1] [INFO] [1786262854.168163144] [offboard_waypoint_node]: [CONTROL_ARBITER] selected_source=safety_hold state=IDLE_HOLD
[super_planner_ros2_node-6] [INFO] [1786262854.324806814] [super_planner_ros2_node]: SUPER_ROS2 mode=IDLE enable_output=false reason=NO_GOAL odom=(-0.00,0.01,-0.10) goal=none tracking_setpoint_enu=(-0.00,0.01,0.78) setpoint_ned=none yaw(desired/cmd/rate)=(0.00/0.00/0.00) cross_track=0.00 frame_id=px4_ned path_points=0 odom_source=/mavros/local_position/odom cloud_source=none mavros_connected=true
[offboard_waypoint_node-1] [INFO] [1786262854.818139038] [offboard_waypoint_node]: [HOLD_ERROR] position_error=0.151 velocity=0.004 state=IDLE_HOLD
[ego_planner_node-10] [FSM]: state: WAIT_TARGET
[ego_planner_node-10] wait for goal or trigger.
[offboard_waypoint_node-1] [INFO] [1786262855.168182010] [offboard_waypoint_node]: [CONTROL_ARBITER] selected_source=safety_hold state=IDLE_HOLD
[super_planner_ros2_node-6] [INFO] [1786262855.324839866] [super_planner_ros2_node]: SUPER_ROS2 mode=IDLE enable_output=false reason=NO_GOAL odom=(0.00,0.01,-0.10) goal=none tracking_setpoint_enu=(0.00,0.01,0.78) setpoint_ned=none yaw(desired/cmd/rate)=(0.00/0.00/0.00) cross_track=0.00 frame_id=px4_ned path_points=0 odom_source=/mavros/local_position/odom cloud_source=none mavros_connected=true
[offboard_waypoint_node-1] [INFO] [1786262855.818139292] [offboard_waypoint_node]: [HOLD_ERROR] position_error=0.150 velocity=0.008 state=IDLE_HOLD
[fastlio_bridge_node-2] [INFO] [1786262856.083656737] [fastlio_bridge_node]: 已桥接并转换里程计: ENU(-0.00, 0.01, -0.02) -> NED(0.00, 0.01, 0.02)
[ego_planner_node-10] [FSM]: state: WAIT_TARGET
[ego_planner_node-10] wait for goal or trigger.
[offboard_waypoint_node-1] [INFO] [1786262856.169926631] [offboard_waypoint_node]: [CONTROL_ARBITER] selected_source=safety_hold state=IDLE_HOLD
[super_planner_ros2_node-6] [INFO] [1786262856.324997489] [super_planner_ros2_node]: SUPER_ROS2 mode=IDLE enable_output=false reason=NO_GOAL odom=(0.00,0.02,-0.10) goal=none tracking_setpoint_enu=(0.00,0.02,0.78) setpoint_ned=none yaw(desired/cmd/rate)=(0.00/0.00/0.00) cross_track=0.00 frame_id=px4_ned path_points=0 odom_source=/mavros/local_position/odom cloud_source=none mavros_connected=true
[mapping_manager_node-5] [INFO] [1786262856.589456136] [mapping_manager_node]: Mapping status: in_flight=false, map_loaded=false, map_saved=false
[offboard_waypoint_node-1] [INFO] [1786262856.818193324] [offboard_waypoint_node]: [HOLD_ERROR] position_error=0.151 velocity=0.006 state=IDLE_HOLD
[ego_planner_node-10] [FSM]: state: WAIT_TARGET
[ego_planner_node-10] wait for goal or trigger.
[offboard_waypoint_node-1] [INFO] [1786262857.218222401] [offboard_waypoint_node]: [CONTROL_ARBITER] selected_source=safety_hold state=IDLE_HOLD
[super_planner_ros2_node-6] [INFO] [1786262857.375069411] [super_planner_ros2_node]: SUPER_ROS2 mode=IDLE enable_output=false reason=NO_GOAL odom=(0.00,0.01,-0.10) goal=none tracking_setpoint_enu=(0.00,0.01,0.78) setpoint_ned=none yaw(desired/cmd/rate)=(0.00/0.00/0.00) cross_track=0.00 frame_id=px4_ned path_points=0 odom_source=/mavros/local_position/odom cloud_source=none mavros_connected=true
[offboard_waypoint_node-1] [INFO] [1786262857.818263304] [offboard_waypoint_node]: [HOLD_ERROR] position_error=0.153 velocity=0.001 state=IDLE_HOLD
[fastlio_bridge_node-2] [INFO] [1786262858.079836347] [fastlio_bridge_node]: 已桥接并转换里程计: ENU(0.00, 0.01, -0.02) -> NED(-0.00, 0.01, 0.02)
[ego_planner_node-10] [FSM]: state: WAIT_TARGET
[ego_planner_node-10] wait for goal or trigger.
[offboard_waypoint_node-1] [INFO] [1786262858.268266704] [offboard_waypoint_node]: [CONTROL_ARBITER] selected_source=safety_hold state=IDLE_HOLD
[super_planner_ros2_node-6] [INFO] [1786262858.425477025] [super_planner_ros2_node]: SUPER_ROS2 mode=IDLE enable_output=false reason=NO_GOAL odom=(-0.00,0.01,-0.10) goal=none tracking_setpoint_enu=(-0.00,0.01,0.78) setpoint_ned=none yaw(desired/cmd/rate)=(0.00/0.00/0.00) cross_track=0.00 frame_id=px4_ned path_points=0 odom_source=/mavros/local_position/odom cloud_source=none mavros_connected=true
[offboard_waypoint_node-1] [INFO] [1786262858.868282454] [offboard_waypoint_node]: [HOLD_ERROR] position_error=0.156 velocity=0.005 state=IDLE_HOLD
[ego_planner_node-10] [FSM]: state: WAIT_TARGET
[ego_planner_node-10] wait for goal or trigger.
[offboard_waypoint_node-1] [INFO] [1786262859.268298728] [offboard_waypoint_node]: [CONTROL_ARBITER] selected_source=safety_hold state=IDLE_HOLD
[super_planner_ros2_node-6] [INFO] [1786262859.474945902] [super_planner_ros2_node]: SUPER_ROS2 mode=IDLE enable_output=false reason=NO_GOAL odom=(-0.00,0.01,-0.10) goal=none tracking_setpoint_enu=(-0.00,0.01,0.78) setpoint_ned=none yaw(desired/cmd/rate)=(0.00/0.00/0.00) cross_track=0.00 frame_id=px4_ned path_points=0 odom_source=/mavros/local_position/odom cloud_source=none mavros_connected=true
[offboard_waypoint_node-1] [INFO] [1786262859.918267432] [offboard_waypoint_node]: [HOLD_ERROR] position_error=0.153 velocity=0.008 state=IDLE_HOLD
[fastlio_bridge_node-2] [INFO] [1786262860.079806038] [fastlio_bridge_node]: 已桥接并转换里程计: ENU(-0.00, 0.01, -0.02) -> NED(0.00, 0.01, 0.02)
[ego_planner_node-10] [FSM]: state: WAIT_TARGET
[ego_planner_node-10] wait for goal or trigger.
[offboard_waypoint_node-1] [INFO] [1786262860.268299079] [offboard_waypoint_node]: [CONTROL_ARBITER] selected_source=safety_hold state=IDLE_HOLD
[super_planner_ros2_node-6] [INFO] [1786262860.475021362] [super_planner_ros2_node]: SUPER_ROS2 mode=IDLE enable_output=false reason=NO_GOAL odom=(-0.00,0.02,-0.10) goal=none tracking_setpoint_enu=(-0.00,0.02,0.78) setpoint_ned=none yaw(desired/cmd/rate)=(0.00/0.00/0.00) cross_track=0.00 frame_id=px4_ned path_points=0 odom_source=/mavros/local_position/odom cloud_source=none mavros_connected=true
[offboard_waypoint_node-1] [INFO] [1786262860.918322983] [offboard_waypoint_node]: [HOLD_ERROR] position_error=0.152 velocity=0.010 state=IDLE_HOLD
[ego_planner_node-10] [FSM]: state: WAIT_TARGET
[ego_planner_node-10] wait for goal or trigger.
[offboard_waypoint_node-1] [INFO] [1786262861.268305274] [offboard_waypoint_node]: [CONTROL_ARBITER] selected_source=safety_hold state=IDLE_HOLD
[super_planner_ros2_node-6] [INFO] [1786262861.524991404] [super_planner_ros2_node]: SUPER_ROS2 mode=IDLE enable_output=false reason=NO_GOAL odom=(0.00,0.02,-0.10) goal=none tracking_setpoint_enu=(0.00,0.02,0.78) setpoint_ned=none yaw(desired/cmd/rate)=(0.00/0.00/0.00) cross_track=0.00 frame_id=px4_ned path_points=0 odom_source=/mavros/local_position/odom cloud_source=none mavros_connected=true
[offboard_waypoint_node-1] [INFO] [1786262861.968379884] [offboard_waypoint_node]: [HOLD_ERROR] position_error=0.154 velocity=0.006 state=IDLE_HOLD
[fastlio_bridge_node-2] [INFO] [1786262862.079960587] [fastlio_bridge_node]: 已桥接并转换里程计: ENU(-0.00, 0.02, -0.02) -> NED(0.00, 0.02, 0.02)
[ego_planner_node-10] [FSM]: state: WAIT_TARGET
[ego_planner_node-10] wait for goal or trigger.
[offboard_waypoint_node-1] [INFO] [1786262862.268372352] [offboard_waypoint_node]: [CONTROL_ARBITER] selected_source=safety_hold state=IDLE_HOLD
[super_planner_ros2_node-6] [INFO] [1786262862.525067168] [super_planner_ros2_node]: SUPER_ROS2 mode=IDLE enable_output=false reason=NO_GOAL odom=(0.00,0.01,-0.10) goal=none tracking_setpoint_enu=(0.00,0.01,0.78) setpoint_ned=none yaw(desired/cmd/rate)=(0.00/0.00/0.00) cross_track=0.00 frame_id=px4_ned path_points=0 odom_source=/mavros/local_position/odom cloud_source=none mavros_connected=true
[offboard_waypoint_node-1] [INFO] [1786262863.018435017] [offboard_waypoint_node]: [HOLD_ERROR] position_error=0.155 velocity=0.003 state=IDLE_HOLD
[ego_planner_node-10] [FSM]: state: WAIT_TARGET
[ego_planner_node-10] wait for goal or trigger.
[offboard_waypoint_node-1] [INFO] [1786262863.268387745] [offboard_waypoint_node]: [CONTROL_ARBITER] selected_source=safety_hold state=IDLE_HOLD
[super_planner_ros2_node-6] [INFO] [1786262863.575018497] [super_planner_ros2_node]: SUPER_ROS2 mode=IDLE enable_output=false reason=NO_GOAL odom=(-0.00,0.01,-0.10) goal=none tracking_setpoint_enu=(-0.00,0.01,0.78) setpoint_ned=none yaw(desired/cmd/rate)=(0.00/0.00/0.00) cross_track=0.00 frame_id=px4_ned path_points=0 odom_source=/mavros/local_position/odom cloud_source=none mavros_connected=true
[offboard_waypoint_node-1] [INFO] [1786262864.068340343] [offboard_waypoint_node]: [HOLD_ERROR] position_error=0.157 velocity=0.001 state=IDLE_HOLD
[fastlio_bridge_node-2] [INFO] [1786262864.090148732] [fastlio_bridge_node]: 已桥接并转换里程计: ENU(-0.00, 0.01, -0.02) -> NED(0.00, 0.01, 0.02)
[ego_planner_node-10] [FSM]: state: WAIT_TARGET
[ego_planner_node-10] wait for goal or trigger.
[offboard_waypoint_node-1] [INFO] [1786262864.318366329] [offboard_waypoint_node]: [CONTROL_ARBITER] selected_source=safety_hold state=IDLE_HOLD
[super_planner_ros2_node-6] [INFO] [1786262864.575048369] [super_planner_ros2_node]: SUPER_ROS2 mode=IDLE enable_output=false reason=NO_GOAL odom=(-0.00,0.01,-0.10) goal=none tracking_setpoint_enu=(-0.00,0.01,0.78) setpoint_ned=none yaw(desired/cmd/rate)=(0.00/0.00/0.00) cross_track=0.00 frame_id=px4_ned path_points=0 odom_source=/mavros/local_position/odom cloud_source=none mavros_connected=true
[offboard_waypoint_node-1] [INFO] [1786262865.068381270] [offboard_waypoint_node]: [HOLD_ERROR] position_error=0.156 velocity=0.009 state=IDLE_HOLD
[ego_planner_node-10] [FSM]: state: WAIT_TARGET
[ego_planner_node-10] wait for goal or trigger.
[offboard_waypoint_node-1] [INFO] [1786262865.318399656] [offboard_waypoint_node]: [CONTROL_ARBITER] selected_source=safety_hold state=IDLE_HOLD
[super_planner_ros2_node-6] [INFO] [1786262865.575106979] [super_planner_ros2_node]: SUPER_ROS2 mode=IDLE enable_output=false reason=NO_GOAL odom=(0.00,0.02,-0.10) goal=none tracking_setpoint_enu=(0.00,0.02,0.78) setpoint_ned=none yaw(desired/cmd/rate)=(0.00/0.00/0.00) cross_track=0.00 frame_id=px4_ned path_points=0 odom_source=/mavros/local_position/odom cloud_source=none mavros_connected=true
[offboard_waypoint_node-1] [INFO] [1786262865.901310480] [offboard_waypoint_node]: [EV_HEALTH] state=SUSPECT continuous_healthy=0.00s
[offboard_waypoint_node-1] [INFO] [1786262866.068423968] [offboard_waypoint_node]: [HOLD_ERROR] position_error=0.158 velocity=0.013 state=IDLE_HOLD
[fastlio_bridge_node-2] [INFO] [1786262866.080682282] [fastlio_bridge_node]: 已桥接并转换里程计: ENU(0.00, 0.02, -0.02) -> NED(-0.00, 0.02, 0.02)
[ego_planner_node-10] [FSM]: state: WAIT_TARGET
[ego_planner_node-10] wait for goal or trigger.
[offboard_waypoint_node-1] [INFO] [1786262866.318458274] [offboard_waypoint_node]: [CONTROL_ARBITER] selected_source=safety_hold state=IDLE_HOLD
[super_planner_ros2_node-6] [INFO] [1786262866.575121102] [super_planner_ros2_node]: SUPER_ROS2 mode=IDLE enable_output=false reason=NO_GOAL odom=(0.01,0.03,-0.11) goal=none tracking_setpoint_enu=(0.01,0.03,0.78) setpoint_ned=none yaw(desired/cmd/rate)=(0.00/0.00/0.00) cross_track=0.00 frame_id=px4_ned path_points=0 odom_source=/mavros/local_position/odom cloud_source=none mavros_connected=true
[offboard_waypoint_node-1] [INFO] [1786262867.068598676] [offboard_waypoint_node]: [HOLD_ERROR] position_error=0.158 velocity=0.014 state=IDLE_HOLD
[ego_planner_node-10] [FSM]: state: WAIT_TARGET
[ego_planner_node-10] wait for goal or trigger.
[offboard_waypoint_node-1] [INFO] [1786262867.318607587] [offboard_waypoint_node]: [CONTROL_ARBITER] selected_source=safety_hold state=IDLE_HOLD
[super_planner_ros2_node-6] [INFO] [1786262867.575233545] [super_planner_ros2_node]: SUPER_ROS2 mode=IDLE enable_output=false reason=NO_GOAL odom=(0.01,0.02,-0.10) goal=none tracking_setpoint_enu=(0.01,0.02,0.78) setpoint_ned=none yaw(desired/cmd/rate)=(0.00/0.00/0.00) cross_track=0.00 frame_id=px4_ned path_points=0 odom_source=/mavros/local_position/odom cloud_source=none mavros_connected=true
[fastlio_bridge_node-2] [INFO] [1786262868.079717226] [fastlio_bridge_node]: 已桥接并转换里程计: ENU(0.00, 0.01, -0.02) -> NED(-0.00, 0.01, 0.02)
[offboard_waypoint_node-1] [INFO] [1786262868.118442712] [offboard_waypoint_node]: [HOLD_ERROR] position_error=0.157 velocity=0.009 state=IDLE_HOLD
[ego_planner_node-10] [FSM]: state: WAIT_TARGET
[ego_planner_node-10] wait for goal or trigger.
[offboard_waypoint_node-1] [INFO] [1786262868.368495291] [offboard_waypoint_node]: [CONTROL_ARBITER] selected_source=safety_hold state=IDLE_HOLD
[super_planner_ros2_node-6] [INFO] [1786262868.625191568] [super_planner_ros2_node]: SUPER_ROS2 mode=IDLE enable_output=false reason=NO_GOAL odom=(0.01,0.02,-0.10) goal=none tracking_setpoint_enu=(0.01,0.02,0.78) setpoint_ned=none yaw(desired/cmd/rate)=(0.00/0.00/0.00) cross_track=0.00 frame_id=px4_ned path_points=0 odom_source=/mavros/local_position/odom cloud_source=none mavros_connected=true
[offboard_waypoint_node-1] [INFO] [1786262869.118468849] [offboard_waypoint_node]: [HOLD_ERROR] position_error=0.155 velocity=0.007 state=IDLE_HOLD
[ego_planner_node-10] [FSM]: state: WAIT_TARGET
[ego_planner_node-10] wait for goal or trigger.
[offboard_waypoint_node-1] [INFO] [1786262869.368542212] [offboard_waypoint_node]: [CONTROL_ARBITER] selected_source=safety_hold state=IDLE_HOLD
[super_planner_ros2_node-6] [INFO] [1786262869.882419573] [super_planner_ros2_node]: SUPER_ROS2 mode=IDLE enable_output=false reason=NO_GOAL odom=(0.01,0.02,-0.10) goal=none tracking_setpoint_enu=(0.01,0.02,0.78) setpoint_ned=none yaw(desired/cmd/rate)=(0.00/0.00/0.00) cross_track=0.00 frame_id=px4_ned path_points=0 odom_source=/mavros/local_position/odom cloud_source=none mavros_connected=true
[fastlio_bridge_node-2] [INFO] [1786262870.080867244] [fastlio_bridge_node]: 已桥接并转换里程计: ENU(-0.00, 0.02, -0.02) -> NED(0.00, 0.02, 0.02)
[offboard_waypoint_node-1] [INFO] [1786262870.118510256] [offboard_waypoint_node]: [HOLD_ERROR] position_error=0.154 velocity=0.006 state=IDLE_HOLD
[ego_planner_node-10] [FSM]: state: WAIT_TARGET
[ego_planner_node-10] wait for goal or trigger.
[offboard_waypoint_node-1] [INFO] [1786262870.418535627] [offboard_waypoint_node]: [CONTROL_ARBITER] selected_source=safety_hold state=IDLE_HOLD
[super_planner_ros2_node-6] [INFO] [1786262870.925385262] [super_planner_ros2_node]: SUPER_ROS2 mode=IDLE enable_output=false reason=NO_GOAL odom=(0.00,0.02,-0.10) goal=none tracking_setpoint_enu=(0.00,0.02,0.78) setpoint_ned=none yaw(desired/cmd/rate)=(0.00/0.00/0.00) cross_track=0.00 frame_id=px4_ned path_points=0 odom_source=/mavros/local_position/odom cloud_source=none mavros_connected=true
[offboard_waypoint_node-1] [INFO] [1786262871.118517067] [offboard_waypoint_node]: [HOLD_ERROR] position_error=0.154 velocity=0.009 state=IDLE_HOLD
[ego_planner_node-10] [FSM]: state: WAIT_TARGET
[ego_planner_node-10] wait for goal or trigger.
[offboard_waypoint_node-1] [INFO] [1786262871.418546909] [offboard_waypoint_node]: [CONTROL_ARBITER] selected_source=safety_hold state=IDLE_HOLD
[super_planner_ros2_node-6] [INFO] [1786262871.975372193] [super_planner_ros2_node]: SUPER_ROS2 mode=IDLE enable_output=false reason=NO_GOAL odom=(0.00,0.02,-0.10) goal=none tracking_setpoint_enu=(0.00,0.02,0.78) setpoint_ned=none yaw(desired/cmd/rate)=(0.00/0.00/0.00) cross_track=0.00 frame_id=px4_ned path_points=0 odom_source=/mavros/local_position/odom cloud_source=none mavros_connected=true
[offboard_waypoint_node-1] [INFO] [1786262871.987466389] [offboard_waypoint_node]: [EV_HEALTH] state=HEALTHY continuous_healthy=0.00s
[fastlio_bridge_node-2] [INFO] [1786262872.079440421] [fastlio_bridge_node]: 已桥接并转换里程计: ENU(-0.00, 0.01, -0.02) -> NED(0.00, 0.01, 0.02)
[offboard_waypoint_node-1] [INFO] [1786262872.118536740] [offboard_waypoint_node]: [HOLD_ERROR] position_error=0.155 velocity=0.002 state=IDLE_HOLD
[ego_planner_node-10] [FSM]: state: WAIT_TARGET
[ego_planner_node-10] wait for goal or trigger.
[offboard_waypoint_node-1] [INFO] [1786262872.418583781] [offboard_waypoint_node]: [CONTROL_ARBITER] selected_source=safety_hold state=IDLE_HOLD
[super_planner_ros2_node-6] [INFO] [1786262873.025572543] [super_planner_ros2_node]: SUPER_ROS2 mode=IDLE enable_output=false reason=NO_GOAL odom=(0.00,0.01,-0.10) goal=none tracking_setpoint_enu=(0.00,0.01,0.78) setpoint_ned=none yaw(desired/cmd/rate)=(0.00/0.00/0.00) cross_track=0.00 frame_id=px4_ned path_points=0 odom_source=/mavros/local_position/odom cloud_source=none mavros_connected=true
[offboard_waypoint_node-1] [INFO] [1786262873.118576948] [offboard_waypoint_node]: [HOLD_ERROR] position_error=0.154 velocity=0.004 state=IDLE_HOLD
[ego_planner_node-10] [FSM]: state: WAIT_TARGET
[ego_planner_node-10] wait for goal or trigger.
[offboard_waypoint_node-1] [INFO] [1786262873.418633825] [offboard_waypoint_node]: [CONTROL_ARBITER] selected_source=safety_hold state=IDLE_HOLD
[super_planner_ros2_node-6] [INFO] [1786262874.075289879] [super_planner_ros2_node]: SUPER_ROS2 mode=IDLE enable_output=false reason=NO_GOAL odom=(0.00,0.01,-0.10) goal=none tracking_setpoint_enu=(0.00,0.01,0.78) setpoint_ned=none yaw(desired/cmd/rate)=(0.00/0.00/0.00) cross_track=0.00 frame_id=px4_ned path_points=0 odom_source=/mavros/local_position/odom cloud_source=none mavros_connected=true
[fastlio_bridge_node-2] [INFO] [1786262874.079677847] [fastlio_bridge_node]: 已桥接并转换里程计: ENU(0.00, 0.02, -0.02) -> NED(-0.00, 0.02, 0.02)
[offboard_waypoint_node-1] [INFO] [1786262874.118578449] [offboard_waypoint_node]: [HOLD_ERROR] position_error=0.155 velocity=0.004 state=IDLE_HOLD
[ego_planner_node-10] [FSM]: state: WAIT_TARGET
[ego_planner_node-10] wait for goal or trigger.
[offboard_waypoint_node-1] [INFO] [1786262874.468733699] [offboard_waypoint_node]: [CONTROL_ARBITER] selected_source=safety_hold state=IDLE_HOLD
[super_planner_ros2_node-6] [INFO] [1786262875.075348831] [super_planner_ros2_node]: SUPER_ROS2 mode=IDLE enable_output=false reason=NO_GOAL odom=(0.00,0.01,-0.10) goal=none tracking_setpoint_enu=(0.00,0.01,0.78) setpoint_ned=none yaw(desired/cmd/rate)=(0.00/0.00/0.00) cross_track=0.00 frame_id=px4_ned path_points=0 odom_source=/mavros/local_position/odom cloud_source=none mavros_connected=true
[offboard_waypoint_node-1] [INFO] [1786262875.118618199] [offboard_waypoint_node]: [HOLD_ERROR] position_error=0.156 velocity=0.002 state=IDLE_HOLD
[ego_planner_node-10] [FSM]: state: WAIT_TARGET
[ego_planner_node-10] wait for goal or trigger.
[offboard_waypoint_node-1] [INFO] [1786262875.468991744] [offboard_waypoint_node]: [CONTROL_ARBITER] selected_source=safety_hold state=IDLE_HOLD
[super_planner_ros2_node-6] [INFO] [1786262876.075622751] [super_planner_ros2_node]: SUPER_ROS2 mode=IDLE enable_output=false reason=NO_GOAL odom=(0.00,0.01,-0.10) goal=none tracking_setpoint_enu=(0.00,0.01,0.78) setpoint_ned=none yaw(desired/cmd/rate)=(0.00/0.00/0.00) cross_track=0.00 frame_id=px4_ned path_points=0 odom_source=/mavros/local_position/odom cloud_source=none mavros_connected=true
[fastlio_bridge_node-2] [INFO] [1786262876.079380337] [fastlio_bridge_node]: 已桥接并转换里程计: ENU(-0.00, 0.01, -0.02) -> NED(0.00, 0.01, 0.02)
[offboard_waypoint_node-1] [INFO] [1786262876.168656576] [offboard_waypoint_node]: [HOLD_ERROR] position_error=0.156 velocity=0.006 state=IDLE_HOLD
[ego_planner_node-10] [FSM]: state: WAIT_TARGET
[ego_planner_node-10] wait for goal or trigger.
[offboard_waypoint_node-1] [INFO] [1786262876.518684154] [offboard_waypoint_node]: [CONTROL_ARBITER] selected_source=safety_hold state=IDLE_HOLD
[super_planner_ros2_node-6] [INFO] [1786262877.125486368] [super_planner_ros2_node]: SUPER_ROS2 mode=IDLE enable_output=false reason=NO_GOAL odom=(0.00,0.02,-0.10) goal=none tracking_setpoint_enu=(0.00,0.02,0.78) setpoint_ned=none yaw(desired/cmd/rate)=(0.00/0.00/0.00) cross_track=0.00 frame_id=px4_ned path_points=0 odom_source=/mavros/local_position/odom cloud_source=none mavros_connected=true
[offboard_waypoint_node-1] [INFO] [1786262877.168732192] [offboard_waypoint_node]: [HOLD_ERROR] position_error=0.157 velocity=0.011 state=IDLE_HOLD
[ego_planner_node-10] [FSM]: state: WAIT_TARGET
[ego_planner_node-10] wait for goal or trigger.
[offboard_waypoint_node-1] [INFO] [1786262877.568729630] [offboard_waypoint_node]: [CONTROL_ARBITER] selected_source=safety_hold state=IDLE_HOLD
[fastlio_bridge_node-2] [INFO] [1786262878.080855943] [fastlio_bridge_node]: 已桥接并转换里程计: ENU(0.00, 0.02, -0.02) -> NED(-0.00, 0.02, 0.02)
[super_planner_ros2_node-6] [INFO] [1786262878.175372037] [super_planner_ros2_node]: SUPER_ROS2 mode=IDLE enable_output=false reason=NO_GOAL odom=(0.00,0.02,-0.10) goal=none tracking_setpoint_enu=(0.00,0.02,0.78) setpoint_ned=none yaw(desired/cmd/rate)=(0.00/0.00/0.00) cross_track=0.00 frame_id=px4_ned path_points=0 odom_source=/mavros/local_position/odom cloud_source=none mavros_connected=true
[offboard_waypoint_node-1] [INFO] [1786262878.218701472] [offboard_waypoint_node]: [HOLD_ERROR] position_error=0.157 velocity=0.011 state=IDLE_HOLD
[ego_planner_node-10] [FSM]: state: WAIT_TARGET
[ego_planner_node-10] wait for goal or trigger.
[offboard_waypoint_node-1] [INFO] [1786262878.568752668] [offboard_waypoint_node]: [CONTROL_ARBITER] selected_source=safety_hold state=IDLE_HOLD
[super_planner_ros2_node-6] [INFO] [1786262879.175427408] [super_planner_ros2_node]: SUPER_ROS2 mode=IDLE enable_output=false reason=NO_GOAL odom=(0.00,0.02,-0.10) goal=none tracking_setpoint_enu=(0.00,0.02,0.78) setpoint_ned=none yaw(desired/cmd/rate)=(0.00/0.00/0.00) cross_track=0.00 frame_id=px4_ned path_points=0 odom_source=/mavros/local_position/odom cloud_source=none mavros_connected=true
[offboard_waypoint_node-1] [INFO] [1786262879.268717445] [offboard_waypoint_node]: [HOLD_ERROR] position_error=0.156 velocity=0.006 state=IDLE_HOLD
[ego_planner_node-10] [FSM]: state: WAIT_TARGET
[ego_planner_node-10] wait for goal or trigger.
[offboard_waypoint_node-1] [INFO] [1786262879.568806633] [offboard_waypoint_node]: [CONTROL_ARBITER] selected_source=safety_hold state=IDLE_HOLD
[fastlio_bridge_node-2] [INFO] [1786262880.080418912] [fastlio_bridge_node]: 已桥接并转换里程计: ENU(0.00, 0.01, -0.02) -> NED(-0.00, 0.01, 0.02)
[super_planner_ros2_node-6] [INFO] [1786262880.175504374] [super_planner_ros2_node]: SUPER_ROS2 mode=IDLE enable_output=false reason=NO_GOAL odom=(-0.00,0.02,-0.10) goal=none tracking_setpoint_enu=(-0.00,0.02,0.78) setpoint_ned=none yaw(desired/cmd/rate)=(0.00/0.00/0.00) cross_track=0.00 frame_id=px4_ned path_points=0 odom_source=/mavros/local_position/odom cloud_source=none mavros_connected=true
[offboard_waypoint_node-1] [INFO] [1786262880.268735266] [offboard_waypoint_node]: [HOLD_ERROR] position_error=0.154 velocity=0.002 state=IDLE_HOLD
[ego_planner_node-10] [FSM]: state: WAIT_TARGET
[ego_planner_node-10] wait for goal or trigger.
[offboard_waypoint_node-1] [INFO] [1786262880.568820221] [offboard_waypoint_node]: [CONTROL_ARBITER] selected_source=safety_hold state=IDLE_HOLD
[super_planner_ros2_node-6] [INFO] [1786262881.225772870] [super_planner_ros2_node]: SUPER_ROS2 mode=IDLE enable_output=false reason=NO_GOAL odom=(0.00,0.01,-0.10) goal=none tracking_setpoint_enu=(0.00,0.01,0.78) setpoint_ned=none yaw(desired/cmd/rate)=(0.00/0.00/0.00) cross_track=0.00 frame_id=px4_ned path_points=0 odom_source=/mavros/local_position/odom cloud_source=none mavros_connected=true
[offboard_waypoint_node-1] [INFO] [1786262881.268745636] [offboard_waypoint_node]: [HOLD_ERROR] position_error=0.155 velocity=0.005 state=IDLE_HOLD
[ego_planner_node-10] [FSM]: state: WAIT_TARGET
[ego_planner_node-10] wait for goal or trigger.
[offboard_waypoint_node-1] [INFO] [1786262881.618796397] [offboard_waypoint_node]: [CONTROL_ARBITER] selected_source=safety_hold state=IDLE_HOLD
[fastlio_bridge_node-2] [INFO] [1786262882.080842595] [fastlio_bridge_node]: 已桥接并转换里程计: ENU(0.00, 0.02, -0.02) -> NED(-0.00, 0.02, 0.02)
[offboard_waypoint_node-1] [INFO] [1786262882.268865449] [offboard_waypoint_node]: [HOLD_ERROR] position_error=0.156 velocity=0.003 state=IDLE_HOLD
[super_planner_ros2_node-6] [INFO] [1786262882.275463016] [super_planner_ros2_node]: SUPER_ROS2 mode=IDLE enable_output=false reason=NO_GOAL odom=(0.01,0.01,-0.10) goal=none tracking_setpoint_enu=(0.01,0.01,0.78) setpoint_ned=none yaw(desired/cmd/rate)=(0.00/0.00/0.00) cross_track=0.00 frame_id=px4_ned path_points=0 odom_source=/mavros/local_position/odom cloud_source=none mavros_connected=true
[ego_planner_node-10] [FSM]: state: WAIT_TARGET
[ego_planner_node-10] wait for goal or trigger.
[offboard_waypoint_node-1] [INFO] [1786262882.618863221] [offboard_waypoint_node]: [CONTROL_ARBITER] selected_source=safety_hold state=IDLE_HOLD
[super_planner_ros2_node-6] [INFO] [1786262883.275498742] [super_planner_ros2_node]: SUPER_ROS2 mode=IDLE enable_output=false reason=NO_GOAL odom=(0.00,0.02,-0.11) goal=none tracking_setpoint_enu=(0.00,0.02,0.78) setpoint_ned=none yaw(desired/cmd/rate)=(0.00/0.00/0.00) cross_track=0.00 frame_id=px4_ned path_points=0 odom_source=/mavros/local_position/odom cloud_source=none mavros_connected=true
[offboard_waypoint_node-1] [INFO] [1786262883.318772954] [offboard_waypoint_node]: [HOLD_ERROR] position_error=0.159 velocity=0.001 state=IDLE_HOLD
[ego_planner_node-10] [FSM]: state: WAIT_TARGET
[ego_planner_node-10] wait for goal or trigger.
[offboard_waypoint_node-1] [INFO] [1786262883.618878952] [offboard_waypoint_node]: [CONTROL_ARBITER] selected_source=safety_hold state=IDLE_HOLD
[fastlio_bridge_node-2] [INFO] [1786262884.080765126] [fastlio_bridge_node]: 已桥接并转换里程计: ENU(0.00, 0.01, -0.02) -> NED(-0.00, 0.01, 0.02)
[super_planner_ros2_node-6] [INFO] [1786262884.275502582] [super_planner_ros2_node]: SUPER_ROS2 mode=IDLE enable_output=false reason=NO_GOAL odom=(0.00,0.01,-0.11) goal=none tracking_setpoint_enu=(0.00,0.01,0.78) setpoint_ned=none yaw(desired/cmd/rate)=(0.00/0.00/0.00) cross_track=0.00 frame_id=px4_ned path_points=0 odom_source=/mavros/local_position/odom cloud_source=none mavros_connected=true
[offboard_waypoint_node-1] [INFO] [1786262884.318838965] [offboard_waypoint_node]: [HOLD_ERROR] position_error=0.160 velocity=0.008 state=IDLE_HOLD
[ego_planner_node-10] [FSM]: state: WAIT_TARGET
[ego_planner_node-10] wait for goal or trigger.
[offboard_waypoint_node-1] [INFO] [1786262884.668873946] [offboard_waypoint_node]: [CONTROL_ARBITER] selected_source=safety_hold state=IDLE_HOLD
[super_planner_ros2_node-6] [INFO] [1786262885.275544504] [super_planner_ros2_node]: SUPER_ROS2 mode=IDLE enable_output=false reason=NO_GOAL odom=(0.01,0.01,-0.11) goal=none tracking_setpoint_enu=(0.01,0.01,0.78) setpoint_ned=none yaw(desired/cmd/rate)=(0.00/0.00/0.00) cross_track=0.00 frame_id=px4_ned path_points=0 odom_source=/mavros/local_position/odom cloud_source=none mavros_connected=true
[offboard_waypoint_node-1] [INFO] [1786262885.368868758] [offboard_waypoint_node]: [HOLD_ERROR] position_error=0.160 velocity=0.008 state=IDLE_HOLD
[ego_planner_node-10] [FSM]: state: WAIT_TARGET
[ego_planner_node-10] wait for goal or trigger.
[offboard_waypoint_node-1] [INFO] [1786262885.668932914] [offboard_waypoint_node]: [CONTROL_ARBITER] selected_source=safety_hold state=IDLE_HOLD
[fastlio_bridge_node-2] [INFO] [1786262886.080595278] [fastlio_bridge_node]: 已桥接并转换里程计: ENU(0.00, 0.02, -0.02) -> NED(-0.00, 0.02, 0.02)
[super_planner_ros2_node-6] [INFO] [1786262886.275568523] [super_planner_ros2_node]: SUPER_ROS2 mode=IDLE enable_output=false reason=NO_GOAL odom=(0.00,0.01,-0.10) goal=none tracking_setpoint_enu=(0.00,0.01,0.78) setpoint_ned=none yaw(desired/cmd/rate)=(0.00/0.00/0.00) cross_track=0.00 frame_id=px4_ned path_points=0 odom_source=/mavros/local_position/odom cloud_source=none mavros_connected=true
[offboard_waypoint_node-1] [INFO] [1786262886.418891503] [offboard_waypoint_node]: [HOLD_ERROR] position_error=0.158 velocity=0.002 state=IDLE_HOLD
[ego_planner_node-10] [FSM]: state: WAIT_TARGET
[ego_planner_node-10] wait for goal or trigger.
[mapping_manager_node-5] [INFO] [1786262886.590104016] [mapping_manager_node]: Mapping status: in_flight=false, map_loaded=false, map_saved=false
[offboard_waypoint_node-1] [INFO] [1786262886.718897876] [offboard_waypoint_node]: [CONTROL_ARBITER] selected_source=safety_hold state=IDLE_HOLD
[super_planner_ros2_node-6] [INFO] [1786262887.275763532] [super_planner_ros2_node]: SUPER_ROS2 mode=IDLE enable_output=false reason=NO_GOAL odom=(0.00,0.02,-0.10) goal=none tracking_setpoint_enu=(0.00,0.02,0.78) setpoint_ned=none yaw(desired/cmd/rate)=(0.00/0.00/0.00) cross_track=0.00 frame_id=px4_ned path_points=0 odom_source=/mavros/local_position/odom cloud_source=none mavros_connected=true
[offboard_waypoint_node-1] [INFO] [1786262887.418907879] [offboard_waypoint_node]: [HOLD_ERROR] position_error=0.157 velocity=0.007 state=IDLE_HOLD
[ego_planner_node-10] [FSM]: state: WAIT_TARGET
[ego_planner_node-10] wait for goal or trigger.
[offboard_waypoint_node-1] [INFO] [1786262887.718964220] [offboard_waypoint_node]: [CONTROL_ARBITER] selected_source=safety_hold state=IDLE_HOLD
[fastlio_bridge_node-2] [INFO] [1786262888.079812619] [fastlio_bridge_node]: 已桥接并转换里程计: ENU(-0.00, 0.01, -0.02) -> NED(0.00, 0.01, 0.02)
[super_planner_ros2_node-6] [INFO] [1786262888.325578667] [super_planner_ros2_node]: SUPER_ROS2 mode=IDLE enable_output=false reason=NO_GOAL odom=(0.00,0.02,-0.10) goal=none tracking_setpoint_enu=(0.00,0.02,0.78) setpoint_ned=none yaw(desired/cmd/rate)=(0.00/0.00/0.00) cross_track=0.00 frame_id=px4_ned path_points=0 odom_source=/mavros/local_position/odom cloud_source=none mavros_connected=true
[offboard_waypoint_node-1] [INFO] [1786262888.419027224] [offboard_waypoint_node]: [HOLD_ERROR] position_error=0.155 velocity=0.009 state=IDLE_HOLD
[ego_planner_node-10] [FSM]: state: WAIT_TARGET
[ego_planner_node-10] wait for goal or trigger.
[offboard_waypoint_node-1] [INFO] [1786262888.768937037] [offboard_waypoint_node]: [CONTROL_ARBITER] selected_source=safety_hold state=IDLE_HOLD
[super_planner_ros2_node-6] [INFO] [1786262889.325641720] [super_planner_ros2_node]: SUPER_ROS2 mode=IDLE enable_output=false reason=NO_GOAL odom=(-0.00,0.02,-0.10) goal=none tracking_setpoint_enu=(-0.00,0.02,0.78) setpoint_ned=none yaw(desired/cmd/rate)=(0.00/0.00/0.00) cross_track=0.00 frame_id=px4_ned path_points=0 odom_source=/mavros/local_position/odom cloud_source=none mavros_connected=true
[offboard_waypoint_node-1] [INFO] [1786262889.419061089] [offboard_waypoint_node]: [HOLD_ERROR] position_error=0.154 velocity=0.008 state=IDLE_HOLD
[ego_planner_node-10] [FSM]: state: WAIT_TARGET
[ego_planner_node-10] wait for goal or trigger.
[offboard_waypoint_node-1] [INFO] [1786262889.769015657] [offboard_waypoint_node]: [CONTROL_ARBITER] selected_source=safety_hold state=IDLE_HOLD
[fastlio_bridge_node-2] [INFO] [1786262890.078903644] [fastlio_bridge_node]: 已桥接并转换里程计: ENU(0.00, 0.02, -0.02) -> NED(-0.00, 0.02, 0.02)
[super_planner_ros2_node-6] [INFO] [1786262890.325732221] [super_planner_ros2_node]: SUPER_ROS2 mode=IDLE enable_output=false reason=NO_GOAL odom=(-0.00,0.02,-0.10) goal=none tracking_setpoint_enu=(-0.00,0.02,0.78) setpoint_ned=none yaw(desired/cmd/rate)=(0.00/0.00/0.00) cross_track=0.00 frame_id=px4_ned path_points=0 odom_source=/mavros/local_position/odom cloud_source=none mavros_connected=true
[offboard_waypoint_node-1] [INFO] [1786262890.469137495] [offboard_waypoint_node]: [HOLD_ERROR] position_error=0.157 velocity=0.009 state=IDLE_HOLD
[ego_planner_node-10] [FSM]: state: WAIT_TARGET
[ego_planner_node-10] wait for goal or trigger.
[offboard_waypoint_node-1] [INFO] [1786262890.769049885] [offboard_waypoint_node]: [CONTROL_ARBITER] selected_source=safety_hold state=IDLE_HOLD
[super_planner_ros2_node-6] [INFO] [1786262891.375739431] [super_planner_ros2_node]: SUPER_ROS2 mode=IDLE enable_output=false reason=NO_GOAL odom=(-0.01,0.02,-0.10) goal=none tracking_setpoint_enu=(-0.01,0.02,0.78) setpoint_ned=none yaw(desired/cmd/rate)=(0.00/0.00/0.00) cross_track=0.00 frame_id=px4_ned path_points=0 odom_source=/mavros/local_position/odom cloud_source=none mavros_connected=true
[offboard_waypoint_node-1] [INFO] [1786262891.519016380] [offboard_waypoint_node]: [HOLD_ERROR] position_error=0.156 velocity=0.008 state=IDLE_HOLD
[ego_planner_node-10] [FSM]: state: WAIT_TARGET
[ego_planner_node-10] wait for goal or trigger.
[offboard_waypoint_node-1] [INFO] [1786262891.769112951] [offboard_waypoint_node]: [CONTROL_ARBITER] selected_source=safety_hold state=IDLE_HOLD
[fastlio_bridge_node-2] [INFO] [1786262892.079533255] [fastlio_bridge_node]: 已桥接并转换里程计: ENU(-0.00, 0.02, -0.02) -> NED(0.00, 0.02, 0.02)
[super_planner_ros2_node-6] [INFO] [1786262892.376306157] [super_planner_ros2_node]: SUPER_ROS2 mode=IDLE enable_output=false reason=NO_GOAL odom=(-0.01,0.02,-0.10) goal=none tracking_setpoint_enu=(-0.01,0.02,0.78) setpoint_ned=none yaw(desired/cmd/rate)=(0.00/0.00/0.00) cross_track=0.00 frame_id=px4_ned path_points=0 odom_source=/mavros/local_position/odom cloud_source=none mavros_connected=true
[offboard_waypoint_node-1] [INFO] [1786262892.519031745] [offboard_waypoint_node]: [HOLD_ERROR] position_error=0.154 velocity=0.008 state=IDLE_HOLD
[ego_planner_node-10] [FSM]: state: WAIT_TARGET
[ego_planner_node-10] wait for goal or trigger.
[offboard_waypoint_node-1] [INFO] [1786262892.769192164] [offboard_waypoint_node]: [CONTROL_ARBITER] selected_source=safety_hold state=IDLE_HOLD
[super_planner_ros2_node-6] [INFO] [1786262893.425737470] [super_planner_ros2_node]: SUPER_ROS2 mode=IDLE enable_output=false reason=NO_GOAL odom=(-0.00,0.02,-0.10) goal=none tracking_setpoint_enu=(-0.00,0.02,0.78) setpoint_ned=none yaw(desired/cmd/rate)=(0.00/0.00/0.00) cross_track=0.00 frame_id=px4_ned path_points=0 odom_source=/mavros/local_position/odom cloud_source=none mavros_connected=true
[offboard_waypoint_node-1] [INFO] [1786262893.519052285] [offboard_waypoint_node]: [HOLD_ERROR] position_error=0.155 velocity=0.003 state=IDLE_HOLD
[ego_planner_node-10] [FSM]: state: WAIT_TARGET
[ego_planner_node-10] wait for goal or trigger.
[offboard_waypoint_node-1] [INFO] [1786262893.819079668] [offboard_waypoint_node]: [CONTROL_ARBITER] selected_source=safety_hold state=IDLE_HOLD
[fastlio_bridge_node-2] [INFO] [1786262894.080836451] [fastlio_bridge_node]: 已桥接并转换里程计: ENU(0.00, 0.02, -0.02) -> NED(-0.00, 0.02, 0.02)
[super_planner_ros2_node-6] [INFO] [1786262894.475833763] [super_planner_ros2_node]: SUPER_ROS2 mode=IDLE enable_output=false reason=NO_GOAL odom=(-0.00,0.02,-0.10) goal=none tracking_setpoint_enu=(-0.00,0.02,0.78) setpoint_ned=none yaw(desired/cmd/rate)=(0.00/0.00/0.00) cross_track=0.00 frame_id=px4_ned path_points=0 odom_source=/mavros/local_position/odom cloud_source=none mavros_connected=true
[offboard_waypoint_node-1] [INFO] [1786262894.519308667] [offboard_waypoint_node]: [HOLD_ERROR] position_error=0.157 velocity=0.003 state=IDLE_HOLD
[ego_planner_node-10] [FSM]: state: WAIT_TARGET
[ego_planner_node-10] wait for goal or trigger.
[offboard_waypoint_node-1] [INFO] [1786262894.819096060] [offboard_waypoint_node]: [CONTROL_ARBITER] selected_source=safety_hold state=IDLE_HOLD
[super_planner_ros2_node-6] [INFO] [1786262895.475860821] [super_planner_ros2_node]: SUPER_ROS2 mode=IDLE enable_output=false reason=NO_GOAL odom=(-0.00,0.01,-0.11) goal=none tracking_setpoint_enu=(-0.00,0.01,0.78) setpoint_ned=none yaw(desired/cmd/rate)=(0.00/0.00/0.00) cross_track=0.00 frame_id=px4_ned path_points=0 odom_source=/mavros/local_position/odom cloud_source=none mavros_connected=true
[offboard_waypoint_node-1] [INFO] [1786262895.569117755] [offboard_waypoint_node]: [HOLD_ERROR] position_error=0.159 velocity=0.005 state=IDLE_HOLD
[ego_planner_node-10] [FSM]: state: WAIT_TARGET
[ego_planner_node-10] wait for goal or trigger.
[offboard_waypoint_node-1] [INFO] [1786262895.819178099] [offboard_waypoint_node]: [CONTROL_ARBITER] selected_source=safety_hold state=IDLE_HOLD
[fastlio_bridge_node-2] [INFO] [1786262896.080658271] [fastlio_bridge_node]: 已桥接并转换里程计: ENU(0.00, 0.02, -0.02) -> NED(-0.00, 0.02, 0.02)
[super_planner_ros2_node-6] [INFO] [1786262896.476169273] [super_planner_ros2_node]: SUPER_ROS2 mode=IDLE enable_output=false reason=NO_GOAL odom=(-0.00,0.02,-0.10) goal=none tracking_setpoint_enu=(-0.00,0.02,0.78) setpoint_ned=none yaw(desired/cmd/rate)=(0.00/0.00/0.00) cross_track=0.00 frame_id=px4_ned path_points=0 odom_source=/mavros/local_position/odom cloud_source=none mavros_connected=true
[offboard_waypoint_node-1] [INFO] [1786262896.569131225] [offboard_waypoint_node]: [HOLD_ERROR] position_error=0.158 velocity=0.006 state=IDLE_HOLD
[ego_planner_node-10] [FSM]: state: WAIT_TARGET
[ego_planner_node-10] wait for goal or trigger.
[offboard_waypoint_node-1] [INFO] [1786262896.869259223] [offboard_waypoint_node]: [CONTROL_ARBITER] selected_source=safety_hold state=IDLE_HOLD
[super_planner_ros2_node-6] [INFO] [1786262897.525840882] [super_planner_ros2_node]: SUPER_ROS2 mode=IDLE enable_output=false reason=NO_GOAL odom=(0.00,0.02,-0.10) goal=none tracking_setpoint_enu=(0.00,0.02,0.78) setpoint_ned=none yaw(desired/cmd/rate)=(0.00/0.00/0.00) cross_track=0.00 frame_id=px4_ned path_points=0 odom_source=/mavros/local_position/odom cloud_source=none mavros_connected=true
[offboard_waypoint_node-1] [INFO] [1786262897.569146656] [offboard_waypoint_node]: [HOLD_ERROR] position_error=0.153 velocity=0.004 state=IDLE_HOLD
[ego_planner_node-10] [FSM]: state: WAIT_TARGET
[ego_planner_node-10] wait for goal or trigger.
[offboard_waypoint_node-1] [INFO] [1786262897.919461220] [offboard_waypoint_node]: [CONTROL_ARBITER] selected_source=safety_hold state=IDLE_HOLD
[fastlio_bridge_node-2] [INFO] [1786262898.080927534] [fastlio_bridge_node]: 已桥接并转换里程计: ENU(0.00, 0.02, -0.03) -> NED(-0.00, 0.02, 0.03)
[super_planner_ros2_node-6] [INFO] [1786262898.525839152] [super_planner_ros2_node]: SUPER_ROS2 mode=IDLE enable_output=false reason=NO_GOAL odom=(0.00,0.02,-0.10) goal=none tracking_setpoint_enu=(0.00,0.02,0.78) setpoint_ned=none yaw(desired/cmd/rate)=(0.00/0.00/0.00) cross_track=0.00 frame_id=px4_ned path_points=0 odom_source=/mavros/local_position/odom cloud_source=none mavros_connected=true
[offboard_waypoint_node-1] [INFO] [1786262898.569147111] [offboard_waypoint_node]: [HOLD_ERROR] position_error=0.156 velocity=0.004 state=IDLE_HOLD
[ego_planner_node-10] [FSM]: state: WAIT_TARGET
[ego_planner_node-10] wait for goal or trigger.
[offboard_waypoint_node-1] [INFO] [1786262898.969137032] [offboard_waypoint_node]: [CONTROL_ARBITER] selected_source=safety_hold state=IDLE_HOLD
[super_planner_ros2_node-6] [INFO] [1786262899.525899336] [super_planner_ros2_node]: SUPER_ROS2 mode=IDLE enable_output=false reason=NO_GOAL odom=(0.00,0.02,-0.10) goal=none tracking_setpoint_enu=(0.00,0.02,0.78) setpoint_ned=none yaw(desired/cmd/rate)=(0.00/0.00/0.00) cross_track=0.00 frame_id=px4_ned path_points=0 odom_source=/mavros/local_position/odom cloud_source=none mavros_connected=true
[offboard_waypoint_node-1] [INFO] [1786262899.569218409] [offboard_waypoint_node]: [HOLD_ERROR] position_error=0.157 velocity=0.009 state=IDLE_HOLD
[ego_planner_node-10] [FSM]: state: WAIT_TARGET
[ego_planner_node-10] wait for goal or trigger.
[offboard_waypoint_node-1] [INFO] [1786262899.969228822] [offboard_waypoint_node]: [CONTROL_ARBITER] selected_source=safety_hold state=IDLE_HOLD
[fastlio_bridge_node-2] [INFO] [1786262900.080680246] [fastlio_bridge_node]: 已桥接并转换里程计: ENU(-0.00, 0.02, -0.02) -> NED(0.00, 0.02, 0.02)
[super_planner_ros2_node-6] [INFO] [1786262900.526033215] [super_planner_ros2_node]: SUPER_ROS2 mode=IDLE enable_output=false reason=NO_GOAL odom=(0.00,0.01,-0.10) goal=none tracking_setpoint_enu=(0.00,0.01,0.78) setpoint_ned=none yaw(desired/cmd/rate)=(0.00/0.00/0.00) cross_track=0.00 frame_id=px4_ned path_points=0 odom_source=/mavros/local_position/odom cloud_source=none mavros_connected=true
[offboard_waypoint_node-1] [INFO] [1786262900.569256262] [offboard_waypoint_node]: [HOLD_ERROR] position_error=0.158 velocity=0.004 state=IDLE_HOLD
[ego_planner_node-10] [FSM]: state: WAIT_TARGET
[ego_planner_node-10] wait for goal or trigger.
[offboard_waypoint_node-1] [INFO] [1786262900.969231291] [offboard_waypoint_node]: [CONTROL_ARBITER] selected_source=safety_hold state=IDLE_HOLD
[super_planner_ros2_node-6] [INFO] [1786262901.527038234] [super_planner_ros2_node]: SUPER_ROS2 mode=IDLE enable_output=false reason=NO_GOAL odom=(0.00,0.02,-0.11) goal=none tracking_setpoint_enu=(0.00,0.02,0.78) setpoint_ned=none yaw(desired/cmd/rate)=(0.00/0.00/0.00) cross_track=0.00 frame_id=px4_ned path_points=0 odom_source=/mavros/local_position/odom cloud_source=none mavros_connected=true
[offboard_waypoint_node-1] [INFO] [1786262901.569312304] [offboard_waypoint_node]: [HOLD_ERROR] position_error=0.159 velocity=0.002 state=IDLE_HOLD
[ego_planner_node-10] [FSM]: state: WAIT_TARGET
[ego_planner_node-10] wait for goal or trigger.
[offboard_waypoint_node-1] [INFO] [1786262901.969287747] [offboard_waypoint_node]: [CONTROL_ARBITER] selected_source=safety_hold state=IDLE_HOLD
[fastlio_bridge_node-2] [INFO] [1786262902.080058300] [fastlio_bridge_node]: 已桥接并转换里程计: ENU(0.01, 0.02, -0.02) -> NED(-0.01, 0.02, 0.02)
[super_planner_ros2_node-6] [INFO] [1786262902.575947386] [super_planner_ros2_node]: SUPER_ROS2 mode=IDLE enable_output=false reason=NO_GOAL odom=(0.00,0.02,-0.10) goal=none tracking_setpoint_enu=(0.00,0.02,0.78) setpoint_ned=none yaw(desired/cmd/rate)=(0.00/0.00/0.00) cross_track=0.00 frame_id=px4_ned path_points=0 odom_source=/mavros/local_position/odom cloud_source=none mavros_connected=true
[offboard_waypoint_node-1] [INFO] [1786262902.619296308] [offboard_waypoint_node]: [HOLD_ERROR] position_error=0.158 velocity=0.007 state=IDLE_HOLD
[ego_planner_node-10] [FSM]: state: WAIT_TARGET
[ego_planner_node-10] wait for goal or trigger.
[offboard_waypoint_node-1] [INFO] [1786262902.969313578] [offboard_waypoint_node]: [CONTROL_ARBITER] selected_source=safety_hold state=IDLE_HOLD
[super_planner_ros2_node-6] [INFO] [1786262903.576054895] [super_planner_ros2_node]: SUPER_ROS2 mode=IDLE enable_output=false reason=NO_GOAL odom=(0.01,0.02,-0.10) goal=none tracking_setpoint_enu=(0.01,0.02,0.78) setpoint_ned=none yaw(desired/cmd/rate)=(0.00/0.00/0.00) cross_track=0.00 frame_id=px4_ned path_points=0 odom_source=/mavros/local_position/odom cloud_source=none mavros_connected=true
[offboard_waypoint_node-1] [INFO] [1786262903.669270784] [offboard_waypoint_node]: [HOLD_ERROR] position_error=0.158 velocity=0.008 state=IDLE_HOLD
[ego_planner_node-10] [FSM]: state: WAIT_TARGET
[ego_planner_node-10] wait for goal or trigger.
[offboard_waypoint_node-1] [INFO] [1786262904.019370708] [offboard_waypoint_node]: [CONTROL_ARBITER] selected_source=safety_hold state=IDLE_HOLD
[fastlio_bridge_node-2] [INFO] [1786262904.080031011] [fastlio_bridge_node]: 已桥接并转换里程计: ENU(0.00, 0.02, -0.02) -> NED(-0.00, 0.02, 0.02)
[super_planner_ros2_node-6] [INFO] [1786262904.625996996] [super_planner_ros2_node]: SUPER_ROS2 mode=IDLE enable_output=false reason=NO_GOAL odom=(0.00,0.02,-0.10) goal=none tracking_setpoint_enu=(0.00,0.02,0.78) setpoint_ned=none yaw(desired/cmd/rate)=(0.00/0.00/0.00) cross_track=0.00 frame_id=px4_ned path_points=0 odom_source=/mavros/local_position/odom cloud_source=none mavros_connected=true
[offboard_waypoint_node-1] [INFO] [1786262904.669303968] [offboard_waypoint_node]: [HOLD_ERROR] position_error=0.157 velocity=0.010 state=IDLE_HOLD
[ego_planner_node-10] [FSM]: state: WAIT_TARGET
[ego_planner_node-10] wait for goal or trigger.
[offboard_waypoint_node-1] [INFO] [1786262905.069297173] [offboard_waypoint_node]: [CONTROL_ARBITER] selected_source=safety_hold state=IDLE_HOLD
[super_planner_ros2_node-6] [INFO] [1786262905.626013553] [super_planner_ros2_node]: SUPER_ROS2 mode=IDLE enable_output=false reason=NO_GOAL odom=(0.00,0.01,-0.10) goal=none tracking_setpoint_enu=(0.00,0.01,0.78) setpoint_ned=none yaw(desired/cmd/rate)=(0.00/0.00/0.00) cross_track=0.00 frame_id=px4_ned path_points=0 odom_source=/mavros/local_position/odom cloud_source=none mavros_connected=true
[offboard_waypoint_node-1] [INFO] [1786262905.669311328] [offboard_waypoint_node]: [HOLD_ERROR] position_error=0.155 velocity=0.010 state=IDLE_HOLD
[ego_planner_node-10] [FSM]: state: WAIT_TARGET
[ego_planner_node-10] wait for goal or trigger.
[offboard_waypoint_node-1] [INFO] [1786262906.069356244] [offboard_waypoint_node]: [CONTROL_ARBITER] selected_source=safety_hold state=IDLE_HOLD
[fastlio_bridge_node-2] [INFO] [1786262906.079632260] [fastlio_bridge_node]: 已桥接并转换里程计: ENU(0.00, 0.02, -0.02) -> NED(-0.00, 0.02, 0.02)
[super_planner_ros2_node-6] [INFO] [1786262906.626032419] [super_planner_ros2_node]: SUPER_ROS2 mode=IDLE enable_output=false reason=NO_GOAL odom=(-0.00,0.02,-0.10) goal=none tracking_setpoint_enu=(-0.00,0.02,0.78) setpoint_ned=none yaw(desired/cmd/rate)=(0.00/0.00/0.00) cross_track=0.00 frame_id=px4_ned path_points=0 odom_source=/mavros/local_position/odom cloud_source=none mavros_connected=true
[offboard_waypoint_node-1] [INFO] [1786262906.669369377] [offboard_waypoint_node]: [HOLD_ERROR] position_error=0.157 velocity=0.005 state=IDLE_HOLD
[ego_planner_node-10] [FSM]: state: WAIT_TARGET
[ego_planner_node-10] wait for goal or trigger.
[offboard_waypoint_node-1] [INFO] [1786262907.069377766] [offboard_waypoint_node]: [CONTROL_ARBITER] selected_source=safety_hold state=IDLE_HOLD
[super_planner_ros2_node-6] [INFO] [1786262907.626056450] [super_planner_ros2_node]: SUPER_ROS2 mode=IDLE enable_output=false reason=NO_GOAL odom=(0.00,0.02,-0.11) goal=none tracking_setpoint_enu=(0.00,0.02,0.78) setpoint_ned=none yaw(desired/cmd/rate)=(0.00/0.00/0.00) cross_track=0.00 frame_id=px4_ned path_points=0 odom_source=/mavros/local_position/odom cloud_source=none mavros_connected=true
[offboard_waypoint_node-1] [INFO] [1786262907.669380469] [offboard_waypoint_node]: [HOLD_ERROR] position_error=0.161 velocity=0.005 state=IDLE_HOLD
[ego_planner_node-10] [FSM]: state: WAIT_TARGET
[ego_planner_node-10] wait for goal or trigger.
[offboard_waypoint_node-1] [INFO] [1786262908.069393767] [offboard_waypoint_node]: [CONTROL_ARBITER] selected_source=safety_hold state=IDLE_HOLD
[fastlio_bridge_node-2] [INFO] [1786262908.081240605] [fastlio_bridge_node]: 已桥接并转换里程计: ENU(0.00, 0.02, -0.02) -> NED(-0.00, 0.02, 0.02)
[super_planner_ros2_node-6] [INFO] [1786262908.626184308] [super_planner_ros2_node]: SUPER_ROS2 mode=IDLE enable_output=false reason=NO_GOAL odom=(0.00,0.02,-0.11) goal=none tracking_setpoint_enu=(0.00,0.02,0.78) setpoint_ned=none yaw(desired/cmd/rate)=(0.00/0.00/0.00) cross_track=0.00 frame_id=px4_ned path_points=0 odom_source=/mavros/local_position/odom cloud_source=none mavros_connected=true
[offboard_waypoint_node-1] [INFO] [1786262908.669505949] [offboard_waypoint_node]: [HOLD_ERROR] position_error=0.160 velocity=0.005 state=IDLE_HOLD
[ego_planner_node-10] [FSM]: state: WAIT_TARGET
[ego_planner_node-10] wait for goal or trigger.
[offboard_waypoint_node-1] [INFO] [1786262909.069501851] [offboard_waypoint_node]: [CONTROL_ARBITER] selected_source=safety_hold state=IDLE_HOLD
[super_planner_ros2_node-6] [INFO] [1786262909.676441541] [super_planner_ros2_node]: SUPER_ROS2 mode=IDLE enable_output=false reason=NO_GOAL odom=(0.00,0.02,-0.10) goal=none tracking_setpoint_enu=(0.00,0.02,0.78) setpoint_ned=none yaw(desired/cmd/rate)=(0.00/0.00/0.00) cross_track=0.00 frame_id=px4_ned path_points=0 odom_source=/mavros/local_position/odom cloud_source=none mavros_connected=true
[offboard_waypoint_node-1] [INFO] [1786262909.719418058] [offboard_waypoint_node]: [HOLD_ERROR] position_error=0.157 velocity=0.002 state=IDLE_HOLD
[ego_planner_node-10] [FSM]: state: WAIT_TARGET
[ego_planner_node-10] wait for goal or trigger.
[offboard_waypoint_node-1] [INFO] [1786262910.069570623] [offboard_waypoint_node]: [CONTROL_ARBITER] selected_source=safety_hold state=IDLE_HOLD
[fastlio_bridge_node-2] [INFO] [1786262910.080728994] [fastlio_bridge_node]: 已桥接并转换里程计: ENU(0.00, 0.02, -0.02) -> NED(-0.00, 0.02, 0.02)
[offboard_waypoint_node-1] [INFO] [1786262910.081362723] [offboard_waypoint_node]: [EV_HEALTH] state=SUSPECT continuous_healthy=0.00s
[offboard_waypoint_node-1] [INFO] [1786262910.719477554] [offboard_waypoint_node]: [HOLD_ERROR] position_error=0.156 velocity=0.006 state=IDLE_HOLD
[super_planner_ros2_node-6] [INFO] [1786262910.726161856] [super_planner_ros2_node]: SUPER_ROS2 mode=IDLE enable_output=false reason=NO_GOAL odom=(0.00,0.02,-0.10) goal=none tracking_setpoint_enu=(0.00,0.02,0.78) setpoint_ned=none yaw(desired/cmd/rate)=(0.00/0.00/0.00) cross_track=0.00 frame_id=px4_ned path_points=0 odom_source=/mavros/local_position/odom cloud_source=none mavros_connected=true
[ego_planner_node-10] [FSM]: state: WAIT_TARGET
[ego_planner_node-10] wait for goal or trigger.
[offboard_waypoint_node-1] [INFO] [1786262911.119527168] [offboard_waypoint_node]: [CONTROL_ARBITER] selected_source=safety_hold state=IDLE_HOLD
[offboard_waypoint_node-1] [INFO] [1786262911.719518631] [offboard_waypoint_node]: [HOLD_ERROR] position_error=0.157 velocity=0.004 state=IDLE_HOLD
[super_planner_ros2_node-6] [INFO] [1786262911.776175951] [super_planner_ros2_node]: SUPER_ROS2 mode=IDLE enable_output=false reason=NO_GOAL odom=(-0.00,0.02,-0.10) goal=none tracking_setpoint_enu=(-0.00,0.02,0.78) setpoint_ned=none yaw(desired/cmd/rate)=(0.00/0.00/0.00) cross_track=0.00 frame_id=px4_ned path_points=0 odom_source=/mavros/local_position/odom cloud_source=none mavros_connected=true
[ego_planner_node-10] [FSM]: state: WAIT_TARGET
[ego_planner_node-10] wait for goal or trigger.
[fastlio_bridge_node-2] [INFO] [1786262912.080612452] [fastlio_bridge_node]: 已桥接并转换里程计: ENU(-0.00, 0.02, -0.02) -> NED(0.00, 0.02, 0.02)
[offboard_waypoint_node-1] [INFO] [1786262912.119613726] [offboard_waypoint_node]: [CONTROL_ARBITER] selected_source=safety_hold state=IDLE_HOLD
[offboard_waypoint_node-1] [INFO] [1786262912.381492024] [offboard_waypoint_node]: [EV_HEALTH] state=HEALTHY continuous_healthy=0.00s
[offboard_waypoint_node-1] [INFO] [1786262912.719521697] [offboard_waypoint_node]: [HOLD_ERROR] position_error=0.157 velocity=0.001 state=IDLE_HOLD
[super_planner_ros2_node-6] [INFO] [1786262912.826171917] [super_planner_ros2_node]: SUPER_ROS2 mode=IDLE enable_output=false reason=NO_GOAL odom=(-0.00,0.02,-0.10) goal=none tracking_setpoint_enu=(-0.00,0.02,0.78) setpoint_ned=none yaw(desired/cmd/rate)=(0.00/0.00/0.00) cross_track=0.00 frame_id=px4_ned path_points=0 odom_source=/mavros/local_position/odom cloud_source=none mavros_connected=true
[ego_planner_node-10] [FSM]: state: WAIT_TARGET
[ego_planner_node-10] wait for goal or trigger.
[offboard_waypoint_node-1] [INFO] [1786262913.169561137] [offboard_waypoint_node]: [CONTROL_ARBITER] selected_source=safety_hold state=IDLE_HOLD
[offboard_waypoint_node-1] [INFO] [1786262913.719571221] [offboard_waypoint_node]: [HOLD_ERROR] position_error=0.160 velocity=0.003 state=IDLE_HOLD
[super_planner_ros2_node-6] [INFO] [1786262913.826241299] [super_planner_ros2_node]: SUPER_ROS2 mode=IDLE enable_output=false reason=NO_GOAL odom=(0.00,0.02,-0.11) goal=none tracking_setpoint_enu=(0.00,0.02,0.78) setpoint_ned=none yaw(desired/cmd/rate)=(0.00/0.00/0.00) cross_track=0.00 frame_id=px4_ned path_points=0 odom_source=/mavros/local_position/odom cloud_source=none mavros_connected=true
[ego_planner_node-10] [FSM]: state: WAIT_TARGET
[ego_planner_node-10] wait for goal or trigger.
[fastlio_bridge_node-2] [INFO] [1786262914.080141706] [fastlio_bridge_node]: 已桥接并转换里程计: ENU(0.00, 0.02, -0.02) -> NED(-0.00, 0.02, 0.02)
[offboard_waypoint_node-1] [INFO] [1786262914.169579850] [offboard_waypoint_node]: [CONTROL_ARBITER] selected_source=safety_hold state=IDLE_HOLD
[offboard_waypoint_node-1] [INFO] [1786262914.719741131] [offboard_waypoint_node]: [HOLD_ERROR] position_error=0.160 velocity=0.003 state=IDLE_HOLD
[super_planner_ros2_node-6] [INFO] [1786262914.876255963] [super_planner_ros2_node]: SUPER_ROS2 mode=IDLE enable_output=false reason=NO_GOAL odom=(0.00,0.02,-0.11) goal=none tracking_setpoint_enu=(0.00,0.02,0.78) setpoint_ned=none yaw(desired/cmd/rate)=(0.00/0.00/0.00) cross_track=0.00 frame_id=px4_ned path_points=0 odom_source=/mavros/local_position/odom cloud_source=none mavros_connected=true
[ego_planner_node-10] [FSM]: state: WAIT_TARGET
[ego_planner_node-10] wait for goal or trigger.
[offboard_waypoint_node-1] [INFO] [1786262915.169583643] [offboard_waypoint_node]: [CONTROL_ARBITER] selected_source=safety_hold state=IDLE_HOLD
[offboard_waypoint_node-1] [INFO] [1786262915.769563964] [offboard_waypoint_node]: [HOLD_ERROR] position_error=0.158 velocity=0.010 state=IDLE_HOLD
[super_planner_ros2_node-6] [INFO] [1786262915.876456451] [super_planner_ros2_node]: SUPER_ROS2 mode=IDLE enable_output=false reason=NO_GOAL odom=(0.00,0.02,-0.10) goal=none tracking_setpoint_enu=(0.00,0.02,0.78) setpoint_ned=none yaw(desired/cmd/rate)=(0.00/0.00/0.00) cross_track=0.00 frame_id=px4_ned path_points=0 odom_source=/mavros/local_position/odom cloud_source=none mavros_connected=true
[ego_planner_node-10] [FSM]: state: WAIT_TARGET
[ego_planner_node-10] wait for goal or trigger.
[fastlio_bridge_node-2] [INFO] [1786262916.080225870] [fastlio_bridge_node]: 已桥接并转换里程计: ENU(0.01, 0.02, -0.02) -> NED(-0.01, 0.02, 0.02)
[offboard_waypoint_node-1] [INFO] [1786262916.169711724] [offboard_waypoint_node]: [CONTROL_ARBITER] selected_source=safety_hold state=IDLE_HOLD
[mapping_manager_node-5] [INFO] [1786262916.590780458] [mapping_manager_node]: Mapping status: in_flight=false, map_loaded=false, map_saved=false
[offboard_waypoint_node-1] [INFO] [1786262916.819585920] [offboard_waypoint_node]: [HOLD_ERROR] position_error=0.157 velocity=0.009 state=IDLE_HOLD
[ego_planner_node-10] [FSM]: state: WAIT_TARGET
[ego_planner_node-10] wait for goal or trigger.
[super_planner_ros2_node-6] [INFO] [1786262916.926290810] [super_planner_ros2_node]: SUPER_ROS2 mode=IDLE enable_output=false reason=NO_GOAL odom=(0.01,0.02,-0.10) goal=none tracking_setpoint_enu=(0.01,0.02,0.78) setpoint_ned=none yaw(desired/cmd/rate)=(0.00/0.00/0.00) cross_track=0.00 frame_id=px4_ned path_points=0 odom_source=/mavros/local_position/odom cloud_source=none mavros_connected=true
[offboard_waypoint_node-1] [INFO] [1786262917.219588181] [offboard_waypoint_node]: [CONTROL_ARBITER] selected_source=safety_hold state=IDLE_HOLD
[offboard_waypoint_node-1] [INFO] [1786262917.869617557] [offboard_waypoint_node]: [HOLD_ERROR] position_error=0.156 velocity=0.003 state=IDLE_HOLD
[ego_planner_node-10] [FSM]: state: WAIT_TARGET
[ego_planner_node-10] wait for goal or trigger.
[super_planner_ros2_node-6] [INFO] [1786262917.926291244] [super_planner_ros2_node]: SUPER_ROS2 mode=IDLE enable_output=false reason=NO_GOAL odom=(0.00,0.02,-0.10) goal=none tracking_setpoint_enu=(0.00,0.02,0.78) setpoint_ned=none yaw(desired/cmd/rate)=(0.00/0.00/0.00) cross_track=0.00 frame_id=px4_ned path_points=0 odom_source=/mavros/local_position/odom cloud_source=none mavros_connected=true
[fastlio_bridge_node-2] [INFO] [1786262918.079610191] [fastlio_bridge_node]: 已桥接并转换里程计: ENU(0.00, 0.02, -0.02) -> NED(-0.00, 0.02, 0.02)
[offboard_waypoint_node-1] [INFO] [1786262918.219618021] [offboard_waypoint_node]: [CONTROL_ARBITER] selected_source=safety_hold state=IDLE_HOLD
[offboard_waypoint_node-1] [INFO] [1786262918.919620741] [offboard_waypoint_node]: [HOLD_ERROR] position_error=0.154 velocity=0.006 state=IDLE_HOLD
[super_planner_ros2_node-6] [INFO] [1786262918.926321035] [super_planner_ros2_node]: SUPER_ROS2 mode=IDLE enable_output=false reason=NO_GOAL odom=(0.00,0.02,-0.10) goal=none tracking_setpoint_enu=(0.00,0.02,0.78) setpoint_ned=none yaw(desired/cmd/rate)=(0.00/0.00/0.00) cross_track=0.00 frame_id=px4_ned path_points=0 odom_source=/mavros/local_position/odom cloud_source=none mavros_connected=true
[ego_planner_node-10] [FSM]: state: WAIT_TARGET
[ego_planner_node-10] wait for goal or trigger.
[offboard_waypoint_node-1] [INFO] [1786262919.219651986] [offboard_waypoint_node]: [CONTROL_ARBITER] selected_source=safety_hold state=IDLE_HOLD
[offboard_waypoint_node-1] [INFO] [1786262919.919739285] [offboard_waypoint_node]: [HOLD_ERROR] position_error=0.155 velocity=0.001 state=IDLE_HOLD
[super_planner_ros2_node-6] [INFO] [1786262919.926404855] [super_planner_ros2_node]: SUPER_ROS2 mode=IDLE enable_output=false reason=NO_GOAL odom=(0.00,0.02,-0.10) goal=none tracking_setpoint_enu=(0.00,0.02,0.78) setpoint_ned=none yaw(desired/cmd/rate)=(0.00/0.00/0.00) cross_track=0.00 frame_id=px4_ned path_points=0 odom_source=/mavros/local_position/odom cloud_source=none mavros_connected=true
[ego_planner_node-10] [FSM]: state: WAIT_TARGET
[ego_planner_node-10] wait for goal or trigger.
[fastlio_bridge_node-2] [INFO] [1786262920.079751837] [fastlio_bridge_node]: 已桥接并转换里程计: ENU(0.00, 0.02, -0.02) -> NED(-0.00, 0.02, 0.02)
[offboard_waypoint_node-1] [INFO] [1786262920.219857294] [offboard_waypoint_node]: [CONTROL_ARBITER] selected_source=safety_hold state=IDLE_HOLD
[ego_planner_node-10] [FSM]: state: WAIT_TARGET
[ego_planner_node-10] wait for goal or trigger.
[offboard_waypoint_node-1] [INFO] [1786262920.969965765] [offboard_waypoint_node]: [HOLD_ERROR] position_error=0.155 velocity=0.006 state=IDLE_HOLD
[super_planner_ros2_node-6] [INFO] [1786262920.976430960] [super_planner_ros2_node]: SUPER_ROS2 mode=IDLE enable_output=false reason=NO_GOAL odom=(0.00,0.02,-0.10) goal=none tracking_setpoint_enu=(0.00,0.02,0.78) setpoint_ned=none yaw(desired/cmd/rate)=(0.00/0.00/0.00) cross_track=0.00 frame_id=px4_ned path_points=0 odom_source=/mavros/local_position/odom cloud_source=none mavros_connected=true
[offboard_waypoint_node-1] [INFO] [1786262921.269788786] [offboard_waypoint_node]: [CONTROL_ARBITER] selected_source=safety_hold state=IDLE_HOLD
[ego_planner_node-10] [FSM]: state: WAIT_TARGET
[ego_planner_node-10] wait for goal or trigger.
[super_planner_ros2_node-6] [INFO] [1786262921.976611634] [super_planner_ros2_node]: SUPER_ROS2 mode=IDLE enable_output=false reason=NO_GOAL odom=(-0.00,0.03,-0.10) goal=none tracking_setpoint_enu=(-0.00,0.03,0.78) setpoint_ned=none yaw(desired/cmd/rate)=(0.00/0.00/0.00) cross_track=0.00 frame_id=px4_ned path_points=0 odom_source=/mavros/local_position/odom cloud_source=none mavros_connected=true
[offboard_waypoint_node-1] [INFO] [1786262922.019714184] [offboard_waypoint_node]: [HOLD_ERROR] position_error=0.157 velocity=0.009 state=IDLE_HOLD
[fastlio_bridge_node-2] [INFO] [1786262922.080756435] [fastlio_bridge_node]: 已桥接并转换里程计: ENU(0.00, 0.02, -0.02) -> NED(-0.00, 0.02, 0.02)
[offboard_waypoint_node-1] [INFO] [1786262922.319755410] [offboard_waypoint_node]: [CONTROL_ARBITER] selected_source=safety_hold state=IDLE_HOLD
[ego_planner_node-10] [FSM]: state: WAIT_TARGET
[ego_planner_node-10] wait for goal or trigger.
[offboard_waypoint_node-1] [INFO] [1786262923.019737905] [offboard_waypoint_node]: [HOLD_ERROR] position_error=0.158 velocity=0.004 state=IDLE_HOLD
[super_planner_ros2_node-6] [INFO] [1786262923.026583952] [super_planner_ros2_node]: SUPER_ROS2 mode=IDLE enable_output=false reason=NO_GOAL odom=(-0.00,0.02,-0.10) goal=none tracking_setpoint_enu=(-0.00,0.02,0.78) setpoint_ned=none yaw(desired/cmd/rate)=(0.00/0.00/0.00) cross_track=0.00 frame_id=px4_ned path_points=0 odom_source=/mavros/local_position/odom cloud_source=none mavros_connected=true
[offboard_waypoint_node-1] [INFO] [1786262923.319844014] [offboard_waypoint_node]: [CONTROL_ARBITER] selected_source=safety_hold state=IDLE_HOLD
[ego_planner_node-10] [FSM]: state: WAIT_TARGET
[ego_planner_node-10] wait for goal or trigger.
[offboard_waypoint_node-1] [INFO] [1786262924.019749626] [offboard_waypoint_node]: [HOLD_ERROR] position_error=0.158 velocity=0.003 state=IDLE_HOLD
[super_planner_ros2_node-6] [INFO] [1786262924.076803059] [super_planner_ros2_node]: SUPER_ROS2 mode=IDLE enable_output=false reason=NO_GOAL odom=(0.00,0.02,-0.10) goal=none tracking_setpoint_enu=(0.00,0.02,0.78) setpoint_ned=none yaw(desired/cmd/rate)=(0.00/0.00/0.00) cross_track=0.00 frame_id=px4_ned path_points=0 odom_source=/mavros/local_position/odom cloud_source=none mavros_connected=true
[fastlio_bridge_node-2] [INFO] [1786262924.080989310] [fastlio_bridge_node]: 已桥接并转换里程计: ENU(0.00, 0.02, -0.02) -> NED(-0.00, 0.02, 0.02)
[offboard_waypoint_node-1] [INFO] [1786262924.369856862] [offboard_waypoint_node]: [CONTROL_ARBITER] selected_source=safety_hold state=IDLE_HOLD
[ego_planner_node-10] [FSM]: state: WAIT_TARGET
[ego_planner_node-10] wait for goal or trigger.
[offboard_waypoint_node-1] [INFO] [1786262925.019766052] [offboard_waypoint_node]: [HOLD_ERROR] position_error=0.155 velocity=0.008 state=IDLE_HOLD
[super_planner_ros2_node-6] [INFO] [1786262925.126534052] [super_planner_ros2_node]: SUPER_ROS2 mode=IDLE enable_output=false reason=NO_GOAL odom=(0.00,0.02,-0.10) goal=none tracking_setpoint_enu=(0.00,0.02,0.78) setpoint_ned=none yaw(desired/cmd/rate)=(0.00/0.00/0.00) cross_track=0.00 frame_id=px4_ned path_points=0 odom_source=/mavros/local_position/odom cloud_source=none mavros_connected=true
[offboard_waypoint_node-1] [INFO] [1786262925.419821852] [offboard_waypoint_node]: [CONTROL_ARBITER] selected_source=safety_hold state=IDLE_HOLD
[offboard_waypoint_node-1] [INFO] [1786262926.019974921] [offboard_waypoint_node]: [HOLD_ERROR] position_error=0.156 velocity=0.004 state=IDLE_HOLD
[ego_planner_node-10] [FSM]: state: WAIT_TARGET
[ego_planner_node-10] wait for goal or trigger.
[fastlio_bridge_node-2] [INFO] [1786262926.081505584] [fastlio_bridge_node]: 已桥接并转换里程计: ENU(0.00, 0.02, -0.02) -> NED(-0.00, 0.02, 0.02)
[super_planner_ros2_node-6] [INFO] [1786262926.126636107] [super_planner_ros2_node]: SUPER_ROS2 mode=IDLE enable_output=false reason=NO_GOAL odom=(-0.00,0.02,-0.10) goal=none tracking_setpoint_enu=(-0.00,0.02,0.78) setpoint_ned=none yaw(desired/cmd/rate)=(0.00/0.00/0.00) cross_track=0.00 frame_id=px4_ned path_points=0 odom_source=/mavros/local_position/odom cloud_source=none mavros_connected=true
[offboard_waypoint_node-1] [INFO] [1786262926.419964381] [offboard_waypoint_node]: [CONTROL_ARBITER] selected_source=safety_hold state=IDLE_HOLD
[ego_planner_node-10] [FSM]: state: WAIT_TARGET
[ego_planner_node-10] wait for goal or trigger.
[offboard_waypoint_node-1] [INFO] [1786262927.069876517] [offboard_waypoint_node]: [HOLD_ERROR] position_error=0.159 velocity=0.004 state=IDLE_HOLD
[super_planner_ros2_node-6] [INFO] [1786262927.126859617] [super_planner_ros2_node]: SUPER_ROS2 mode=IDLE enable_output=false reason=NO_GOAL odom=(0.00,0.03,-0.11) goal=none tracking_setpoint_enu=(0.00,0.03,0.78) setpoint_ned=none yaw(desired/cmd/rate)=(0.00/0.00/0.00) cross_track=0.00 frame_id=px4_ned path_points=0 odom_source=/mavros/local_position/odom cloud_source=none mavros_connected=true
[offboard_waypoint_node-1] [INFO] [1786262927.469832627] [offboard_waypoint_node]: [CONTROL_ARBITER] selected_source=safety_hold state=IDLE_HOLD
[ego_planner_node-10] [FSM]: state: WAIT_TARGET
[ego_planner_node-10] wait for goal or trigger.
[offboard_waypoint_node-1] [INFO] [1786262928.069894155] [offboard_waypoint_node]: [HOLD_ERROR] position_error=0.158 velocity=0.007 state=IDLE_HOLD
[fastlio_bridge_node-2] [INFO] [1786262928.079480243] [fastlio_bridge_node]: 已桥接并转换里程计: ENU(0.00, 0.02, -0.02) -> NED(-0.00, 0.02, 0.02)
[super_planner_ros2_node-6] [INFO] [1786262928.176575414] [super_planner_ros2_node]: SUPER_ROS2 mode=IDLE enable_output=false reason=NO_GOAL odom=(0.00,0.02,-0.10) goal=none tracking_setpoint_enu=(0.00,0.02,0.78) setpoint_ned=none yaw(desired/cmd/rate)=(0.00/0.00/0.00) cross_track=0.00 frame_id=px4_ned path_points=0 odom_source=/mavros/local_position/odom cloud_source=none mavros_connected=true
[offboard_waypoint_node-1] [INFO] [1786262928.519810549] [offboard_waypoint_node]: [CONTROL_ARBITER] selected_source=safety_hold state=IDLE_HOLD
[ego_planner_node-10] [FSM]: state: WAIT_TARGET
[ego_planner_node-10] wait for goal or trigger.
[offboard_waypoint_node-1] [INFO] [1786262929.119878993] [offboard_waypoint_node]: [HOLD_ERROR] position_error=0.158 velocity=0.007 state=IDLE_HOLD
[super_planner_ros2_node-6] [INFO] [1786262929.176600023] [super_planner_ros2_node]: SUPER_ROS2 mode=IDLE enable_output=false reason=NO_GOAL odom=(0.00,0.03,-0.10) goal=none tracking_setpoint_enu=(0.00,0.03,0.78) setpoint_ned=none yaw(desired/cmd/rate)=(0.00/0.00/0.00) cross_track=0.00 frame_id=px4_ned path_points=0 odom_source=/mavros/local_position/odom cloud_source=none mavros_connected=true
[offboard_waypoint_node-1] [INFO] [1786262929.519962392] [offboard_waypoint_node]: [CONTROL_ARBITER] selected_source=safety_hold state=IDLE_HOLD
[fastlio_bridge_node-2] [INFO] [1786262930.080005945] [fastlio_bridge_node]: 已桥接并转换里程计: ENU(0.01, 0.02, -0.02) -> NED(-0.01, 0.02, 0.02)
[ego_planner_node-10] [FSM]: state: WAIT_TARGET
[ego_planner_node-10] wait for goal or trigger.
[offboard_waypoint_node-1] [INFO] [1786262930.119915225] [offboard_waypoint_node]: [HOLD_ERROR] position_error=0.153 velocity=0.005 state=IDLE_HOLD
[super_planner_ros2_node-6] [INFO] [1786262930.176687094] [super_planner_ros2_node]: SUPER_ROS2 mode=IDLE enable_output=false reason=NO_GOAL odom=(0.01,0.03,-0.10) goal=none tracking_setpoint_enu=(0.01,0.03,0.78) setpoint_ned=none yaw(desired/cmd/rate)=(0.00/0.00/0.00) cross_track=0.00 frame_id=px4_ned path_points=0 odom_source=/mavros/local_position/odom cloud_source=none mavros_connected=true
[offboard_waypoint_node-1] [INFO] [1786262930.570006881] [offboard_waypoint_node]: [CONTROL_ARBITER] selected_source=safety_hold state=IDLE_HOLD
[ego_planner_node-10] [FSM]: state: WAIT_TARGET
[ego_planner_node-10] wait for goal or trigger.
[offboard_waypoint_node-1] [INFO] [1786262931.119957443] [offboard_waypoint_node]: [HOLD_ERROR] position_error=0.148 velocity=0.002 state=IDLE_HOLD
[super_planner_ros2_node-6] [INFO] [1786262931.176752508] [super_planner_ros2_node]: SUPER_ROS2 mode=IDLE enable_output=false reason=NO_GOAL odom=(0.01,0.02,-0.09) goal=none tracking_setpoint_enu=(0.01,0.02,0.78) setpoint_ned=none yaw(desired/cmd/rate)=(0.00/0.00/0.00) cross_track=0.00 frame_id=px4_ned path_points=0 odom_source=/mavros/local_position/odom cloud_source=none mavros_connected=true
[offboard_waypoint_node-1] [INFO] [1786262931.620003484] [offboard_waypoint_node]: [CONTROL_ARBITER] selected_source=safety_hold state=IDLE_HOLD
[fastlio_bridge_node-2] [INFO] [1786262932.081033056] [fastlio_bridge_node]: 已桥接并转换里程计: ENU(0.00, 0.02, -0.02) -> NED(-0.00, 0.02, 0.02)
[offboard_waypoint_node-1] [INFO] [1786262932.119980171] [offboard_waypoint_node]: [HOLD_ERROR] position_error=0.147 velocity=0.007 state=IDLE_HOLD
[ego_planner_node-10] [FSM]: state: WAIT_TARGET
[ego_planner_node-10] wait for goal or trigger.
[super_planner_ros2_node-6] [INFO] [1786262932.176836413] [super_planner_ros2_node]: SUPER_ROS2 mode=IDLE enable_output=false reason=NO_GOAL odom=(0.01,0.02,-0.09) goal=none tracking_setpoint_enu=(0.01,0.02,0.78) setpoint_ned=none yaw(desired/cmd/rate)=(0.00/0.00/0.00) cross_track=0.00 frame_id=px4_ned path_points=0 odom_source=/mavros/local_position/odom cloud_source=none mavros_connected=true
[offboard_waypoint_node-1] [INFO] [1786262932.621412764] [offboard_waypoint_node]: [CONTROL_ARBITER] selected_source=safety_hold state=IDLE_HOLD
[offboard_waypoint_node-1] [INFO] [1786262933.120098400] [offboard_waypoint_node]: [HOLD_ERROR] position_error=0.151 velocity=0.004 state=IDLE_HOLD
[ego_planner_node-10] [FSM]: state: WAIT_TARGET
[ego_planner_node-10] wait for goal or trigger.
[super_planner_ros2_node-6] [INFO] [1786262933.226852213] [super_planner_ros2_node]: SUPER_ROS2 mode=IDLE enable_output=false reason=NO_GOAL odom=(0.00,0.02,-0.10) goal=none tracking_setpoint_enu=(0.00,0.02,0.78) setpoint_ned=none yaw(desired/cmd/rate)=(0.00/0.00/0.00) cross_track=0.00 frame_id=px4_ned path_points=0 odom_source=/mavros/local_position/odom cloud_source=none mavros_connected=true
[offboard_waypoint_node-1] [INFO] [1786262933.670571606] [offboard_waypoint_node]: [CONTROL_ARBITER] selected_source=safety_hold state=IDLE_HOLD
[fastlio_bridge_node-2] [INFO] [1786262934.079747662] [fastlio_bridge_node]: 已桥接并转换里程计: ENU(0.01, 0.02, -0.02) -> NED(-0.01, 0.02, 0.02)
[ego_planner_node-10] [FSM]: state: WAIT_TARGET
[ego_planner_node-10] wait for goal or trigger.
[offboard_waypoint_node-1] [INFO] [1786262934.169964591] [offboard_waypoint_node]: [HOLD_ERROR] position_error=0.154 velocity=0.004 state=IDLE_HOLD
[super_planner_ros2_node-6] [INFO] [1786262934.276789639] [super_planner_ros2_node]: SUPER_ROS2 mode=IDLE enable_output=false reason=NO_GOAL odom=(0.01,0.02,-0.10) goal=none tracking_setpoint_enu=(0.01,0.02,0.78) setpoint_ned=none yaw(desired/cmd/rate)=(0.00/0.00/0.00) cross_track=0.00 frame_id=px4_ned path_points=0 odom_source=/mavros/local_position/odom cloud_source=none mavros_connected=true
[offboard_waypoint_node-1] [INFO] [1786262934.719986322] [offboard_waypoint_node]: [CONTROL_ARBITER] selected_source=safety_hold state=IDLE_HOLD
[offboard_waypoint_node-1] [INFO] [1786262935.170039638] [offboard_waypoint_node]: [HOLD_ERROR] position_error=0.156 velocity=0.001 state=IDLE_HOLD
[ego_planner_node-10] [FSM]: state: WAIT_TARGET
[ego_planner_node-10] wait for goal or trigger.
[super_planner_ros2_node-6] [INFO] [1786262935.326738255] [super_planner_ros2_node]: SUPER_ROS2 mode=IDLE enable_output=false reason=NO_GOAL odom=(0.01,0.02,-0.10) goal=none tracking_setpoint_enu=(0.01,0.02,0.78) setpoint_ned=none yaw(desired/cmd/rate)=(0.00/0.00/0.00) cross_track=0.00 frame_id=px4_ned path_points=0 odom_source=/mavros/local_position/odom cloud_source=none mavros_connected=true
[offboard_waypoint_node-1] [INFO] [1786262935.720028157] [offboard_waypoint_node]: [CONTROL_ARBITER] selected_source=safety_hold state=IDLE_HOLD
[fastlio_bridge_node-2] [INFO] [1786262936.079591477] [fastlio_bridge_node]: 已桥接并转换里程计: ENU(0.01, 0.02, -0.02) -> NED(-0.01, 0.02, 0.02)
[ego_planner_node-10] [FSM]: state: WAIT_TARGET
[ego_planner_node-10] wait for goal or trigger.
[offboard_waypoint_node-1] [INFO] [1786262936.220016892] [offboard_waypoint_node]: [HOLD_ERROR] position_error=0.155 velocity=0.006 state=IDLE_HOLD
[super_planner_ros2_node-6] [INFO] [1786262936.376746136] [super_planner_ros2_node]: SUPER_ROS2 mode=IDLE enable_output=false reason=NO_GOAL odom=(0.01,0.02,-0.10) goal=none tracking_setpoint_enu=(0.01,0.02,0.78) setpoint_ned=none yaw(desired/cmd/rate)=(0.00/0.00/0.00) cross_track=0.00 frame_id=px4_ned path_points=0 odom_source=/mavros/local_position/odom cloud_source=none mavros_connected=true
[offboard_waypoint_node-1] [INFO] [1786262936.720159539] [offboard_waypoint_node]: [CONTROL_ARBITER] selected_source=safety_hold state=IDLE_HOLD
[ego_planner_node-10] [FSM]: state: WAIT_TARGET
[ego_planner_node-10] wait for goal or trigger.
[offboard_waypoint_node-1] [INFO] [1786262937.270055591] [offboard_waypoint_node]: [HOLD_ERROR] position_error=0.153 velocity=0.008 state=IDLE_HOLD
[super_planner_ros2_node-6] [INFO] [1786262937.377039092] [super_planner_ros2_node]: SUPER_ROS2 mode=IDLE enable_output=false reason=NO_GOAL odom=(0.01,0.01,-0.10) goal=none tracking_setpoint_enu=(0.01,0.01,0.78) setpoint_ned=none yaw(desired/cmd/rate)=(0.00/0.00/0.00) cross_track=0.00 frame_id=px4_ned path_points=0 odom_source=/mavros/local_position/odom cloud_source=none mavros_connected=true
[offboard_waypoint_node-1] [INFO] [1786262937.770097383] [offboard_waypoint_node]: [CONTROL_ARBITER] selected_source=safety_hold state=IDLE_HOLD
[fastlio_bridge_node-2] [INFO] [1786262938.080226017] [fastlio_bridge_node]: 已桥接并转换里程计: ENU(0.01, 0.02, -0.02) -> NED(-0.01, 0.02, 0.02)
[ego_planner_node-10] [FSM]: state: WAIT_TARGET
[ego_planner_node-10] wait for goal or trigger.
[offboard_waypoint_node-1] [INFO] [1786262938.270075943] [offboard_waypoint_node]: [HOLD_ERROR] position_error=0.151 velocity=0.005 state=IDLE_HOLD
[super_planner_ros2_node-6] [INFO] [1786262938.426778561] [super_planner_ros2_node]: SUPER_ROS2 mode=IDLE enable_output=false reason=NO_GOAL odom=(0.01,0.02,-0.10) goal=none tracking_setpoint_enu=(0.01,0.02,0.78) setpoint_ned=none yaw(desired/cmd/rate)=(0.00/0.00/0.00) cross_track=0.00 frame_id=px4_ned path_points=0 odom_source=/mavros/local_position/odom cloud_source=none mavros_connected=true
[offboard_waypoint_node-1] [INFO] [1786262938.770121104] [offboard_waypoint_node]: [CONTROL_ARBITER] selected_source=safety_hold state=IDLE_HOLD
[ego_planner_node-10] [FSM]: state: WAIT_TARGET
[ego_planner_node-10] wait for goal or trigger.
[offboard_waypoint_node-1] [INFO] [1786262939.270089854] [offboard_waypoint_node]: [HOLD_ERROR] position_error=0.152 velocity=0.002 state=IDLE_HOLD
[super_planner_ros2_node-6] [INFO] [1786262939.426942711] [super_planner_ros2_node]: SUPER_ROS2 mode=IDLE enable_output=false reason=NO_GOAL odom=(0.00,0.02,-0.10) goal=none tracking_setpoint_enu=(0.00,0.02,0.78) setpoint_ned=none yaw(desired/cmd/rate)=(0.00/0.00/0.00) cross_track=0.00 frame_id=px4_ned path_points=0 odom_source=/mavros/local_position/odom cloud_source=none mavros_connected=true
[offboard_waypoint_node-1] [INFO] [1786262939.820335854] [offboard_waypoint_node]: [CONTROL_ARBITER] selected_source=safety_hold state=IDLE_HOLD
[fastlio_bridge_node-2] [INFO] [1786262940.080951076] [fastlio_bridge_node]: 已桥接并转换里程计: ENU(0.01, 0.02, -0.02) -> NED(-0.01, 0.02, 0.02)
[ego_planner_node-10] [FSM]: state: WAIT_TARGET
[ego_planner_node-10] wait for goal or trigger.
[offboard_waypoint_node-1] [INFO] [1786262940.270180588] [offboard_waypoint_node]: [HOLD_ERROR] position_error=0.150 velocity=0.012 state=IDLE_HOLD
[super_planner_ros2_node-6] [INFO] [1786262940.427101576] [super_planner_ros2_node]: SUPER_ROS2 mode=IDLE enable_output=false reason=NO_GOAL odom=(0.01,0.02,-0.10) goal=none tracking_setpoint_enu=(0.01,0.02,0.78) setpoint_ned=none yaw(desired/cmd/rate)=(0.00/0.00/0.00) cross_track=0.00 frame_id=px4_ned path_points=0 odom_source=/mavros/local_position/odom cloud_source=none mavros_connected=true
[offboard_waypoint_node-1] [INFO] [1786262940.870196031] [offboard_waypoint_node]: [CONTROL_ARBITER] selected_source=safety_hold state=IDLE_HOLD
[offboard_waypoint_node-1] [INFO] [1786262941.270182615] [offboard_waypoint_node]: [HOLD_ERROR] position_error=0.154 velocity=0.031 state=IDLE_HOLD
[ego_planner_node-10] [FSM]: state: WAIT_TARGET
[ego_planner_node-10] wait for goal or trigger.
[super_planner_ros2_node-6] [INFO] [1786262941.476841811] [super_planner_ros2_node]: SUPER_ROS2 mode=IDLE enable_output=false reason=NO_GOAL odom=(0.02,0.03,-0.10) goal=none tracking_setpoint_enu=(0.02,0.03,0.78) setpoint_ned=none yaw(desired/cmd/rate)=(0.00/0.00/0.00) cross_track=0.00 frame_id=px4_ned path_points=0 odom_source=/mavros/local_position/odom cloud_source=none mavros_connected=true
[offboard_waypoint_node-1] [INFO] [1786262941.870244662] [offboard_waypoint_node]: [CONTROL_ARBITER] selected_source=safety_hold state=IDLE_HOLD
[fastlio_bridge_node-2] [INFO] [1786262942.090987040] [fastlio_bridge_node]: 已桥接并转换里程计: ENU(0.00, 0.02, -0.02) -> NED(-0.00, 0.02, 0.02)
[offboard_waypoint_node-1] [INFO] [1786262942.270488589] [offboard_waypoint_node]: [HOLD_ERROR] position_error=0.158 velocity=0.028 state=IDLE_HOLD
[ego_planner_node-10] [FSM]: state: WAIT_TARGET
[ego_planner_node-10] wait for goal or trigger.
[super_planner_ros2_node-6] [INFO] [1786262942.476940336] [super_planner_ros2_node]: SUPER_ROS2 mode=IDLE enable_output=false reason=NO_GOAL odom=(0.02,0.03,-0.10) goal=none tracking_setpoint_enu=(0.02,0.03,0.78) setpoint_ned=none yaw(desired/cmd/rate)=(0.00/0.00/0.00) cross_track=0.00 frame_id=px4_ned path_points=0 odom_source=/mavros/local_position/odom cloud_source=none mavros_connected=true
[offboard_waypoint_node-1] [INFO] [1786262942.920238631] [offboard_waypoint_node]: [CONTROL_ARBITER] selected_source=safety_hold state=IDLE_HOLD
[ego_planner_node-10] [FSM]: state: WAIT_TARGET
[ego_planner_node-10] wait for goal or trigger.
[offboard_waypoint_node-1] [INFO] [1786262943.320255965] [offboard_waypoint_node]: [HOLD_ERROR] position_error=0.158 velocity=0.028 state=IDLE_HOLD
[super_planner_ros2_node-6] [INFO] [1786262943.477350807] [super_planner_ros2_node]: SUPER_ROS2 mode=IDLE enable_output=false reason=NO_GOAL odom=(0.02,0.03,-0.10) goal=none tracking_setpoint_enu=(0.02,0.03,0.78) setpoint_ned=none yaw(desired/cmd/rate)=(0.00/0.00/0.00) cross_track=0.00 frame_id=px4_ned path_points=0 odom_source=/mavros/local_position/odom cloud_source=none mavros_connected=true
[offboard_waypoint_node-1] [INFO] [1786262943.920290570] [offboard_waypoint_node]: [CONTROL_ARBITER] selected_source=safety_hold state=IDLE_HOLD
[fastlio_bridge_node-2] [INFO] [1786262944.078908338] [fastlio_bridge_node]: 已桥接并转换里程计: ENU(0.01, 0.02, -0.02) -> NED(-0.01, 0.02, 0.02)
[offboard_waypoint_node-1] [INFO] [1786262944.320262729] [offboard_waypoint_node]: [HOLD_ERROR] position_error=0.157 velocity=0.034 state=IDLE_HOLD
[ego_planner_node-10] [FSM]: state: WAIT_TARGET
[ego_planner_node-10] wait for goal or trigger.
[super_planner_ros2_node-6] [INFO] [1786262944.526901664] [super_planner_ros2_node]: SUPER_ROS2 mode=IDLE enable_output=false reason=NO_GOAL odom=(0.03,0.03,-0.10) goal=none tracking_setpoint_enu=(0.03,0.03,0.78) setpoint_ned=none yaw(desired/cmd/rate)=(0.00/0.00/0.00) cross_track=0.00 frame_id=px4_ned path_points=0 odom_source=/mavros/local_position/odom cloud_source=none mavros_connected=true
[offboard_waypoint_node-1] [INFO] [1786262944.970304234] [offboard_waypoint_node]: [CONTROL_ARBITER] selected_source=safety_hold state=IDLE_HOLD
[ego_planner_node-10] [FSM]: state: WAIT_TARGET
[ego_planner_node-10] wait for goal or trigger.
[offboard_waypoint_node-1] [INFO] [1786262945.370213215] [offboard_waypoint_node]: [HOLD_ERROR] position_error=0.158 velocity=0.028 state=IDLE_HOLD
[super_planner_ros2_node-6] [INFO] [1786262945.527140423] [super_planner_ros2_node]: SUPER_ROS2 mode=IDLE enable_output=false reason=NO_GOAL odom=(0.03,0.03,-0.10) goal=none tracking_setpoint_enu=(0.03,0.03,0.78) setpoint_ned=none yaw(desired/cmd/rate)=(0.00/0.00/0.00) cross_track=0.00 frame_id=px4_ned path_points=0 odom_source=/mavros/local_position/odom cloud_source=none mavros_connected=true
[offboard_waypoint_node-1] [INFO] [1786262945.970308574] [offboard_waypoint_node]: [CONTROL_ARBITER] selected_source=safety_hold state=IDLE_HOLD
[fastlio_bridge_node-2] [INFO] [1786262946.080006027] [fastlio_bridge_node]: 已桥接并转换里程计: ENU(0.01, 0.02, -0.01) -> NED(-0.01, 0.02, 0.01)
[ego_planner_node-10] [FSM]: state: WAIT_TARGET
[ego_planner_node-10] wait for goal or trigger.
[offboard_waypoint_node-1] [INFO] [1786262946.370251529] [offboard_waypoint_node]: [HOLD_ERROR] position_error=0.156 velocity=0.019 state=IDLE_HOLD
[super_planner_ros2_node-6] [INFO] [1786262946.527201815] [super_planner_ros2_node]: SUPER_ROS2 mode=IDLE enable_output=false reason=NO_GOAL odom=(0.02,0.02,-0.10) goal=none tracking_setpoint_enu=(0.02,0.02,0.78) setpoint_ned=none yaw(desired/cmd/rate)=(0.00/0.00/0.00) cross_track=0.00 frame_id=px4_ned path_points=0 odom_source=/mavros/local_position/odom cloud_source=none mavros_connected=true
[mapping_manager_node-5] [INFO] [1786262946.591473363] [mapping_manager_node]: Mapping status: in_flight=false, map_loaded=false, map_saved=false
[offboard_waypoint_node-1] [INFO] [1786262946.970643262] [offboard_waypoint_node]: [CONTROL_ARBITER] selected_source=safety_hold state=IDLE_HOLD
[ego_planner_node-10] [FSM]: state: WAIT_TARGET
[ego_planner_node-10] wait for goal or trigger.
[offboard_waypoint_node-1] [INFO] [1786262947.370295221] [offboard_waypoint_node]: [HOLD_ERROR] position_error=0.154 velocity=0.029 state=IDLE_HOLD
[super_planner_ros2_node-6] [INFO] [1786262947.577082168] [super_planner_ros2_node]: SUPER_ROS2 mode=IDLE enable_output=false reason=NO_GOAL odom=(0.02,0.02,-0.10) goal=none tracking_setpoint_enu=(0.02,0.02,0.78) setpoint_ned=none yaw(desired/cmd/rate)=(0.00/0.00/0.00) cross_track=0.00 frame_id=px4_ned path_points=0 odom_source=/mavros/local_position/odom cloud_source=none mavros_connected=true
[offboard_waypoint_node-1] [INFO] [1786262948.020370931] [offboard_waypoint_node]: [CONTROL_ARBITER] selected_source=safety_hold state=IDLE_HOLD
[fastlio_bridge_node-2] [INFO] [1786262948.080038497] [fastlio_bridge_node]: 已桥接并转换里程计: ENU(0.01, 0.02, -0.02) -> NED(-0.01, 0.02, 0.02)
[offboard_waypoint_node-1] [INFO] [1786262948.370350232] [offboard_waypoint_node]: [HOLD_ERROR] position_error=0.158 velocity=0.019 state=IDLE_HOLD
[ego_planner_node-10] [FSM]: state: WAIT_TARGET
[ego_planner_node-10] wait for goal or trigger.
[super_planner_ros2_node-6] [INFO] [1786262948.577371590] [super_planner_ros2_node]: SUPER_ROS2 mode=IDLE enable_output=false reason=NO_GOAL odom=(0.01,0.02,-0.10) goal=none tracking_setpoint_enu=(0.01,0.02,0.78) setpoint_ned=none yaw(desired/cmd/rate)=(0.00/0.00/0.00) cross_track=0.00 frame_id=px4_ned path_points=0 odom_source=/mavros/local_position/odom cloud_source=none mavros_connected=true
[offboard_waypoint_node-1] [INFO] [1786262948.681843185] [offboard_waypoint_node]: [EV_HEALTH] state=SUSPECT continuous_healthy=0.00s
[offboard_waypoint_node-1] [INFO] [1786262948.998076136] [offboard_waypoint_node]: [EV_HEALTH] state=FAULT continuous_healthy=0.00s
[offboard_waypoint_node-1] [INFO] [1786262949.020403537] [offboard_waypoint_node]: [CONTROL_ARBITER] selected_source=safety_hold state=IDLE_HOLD
[ego_planner_node-10] [FSM]: state: WAIT_TARGET
[ego_planner_node-10] wait for goal or trigger.
[offboard_waypoint_node-1] [INFO] [1786262949.420405748] [offboard_waypoint_node]: [HOLD_ERROR] position_error=0.159 velocity=0.020 state=IDLE_HOLD
[super_planner_ros2_node-6] [INFO] [1786262949.627250139] [super_planner_ros2_node]: SUPER_ROS2 mode=NO_ODOM enable_output=false reason=NO_ODOM odom=(0.01,0.02,-0.10) goal=none tracking_setpoint_enu=(0.01,0.02,0.78) setpoint_ned=none yaw(desired/cmd/rate)=(0.00/0.00/0.00) cross_track=0.00 frame_id=px4_ned path_points=0 odom_source=/mavros/local_position/odom cloud_source=none mavros_connected=true
[offboard_waypoint_node-1] [INFO] [1786262950.070377962] [offboard_waypoint_node]: [CONTROL_ARBITER] selected_source=safety_hold state=IDLE_HOLD
[fastlio_bridge_node-2] [INFO] [1786262950.081467945] [fastlio_bridge_node]: 已桥接并转换里程计: ENU(0.01, 0.03, -0.02) -> NED(-0.01, 0.03, 0.02)
[ego_planner_node-10] [FSM]: state: WAIT_TARGET
[ego_planner_node-10] wait for goal or trigger.
[offboard_waypoint_node-1] [INFO] [1786262950.420751813] [offboard_waypoint_node]: [HOLD_ERROR] position_error=0.159 velocity=0.020 state=IDLE_HOLD
[super_planner_ros2_node-6] [INFO] [1786262950.677258721] [super_planner_ros2_node]: SUPER_ROS2 mode=NO_ODOM enable_output=false reason=NO_ODOM odom=(0.01,0.02,-0.10) goal=none tracking_setpoint_enu=(0.01,0.02,0.78) setpoint_ned=none yaw(desired/cmd/rate)=(0.00/0.00/0.00) cross_track=0.00 frame_id=px4_ned path_points=0 odom_source=/mavros/local_position/odom cloud_source=none mavros_connected=true
[offboard_waypoint_node-1] [INFO] [1786262951.070479577] [offboard_waypoint_node]: [CONTROL_ARBITER] selected_source=safety_hold state=IDLE_HOLD
[offboard_waypoint_node-1] [INFO] [1786262951.420838153] [offboard_waypoint_node]: [HOLD_ERROR] position_error=0.159 velocity=0.020 state=IDLE_HOLD
[ego_planner_node-10] [FSM]: state: WAIT_TARGET
[ego_planner_node-10] wait for goal or trigger.
[super_planner_ros2_node-6] [INFO] [1786262951.727053434] [super_planner_ros2_node]: SUPER_ROS2 mode=NO_ODOM enable_output=false reason=NO_ODOM odom=(0.01,0.02,-0.10) goal=none tracking_setpoint_enu=(0.01,0.02,0.78) setpoint_ned=none yaw(desired/cmd/rate)=(0.00/0.00/0.00) cross_track=0.00 frame_id=px4_ned path_points=0 odom_source=/mavros/local_position/odom cloud_source=none mavros_connected=true
[offboard_waypoint_node-1] [INFO] [1786262952.120430289] [offboard_waypoint_node]: [CONTROL_ARBITER] selected_source=safety_hold state=IDLE_HOLD
[ego_planner_node-10] [FSM]: state: WAIT_TARGET
[ego_planner_node-10] wait for goal or trigger.
[offboard_waypoint_node-1] [INFO] [1786262952.470482264] [offboard_waypoint_node]: [HOLD_ERROR] position_error=0.159 velocity=0.020 state=IDLE_HOLD
[super_planner_ros2_node-6] [INFO] [1786262952.727127125] [super_planner_ros2_node]: SUPER_ROS2 mode=NO_ODOM enable_output=false reason=NO_ODOM odom=(0.01,0.02,-0.10) goal=none tracking_setpoint_enu=(0.01,0.02,0.78) setpoint_ned=none yaw(desired/cmd/rate)=(0.00/0.00/0.00) cross_track=0.00 frame_id=px4_ned path_points=0 odom_source=/mavros/local_position/odom cloud_source=none mavros_connected=true
[offboard_waypoint_node-1] [INFO] [1786262953.120552496] [offboard_waypoint_node]: [CONTROL_ARBITER] selected_source=safety_hold state=IDLE_HOLD
[ego_planner_node-10] [FSM]: state: WAIT_TARGET
[ego_planner_node-10] wait for goal or trigger.
[offboard_waypoint_node-1] [INFO] [1786262953.521688913] [offboard_waypoint_node]: [HOLD_ERROR] position_error=0.159 velocity=0.020 state=IDLE_HOLD
[super_planner_ros2_node-6] [INFO] [1786262953.727365072] [super_planner_ros2_node]: SUPER_ROS2 mode=NO_ODOM enable_output=false reason=NO_ODOM odom=(0.01,0.02,-0.10) goal=none tracking_setpoint_enu=(0.01,0.02,0.78) setpoint_ned=none yaw(desired/cmd/rate)=(0.00/0.00/0.00) cross_track=0.00 frame_id=px4_ned path_points=0 odom_source=/mavros/local_position/odom cloud_source=none mavros_connected=true
[offboard_waypoint_node-1] [INFO] [1786262954.170483704] [offboard_waypoint_node]: [CONTROL_ARBITER] selected_source=safety_hold state=IDLE_HOLD
[ego_planner_node-10] [FSM]: state: WAIT_TARGET
[ego_planner_node-10] wait for goal or trigger.
[offboard_waypoint_node-1] [INFO] [1786262954.570552721] [offboard_waypoint_node]: [HOLD_ERROR] position_error=0.159 velocity=0.020 state=IDLE_HOLD
[super_planner_ros2_node-6] [INFO] [1786262954.777137594] [super_planner_ros2_node]: SUPER_ROS2 mode=NO_ODOM enable_output=false reason=NO_ODOM odom=(0.01,0.02,-0.10) goal=none tracking_setpoint_enu=(0.01,0.02,0.78) setpoint_ned=none yaw(desired/cmd/rate)=(0.00/0.00/0.00) cross_track=0.00 frame_id=px4_ned path_points=0 odom_source=/mavros/local_position/odom cloud_source=none mavros_connected=true
[offboard_waypoint_node-1] [INFO] [1786262955.170505843] [offboard_waypoint_node]: [CONTROL_ARBITER] selected_source=safety_hold state=IDLE_HOLD
[ego_planner_node-10] [FSM]: state: WAIT_TARGET
[ego_planner_node-10] wait for goal or trigger.
[offboard_waypoint_node-1] [INFO] [1786262955.620585454] [offboard_waypoint_node]: [HOLD_ERROR] position_error=0.060 velocity=0.003 state=IDLE_HOLD
[super_planner_ros2_node-6] [INFO] [1786262955.777179038] [super_planner_ros2_node]: SUPER_ROS2 mode=IDLE enable_output=false reason=NO_GOAL odom=(0.00,-0.00,-0.00) goal=none tracking_setpoint_enu=(0.00,-0.00,0.78) setpoint_ned=none yaw(desired/cmd/rate)=(0.00/0.00/0.00) cross_track=0.00 frame_id=px4_ned path_points=0 odom_source=/mavros/local_position/odom cloud_source=none mavros_connected=true
[offboard_waypoint_node-1] [INFO] [1786262956.220481441] [offboard_waypoint_node]: [CONTROL_ARBITER] selected_source=safety_hold state=IDLE_HOLD
[ego_planner_node-10] [FSM]: state: WAIT_TARGET
[ego_planner_node-10] wait for goal or trigger.
[offboard_waypoint_node-1] [INFO] [1786262956.620739850] [offboard_waypoint_node]: [HOLD_ERROR] position_error=0.060 velocity=0.002 state=IDLE_HOLD
[super_planner_ros2_node-6] [INFO] [1786262956.827147319] [super_planner_ros2_node]: SUPER_ROS2 mode=IDLE enable_output=false reason=NO_GOAL odom=(-0.00,-0.00,-0.00) goal=none tracking_setpoint_enu=(-0.00,-0.00,0.78) setpoint_ned=none yaw(desired/cmd/rate)=(0.00/0.00/0.00) cross_track=0.00 frame_id=px4_ned path_points=0 odom_source=/mavros/local_position/odom cloud_source=none mavros_connected=true
[offboard_waypoint_node-1] [INFO] [1786262957.220538809] [offboard_waypoint_node]: [CONTROL_ARBITER] selected_source=safety_hold state=IDLE_HOLD
[ego_planner_node-10] [FSM]: state: WAIT_TARGET
[ego_planner_node-10] wait for goal or trigger.
[offboard_waypoint_node-1] [INFO] [1786262957.670457392] [offboard_waypoint_node]: [HOLD_ERROR] position_error=0.061 velocity=0.005 state=IDLE_HOLD
[super_planner_ros2_node-6] [INFO] [1786262957.827313634] [super_planner_ros2_node]: SUPER_ROS2 mode=IDLE enable_output=false reason=NO_GOAL odom=(0.00,-0.00,-0.00) goal=none tracking_setpoint_enu=(0.00,-0.00,0.78) setpoint_ned=none yaw(desired/cmd/rate)=(0.00/0.00/0.00) cross_track=0.00 frame_id=px4_ned path_points=0 odom_source=/mavros/local_position/odom cloud_source=none mavros_connected=true
[offboard_waypoint_node-1] [INFO] [1786262958.270601943] [offboard_waypoint_node]: [CONTROL_ARBITER] selected_source=safety_hold state=IDLE_HOLD
[ego_planner_node-10] [FSM]: state: WAIT_TARGET
[ego_planner_node-10] wait for goal or trigger.
[offboard_waypoint_node-1] [INFO] [1786262958.670524555] [offboard_waypoint_node]: [HOLD_ERROR] position_error=0.063 velocity=0.003 state=IDLE_HOLD
[super_planner_ros2_node-6] [INFO] [1786262958.877512253] [super_planner_ros2_node]: SUPER_ROS2 mode=IDLE enable_output=false reason=NO_GOAL odom=(-0.00,-0.00,-0.01) goal=none tracking_setpoint_enu=(-0.00,-0.00,0.78) setpoint_ned=none yaw(desired/cmd/rate)=(0.00/0.00/0.00) cross_track=0.00 frame_id=px4_ned path_points=0 odom_source=/mavros/local_position/odom cloud_source=none mavros_connected=true
[offboard_waypoint_node-1] [INFO] [1786262959.270660351] [offboard_waypoint_node]: [CONTROL_ARBITER] selected_source=safety_hold state=IDLE_HOLD
[ego_planner_node-10] [FSM]: state: WAIT_TARGET
[ego_planner_node-10] wait for goal or trigger.
[offboard_waypoint_node-1] [INFO] [1786262959.670570365] [offboard_waypoint_node]: [HOLD_ERROR] position_error=0.062 velocity=0.005 state=IDLE_HOLD
[super_planner_ros2_node-6] [INFO] [1786262959.927455821] [super_planner_ros2_node]: SUPER_ROS2 mode=IDLE enable_output=false reason=NO_GOAL odom=(0.00,-0.00,-0.00) goal=none tracking_setpoint_enu=(0.00,-0.00,0.78) setpoint_ned=none yaw(desired/cmd/rate)=(0.00/0.00/0.00) cross_track=0.00 frame_id=px4_ned path_points=0 odom_source=/mavros/local_position/odom cloud_source=none mavros_connected=true
[offboard_waypoint_node-1] [INFO] [1786262960.270697058] [offboard_waypoint_node]: [CONTROL_ARBITER] selected_source=safety_hold state=IDLE_HOLD
[ego_planner_node-10] [FSM]: state: WAIT_TARGET
[ego_planner_node-10] wait for goal or trigger.
[offboard_waypoint_node-1] [INFO] [1786262960.720551771] [offboard_waypoint_node]: [HOLD_ERROR] position_error=0.058 velocity=0.005 state=IDLE_HOLD
[super_planner_ros2_node-6] [INFO] [1786262960.977340200] [super_planner_ros2_node]: SUPER_ROS2 mode=IDLE enable_output=false reason=NO_GOAL odom=(0.00,0.00,0.00) goal=none tracking_setpoint_enu=(0.00,0.00,0.78) setpoint_ned=none yaw(desired/cmd/rate)=(0.00/0.00/0.00) cross_track=0.00 frame_id=px4_ned path_points=0 odom_source=/mavros/local_position/odom cloud_source=none mavros_connected=true
[offboard_waypoint_node-1] [INFO] [1786262961.320563211] [offboard_waypoint_node]: [CONTROL_ARBITER] selected_source=safety_hold state=IDLE_HOLD
[ego_planner_node-10] [FSM]: state: WAIT_TARGET
[ego_planner_node-10] wait for goal or trigger.
[offboard_waypoint_node-1] [INFO] [1786262961.720566352] [offboard_waypoint_node]: [HOLD_ERROR] position_error=0.052 velocity=0.004 state=IDLE_HOLD
[super_planner_ros2_node-6] [INFO] [1786262961.977553586] [super_planner_ros2_node]: SUPER_ROS2 mode=IDLE enable_output=false reason=NO_GOAL odom=(0.00,0.00,0.01) goal=none tracking_setpoint_enu=(0.00,0.00,0.78) setpoint_ned=none yaw(desired/cmd/rate)=(0.00/0.00/0.00) cross_track=0.00 frame_id=px4_ned path_points=0 odom_source=/mavros/local_position/odom cloud_source=none mavros_connected=true
[offboard_waypoint_node-1] [INFO] [1786262962.320659731] [offboard_waypoint_node]: [CONTROL_ARBITER] selected_source=safety_hold state=IDLE_HOLD
[ego_planner_node-10] [FSM]: state: WAIT_TARGET
[ego_planner_node-10] wait for goal or trigger.
[offboard_waypoint_node-1] [INFO] [1786262962.720604819] [offboard_waypoint_node]: [HOLD_ERROR] position_error=0.052 velocity=0.004 state=IDLE_HOLD
[super_planner_ros2_node-6] [INFO] [1786262963.027382110] [super_planner_ros2_node]: SUPER_ROS2 mode=IDLE enable_output=false reason=NO_GOAL odom=(-0.00,-0.00,0.01) goal=none tracking_setpoint_enu=(-0.00,-0.00,0.78) setpoint_ned=none yaw(desired/cmd/rate)=(0.00/0.00/0.00) cross_track=0.00 frame_id=px4_ned path_points=0 odom_source=/mavros/local_position/odom cloud_source=none mavros_connected=true
[offboard_waypoint_node-1] [INFO] [1786262963.320804781] [offboard_waypoint_node]: [CONTROL_ARBITER] selected_source=safety_hold state=IDLE_HOLD
[ego_planner_node-10] [FSM]: state: WAIT_TARGET
[ego_planner_node-10] wait for goal or trigger.
[offboard_waypoint_node-1] [INFO] [1786262963.720826497] [offboard_waypoint_node]: [HOLD_ERROR] position_error=0.051 velocity=0.003 state=IDLE_HOLD
[super_planner_ros2_node-6] [INFO] [1786262964.027409391] [super_planner_ros2_node]: SUPER_ROS2 mode=IDLE enable_output=false reason=NO_GOAL odom=(-0.00,0.00,0.01) goal=none tracking_setpoint_enu=(-0.00,0.00,0.78) setpoint_ned=none yaw(desired/cmd/rate)=(0.00/0.00/0.00) cross_track=0.00 frame_id=px4_ned path_points=0 odom_source=/mavros/local_position/odom cloud_source=none mavros_connected=true
[offboard_waypoint_node-1] [INFO] [1786262964.370667521] [offboard_waypoint_node]: [CONTROL_ARBITER] selected_source=safety_hold state=IDLE_HOLD
[ego_planner_node-10] [FSM]: state: WAIT_TARGET
[ego_planner_node-10] wait for goal or trigger.
[offboard_waypoint_node-1] [INFO] [1786262964.770770411] [offboard_waypoint_node]: [HOLD_ERROR] position_error=0.048 velocity=0.005 state=IDLE_HOLD
[super_planner_ros2_node-6] [INFO] [1786262965.077333771] [super_planner_ros2_node]: SUPER_ROS2 mode=IDLE enable_output=false reason=NO_GOAL odom=(0.00,0.00,0.01) goal=none tracking_setpoint_enu=(0.00,0.00,0.78) setpoint_ned=none yaw(desired/cmd/rate)=(0.00/0.00/0.00) cross_track=0.00 frame_id=px4_ned path_points=0 odom_source=/mavros/local_position/odom cloud_source=none mavros_connected=true
[offboard_waypoint_node-1] [INFO] [1786262965.420707568] [offboard_waypoint_node]: [CONTROL_ARBITER] selected_source=safety_hold state=IDLE_HOLD
[ego_planner_node-10] [FSM]: state: WAIT_TARGET
[ego_planner_node-10] wait for goal or trigger.
[offboard_waypoint_node-1] [INFO] [1786262965.820726056] [offboard_waypoint_node]: [HOLD_ERROR] position_error=0.046 velocity=0.005 state=IDLE_HOLD
[super_planner_ros2_node-6] [INFO] [1786262966.077387302] [super_planner_ros2_node]: SUPER_ROS2 mode=IDLE enable_output=false reason=NO_GOAL odom=(-0.00,0.00,0.01) goal=none tracking_setpoint_enu=(-0.00,0.00,0.78) setpoint_ned=none yaw(desired/cmd/rate)=(0.00/0.00/0.00) cross_track=0.00 frame_id=px4_ned path_points=0 odom_source=/mavros/local_position/odom cloud_source=none mavros_connected=true
[offboard_waypoint_node-1] [INFO] [1786262966.420711137] [offboard_waypoint_node]: [CONTROL_ARBITER] selected_source=safety_hold state=IDLE_HOLD
[ego_planner_node-10] [FSM]: state: WAIT_TARGET
[ego_planner_node-10] wait for goal or trigger.
[offboard_waypoint_node-1] [INFO] [1786262966.870650663] [offboard_waypoint_node]: [HOLD_ERROR] position_error=0.048 velocity=0.004 state=IDLE_HOLD
[super_planner_ros2_node-6] [INFO] [1786262967.077434411] [super_planner_ros2_node]: SUPER_ROS2 mode=IDLE enable_output=false reason=NO_GOAL odom=(-0.00,-0.00,0.01) goal=none tracking_setpoint_enu=(-0.00,-0.00,0.78) setpoint_ned=none yaw(desired/cmd/rate)=(0.00/0.00/0.00) cross_track=0.00 frame_id=px4_ned path_points=0 odom_source=/mavros/local_position/odom cloud_source=none mavros_connected=true
[offboard_waypoint_node-1] [INFO] [1786262967.420711953] [offboard_waypoint_node]: [CONTROL_ARBITER] selected_source=safety_hold state=IDLE_HOLD
[ego_planner_node-10] [FSM]: state: WAIT_TARGET
[ego_planner_node-10] wait for goal or trigger.
[offboard_waypoint_node-1] [INFO] [1786262967.920719069] [offboard_waypoint_node]: [HOLD_ERROR] position_error=0.047 velocity=0.001 state=IDLE_HOLD
[super_planner_ros2_node-6] [INFO] [1786262968.077435687] [super_planner_ros2_node]: SUPER_ROS2 mode=IDLE enable_output=false reason=NO_GOAL odom=(0.00,-0.00,0.01) goal=none tracking_setpoint_enu=(0.00,-0.00,0.78) setpoint_ned=none yaw(desired/cmd/rate)=(0.00/0.00/0.00) cross_track=0.00 frame_id=px4_ned path_points=0 odom_source=/mavros/local_position/odom cloud_source=none mavros_connected=true
[offboard_waypoint_node-1] [INFO] [1786262968.420855456] [offboard_waypoint_node]: [CONTROL_ARBITER] selected_source=safety_hold state=IDLE_HOLD
[ego_planner_node-10] [FSM]: state: WAIT_TARGET
[ego_planner_node-10] wait for goal or trigger.
[offboard_waypoint_node-1] [INFO] [1786262968.920927359] [offboard_waypoint_node]: [HOLD_ERROR] position_error=0.047 velocity=0.001 state=IDLE_HOLD
[super_planner_ros2_node-6] [INFO] [1786262969.077453852] [super_planner_ros2_node]: SUPER_ROS2 mode=IDLE enable_output=false reason=NO_GOAL odom=(0.00,0.00,0.01) goal=none tracking_setpoint_enu=(0.00,0.00,0.78) setpoint_ned=none yaw(desired/cmd/rate)=(0.00/0.00/0.00) cross_track=0.00 frame_id=px4_ned path_points=0 odom_source=/mavros/local_position/odom cloud_source=none mavros_connected=true
[offboard_waypoint_node-1] [INFO] [1786262969.420865814] [offboard_waypoint_node]: [CONTROL_ARBITER] selected_source=safety_hold state=IDLE_HOLD
[ego_planner_node-10] [FSM]: state: WAIT_TARGET
[ego_planner_node-10] wait for goal or trigger.
[offboard_waypoint_node-1] [INFO] [1786262969.970762749] [offboard_waypoint_node]: [HOLD_ERROR] position_error=0.044 velocity=0.001 state=IDLE_HOLD
[super_planner_ros2_node-6] [INFO] [1786262970.127562895] [super_planner_ros2_node]: SUPER_ROS2 mode=IDLE enable_output=false reason=NO_GOAL odom=(-0.00,0.00,0.02) goal=none tracking_setpoint_enu=(-0.00,0.00,0.78) setpoint_ned=none yaw(desired/cmd/rate)=(0.00/0.00/0.00) cross_track=0.00 frame_id=px4_ned path_points=0 odom_source=/mavros/local_position/odom cloud_source=none mavros_connected=true
[offboard_waypoint_node-1] [INFO] [1786262970.420958242] [offboard_waypoint_node]: [CONTROL_ARBITER] selected_source=safety_hold state=IDLE_HOLD
[ego_planner_node-10] [FSM]: state: WAIT_TARGET
[ego_planner_node-10] wait for goal or trigger.
[offboard_waypoint_node-1] [INFO] [1786262970.970848405] [offboard_waypoint_node]: [HOLD_ERROR] position_error=0.040 velocity=0.002 state=IDLE_HOLD
[super_planner_ros2_node-6] [INFO] [1786262971.177461893] [super_planner_ros2_node]: SUPER_ROS2 mode=IDLE enable_output=false reason=NO_GOAL odom=(0.00,-0.00,0.02) goal=none tracking_setpoint_enu=(0.00,-0.00,0.78) setpoint_ned=none yaw(desired/cmd/rate)=(0.00/0.00/0.00) cross_track=0.00 frame_id=px4_ned path_points=0 odom_source=/mavros/local_position/odom cloud_source=none mavros_connected=true
[offboard_waypoint_node-1] [INFO] [1786262971.470845418] [offboard_waypoint_node]: [CONTROL_ARBITER] selected_source=safety_hold state=IDLE_HOLD
[ego_planner_node-10] [FSM]: state: WAIT_TARGET
[ego_planner_node-10] wait for goal or trigger.
[offboard_waypoint_node-1] [INFO] [1786262972.020780458] [offboard_waypoint_node]: [HOLD_ERROR] position_error=0.035 velocity=0.005 state=IDLE_HOLD
[super_planner_ros2_node-6] [INFO] [1786262972.177612382] [super_planner_ros2_node]: SUPER_ROS2 mode=IDLE enable_output=false reason=NO_GOAL odom=(0.00,0.00,0.03) goal=none tracking_setpoint_enu=(0.00,0.00,0.78) setpoint_ned=none yaw(desired/cmd/rate)=(0.00/0.00/0.00) cross_track=0.00 frame_id=px4_ned path_points=0 odom_source=/mavros/local_position/odom cloud_source=none mavros_connected=true
[offboard_waypoint_node-1] [INFO] [1786262972.520812777] [offboard_waypoint_node]: [CONTROL_ARBITER] selected_source=safety_hold state=IDLE_HOLD
[ego_planner_node-10] [FSM]: state: WAIT_TARGET
[ego_planner_node-10] wait for goal or trigger.
[offboard_waypoint_node-1] [INFO] [1786262973.020802853] [offboard_waypoint_node]: [HOLD_ERROR] position_error=0.033 velocity=0.002 state=IDLE_HOLD
[super_planner_ros2_node-6] [INFO] [1786262973.177633113] [super_planner_ros2_node]: SUPER_ROS2 mode=IDLE enable_output=false reason=NO_GOAL odom=(0.00,0.00,0.03) goal=none tracking_setpoint_enu=(0.00,0.00,0.78) setpoint_ned=none yaw(desired/cmd/rate)=(0.00/0.00/0.00) cross_track=0.00 frame_id=px4_ned path_points=0 odom_source=/mavros/local_position/odom cloud_source=none mavros_connected=true
[offboard_waypoint_node-1] [INFO] [1786262973.520899150] [offboard_waypoint_node]: [CONTROL_ARBITER] selected_source=safety_hold state=IDLE_HOLD
[ego_planner_node-10] [FSM]: state: WAIT_TARGET
[ego_planner_node-10] wait for goal or trigger.
[offboard_waypoint_node-1] [INFO] [1786262974.020839622] [offboard_waypoint_node]: [HOLD_ERROR] position_error=0.031 velocity=0.005 state=IDLE_HOLD
[super_planner_ros2_node-6] [INFO] [1786262974.227583856] [super_planner_ros2_node]: SUPER_ROS2 mode=IDLE enable_output=false reason=NO_GOAL odom=(-0.00,0.00,0.03) goal=none tracking_setpoint_enu=(-0.00,0.00,0.78) setpoint_ned=none yaw(desired/cmd/rate)=(0.00/0.00/0.00) cross_track=0.00 frame_id=px4_ned path_points=0 odom_source=/mavros/local_position/odom cloud_source=none mavros_connected=true
[offboard_waypoint_node-1] [INFO] [1786262974.521060007] [offboard_waypoint_node]: [CONTROL_ARBITER] selected_source=safety_hold state=IDLE_HOLD
[ego_planner_node-10] [FSM]: state: WAIT_TARGET
[ego_planner_node-10] wait for goal or trigger.
[offboard_waypoint_node-1] [INFO] [1786262975.020891711] [offboard_waypoint_node]: [HOLD_ERROR] position_error=0.031 velocity=0.000 state=IDLE_HOLD
[super_planner_ros2_node-6] [INFO] [1786262975.277700177] [super_planner_ros2_node]: SUPER_ROS2 mode=IDLE enable_output=false reason=NO_GOAL odom=(-0.00,-0.00,0.03) goal=none tracking_setpoint_enu=(-0.00,-0.00,0.78) setpoint_ned=none yaw(desired/cmd/rate)=(0.00/0.00/0.00) cross_track=0.00 frame_id=px4_ned path_points=0 odom_source=/mavros/local_position/odom cloud_source=none mavros_connected=true
[offboard_waypoint_node-1] [INFO] [1786262975.570853199] [offboard_waypoint_node]: [CONTROL_ARBITER] selected_source=safety_hold state=IDLE_HOLD
[ego_planner_node-10] [FSM]: state: WAIT_TARGET
[ego_planner_node-10] wait for goal or trigger.
[offboard_waypoint_node-1] [INFO] [1786262976.020905982] [offboard_waypoint_node]: [HOLD_ERROR] position_error=0.032 velocity=0.002 state=IDLE_HOLD
[super_planner_ros2_node-6] [INFO] [1786262976.327746082] [super_planner_ros2_node]: SUPER_ROS2 mode=IDLE enable_output=false reason=NO_GOAL odom=(0.00,-0.00,0.03) goal=none tracking_setpoint_enu=(0.00,-0.00,0.78) setpoint_ned=none yaw(desired/cmd/rate)=(0.00/0.00/0.00) cross_track=0.00 frame_id=px4_ned path_points=0 odom_source=/mavros/local_position/odom cloud_source=none mavros_connected=true
[offboard_waypoint_node-1] [INFO] [1786262976.570891620] [offboard_waypoint_node]: [CONTROL_ARBITER] selected_source=safety_hold state=IDLE_HOLD
[mapping_manager_node-5] [INFO] [1786262976.592112774] [mapping_manager_node]: Mapping status: in_flight=false, map_loaded=false, map_saved=false
[ego_planner_node-10] [FSM]: state: WAIT_TARGET
[ego_planner_node-10] wait for goal or trigger.
[offboard_waypoint_node-1] [INFO] [1786262977.020907549] [offboard_waypoint_node]: [HOLD_ERROR] position_error=0.029 velocity=0.002 state=IDLE_HOLD
[super_planner_ros2_node-6] [INFO] [1786262977.377597960] [super_planner_ros2_node]: SUPER_ROS2 mode=IDLE enable_output=false reason=NO_GOAL odom=(0.00,-0.00,0.04) goal=none tracking_setpoint_enu=(0.00,-0.00,0.78) setpoint_ned=none yaw(desired/cmd/rate)=(0.00/0.00/0.00) cross_track=0.00 frame_id=px4_ned path_points=0 odom_source=/mavros/local_position/odom cloud_source=none mavros_connected=true
[offboard_waypoint_node-1] [INFO] [1786262977.570899237] [offboard_waypoint_node]: [CONTROL_ARBITER] selected_source=safety_hold state=IDLE_HOLD
[ego_planner_node-10] [FSM]: state: WAIT_TARGET
[ego_planner_node-10] wait for goal or trigger.
[offboard_waypoint_node-1] [INFO] [1786262978.070881419] [offboard_waypoint_node]: [HOLD_ERROR] position_error=0.029 velocity=0.005 state=IDLE_HOLD
[super_planner_ros2_node-6] [INFO] [1786262978.377625059] [super_planner_ros2_node]: SUPER_ROS2 mode=IDLE enable_output=false reason=NO_GOAL odom=(-0.00,-0.00,0.04) goal=none tracking_setpoint_enu=(-0.00,-0.00,0.78) setpoint_ned=none yaw(desired/cmd/rate)=(0.00/0.00/0.00) cross_track=0.00 frame_id=px4_ned path_points=0 odom_source=/mavros/local_position/odom cloud_source=none mavros_connected=true
[offboard_waypoint_node-1] [INFO] [1786262978.570934544] [offboard_waypoint_node]: [CONTROL_ARBITER] selected_source=safety_hold state=IDLE_HOLD
[ego_planner_node-10] [FSM]: state: WAIT_TARGET
[ego_planner_node-10] wait for goal or trigger.
[offboard_waypoint_node-1] [INFO] [1786262979.071018212] [offboard_waypoint_node]: [HOLD_ERROR] position_error=0.027 velocity=0.006 state=IDLE_HOLD
[super_planner_ros2_node-6] [INFO] [1786262979.377714963] [super_planner_ros2_node]: SUPER_ROS2 mode=IDLE enable_output=false reason=NO_GOAL odom=(-0.00,0.00,0.04) goal=none tracking_setpoint_enu=(-0.00,0.00,0.78) setpoint_ned=none yaw(desired/cmd/rate)=(0.00/0.00/0.00) cross_track=0.00 frame_id=px4_ned path_points=0 odom_source=/mavros/local_position/odom cloud_source=none mavros_connected=true
[offboard_waypoint_node-1] [INFO] [1786262979.620989718] [offboard_waypoint_node]: [CONTROL_ARBITER] selected_source=safety_hold state=IDLE_HOLD
[ego_planner_node-10] [FSM]: state: WAIT_TARGET
[ego_planner_node-10] wait for goal or trigger.
[offboard_waypoint_node-1] [INFO] [1786262980.120949089] [offboard_waypoint_node]: [HOLD_ERROR] position_error=0.026 velocity=0.004 state=IDLE_HOLD
[super_planner_ros2_node-6] [INFO] [1786262980.377737586] [super_planner_ros2_node]: SUPER_ROS2 mode=IDLE enable_output=false reason=NO_GOAL odom=(-0.00,-0.00,0.04) goal=none tracking_setpoint_enu=(-0.00,-0.00,0.78) setpoint_ned=none yaw(desired/cmd/rate)=(0.00/0.00/0.00) cross_track=0.00 frame_id=px4_ned path_points=0 odom_source=/mavros/local_position/odom cloud_source=none mavros_connected=true
[offboard_waypoint_node-1] [INFO] [1786262980.621070407] [offboard_waypoint_node]: [CONTROL_ARBITER] selected_source=safety_hold state=IDLE_HOLD
[ego_planner_node-10] [FSM]: state: WAIT_TARGET
[ego_planner_node-10] wait for goal or trigger.
[offboard_waypoint_node-1] [INFO] [1786262981.120989181] [offboard_waypoint_node]: [HOLD_ERROR] position_error=0.024 velocity=0.004 state=IDLE_HOLD
[super_planner_ros2_node-6] [INFO] [1786262981.377770694] [super_planner_ros2_node]: SUPER_ROS2 mode=IDLE enable_output=false reason=NO_GOAL odom=(0.00,0.00,0.05) goal=none tracking_setpoint_enu=(0.00,0.00,0.78) setpoint_ned=none yaw(desired/cmd/rate)=(0.00/0.00/0.00) cross_track=0.00 frame_id=px4_ned path_points=0 odom_source=/mavros/local_position/odom cloud_source=none mavros_connected=true
[offboard_waypoint_node-1] [INFO] [1786262981.621117548] [offboard_waypoint_node]: [CONTROL_ARBITER] selected_source=safety_hold state=IDLE_HOLD
[ego_planner_node-10] [FSM]: state: WAIT_TARGET
[ego_planner_node-10] wait for goal or trigger.
[offboard_waypoint_node-1] [INFO] [1786262982.121029073] [offboard_waypoint_node]: [HOLD_ERROR] position_error=0.022 velocity=0.007 state=IDLE_HOLD
[super_planner_ros2_node-6] [INFO] [1786262982.377789847] [super_planner_ros2_node]: SUPER_ROS2 mode=IDLE enable_output=false reason=NO_GOAL odom=(0.00,0.00,0.05) goal=none tracking_setpoint_enu=(0.00,0.00,0.78) setpoint_ned=none yaw(desired/cmd/rate)=(0.00/0.00/0.00) cross_track=0.00 frame_id=px4_ned path_points=0 odom_source=/mavros/local_position/odom cloud_source=none mavros_connected=true
[offboard_waypoint_node-1] [INFO] [1786262982.671032291] [offboard_waypoint_node]: [CONTROL_ARBITER] selected_source=safety_hold state=IDLE_HOLD
[ego_planner_node-10] [FSM]: state: WAIT_TARGET
[ego_planner_node-10] wait for goal or trigger.
[offboard_waypoint_node-1] [INFO] [1786262983.121046200] [offboard_waypoint_node]: [HOLD_ERROR] position_error=0.022 velocity=0.004 state=IDLE_HOLD
[super_planner_ros2_node-6] [INFO] [1786262983.427721185] [super_planner_ros2_node]: SUPER_ROS2 mode=IDLE enable_output=false reason=NO_GOAL odom=(0.00,0.00,0.05) goal=none tracking_setpoint_enu=(0.00,0.00,0.78) setpoint_ned=none yaw(desired/cmd/rate)=(0.00/0.00/0.00) cross_track=0.00 frame_id=px4_ned path_points=0 odom_source=/mavros/local_position/odom cloud_source=none mavros_connected=true
[offboard_waypoint_node-1] [INFO] [1786262983.671077523] [offboard_waypoint_node]: [CONTROL_ARBITER] selected_source=safety_hold state=IDLE_HOLD
[ego_planner_node-10] [FSM]: state: WAIT_TARGET
[ego_planner_node-10] wait for goal or trigger.
[offboard_waypoint_node-1] [INFO] [1786262984.121078896] [offboard_waypoint_node]: [HOLD_ERROR] position_error=0.024 velocity=0.005 state=IDLE_HOLD
[super_planner_ros2_node-6] [INFO] [1786262984.427790718] [super_planner_ros2_node]: SUPER_ROS2 mode=IDLE enable_output=false reason=NO_GOAL odom=(-0.00,-0.00,0.06) goal=none tracking_setpoint_enu=(-0.00,-0.00,0.78) setpoint_ned=none yaw(desired/cmd/rate)=(0.00/0.00/0.00) cross_track=0.00 frame_id=px4_ned path_points=0 odom_source=/mavros/local_position/odom cloud_source=none mavros_connected=true
[offboard_waypoint_node-1] [INFO] [1786262984.671111793] [offboard_waypoint_node]: [CONTROL_ARBITER] selected_source=safety_hold state=IDLE_HOLD
[ego_planner_node-10] [FSM]: state: WAIT_TARGET
[ego_planner_node-10] wait for goal or trigger.
[offboard_waypoint_node-1] [INFO] [1786262985.121101187] [offboard_waypoint_node]: [HOLD_ERROR] position_error=0.024 velocity=0.003 state=IDLE_HOLD
[super_planner_ros2_node-6] [INFO] [1786262985.427869441] [super_planner_ros2_node]: SUPER_ROS2 mode=IDLE enable_output=false reason=NO_GOAL odom=(-0.00,0.00,0.06) goal=none tracking_setpoint_enu=(-0.00,0.00,0.78) setpoint_ned=none yaw(desired/cmd/rate)=(0.00/0.00/0.00) cross_track=0.00 frame_id=px4_ned path_points=0 odom_source=/mavros/local_position/odom cloud_source=none mavros_connected=true
[offboard_waypoint_node-1] [INFO] [1786262985.671202094] [offboard_waypoint_node]: [CONTROL_ARBITER] selected_source=safety_hold state=IDLE_HOLD
[ego_planner_node-10] [FSM]: state: WAIT_TARGET
[ego_planner_node-10] wait for goal or trigger.
[offboard_waypoint_node-1] [INFO] [1786262986.121348281] [offboard_waypoint_node]: [HOLD_ERROR] position_error=0.026 velocity=0.006 state=IDLE_HOLD
[super_planner_ros2_node-6] [INFO] [1786262986.477855391] [super_planner_ros2_node]: SUPER_ROS2 mode=IDLE enable_output=false reason=NO_GOAL odom=(0.00,0.00,0.07) goal=none tracking_setpoint_enu=(0.00,0.00,0.78) setpoint_ned=none yaw(desired/cmd/rate)=(0.00/0.00/0.00) cross_track=0.00 frame_id=px4_ned path_points=0 odom_source=/mavros/local_position/odom cloud_source=none mavros_connected=true
[offboard_waypoint_node-1] [INFO] [1786262986.721155484] [offboard_waypoint_node]: [CONTROL_ARBITER] selected_source=safety_hold state=IDLE_HOLD
[ego_planner_node-10] [FSM]: state: WAIT_TARGET
[ego_planner_node-10] wait for goal or trigger.
[offboard_waypoint_node-1] [INFO] [1786262987.171121360] [offboard_waypoint_node]: [HOLD_ERROR] position_error=0.031 velocity=0.003 state=IDLE_HOLD
[super_planner_ros2_node-6] [INFO] [1786262987.527793531] [super_planner_ros2_node]: SUPER_ROS2 mode=IDLE enable_output=false reason=NO_GOAL odom=(0.00,-0.00,0.07) goal=none tracking_setpoint_enu=(0.00,-0.00,0.78) setpoint_ned=none yaw(desired/cmd/rate)=(0.00/0.00/0.00) cross_track=0.00 frame_id=px4_ned path_points=0 odom_source=/mavros/local_position/odom cloud_source=none mavros_connected=true
[offboard_waypoint_node-1] [INFO] [1786262987.721319687] [offboard_waypoint_node]: [CONTROL_ARBITER] selected_source=safety_hold state=IDLE_HOLD
[ego_planner_node-10] [FSM]: state: WAIT_TARGET
[ego_planner_node-10] wait for goal or trigger.
[offboard_waypoint_node-1] [INFO] [1786262988.171203405] [offboard_waypoint_node]: [HOLD_ERROR] position_error=0.033 velocity=0.006 state=IDLE_HOLD
[super_planner_ros2_node-6] [INFO] [1786262988.528059254] [super_planner_ros2_node]: SUPER_ROS2 mode=IDLE enable_output=false reason=NO_GOAL odom=(0.00,-0.00,0.08) goal=none tracking_setpoint_enu=(0.00,-0.00,0.78) setpoint_ned=none yaw(desired/cmd/rate)=(0.00/0.00/0.00) cross_track=0.00 frame_id=px4_ned path_points=0 odom_source=/mavros/local_position/odom cloud_source=none mavros_connected=true
[offboard_waypoint_node-1] [INFO] [1786262988.771189751] [offboard_waypoint_node]: [CONTROL_ARBITER] selected_source=safety_hold state=IDLE_HOLD
[ego_planner_node-10] [FSM]: state: WAIT_TARGET
[ego_planner_node-10] wait for goal or trigger.
[offboard_waypoint_node-1] [INFO] [1786262989.221133745] [offboard_waypoint_node]: [HOLD_ERROR] position_error=0.036 velocity=0.003 state=IDLE_HOLD
[super_planner_ros2_node-6] [INFO] [1786262989.577830187] [super_planner_ros2_node]: SUPER_ROS2 mode=IDLE enable_output=false reason=NO_GOAL odom=(0.00,-0.00,0.08) goal=none tracking_setpoint_enu=(0.00,-0.00,0.78) setpoint_ned=none yaw(desired/cmd/rate)=(0.00/0.00/0.00) cross_track=0.00 frame_id=px4_ned path_points=0 odom_source=/mavros/local_position/odom cloud_source=none mavros_connected=true
[offboard_waypoint_node-1] [INFO] [1786262989.821236285] [offboard_waypoint_node]: [CONTROL_ARBITER] selected_source=safety_hold state=IDLE_HOLD
[ego_planner_node-10] [FSM]: state: WAIT_TARGET
[ego_planner_node-10] wait for goal or trigger.
[offboard_waypoint_node-1] [INFO] [1786262990.221286267] [offboard_waypoint_node]: [HOLD_ERROR] position_error=0.038 velocity=0.001 state=IDLE_HOLD
[super_planner_ros2_node-6] [INFO] [1786262990.577959312] [super_planner_ros2_node]: SUPER_ROS2 mode=IDLE enable_output=false reason=NO_GOAL odom=(-0.00,-0.00,0.09) goal=none tracking_setpoint_enu=(-0.00,-0.00,0.78) setpoint_ned=none yaw(desired/cmd/rate)=(0.00/0.00/0.00) cross_track=0.00 frame_id=px4_ned path_points=0 odom_source=/mavros/local_position/odom cloud_source=none mavros_connected=true
[offboard_waypoint_node-1] [INFO] [1786262990.821261209] [offboard_waypoint_node]: [CONTROL_ARBITER] selected_source=safety_hold state=IDLE_HOLD
[ego_planner_node-10] [FSM]: state: WAIT_TARGET
[ego_planner_node-10] wait for goal or trigger.
[offboard_waypoint_node-1] [INFO] [1786262991.271207308] [offboard_waypoint_node]: [HOLD_ERROR] position_error=0.043 velocity=0.001 state=IDLE_HOLD
[super_planner_ros2_node-6] [INFO] [1786262991.577977690] [super_planner_ros2_node]: SUPER_ROS2 mode=IDLE enable_output=false reason=NO_GOAL odom=(-0.00,-0.00,0.09) goal=none tracking_setpoint_enu=(-0.00,-0.00,0.78) setpoint_ned=none yaw(desired/cmd/rate)=(0.00/0.00/0.00) cross_track=0.00 frame_id=px4_ned path_points=0 odom_source=/mavros/local_position/odom cloud_source=none mavros_connected=true
[offboard_waypoint_node-1] [INFO] [1786262991.871227258] [offboard_waypoint_node]: [CONTROL_ARBITER] selected_source=safety_hold state=IDLE_HOLD
[ego_planner_node-10] [FSM]: state: WAIT_TARGET
[ego_planner_node-10] wait for goal or trigger.
[offboard_waypoint_node-1] [INFO] [1786262992.321246233] [offboard_waypoint_node]: [HOLD_ERROR] position_error=0.045 velocity=0.002 state=IDLE_HOLD
[super_planner_ros2_node-6] [INFO] [1786262992.578072245] [super_planner_ros2_node]: SUPER_ROS2 mode=IDLE enable_output=false reason=NO_GOAL odom=(0.00,0.00,0.09) goal=none tracking_setpoint_enu=(0.00,0.00,0.78) setpoint_ned=none yaw(desired/cmd/rate)=(0.00/0.00/0.00) cross_track=0.00 frame_id=px4_ned path_points=0 odom_source=/mavros/local_position/odom cloud_source=none mavros_connected=true
[offboard_waypoint_node-1] [INFO] [1786262992.871236004] [offboard_waypoint_node]: [CONTROL_ARBITER] selected_source=safety_hold state=IDLE_HOLD
[ego_planner_node-10] [FSM]: state: WAIT_TARGET
[ego_planner_node-10] wait for goal or trigger.
[offboard_waypoint_node-1] [INFO] [1786262993.321260803] [offboard_waypoint_node]: [HOLD_ERROR] position_error=0.044 velocity=0.003 state=IDLE_HOLD
[super_planner_ros2_node-6] [INFO] [1786262993.627947864] [super_planner_ros2_node]: SUPER_ROS2 mode=IDLE enable_output=false reason=NO_GOAL odom=(0.00,0.00,0.09) goal=none tracking_setpoint_enu=(0.00,0.00,0.78) setpoint_ned=none yaw(desired/cmd/rate)=(0.00/0.00/0.00) cross_track=0.00 frame_id=px4_ned path_points=0 odom_source=/mavros/local_position/odom cloud_source=none mavros_connected=true
[offboard_waypoint_node-1] [INFO] [1786262993.871300792] [offboard_waypoint_node]: [CONTROL_ARBITER] selected_source=safety_hold state=IDLE_HOLD
[ego_planner_node-10] [FSM]: state: WAIT_TARGET
[ego_planner_node-10] wait for goal or trigger.
[offboard_waypoint_node-1] [INFO] [1786262994.321294118] [offboard_waypoint_node]: [HOLD_ERROR] position_error=0.049 velocity=0.005 state=IDLE_HOLD
[super_planner_ros2_node-6] [INFO] [1786262994.628065843] [super_planner_ros2_node]: SUPER_ROS2 mode=IDLE enable_output=false reason=NO_GOAL odom=(-0.00,-0.00,0.10) goal=none tracking_setpoint_enu=(-0.00,-0.00,0.78) setpoint_ned=none yaw(desired/cmd/rate)=(0.00/0.00/0.00) cross_track=0.00 frame_id=px4_ned path_points=0 odom_source=/mavros/local_position/odom cloud_source=none mavros_connected=true
[offboard_waypoint_node-1] [INFO] [1786262994.871343555] [offboard_waypoint_node]: [CONTROL_ARBITER] selected_source=safety_hold state=IDLE_HOLD
[ego_planner_node-10] [FSM]: state: WAIT_TARGET
[ego_planner_node-10] wait for goal or trigger.
[offboard_waypoint_node-1] [INFO] [1786262995.321367746] [offboard_waypoint_node]: [HOLD_ERROR] position_error=0.054 velocity=0.006 state=IDLE_HOLD
[super_planner_ros2_node-6] [INFO] [1786262995.678021441] [super_planner_ros2_node]: SUPER_ROS2 mode=IDLE enable_output=false reason=NO_GOAL odom=(-0.00,-0.00,0.10) goal=none tracking_setpoint_enu=(-0.00,-0.00,0.78) setpoint_ned=none yaw(desired/cmd/rate)=(0.00/0.00/0.00) cross_track=0.00 frame_id=px4_ned path_points=0 odom_source=/mavros/local_position/odom cloud_source=none mavros_connected=true
[offboard_waypoint_node-1] [INFO] [1786262995.871403713] [offboard_waypoint_node]: [CONTROL_ARBITER] selected_source=safety_hold state=IDLE_HOLD
[ego_planner_node-10] [FSM]: state: WAIT_TARGET
[ego_planner_node-10] wait for goal or trigger.
[offboard_waypoint_node-1] [INFO] [1786262996.321546619] [offboard_waypoint_node]: [HOLD_ERROR] position_error=0.057 velocity=0.005 state=IDLE_HOLD
[super_planner_ros2_node-6] [INFO] [1786262996.678074083] [super_planner_ros2_node]: SUPER_ROS2 mode=IDLE enable_output=false reason=NO_GOAL odom=(-0.00,0.00,0.11) goal=none tracking_setpoint_enu=(-0.00,0.00,0.78) setpoint_ned=none yaw(desired/cmd/rate)=(0.00/0.00/0.00) cross_track=0.00 frame_id=px4_ned path_points=0 odom_source=/mavros/local_position/odom cloud_source=none mavros_connected=true
[offboard_waypoint_node-1] [INFO] [1786262996.871728301] [offboard_waypoint_node]: [CONTROL_ARBITER] selected_source=safety_hold state=IDLE_HOLD
[ego_planner_node-10] [FSM]: state: WAIT_TARGET
[ego_planner_node-10] wait for goal or trigger.
[offboard_waypoint_node-1] [INFO] [1786262997.371460170] [offboard_waypoint_node]: [HOLD_ERROR] position_error=0.061 velocity=0.006 state=IDLE_HOLD
[super_planner_ros2_node-6] [INFO] [1786262997.678084832] [super_planner_ros2_node]: SUPER_ROS2 mode=IDLE enable_output=false reason=NO_GOAL odom=(0.00,-0.00,0.11) goal=none tracking_setpoint_enu=(0.00,-0.00,0.78) setpoint_ned=none yaw(desired/cmd/rate)=(0.00/0.00/0.00) cross_track=0.00 frame_id=px4_ned path_points=0 odom_source=/mavros/local_position/odom cloud_source=none mavros_connected=true
[offboard_waypoint_node-1] [INFO] [1786262997.921742769] [offboard_waypoint_node]: [CONTROL_ARBITER] selected_source=safety_hold state=IDLE_HOLD
[ego_planner_node-10] [FSM]: state: WAIT_TARGET
[ego_planner_node-10] wait for goal or trigger.
[offboard_waypoint_node-1] [INFO] [1786262998.371527841] [offboard_waypoint_node]: [HOLD_ERROR] position_error=0.064 velocity=0.007 state=IDLE_HOLD
[super_planner_ros2_node-6] [INFO] [1786262998.678174253] [super_planner_ros2_node]: SUPER_ROS2 mode=IDLE enable_output=false reason=NO_GOAL odom=(0.00,-0.00,0.11) goal=none tracking_setpoint_enu=(0.00,-0.00,0.78) setpoint_ned=none yaw(desired/cmd/rate)=(0.00/0.00/0.00) cross_track=0.00 frame_id=px4_ned path_points=0 odom_source=/mavros/local_position/odom cloud_source=none mavros_connected=true
[offboard_waypoint_node-1] [INFO] [1786262998.971464755] [offboard_waypoint_node]: [CONTROL_ARBITER] selected_source=safety_hold state=IDLE_HOLD
[ego_planner_node-10] [FSM]: state: WAIT_TARGET
[ego_planner_node-10] wait for goal or trigger.
[offboard_waypoint_node-1] [INFO] [1786262999.421459246] [offboard_waypoint_node]: [HOLD_ERROR] position_error=0.063 velocity=0.001 state=IDLE_HOLD
[super_planner_ros2_node-6] [INFO] [1786262999.728107682] [super_planner_ros2_node]: SUPER_ROS2 mode=IDLE enable_output=false reason=NO_GOAL odom=(-0.00,0.00,0.11) goal=none tracking_setpoint_enu=(-0.00,0.00,0.78) setpoint_ned=none yaw(desired/cmd/rate)=(0.00/0.00/0.00) cross_track=0.00 frame_id=px4_ned path_points=0 odom_source=/mavros/local_position/odom cloud_source=none mavros_connected=true
[offboard_waypoint_node-1] [INFO] [1786263000.021458267] [offboard_waypoint_node]: [CONTROL_ARBITER] selected_source=safety_hold state=IDLE_HOLD
[ego_planner_node-10] [FSM]: state: WAIT_TARGET
[ego_planner_node-10] wait for goal or trigger.
[offboard_waypoint_node-1] [INFO] [1786263000.421475961] [offboard_waypoint_node]: [HOLD_ERROR] position_error=0.064 velocity=0.001 state=IDLE_HOLD
[super_planner_ros2_node-6] [INFO] [1786263000.728151144] [super_planner_ros2_node]: SUPER_ROS2 mode=IDLE enable_output=false reason=NO_GOAL odom=(0.00,0.00,0.11) goal=none tracking_setpoint_enu=(0.00,0.00,0.78) setpoint_ned=none yaw(desired/cmd/rate)=(0.00/0.00/0.00) cross_track=0.00 frame_id=px4_ned path_points=0 odom_source=/mavros/local_position/odom cloud_source=none mavros_connected=true
[offboard_waypoint_node-1] [INFO] [1786263001.022003025] [offboard_waypoint_node]: [CONTROL_ARBITER] selected_source=safety_hold state=IDLE_HOLD
[ego_planner_node-10] [FSM]: state: WAIT_TARGET
[ego_planner_node-10] wait for goal or trigger.
[offboard_waypoint_node-1] [INFO] [1786263001.421554888] [offboard_waypoint_node]: [HOLD_ERROR] position_error=0.063 velocity=0.001 state=IDLE_HOLD
[super_planner_ros2_node-6] [INFO] [1786263001.728323573] [super_planner_ros2_node]: SUPER_ROS2 mode=IDLE enable_output=false reason=NO_GOAL odom=(-0.00,0.00,0.11) goal=none tracking_setpoint_enu=(-0.00,0.00,0.78) setpoint_ned=none yaw(desired/cmd/rate)=(0.00/0.00/0.00) cross_track=0.00 frame_id=px4_ned path_points=0 odom_source=/mavros/local_position/odom cloud_source=none mavros_connected=true
[offboard_waypoint_node-1] [INFO] [1786263002.071373460] [offboard_waypoint_node]: [CONTROL_ARBITER] selected_source=safety_hold state=IDLE_HOLD
[ego_planner_node-10] [FSM]: state: WAIT_TARGET
[ego_planner_node-10] wait for goal or trigger.
[offboard_waypoint_node-1] [INFO] [1786263002.421696039] [offboard_waypoint_node]: [HOLD_ERROR] position_error=0.061 velocity=0.001 state=IDLE_HOLD
[super_planner_ros2_node-6] [INFO] [1786263002.778264245] [super_planner_ros2_node]: SUPER_ROS2 mode=IDLE enable_output=false reason=NO_GOAL odom=(0.00,-0.00,0.11) goal=none tracking_setpoint_enu=(0.00,-0.00,0.78) setpoint_ned=none yaw(desired/cmd/rate)=(0.00/0.00/0.00) cross_track=0.00 frame_id=px4_ned path_points=0 odom_source=/mavros/local_position/odom cloud_source=none mavros_connected=true
[offboard_waypoint_node-1] [INFO] [1786263003.071528869] [offboard_waypoint_node]: [CONTROL_ARBITER] selected_source=safety_hold state=IDLE_HOLD
[ego_planner_node-10] [FSM]: state: WAIT_TARGET
[ego_planner_node-10] wait for goal or trigger.
[offboard_waypoint_node-1] [INFO] [1786263003.471586714] [offboard_waypoint_node]: [HOLD_ERROR] position_error=0.062 velocity=0.001 state=IDLE_HOLD
[super_planner_ros2_node-6] [INFO] [1786263003.828467460] [super_planner_ros2_node]: SUPER_ROS2 mode=IDLE enable_output=false reason=NO_GOAL odom=(-0.00,-0.00,0.11) goal=none tracking_setpoint_enu=(-0.00,-0.00,0.78) setpoint_ned=none yaw(desired/cmd/rate)=(0.00/0.00/0.00) cross_track=0.00 frame_id=px4_ned path_points=0 odom_source=/mavros/local_position/odom cloud_source=none mavros_connected=true
[offboard_waypoint_node-1] [INFO] [1786263004.121622173] [offboard_waypoint_node]: [CONTROL_ARBITER] selected_source=safety_hold state=IDLE_HOLD
[ego_planner_node-10] [FSM]: state: WAIT_TARGET
[ego_planner_node-10] wait for goal or trigger.
[offboard_waypoint_node-1] [INFO] [1786263004.521609716] [offboard_waypoint_node]: [HOLD_ERROR] position_error=0.060 velocity=0.002 state=IDLE_HOLD
[super_planner_ros2_node-6] [INFO] [1786263004.828470816] [super_planner_ros2_node]: SUPER_ROS2 mode=IDLE enable_output=false reason=NO_GOAL odom=(-0.00,0.00,0.11) goal=none tracking_setpoint_enu=(-0.00,0.00,0.78) setpoint_ned=none yaw(desired/cmd/rate)=(0.00/0.00/0.00) cross_track=0.00 frame_id=px4_ned path_points=0 odom_source=/mavros/local_position/odom cloud_source=none mavros_connected=true
[offboard_waypoint_node-1] [INFO] [1786263005.122171549] [offboard_waypoint_node]: [CONTROL_ARBITER] selected_source=safety_hold state=IDLE_HOLD
[ego_planner_node-10] [FSM]: state: WAIT_TARGET
[ego_planner_node-10] wait for goal or trigger.
[offboard_waypoint_node-1] [INFO] [1786263005.571510368] [offboard_waypoint_node]: [HOLD_ERROR] position_error=0.061 velocity=0.004 state=IDLE_HOLD
[super_planner_ros2_node-6] [INFO] [1786263005.878234919] [super_planner_ros2_node]: SUPER_ROS2 mode=IDLE enable_output=false reason=NO_GOAL odom=(-0.00,0.00,0.11) goal=none tracking_setpoint_enu=(-0.00,0.00,0.78) setpoint_ned=none yaw(desired/cmd/rate)=(0.00/0.00/0.00) cross_track=0.00 frame_id=px4_ned path_points=0 odom_source=/mavros/local_position/odom cloud_source=none mavros_connected=true
[ego_planner_node-10] [FSM]: state: WAIT_TARGET
[ego_planner_node-10] wait for goal or trigger.
[offboard_waypoint_node-1] [INFO] [1786263006.171546071] [offboard_waypoint_node]: [CONTROL_ARBITER] selected_source=safety_hold state=IDLE_HOLD
[offboard_waypoint_node-1] [INFO] [1786263006.571658974] [offboard_waypoint_node]: [HOLD_ERROR] position_error=0.058 velocity=0.004 state=IDLE_HOLD
[mapping_manager_node-5] [INFO] [1786263006.592770666] [mapping_manager_node]: Mapping status: in_flight=false, map_loaded=false, map_saved=false
[super_planner_ros2_node-6] [INFO] [1786263006.878550899] [super_planner_ros2_node]: SUPER_ROS2 mode=IDLE enable_output=false reason=NO_GOAL odom=(0.00,0.00,0.11) goal=none tracking_setpoint_enu=(0.00,0.00,0.78) setpoint_ned=none yaw(desired/cmd/rate)=(0.00/0.00/0.00) cross_track=0.00 frame_id=px4_ned path_points=0 odom_source=/mavros/local_position/odom cloud_source=none mavros_connected=true
[offboard_waypoint_node-1] [INFO] [1786263007.171585344] [offboard_waypoint_node]: [CONTROL_ARBITER] selected_source=safety_hold state=IDLE_HOLD
[ego_planner_node-10] [FSM]: state: WAIT_TARGET
[ego_planner_node-10] wait for goal or trigger.
[offboard_waypoint_node-1] [INFO] [1786263007.621615375] [offboard_waypoint_node]: [HOLD_ERROR] position_error=0.053 velocity=0.003 state=IDLE_HOLD
[super_planner_ros2_node-6] [INFO] [1786263007.928329421] [super_planner_ros2_node]: SUPER_ROS2 mode=IDLE enable_output=false reason=NO_GOAL odom=(0.00,-0.00,0.10) goal=none tracking_setpoint_enu=(0.00,-0.00,0.78) setpoint_ned=none yaw(desired/cmd/rate)=(0.00/0.00/0.00) cross_track=0.00 frame_id=px4_ned path_points=0 odom_source=/mavros/local_position/odom cloud_source=none mavros_connected=true
[offboard_waypoint_node-1] [INFO] [1786263008.171676484] [offboard_waypoint_node]: [CONTROL_ARBITER] selected_source=safety_hold state=IDLE_HOLD
[ego_planner_node-10] [FSM]: state: WAIT_TARGET
[ego_planner_node-10] wait for goal or trigger.
[offboard_waypoint_node-1] [INFO] [1786263008.621645186] [offboard_waypoint_node]: [HOLD_ERROR] position_error=0.051 velocity=0.004 state=IDLE_HOLD
[super_planner_ros2_node-6] [INFO] [1786263008.928436191] [super_planner_ros2_node]: SUPER_ROS2 mode=IDLE enable_output=false reason=NO_GOAL odom=(0.00,-0.00,0.10) goal=none tracking_setpoint_enu=(0.00,-0.00,0.78) setpoint_ned=none yaw(desired/cmd/rate)=(0.00/0.00/0.00) cross_track=0.00 frame_id=px4_ned path_points=0 odom_source=/mavros/local_position/odom cloud_source=none mavros_connected=true
[offboard_waypoint_node-1] [INFO] [1786263009.171758729] [offboard_waypoint_node]: [CONTROL_ARBITER] selected_source=safety_hold state=IDLE_HOLD
[ego_planner_node-10] [FSM]: state: WAIT_TARGET
[ego_planner_node-10] wait for goal or trigger.
[offboard_waypoint_node-1] [INFO] [1786263009.621651499] [offboard_waypoint_node]: [HOLD_ERROR] position_error=0.045 velocity=0.002 state=IDLE_HOLD
[super_planner_ros2_node-6] [INFO] [1786263009.978323888] [super_planner_ros2_node]: SUPER_ROS2 mode=IDLE enable_output=false reason=NO_GOAL odom=(-0.00,0.00,0.09) goal=none tracking_setpoint_enu=(-0.00,0.00,0.78) setpoint_ned=none yaw(desired/cmd/rate)=(0.00/0.00/0.00) cross_track=0.00 frame_id=px4_ned path_points=0 odom_source=/mavros/local_position/odom cloud_source=none mavros_connected=true
[offboard_waypoint_node-1] [INFO] [1786263010.221703213] [offboard_waypoint_node]: [CONTROL_ARBITER] selected_source=safety_hold state=IDLE_HOLD
[ego_planner_node-10] [FSM]: state: WAIT_TARGET
[ego_planner_node-10] wait for goal or trigger.
[offboard_waypoint_node-1] [INFO] [1786263010.621677268] [offboard_waypoint_node]: [HOLD_ERROR] position_error=0.041 velocity=0.002 state=IDLE_HOLD
[super_planner_ros2_node-6] [INFO] [1786263010.978351495] [super_planner_ros2_node]: SUPER_ROS2 mode=IDLE enable_output=false reason=NO_GOAL odom=(-0.00,0.00,0.09) goal=none tracking_setpoint_enu=(-0.00,0.00,0.78) setpoint_ned=none yaw(desired/cmd/rate)=(0.00/0.00/0.00) cross_track=0.00 frame_id=px4_ned path_points=0 odom_source=/mavros/local_position/odom cloud_source=none mavros_connected=true
[offboard_waypoint_node-1] [INFO] [1786263011.221720646] [offboard_waypoint_node]: [CONTROL_ARBITER] selected_source=safety_hold state=IDLE_HOLD
[ego_planner_node-10] [FSM]: state: WAIT_TARGET
[ego_planner_node-10] wait for goal or trigger.
[offboard_waypoint_node-1] [INFO] [1786263011.621713593] [offboard_waypoint_node]: [HOLD_ERROR] position_error=0.038 velocity=0.004 state=IDLE_HOLD
[super_planner_ros2_node-6] [INFO] [1786263011.978378435] [super_planner_ros2_node]: SUPER_ROS2 mode=IDLE enable_output=false reason=NO_GOAL odom=(-0.00,-0.00,0.08) goal=none tracking_setpoint_enu=(-0.00,-0.00,0.78) setpoint_ned=none yaw(desired/cmd/rate)=(0.00/0.00/0.00) cross_track=0.00 frame_id=px4_ned path_points=0 odom_source=/mavros/local_position/odom cloud_source=none mavros_connected=true
[offboard_waypoint_node-1] [INFO] [1786263012.221806263] [offboard_waypoint_node]: [CONTROL_ARBITER] selected_source=safety_hold state=IDLE_HOLD
[ego_planner_node-10] [FSM]: state: WAIT_TARGET
[ego_planner_node-10] wait for goal or trigger.
[offboard_waypoint_node-1] [INFO] [1786263012.621719057] [offboard_waypoint_node]: [HOLD_ERROR] position_error=0.032 velocity=0.002 state=IDLE_HOLD
[super_planner_ros2_node-6] [INFO] [1786263012.978501074] [super_planner_ros2_node]: SUPER_ROS2 mode=IDLE enable_output=false reason=NO_GOAL odom=(0.00,-0.00,0.07) goal=none tracking_setpoint_enu=(0.00,-0.00,0.78) setpoint_ned=none yaw(desired/cmd/rate)=(0.00/0.00/0.00) cross_track=0.00 frame_id=px4_ned path_points=0 odom_source=/mavros/local_position/odom cloud_source=none mavros_connected=true
[ego_planner_node-10] [FSM]: state: WAIT_TARGET
[ego_planner_node-10] wait for goal or trigger.
[offboard_waypoint_node-1] [INFO] [1786263013.271781952] [offboard_waypoint_node]: [CONTROL_ARBITER] selected_source=safety_hold state=IDLE_HOLD
[offboard_waypoint_node-1] [INFO] [1786263013.621736405] [offboard_waypoint_node]: [HOLD_ERROR] position_error=0.026 velocity=0.005 state=IDLE_HOLD
[super_planner_ros2_node-6] [INFO] [1786263013.978578875] [super_planner_ros2_node]: SUPER_ROS2 mode=IDLE enable_output=false reason=NO_GOAL odom=(0.00,0.00,0.06) goal=none tracking_setpoint_enu=(0.00,0.00,0.78) setpoint_ned=none yaw(desired/cmd/rate)=(0.00/0.00/0.00) cross_track=0.00 frame_id=px4_ned path_points=0 odom_source=/mavros/local_position/odom cloud_source=none mavros_connected=true
[offboard_waypoint_node-1] [INFO] [1786263014.271798177] [offboard_waypoint_node]: [CONTROL_ARBITER] selected_source=safety_hold state=IDLE_HOLD
[ego_planner_node-10] [FSM]: state: WAIT_TARGET
[ego_planner_node-10] wait for goal or trigger.
[offboard_waypoint_node-1] [INFO] [1786263014.621933942] [offboard_waypoint_node]: [HOLD_ERROR] position_error=0.023 velocity=0.001 state=IDLE_HOLD
[super_planner_ros2_node-6] [INFO] [1786263015.028513058] [super_planner_ros2_node]: SUPER_ROS2 mode=IDLE enable_output=false reason=NO_GOAL odom=(0.00,-0.00,0.06) goal=none tracking_setpoint_enu=(0.00,-0.00,0.78) setpoint_ned=none yaw(desired/cmd/rate)=(0.00/0.00/0.00) cross_track=0.00 frame_id=px4_ned path_points=0 odom_source=/mavros/local_position/odom cloud_source=none mavros_connected=true
[offboard_waypoint_node-1] [INFO] [1786263015.272059750] [offboard_waypoint_node]: [CONTROL_ARBITER] selected_source=safety_hold state=IDLE_HOLD
[ego_planner_node-10] [FSM]: state: WAIT_TARGET
[ego_planner_node-10] wait for goal or trigger.
[offboard_waypoint_node-1] [INFO] [1786263015.671783028] [offboard_waypoint_node]: [HOLD_ERROR] position_error=0.025 velocity=0.006 state=IDLE_HOLD
[super_planner_ros2_node-6] [INFO] [1786263016.028696745] [super_planner_ros2_node]: SUPER_ROS2 mode=IDLE enable_output=false reason=NO_GOAL odom=(-0.00,-0.00,0.05) goal=none tracking_setpoint_enu=(-0.00,-0.00,0.78) setpoint_ned=none yaw(desired/cmd/rate)=(0.00/0.00/0.00) cross_track=0.00 frame_id=px4_ned path_points=0 odom_source=/mavros/local_position/odom cloud_source=none mavros_connected=true
[ego_planner_node-10] [FSM]: state: WAIT_TARGET
[ego_planner_node-10] wait for goal or trigger.
[offboard_waypoint_node-1] [INFO] [1786263016.321830184] [offboard_waypoint_node]: [CONTROL_ARBITER] selected_source=safety_hold state=IDLE_HOLD
[offboard_waypoint_node-1] [INFO] [1786263016.671922603] [offboard_waypoint_node]: [HOLD_ERROR] position_error=0.026 velocity=0.004 state=IDLE_HOLD
[super_planner_ros2_node-6] [INFO] [1786263017.078846049] [super_planner_ros2_node]: SUPER_ROS2 mode=IDLE enable_output=false reason=NO_GOAL odom=(-0.00,0.00,0.04) goal=none tracking_setpoint_enu=(-0.00,0.00,0.78) setpoint_ned=none yaw(desired/cmd/rate)=(0.00/0.00/0.00) cross_track=0.00 frame_id=px4_ned path_points=0 odom_source=/mavros/local_position/odom cloud_source=none mavros_connected=true
[offboard_waypoint_node-1] [INFO] [1786263017.322690222] [offboard_waypoint_node]: [CONTROL_ARBITER] selected_source=safety_hold state=IDLE_HOLD
[ego_planner_node-10] [FSM]: state: WAIT_TARGET
[ego_planner_node-10] wait for goal or trigger.
[offboard_waypoint_node-1] [INFO] [1786263017.721847572] [offboard_waypoint_node]: [HOLD_ERROR] position_error=0.032 velocity=0.001 state=IDLE_HOLD
[super_planner_ros2_node-6] [INFO] [1786263018.128837352] [super_planner_ros2_node]: SUPER_ROS2 mode=IDLE enable_output=false reason=NO_GOAL odom=(0.00,-0.00,0.03) goal=none tracking_setpoint_enu=(0.00,-0.00,0.78) setpoint_ned=none yaw(desired/cmd/rate)=(0.00/0.00/0.00) cross_track=0.00 frame_id=px4_ned path_points=0 odom_source=/mavros/local_position/odom cloud_source=none mavros_connected=true
[ego_planner_node-10] [FSM]: state: WAIT_TARGET
[ego_planner_node-10] wait for goal or trigger.
[offboard_waypoint_node-1] [INFO] [1786263018.371858858] [offboard_waypoint_node]: [CONTROL_ARBITER] selected_source=safety_hold state=IDLE_HOLD
[offboard_waypoint_node-1] [INFO] [1786263018.771805163] [offboard_waypoint_node]: [HOLD_ERROR] position_error=0.039 velocity=0.004 state=IDLE_HOLD
[super_planner_ros2_node-6] [INFO] [1786263019.178645789] [super_planner_ros2_node]: SUPER_ROS2 mode=IDLE enable_output=false reason=NO_GOAL odom=(0.00,-0.00,0.02) goal=none tracking_setpoint_enu=(0.00,-0.00,0.78) setpoint_ned=none yaw(desired/cmd/rate)=(0.00/0.00/0.00) cross_track=0.00 frame_id=px4_ned path_points=0 odom_source=/mavros/local_position/odom cloud_source=none mavros_connected=true
[ego_planner_node-10] [FSM]: state: WAIT_TARGET
[ego_planner_node-10] wait for goal or trigger.
[offboard_waypoint_node-1] [INFO] [1786263019.371942761] [offboard_waypoint_node]: [CONTROL_ARBITER] selected_source=safety_hold state=IDLE_HOLD
[offboard_waypoint_node-1] [INFO] [1786263019.771829401] [offboard_waypoint_node]: [HOLD_ERROR] position_error=0.044 velocity=0.004 state=IDLE_HOLD
[super_planner_ros2_node-6] [INFO] [1786263020.178780815] [super_planner_ros2_node]: SUPER_ROS2 mode=IDLE enable_output=false reason=NO_GOAL odom=(-0.00,0.00,0.01) goal=none tracking_setpoint_enu=(-0.00,0.00,0.78) setpoint_ned=none yaw(desired/cmd/rate)=(0.00/0.00/0.00) cross_track=0.00 frame_id=px4_ned path_points=0 odom_source=/mavros/local_position/odom cloud_source=none mavros_connected=true
[ego_planner_node-10] [FSM]: state: WAIT_TARGET
[ego_planner_node-10] wait for goal or trigger.
[offboard_waypoint_node-1] [INFO] [1786263020.421979968] [offboard_waypoint_node]: [CONTROL_ARBITER] selected_source=safety_hold state=IDLE_HOLD
[offboard_waypoint_node-1] [INFO] [1786263020.771850341] [offboard_waypoint_node]: [HOLD_ERROR] position_error=0.049 velocity=0.004 state=IDLE_HOLD
[super_planner_ros2_node-6] [INFO] [1786263021.228780900] [super_planner_ros2_node]: SUPER_ROS2 mode=IDLE enable_output=false reason=NO_GOAL odom=(-0.00,0.00,0.01) goal=none tracking_setpoint_enu=(-0.00,0.00,0.78) setpoint_ned=none yaw(desired/cmd/rate)=(0.00/0.00/0.00) cross_track=0.00 frame_id=px4_ned path_points=0 odom_source=/mavros/local_position/odom cloud_source=none mavros_connected=true
[ego_planner_node-10] [FSM]: state: WAIT_TARGET
[ego_planner_node-10] wait for goal or trigger.
[offboard_waypoint_node-1] [INFO] [1786263021.472042080] [offboard_waypoint_node]: [CONTROL_ARBITER] selected_source=safety_hold state=IDLE_HOLD
[offboard_waypoint_node-1] [INFO] [1786263021.771897823] [offboard_waypoint_node]: [HOLD_ERROR] position_error=0.057 velocity=0.002 state=IDLE_HOLD
[super_planner_ros2_node-6] [INFO] [1786263022.229097623] [super_planner_ros2_node]: SUPER_ROS2 mode=IDLE enable_output=false reason=NO_GOAL odom=(-0.00,0.00,-0.00) goal=none tracking_setpoint_enu=(-0.00,0.00,0.78) setpoint_ned=none yaw(desired/cmd/rate)=(0.00/0.00/0.00) cross_track=0.00 frame_id=px4_ned path_points=0 odom_source=/mavros/local_position/odom cloud_source=none mavros_connected=true
[ego_planner_node-10] [FSM]: state: WAIT_TARGET
[ego_planner_node-10] wait for goal or trigger.
[offboard_waypoint_node-1] [INFO] [1786263022.522022841] [offboard_waypoint_node]: [CONTROL_ARBITER] selected_source=safety_hold state=IDLE_HOLD
[offboard_waypoint_node-1] [INFO] [1786263022.771984912] [offboard_waypoint_node]: [HOLD_ERROR] position_error=0.062 velocity=0.001 state=IDLE_HOLD
[super_planner_ros2_node-6] [INFO] [1786263023.278626076] [super_planner_ros2_node]: SUPER_ROS2 mode=IDLE enable_output=false reason=NO_GOAL odom=(0.00,-0.00,-0.01) goal=none tracking_setpoint_enu=(0.00,-0.00,0.78) setpoint_ned=none yaw(desired/cmd/rate)=(0.00/0.00/0.00) cross_track=0.00 frame_id=px4_ned path_points=0 odom_source=/mavros/local_position/odom cloud_source=none mavros_connected=true
[ego_planner_node-10] [FSM]: state: WAIT_TARGET
[ego_planner_node-10] wait for goal or trigger.
[offboard_waypoint_node-1] [INFO] [1786263023.572153279] [offboard_waypoint_node]: [CONTROL_ARBITER] selected_source=safety_hold state=IDLE_HOLD
[offboard_waypoint_node-1] [INFO] [1786263023.772055276] [offboard_waypoint_node]: [HOLD_ERROR] position_error=0.070 velocity=0.005 state=IDLE_HOLD
[super_planner_ros2_node-6] [INFO] [1786263024.278900255] [super_planner_ros2_node]: SUPER_ROS2 mode=IDLE enable_output=false reason=NO_GOAL odom=(0.00,-0.00,-0.02) goal=none tracking_setpoint_enu=(0.00,-0.00,0.78) setpoint_ned=none yaw(desired/cmd/rate)=(0.00/0.00/0.00) cross_track=0.00 frame_id=px4_ned path_points=0 odom_source=/mavros/local_position/odom cloud_source=none mavros_connected=true
[ego_planner_node-10] [FSM]: state: WAIT_TARGET
[ego_planner_node-10] wait for goal or trigger.
[offboard_waypoint_node-1] [INFO] [1786263024.621996356] [offboard_waypoint_node]: [CONTROL_ARBITER] selected_source=safety_hold state=IDLE_HOLD
[offboard_waypoint_node-1] [INFO] [1786263024.821956368] [offboard_waypoint_node]: [HOLD_ERROR] position_error=0.081 velocity=0.001 state=IDLE_HOLD
[super_planner_ros2_node-6] [INFO] [1786263025.328945383] [super_planner_ros2_node]: SUPER_ROS2 mode=IDLE enable_output=false reason=NO_GOAL odom=(-0.00,0.00,-0.03) goal=none tracking_setpoint_enu=(-0.00,0.00,0.78) setpoint_ned=none yaw(desired/cmd/rate)=(0.00/0.00/0.00) cross_track=0.00 frame_id=px4_ned path_points=0 odom_source=/mavros/local_position/odom cloud_source=none mavros_connected=true
[ego_planner_node-10] [FSM]: state: WAIT_TARGET
[ego_planner_node-10] wait for goal or trigger.
[offboard_waypoint_node-1] [INFO] [1786263025.622027855] [offboard_waypoint_node]: [CONTROL_ARBITER] selected_source=safety_hold state=IDLE_HOLD
[offboard_waypoint_node-1] [INFO] [1786263025.821972529] [offboard_waypoint_node]: [HOLD_ERROR] position_error=0.092 velocity=0.005 state=IDLE_HOLD
[super_planner_ros2_node-6] [INFO] [1786263026.378783763] [super_planner_ros2_node]: SUPER_ROS2 mode=IDLE enable_output=false reason=NO_GOAL odom=(-0.00,0.00,-0.04) goal=none tracking_setpoint_enu=(-0.00,0.00,0.78) setpoint_ned=none yaw(desired/cmd/rate)=(0.00/0.00/0.00) cross_track=0.00 frame_id=px4_ned path_points=0 odom_source=/mavros/local_position/odom cloud_source=none mavros_connected=true
[ego_planner_node-10] [FSM]: state: WAIT_TARGET
[ego_planner_node-10] wait for goal or trigger.
[offboard_waypoint_node-1] [INFO] [1786263026.622143521] [offboard_waypoint_node]: [CONTROL_ARBITER] selected_source=safety_hold state=IDLE_HOLD
[offboard_waypoint_node-1] [INFO] [1786263026.822081143] [offboard_waypoint_node]: [HOLD_ERROR] position_error=0.103 velocity=0.006 state=IDLE_HOLD
[super_planner_ros2_node-6] [INFO] [1786263027.428831049] [super_planner_ros2_node]: SUPER_ROS2 mode=IDLE enable_output=false reason=NO_GOAL odom=(-0.00,0.00,-0.05) goal=none tracking_setpoint_enu=(-0.00,0.00,0.78) setpoint_ned=none yaw(desired/cmd/rate)=(0.00/0.00/0.00) cross_track=0.00 frame_id=px4_ned path_points=0 odom_source=/mavros/local_position/odom cloud_source=none mavros_connected=true
[ego_planner_node-10] [FSM]: state: WAIT_TARGET
[ego_planner_node-10] wait for goal or trigger.
[offboard_waypoint_node-1] [INFO] [1786263027.672158217] [offboard_waypoint_node]: [CONTROL_ARBITER] selected_source=safety_hold state=IDLE_HOLD
[offboard_waypoint_node-1] [INFO] [1786263027.872012094] [offboard_waypoint_node]: [HOLD_ERROR] position_error=0.113 velocity=0.001 state=IDLE_HOLD
[super_planner_ros2_node-6] [INFO] [1786263028.478765158] [super_planner_ros2_node]: SUPER_ROS2 mode=IDLE enable_output=false reason=NO_GOAL odom=(0.00,-0.00,-0.06) goal=none tracking_setpoint_enu=(0.00,-0.00,0.78) setpoint_ned=none yaw(desired/cmd/rate)=(0.00/0.00/0.00) cross_track=0.00 frame_id=px4_ned path_points=0 odom_source=/mavros/local_position/odom cloud_source=none mavros_connected=true
[ego_planner_node-10] [FSM]: state: WAIT_TARGET
[ego_planner_node-10] wait for goal or trigger.
[offboard_waypoint_node-1] [INFO] [1786263028.722083326] [offboard_waypoint_node]: [CONTROL_ARBITER] selected_source=safety_hold state=IDLE_HOLD
[offboard_waypoint_node-1] [INFO] [1786263028.922450659] [offboard_waypoint_node]: [HOLD_ERROR] position_error=0.121 velocity=0.003 state=IDLE_HOLD
[super_planner_ros2_node-6] [INFO] [1786263029.478874934] [super_planner_ros2_node]: SUPER_ROS2 mode=IDLE enable_output=false reason=NO_GOAL odom=(-0.00,-0.00,-0.07) goal=none tracking_setpoint_enu=(-0.00,-0.00,0.78) setpoint_ned=none yaw(desired/cmd/rate)=(0.00/0.00/0.00) cross_track=0.00 frame_id=px4_ned path_points=0 odom_source=/mavros/local_position/odom cloud_source=none mavros_connected=true
[ego_planner_node-10] [FSM]: state: WAIT_TARGET
[ego_planner_node-10] wait for goal or trigger.
[offboard_waypoint_node-1] [INFO] [1786263029.772096865] [offboard_waypoint_node]: [CONTROL_ARBITER] selected_source=safety_hold state=IDLE_HOLD
[offboard_waypoint_node-1] [INFO] [1786263029.972067847] [offboard_waypoint_node]: [HOLD_ERROR] position_error=0.133 velocity=0.006 state=IDLE_HOLD
[super_planner_ros2_node-6] [INFO] [1786263030.528852617] [super_planner_ros2_node]: SUPER_ROS2 mode=IDLE enable_output=false reason=NO_GOAL odom=(0.00,-0.00,-0.08) goal=none tracking_setpoint_enu=(0.00,-0.00,0.78) setpoint_ned=none yaw(desired/cmd/rate)=(0.00/0.00/0.00) cross_track=0.00 frame_id=px4_ned path_points=0 odom_source=/mavros/local_position/odom cloud_source=none mavros_connected=true
[ego_planner_node-10] [FSM]: state: WAIT_TARGET
[ego_planner_node-10] wait for goal or trigger.
[offboard_waypoint_node-1] [INFO] [1786263030.772159242] [offboard_waypoint_node]: [CONTROL_ARBITER] selected_source=safety_hold state=IDLE_HOLD
[offboard_waypoint_node-1] [INFO] [1786263030.972094884] [offboard_waypoint_node]: [HOLD_ERROR] position_error=0.141 velocity=0.003 state=IDLE_HOLD
[super_planner_ros2_node-6] [INFO] [1786263031.528863906] [super_planner_ros2_node]: SUPER_ROS2 mode=IDLE enable_output=false reason=NO_GOAL odom=(0.00,0.00,-0.09) goal=none tracking_setpoint_enu=(0.00,0.00,0.78) setpoint_ned=none yaw(desired/cmd/rate)=(0.00/0.00/0.00) cross_track=0.00 frame_id=px4_ned path_points=0 odom_source=/mavros/local_position/odom cloud_source=none mavros_connected=true
[ego_planner_node-10] [FSM]: state: WAIT_TARGET
[ego_planner_node-10] wait for goal or trigger.
[offboard_waypoint_node-1] [INFO] [1786263031.822167668] [offboard_waypoint_node]: [CONTROL_ARBITER] selected_source=safety_hold state=IDLE_HOLD
[offboard_waypoint_node-1] [INFO] [1786263031.972099302] [offboard_waypoint_node]: [HOLD_ERROR] position_error=0.149 velocity=0.003 state=IDLE_HOLD
[super_planner_ros2_node-6] [INFO] [1786263032.528871411] [super_planner_ros2_node]: SUPER_ROS2 mode=IDLE enable_output=false reason=NO_GOAL odom=(-0.00,-0.00,-0.10) goal=none tracking_setpoint_enu=(-0.00,-0.00,0.78) setpoint_ned=none yaw(desired/cmd/rate)=(0.00/0.00/0.00) cross_track=0.00 frame_id=px4_ned path_points=0 odom_source=/mavros/local_position/odom cloud_source=none mavros_connected=true
[ego_planner_node-10] [FSM]: state: WAIT_TARGET
[ego_planner_node-10] wait for goal or trigger.
[offboard_waypoint_node-1] [INFO] [1786263032.822174300] [offboard_waypoint_node]: [CONTROL_ARBITER] selected_source=safety_hold state=IDLE_HOLD
[offboard_waypoint_node-1] [INFO] [1786263032.972181122] [offboard_waypoint_node]: [HOLD_ERROR] position_error=0.159 velocity=0.003 state=IDLE_HOLD
[super_planner_ros2_node-6] [INFO] [1786263033.528902236] [super_planner_ros2_node]: SUPER_ROS2 mode=IDLE enable_output=false reason=NO_GOAL odom=(-0.00,-0.00,-0.11) goal=none tracking_setpoint_enu=(-0.00,-0.00,0.78) setpoint_ned=none yaw(desired/cmd/rate)=(0.00/0.00/0.00) cross_track=0.00 frame_id=px4_ned path_points=0 odom_source=/mavros/local_position/odom cloud_source=none mavros_connected=true
[ego_planner_node-10] [FSM]: state: WAIT_TARGET
[ego_planner_node-10] wait for goal or trigger.
[offboard_waypoint_node-1] [INFO] [1786263033.822347641] [offboard_waypoint_node]: [CONTROL_ARBITER] selected_source=safety_hold state=IDLE_HOLD
[offboard_waypoint_node-1] [INFO] [1786263034.022180689] [offboard_waypoint_node]: [HOLD_ERROR] position_error=0.169 velocity=0.008 state=IDLE_HOLD
[super_planner_ros2_node-6] [INFO] [1786263034.578984519] [super_planner_ros2_node]: SUPER_ROS2 mode=IDLE enable_output=false reason=NO_GOAL odom=(0.00,-0.00,-0.12) goal=none tracking_setpoint_enu=(0.00,-0.00,0.78) setpoint_ned=none yaw(desired/cmd/rate)=(0.00/0.00/0.00) cross_track=0.00 frame_id=px4_ned path_points=0 odom_source=/mavros/local_position/odom cloud_source=none mavros_connected=true
[ego_planner_node-10] [FSM]: state: WAIT_TARGET
[ego_planner_node-10] wait for goal or trigger.
[offboard_waypoint_node-1] [INFO] [1786263034.823209959] [offboard_waypoint_node]: [CONTROL_ARBITER] selected_source=safety_hold state=IDLE_HOLD
[offboard_waypoint_node-1] [INFO] [1786263035.022180778] [offboard_waypoint_node]: [HOLD_ERROR] position_error=0.178 velocity=0.002 state=IDLE_HOLD
[super_planner_ros2_node-6] [INFO] [1786263035.579060165] [super_planner_ros2_node]: SUPER_ROS2 mode=IDLE enable_output=false reason=NO_GOAL odom=(-0.00,-0.00,-0.13) goal=none tracking_setpoint_enu=(-0.00,-0.00,0.78) setpoint_ned=none yaw(desired/cmd/rate)=(0.00/0.00/0.00) cross_track=0.00 frame_id=px4_ned path_points=0 odom_source=/mavros/local_position/odom cloud_source=none mavros_connected=true
[ego_planner_node-10] [FSM]: state: WAIT_TARGET
[ego_planner_node-10] wait for goal or trigger.
[offboard_waypoint_node-1] [INFO] [1786263035.872194193] [offboard_waypoint_node]: [CONTROL_ARBITER] selected_source=safety_hold state=IDLE_HOLD
[offboard_waypoint_node-1] [INFO] [1786263036.022294841] [offboard_waypoint_node]: [HOLD_ERROR] position_error=0.187 velocity=0.003 state=IDLE_HOLD
[super_planner_ros2_node-6] [INFO] [1786263036.579314258] [super_planner_ros2_node]: SUPER_ROS2 mode=IDLE enable_output=false reason=NO_GOAL odom=(-0.00,0.00,-0.14) goal=none tracking_setpoint_enu=(-0.00,0.00,0.78) setpoint_ned=none yaw(desired/cmd/rate)=(0.00/0.00/0.00) cross_track=0.00 frame_id=px4_ned path_points=0 odom_source=/mavros/local_position/odom cloud_source=none mavros_connected=true
[mapping_manager_node-5] [INFO] [1786263036.593453794] [mapping_manager_node]: Mapping status: in_flight=false, map_loaded=false, map_saved=false
[ego_planner_node-10] [FSM]: state: WAIT_TARGET
[ego_planner_node-10] wait for goal or trigger.
[offboard_waypoint_node-1] [INFO] [1786263036.872356685] [offboard_waypoint_node]: [CONTROL_ARBITER] selected_source=safety_hold state=IDLE_HOLD
[offboard_waypoint_node-1] [INFO] [1786263037.072154895] [offboard_waypoint_node]: [HOLD_ERROR] position_error=0.201 velocity=0.003 state=IDLE_HOLD
[super_planner_ros2_node-6] [INFO] [1786263037.628980375] [super_planner_ros2_node]: SUPER_ROS2 mode=IDLE enable_output=false reason=NO_GOAL odom=(0.00,0.00,-0.15) goal=none tracking_setpoint_enu=(0.00,0.00,0.78) setpoint_ned=none yaw(desired/cmd/rate)=(0.00/0.00/0.00) cross_track=0.00 frame_id=px4_ned path_points=0 odom_source=/mavros/local_position/odom cloud_source=none mavros_connected=true
[ego_planner_node-10] [FSM]: state: WAIT_TARGET
[ego_planner_node-10] wait for goal or trigger.
[offboard_waypoint_node-1] [INFO] [1786263037.922330655] [offboard_waypoint_node]: [CONTROL_ARBITER] selected_source=safety_hold state=IDLE_HOLD
[offboard_waypoint_node-1] [INFO] [1786263038.072388385] [offboard_waypoint_node]: [HOLD_ERROR] position_error=0.216 velocity=0.005 state=IDLE_HOLD
[super_planner_ros2_node-6] [INFO] [1786263038.629178422] [super_planner_ros2_node]: SUPER_ROS2 mode=IDLE enable_output=false reason=NO_GOAL odom=(0.00,0.00,-0.17) goal=none tracking_setpoint_enu=(0.00,0.00,0.78) setpoint_ned=none yaw(desired/cmd/rate)=(0.00/0.00/0.00) cross_track=0.00 frame_id=px4_ned path_points=0 odom_source=/mavros/local_position/odom cloud_source=none mavros_connected=true
[ego_planner_node-10] [FSM]: state: WAIT_TARGET
[ego_planner_node-10] wait for goal or trigger.
[offboard_waypoint_node-1] [INFO] [1786263038.922565320] [offboard_waypoint_node]: [CONTROL_ARBITER] selected_source=safety_hold state=IDLE_HOLD
[offboard_waypoint_node-1] [INFO] [1786263039.122398140] [offboard_waypoint_node]: [HOLD_ERROR] position_error=0.233 velocity=0.002 state=IDLE_HOLD
[super_planner_ros2_node-6] [INFO] [1786263039.679324993] [super_planner_ros2_node]: SUPER_ROS2 mode=IDLE enable_output=false reason=NO_GOAL odom=(0.00,-0.00,-0.19) goal=none tracking_setpoint_enu=(0.00,-0.00,0.78) setpoint_ned=none yaw(desired/cmd/rate)=(0.00/0.00/0.00) cross_track=0.00 frame_id=px4_ned path_points=0 odom_source=/mavros/local_position/odom cloud_source=none mavros_connected=true
[ego_planner_node-10] [FSM]: state: WAIT_TARGET
[ego_planner_node-10] wait for goal or trigger.
[offboard_waypoint_node-1] [INFO] [1786263039.972281092] [offboard_waypoint_node]: [CONTROL_ARBITER] selected_source=safety_hold state=IDLE_HOLD
[offboard_waypoint_node-1] [INFO] [1786263040.122419300] [offboard_waypoint_node]: [HOLD_ERROR] position_error=0.251 velocity=0.004 state=IDLE_HOLD
[ego_planner_node-10] [FSM]: state: WAIT_TARGET
[ego_planner_node-10] wait for goal or trigger.
[super_planner_ros2_node-6] [INFO] [1786263040.729180140] [super_planner_ros2_node]: SUPER_ROS2 mode=IDLE enable_output=false reason=NO_GOAL odom=(0.00,-0.00,-0.21) goal=none tracking_setpoint_enu=(0.00,-0.00,0.78) setpoint_ned=none yaw(desired/cmd/rate)=(0.00/0.00/0.00) cross_track=0.00 frame_id=px4_ned path_points=0 odom_source=/mavros/local_position/odom cloud_source=none mavros_connected=true
[offboard_waypoint_node-1] [INFO] [1786263040.972307605] [offboard_waypoint_node]: [CONTROL_ARBITER] selected_source=safety_hold state=IDLE_HOLD
[offboard_waypoint_node-1] [INFO] [1786263041.122449306] [offboard_waypoint_node]: [HOLD_ERROR] position_error=0.269 velocity=0.005 state=IDLE_HOLD
[ego_planner_node-10] [FSM]: state: WAIT_TARGET
[ego_planner_node-10] wait for goal or trigger.
[super_planner_ros2_node-6] [INFO] [1786263041.779059927] [super_planner_ros2_node]: SUPER_ROS2 mode=IDLE enable_output=false reason=NO_GOAL odom=(0.00,0.00,-0.23) goal=none tracking_setpoint_enu=(0.00,0.00,0.78) setpoint_ned=none yaw(desired/cmd/rate)=(0.00/0.00/0.00) cross_track=0.00 frame_id=px4_ned path_points=0 odom_source=/mavros/local_position/odom cloud_source=none mavros_connected=true
[offboard_waypoint_node-1] [INFO] [1786263041.972320355] [offboard_waypoint_node]: [CONTROL_ARBITER] selected_source=safety_hold state=IDLE_HOLD
[offboard_waypoint_node-1] [INFO] [1786263042.172342395] [offboard_waypoint_node]: [HOLD_ERROR] position_error=0.292 velocity=0.003 state=IDLE_HOLD
[ego_planner_node-10] [FSM]: state: WAIT_TARGET
[ego_planner_node-10] wait for goal or trigger.
[super_planner_ros2_node-6] [INFO] [1786263042.829400499] [super_planner_ros2_node]: SUPER_ROS2 mode=IDLE enable_output=false reason=NO_GOAL odom=(-0.00,0.00,-0.25) goal=none tracking_setpoint_enu=(-0.00,0.00,0.78) setpoint_ned=none yaw(desired/cmd/rate)=(0.00/0.00/0.00) cross_track=0.00 frame_id=px4_ned path_points=0 odom_source=/mavros/local_position/odom cloud_source=none mavros_connected=true
[offboard_waypoint_node-1] [INFO] [1786263042.972410492] [offboard_waypoint_node]: [CONTROL_ARBITER] selected_source=safety_hold state=IDLE_HOLD
[offboard_waypoint_node-1] [INFO] [1786263043.172344768] [offboard_waypoint_node]: [HOLD_ERROR] position_error=0.313 velocity=0.004 state=IDLE_HOLD
[ego_planner_node-10] [FSM]: state: WAIT_TARGET
[ego_planner_node-10] wait for goal or trigger.
[super_planner_ros2_node-6] [INFO] [1786263043.879075734] [super_planner_ros2_node]: SUPER_ROS2 mode=IDLE enable_output=false reason=NO_GOAL odom=(-0.00,0.00,-0.27) goal=none tracking_setpoint_enu=(-0.00,0.00,0.78) setpoint_ned=none yaw(desired/cmd/rate)=(0.00/0.00/0.00) cross_track=0.00 frame_id=px4_ned path_points=0 odom_source=/mavros/local_position/odom cloud_source=none mavros_connected=true
[offboard_waypoint_node-1] [INFO] [1786263043.972415125] [offboard_waypoint_node]: [CONTROL_ARBITER] selected_source=safety_hold state=IDLE_HOLD
[offboard_waypoint_node-1] [INFO] [1786263044.172400944] [offboard_waypoint_node]: [HOLD_ERROR] position_error=0.334 velocity=0.003 state=IDLE_HOLD
[ego_planner_node-10] [FSM]: state: WAIT_TARGET
[ego_planner_node-10] wait for goal or trigger.
[super_planner_ros2_node-6] [INFO] [1786263044.879167312] [super_planner_ros2_node]: SUPER_ROS2 mode=IDLE enable_output=false reason=NO_GOAL odom=(0.00,-0.00,-0.29) goal=none tracking_setpoint_enu=(0.00,-0.00,0.78) setpoint_ned=none yaw(desired/cmd/rate)=(0.00/0.00/0.00) cross_track=0.00 frame_id=px4_ned path_points=0 odom_source=/mavros/local_position/odom cloud_source=none mavros_connected=true
[offboard_waypoint_node-1] [INFO] [1786263045.022415962] [offboard_waypoint_node]: [CONTROL_ARBITER] selected_source=safety_hold state=IDLE_HOLD
[offboard_waypoint_node-1] [INFO] [1786263045.172422802] [offboard_waypoint_node]: [HOLD_ERROR] position_error=0.354 velocity=0.004 state=IDLE_HOLD
[ego_planner_node-10] [FSM]: state: WAIT_TARGET
[ego_planner_node-10] wait for goal or trigger.
[super_planner_ros2_node-6] [INFO] [1786263045.879311321] [super_planner_ros2_node]: SUPER_ROS2 mode=IDLE enable_output=false reason=NO_GOAL odom=(-0.00,-0.00,-0.31) goal=none tracking_setpoint_enu=(-0.00,-0.00,0.78) setpoint_ned=none yaw(desired/cmd/rate)=(0.00/0.00/0.00) cross_track=0.00 frame_id=px4_ned path_points=0 odom_source=/mavros/local_position/odom cloud_source=none mavros_connected=true
[offboard_waypoint_node-1] [INFO] [1786263046.022444255] [offboard_waypoint_node]: [CONTROL_ARBITER] selected_source=safety_hold state=IDLE_HOLD
[offboard_waypoint_node-1] [INFO] [1786263046.172448942] [offboard_waypoint_node]: [HOLD_ERROR] position_error=0.372 velocity=0.004 state=IDLE_HOLD
[ego_planner_node-10] [FSM]: state: WAIT_TARGET
[ego_planner_node-10] wait for goal or trigger.
[super_planner_ros2_node-6] [INFO] [1786263046.929310126] [super_planner_ros2_node]: SUPER_ROS2 mode=IDLE enable_output=false reason=NO_GOAL odom=(-0.00,-0.00,-0.33) goal=none tracking_setpoint_enu=(-0.00,-0.00,0.78) setpoint_ned=none yaw(desired/cmd/rate)=(0.00/0.00/0.00) cross_track=0.00 frame_id=px4_ned path_points=0 odom_source=/mavros/local_position/odom cloud_source=none mavros_connected=true
[offboard_waypoint_node-1] [INFO] [1786263047.072491849] [offboard_waypoint_node]: [CONTROL_ARBITER] selected_source=safety_hold state=IDLE_HOLD
[offboard_waypoint_node-1] [INFO] [1786263047.222515703] [offboard_waypoint_node]: [HOLD_ERROR] position_error=0.389 velocity=0.005 state=IDLE_HOLD
[ego_planner_node-10] [FSM]: state: WAIT_TARGET
[ego_planner_node-10] wait for goal or trigger.
[super_planner_ros2_node-6] [INFO] [1786263047.979293556] [super_planner_ros2_node]: SUPER_ROS2 mode=IDLE enable_output=false reason=NO_GOAL odom=(-0.00,0.00,-0.35) goal=none tracking_setpoint_enu=(-0.00,0.00,0.78) setpoint_ned=none yaw(desired/cmd/rate)=(0.00/0.00/0.00) cross_track=0.00 frame_id=px4_ned path_points=0 odom_source=/mavros/local_position/odom cloud_source=none mavros_connected=true
[offboard_waypoint_node-1] [INFO] [1786263048.122551141] [offboard_waypoint_node]: [CONTROL_ARBITER] selected_source=safety_hold state=IDLE_HOLD
[offboard_waypoint_node-1] [INFO] [1786263048.272502433] [offboard_waypoint_node]: [HOLD_ERROR] position_error=0.404 velocity=0.001 state=IDLE_HOLD
[ego_planner_node-10] [FSM]: state: WAIT_TARGET
[ego_planner_node-10] wait for goal or trigger.
[super_planner_ros2_node-6] [INFO] [1786263049.029425100] [super_planner_ros2_node]: SUPER_ROS2 mode=IDLE enable_output=false reason=NO_GOAL odom=(0.00,0.00,-0.36) goal=none tracking_setpoint_enu=(0.00,0.00,0.78) setpoint_ned=none yaw(desired/cmd/rate)=(0.00/0.00/0.00) cross_track=0.00 frame_id=px4_ned path_points=0 odom_source=/mavros/local_position/odom cloud_source=none mavros_connected=true
[offboard_waypoint_node-1] [INFO] [1786263049.122615592] [offboard_waypoint_node]: [CONTROL_ARBITER] selected_source=safety_hold state=IDLE_HOLD
[offboard_waypoint_node-1] [INFO] [1786263049.272538318] [offboard_waypoint_node]: [HOLD_ERROR] position_error=0.414 velocity=0.003 state=IDLE_HOLD
[ego_planner_node-10] [FSM]: state: WAIT_TARGET
[ego_planner_node-10] wait for goal or trigger.
[super_planner_ros2_node-6] [INFO] [1786263050.029513984] [super_planner_ros2_node]: SUPER_ROS2 mode=IDLE enable_output=false reason=NO_GOAL odom=(0.00,0.00,-0.36) goal=none tracking_setpoint_enu=(0.00,0.00,0.78) setpoint_ned=none yaw(desired/cmd/rate)=(0.00/0.00/0.00) cross_track=0.00 frame_id=px4_ned path_points=0 odom_source=/mavros/local_position/odom cloud_source=none mavros_connected=true
[offboard_waypoint_node-1] [INFO] [1786263050.172606538] [offboard_waypoint_node]: [CONTROL_ARBITER] selected_source=safety_hold state=IDLE_HOLD
[offboard_waypoint_node-1] [INFO] [1786263050.272831435] [offboard_waypoint_node]: [HOLD_ERROR] position_error=0.419 velocity=0.002 state=IDLE_HOLD
[ego_planner_node-10] [FSM]: state: WAIT_TARGET
[ego_planner_node-10] wait for goal or trigger.
[super_planner_ros2_node-6] [INFO] [1786263051.079490979] [super_planner_ros2_node]: SUPER_ROS2 mode=IDLE enable_output=false reason=NO_GOAL odom=(0.00,0.00,-0.37) goal=none tracking_setpoint_enu=(0.00,0.00,0.78) setpoint_ned=none yaw(desired/cmd/rate)=(0.00/0.00/0.00) cross_track=0.00 frame_id=px4_ned path_points=0 odom_source=/mavros/local_position/odom cloud_source=none mavros_connected=true
[offboard_waypoint_node-1] [INFO] [1786263051.222606533] [offboard_waypoint_node]: [CONTROL_ARBITER] selected_source=safety_hold state=IDLE_HOLD
[offboard_waypoint_node-1] [INFO] [1786263051.322754482] [offboard_waypoint_node]: [HOLD_ERROR] position_error=0.425 velocity=0.002 state=IDLE_HOLD
[ego_planner_node-10] [FSM]: state: WAIT_TARGET
[ego_planner_node-10] wait for goal or trigger.
[super_planner_ros2_node-6] [INFO] [1786263052.129353530] [super_planner_ros2_node]: SUPER_ROS2 mode=IDLE enable_output=false reason=NO_GOAL odom=(0.00,0.00,-0.37) goal=none tracking_setpoint_enu=(0.00,0.00,0.78) setpoint_ned=none yaw(desired/cmd/rate)=(0.00/0.00/0.00) cross_track=0.00 frame_id=px4_ned path_points=0 odom_source=/mavros/local_position/odom cloud_source=none mavros_connected=true
[offboard_waypoint_node-1] [INFO] [1786263052.272584348] [offboard_waypoint_node]: [CONTROL_ARBITER] selected_source=safety_hold state=IDLE_HOLD
[offboard_waypoint_node-1] [INFO] [1786263052.372600687] [offboard_waypoint_node]: [HOLD_ERROR] position_error=0.427 velocity=0.001 state=IDLE_HOLD
[ego_planner_node-10] [FSM]: state: WAIT_TARGET
[ego_planner_node-10] wait for goal or trigger.
[super_planner_ros2_node-6] [INFO] [1786263053.179483064] [super_planner_ros2_node]: SUPER_ROS2 mode=IDLE enable_output=false reason=NO_GOAL odom=(-0.00,-0.00,-0.38) goal=none tracking_setpoint_enu=(-0.00,-0.00,0.78) setpoint_ned=none yaw(desired/cmd/rate)=(0.00/0.00/0.00) cross_track=0.00 frame_id=px4_ned path_points=0 odom_source=/mavros/local_position/odom cloud_source=none mavros_connected=true
[offboard_waypoint_node-1] [INFO] [1786263053.272598162] [offboard_waypoint_node]: [CONTROL_ARBITER] selected_source=safety_hold state=IDLE_HOLD
[offboard_waypoint_node-1] [INFO] [1786263053.372622427] [offboard_waypoint_node]: [HOLD_ERROR] position_error=0.430 velocity=0.004 state=IDLE_HOLD
[ego_planner_node-10] [FSM]: state: WAIT_TARGET
[ego_planner_node-10] wait for goal or trigger.
[super_planner_ros2_node-6] [INFO] [1786263054.179788376] [super_planner_ros2_node]: SUPER_ROS2 mode=IDLE enable_output=false reason=NO_GOAL odom=(-0.00,-0.00,-0.37) goal=none tracking_setpoint_enu=(-0.00,-0.00,0.78) setpoint_ned=none yaw(desired/cmd/rate)=(0.00/0.00/0.00) cross_track=0.00 frame_id=px4_ned path_points=0 odom_source=/mavros/local_position/odom cloud_source=none mavros_connected=true
[offboard_waypoint_node-1] [INFO] [1786263054.272908860] [offboard_waypoint_node]: [CONTROL_ARBITER] selected_source=safety_hold state=IDLE_HOLD
[offboard_waypoint_node-1] [INFO] [1786263054.422584841] [offboard_waypoint_node]: [HOLD_ERROR] position_error=0.427 velocity=0.004 state=IDLE_HOLD
[ego_planner_node-10] [FSM]: state: WAIT_TARGET
[ego_planner_node-10] wait for goal or trigger.
[super_planner_ros2_node-6] [INFO] [1786263055.229403773] [super_planner_ros2_node]: SUPER_ROS2 mode=IDLE enable_output=false reason=NO_GOAL odom=(0.00,-0.00,-0.37) goal=none tracking_setpoint_enu=(0.00,-0.00,0.78) setpoint_ned=none yaw(desired/cmd/rate)=(0.00/0.00/0.00) cross_track=0.00 frame_id=px4_ned path_points=0 odom_source=/mavros/local_position/odom cloud_source=none mavros_connected=true
[offboard_waypoint_node-1] [INFO] [1786263055.322677257] [offboard_waypoint_node]: [CONTROL_ARBITER] selected_source=safety_hold state=IDLE_HOLD
[offboard_waypoint_node-1] [INFO] [1786263055.422641264] [offboard_waypoint_node]: [HOLD_ERROR] position_error=0.422 velocity=0.004 state=IDLE_HOLD
[ego_planner_node-10] [FSM]: state: WAIT_TARGET
[ego_planner_node-10] wait for goal or trigger.
[super_planner_ros2_node-6] [INFO] [1786263056.230248640] [super_planner_ros2_node]: SUPER_ROS2 mode=IDLE enable_output=false reason=NO_GOAL odom=(0.00,0.00,-0.36) goal=none tracking_setpoint_enu=(0.00,0.00,0.78) setpoint_ned=none yaw(desired/cmd/rate)=(0.00/0.00/0.00) cross_track=0.00 frame_id=px4_ned path_points=0 odom_source=/mavros/local_position/odom cloud_source=none mavros_connected=true
[offboard_waypoint_node-1] [INFO] [1786263056.372809292] [offboard_waypoint_node]: [CONTROL_ARBITER] selected_source=safety_hold state=IDLE_HOLD
[offboard_waypoint_node-1] [INFO] [1786263056.422709153] [offboard_waypoint_node]: [HOLD_ERROR] position_error=0.414 velocity=0.002 state=IDLE_HOLD
[ego_planner_node-10] [FSM]: state: WAIT_TARGET
[ego_planner_node-10] wait for goal or trigger.
[super_planner_ros2_node-6] [INFO] [1786263057.279702592] [super_planner_ros2_node]: SUPER_ROS2 mode=IDLE enable_output=false reason=NO_GOAL odom=(-0.00,0.00,-0.35) goal=none tracking_setpoint_enu=(-0.00,0.00,0.78) setpoint_ned=none yaw(desired/cmd/rate)=(0.00/0.00/0.00) cross_track=0.00 frame_id=px4_ned path_points=0 odom_source=/mavros/local_position/odom cloud_source=none mavros_connected=true
[offboard_waypoint_node-1] [INFO] [1786263057.422757361] [offboard_waypoint_node]: [CONTROL_ARBITER] selected_source=safety_hold state=IDLE_HOLD
[offboard_waypoint_node-1] [INFO] [1786263057.472623220] [offboard_waypoint_node]: [HOLD_ERROR] position_error=0.405 velocity=0.002 state=IDLE_HOLD
[ego_planner_node-10] [FSM]: state: WAIT_TARGET
[ego_planner_node-10] wait for goal or trigger.
[super_planner_ros2_node-6] [INFO] [1786263058.329376701] [super_planner_ros2_node]: SUPER_ROS2 mode=IDLE enable_output=false reason=NO_GOAL odom=(-0.00,-0.00,-0.34) goal=none tracking_setpoint_enu=(-0.00,-0.00,0.78) setpoint_ned=none yaw(desired/cmd/rate)=(0.00/0.00/0.00) cross_track=0.00 frame_id=px4_ned path_points=0 odom_source=/mavros/local_position/odom cloud_source=none mavros_connected=true
[offboard_waypoint_node-1] [INFO] [1786263058.422830708] [offboard_waypoint_node]: [CONTROL_ARBITER] selected_source=safety_hold state=IDLE_HOLD
[offboard_waypoint_node-1] [INFO] [1786263058.472718382] [offboard_waypoint_node]: [HOLD_ERROR] position_error=0.397 velocity=0.004 state=IDLE_HOLD
[ego_planner_node-10] [FSM]: state: WAIT_TARGET
[ego_planner_node-10] wait for goal or trigger.
[super_planner_ros2_node-6] [INFO] [1786263059.329424465] [super_planner_ros2_node]: SUPER_ROS2 mode=IDLE enable_output=false reason=NO_GOAL odom=(0.00,-0.00,-0.34) goal=none tracking_setpoint_enu=(0.00,-0.00,0.78) setpoint_ned=none yaw(desired/cmd/rate)=(0.00/0.00/0.00) cross_track=0.00 frame_id=px4_ned path_points=0 odom_source=/mavros/local_position/odom cloud_source=none mavros_connected=true
[offboard_waypoint_node-1] [INFO] [1786263059.422974204] [offboard_waypoint_node]: [CONTROL_ARBITER] selected_source=safety_hold state=IDLE_HOLD
[offboard_waypoint_node-1] [INFO] [1786263059.522853060] [offboard_waypoint_node]: [HOLD_ERROR] position_error=0.388 velocity=0.015 state=IDLE_HOLD
[ego_planner_node-10] [FSM]: state: WAIT_TARGET
[ego_planner_node-10] wait for goal or trigger.
[super_planner_ros2_node-6] [INFO] [1786263060.329505451] [super_planner_ros2_node]: SUPER_ROS2 mode=IDLE enable_output=false reason=NO_GOAL odom=(0.01,-0.00,-0.33) goal=none tracking_setpoint_enu=(0.01,-0.00,0.78) setpoint_ned=none yaw(desired/cmd/rate)=(0.00/0.00/0.00) cross_track=0.00 frame_id=px4_ned path_points=0 odom_source=/mavros/local_position/odom cloud_source=none mavros_connected=true
[offboard_waypoint_node-1] [INFO] [1786263060.472776431] [offboard_waypoint_node]: [CONTROL_ARBITER] selected_source=safety_hold state=IDLE_HOLD
[offboard_waypoint_node-1] [INFO] [1786263060.572702203] [offboard_waypoint_node]: [HOLD_ERROR] position_error=0.378 velocity=0.009 state=IDLE_HOLD
[ego_planner_node-10] [FSM]: state: WAIT_TARGET
[ego_planner_node-10] wait for goal or trigger.
[super_planner_ros2_node-6] [INFO] [1786263061.329778482] [super_planner_ros2_node]: SUPER_ROS2 mode=IDLE enable_output=false reason=NO_GOAL odom=(0.00,-0.00,-0.32) goal=none tracking_setpoint_enu=(0.00,-0.00,0.78) setpoint_ned=none yaw(desired/cmd/rate)=(0.00/0.00/0.00) cross_track=0.00 frame_id=px4_ned path_points=0 odom_source=/mavros/local_position/odom cloud_source=none mavros_connected=true
[offboard_waypoint_node-1] [INFO] [1786263061.472880810] [offboard_waypoint_node]: [CONTROL_ARBITER] selected_source=safety_hold state=IDLE_HOLD
[offboard_waypoint_node-1] [INFO] [1786263061.572744715] [offboard_waypoint_node]: [HOLD_ERROR] position_error=0.366 velocity=0.005 state=IDLE_HOLD
[ego_planner_node-10] [FSM]: state: WAIT_TARGET
[ego_planner_node-10] wait for goal or trigger.
[super_planner_ros2_node-6] [INFO] [1786263062.379683954] [super_planner_ros2_node]: SUPER_ROS2 mode=IDLE enable_output=false reason=NO_GOAL odom=(0.00,0.00,-0.30) goal=none tracking_setpoint_enu=(0.00,0.00,0.78) setpoint_ned=none yaw(desired/cmd/rate)=(0.00/0.00/0.00) cross_track=0.00 frame_id=px4_ned path_points=0 odom_source=/mavros/local_position/odom cloud_source=none mavros_connected=true
[offboard_waypoint_node-1] [INFO] [1786263062.522834984] [offboard_waypoint_node]: [CONTROL_ARBITER] selected_source=safety_hold state=IDLE_HOLD
[offboard_waypoint_node-1] [INFO] [1786263062.572747690] [offboard_waypoint_node]: [HOLD_ERROR] position_error=0.356 velocity=0.002 state=IDLE_HOLD
[ego_planner_node-10] [FSM]: state: WAIT_TARGET
[ego_planner_node-10] wait for goal or trigger.
[super_planner_ros2_node-6] [INFO] [1786263063.429529858] [super_planner_ros2_node]: SUPER_ROS2 mode=IDLE enable_output=false reason=NO_GOAL odom=(-0.00,0.00,-0.29) goal=none tracking_setpoint_enu=(-0.00,0.00,0.78) setpoint_ned=none yaw(desired/cmd/rate)=(0.00/0.00/0.00) cross_track=0.00 frame_id=px4_ned path_points=0 odom_source=/mavros/local_position/odom cloud_source=none mavros_connected=true
[offboard_waypoint_node-1] [INFO] [1786263063.522846128] [offboard_waypoint_node]: [CONTROL_ARBITER] selected_source=safety_hold state=IDLE_HOLD
[offboard_waypoint_node-1] [INFO] [1786263063.572802320] [offboard_waypoint_node]: [HOLD_ERROR] position_error=0.347 velocity=0.000 state=IDLE_HOLD
[ego_planner_node-10] [FSM]: state: WAIT_TARGET
[ego_planner_node-10] wait for goal or trigger.
[super_planner_ros2_node-6] [INFO] [1786263064.479721729] [super_planner_ros2_node]: SUPER_ROS2 mode=IDLE enable_output=false reason=NO_GOAL odom=(0.00,-0.00,-0.29) goal=none tracking_setpoint_enu=(0.00,-0.00,0.78) setpoint_ned=none yaw(desired/cmd/rate)=(0.00/0.00/0.00) cross_track=0.00 frame_id=px4_ned path_points=0 odom_source=/mavros/local_position/odom cloud_source=none mavros_connected=true
[offboard_waypoint_node-1] [INFO] [1786263064.522876418] [offboard_waypoint_node]: [CONTROL_ARBITER] selected_source=safety_hold state=IDLE_HOLD
[offboard_waypoint_node-1] [INFO] [1786263064.572868746] [offboard_waypoint_node]: [HOLD_ERROR] position_error=0.342 velocity=0.003 state=IDLE_HOLD
[ego_planner_node-10] [FSM]: state: WAIT_TARGET
[ego_planner_node-10] wait for goal or trigger.
[offboard_waypoint_node-1] [INFO] [1786263065.522913291] [offboard_waypoint_node]: [CONTROL_ARBITER] selected_source=safety_hold state=IDLE_HOLD
[super_planner_ros2_node-6] [INFO] [1786263065.529576790] [super_planner_ros2_node]: SUPER_ROS2 mode=IDLE enable_output=false reason=NO_GOAL odom=(0.00,0.00,-0.28) goal=none tracking_setpoint_enu=(0.00,0.00,0.78) setpoint_ned=none yaw(desired/cmd/rate)=(0.00/0.00/0.00) cross_track=0.00 frame_id=px4_ned path_points=0 odom_source=/mavros/local_position/odom cloud_source=none mavros_connected=true
[offboard_waypoint_node-1] [INFO] [1786263065.622884482] [offboard_waypoint_node]: [HOLD_ERROR] position_error=0.338 velocity=0.005 state=IDLE_HOLD
[ego_planner_node-10] [FSM]: state: WAIT_TARGET
[ego_planner_node-10] wait for goal or trigger.
[offboard_waypoint_node-1] [INFO] [1786263066.522981199] [offboard_waypoint_node]: [CONTROL_ARBITER] selected_source=safety_hold state=IDLE_HOLD
[super_planner_ros2_node-6] [INFO] [1786263066.529590166] [super_planner_ros2_node]: SUPER_ROS2 mode=IDLE enable_output=false reason=NO_GOAL odom=(0.00,0.00,-0.28) goal=none tracking_setpoint_enu=(0.00,0.00,0.78) setpoint_ned=none yaw(desired/cmd/rate)=(0.00/0.00/0.00) cross_track=0.00 frame_id=px4_ned path_points=0 odom_source=/mavros/local_position/odom cloud_source=none mavros_connected=true
[mapping_manager_node-5] [INFO] [1786263066.594094811] [mapping_manager_node]: Mapping status: in_flight=false, map_loaded=false, map_saved=false
[offboard_waypoint_node-1] [INFO] [1786263066.673595945] [offboard_waypoint_node]: [HOLD_ERROR] position_error=0.336 velocity=0.003 state=IDLE_HOLD
[ego_planner_node-10] [FSM]: state: WAIT_TARGET
[ego_planner_node-10] wait for goal or trigger.
[super_planner_ros2_node-6] [INFO] [1786263067.529629984] [super_planner_ros2_node]: SUPER_ROS2 mode=IDLE enable_output=false reason=NO_GOAL odom=(-0.00,0.00,-0.28) goal=none tracking_setpoint_enu=(-0.00,0.00,0.78) setpoint_ned=none yaw(desired/cmd/rate)=(0.00/0.00/0.00) cross_track=0.00 frame_id=px4_ned path_points=0 odom_source=/mavros/local_position/odom cloud_source=none mavros_connected=true
[offboard_waypoint_node-1] [INFO] [1786263067.572972588] [offboard_waypoint_node]: [CONTROL_ARBITER] selected_source=safety_hold state=IDLE_HOLD
[offboard_waypoint_node-1] [INFO] [1786263067.722849684] [offboard_waypoint_node]: [HOLD_ERROR] position_error=0.333 velocity=0.003 state=IDLE_HOLD
[ego_planner_node-10] [FSM]: state: WAIT_TARGET
[ego_planner_node-10] wait for goal or trigger.
[super_planner_ros2_node-6] [INFO] [1786263068.529710116] [super_planner_ros2_node]: SUPER_ROS2 mode=IDLE enable_output=false reason=NO_GOAL odom=(-0.00,-0.00,-0.27) goal=none tracking_setpoint_enu=(-0.00,-0.00,0.78) setpoint_ned=none yaw(desired/cmd/rate)=(0.00/0.00/0.00) cross_track=0.00 frame_id=px4_ned path_points=0 odom_source=/mavros/local_position/odom cloud_source=none mavros_connected=true
[offboard_waypoint_node-1] [INFO] [1786263068.622949937] [offboard_waypoint_node]: [CONTROL_ARBITER] selected_source=safety_hold state=IDLE_HOLD
[offboard_waypoint_node-1] [INFO] [1786263068.723003816] [offboard_waypoint_node]: [HOLD_ERROR] position_error=0.327 velocity=0.001 state=IDLE_HOLD
[ego_planner_node-10] [FSM]: state: WAIT_TARGET
[ego_planner_node-10] wait for goal or trigger.
[super_planner_ros2_node-6] [INFO] [1786263069.529859172] [super_planner_ros2_node]: SUPER_ROS2 mode=IDLE enable_output=false reason=NO_GOAL odom=(0.00,0.00,-0.27) goal=none tracking_setpoint_enu=(0.00,0.00,0.78) setpoint_ned=none yaw(desired/cmd/rate)=(0.00/0.00/0.00) cross_track=0.00 frame_id=px4_ned path_points=0 odom_source=/mavros/local_position/odom cloud_source=none mavros_connected=true
[offboard_waypoint_node-1] [INFO] [1786263069.622987230] [offboard_waypoint_node]: [CONTROL_ARBITER] selected_source=safety_hold state=IDLE_HOLD
[offboard_waypoint_node-1] [INFO] [1786263069.772982813] [offboard_waypoint_node]: [HOLD_ERROR] position_error=0.317 velocity=0.000 state=IDLE_HOLD
[ego_planner_node-10] [FSM]: state: WAIT_TARGET
[ego_planner_node-10] wait for goal or trigger.
[super_planner_ros2_node-6] [INFO] [1786263070.579856469] [super_planner_ros2_node]: SUPER_ROS2 mode=IDLE enable_output=false reason=NO_GOAL odom=(-0.00,-0.00,-0.25) goal=none tracking_setpoint_enu=(-0.00,-0.00,0.78) setpoint_ned=none yaw(desired/cmd/rate)=(0.00/0.00/0.00) cross_track=0.00 frame_id=px4_ned path_points=0 odom_source=/mavros/local_position/odom cloud_source=none mavros_connected=true
[offboard_waypoint_node-1] [INFO] [1786263070.623086184] [offboard_waypoint_node]: [CONTROL_ARBITER] selected_source=safety_hold state=IDLE_HOLD
[offboard_waypoint_node-1] [INFO] [1786263070.823220742] [offboard_waypoint_node]: [HOLD_ERROR] position_error=0.307 velocity=0.004 state=IDLE_HOLD
[ego_planner_node-10] [FSM]: state: WAIT_TARGET
[ego_planner_node-10] wait for goal or trigger.
[super_planner_ros2_node-6] [INFO] [1786263071.579904016] [super_planner_ros2_node]: SUPER_ROS2 mode=IDLE enable_output=false reason=NO_GOAL odom=(-0.00,-0.00,-0.24) goal=none tracking_setpoint_enu=(-0.00,-0.00,0.78) setpoint_ned=none yaw(desired/cmd/rate)=(0.00/0.00/0.00) cross_track=0.00 frame_id=px4_ned path_points=0 odom_source=/mavros/local_position/odom cloud_source=none mavros_connected=true
[offboard_waypoint_node-1] [INFO] [1786263071.672968179] [offboard_waypoint_node]: [CONTROL_ARBITER] selected_source=safety_hold state=IDLE_HOLD
[offboard_waypoint_node-1] [INFO] [1786263071.872944063] [offboard_waypoint_node]: [HOLD_ERROR] position_error=0.295 velocity=0.001 state=IDLE_HOLD
[ego_planner_node-10] [FSM]: state: WAIT_TARGET
[ego_planner_node-10] wait for goal or trigger.
[super_planner_ros2_node-6] [INFO] [1786263072.629700615] [super_planner_ros2_node]: SUPER_ROS2 mode=IDLE enable_output=false reason=NO_GOAL odom=(0.00,0.00,-0.24) goal=none tracking_setpoint_enu=(0.00,0.00,0.78) setpoint_ned=none yaw(desired/cmd/rate)=(0.00/0.00/0.00) cross_track=0.00 frame_id=px4_ned path_points=0 odom_source=/mavros/local_position/odom cloud_source=none mavros_connected=true
[offboard_waypoint_node-1] [INFO] [1786263072.673102685] [offboard_waypoint_node]: [CONTROL_ARBITER] selected_source=safety_hold state=IDLE_HOLD
[offboard_waypoint_node-1] [INFO] [1786263072.873110343] [offboard_waypoint_node]: [HOLD_ERROR] position_error=0.288 velocity=0.002 state=IDLE_HOLD
[ego_planner_node-10] [FSM]: state: WAIT_TARGET
[ego_planner_node-10] wait for goal or trigger.
[super_planner_ros2_node-6] [INFO] [1786263073.629745986] [super_planner_ros2_node]: SUPER_ROS2 mode=IDLE enable_output=false reason=NO_GOAL odom=(-0.00,0.00,-0.23) goal=none tracking_setpoint_enu=(-0.00,0.00,0.78) setpoint_ned=none yaw(desired/cmd/rate)=(0.00/0.00/0.00) cross_track=0.00 frame_id=px4_ned path_points=0 odom_source=/mavros/local_position/odom cloud_source=none mavros_connected=true
[offboard_waypoint_node-1] [INFO] [1786263073.723107232] [offboard_waypoint_node]: [CONTROL_ARBITER] selected_source=safety_hold state=IDLE_HOLD
[offboard_waypoint_node-1] [INFO] [1786263073.923380729] [offboard_waypoint_node]: [HOLD_ERROR] position_error=0.279 velocity=0.003 state=IDLE_HOLD
[ego_planner_node-10] [FSM]: state: WAIT_TARGET
[ego_planner_node-10] wait for goal or trigger.
[super_planner_ros2_node-6] [INFO] [1786263074.629756680] [super_planner_ros2_node]: SUPER_ROS2 mode=IDLE enable_output=false reason=NO_GOAL odom=(-0.00,-0.00,-0.22) goal=none tracking_setpoint_enu=(-0.00,-0.00,0.78) setpoint_ned=none yaw(desired/cmd/rate)=(0.00/0.00/0.00) cross_track=0.00 frame_id=px4_ned path_points=0 odom_source=/mavros/local_position/odom cloud_source=none mavros_connected=true
[offboard_waypoint_node-1] [INFO] [1786263074.773093637] [offboard_waypoint_node]: [CONTROL_ARBITER] selected_source=safety_hold state=IDLE_HOLD
[offboard_waypoint_node-1] [INFO] [1786263074.973023897] [offboard_waypoint_node]: [HOLD_ERROR] position_error=0.275 velocity=0.002 state=IDLE_HOLD
[ego_planner_node-10] [FSM]: state: WAIT_TARGET
[ego_planner_node-10] wait for goal or trigger.
[super_planner_ros2_node-6] [INFO] [1786263075.629800418] [super_planner_ros2_node]: SUPER_ROS2 mode=IDLE enable_output=false reason=NO_GOAL odom=(0.00,0.00,-0.22) goal=none tracking_setpoint_enu=(0.00,0.00,0.78) setpoint_ned=none yaw(desired/cmd/rate)=(0.00/0.00/0.00) cross_track=0.00 frame_id=px4_ned path_points=0 odom_source=/mavros/local_position/odom cloud_source=none mavros_connected=true
[offboard_waypoint_node-1] [INFO] [1786263075.823115230] [offboard_waypoint_node]: [CONTROL_ARBITER] selected_source=safety_hold state=IDLE_HOLD
[offboard_waypoint_node-1] [INFO] [1786263075.973056767] [offboard_waypoint_node]: [HOLD_ERROR] position_error=0.274 velocity=0.006 state=IDLE_HOLD
[ego_planner_node-10] [FSM]: state: WAIT_TARGET
[ego_planner_node-10] wait for goal or trigger.
[super_planner_ros2_node-6] [INFO] [1786263076.629823466] [super_planner_ros2_node]: SUPER_ROS2 mode=IDLE enable_output=false reason=NO_GOAL odom=(0.00,0.00,-0.22) goal=none tracking_setpoint_enu=(0.00,0.00,0.78) setpoint_ned=none yaw(desired/cmd/rate)=(0.00/0.00/0.00) cross_track=0.00 frame_id=px4_ned path_points=0 odom_source=/mavros/local_position/odom cloud_source=none mavros_connected=true
[offboard_waypoint_node-1] [INFO] [1786263076.823285617] [offboard_waypoint_node]: [CONTROL_ARBITER] selected_source=safety_hold state=IDLE_HOLD
[offboard_waypoint_node-1] [INFO] [1786263076.973075546] [offboard_waypoint_node]: [HOLD_ERROR] position_error=0.272 velocity=0.002 state=IDLE_HOLD
[ego_planner_node-10] [FSM]: state: WAIT_TARGET
[ego_planner_node-10] wait for goal or trigger.
[super_planner_ros2_node-6] [INFO] [1786263077.630268685] [super_planner_ros2_node]: SUPER_ROS2 mode=IDLE enable_output=false reason=NO_GOAL odom=(-0.00,0.00,-0.22) goal=none tracking_setpoint_enu=(-0.00,0.00,0.78) setpoint_ned=none yaw(desired/cmd/rate)=(0.00/0.00/0.00) cross_track=0.00 frame_id=px4_ned path_points=0 odom_source=/mavros/local_position/odom cloud_source=none mavros_connected=true
[offboard_waypoint_node-1] [INFO] [1786263077.873607644] [offboard_waypoint_node]: [CONTROL_ARBITER] selected_source=safety_hold state=IDLE_HOLD
[offboard_waypoint_node-1] [INFO] [1786263077.973097391] [offboard_waypoint_node]: [HOLD_ERROR] position_error=0.273 velocity=0.005 state=IDLE_HOLD
[ego_planner_node-10] [FSM]: state: WAIT_TARGET
[ego_planner_node-10] wait for goal or trigger.
[super_planner_ros2_node-6] [INFO] [1786263078.679804723] [super_planner_ros2_node]: SUPER_ROS2 mode=IDLE enable_output=false reason=NO_GOAL odom=(-0.00,0.00,-0.22) goal=none tracking_setpoint_enu=(-0.00,0.00,0.78) setpoint_ned=none yaw(desired/cmd/rate)=(0.00/0.00/0.00) cross_track=0.00 frame_id=px4_ned path_points=0 odom_source=/mavros/local_position/odom cloud_source=none mavros_connected=true
[offboard_waypoint_node-1] [INFO] [1786263078.923082371] [offboard_waypoint_node]: [CONTROL_ARBITER] selected_source=safety_hold state=IDLE_HOLD
[offboard_waypoint_node-1] [INFO] [1786263078.973114247] [offboard_waypoint_node]: [HOLD_ERROR] position_error=0.277 velocity=0.007 state=IDLE_HOLD
[ego_planner_node-10] [FSM]: state: WAIT_TARGET
[ego_planner_node-10] wait for goal or trigger.
[super_planner_ros2_node-6] [INFO] [1786263079.679824568] [super_planner_ros2_node]: SUPER_ROS2 mode=IDLE enable_output=false reason=NO_GOAL odom=(-0.00,0.00,-0.23) goal=none tracking_setpoint_enu=(-0.00,0.00,0.78) setpoint_ned=none yaw(desired/cmd/rate)=(0.00/0.00/0.00) cross_track=0.00 frame_id=px4_ned path_points=0 odom_source=/mavros/local_position/odom cloud_source=none mavros_connected=true
[offboard_waypoint_node-1] [INFO] [1786263079.923280882] [offboard_waypoint_node]: [CONTROL_ARBITER] selected_source=safety_hold state=IDLE_HOLD
[offboard_waypoint_node-1] [INFO] [1786263079.973134364] [offboard_waypoint_node]: [HOLD_ERROR] position_error=0.281 velocity=0.001 state=IDLE_HOLD
[ego_planner_node-10] [FSM]: state: WAIT_TARGET
[ego_planner_node-10] wait for goal or trigger.
[super_planner_ros2_node-6] [INFO] [1786263080.679846159] [super_planner_ros2_node]: SUPER_ROS2 mode=IDLE enable_output=false reason=NO_GOAL odom=(-0.00,-0.00,-0.23) goal=none tracking_setpoint_enu=(-0.00,-0.00,0.78) setpoint_ned=none yaw(desired/cmd/rate)=(0.00/0.00/0.00) cross_track=0.00 frame_id=px4_ned path_points=0 odom_source=/mavros/local_position/odom cloud_source=none mavros_connected=true
[offboard_waypoint_node-1] [INFO] [1786263080.973153474] [offboard_waypoint_node]: [CONTROL_ARBITER] selected_source=safety_hold state=IDLE_HOLD
[offboard_waypoint_node-1] [INFO] [1786263081.023185351] [offboard_waypoint_node]: [HOLD_ERROR] position_error=0.287 velocity=0.006 state=IDLE_HOLD
[ego_planner_node-10] [FSM]: state: WAIT_TARGET
[ego_planner_node-10] wait for goal or trigger.
[super_planner_ros2_node-6] [INFO] [1786263081.729827790] [super_planner_ros2_node]: SUPER_ROS2 mode=IDLE enable_output=false reason=NO_GOAL odom=(-0.00,-0.00,-0.24) goal=none tracking_setpoint_enu=(-0.00,-0.00,0.78) setpoint_ned=none yaw(desired/cmd/rate)=(0.00/0.00/0.00) cross_track=0.00 frame_id=px4_ned path_points=0 odom_source=/mavros/local_position/odom cloud_source=none mavros_connected=true
[offboard_waypoint_node-1] [INFO] [1786263081.973182328] [offboard_waypoint_node]: [CONTROL_ARBITER] selected_source=safety_hold state=IDLE_HOLD
[offboard_waypoint_node-1] [INFO] [1786263082.023260177] [offboard_waypoint_node]: [HOLD_ERROR] position_error=0.293 velocity=0.004 state=IDLE_HOLD
[ego_planner_node-10] [FSM]: state: WAIT_TARGET
[ego_planner_node-10] wait for goal or trigger.
[super_planner_ros2_node-6] [INFO] [1786263082.729966092] [super_planner_ros2_node]: SUPER_ROS2 mode=IDLE enable_output=false reason=NO_GOAL odom=(0.00,-0.00,-0.24) goal=none tracking_setpoint_enu=(0.00,-0.00,0.78) setpoint_ned=none yaw(desired/cmd/rate)=(0.00/0.00/0.00) cross_track=0.00 frame_id=px4_ned path_points=0 odom_source=/mavros/local_position/odom cloud_source=none mavros_connected=true
[offboard_waypoint_node-1] [INFO] [1786263082.973220766] [offboard_waypoint_node]: [CONTROL_ARBITER] selected_source=safety_hold state=IDLE_HOLD
[offboard_waypoint_node-1] [INFO] [1786263083.073299849] [offboard_waypoint_node]: [HOLD_ERROR] position_error=0.297 velocity=0.003 state=IDLE_HOLD
[ego_planner_node-10] [FSM]: state: WAIT_TARGET
[ego_planner_node-10] wait for goal or trigger.
[super_planner_ros2_node-6] [INFO] [1786263083.730008265] [super_planner_ros2_node]: SUPER_ROS2 mode=IDLE enable_output=false reason=NO_GOAL odom=(0.00,0.00,-0.25) goal=none tracking_setpoint_enu=(0.00,0.00,0.78) setpoint_ned=none yaw(desired/cmd/rate)=(0.00/0.00/0.00) cross_track=0.00 frame_id=px4_ned path_points=0 odom_source=/mavros/local_position/odom cloud_source=none mavros_connected=true
[offboard_waypoint_node-1] [INFO] [1786263084.023284505] [offboard_waypoint_node]: [CONTROL_ARBITER] selected_source=safety_hold state=IDLE_HOLD
[offboard_waypoint_node-1] [INFO] [1786263084.123237810] [offboard_waypoint_node]: [HOLD_ERROR] position_error=0.304 velocity=0.004 state=IDLE_HOLD
[ego_planner_node-10] [FSM]: state: WAIT_TARGET
[ego_planner_node-10] wait for goal or trigger.
[super_planner_ros2_node-6] [INFO] [1786263084.779919199] [super_planner_ros2_node]: SUPER_ROS2 mode=IDLE enable_output=false reason=NO_GOAL odom=(0.00,0.00,-0.25) goal=none tracking_setpoint_enu=(0.00,0.00,0.78) setpoint_ned=none yaw(desired/cmd/rate)=(0.00/0.00/0.00) cross_track=0.00 frame_id=px4_ned path_points=0 odom_source=/mavros/local_position/odom cloud_source=none mavros_connected=true
[offboard_waypoint_node-1] [INFO] [1786263085.023317005] [offboard_waypoint_node]: [CONTROL_ARBITER] selected_source=safety_hold state=IDLE_HOLD
[offboard_waypoint_node-1] [INFO] [1786263085.123262347] [offboard_waypoint_node]: [HOLD_ERROR] position_error=0.312 velocity=0.004 state=IDLE_HOLD
[ego_planner_node-10] [FSM]: state: WAIT_TARGET
[ego_planner_node-10] wait for goal or trigger.
[super_planner_ros2_node-6] [INFO] [1786263085.779949384] [super_planner_ros2_node]: SUPER_ROS2 mode=IDLE enable_output=false reason=NO_GOAL odom=(0.00,-0.00,-0.26) goal=none tracking_setpoint_enu=(0.00,-0.00,0.78) setpoint_ned=none yaw(desired/cmd/rate)=(0.00/0.00/0.00) cross_track=0.00 frame_id=px4_ned path_points=0 odom_source=/mavros/local_position/odom cloud_source=none mavros_connected=true
[offboard_waypoint_node-1] [INFO] [1786263086.073303653] [offboard_waypoint_node]: [CONTROL_ARBITER] selected_source=safety_hold state=IDLE_HOLD
[offboard_waypoint_node-1] [INFO] [1786263086.123310843] [offboard_waypoint_node]: [HOLD_ERROR] position_error=0.321 velocity=0.005 state=IDLE_HOLD
[ego_planner_node-10] [FSM]: state: WAIT_TARGET
[ego_planner_node-10] wait for goal or trigger.
[super_planner_ros2_node-6] [INFO] [1786263086.779974924] [super_planner_ros2_node]: SUPER_ROS2 mode=IDLE enable_output=false reason=NO_GOAL odom=(0.00,-0.00,-0.27) goal=none tracking_setpoint_enu=(0.00,-0.00,0.78) setpoint_ned=none yaw(desired/cmd/rate)=(0.00/0.00/0.00) cross_track=0.00 frame_id=px4_ned path_points=0 odom_source=/mavros/local_position/odom cloud_source=none mavros_connected=true
[offboard_waypoint_node-1] [INFO] [1786263087.073510939] [offboard_waypoint_node]: [CONTROL_ARBITER] selected_source=safety_hold state=IDLE_HOLD
[offboard_waypoint_node-1] [INFO] [1786263087.123346072] [offboard_waypoint_node]: [HOLD_ERROR] position_error=0.329 velocity=0.004 state=IDLE_HOLD
[ego_planner_node-10] [FSM]: state: WAIT_TARGET
[ego_planner_node-10] wait for goal or trigger.
[super_planner_ros2_node-6] [INFO] [1786263087.779981499] [super_planner_ros2_node]: SUPER_ROS2 mode=IDLE enable_output=false reason=NO_GOAL odom=(-0.00,-0.00,-0.28) goal=none tracking_setpoint_enu=(-0.00,-0.00,0.78) setpoint_ned=none yaw(desired/cmd/rate)=(0.00/0.00/0.00) cross_track=0.00 frame_id=px4_ned path_points=0 odom_source=/mavros/local_position/odom cloud_source=none mavros_connected=true
[offboard_waypoint_node-1] [INFO] [1786263088.123339214] [offboard_waypoint_node]: [CONTROL_ARBITER] selected_source=safety_hold state=IDLE_HOLD
[offboard_waypoint_node-1] [INFO] [1786263088.173304208] [offboard_waypoint_node]: [HOLD_ERROR] position_error=0.337 velocity=0.007 state=IDLE_HOLD
