[navigation stack (prewarm)] starting
[navigation stack (prewarm)] command: env MAP_FILE= PLANNER_BACKEND=ego-shadow MISSION_ENABLED=false RECOGNITION_ENABLED=false RVIZ=false ENABLE_OUTPUT=false MAP_AUTO_LOAD=false /home/robot/rong_ws/ws_offboard_control/tools/flight/run_navigation.sh
[navigation stack (prewarm)] pid=81610 pgid=81610 log=/home/robot/rong_ws/ws_offboard_control/flight_records/20260809/flight_20260809_170800/logs/navigation.log
Navigation backend: ego-shadow
Mission sequencer:  false
Map file:           <disabled for validation>
Map auto-load:      false
Recognition:        false
Navigation output:  false
[INFO] [launch]: All log files can be found below /home/robot/.ros/log/2026-08-09-17-08-04-252507-robot-81610
[INFO] [launch]: Default logging verbosity is set to INFO
[INFO] [launch.user]: [TUNING_FILE]
[INFO] [launch.user]: path=/home/robot/rong_ws/ws_offboard_control/install/race_bringup/share/race_bringup/config/astar_ego_tuning.yaml
[INFO] [launch.user]: schema_version=1
[INFO] [launch.user]: [EGO_MAP_SOURCE]
[INFO] [launch.user]: ego_map_source=static_live_px4
[INFO] [launch.user]: [EGO_MAP_TUNING]
[INFO] [launch.user]: {'live_obstacle_memory_sec': 1.0, 'live_obstacle_voxel_size_m': 0.1, 'live_obstacle_min_observations': 2, 'minimum_reliable_detection_range_m': 0.725, 'pose_sync_max_skew_sec': 0.3, 'pose_buffer_duration_sec': 1.0}
[INFO] [launch.user]: [SHARED_BOUNDS]
[INFO] [launch.user]: x=[-0.85,11.9] y=[-1.3,12.4] z=[0.5,0.85] margin=0.15
[INFO] [launch.user]: [GLOBAL_PLANNER_TUNING]
[INFO] [launch.user]: {'grid_resolution': 0.15, 'planning_resolution': 0.05, 'hard_inflation_radius': 0.28, 'min_planning_inflation_radius': 0.28, 'soft_obstacle_cost_radius': 0.54, 'clearance_cost_weight': 3.0, 'tracking_lookahead_distance': 0.3, 'max_local_goal_distance': 1.7, 'smoothing_min_clearance': 0.1, 'allow_direct_path': False, 'enable_path_shortcut': False}
[INFO] [launch.user]: [EGO_TUNING]
[INFO] [launch.user]: {'planning_horizon': 5.0, 'local_update_range_x': 6.0, 'local_update_range_y': 6.0, 'local_update_range_z': 1.25, 'occupancy_map_size_x': 24.0, 'occupancy_map_size_y': 26.0, 'occupancy_publish_max_height': 2.5, 'max_velocity': 0.6, 'max_acceleration': 0.8, 'control_point_spacing': 0.25, 'planning_clearance_m': 0.34, 'constrained_clearance_enable': False, 'constrained_clearance_m': 0.24, 'constrained_optimization_clearance_m': 0.3, 'far_end_clearance_extra_m': 0.06, 'optimization_clearance_m': 0.42, 'max_reference_deviation_m': 0.8, 'use_distinctive_trajectories': True, 'replan_start_position_error_m': 0.25, 'handover_position_tolerance_m': 0.01, 'handover_velocity_tolerance_mps': 0.005, 'handover_acceleration_tolerance_mps2': 0.01, 'fixed_flight_height': 0.78}
[INFO] [launch.user]: [BRIDGE_TUNING]
[INFO] [launch.user]: {'occupancy_timeout_sec': 1.0, 'active_recheck_history_sec': 0.5, 'bspline_timeout_sec': 0.2, 'command_timeout_sec': 0.2, 'dynamic_invalid_grace_sec': 0.75, 'replan_hold_timeout_sec': 3.0, 'collision_sample_spacing_m': 0.04, 'braking_deceleration_mps2': 0.8, 'reaction_time_sec': 0.15, 'dynamic_limit_margin': 1.1, 'max_yaw_rate_rad_s': 0.8}
[INFO] [launch.user]: [OFFBOARD_TUNING]
[INFO] [launch.user]: {'takeoff_height_m': 0.55, 'ego_goal_release_height_m': 0.5, 'ego_goal_stable_height_tolerance_m': 0.05, 'ego_goal_stable_horizontal_speed_mps': 0.08, 'ego_goal_stable_vertical_speed_mps': 0.05, 'ego_goal_stable_duration_sec': 0.5, 'fixed_flight_height_m': 0.78, 'max_safe_height_m': 0.85, 'goal_tolerance_xy_m': 0.1, 'goal_tolerance_z_m': 0.05, 'setpoint_rate_hz': 20.0, 'trusted_position_max_speed_mps': 4.0, 'trusted_position_jump_allowance_m': 0.4, 'ego_setpoint_max_lead_m': 2.0, 'ego_setpoint_timeout_sec': 2.5, 'same_goal_retry_on_safety_latch': True, 'ego_yaw_rate_limit_rad_s': 0.8, 'initial_position_stabilization_sec': 0.5, 'initial_position_max_spread_m': 0.08, 'initial_position_max_speed_mps': 0.2}
[INFO] [offboard_waypoint_node-1]: process started with pid [81677]
[INFO] [fastlio_bridge_node-2]: process started with pid [81679]
[INFO] [frame_transform_node-3]: process started with pid [81681]
[INFO] [map_io_node-4]: process started with pid [81683]
[INFO] [mapping_manager_node-5]: process started with pid [81685]
[INFO] [super_planner_ros2_node-6]: process started with pid [81687]
[INFO] [race_ego_odom_bridge-7]: process started with pid [81689]
[INFO] [race_ego_cloud_bridge-8]: process started with pid [81691]
[INFO] [race_ego_goal_bridge-9]: process started with pid [81693]
[INFO] [ego_planner_node-10]: process started with pid [81695]
[INFO] [traj_server-11]: process started with pid [81697]
[INFO] [race_ego_trajectory_bridge-12]: process started with pid [81699]
[mapping_manager_node-5] [INFO] [1786266484.436534112] [mapping_manager_node]: mapping_manager_node started
[mapping_manager_node-5] [INFO] [1786266484.436683013] [mapping_manager_node]:   auto_load_on_start: false
[mapping_manager_node-5] [INFO] [1786266484.436697010] [mapping_manager_node]:   auto_save_on_land: true
[race_ego_odom_bridge-7] [INFO] [1786266484.441397958] [race_ego_odom_bridge]: EGO odom bridge: /mavros/local_position/odom -> /race/ego/odom frame=map conversion=enuToMap(-y,x,z) strict=false
[race_ego_cloud_bridge-8] [INFO] [1786266484.442464150] [race_ego_cloud_bridge]: EGO cloud bridge: source=static_live_px4 input=/saved_map+/fast_lio/cloud_registered_body output=/race/ego/cloud required_frame=map frame_transform=px4_pose_projection
[race_ego_trajectory_bridge-12] [INFO] [1786266484.442790568] [race_ego_trajectory_bridge]: [BRIDGE_CLEARANCE_THRESHOLD] hard_clearance=0.290000000
[race_ego_trajectory_bridge-12] [INFO] [1786266484.443436161] [race_ego_trajectory_bridge]: [BRIDGE_BRAKING_CONTRACT] max_speed=0.600 deceleration=0.800 reaction=0.150 clearance=0.290 braking_horizon=0.605 detection_range=0.725
[fastlio_bridge_node-2] [INFO] [1786266484.448325490] [fastlio_bridge_node]: FAST-LIO2 里程计桥接已启动：订阅 /Odometry -> /race/odom, /race/pose
[frame_transform_node-3] [INFO] [1786266484.448839802] [frame_transform_node]: frame_transform_node started
[frame_transform_node-3] [INFO] [1786266484.448911223] [frame_transform_node]:   Published static TF: map -> odom (identity)
[frame_transform_node-3] [INFO] [1786266484.448918827] [frame_transform_node]:   Published static TF: camera_init -> map (identity, RViz display only)
[offboard_waypoint_node-1] [INFO] [1786266484.452527441] [offboard_waypoint_node]: Offboard adapter: control_source=navigation navigation_topic=/race/navigation_setpoint ego_topic=/race/ego/trajectory_setpoint frame=px4_ned timeout=0.80s ego_timeout=0.20s height=[0.50, 0.85]m warmup=1.0s stabilization=3.0s takeoff_complete=0.55m strict_health=false
[offboard_waypoint_node-1] [INFO] [1786266484.452612907] [offboard_waypoint_node]: [PLANNER_SOURCE] backend=navigation
[offboard_waypoint_node-1] [INFO] [1786266484.452618269] [offboard_waypoint_node]: [TRAJECTORY_SOURCE] selected=navigation timeout=2.50s
[map_io_node-4] [INFO] [1786266484.456647996] [map_io_node]: map_io_node started
[map_io_node-4] [INFO] [1786266484.456804791] [map_io_node]:   map_file: /home/robot/rong_ws/ws_offboard_control/maps/fastlio_global_3d/GlobalMap.pcd
[map_io_node-4] [INFO] [1786266484.456812959] [map_io_node]:   publish_topic: /saved_map
[map_io_node-4] [INFO] [1786266484.456817378] [map_io_node]:   display_leaf_size: 0.10 m
[map_io_node-4] [INFO] [1786266484.456827569] [map_io_node]:   max_display_points: 3000000
[race_ego_trajectory_bridge-12] [INFO] [1786266484.470435560] [race_ego_trajectory_bridge]: [EGO_STATUS] state=WAIT_MAP control_enabled=false map=missing odom=missing goal=missing trajectory=missing
[super_planner_ros2_node-6] [INFO] [1786266484.470791533] [super_planner_ros2_node]: MODE_INIT enable_output=false setpoint_topic=/race/navigation_setpoint setpoint_frame=px4_ned control_rate=20.0 replan_rate=2.0 tracking_lookahead=0.30 heading_lookahead=0.80 max_yaw_rate=1.00 odom_topic=/mavros/local_position/odom odom_input_frame=map_enu require_mavros_connected=false mavros_state_topic=/mavros/state cloud_topic=/saved_map PLANNER_INTERNAL_FRAME=map hard_inflation=0.28 soft_cost_radius=0.54 clearance_cost_weight=3.00 smoothing=true method=chaikin iterations=2 sample_resolution=0.10 allow_direct_path=false enable_path_shortcut=false
[super_planner_ros2_node-6] [INFO] [1786266484.470893354] [super_planner_ros2_node]: GLOBAL_MODE global_only=false control_output=false global_path=/race/global_path local_goal=/race/ego/local_goal
[super_planner_ros2_node-6] [INFO] [1786266484.470902703] [super_planner_ros2_node]: [SUPER_MODE] global_only=false max_planning_distance=9.000 segment_chaining=false
[super_planner_ros2_node-6] [INFO] [1786266484.470907996] [super_planner_ros2_node]: [SUPER_DIRECT_MODE] enabled=false
[super_planner_ros2_node-6] [INFO] [1786266484.470911660] [super_planner_ros2_node]: [SHARED_BOUNDS] x=[-0.85,11.90] y=[-1.30,12.40] z=[0.50,0.85] margin=0.15
[ego_planner_node-10] [INFO] [1786266484.479256674] [race_ego_planner]: [EGO_RECOVERY_GEOMETRY_CONFIG] search_distance=0.600 minimum_forward_progress=0.150 extra_clearance=0.060 max_reference_deviation=0.780 max_lateral_offset=0.750 lateral_offset_step=0.150
[ego_planner_node-10] [INFO] [1786266484.483693395] [race_ego_planner]: [EGO_HANDOVER_TOLERANCE] position_m=0.010 velocity_mps=0.005 acceleration_mps2=0.010
[ego_planner_node-10] [INFO] [1786266484.483747205] [race_ego_planner]: [EGO_REFERENCE_GEOMETRY_LIMIT] max_reference_deviation_m=0.800
[ego_planner_node-10] [INFO] [1786266484.484747411] [race_ego_planner]: [EGO_OCCUPANCY_SAFETY_MODEL] required_center_clearance=0.290 planning_clearance=0.340 resolution=0.150 coarse_inflation_steps=2 coarse_voxel_clearance=0.300 continuous_query=true
[ego_planner_node-10] hit: 0.619039
[ego_planner_node-10] miss: -0.619039
[ego_planner_node-10] min log: -1.99243
[ego_planner_node-10] max: 2.19722
[ego_planner_node-10] thresh log: 1.38629
[ego_planner_node-10] [INFO] [1786266484.491708657] [race_ego_planner]: [EGO_OBSTACLE_CLEARANCE_CONTRACT] required_center_clearance=0.290000000 planning_clearance=0.340000000 optimization_target_clearance=0.420000000 far_end_clearance_extra=0.060000000 far_end_target_clearance=0.480000000 collision_weight=1.200000000 valid=true
[ego_planner_node-10] [INFO] [1786266484.491749792] [race_ego_planner]: [EGO_ACTIVE_OPTIMIZATION_TERMS] smoothness=true obstacle=true feasibility=true reference=false endpoint=true smoothness_weight=1.000000 obstacle_weight=1.200000 feasibility_weight=0.400000 reference_weight=0.000000 configured_fitness_weight=1.000000 obstacle_clearance=0.420000
[offboard_waypoint_node-1] [INFO] [1786266484.502734188] [offboard_waypoint_node]: [CONTROL_ARBITER] selected_source=safety_hold state=WAITING_FOR_ODOM
[super_planner_ros2_node-6] [INFO] [1786266484.521089095] [super_planner_ros2_node]: SUPER_ROS2 mode=NO_ODOM enable_output=false reason=NO_ODOM odom=(0.00,0.00,0.00) goal=none tracking_setpoint_enu=(0.00,0.00,0.00) setpoint_ned=none yaw(desired/cmd/rate)=(0.00/0.00/0.00) cross_track=0.00 frame_id=px4_ned path_points=0 odom_source=none cloud_source=none mavros_connected=false
[ego_planner_node-10] [INFO] [1786266484.538017442] [race_ego_planner]: [EGO_CONSTRAINED_CLEARANCE_CONFIG] enabled=false normal=0.340 constrained=0.240 optimization=0.300
[ego_planner_node-10] [INFO] [1786266484.539320752] [race_ego_planner]: single drone:-1
[traj_server-11] [WARN] [1786266485.455016310] [race_ego_traj_server]: [Traj server]: ready.
[ego_planner_node-10] [FSM]: state: INIT
[ego_planner_node-10] no odom.
[ego_planner_node-10] wait for goal or trigger.
[offboard_waypoint_node-1] [INFO] [1786266485.552695970] [offboard_waypoint_node]: [CONTROL_ARBITER] selected_source=safety_hold state=WAITING_FOR_ODOM
[super_planner_ros2_node-6] [INFO] [1786266485.570994699] [super_planner_ros2_node]: SUPER_ROS2 mode=NO_ODOM enable_output=false reason=NO_ODOM odom=(0.00,0.00,0.00) goal=none tracking_setpoint_enu=(0.00,0.00,0.00) setpoint_ned=none yaw(desired/cmd/rate)=(0.00/0.00/0.00) cross_track=0.00 frame_id=px4_ned path_points=0 odom_source=none cloud_source=none mavros_connected=false
[ego_planner_node-10] [FSM]: state: INIT
[ego_planner_node-10] no odom.
[ego_planner_node-10] wait for goal or trigger.
[super_planner_ros2_node-6] [INFO] [1786266486.571002413] [super_planner_ros2_node]: SUPER_ROS2 mode=NO_ODOM enable_output=false reason=NO_ODOM odom=(0.00,0.00,0.00) goal=none tracking_setpoint_enu=(0.00,0.00,0.00) setpoint_ned=none yaw(desired/cmd/rate)=(0.00/0.00/0.00) cross_track=0.00 frame_id=px4_ned path_points=0 odom_source=none cloud_source=none mavros_connected=false
[offboard_waypoint_node-1] [INFO] [1786266486.602713463] [offboard_waypoint_node]: [CONTROL_ARBITER] selected_source=safety_hold state=WAITING_FOR_ODOM
[ego_planner_node-10] [FSM]: state: INIT
[ego_planner_node-10] no odom.
[ego_planner_node-10] wait for goal or trigger.
[offboard_waypoint_node-1] [INFO] [1786266487.602822600] [offboard_waypoint_node]: [CONTROL_ARBITER] selected_source=safety_hold state=WAITING_FOR_ODOM
[super_planner_ros2_node-6] [INFO] [1786266487.621124626] [super_planner_ros2_node]: SUPER_ROS2 mode=NO_ODOM enable_output=false reason=NO_ODOM odom=(0.00,0.00,0.00) goal=none tracking_setpoint_enu=(0.00,0.00,0.00) setpoint_ned=none yaw(desired/cmd/rate)=(0.00/0.00/0.00) cross_track=0.00 frame_id=px4_ned path_points=0 odom_source=none cloud_source=none mavros_connected=false
[ego_planner_node-10] [FSM]: state: INIT
[ego_planner_node-10] no odom.
[ego_planner_node-10] wait for goal or trigger.
[offboard_waypoint_node-1] [INFO] [1786266488.652743876] [offboard_waypoint_node]: [CONTROL_ARBITER] selected_source=safety_hold state=WAITING_FOR_ODOM
[super_planner_ros2_node-6] [INFO] [1786266488.671003174] [super_planner_ros2_node]: SUPER_ROS2 mode=NO_ODOM enable_output=false reason=NO_ODOM odom=(0.00,0.00,0.00) goal=none tracking_setpoint_enu=(0.00,0.00,0.00) setpoint_ned=none yaw(desired/cmd/rate)=(0.00/0.00/0.00) cross_track=0.00 frame_id=px4_ned path_points=0 odom_source=none cloud_source=none mavros_connected=false
[ego_planner_node-10] [FSM]: state: INIT
[ego_planner_node-10] no odom.
[ego_planner_node-10] wait for goal or trigger.
[offboard_waypoint_node-1] [INFO] [1786266489.652921795] [offboard_waypoint_node]: [CONTROL_ARBITER] selected_source=safety_hold state=WAITING_FOR_ODOM
[super_planner_ros2_node-6] [INFO] [1786266489.671006655] [super_planner_ros2_node]: SUPER_ROS2 mode=NO_ODOM enable_output=false reason=NO_ODOM odom=(0.00,0.00,0.00) goal=none tracking_setpoint_enu=(0.00,0.00,0.00) setpoint_ned=none yaw(desired/cmd/rate)=(0.00/0.00/0.00) cross_track=0.00 frame_id=px4_ned path_points=0 odom_source=none cloud_source=none mavros_connected=false
[ego_planner_node-10] [FSM]: state: INIT
[ego_planner_node-10] no odom.
[ego_planner_node-10] wait for goal or trigger.
[super_planner_ros2_node-6] [INFO] [1786266490.671111144] [super_planner_ros2_node]: SUPER_ROS2 mode=NO_ODOM enable_output=false reason=NO_ODOM odom=(0.00,0.00,0.00) goal=none tracking_setpoint_enu=(0.00,0.00,0.00) setpoint_ned=none yaw(desired/cmd/rate)=(0.00/0.00/0.00) cross_track=0.00 frame_id=px4_ned path_points=0 odom_source=none cloud_source=none mavros_connected=false
[offboard_waypoint_node-1] [INFO] [1786266490.702768439] [offboard_waypoint_node]: [CONTROL_ARBITER] selected_source=safety_hold state=WAITING_FOR_ODOM
[ego_planner_node-10] [FSM]: state: INIT
[ego_planner_node-10] no odom.
[ego_planner_node-10] wait for goal or trigger.
[super_planner_ros2_node-6] [INFO] [1786266491.671158951] [super_planner_ros2_node]: SUPER_ROS2 mode=NO_ODOM enable_output=false reason=NO_ODOM odom=(0.00,0.00,0.00) goal=none tracking_setpoint_enu=(0.00,0.00,0.00) setpoint_ned=none yaw(desired/cmd/rate)=(0.00/0.00/0.00) cross_track=0.00 frame_id=px4_ned path_points=0 odom_source=none cloud_source=none mavros_connected=false
[offboard_waypoint_node-1] [INFO] [1786266491.702843855] [offboard_waypoint_node]: [CONTROL_ARBITER] selected_source=safety_hold state=WAITING_FOR_ODOM
[ego_planner_node-10] [FSM]: state: INIT
[ego_planner_node-10] no odom.
[ego_planner_node-10] wait for goal or trigger.
[super_planner_ros2_node-6] [INFO] [1786266492.721068917] [super_planner_ros2_node]: SUPER_ROS2 mode=NO_ODOM enable_output=false reason=NO_ODOM odom=(0.00,0.00,0.00) goal=none tracking_setpoint_enu=(0.00,0.00,0.00) setpoint_ned=none yaw(desired/cmd/rate)=(0.00/0.00/0.00) cross_track=0.00 frame_id=px4_ned path_points=0 odom_source=none cloud_source=none mavros_connected=false
[offboard_waypoint_node-1] [INFO] [1786266492.752784523] [offboard_waypoint_node]: [CONTROL_ARBITER] selected_source=safety_hold state=WAITING_FOR_ODOM
[ego_planner_node-10] [FSM]: state: INIT
[ego_planner_node-10] no odom.
[ego_planner_node-10] wait for goal or trigger.
[super_planner_ros2_node-6] [INFO] [1786266493.721210792] [super_planner_ros2_node]: SUPER_ROS2 mode=NO_ODOM enable_output=false reason=NO_ODOM odom=(0.00,0.00,0.00) goal=none tracking_setpoint_enu=(0.00,0.00,0.00) setpoint_ned=none yaw(desired/cmd/rate)=(0.00/0.00/0.00) cross_track=0.00 frame_id=px4_ned path_points=0 odom_source=none cloud_source=none mavros_connected=false
[offboard_waypoint_node-1] [INFO] [1786266493.752787326] [offboard_waypoint_node]: [CONTROL_ARBITER] selected_source=safety_hold state=WAITING_FOR_ODOM
[ego_planner_node-10] [FSM]: state: INIT
[ego_planner_node-10] no odom.
[ego_planner_node-10] wait for goal or trigger.
[super_planner_ros2_node-6] [INFO] [1786266494.771018718] [super_planner_ros2_node]: SUPER_ROS2 mode=NO_ODOM enable_output=false reason=NO_ODOM odom=(0.00,0.00,0.00) goal=none tracking_setpoint_enu=(0.00,0.00,0.00) setpoint_ned=none yaw(desired/cmd/rate)=(0.00/0.00/0.00) cross_track=0.00 frame_id=px4_ned path_points=0 odom_source=none cloud_source=none mavros_connected=false
[offboard_waypoint_node-1] [INFO] [1786266494.802769762] [offboard_waypoint_node]: [CONTROL_ARBITER] selected_source=safety_hold state=WAITING_FOR_ODOM
[ego_planner_node-10] [FSM]: state: INIT
[ego_planner_node-10] no odom.
[ego_planner_node-10] wait for goal or trigger.
[super_planner_ros2_node-6] [INFO] [1786266495.771245684] [super_planner_ros2_node]: SUPER_ROS2 mode=NO_ODOM enable_output=false reason=NO_ODOM odom=(0.00,0.00,0.00) goal=none tracking_setpoint_enu=(0.00,0.00,0.00) setpoint_ned=none yaw(desired/cmd/rate)=(0.00/0.00/0.00) cross_track=0.00 frame_id=px4_ned path_points=0 odom_source=none cloud_source=none mavros_connected=false
[offboard_waypoint_node-1] [INFO] [1786266495.802780929] [offboard_waypoint_node]: [CONTROL_ARBITER] selected_source=safety_hold state=WAITING_FOR_ODOM
[ego_planner_node-10] [FSM]: state: INIT
[ego_planner_node-10] no odom.
[ego_planner_node-10] wait for goal or trigger.
[super_planner_ros2_node-6] [INFO] [1786266496.821216609] [super_planner_ros2_node]: SUPER_ROS2 mode=NO_ODOM enable_output=false reason=NO_ODOM odom=(0.00,0.00,0.00) goal=none tracking_setpoint_enu=(0.00,0.00,0.00) setpoint_ned=none yaw(desired/cmd/rate)=(0.00/0.00/0.00) cross_track=0.00 frame_id=px4_ned path_points=0 odom_source=none cloud_source=none mavros_connected=false
[offboard_waypoint_node-1] [INFO] [1786266496.852766440] [offboard_waypoint_node]: [CONTROL_ARBITER] selected_source=safety_hold state=WAITING_FOR_ODOM
[ego_planner_node-10] [FSM]: state: INIT
[ego_planner_node-10] no odom.
[ego_planner_node-10] wait for goal or trigger.
[super_planner_ros2_node-6] [INFO] [1786266497.871124797] [super_planner_ros2_node]: SUPER_ROS2 mode=NO_ODOM enable_output=false reason=NO_ODOM odom=(0.00,0.00,0.00) goal=none tracking_setpoint_enu=(0.00,0.00,0.00) setpoint_ned=none yaw(desired/cmd/rate)=(0.00/0.00/0.00) cross_track=0.00 frame_id=px4_ned path_points=0 odom_source=none cloud_source=none mavros_connected=false
[offboard_waypoint_node-1] [INFO] [1786266497.902771067] [offboard_waypoint_node]: [CONTROL_ARBITER] selected_source=safety_hold state=WAITING_FOR_ODOM
[ego_planner_node-10] [FSM]: state: INIT
[ego_planner_node-10] no odom.
[ego_planner_node-10] wait for goal or trigger.
[super_planner_ros2_node-6] [INFO] [1786266498.871204536] [super_planner_ros2_node]: SUPER_ROS2 mode=NO_ODOM enable_output=false reason=NO_ODOM odom=(0.00,0.00,0.00) goal=none tracking_setpoint_enu=(0.00,0.00,0.00) setpoint_ned=none yaw(desired/cmd/rate)=(0.00/0.00/0.00) cross_track=0.00 frame_id=px4_ned path_points=0 odom_source=none cloud_source=none mavros_connected=false
[offboard_waypoint_node-1] [INFO] [1786266498.902789688] [offboard_waypoint_node]: [CONTROL_ARBITER] selected_source=safety_hold state=WAITING_FOR_ODOM
[ego_planner_node-10] [FSM]: state: INIT
[ego_planner_node-10] no odom.
[ego_planner_node-10] wait for goal or trigger.
[super_planner_ros2_node-6] [INFO] [1786266499.921044226] [super_planner_ros2_node]: SUPER_ROS2 mode=NO_ODOM enable_output=false reason=NO_ODOM odom=(0.00,0.00,0.00) goal=none tracking_setpoint_enu=(0.00,0.00,0.00) setpoint_ned=none yaw(desired/cmd/rate)=(0.00/0.00/0.00) cross_track=0.00 frame_id=px4_ned path_points=0 odom_source=none cloud_source=none mavros_connected=false
[offboard_waypoint_node-1] [INFO] [1786266499.952976586] [offboard_waypoint_node]: [CONTROL_ARBITER] selected_source=safety_hold state=WAITING_FOR_ODOM
[ego_planner_node-10] [FSM]: state: INIT
[ego_planner_node-10] no odom.
[ego_planner_node-10] wait for goal or trigger.
[super_planner_ros2_node-6] [INFO] [1786266500.921157658] [super_planner_ros2_node]: SUPER_ROS2 mode=NO_ODOM enable_output=false reason=NO_ODOM odom=(0.00,0.00,0.00) goal=none tracking_setpoint_enu=(0.00,0.00,0.00) setpoint_ned=none yaw(desired/cmd/rate)=(0.00/0.00/0.00) cross_track=0.00 frame_id=px4_ned path_points=0 odom_source=none cloud_source=none mavros_connected=false
[offboard_waypoint_node-1] [INFO] [1786266501.002773421] [offboard_waypoint_node]: [CONTROL_ARBITER] selected_source=safety_hold state=WAITING_FOR_ODOM
[ego_planner_node-10] [FSM]: state: INIT
[ego_planner_node-10] no odom.
[ego_planner_node-10] wait for goal or trigger.
[super_planner_ros2_node-6] [INFO] [1786266501.971308612] [super_planner_ros2_node]: SUPER_ROS2 mode=NO_ODOM enable_output=false reason=NO_ODOM odom=(0.00,0.00,0.00) goal=none tracking_setpoint_enu=(0.00,0.00,0.00) setpoint_ned=none yaw(desired/cmd/rate)=(0.00/0.00/0.00) cross_track=0.00 frame_id=px4_ned path_points=0 odom_source=none cloud_source=none mavros_connected=false
[offboard_waypoint_node-1] [INFO] [1786266502.002862116] [offboard_waypoint_node]: [CONTROL_ARBITER] selected_source=safety_hold state=WAITING_FOR_ODOM
[ego_planner_node-10] [FSM]: state: INIT
[ego_planner_node-10] no odom.
[ego_planner_node-10] wait for goal or trigger.
[super_planner_ros2_node-6] [INFO] [1786266503.021154865] [super_planner_ros2_node]: SUPER_ROS2 mode=NO_ODOM enable_output=false reason=NO_ODOM odom=(0.00,0.00,0.00) goal=none tracking_setpoint_enu=(0.00,0.00,0.00) setpoint_ned=none yaw(desired/cmd/rate)=(0.00/0.00/0.00) cross_track=0.00 frame_id=px4_ned path_points=0 odom_source=none cloud_source=none mavros_connected=false
[offboard_waypoint_node-1] [INFO] [1786266503.052915421] [offboard_waypoint_node]: [CONTROL_ARBITER] selected_source=safety_hold state=WAITING_FOR_ODOM
[ego_planner_node-10] [FSM]: state: INIT
[ego_planner_node-10] no odom.
[ego_planner_node-10] wait for goal or trigger.
[super_planner_ros2_node-6] [INFO] [1786266504.021379276] [super_planner_ros2_node]: SUPER_ROS2 mode=NO_ODOM enable_output=false reason=NO_ODOM odom=(0.00,0.00,0.00) goal=none tracking_setpoint_enu=(0.00,0.00,0.00) setpoint_ned=none yaw(desired/cmd/rate)=(0.00/0.00/0.00) cross_track=0.00 frame_id=px4_ned path_points=0 odom_source=none cloud_source=none mavros_connected=false
[offboard_waypoint_node-1] [INFO] [1786266504.053187067] [offboard_waypoint_node]: [CONTROL_ARBITER] selected_source=safety_hold state=WAITING_FOR_ODOM
[fastlio_bridge_node-2] [INFO] [1786266504.098096951] [fastlio_bridge_node]: 已桥接并转换里程计: ENU(-0.01, 0.00, -0.01) -> NED(0.01, 0.00, 0.01)
[ego_planner_node-10] [FSM]: state: INIT
[ego_planner_node-10] no odom.
[ego_planner_node-10] wait for goal or trigger.
[super_planner_ros2_node-6] [INFO] [1786266505.021494649] [super_planner_ros2_node]: SUPER_ROS2 mode=NO_ODOM enable_output=false reason=NO_ODOM odom=(0.00,0.00,0.00) goal=none tracking_setpoint_enu=(0.00,0.00,0.00) setpoint_ned=none yaw(desired/cmd/rate)=(0.00/0.00/0.00) cross_track=0.00 frame_id=px4_ned path_points=0 odom_source=none cloud_source=none mavros_connected=false
[offboard_waypoint_node-1] [INFO] [1786266505.102864904] [offboard_waypoint_node]: [CONTROL_ARBITER] selected_source=safety_hold state=WAITING_FOR_ODOM
[offboard_waypoint_node-1] [INFO] [1786266505.822368727] [offboard_waypoint_node]: [EV_HEALTH] state=SUSPECT continuous_healthy=0.00s
[ego_planner_node-10] [FSM]: state: INIT
[ego_planner_node-10] no odom.
[ego_planner_node-10] wait for goal or trigger.
[super_planner_ros2_node-6] [INFO] [1786266506.071235295] [super_planner_ros2_node]: SUPER_ROS2 mode=NO_ODOM enable_output=false reason=NO_ODOM odom=(0.00,0.00,0.00) goal=none tracking_setpoint_enu=(0.00,0.00,0.00) setpoint_ned=none yaw(desired/cmd/rate)=(0.00/0.00/0.00) cross_track=0.00 frame_id=px4_ned path_points=0 odom_source=none cloud_source=none mavros_connected=false
[offboard_waypoint_node-1] [INFO] [1786266506.122597755] [offboard_waypoint_node]: [EV_HEALTH] state=FAULT continuous_healthy=0.00s
[offboard_waypoint_node-1] [INFO] [1786266506.152924785] [offboard_waypoint_node]: [CONTROL_ARBITER] selected_source=safety_hold state=WAITING_FOR_ODOM
[ego_planner_node-10] [FSM]: state: INIT
[ego_planner_node-10] no odom.
[ego_planner_node-10] wait for goal or trigger.
[super_planner_ros2_node-6] [INFO] [1786266507.121148336] [super_planner_ros2_node]: SUPER_ROS2 mode=NO_ODOM enable_output=false reason=NO_ODOM odom=(0.00,0.00,0.00) goal=none tracking_setpoint_enu=(0.00,0.00,0.00) setpoint_ned=none yaw(desired/cmd/rate)=(0.00/0.00/0.00) cross_track=0.00 frame_id=px4_ned path_points=0 odom_source=none cloud_source=none mavros_connected=false
[super_planner_ros2_node-6] [WARN] [1786266507.122012512] [super_planner_ros2_node]: MAVROS reports connected=false; FCU link is down.
[offboard_waypoint_node-1] [INFO] [1786266507.202825999] [offboard_waypoint_node]: [CONTROL_ARBITER] selected_source=safety_hold state=WAITING_FOR_ODOM
[super_planner_ros2_node-6] [WARN] [1786266507.519444759] [super_planner_ros2_node]: Using odom source: /mavros/local_position/odom odom_input_frame=map_enu planner_enu=(-0.36, -0.66, 0.50)
[offboard_waypoint_node-1] [WARN] [1786266507.519476046] [offboard_waypoint_node]: [POSE_WAIT] no local velocity sample yet on /mavros/local_position/velocity_local
[ego_planner_node-10] [FSM]: from INIT to WAIT_TARGET
[ego_planner_node-10] [FSM]: state: WAIT_TARGET
[ego_planner_node-10] wait for goal or trigger.
[fastlio_bridge_node-2] [INFO] [1786266508.006722829] [fastlio_bridge_node]: 已桥接并转换里程计: ENU(-0.01, 0.01, -0.02) -> NED(0.01, 0.01, 0.02)
[fastlio_bridge_node-2] [INFO] [1786266508.017091307] [fastlio_bridge_node]: 已桥接并转换里程计: ENU(-0.01, 0.01, -0.02) -> NED(0.01, 0.01, 0.02)
[offboard_waypoint_node-1] [INFO] [1786266508.084466235] [offboard_waypoint_node]: [POSE_TRUSTED] stable_for=0.53s position_ned=(-0.657,-0.361,-0.493)
[offboard_waypoint_node-1] [WARN] [1786266508.102863747] [offboard_waypoint_node]: [HOLD_POSITION] x=-0.657 y=-0.361 z=-0.493 yaw=0.011 reason=startup idle hold
[offboard_waypoint_node-1] [WARN] [1786266508.102938219] [offboard_waypoint_node]: [CONTROL_STATE] WAITING_FOR_ODOM -> IDLE_HOLD: no active goal
[offboard_waypoint_node-1] [INFO] [1786266508.103123270] [offboard_waypoint_node]: [HOLD_ERROR] position_error=0.000 velocity=0.002 state=IDLE_HOLD
[super_planner_ros2_node-6] [INFO] [1786266508.121341042] [super_planner_ros2_node]: SUPER_ROS2 mode=IDLE enable_output=false reason=NO_GOAL odom=(-0.36,-0.66,0.49) goal=none tracking_setpoint_enu=(-0.36,-0.66,0.78) setpoint_ned=none yaw(desired/cmd/rate)=(0.00/0.00/0.00) cross_track=0.00 frame_id=px4_ned path_points=0 odom_source=/mavros/local_position/odom cloud_source=none mavros_connected=true
[offboard_waypoint_node-1] [INFO] [1786266508.202896975] [offboard_waypoint_node]: [CONTROL_ARBITER] selected_source=safety_hold state=IDLE_HOLD
[ego_planner_node-10] [FSM]: state: WAIT_TARGET
[ego_planner_node-10] wait for goal or trigger.
[offboard_waypoint_node-1] [INFO] [1786266509.152845362] [offboard_waypoint_node]: [HOLD_ERROR] position_error=0.016 velocity=0.006 state=IDLE_HOLD
[super_planner_ros2_node-6] [INFO] [1786266509.171329934] [super_planner_ros2_node]: SUPER_ROS2 mode=IDLE enable_output=false reason=NO_GOAL odom=(-0.36,-0.66,0.48) goal=none tracking_setpoint_enu=(-0.36,-0.66,0.78) setpoint_ned=none yaw(desired/cmd/rate)=(0.00/0.00/0.00) cross_track=0.00 frame_id=px4_ned path_points=0 odom_source=/mavros/local_position/odom cloud_source=none mavros_connected=true
[offboard_waypoint_node-1] [INFO] [1786266509.202947267] [offboard_waypoint_node]: [CONTROL_ARBITER] selected_source=safety_hold state=IDLE_HOLD
[ego_planner_node-10] [FSM]: state: WAIT_TARGET
[ego_planner_node-10] wait for goal or trigger.
[fastlio_bridge_node-2] [INFO] [1786266510.047959832] [fastlio_bridge_node]: 已桥接并转换里程计: ENU(-0.01, 0.00, -0.02) -> NED(0.01, 0.00, 0.02)
[offboard_waypoint_node-1] [INFO] [1786266510.152983336] [offboard_waypoint_node]: [HOLD_ERROR] position_error=0.029 velocity=0.006 state=IDLE_HOLD
[super_planner_ros2_node-6] [INFO] [1786266510.221150396] [super_planner_ros2_node]: SUPER_ROS2 mode=IDLE enable_output=false reason=NO_GOAL odom=(-0.36,-0.66,0.46) goal=none tracking_setpoint_enu=(-0.36,-0.66,0.78) setpoint_ned=none yaw(desired/cmd/rate)=(0.00/0.00/0.00) cross_track=0.00 frame_id=px4_ned path_points=0 odom_source=/mavros/local_position/odom cloud_source=none mavros_connected=true
[offboard_waypoint_node-1] [INFO] [1786266510.252888838] [offboard_waypoint_node]: [CONTROL_ARBITER] selected_source=safety_hold state=IDLE_HOLD
[ego_planner_node-10] [FSM]: state: WAIT_TARGET
[ego_planner_node-10] wait for goal or trigger.
[offboard_waypoint_node-1] [INFO] [1786266511.202924982] [offboard_waypoint_node]: [HOLD_ERROR] position_error=0.039 velocity=0.005 state=IDLE_HOLD
[super_planner_ros2_node-6] [INFO] [1786266511.221202352] [super_planner_ros2_node]: SUPER_ROS2 mode=IDLE enable_output=false reason=NO_GOAL odom=(-0.36,-0.66,0.45) goal=none tracking_setpoint_enu=(-0.36,-0.66,0.78) setpoint_ned=none yaw(desired/cmd/rate)=(0.00/0.00/0.00) cross_track=0.00 frame_id=px4_ned path_points=0 odom_source=/mavros/local_position/odom cloud_source=none mavros_connected=true
[offboard_waypoint_node-1] [INFO] [1786266511.252952676] [offboard_waypoint_node]: [CONTROL_ARBITER] selected_source=safety_hold state=IDLE_HOLD
[ego_planner_node-10] [FSM]: state: WAIT_TARGET
[ego_planner_node-10] wait for goal or trigger.
[super_planner_ros2_node-6] [INFO] [1786266512.221462967] [super_planner_ros2_node]: SUPER_ROS2 mode=IDLE enable_output=false reason=NO_GOAL odom=(-0.36,-0.66,0.45) goal=none tracking_setpoint_enu=(-0.36,-0.66,0.78) setpoint_ned=none yaw(desired/cmd/rate)=(0.00/0.00/0.00) cross_track=0.00 frame_id=px4_ned path_points=0 odom_source=/mavros/local_position/odom cloud_source=none mavros_connected=true
[offboard_waypoint_node-1] [INFO] [1786266512.252958829] [offboard_waypoint_node]: [HOLD_ERROR] position_error=0.047 velocity=0.006 state=IDLE_HOLD
[offboard_waypoint_node-1] [INFO] [1786266512.253058660] [offboard_waypoint_node]: [CONTROL_ARBITER] selected_source=safety_hold state=IDLE_HOLD
[ego_planner_node-10] [FSM]: state: WAIT_TARGET
[ego_planner_node-10] wait for goal or trigger.
[super_planner_ros2_node-6] [INFO] [1786266513.271312846] [super_planner_ros2_node]: SUPER_ROS2 mode=IDLE enable_output=false reason=NO_GOAL odom=(-0.36,-0.66,0.44) goal=none tracking_setpoint_enu=(-0.36,-0.66,0.78) setpoint_ned=none yaw(desired/cmd/rate)=(0.00/0.00/0.00) cross_track=0.00 frame_id=px4_ned path_points=0 odom_source=/mavros/local_position/odom cloud_source=none mavros_connected=true
[offboard_waypoint_node-1] [INFO] [1786266513.303043925] [offboard_waypoint_node]: [HOLD_ERROR] position_error=0.053 velocity=0.009 state=IDLE_HOLD
[offboard_waypoint_node-1] [INFO] [1786266513.303167208] [offboard_waypoint_node]: [CONTROL_ARBITER] selected_source=safety_hold state=IDLE_HOLD
[ego_planner_node-10] [FSM]: state: WAIT_TARGET
[ego_planner_node-10] wait for goal or trigger.
[super_planner_ros2_node-6] [INFO] [1786266514.321279593] [super_planner_ros2_node]: SUPER_ROS2 mode=IDLE enable_output=false reason=NO_GOAL odom=(-0.36,-0.66,0.43) goal=none tracking_setpoint_enu=(-0.36,-0.66,0.78) setpoint_ned=none yaw(desired/cmd/rate)=(0.00/0.00/0.00) cross_track=0.00 frame_id=px4_ned path_points=0 odom_source=/mavros/local_position/odom cloud_source=none mavros_connected=true
[offboard_waypoint_node-1] [INFO] [1786266514.352995433] [offboard_waypoint_node]: [HOLD_ERROR] position_error=0.060 velocity=0.005 state=IDLE_HOLD
[offboard_waypoint_node-1] [INFO] [1786266514.353132636] [offboard_waypoint_node]: [CONTROL_ARBITER] selected_source=safety_hold state=IDLE_HOLD
[mapping_manager_node-5] [INFO] [1786266514.437135155] [mapping_manager_node]: Mapping status: in_flight=false, map_loaded=false, map_saved=false
[ego_planner_node-10] [FSM]: state: WAIT_TARGET
[ego_planner_node-10] wait for goal or trigger.
[offboard_waypoint_node-1] [INFO] [1786266515.353321696] [offboard_waypoint_node]: [HOLD_ERROR] position_error=0.065 velocity=0.005 state=IDLE_HOLD
[offboard_waypoint_node-1] [INFO] [1786266515.353441515] [offboard_waypoint_node]: [CONTROL_ARBITER] selected_source=safety_hold state=IDLE_HOLD
[super_planner_ros2_node-6] [INFO] [1786266515.371497544] [super_planner_ros2_node]: SUPER_ROS2 mode=IDLE enable_output=false reason=NO_GOAL odom=(-0.36,-0.66,0.43) goal=none tracking_setpoint_enu=(-0.36,-0.66,0.78) setpoint_ned=none yaw(desired/cmd/rate)=(0.00/0.00/0.00) cross_track=0.00 frame_id=px4_ned path_points=0 odom_source=/mavros/local_position/odom cloud_source=none mavros_connected=true
[ego_planner_node-10] [FSM]: state: WAIT_TARGET
[ego_planner_node-10] wait for goal or trigger.
[offboard_waypoint_node-1] [INFO] [1786266516.402953021] [offboard_waypoint_node]: [HOLD_ERROR] position_error=0.067 velocity=0.002 state=IDLE_HOLD
[offboard_waypoint_node-1] [INFO] [1786266516.403017629] [offboard_waypoint_node]: [CONTROL_ARBITER] selected_source=safety_hold state=IDLE_HOLD
[super_planner_ros2_node-6] [INFO] [1786266516.421192317] [super_planner_ros2_node]: SUPER_ROS2 mode=IDLE enable_output=false reason=NO_GOAL odom=(-0.36,-0.66,0.43) goal=none tracking_setpoint_enu=(-0.36,-0.66,0.78) setpoint_ned=none yaw(desired/cmd/rate)=(0.00/0.00/0.00) cross_track=0.00 frame_id=px4_ned path_points=0 odom_source=/mavros/local_position/odom cloud_source=none mavros_connected=true
[ego_planner_node-10] [FSM]: state: WAIT_TARGET
[ego_planner_node-10] wait for goal or trigger.
[super_planner_ros2_node-6] [INFO] [1786266517.421786750] [super_planner_ros2_node]: SUPER_ROS2 mode=IDLE enable_output=false reason=NO_GOAL odom=(-0.36,-0.66,0.42) goal=none tracking_setpoint_enu=(-0.36,-0.66,0.78) setpoint_ned=none yaw(desired/cmd/rate)=(0.00/0.00/0.00) cross_track=0.00 frame_id=px4_ned path_points=0 odom_source=/mavros/local_position/odom cloud_source=none mavros_connected=true
[offboard_waypoint_node-1] [INFO] [1786266517.452964597] [offboard_waypoint_node]: [HOLD_ERROR] position_error=0.072 velocity=0.003 state=IDLE_HOLD
[offboard_waypoint_node-1] [INFO] [1786266517.453034256] [offboard_waypoint_node]: [CONTROL_ARBITER] selected_source=safety_hold state=IDLE_HOLD
[fastlio_bridge_node-2] [INFO] [1786266518.008056768] [fastlio_bridge_node]: 已桥接并转换里程计: ENU(-0.02, 0.01, -0.02) -> NED(0.02, 0.01, 0.02)
[fastlio_bridge_node-2] [INFO] [1786266518.016966801] [fastlio_bridge_node]: 已桥接并转换里程计: ENU(-0.02, 0.01, -0.02) -> NED(0.02, 0.01, 0.02)
[ego_planner_node-10] [FSM]: state: WAIT_TARGET
[ego_planner_node-10] wait for goal or trigger.
[super_planner_ros2_node-6] [INFO] [1786266518.471231576] [super_planner_ros2_node]: SUPER_ROS2 mode=IDLE enable_output=false reason=NO_GOAL odom=(-0.36,-0.66,0.42) goal=none tracking_setpoint_enu=(-0.36,-0.66,0.78) setpoint_ned=none yaw(desired/cmd/rate)=(0.00/0.00/0.00) cross_track=0.00 frame_id=px4_ned path_points=0 odom_source=/mavros/local_position/odom cloud_source=none mavros_connected=true
[offboard_waypoint_node-1] [INFO] [1786266518.503014204] [offboard_waypoint_node]: [HOLD_ERROR] position_error=0.074 velocity=0.003 state=IDLE_HOLD
[offboard_waypoint_node-1] [INFO] [1786266518.503150192] [offboard_waypoint_node]: [CONTROL_ARBITER] selected_source=safety_hold state=IDLE_HOLD
[ego_planner_node-10] [FSM]: state: WAIT_TARGET
[ego_planner_node-10] wait for goal or trigger.
[super_planner_ros2_node-6] [INFO] [1786266519.471302609] [super_planner_ros2_node]: SUPER_ROS2 mode=IDLE enable_output=false reason=NO_GOAL odom=(-0.36,-0.66,0.42) goal=none tracking_setpoint_enu=(-0.36,-0.66,0.78) setpoint_ned=none yaw(desired/cmd/rate)=(0.00/0.00/0.00) cross_track=0.00 frame_id=px4_ned path_points=0 odom_source=/mavros/local_position/odom cloud_source=none mavros_connected=true
[offboard_waypoint_node-1] [INFO] [1786266519.503053463] [offboard_waypoint_node]: [HOLD_ERROR] position_error=0.074 velocity=0.008 state=IDLE_HOLD
[offboard_waypoint_node-1] [INFO] [1786266519.503175249] [offboard_waypoint_node]: [CONTROL_ARBITER] selected_source=safety_hold state=IDLE_HOLD
[ego_planner_node-10] [FSM]: state: WAIT_TARGET
[ego_planner_node-10] wait for goal or trigger.
[super_planner_ros2_node-6] [INFO] [1786266520.521334693] [super_planner_ros2_node]: SUPER_ROS2 mode=IDLE enable_output=false reason=NO_GOAL odom=(-0.36,-0.66,0.42) goal=none tracking_setpoint_enu=(-0.36,-0.66,0.78) setpoint_ned=none yaw(desired/cmd/rate)=(0.00/0.00/0.00) cross_track=0.00 frame_id=px4_ned path_points=0 odom_source=/mavros/local_position/odom cloud_source=none mavros_connected=true
[offboard_waypoint_node-1] [INFO] [1786266520.553101614] [offboard_waypoint_node]: [HOLD_ERROR] position_error=0.071 velocity=0.005 state=IDLE_HOLD
[offboard_waypoint_node-1] [INFO] [1786266520.553229653] [offboard_waypoint_node]: [CONTROL_ARBITER] selected_source=safety_hold state=IDLE_HOLD
[ego_planner_node-10] [FSM]: state: WAIT_TARGET
[ego_planner_node-10] wait for goal or trigger.
[super_planner_ros2_node-6] [INFO] [1786266521.521342927] [super_planner_ros2_node]: SUPER_ROS2 mode=IDLE enable_output=false reason=NO_GOAL odom=(-0.36,-0.66,0.43) goal=none tracking_setpoint_enu=(-0.36,-0.66,0.78) setpoint_ned=none yaw(desired/cmd/rate)=(0.00/0.00/0.00) cross_track=0.00 frame_id=px4_ned path_points=0 odom_source=/mavros/local_position/odom cloud_source=none mavros_connected=true
[offboard_waypoint_node-1] [INFO] [1786266521.602969890] [offboard_waypoint_node]: [HOLD_ERROR] position_error=0.064 velocity=0.004 state=IDLE_HOLD
[offboard_waypoint_node-1] [INFO] [1786266521.603029122] [offboard_waypoint_node]: [CONTROL_ARBITER] selected_source=safety_hold state=IDLE_HOLD
[ego_planner_node-10] [FSM]: state: WAIT_TARGET
[ego_planner_node-10] wait for goal or trigger.
[fastlio_bridge_node-2] [INFO] [1786266522.078407117] [fastlio_bridge_node]: 已桥接并转换里程计: ENU(-0.01, 0.01, -0.02) -> NED(0.01, 0.01, 0.02)
[super_planner_ros2_node-6] [INFO] [1786266522.571348402] [super_planner_ros2_node]: SUPER_ROS2 mode=IDLE enable_output=false reason=NO_GOAL odom=(-0.36,-0.66,0.44) goal=none tracking_setpoint_enu=(-0.36,-0.66,0.78) setpoint_ned=none yaw(desired/cmd/rate)=(0.00/0.00/0.00) cross_track=0.00 frame_id=px4_ned path_points=0 odom_source=/mavros/local_position/odom cloud_source=none mavros_connected=true
[offboard_waypoint_node-1] [INFO] [1786266522.603102304] [offboard_waypoint_node]: [HOLD_ERROR] position_error=0.057 velocity=0.003 state=IDLE_HOLD
[offboard_waypoint_node-1] [INFO] [1786266522.603195604] [offboard_waypoint_node]: [CONTROL_ARBITER] selected_source=safety_hold state=IDLE_HOLD
[ego_planner_node-10] [FSM]: state: WAIT_TARGET
[ego_planner_node-10] wait for goal or trigger.
[super_planner_ros2_node-6] [INFO] [1786266523.621359198] [super_planner_ros2_node]: SUPER_ROS2 mode=IDLE enable_output=false reason=NO_GOAL odom=(-0.36,-0.66,0.45) goal=none tracking_setpoint_enu=(-0.36,-0.66,0.78) setpoint_ned=none yaw(desired/cmd/rate)=(0.00/0.00/0.00) cross_track=0.00 frame_id=px4_ned path_points=0 odom_source=/mavros/local_position/odom cloud_source=none mavros_connected=true
[offboard_waypoint_node-1] [INFO] [1786266523.653230353] [offboard_waypoint_node]: [HOLD_ERROR] position_error=0.046 velocity=0.002 state=IDLE_HOLD
[offboard_waypoint_node-1] [INFO] [1786266523.653302890] [offboard_waypoint_node]: [CONTROL_ARBITER] selected_source=safety_hold state=IDLE_HOLD
[ego_planner_node-10] [FSM]: state: WAIT_TARGET
[ego_planner_node-10] wait for goal or trigger.
[super_planner_ros2_node-6] [INFO] [1786266524.671314033] [super_planner_ros2_node]: SUPER_ROS2 mode=IDLE enable_output=false reason=NO_GOAL odom=(-0.36,-0.66,0.46) goal=none tracking_setpoint_enu=(-0.36,-0.66,0.78) setpoint_ned=none yaw(desired/cmd/rate)=(0.00/0.00/0.00) cross_track=0.00 frame_id=px4_ned path_points=0 odom_source=/mavros/local_position/odom cloud_source=none mavros_connected=true
[offboard_waypoint_node-1] [INFO] [1786266524.703100506] [offboard_waypoint_node]: [HOLD_ERROR] position_error=0.031 velocity=0.007 state=IDLE_HOLD
[offboard_waypoint_node-1] [INFO] [1786266524.703218425] [offboard_waypoint_node]: [CONTROL_ARBITER] selected_source=safety_hold state=IDLE_HOLD
[ego_planner_node-10] [FSM]: state: WAIT_TARGET
[ego_planner_node-10] wait for goal or trigger.
[offboard_waypoint_node-1] [INFO] [1786266525.703313757] [offboard_waypoint_node]: [HOLD_ERROR] position_error=0.013 velocity=0.003 state=IDLE_HOLD
[offboard_waypoint_node-1] [INFO] [1786266525.703570315] [offboard_waypoint_node]: [CONTROL_ARBITER] selected_source=safety_hold state=IDLE_HOLD
[super_planner_ros2_node-6] [INFO] [1786266525.721299377] [super_planner_ros2_node]: SUPER_ROS2 mode=IDLE enable_output=false reason=NO_GOAL odom=(-0.36,-0.66,0.48) goal=none tracking_setpoint_enu=(-0.36,-0.66,0.78) setpoint_ned=none yaw(desired/cmd/rate)=(0.00/0.00/0.00) cross_track=0.00 frame_id=px4_ned path_points=0 odom_source=/mavros/local_position/odom cloud_source=none mavros_connected=true
[fastlio_bridge_node-2] [INFO] [1786266526.077273355] [fastlio_bridge_node]: 已桥接并转换里程计: ENU(-0.01, 0.01, -0.03) -> NED(0.01, 0.01, 0.03)
[ego_planner_node-10] [FSM]: state: WAIT_TARGET
[ego_planner_node-10] wait for goal or trigger.
[super_planner_ros2_node-6] [INFO] [1786266526.721318660] [super_planner_ros2_node]: SUPER_ROS2 mode=IDLE enable_output=false reason=NO_GOAL odom=(-0.36,-0.66,0.50) goal=none tracking_setpoint_enu=(-0.36,-0.66,0.78) setpoint_ned=none yaw(desired/cmd/rate)=(0.00/0.00/0.00) cross_track=0.00 frame_id=px4_ned path_points=0 odom_source=/mavros/local_position/odom cloud_source=none mavros_connected=true
[offboard_waypoint_node-1] [INFO] [1786266526.753147675] [offboard_waypoint_node]: [HOLD_ERROR] position_error=0.008 velocity=0.004 state=IDLE_HOLD
[offboard_waypoint_node-1] [INFO] [1786266526.753238530] [offboard_waypoint_node]: [CONTROL_ARBITER] selected_source=safety_hold state=IDLE_HOLD
[ego_planner_node-10] [FSM]: state: WAIT_TARGET
[ego_planner_node-10] wait for goal or trigger.
[super_planner_ros2_node-6] [INFO] [1786266527.721473317] [super_planner_ros2_node]: SUPER_ROS2 mode=IDLE enable_output=false reason=NO_GOAL odom=(-0.36,-0.66,0.52) goal=none tracking_setpoint_enu=(-0.36,-0.66,0.78) setpoint_ned=none yaw(desired/cmd/rate)=(0.00/0.00/0.00) cross_track=0.00 frame_id=px4_ned path_points=0 odom_source=/mavros/local_position/odom cloud_source=none mavros_connected=true
[offboard_waypoint_node-1] [INFO] [1786266527.803177428] [offboard_waypoint_node]: [HOLD_ERROR] position_error=0.030 velocity=0.003 state=IDLE_HOLD
[offboard_waypoint_node-1] [INFO] [1786266527.803260546] [offboard_waypoint_node]: [CONTROL_ARBITER] selected_source=safety_hold state=IDLE_HOLD
[ego_planner_node-10] [FSM]: state: WAIT_TARGET
[ego_planner_node-10] wait for goal or trigger.
[super_planner_ros2_node-6] [INFO] [1786266528.771404390] [super_planner_ros2_node]: SUPER_ROS2 mode=IDLE enable_output=false reason=NO_GOAL odom=(-0.36,-0.66,0.55) goal=none tracking_setpoint_enu=(-0.36,-0.66,0.78) setpoint_ned=none yaw(desired/cmd/rate)=(0.00/0.00/0.00) cross_track=0.00 frame_id=px4_ned path_points=0 odom_source=/mavros/local_position/odom cloud_source=none mavros_connected=true
[offboard_waypoint_node-1] [INFO] [1786266528.853019465] [offboard_waypoint_node]: [HOLD_ERROR] position_error=0.055 velocity=0.005 state=IDLE_HOLD
[offboard_waypoint_node-1] [INFO] [1786266528.853091330] [offboard_waypoint_node]: [CONTROL_ARBITER] selected_source=safety_hold state=IDLE_HOLD
[ego_planner_node-10] [FSM]: state: WAIT_TARGET
[ego_planner_node-10] wait for goal or trigger.
[super_planner_ros2_node-6] [INFO] [1786266529.771788106] [super_planner_ros2_node]: SUPER_ROS2 mode=IDLE enable_output=false reason=NO_GOAL odom=(-0.36,-0.66,0.57) goal=none tracking_setpoint_enu=(-0.36,-0.66,0.78) setpoint_ned=none yaw(desired/cmd/rate)=(0.00/0.00/0.00) cross_track=0.00 frame_id=px4_ned path_points=0 odom_source=/mavros/local_position/odom cloud_source=none mavros_connected=true
[offboard_waypoint_node-1] [INFO] [1786266529.853032682] [offboard_waypoint_node]: [HOLD_ERROR] position_error=0.074 velocity=0.004 state=IDLE_HOLD
[offboard_waypoint_node-1] [INFO] [1786266529.853112623] [offboard_waypoint_node]: [CONTROL_ARBITER] selected_source=safety_hold state=IDLE_HOLD
[ego_planner_node-10] [FSM]: state: WAIT_TARGET
[ego_planner_node-10] wait for goal or trigger.
[super_planner_ros2_node-6] [INFO] [1786266530.821540944] [super_planner_ros2_node]: SUPER_ROS2 mode=IDLE enable_output=false reason=NO_GOAL odom=(-0.36,-0.66,0.59) goal=none tracking_setpoint_enu=(-0.36,-0.66,0.78) setpoint_ned=none yaw(desired/cmd/rate)=(0.00/0.00/0.00) cross_track=0.00 frame_id=px4_ned path_points=0 odom_source=/mavros/local_position/odom cloud_source=none mavros_connected=true
[offboard_waypoint_node-1] [INFO] [1786266530.853216538] [offboard_waypoint_node]: [HOLD_ERROR] position_error=0.095 velocity=0.003 state=IDLE_HOLD
[offboard_waypoint_node-1] [INFO] [1786266530.853482040] [offboard_waypoint_node]: [CONTROL_ARBITER] selected_source=safety_hold state=IDLE_HOLD
[ego_planner_node-10] [FSM]: state: WAIT_TARGET
[ego_planner_node-10] wait for goal or trigger.
[super_planner_ros2_node-6] [INFO] [1786266531.871433128] [super_planner_ros2_node]: SUPER_ROS2 mode=IDLE enable_output=false reason=NO_GOAL odom=(-0.36,-0.66,0.61) goal=none tracking_setpoint_enu=(-0.36,-0.66,0.78) setpoint_ned=none yaw(desired/cmd/rate)=(0.00/0.00/0.00) cross_track=0.00 frame_id=px4_ned path_points=0 odom_source=/mavros/local_position/odom cloud_source=none mavros_connected=true
[offboard_waypoint_node-1] [INFO] [1786266531.903260229] [offboard_waypoint_node]: [HOLD_ERROR] position_error=0.117 velocity=0.005 state=IDLE_HOLD
[offboard_waypoint_node-1] [INFO] [1786266531.903407981] [offboard_waypoint_node]: [CONTROL_ARBITER] selected_source=safety_hold state=IDLE_HOLD
[ego_planner_node-10] [FSM]: state: WAIT_TARGET
[ego_planner_node-10] wait for goal or trigger.
[super_planner_ros2_node-6] [INFO] [1786266532.921362303] [super_planner_ros2_node]: SUPER_ROS2 mode=IDLE enable_output=false reason=NO_GOAL odom=(-0.36,-0.66,0.63) goal=none tracking_setpoint_enu=(-0.36,-0.66,0.78) setpoint_ned=none yaw(desired/cmd/rate)=(0.00/0.00/0.00) cross_track=0.00 frame_id=px4_ned path_points=0 odom_source=/mavros/local_position/odom cloud_source=none mavros_connected=true
[offboard_waypoint_node-1] [INFO] [1786266532.953132870] [offboard_waypoint_node]: [HOLD_ERROR] position_error=0.136 velocity=0.002 state=IDLE_HOLD
[offboard_waypoint_node-1] [INFO] [1786266532.953405421] [offboard_waypoint_node]: [CONTROL_ARBITER] selected_source=safety_hold state=IDLE_HOLD
[ego_planner_node-10] [FSM]: state: WAIT_TARGET
[ego_planner_node-10] wait for goal or trigger.
[super_planner_ros2_node-6] [INFO] [1786266533.971410662] [super_planner_ros2_node]: SUPER_ROS2 mode=IDLE enable_output=false reason=NO_GOAL odom=(-0.36,-0.66,0.64) goal=none tracking_setpoint_enu=(-0.36,-0.66,0.78) setpoint_ned=none yaw(desired/cmd/rate)=(0.00/0.00/0.00) cross_track=0.00 frame_id=px4_ned path_points=0 odom_source=/mavros/local_position/odom cloud_source=none mavros_connected=true
[offboard_waypoint_node-1] [INFO] [1786266534.003147314] [offboard_waypoint_node]: [HOLD_ERROR] position_error=0.150 velocity=0.003 state=IDLE_HOLD
[offboard_waypoint_node-1] [INFO] [1786266534.003269019] [offboard_waypoint_node]: [CONTROL_ARBITER] selected_source=safety_hold state=IDLE_HOLD
[fastlio_bridge_node-2] [INFO] [1786266534.038606439] [fastlio_bridge_node]: 已桥接并转换里程计: ENU(-0.01, 0.01, -0.03) -> NED(0.01, 0.01, 0.03)
[fastlio_bridge_node-2] [INFO] [1786266534.046892445] [fastlio_bridge_node]: 已桥接并转换里程计: ENU(-0.01, 0.01, -0.03) -> NED(0.01, 0.01, 0.03)
[ego_planner_node-10] [FSM]: state: WAIT_TARGET
[ego_planner_node-10] wait for goal or trigger.
[super_planner_ros2_node-6] [INFO] [1786266534.971416390] [super_planner_ros2_node]: SUPER_ROS2 mode=IDLE enable_output=false reason=NO_GOAL odom=(-0.36,-0.66,0.65) goal=none tracking_setpoint_enu=(-0.36,-0.66,0.78) setpoint_ned=none yaw(desired/cmd/rate)=(0.00/0.00/0.00) cross_track=0.00 frame_id=px4_ned path_points=0 odom_source=/mavros/local_position/odom cloud_source=none mavros_connected=true
[offboard_waypoint_node-1] [INFO] [1786266535.003178096] [offboard_waypoint_node]: [HOLD_ERROR] position_error=0.160 velocity=0.001 state=IDLE_HOLD
[offboard_waypoint_node-1] [INFO] [1786266535.053169978] [offboard_waypoint_node]: [CONTROL_ARBITER] selected_source=safety_hold state=IDLE_HOLD
[ego_planner_node-10] [FSM]: state: WAIT_TARGET
[ego_planner_node-10] wait for goal or trigger.
[offboard_waypoint_node-1] [INFO] [1786266536.003263822] [offboard_waypoint_node]: [HOLD_ERROR] position_error=0.170 velocity=0.004 state=IDLE_HOLD
[super_planner_ros2_node-6] [INFO] [1786266536.021473186] [super_planner_ros2_node]: SUPER_ROS2 mode=IDLE enable_output=false reason=NO_GOAL odom=(-0.36,-0.66,0.66) goal=none tracking_setpoint_enu=(-0.36,-0.66,0.78) setpoint_ned=none yaw(desired/cmd/rate)=(0.00/0.00/0.00) cross_track=0.00 frame_id=px4_ned path_points=0 odom_source=/mavros/local_position/odom cloud_source=none mavros_connected=true
[offboard_waypoint_node-1] [INFO] [1786266536.053382853] [offboard_waypoint_node]: [CONTROL_ARBITER] selected_source=safety_hold state=IDLE_HOLD
[ego_planner_node-10] [FSM]: state: WAIT_TARGET
[ego_planner_node-10] wait for goal or trigger.
[super_planner_ros2_node-6] [INFO] [1786266537.021604820] [super_planner_ros2_node]: SUPER_ROS2 mode=IDLE enable_output=false reason=NO_GOAL odom=(-0.36,-0.66,0.68) goal=none tracking_setpoint_enu=(-0.36,-0.66,0.78) setpoint_ned=none yaw(desired/cmd/rate)=(0.00/0.00/0.00) cross_track=0.00 frame_id=px4_ned path_points=0 odom_source=/mavros/local_position/odom cloud_source=none mavros_connected=true
[offboard_waypoint_node-1] [INFO] [1786266537.053130658] [offboard_waypoint_node]: [HOLD_ERROR] position_error=0.186 velocity=0.005 state=IDLE_HOLD
[offboard_waypoint_node-1] [INFO] [1786266537.103355867] [offboard_waypoint_node]: [CONTROL_ARBITER] selected_source=safety_hold state=IDLE_HOLD
[ego_planner_node-10] [FSM]: state: WAIT_TARGET
[ego_planner_node-10] wait for goal or trigger.
[fastlio_bridge_node-2] [INFO] [1786266538.036748408] [fastlio_bridge_node]: 已桥接并转换里程计: ENU(-0.01, 0.02, -0.03) -> NED(0.01, 0.02, 0.03)
[offboard_waypoint_node-1] [INFO] [1786266538.053545573] [offboard_waypoint_node]: [HOLD_ERROR] position_error=0.201 velocity=0.005 state=IDLE_HOLD
[super_planner_ros2_node-6] [INFO] [1786266538.071574316] [super_planner_ros2_node]: SUPER_ROS2 mode=IDLE enable_output=false reason=NO_GOAL odom=(-0.36,-0.66,0.69) goal=none tracking_setpoint_enu=(-0.36,-0.66,0.78) setpoint_ned=none yaw(desired/cmd/rate)=(0.00/0.00/0.00) cross_track=0.00 frame_id=px4_ned path_points=0 odom_source=/mavros/local_position/odom cloud_source=none mavros_connected=true
[offboard_waypoint_node-1] [INFO] [1786266538.153231676] [offboard_waypoint_node]: [CONTROL_ARBITER] selected_source=safety_hold state=IDLE_HOLD
[ego_planner_node-10] [FSM]: state: WAIT_TARGET
[ego_planner_node-10] wait for goal or trigger.
[offboard_waypoint_node-1] [INFO] [1786266539.103203302] [offboard_waypoint_node]: [HOLD_ERROR] position_error=0.217 velocity=0.003 state=IDLE_HOLD
[super_planner_ros2_node-6] [INFO] [1786266539.121492916] [super_planner_ros2_node]: SUPER_ROS2 mode=IDLE enable_output=false reason=NO_GOAL odom=(-0.36,-0.66,0.71) goal=none tracking_setpoint_enu=(-0.36,-0.66,0.78) setpoint_ned=none yaw(desired/cmd/rate)=(0.00/0.00/0.00) cross_track=0.00 frame_id=px4_ned path_points=0 odom_source=/mavros/local_position/odom cloud_source=none mavros_connected=true
[offboard_waypoint_node-1] [INFO] [1786266539.203141120] [offboard_waypoint_node]: [CONTROL_ARBITER] selected_source=safety_hold state=IDLE_HOLD
[ego_planner_node-10] [FSM]: state: WAIT_TARGET
[ego_planner_node-10] wait for goal or trigger.
[offboard_waypoint_node-1] [INFO] [1786266540.103244942] [offboard_waypoint_node]: [HOLD_ERROR] position_error=0.229 velocity=0.006 state=IDLE_HOLD
[super_planner_ros2_node-6] [INFO] [1786266540.171500585] [super_planner_ros2_node]: SUPER_ROS2 mode=IDLE enable_output=false reason=NO_GOAL odom=(-0.36,-0.66,0.72) goal=none tracking_setpoint_enu=(-0.36,-0.66,0.78) setpoint_ned=none yaw(desired/cmd/rate)=(0.00/0.00/0.00) cross_track=0.00 frame_id=px4_ned path_points=0 odom_source=/mavros/local_position/odom cloud_source=none mavros_connected=true
[offboard_waypoint_node-1] [INFO] [1786266540.203483229] [offboard_waypoint_node]: [CONTROL_ARBITER] selected_source=safety_hold state=IDLE_HOLD
[ego_planner_node-10] [FSM]: state: WAIT_TARGET
[ego_planner_node-10] wait for goal or trigger.
[offboard_waypoint_node-1] [INFO] [1786266541.103276791] [offboard_waypoint_node]: [HOLD_ERROR] position_error=0.240 velocity=0.007 state=IDLE_HOLD
[super_planner_ros2_node-6] [INFO] [1786266541.221458067] [super_planner_ros2_node]: SUPER_ROS2 mode=IDLE enable_output=false reason=NO_GOAL odom=(-0.36,-0.66,0.73) goal=none tracking_setpoint_enu=(-0.36,-0.66,0.78) setpoint_ned=none yaw(desired/cmd/rate)=(0.00/0.00/0.00) cross_track=0.00 frame_id=px4_ned path_points=0 odom_source=/mavros/local_position/odom cloud_source=none mavros_connected=true
[offboard_waypoint_node-1] [INFO] [1786266541.253433498] [offboard_waypoint_node]: [CONTROL_ARBITER] selected_source=safety_hold state=IDLE_HOLD
[ego_planner_node-10] [FSM]: state: WAIT_TARGET
[ego_planner_node-10] wait for goal or trigger.
[fastlio_bridge_node-2] [INFO] [1786266542.047500716] [fastlio_bridge_node]: 已桥接并转换里程计: ENU(-0.01, 0.01, -0.03) -> NED(0.01, 0.01, 0.03)
[fastlio_bridge_node-2] [INFO] [1786266542.058159949] [fastlio_bridge_node]: 已桥接并转换里程计: ENU(-0.01, 0.01, -0.03) -> NED(0.01, 0.01, 0.03)
[fastlio_bridge_node-2] [INFO] [1786266542.066722053] [fastlio_bridge_node]: 已桥接并转换里程计: ENU(-0.01, 0.01, -0.03) -> NED(0.01, 0.01, 0.03)
[offboard_waypoint_node-1] [INFO] [1786266542.153391348] [offboard_waypoint_node]: [HOLD_ERROR] position_error=0.255 velocity=0.003 state=IDLE_HOLD
[super_planner_ros2_node-6] [INFO] [1786266542.221464874] [super_planner_ros2_node]: SUPER_ROS2 mode=IDLE enable_output=false reason=NO_GOAL odom=(-0.36,-0.66,0.75) goal=none tracking_setpoint_enu=(-0.36,-0.66,0.78) setpoint_ned=none yaw(desired/cmd/rate)=(0.00/0.00/0.00) cross_track=0.00 frame_id=px4_ned path_points=0 odom_source=/mavros/local_position/odom cloud_source=none mavros_connected=true
[offboard_waypoint_node-1] [INFO] [1786266542.303330580] [offboard_waypoint_node]: [CONTROL_ARBITER] selected_source=safety_hold state=IDLE_HOLD
[ego_planner_node-10] [FSM]: state: WAIT_TARGET
[ego_planner_node-10] wait for goal or trigger.
[offboard_waypoint_node-1] [INFO] [1786266543.203204001] [offboard_waypoint_node]: [HOLD_ERROR] position_error=0.273 velocity=0.002 state=IDLE_HOLD
[super_planner_ros2_node-6] [INFO] [1786266543.221552223] [super_planner_ros2_node]: SUPER_ROS2 mode=IDLE enable_output=false reason=NO_GOAL odom=(-0.36,-0.66,0.77) goal=none tracking_setpoint_enu=(-0.36,-0.66,0.78) setpoint_ned=none yaw(desired/cmd/rate)=(0.00/0.00/0.00) cross_track=0.00 frame_id=px4_ned path_points=0 odom_source=/mavros/local_position/odom cloud_source=none mavros_connected=true
[ego_planner_node-10] [FSM]: state: WAIT_TARGET
[ego_planner_node-10] wait for goal or trigger.
[offboard_waypoint_node-1] [INFO] [1786266543.353223294] [offboard_waypoint_node]: [CONTROL_ARBITER] selected_source=safety_hold state=IDLE_HOLD
[fastlio_bridge_node-2] [INFO] [1786266544.017570875] [fastlio_bridge_node]: 已桥接并转换里程计: ENU(-0.01, 0.01, -0.02) -> NED(0.01, 0.01, 0.02)
[fastlio_bridge_node-2] [INFO] [1786266544.027001487] [fastlio_bridge_node]: 已桥接并转换里程计: ENU(-0.01, 0.01, -0.02) -> NED(0.01, 0.01, 0.02)
[offboard_waypoint_node-1] [INFO] [1786266544.203219475] [offboard_waypoint_node]: [HOLD_ERROR] position_error=0.288 velocity=0.004 state=IDLE_HOLD
[super_planner_ros2_node-6] [INFO] [1786266544.271503058] [super_planner_ros2_node]: SUPER_ROS2 mode=IDLE enable_output=false reason=NO_GOAL odom=(-0.36,-0.66,0.78) goal=none tracking_setpoint_enu=(-0.36,-0.66,0.78) setpoint_ned=none yaw(desired/cmd/rate)=(0.00/0.00/0.00) cross_track=0.00 frame_id=px4_ned path_points=0 odom_source=/mavros/local_position/odom cloud_source=none mavros_connected=true
[ego_planner_node-10] [FSM]: state: WAIT_TARGET
[ego_planner_node-10] wait for goal or trigger.
[offboard_waypoint_node-1] [INFO] [1786266544.353236374] [offboard_waypoint_node]: [CONTROL_ARBITER] selected_source=safety_hold state=IDLE_HOLD
[mapping_manager_node-5] [INFO] [1786266544.437285375] [mapping_manager_node]: Mapping status: in_flight=false, map_loaded=false, map_saved=false
[offboard_waypoint_node-1] [INFO] [1786266545.203231706] [offboard_waypoint_node]: [HOLD_ERROR] position_error=0.305 velocity=0.004 state=IDLE_HOLD
[super_planner_ros2_node-6] [INFO] [1786266545.271572810] [super_planner_ros2_node]: SUPER_ROS2 mode=IDLE enable_output=false reason=NO_GOAL odom=(-0.36,-0.66,0.80) goal=none tracking_setpoint_enu=(-0.36,-0.66,0.78) setpoint_ned=none yaw(desired/cmd/rate)=(0.00/0.00/0.00) cross_track=0.00 frame_id=px4_ned path_points=0 odom_source=/mavros/local_position/odom cloud_source=none mavros_connected=true
[ego_planner_node-10] [FSM]: state: WAIT_TARGET
[ego_planner_node-10] wait for goal or trigger.
[offboard_waypoint_node-1] [INFO] [1786266545.353436607] [offboard_waypoint_node]: [CONTROL_ARBITER] selected_source=safety_hold state=IDLE_HOLD
[fastlio_bridge_node-2] [INFO] [1786266546.069049215] [fastlio_bridge_node]: 已桥接并转换里程计: ENU(-0.01, 0.01, -0.03) -> NED(0.01, 0.01, 0.03)
[fastlio_bridge_node-2] [INFO] [1786266546.077794034] [fastlio_bridge_node]: 已桥接并转换里程计: ENU(-0.01, 0.01, -0.03) -> NED(0.01, 0.01, 0.03)
[offboard_waypoint_node-1] [INFO] [1786266546.203280236] [offboard_waypoint_node]: [HOLD_ERROR] position_error=0.318 velocity=0.003 state=IDLE_HOLD
[super_planner_ros2_node-6] [INFO] [1786266546.321522795] [super_planner_ros2_node]: SUPER_ROS2 mode=IDLE enable_output=false reason=NO_GOAL odom=(-0.36,-0.66,0.81) goal=none tracking_setpoint_enu=(-0.36,-0.66,0.78) setpoint_ned=none yaw(desired/cmd/rate)=(0.00/0.00/0.00) cross_track=0.00 frame_id=px4_ned path_points=0 odom_source=/mavros/local_position/odom cloud_source=none mavros_connected=true
[ego_planner_node-10] [FSM]: state: WAIT_TARGET
[ego_planner_node-10] wait for goal or trigger.
[offboard_waypoint_node-1] [INFO] [1786266546.403231390] [offboard_waypoint_node]: [CONTROL_ARBITER] selected_source=safety_hold state=IDLE_HOLD
[offboard_waypoint_node-1] [INFO] [1786266547.203288713] [offboard_waypoint_node]: [HOLD_ERROR] position_error=0.332 velocity=0.003 state=IDLE_HOLD
[super_planner_ros2_node-6] [INFO] [1786266547.371676286] [super_planner_ros2_node]: SUPER_ROS2 mode=IDLE enable_output=false reason=NO_GOAL odom=(-0.36,-0.66,0.83) goal=none tracking_setpoint_enu=(-0.36,-0.66,0.78) setpoint_ned=none yaw(desired/cmd/rate)=(0.00/0.00/0.00) cross_track=0.00 frame_id=px4_ned path_points=0 odom_source=/mavros/local_position/odom cloud_source=none mavros_connected=true
[ego_planner_node-10] [FSM]: state: WAIT_TARGET
[ego_planner_node-10] wait for goal or trigger.
[offboard_waypoint_node-1] [INFO] [1786266547.403272813] [offboard_waypoint_node]: [CONTROL_ARBITER] selected_source=safety_hold state=IDLE_HOLD
[offboard_waypoint_node-1] [INFO] [1786266548.253219138] [offboard_waypoint_node]: [HOLD_ERROR] position_error=0.345 velocity=0.003 state=IDLE_HOLD
[ego_planner_node-10] [FSM]: state: WAIT_TARGET
[ego_planner_node-10] wait for goal or trigger.
[super_planner_ros2_node-6] [INFO] [1786266548.421474468] [super_planner_ros2_node]: SUPER_ROS2 mode=IDLE enable_output=false reason=NO_GOAL odom=(-0.36,-0.66,0.84) goal=none tracking_setpoint_enu=(-0.36,-0.66,0.78) setpoint_ned=none yaw(desired/cmd/rate)=(0.00/0.00/0.00) cross_track=0.00 frame_id=px4_ned path_points=0 odom_source=/mavros/local_position/odom cloud_source=none mavros_connected=true
[offboard_waypoint_node-1] [INFO] [1786266548.453283220] [offboard_waypoint_node]: [CONTROL_ARBITER] selected_source=safety_hold state=IDLE_HOLD
[offboard_waypoint_node-1] [INFO] [1786266549.253242995] [offboard_waypoint_node]: [HOLD_ERROR] position_error=0.356 velocity=0.003 state=IDLE_HOLD
[ego_planner_node-10] [FSM]: state: WAIT_TARGET
[ego_planner_node-10] wait for goal or trigger.
[super_planner_ros2_node-6] [INFO] [1786266549.421518140] [super_planner_ros2_node]: SUPER_ROS2 mode=IDLE enable_output=false reason=NO_GOAL odom=(-0.36,-0.66,0.85) goal=none tracking_setpoint_enu=(-0.36,-0.66,0.78) setpoint_ned=none yaw(desired/cmd/rate)=(0.00/0.00/0.00) cross_track=0.00 frame_id=px4_ned path_points=0 odom_source=/mavros/local_position/odom cloud_source=none mavros_connected=true
[offboard_waypoint_node-1] [INFO] [1786266549.453503676] [offboard_waypoint_node]: [CONTROL_ARBITER] selected_source=safety_hold state=IDLE_HOLD
[fastlio_bridge_node-2] [INFO] [1786266550.018723908] [fastlio_bridge_node]: 已桥接并转换里程计: ENU(-0.01, 0.02, -0.03) -> NED(0.01, 0.02, 0.03)
[offboard_waypoint_node-1] [INFO] [1786266550.253278555] [offboard_waypoint_node]: [HOLD_ERROR] position_error=0.363 velocity=0.005 state=IDLE_HOLD
[ego_planner_node-10] [FSM]: state: WAIT_TARGET
[ego_planner_node-10] wait for goal or trigger.
[super_planner_ros2_node-6] [INFO] [1786266550.421560363] [super_planner_ros2_node]: SUPER_ROS2 mode=IDLE enable_output=false reason=NO_GOAL odom=(-0.36,-0.66,0.86) goal=none tracking_setpoint_enu=(-0.36,-0.66,0.78) setpoint_ned=none yaw(desired/cmd/rate)=(0.00/0.00/0.00) cross_track=0.00 frame_id=px4_ned path_points=0 odom_source=/mavros/local_position/odom cloud_source=none mavros_connected=true
[offboard_waypoint_node-1] [INFO] [1786266550.503334449] [offboard_waypoint_node]: [CONTROL_ARBITER] selected_source=safety_hold state=IDLE_HOLD
[offboard_waypoint_node-1] [INFO] [1786266551.303331074] [offboard_waypoint_node]: [HOLD_ERROR] position_error=0.370 velocity=0.005 state=IDLE_HOLD
[ego_planner_node-10] [FSM]: state: WAIT_TARGET
[ego_planner_node-10] wait for goal or trigger.
[super_planner_ros2_node-6] [INFO] [1786266551.471656203] [super_planner_ros2_node]: SUPER_ROS2 mode=IDLE enable_output=false reason=NO_GOAL odom=(-0.36,-0.66,0.86) goal=none tracking_setpoint_enu=(-0.36,-0.66,0.78) setpoint_ned=none yaw(desired/cmd/rate)=(0.00/0.00/0.00) cross_track=0.00 frame_id=px4_ned path_points=0 odom_source=/mavros/local_position/odom cloud_source=none mavros_connected=true
[offboard_waypoint_node-1] [INFO] [1786266551.553293395] [offboard_waypoint_node]: [CONTROL_ARBITER] selected_source=safety_hold state=IDLE_HOLD
[offboard_waypoint_node-1] [INFO] [1786266552.353357779] [offboard_waypoint_node]: [HOLD_ERROR] position_error=0.380 velocity=0.004 state=IDLE_HOLD
[ego_planner_node-10] [FSM]: state: WAIT_TARGET
[ego_planner_node-10] wait for goal or trigger.
[super_planner_ros2_node-6] [INFO] [1786266552.521544366] [super_planner_ros2_node]: SUPER_ROS2 mode=IDLE enable_output=false reason=NO_GOAL odom=(-0.36,-0.66,0.87) goal=none tracking_setpoint_enu=(-0.36,-0.66,0.78) setpoint_ned=none yaw(desired/cmd/rate)=(0.00/0.00/0.00) cross_track=0.00 frame_id=px4_ned path_points=0 odom_source=/mavros/local_position/odom cloud_source=none mavros_connected=true
[offboard_waypoint_node-1] [INFO] [1786266552.553309528] [offboard_waypoint_node]: [CONTROL_ARBITER] selected_source=safety_hold state=IDLE_HOLD
[offboard_waypoint_node-1] [INFO] [1786266553.403326532] [offboard_waypoint_node]: [HOLD_ERROR] position_error=0.385 velocity=0.004 state=IDLE_HOLD
[ego_planner_node-10] [FSM]: state: WAIT_TARGET
[ego_planner_node-10] wait for goal or trigger.
[super_planner_ros2_node-6] [INFO] [1786266553.521650633] [super_planner_ros2_node]: SUPER_ROS2 mode=IDLE enable_output=false reason=NO_GOAL odom=(-0.36,-0.66,0.88) goal=none tracking_setpoint_enu=(-0.36,-0.66,0.78) setpoint_ned=none yaw(desired/cmd/rate)=(0.00/0.00/0.00) cross_track=0.00 frame_id=px4_ned path_points=0 odom_source=/mavros/local_position/odom cloud_source=none mavros_connected=true
[offboard_waypoint_node-1] [INFO] [1786266553.603347546] [offboard_waypoint_node]: [CONTROL_ARBITER] selected_source=safety_hold state=IDLE_HOLD
[fastlio_bridge_node-2] [INFO] [1786266554.081273560] [fastlio_bridge_node]: 已桥接并转换里程计: ENU(-0.00, 0.00, -0.02) -> NED(0.00, 0.00, 0.02)
[fastlio_bridge_node-2] [INFO] [1786266554.090101471] [fastlio_bridge_node]: 已桥接并转换里程计: ENU(-0.00, 0.00, -0.02) -> NED(0.00, 0.00, 0.02)
[offboard_waypoint_node-1] [INFO] [1786266554.403425437] [offboard_waypoint_node]: [HOLD_ERROR] position_error=0.388 velocity=0.002 state=IDLE_HOLD
[ego_planner_node-10] [FSM]: state: WAIT_TARGET
[ego_planner_node-10] wait for goal or trigger.
[super_planner_ros2_node-6] [INFO] [1786266554.571572636] [super_planner_ros2_node]: SUPER_ROS2 mode=IDLE enable_output=false reason=NO_GOAL odom=(-0.36,-0.66,0.88) goal=none tracking_setpoint_enu=(-0.36,-0.66,0.78) setpoint_ned=none yaw(desired/cmd/rate)=(0.00/0.00/0.00) cross_track=0.00 frame_id=px4_ned path_points=0 odom_source=/mavros/local_position/odom cloud_source=none mavros_connected=true
[offboard_waypoint_node-1] [INFO] [1786266554.603352633] [offboard_waypoint_node]: [CONTROL_ARBITER] selected_source=safety_hold state=IDLE_HOLD
[offboard_waypoint_node-1] [INFO] [1786266555.403436914] [offboard_waypoint_node]: [HOLD_ERROR] position_error=0.393 velocity=0.003 state=IDLE_HOLD
[ego_planner_node-10] [FSM]: state: WAIT_TARGET
[ego_planner_node-10] wait for goal or trigger.
[super_planner_ros2_node-6] [INFO] [1786266555.571627985] [super_planner_ros2_node]: SUPER_ROS2 mode=IDLE enable_output=false reason=NO_GOAL odom=(-0.36,-0.66,0.89) goal=none tracking_setpoint_enu=(-0.36,-0.66,0.78) setpoint_ned=none yaw(desired/cmd/rate)=(0.00/0.00/0.00) cross_track=0.00 frame_id=px4_ned path_points=0 odom_source=/mavros/local_position/odom cloud_source=none mavros_connected=true
[offboard_waypoint_node-1] [INFO] [1786266555.603388032] [offboard_waypoint_node]: [CONTROL_ARBITER] selected_source=safety_hold state=IDLE_HOLD
[fastlio_bridge_node-2] [INFO] [1786266556.076784763] [fastlio_bridge_node]: 已桥接并转换里程计: ENU(-0.01, 0.01, -0.03) -> NED(0.01, 0.01, 0.03)
[offboard_waypoint_node-1] [INFO] [1786266556.453326693] [offboard_waypoint_node]: [HOLD_ERROR] position_error=0.396 velocity=0.005 state=IDLE_HOLD
[ego_planner_node-10] [FSM]: state: WAIT_TARGET
[ego_planner_node-10] wait for goal or trigger.
[super_planner_ros2_node-6] [INFO] [1786266556.571696592] [super_planner_ros2_node]: SUPER_ROS2 mode=IDLE enable_output=false reason=NO_GOAL odom=(-0.36,-0.66,0.89) goal=none tracking_setpoint_enu=(-0.36,-0.66,0.78) setpoint_ned=none yaw(desired/cmd/rate)=(0.00/0.00/0.00) cross_track=0.00 frame_id=px4_ned path_points=0 odom_source=/mavros/local_position/odom cloud_source=none mavros_connected=true
[offboard_waypoint_node-1] [INFO] [1786266556.603546769] [offboard_waypoint_node]: [CONTROL_ARBITER] selected_source=safety_hold state=IDLE_HOLD
[offboard_waypoint_node-1] [INFO] [1786266557.503342406] [offboard_waypoint_node]: [HOLD_ERROR] position_error=0.399 velocity=0.001 state=IDLE_HOLD
[ego_planner_node-10] [FSM]: state: WAIT_TARGET
[ego_planner_node-10] wait for goal or trigger.
[super_planner_ros2_node-6] [INFO] [1786266557.621673831] [super_planner_ros2_node]: SUPER_ROS2 mode=IDLE enable_output=false reason=NO_GOAL odom=(-0.36,-0.66,0.89) goal=none tracking_setpoint_enu=(-0.36,-0.66,0.78) setpoint_ned=none yaw(desired/cmd/rate)=(0.00/0.00/0.00) cross_track=0.00 frame_id=px4_ned path_points=0 odom_source=/mavros/local_position/odom cloud_source=none mavros_connected=true
[offboard_waypoint_node-1] [INFO] [1786266557.653351781] [offboard_waypoint_node]: [CONTROL_ARBITER] selected_source=safety_hold state=IDLE_HOLD
[offboard_waypoint_node-1] [INFO] [1786266558.503580886] [offboard_waypoint_node]: [HOLD_ERROR] position_error=0.400 velocity=0.004 state=IDLE_HOLD
[ego_planner_node-10] [FSM]: state: WAIT_TARGET
[ego_planner_node-10] wait for goal or trigger.
[offboard_waypoint_node-1] [INFO] [1786266558.653514633] [offboard_waypoint_node]: [CONTROL_ARBITER] selected_source=safety_hold state=IDLE_HOLD
[super_planner_ros2_node-6] [INFO] [1786266558.671708120] [super_planner_ros2_node]: SUPER_ROS2 mode=IDLE enable_output=false reason=NO_GOAL odom=(-0.36,-0.66,0.89) goal=none tracking_setpoint_enu=(-0.36,-0.66,0.78) setpoint_ned=none yaw(desired/cmd/rate)=(0.00/0.00/0.00) cross_track=0.00 frame_id=px4_ned path_points=0 odom_source=/mavros/local_position/odom cloud_source=none mavros_connected=true
[ego_planner_node-10] [FSM]: state: WAIT_TARGET
[ego_planner_node-10] wait for goal or trigger.
[offboard_waypoint_node-1] [INFO] [1786266559.553335477] [offboard_waypoint_node]: [HOLD_ERROR] position_error=0.397 velocity=0.005 state=IDLE_HOLD
[offboard_waypoint_node-1] [INFO] [1786266559.703462193] [offboard_waypoint_node]: [CONTROL_ARBITER] selected_source=safety_hold state=IDLE_HOLD
[super_planner_ros2_node-6] [INFO] [1786266559.721691367] [super_planner_ros2_node]: SUPER_ROS2 mode=IDLE enable_output=false reason=NO_GOAL odom=(-0.36,-0.66,0.89) goal=none tracking_setpoint_enu=(-0.36,-0.66,0.78) setpoint_ned=none yaw(desired/cmd/rate)=(0.00/0.00/0.00) cross_track=0.00 frame_id=px4_ned path_points=0 odom_source=/mavros/local_position/odom cloud_source=none mavros_connected=true
[fastlio_bridge_node-2] [INFO] [1786266560.087451412] [fastlio_bridge_node]: 已桥接并转换里程计: ENU(-0.00, 0.01, -0.03) -> NED(0.00, 0.01, 0.03)
[fastlio_bridge_node-2] [INFO] [1786266560.097732403] [fastlio_bridge_node]: 已桥接并转换里程计: ENU(-0.00, 0.01, -0.03) -> NED(0.00, 0.01, 0.03)
[ego_planner_node-10] [FSM]: state: WAIT_TARGET
[ego_planner_node-10] wait for goal or trigger.
[offboard_waypoint_node-1] [INFO] [1786266560.553361784] [offboard_waypoint_node]: [HOLD_ERROR] position_error=0.393 velocity=0.001 state=IDLE_HOLD
[offboard_waypoint_node-1] [INFO] [1786266560.703479013] [offboard_waypoint_node]: [CONTROL_ARBITER] selected_source=safety_hold state=IDLE_HOLD
[super_planner_ros2_node-6] [INFO] [1786266560.771631068] [super_planner_ros2_node]: SUPER_ROS2 mode=IDLE enable_output=false reason=NO_GOAL odom=(-0.36,-0.66,0.88) goal=none tracking_setpoint_enu=(-0.36,-0.66,0.78) setpoint_ned=none yaw(desired/cmd/rate)=(0.00/0.00/0.00) cross_track=0.00 frame_id=px4_ned path_points=0 odom_source=/mavros/local_position/odom cloud_source=none mavros_connected=true
[offboard_waypoint_node-1] [INFO] [1786266561.553447325] [offboard_waypoint_node]: [HOLD_ERROR] position_error=0.386 velocity=0.003 state=IDLE_HOLD
[ego_planner_node-10] [FSM]: state: WAIT_TARGET
[ego_planner_node-10] wait for goal or trigger.
[offboard_waypoint_node-1] [INFO] [1786266561.753363465] [offboard_waypoint_node]: [CONTROL_ARBITER] selected_source=safety_hold state=IDLE_HOLD
[super_planner_ros2_node-6] [INFO] [1786266561.771747057] [super_planner_ros2_node]: SUPER_ROS2 mode=IDLE enable_output=false reason=NO_GOAL odom=(-0.36,-0.66,0.88) goal=none tracking_setpoint_enu=(-0.36,-0.66,0.78) setpoint_ned=none yaw(desired/cmd/rate)=(0.00/0.00/0.00) cross_track=0.00 frame_id=px4_ned path_points=0 odom_source=/mavros/local_position/odom cloud_source=none mavros_connected=true
[ego_planner_node-10] [FSM]: state: WAIT_TARGET
[ego_planner_node-10] wait for goal or trigger.
[offboard_waypoint_node-1] [INFO] [1786266562.603584920] [offboard_waypoint_node]: [HOLD_ERROR] position_error=0.378 velocity=0.006 state=IDLE_HOLD
[offboard_waypoint_node-1] [INFO] [1786266562.803407076] [offboard_waypoint_node]: [CONTROL_ARBITER] selected_source=safety_hold state=IDLE_HOLD
[super_planner_ros2_node-6] [INFO] [1786266562.821649179] [super_planner_ros2_node]: SUPER_ROS2 mode=IDLE enable_output=false reason=NO_GOAL odom=(-0.36,-0.66,0.87) goal=none tracking_setpoint_enu=(-0.36,-0.66,0.78) setpoint_ned=none yaw(desired/cmd/rate)=(0.00/0.00/0.00) cross_track=0.00 frame_id=px4_ned path_points=0 odom_source=/mavros/local_position/odom cloud_source=none mavros_connected=true
[ego_planner_node-10] [FSM]: state: WAIT_TARGET
[ego_planner_node-10] wait for goal or trigger.
[offboard_waypoint_node-1] [INFO] [1786266563.653846799] [offboard_waypoint_node]: [HOLD_ERROR] position_error=0.375 velocity=0.001 state=IDLE_HOLD
[super_planner_ros2_node-6] [INFO] [1786266563.821681816] [super_planner_ros2_node]: SUPER_ROS2 mode=IDLE enable_output=false reason=NO_GOAL odom=(-0.36,-0.66,0.87) goal=none tracking_setpoint_enu=(-0.36,-0.66,0.78) setpoint_ned=none yaw(desired/cmd/rate)=(0.00/0.00/0.00) cross_track=0.00 frame_id=px4_ned path_points=0 odom_source=/mavros/local_position/odom cloud_source=none mavros_connected=true
[offboard_waypoint_node-1] [INFO] [1786266563.853415384] [offboard_waypoint_node]: [CONTROL_ARBITER] selected_source=safety_hold state=IDLE_HOLD
[fastlio_bridge_node-2] [INFO] [1786266564.097599654] [fastlio_bridge_node]: 已桥接并转换里程计: ENU(-0.01, 0.01, -0.03) -> NED(0.01, 0.01, 0.03)
[ego_planner_node-10] [FSM]: state: WAIT_TARGET
[ego_planner_node-10] wait for goal or trigger.
[offboard_waypoint_node-1] [INFO] [1786266564.703771133] [offboard_waypoint_node]: [HOLD_ERROR] position_error=0.374 velocity=0.004 state=IDLE_HOLD
[super_planner_ros2_node-6] [INFO] [1786266564.821683949] [super_planner_ros2_node]: SUPER_ROS2 mode=IDLE enable_output=false reason=NO_GOAL odom=(-0.36,-0.66,0.87) goal=none tracking_setpoint_enu=(-0.36,-0.66,0.78) setpoint_ned=none yaw(desired/cmd/rate)=(0.00/0.00/0.00) cross_track=0.00 frame_id=px4_ned path_points=0 odom_source=/mavros/local_position/odom cloud_source=none mavros_connected=true
[offboard_waypoint_node-1] [INFO] [1786266564.853433244] [offboard_waypoint_node]: [CONTROL_ARBITER] selected_source=safety_hold state=IDLE_HOLD
[ego_planner_node-10] [FSM]: state: WAIT_TARGET
[ego_planner_node-10] wait for goal or trigger.
[offboard_waypoint_node-1] [INFO] [1786266565.753474726] [offboard_waypoint_node]: [HOLD_ERROR] position_error=0.372 velocity=0.007 state=IDLE_HOLD
[super_planner_ros2_node-6] [INFO] [1786266565.821727790] [super_planner_ros2_node]: SUPER_ROS2 mode=IDLE enable_output=false reason=NO_GOAL odom=(-0.36,-0.66,0.86) goal=none tracking_setpoint_enu=(-0.36,-0.66,0.78) setpoint_ned=none yaw(desired/cmd/rate)=(0.00/0.00/0.00) cross_track=0.00 frame_id=px4_ned path_points=0 odom_source=/mavros/local_position/odom cloud_source=none mavros_connected=true
[offboard_waypoint_node-1] [INFO] [1786266565.853729302] [offboard_waypoint_node]: [CONTROL_ARBITER] selected_source=safety_hold state=IDLE_HOLD
[fastlio_bridge_node-2] [INFO] [1786266566.008142248] [fastlio_bridge_node]: 已桥接并转换里程计: ENU(-0.01, 0.01, -0.03) -> NED(0.01, 0.01, 0.03)
[fastlio_bridge_node-2] [INFO] [1786266566.016618249] [fastlio_bridge_node]: 已桥接并转换里程计: ENU(-0.01, 0.01, -0.03) -> NED(0.01, 0.01, 0.03)
[fastlio_bridge_node-2] [INFO] [1786266566.078116296] [fastlio_bridge_node]: 已桥接并转换里程计: ENU(-0.00, 0.01, -0.03) -> NED(0.00, 0.01, 0.03)
[ego_planner_node-10] [FSM]: state: WAIT_TARGET
[ego_planner_node-10] wait for goal or trigger.
[offboard_waypoint_node-1] [INFO] [1786266566.803534575] [offboard_waypoint_node]: [HOLD_ERROR] position_error=0.367 velocity=0.006 state=IDLE_HOLD
[super_planner_ros2_node-6] [INFO] [1786266566.821782151] [super_planner_ros2_node]: SUPER_ROS2 mode=IDLE enable_output=false reason=NO_GOAL odom=(-0.36,-0.66,0.86) goal=none tracking_setpoint_enu=(-0.36,-0.66,0.78) setpoint_ned=none yaw(desired/cmd/rate)=(0.00/0.00/0.00) cross_track=0.00 frame_id=px4_ned path_points=0 odom_source=/mavros/local_position/odom cloud_source=none mavros_connected=true
[offboard_waypoint_node-1] [INFO] [1786266566.903489916] [offboard_waypoint_node]: [CONTROL_ARBITER] selected_source=safety_hold state=IDLE_HOLD
[ego_planner_node-10] [FSM]: state: WAIT_TARGET
[ego_planner_node-10] wait for goal or trigger.
[offboard_waypoint_node-1] [INFO] [1786266567.803868201] [offboard_waypoint_node]: [HOLD_ERROR] position_error=0.361 velocity=0.006 state=IDLE_HOLD
[super_planner_ros2_node-6] [INFO] [1786266567.821828118] [super_planner_ros2_node]: SUPER_ROS2 mode=IDLE enable_output=false reason=NO_GOAL odom=(-0.36,-0.65,0.85) goal=none tracking_setpoint_enu=(-0.36,-0.65,0.78) setpoint_ned=none yaw(desired/cmd/rate)=(0.00/0.00/0.00) cross_track=0.00 frame_id=px4_ned path_points=0 odom_source=/mavros/local_position/odom cloud_source=none mavros_connected=true
[offboard_waypoint_node-1] [INFO] [1786266567.903528422] [offboard_waypoint_node]: [CONTROL_ARBITER] selected_source=safety_hold state=IDLE_HOLD
[ego_planner_node-10] [FSM]: state: WAIT_TARGET
[ego_planner_node-10] wait for goal or trigger.
[offboard_waypoint_node-1] [INFO] [1786266568.853451699] [offboard_waypoint_node]: [HOLD_ERROR] position_error=0.351 velocity=0.002 state=IDLE_HOLD
[super_planner_ros2_node-6] [INFO] [1786266568.871748699] [super_planner_ros2_node]: SUPER_ROS2 mode=IDLE enable_output=false reason=NO_GOAL odom=(-0.36,-0.66,0.84) goal=none tracking_setpoint_enu=(-0.36,-0.66,0.78) setpoint_ned=none yaw(desired/cmd/rate)=(0.00/0.00/0.00) cross_track=0.00 frame_id=px4_ned path_points=0 odom_source=/mavros/local_position/odom cloud_source=none mavros_connected=true
[offboard_waypoint_node-1] [INFO] [1786266568.953477630] [offboard_waypoint_node]: [CONTROL_ARBITER] selected_source=safety_hold state=IDLE_HOLD
[ego_planner_node-10] [FSM]: state: WAIT_TARGET
[ego_planner_node-10] wait for goal or trigger.
[offboard_waypoint_node-1] [INFO] [1786266569.853578005] [offboard_waypoint_node]: [HOLD_ERROR] position_error=0.340 velocity=0.002 state=IDLE_HOLD
[super_planner_ros2_node-6] [INFO] [1786266569.871800858] [super_planner_ros2_node]: SUPER_ROS2 mode=IDLE enable_output=false reason=NO_GOAL odom=(-0.36,-0.66,0.83) goal=none tracking_setpoint_enu=(-0.36,-0.66,0.78) setpoint_ned=none yaw(desired/cmd/rate)=(0.00/0.00/0.00) cross_track=0.00 frame_id=px4_ned path_points=0 odom_source=/mavros/local_position/odom cloud_source=none mavros_connected=true
[offboard_waypoint_node-1] [INFO] [1786266569.953530258] [offboard_waypoint_node]: [CONTROL_ARBITER] selected_source=safety_hold state=IDLE_HOLD
[fastlio_bridge_node-2] [INFO] [1786266570.037766466] [fastlio_bridge_node]: 已桥接并转换里程计: ENU(-0.00, 0.01, -0.04) -> NED(0.00, 0.01, 0.04)
[ego_planner_node-10] [FSM]: state: WAIT_TARGET
[ego_planner_node-10] wait for goal or trigger.
[super_planner_ros2_node-6] [INFO] [1786266570.871930248] [super_planner_ros2_node]: SUPER_ROS2 mode=IDLE enable_output=false reason=NO_GOAL odom=(-0.36,-0.66,0.83) goal=none tracking_setpoint_enu=(-0.36,-0.66,0.78) setpoint_ned=none yaw(desired/cmd/rate)=(0.00/0.00/0.00) cross_track=0.00 frame_id=px4_ned path_points=0 odom_source=/mavros/local_position/odom cloud_source=none mavros_connected=true
[offboard_waypoint_node-1] [INFO] [1786266570.903593424] [offboard_waypoint_node]: [HOLD_ERROR] position_error=0.333 velocity=0.003 state=IDLE_HOLD
[offboard_waypoint_node-1] [INFO] [1786266571.003496660] [offboard_waypoint_node]: [CONTROL_ARBITER] selected_source=safety_hold state=IDLE_HOLD
[ego_planner_node-10] [FSM]: state: WAIT_TARGET
[ego_planner_node-10] wait for goal or trigger.
[super_planner_ros2_node-6] [INFO] [1786266571.921794730] [super_planner_ros2_node]: SUPER_ROS2 mode=IDLE enable_output=false reason=NO_GOAL odom=(-0.36,-0.66,0.82) goal=none tracking_setpoint_enu=(-0.36,-0.66,0.78) setpoint_ned=none yaw(desired/cmd/rate)=(0.00/0.00/0.00) cross_track=0.00 frame_id=px4_ned path_points=0 odom_source=/mavros/local_position/odom cloud_source=none mavros_connected=true
[offboard_waypoint_node-1] [INFO] [1786266571.953505048] [offboard_waypoint_node]: [HOLD_ERROR] position_error=0.323 velocity=0.003 state=IDLE_HOLD
[offboard_waypoint_node-1] [INFO] [1786266572.003518393] [offboard_waypoint_node]: [CONTROL_ARBITER] selected_source=safety_hold state=IDLE_HOLD
[fastlio_bridge_node-2] [INFO] [1786266572.026945678] [fastlio_bridge_node]: 已桥接并转换里程计: ENU(-0.01, 0.01, -0.03) -> NED(0.01, 0.01, 0.03)
[fastlio_bridge_node-2] [INFO] [1786266572.037216288] [fastlio_bridge_node]: 已桥接并转换里程计: ENU(-0.01, 0.02, -0.03) -> NED(0.01, 0.02, 0.03)
[ego_planner_node-10] [FSM]: state: WAIT_TARGET
[ego_planner_node-10] wait for goal or trigger.
[offboard_waypoint_node-1] [INFO] [1786266572.953514874] [offboard_waypoint_node]: [HOLD_ERROR] position_error=0.317 velocity=0.000 state=IDLE_HOLD
[super_planner_ros2_node-6] [INFO] [1786266572.971961388] [super_planner_ros2_node]: SUPER_ROS2 mode=IDLE enable_output=false reason=NO_GOAL odom=(-0.36,-0.66,0.81) goal=none tracking_setpoint_enu=(-0.36,-0.66,0.78) setpoint_ned=none yaw(desired/cmd/rate)=(0.00/0.00/0.00) cross_track=0.00 frame_id=px4_ned path_points=0 odom_source=/mavros/local_position/odom cloud_source=none mavros_connected=true
[offboard_waypoint_node-1] [INFO] [1786266573.003533666] [offboard_waypoint_node]: [CONTROL_ARBITER] selected_source=safety_hold state=IDLE_HOLD
[ego_planner_node-10] [FSM]: state: WAIT_TARGET
[ego_planner_node-10] wait for goal or trigger.
[offboard_waypoint_node-1] [INFO] [1786266573.953725786] [offboard_waypoint_node]: [HOLD_ERROR] position_error=0.307 velocity=0.002 state=IDLE_HOLD
[offboard_waypoint_node-1] [INFO] [1786266574.003598923] [offboard_waypoint_node]: [CONTROL_ARBITER] selected_source=safety_hold state=IDLE_HOLD
[super_planner_ros2_node-6] [INFO] [1786266574.021801683] [super_planner_ros2_node]: SUPER_ROS2 mode=IDLE enable_output=false reason=NO_GOAL odom=(-0.36,-0.66,0.80) goal=none tracking_setpoint_enu=(-0.36,-0.66,0.78) setpoint_ned=none yaw(desired/cmd/rate)=(0.00/0.00/0.00) cross_track=0.00 frame_id=px4_ned path_points=0 odom_source=/mavros/local_position/odom cloud_source=none mavros_connected=true
[mapping_manager_node-5] [INFO] [1786266574.437651342] [mapping_manager_node]: Mapping status: in_flight=false, map_loaded=false, map_saved=false
[ego_planner_node-10] [FSM]: state: WAIT_TARGET
[ego_planner_node-10] wait for goal or trigger.
[offboard_waypoint_node-1] [INFO] [1786266575.003598167] [offboard_waypoint_node]: [HOLD_ERROR] position_error=0.300 velocity=0.002 state=IDLE_HOLD
[offboard_waypoint_node-1] [INFO] [1786266575.003714340] [offboard_waypoint_node]: [CONTROL_ARBITER] selected_source=safety_hold state=IDLE_HOLD
[super_planner_ros2_node-6] [INFO] [1786266575.071778790] [super_planner_ros2_node]: SUPER_ROS2 mode=IDLE enable_output=false reason=NO_GOAL odom=(-0.36,-0.66,0.79) goal=none tracking_setpoint_enu=(-0.36,-0.66,0.78) setpoint_ned=none yaw(desired/cmd/rate)=(0.00/0.00/0.00) cross_track=0.00 frame_id=px4_ned path_points=0 odom_source=/mavros/local_position/odom cloud_source=none mavros_connected=true
[ego_planner_node-10] [FSM]: state: WAIT_TARGET
[ego_planner_node-10] wait for goal or trigger.
[fastlio_bridge_node-2] [INFO] [1786266576.007433990] [fastlio_bridge_node]: 已桥接并转换里程计: ENU(0.01, -0.01, -0.01) -> NED(-0.01, -0.01, 0.01)
[offboard_waypoint_node-1] [INFO] [1786266576.053480306] [offboard_waypoint_node]: [HOLD_ERROR] position_error=0.297 velocity=0.004 state=IDLE_HOLD
[offboard_waypoint_node-1] [INFO] [1786266576.053540475] [offboard_waypoint_node]: [CONTROL_ARBITER] selected_source=safety_hold state=IDLE_HOLD
[fastlio_bridge_node-2] [INFO] [1786266576.057881301] [fastlio_bridge_node]: 已桥接并转换里程计: ENU(-0.00, 0.01, -0.03) -> NED(0.00, 0.01, 0.03)
[super_planner_ros2_node-6] [INFO] [1786266576.071834806] [super_planner_ros2_node]: SUPER_ROS2 mode=IDLE enable_output=false reason=NO_GOAL odom=(-0.36,-0.66,0.79) goal=none tracking_setpoint_enu=(-0.36,-0.66,0.78) setpoint_ned=none yaw(desired/cmd/rate)=(0.00/0.00/0.00) cross_track=0.00 frame_id=px4_ned path_points=0 odom_source=/mavros/local_position/odom cloud_source=none mavros_connected=true
[ego_planner_node-10] [FSM]: state: WAIT_TARGET
[ego_planner_node-10] wait for goal or trigger.
[offboard_waypoint_node-1] [INFO] [1786266577.053556744] [offboard_waypoint_node]: [HOLD_ERROR] position_error=0.292 velocity=0.002 state=IDLE_HOLD
[offboard_waypoint_node-1] [INFO] [1786266577.053638107] [offboard_waypoint_node]: [CONTROL_ARBITER] selected_source=safety_hold state=IDLE_HOLD
[super_planner_ros2_node-6] [INFO] [1786266577.121774629] [super_planner_ros2_node]: SUPER_ROS2 mode=IDLE enable_output=false reason=NO_GOAL odom=(-0.36,-0.66,0.78) goal=none tracking_setpoint_enu=(-0.36,-0.66,0.78) setpoint_ned=none yaw(desired/cmd/rate)=(0.00/0.00/0.00) cross_track=0.00 frame_id=px4_ned path_points=0 odom_source=/mavros/local_position/odom cloud_source=none mavros_connected=true
[ego_planner_node-10] [FSM]: state: WAIT_TARGET
[ego_planner_node-10] wait for goal or trigger.
[fastlio_bridge_node-2] [INFO] [1786266578.007170267] [fastlio_bridge_node]: 已桥接并转换里程计: ENU(-0.01, 0.01, -0.03) -> NED(0.01, 0.01, 0.03)
[fastlio_bridge_node-2] [INFO] [1786266578.017453775] [fastlio_bridge_node]: 已桥接并转换里程计: ENU(-0.01, 0.01, -0.03) -> NED(0.01, 0.01, 0.03)
[fastlio_bridge_node-2] [INFO] [1786266578.027212228] [fastlio_bridge_node]: 已桥接并转换里程计: ENU(-0.01, 0.01, -0.03) -> NED(0.01, 0.01, 0.03)
[fastlio_bridge_node-2] [INFO] [1786266578.068437538] [fastlio_bridge_node]: 已桥接并转换里程计: ENU(-0.01, 0.02, -0.03) -> NED(0.01, 0.02, 0.03)
[offboard_waypoint_node-1] [INFO] [1786266578.103771821] [offboard_waypoint_node]: [HOLD_ERROR] position_error=0.287 velocity=0.003 state=IDLE_HOLD
[offboard_waypoint_node-1] [INFO] [1786266578.103934982] [offboard_waypoint_node]: [CONTROL_ARBITER] selected_source=safety_hold state=IDLE_HOLD
[super_planner_ros2_node-6] [INFO] [1786266578.171832994] [super_planner_ros2_node]: SUPER_ROS2 mode=IDLE enable_output=false reason=NO_GOAL odom=(-0.36,-0.66,0.78) goal=none tracking_setpoint_enu=(-0.36,-0.66,0.78) setpoint_ned=none yaw(desired/cmd/rate)=(0.00/0.00/0.00) cross_track=0.00 frame_id=px4_ned path_points=0 odom_source=/mavros/local_position/odom cloud_source=none mavros_connected=true
[ego_planner_node-10] [FSM]: state: WAIT_TARGET
[ego_planner_node-10] wait for goal or trigger.
[offboard_waypoint_node-1] [INFO] [1786266579.153567248] [offboard_waypoint_node]: [HOLD_ERROR] position_error=0.283 velocity=0.002 state=IDLE_HOLD
[offboard_waypoint_node-1] [INFO] [1786266579.153647555] [offboard_waypoint_node]: [CONTROL_ARBITER] selected_source=safety_hold state=IDLE_HOLD
[super_planner_ros2_node-6] [INFO] [1786266579.171885549] [super_planner_ros2_node]: SUPER_ROS2 mode=IDLE enable_output=false reason=NO_GOAL odom=(-0.36,-0.66,0.78) goal=none tracking_setpoint_enu=(-0.36,-0.66,0.78) setpoint_ned=none yaw(desired/cmd/rate)=(0.00/0.00/0.00) cross_track=0.00 frame_id=px4_ned path_points=0 odom_source=/mavros/local_position/odom cloud_source=none mavros_connected=true
[ego_planner_node-10] [FSM]: state: WAIT_TARGET
[ego_planner_node-10] wait for goal or trigger.
[fastlio_bridge_node-2] [INFO] [1786266580.067618260] [fastlio_bridge_node]: 已桥接并转换里程计: ENU(-0.01, 0.02, -0.04) -> NED(0.01, 0.02, 0.04)
[fastlio_bridge_node-2] [INFO] [1786266580.076925022] [fastlio_bridge_node]: 已桥接并转换里程计: ENU(-0.01, 0.02, -0.03) -> NED(0.01, 0.02, 0.03)
[offboard_waypoint_node-1] [INFO] [1786266580.203741337] [offboard_waypoint_node]: [HOLD_ERROR] position_error=0.280 velocity=0.005 state=IDLE_HOLD
[offboard_waypoint_node-1] [INFO] [1786266580.203844644] [offboard_waypoint_node]: [CONTROL_ARBITER] selected_source=safety_hold state=IDLE_HOLD
[super_planner_ros2_node-6] [INFO] [1786266580.221857983] [super_planner_ros2_node]: SUPER_ROS2 mode=IDLE enable_output=false reason=NO_GOAL odom=(-0.36,-0.66,0.77) goal=none tracking_setpoint_enu=(-0.36,-0.66,0.78) setpoint_ned=none yaw(desired/cmd/rate)=(0.00/0.00/0.00) cross_track=0.00 frame_id=px4_ned path_points=0 odom_source=/mavros/local_position/odom cloud_source=none mavros_connected=true
[ego_planner_node-10] [FSM]: state: WAIT_TARGET
[ego_planner_node-10] wait for goal or trigger.
[offboard_waypoint_node-1] [INFO] [1786266581.253543680] [offboard_waypoint_node]: [HOLD_ERROR] position_error=0.275 velocity=0.003 state=IDLE_HOLD
[offboard_waypoint_node-1] [INFO] [1786266581.253605530] [offboard_waypoint_node]: [CONTROL_ARBITER] selected_source=safety_hold state=IDLE_HOLD
[super_planner_ros2_node-6] [INFO] [1786266581.271853651] [super_planner_ros2_node]: SUPER_ROS2 mode=IDLE enable_output=false reason=NO_GOAL odom=(-0.36,-0.66,0.77) goal=none tracking_setpoint_enu=(-0.36,-0.66,0.78) setpoint_ned=none yaw(desired/cmd/rate)=(0.00/0.00/0.00) cross_track=0.00 frame_id=px4_ned path_points=0 odom_source=/mavros/local_position/odom cloud_source=none mavros_connected=true
[ego_planner_node-10] [FSM]: state: WAIT_TARGET
[ego_planner_node-10] wait for goal or trigger.
[offboard_waypoint_node-1] [INFO] [1786266582.253564462] [offboard_waypoint_node]: [HOLD_ERROR] position_error=0.270 velocity=0.003 state=IDLE_HOLD
[offboard_waypoint_node-1] [INFO] [1786266582.253628587] [offboard_waypoint_node]: [CONTROL_ARBITER] selected_source=safety_hold state=IDLE_HOLD
[super_planner_ros2_node-6] [INFO] [1786266582.271896815] [super_planner_ros2_node]: SUPER_ROS2 mode=IDLE enable_output=false reason=NO_GOAL odom=(-0.36,-0.66,0.76) goal=none tracking_setpoint_enu=(-0.36,-0.66,0.78) setpoint_ned=none yaw(desired/cmd/rate)=(0.00/0.00/0.00) cross_track=0.00 frame_id=px4_ned path_points=0 odom_source=/mavros/local_position/odom cloud_source=none mavros_connected=true
[ego_planner_node-10] [FSM]: state: WAIT_TARGET
[ego_planner_node-10] wait for goal or trigger.
[offboard_waypoint_node-1] [INFO] [1786266583.253611287] [offboard_waypoint_node]: [HOLD_ERROR] position_error=0.263 velocity=0.006 state=IDLE_HOLD
[offboard_waypoint_node-1] [INFO] [1786266583.253691360] [offboard_waypoint_node]: [CONTROL_ARBITER] selected_source=safety_hold state=IDLE_HOLD
[super_planner_ros2_node-6] [INFO] [1786266583.321918990] [super_planner_ros2_node]: SUPER_ROS2 mode=IDLE enable_output=false reason=NO_GOAL odom=(-0.36,-0.66,0.76) goal=none tracking_setpoint_enu=(-0.36,-0.66,0.78) setpoint_ned=none yaw(desired/cmd/rate)=(0.00/0.00/0.00) cross_track=0.00 frame_id=px4_ned path_points=0 odom_source=/mavros/local_position/odom cloud_source=none mavros_connected=true
[ego_planner_node-10] [FSM]: state: WAIT_TARGET
[ego_planner_node-10] wait for goal or trigger.
[offboard_waypoint_node-1] [INFO] [1786266584.303619038] [offboard_waypoint_node]: [HOLD_ERROR] position_error=0.257 velocity=0.006 state=IDLE_HOLD
[offboard_waypoint_node-1] [INFO] [1786266584.303694621] [offboard_waypoint_node]: [CONTROL_ARBITER] selected_source=safety_hold state=IDLE_HOLD
[super_planner_ros2_node-6] [INFO] [1786266584.371976149] [super_planner_ros2_node]: SUPER_ROS2 mode=IDLE enable_output=false reason=NO_GOAL odom=(-0.36,-0.66,0.75) goal=none tracking_setpoint_enu=(-0.36,-0.66,0.78) setpoint_ned=none yaw(desired/cmd/rate)=(0.00/0.00/0.00) cross_track=0.00 frame_id=px4_ned path_points=0 odom_source=/mavros/local_position/odom cloud_source=none mavros_connected=true
[ego_planner_node-10] [FSM]: state: WAIT_TARGET
[ego_planner_node-10] wait for goal or trigger.
[offboard_waypoint_node-1] [INFO] [1786266585.303696668] [offboard_waypoint_node]: [HOLD_ERROR] position_error=0.249 velocity=0.004 state=IDLE_HOLD
[offboard_waypoint_node-1] [INFO] [1786266585.303757411] [offboard_waypoint_node]: [CONTROL_ARBITER] selected_source=safety_hold state=IDLE_HOLD
[super_planner_ros2_node-6] [INFO] [1786266585.421842365] [super_planner_ros2_node]: SUPER_ROS2 mode=IDLE enable_output=false reason=NO_GOAL odom=(-0.36,-0.66,0.74) goal=none tracking_setpoint_enu=(-0.36,-0.66,0.78) setpoint_ned=none yaw(desired/cmd/rate)=(0.00/0.00/0.00) cross_track=0.00 frame_id=px4_ned path_points=0 odom_source=/mavros/local_position/odom cloud_source=none mavros_connected=true
[ego_planner_node-10] [FSM]: state: WAIT_TARGET
[ego_planner_node-10] wait for goal or trigger.
[offboard_waypoint_node-1] [INFO] [1786266586.303770485] [offboard_waypoint_node]: [HOLD_ERROR] position_error=0.244 velocity=0.004 state=IDLE_HOLD
[offboard_waypoint_node-1] [INFO] [1786266586.303889663] [offboard_waypoint_node]: [CONTROL_ARBITER] selected_source=safety_hold state=IDLE_HOLD
[super_planner_ros2_node-6] [INFO] [1786266586.421880206] [super_planner_ros2_node]: SUPER_ROS2 mode=IDLE enable_output=false reason=NO_GOAL odom=(-0.36,-0.66,0.74) goal=none tracking_setpoint_enu=(-0.36,-0.66,0.78) setpoint_ned=none yaw(desired/cmd/rate)=(0.00/0.00/0.00) cross_track=0.00 frame_id=px4_ned path_points=0 odom_source=/mavros/local_position/odom cloud_source=none mavros_connected=true
[ego_planner_node-10] [FSM]: state: WAIT_TARGET
[ego_planner_node-10] wait for goal or trigger.
[offboard_waypoint_node-1] [INFO] [1786266587.303810838] [offboard_waypoint_node]: [HOLD_ERROR] position_error=0.240 velocity=0.002 state=IDLE_HOLD
[offboard_waypoint_node-1] [INFO] [1786266587.303910586] [offboard_waypoint_node]: [CONTROL_ARBITER] selected_source=safety_hold state=IDLE_HOLD
[super_planner_ros2_node-6] [INFO] [1786266587.421930256] [super_planner_ros2_node]: SUPER_ROS2 mode=IDLE enable_output=false reason=NO_GOAL odom=(-0.36,-0.66,0.73) goal=none tracking_setpoint_enu=(-0.36,-0.66,0.78) setpoint_ned=none yaw(desired/cmd/rate)=(0.00/0.00/0.00) cross_track=0.00 frame_id=px4_ned path_points=0 odom_source=/mavros/local_position/odom cloud_source=none mavros_connected=true
[ego_planner_node-10] [FSM]: state: WAIT_TARGET
[ego_planner_node-10] wait for goal or trigger.
[offboard_waypoint_node-1] [INFO] [1786266588.353620551] [offboard_waypoint_node]: [HOLD_ERROR] position_error=0.238 velocity=0.006 state=IDLE_HOLD
[offboard_waypoint_node-1] [INFO] [1786266588.353693357] [offboard_waypoint_node]: [CONTROL_ARBITER] selected_source=safety_hold state=IDLE_HOLD
[super_planner_ros2_node-6] [INFO] [1786266588.422144291] [super_planner_ros2_node]: SUPER_ROS2 mode=IDLE enable_output=false reason=NO_GOAL odom=(-0.36,-0.66,0.73) goal=none tracking_setpoint_enu=(-0.36,-0.66,0.78) setpoint_ned=none yaw(desired/cmd/rate)=(0.00/0.00/0.00) cross_track=0.00 frame_id=px4_ned path_points=0 odom_source=/mavros/local_position/odom cloud_source=none mavros_connected=true
[ego_planner_node-10] [FSM]: state: WAIT_TARGET
[ego_planner_node-10] wait for goal or trigger.
[offboard_waypoint_node-1] [INFO] [1786266589.353637417] [offboard_waypoint_node]: [HOLD_ERROR] position_error=0.240 velocity=0.009 state=IDLE_HOLD
[offboard_waypoint_node-1] [INFO] [1786266589.353712974] [offboard_waypoint_node]: [CONTROL_ARBITER] selected_source=safety_hold state=IDLE_HOLD
[super_planner_ros2_node-6] [INFO] [1786266589.472129809] [super_planner_ros2_node]: SUPER_ROS2 mode=IDLE enable_output=false reason=NO_GOAL odom=(-0.36,-0.65,0.73) goal=none tracking_setpoint_enu=(-0.36,-0.65,0.78) setpoint_ned=none yaw(desired/cmd/rate)=(0.00/0.00/0.00) cross_track=0.00 frame_id=px4_ned path_points=0 odom_source=/mavros/local_position/odom cloud_source=none mavros_connected=true
[ego_planner_node-10] [FSM]: state: WAIT_TARGET
[ego_planner_node-10] wait for goal or trigger.
[fastlio_bridge_node-2] [INFO] [1786266590.087650803] [fastlio_bridge_node]: 已桥接并转换里程计: ENU(-0.00, 0.01, -0.04) -> NED(0.00, 0.01, 0.04)
[fastlio_bridge_node-2] [INFO] [1786266590.095983191] [fastlio_bridge_node]: 已桥接并转换里程计: ENU(-0.00, 0.01, -0.04) -> NED(0.00, 0.01, 0.04)
[offboard_waypoint_node-1] [INFO] [1786266590.353784923] [offboard_waypoint_node]: [HOLD_ERROR] position_error=0.244 velocity=0.005 state=IDLE_HOLD
[offboard_waypoint_node-1] [INFO] [1786266590.354036755] [offboard_waypoint_node]: [CONTROL_ARBITER] selected_source=safety_hold state=IDLE_HOLD
[super_planner_ros2_node-6] [INFO] [1786266590.521977948] [super_planner_ros2_node]: SUPER_ROS2 mode=IDLE enable_output=false reason=NO_GOAL odom=(-0.36,-0.66,0.74) goal=none tracking_setpoint_enu=(-0.36,-0.66,0.78) setpoint_ned=none yaw(desired/cmd/rate)=(0.00/0.00/0.00) cross_track=0.00 frame_id=px4_ned path_points=0 odom_source=/mavros/local_position/odom cloud_source=none mavros_connected=true
[ego_planner_node-10] [FSM]: state: WAIT_TARGET
[ego_planner_node-10] wait for goal or trigger.
[offboard_waypoint_node-1] [INFO] [1786266591.354014470] [offboard_waypoint_node]: [HOLD_ERROR] position_error=0.245 velocity=0.002 state=IDLE_HOLD
[offboard_waypoint_node-1] [INFO] [1786266591.354160057] [offboard_waypoint_node]: [CONTROL_ARBITER] selected_source=safety_hold state=IDLE_HOLD
[super_planner_ros2_node-6] [INFO] [1786266591.522006398] [super_planner_ros2_node]: SUPER_ROS2 mode=IDLE enable_output=false reason=NO_GOAL odom=(-0.36,-0.66,0.74) goal=none tracking_setpoint_enu=(-0.36,-0.66,0.78) setpoint_ned=none yaw(desired/cmd/rate)=(0.00/0.00/0.00) cross_track=0.00 frame_id=px4_ned path_points=0 odom_source=/mavros/local_position/odom cloud_source=none mavros_connected=true
[ego_planner_node-10] [FSM]: state: WAIT_TARGET
[ego_planner_node-10] wait for goal or trigger.
[fastlio_bridge_node-2] [INFO] [1786266592.077266691] [fastlio_bridge_node]: 已桥接并转换里程计: ENU(-0.01, 0.01, -0.03) -> NED(0.01, 0.01, 0.03)
[fastlio_bridge_node-2] [INFO] [1786266592.087041868] [fastlio_bridge_node]: 已桥接并转换里程计: ENU(-0.01, 0.01, -0.03) -> NED(0.01, 0.01, 0.03)
[fastlio_bridge_node-2] [INFO] [1786266592.096232463] [fastlio_bridge_node]: 已桥接并转换里程计: ENU(-0.01, 0.01, -0.03) -> NED(0.01, 0.01, 0.03)
[offboard_waypoint_node-1] [INFO] [1786266592.403766978] [offboard_waypoint_node]: [HOLD_ERROR] position_error=0.248 velocity=0.002 state=IDLE_HOLD
[offboard_waypoint_node-1] [INFO] [1786266592.403852315] [offboard_waypoint_node]: [CONTROL_ARBITER] selected_source=safety_hold state=IDLE_HOLD
[super_planner_ros2_node-6] [INFO] [1786266592.571997057] [super_planner_ros2_node]: SUPER_ROS2 mode=IDLE enable_output=false reason=NO_GOAL odom=(-0.36,-0.66,0.74) goal=none tracking_setpoint_enu=(-0.36,-0.66,0.78) setpoint_ned=none yaw(desired/cmd/rate)=(0.00/0.00/0.00) cross_track=0.00 frame_id=px4_ned path_points=0 odom_source=/mavros/local_position/odom cloud_source=none mavros_connected=true
[ego_planner_node-10] [FSM]: state: WAIT_TARGET
[ego_planner_node-10] wait for goal or trigger.
[offboard_waypoint_node-1] [INFO] [1786266593.453690802] [offboard_waypoint_node]: [HOLD_ERROR] position_error=0.258 velocity=0.008 state=IDLE_HOLD
[offboard_waypoint_node-1] [INFO] [1786266593.453753300] [offboard_waypoint_node]: [CONTROL_ARBITER] selected_source=safety_hold state=IDLE_HOLD
[super_planner_ros2_node-6] [INFO] [1786266593.572073944] [super_planner_ros2_node]: SUPER_ROS2 mode=IDLE enable_output=false reason=NO_GOAL odom=(-0.36,-0.66,0.75) goal=none tracking_setpoint_enu=(-0.36,-0.66,0.78) setpoint_ned=none yaw(desired/cmd/rate)=(0.00/0.00/0.00) cross_track=0.00 frame_id=px4_ned path_points=0 odom_source=/mavros/local_position/odom cloud_source=none mavros_connected=true
[ego_planner_node-10] [FSM]: state: WAIT_TARGET
[ego_planner_node-10] wait for goal or trigger.
[offboard_waypoint_node-1] [INFO] [1786266594.453738431] [offboard_waypoint_node]: [HOLD_ERROR] position_error=0.269 velocity=0.008 state=IDLE_HOLD
[offboard_waypoint_node-1] [INFO] [1786266594.453845920] [offboard_waypoint_node]: [CONTROL_ARBITER] selected_source=safety_hold state=IDLE_HOLD
[super_planner_ros2_node-6] [INFO] [1786266594.621915013] [super_planner_ros2_node]: SUPER_ROS2 mode=IDLE enable_output=false reason=NO_GOAL odom=(-0.36,-0.65,0.76) goal=none tracking_setpoint_enu=(-0.36,-0.65,0.78) setpoint_ned=none yaw(desired/cmd/rate)=(0.00/0.00/0.00) cross_track=0.00 frame_id=px4_ned path_points=0 odom_source=/mavros/local_position/odom cloud_source=none mavros_connected=true
[ego_planner_node-10] [FSM]: state: WAIT_TARGET
[ego_planner_node-10] wait for goal or trigger.
[offboard_waypoint_node-1] [INFO] [1786266595.453761307] [offboard_waypoint_node]: [HOLD_ERROR] position_error=0.284 velocity=0.004 state=IDLE_HOLD
[offboard_waypoint_node-1] [INFO] [1786266595.453868172] [offboard_waypoint_node]: [CONTROL_ARBITER] selected_source=safety_hold state=IDLE_HOLD
[super_planner_ros2_node-6] [INFO] [1786266595.622209868] [super_planner_ros2_node]: SUPER_ROS2 mode=IDLE enable_output=false reason=NO_GOAL odom=(-0.36,-0.66,0.78) goal=none tracking_setpoint_enu=(-0.36,-0.66,0.78) setpoint_ned=none yaw(desired/cmd/rate)=(0.00/0.00/0.00) cross_track=0.00 frame_id=px4_ned path_points=0 odom_source=/mavros/local_position/odom cloud_source=none mavros_connected=true
[ego_planner_node-10] [FSM]: state: WAIT_TARGET
[ego_planner_node-10] wait for goal or trigger.
[fastlio_bridge_node-2] [INFO] [1786266596.057539738] [fastlio_bridge_node]: 已桥接并转换里程计: ENU(-0.01, 0.02, -0.03) -> NED(0.01, 0.02, 0.03)
[fastlio_bridge_node-2] [INFO] [1786266596.066858201] [fastlio_bridge_node]: 已桥接并转换里程计: ENU(-0.01, 0.02, -0.03) -> NED(0.01, 0.02, 0.03)
[fastlio_bridge_node-2] [INFO] [1786266596.077130086] [fastlio_bridge_node]: 已桥接并转换里程计: ENU(-0.01, 0.01, -0.03) -> NED(0.01, 0.01, 0.03)
[fastlio_bridge_node-2] [INFO] [1786266596.087465046] [fastlio_bridge_node]: 已桥接并转换里程计: ENU(-0.01, 0.01, -0.03) -> NED(0.01, 0.01, 0.03)
[offboard_waypoint_node-1] [INFO] [1786266596.503751109] [offboard_waypoint_node]: [HOLD_ERROR] position_error=0.299 velocity=0.008 state=IDLE_HOLD
[offboard_waypoint_node-1] [INFO] [1786266596.503841003] [offboard_waypoint_node]: [CONTROL_ARBITER] selected_source=safety_hold state=IDLE_HOLD
[super_planner_ros2_node-6] [INFO] [1786266596.672032476] [super_planner_ros2_node]: SUPER_ROS2 mode=IDLE enable_output=false reason=NO_GOAL odom=(-0.36,-0.66,0.79) goal=none tracking_setpoint_enu=(-0.36,-0.66,0.78) setpoint_ned=none yaw(desired/cmd/rate)=(0.00/0.00/0.00) cross_track=0.00 frame_id=px4_ned path_points=0 odom_source=/mavros/local_position/odom cloud_source=none mavros_connected=true
[ego_planner_node-10] [FSM]: state: WAIT_TARGET
[ego_planner_node-10] wait for goal or trigger.
[offboard_waypoint_node-1] [INFO] [1786266597.503789600] [offboard_waypoint_node]: [HOLD_ERROR] position_error=0.312 velocity=0.005 state=IDLE_HOLD
[offboard_waypoint_node-1] [INFO] [1786266597.503872010] [offboard_waypoint_node]: [CONTROL_ARBITER] selected_source=safety_hold state=IDLE_HOLD
[super_planner_ros2_node-6] [INFO] [1786266597.672107209] [super_planner_ros2_node]: SUPER_ROS2 mode=IDLE enable_output=false reason=NO_GOAL odom=(-0.36,-0.66,0.81) goal=none tracking_setpoint_enu=(-0.36,-0.66,0.78) setpoint_ned=none yaw(desired/cmd/rate)=(0.00/0.00/0.00) cross_track=0.00 frame_id=px4_ned path_points=0 odom_source=/mavros/local_position/odom cloud_source=none mavros_connected=true
[ego_planner_node-10] [FSM]: state: WAIT_TARGET
[ego_planner_node-10] wait for goal or trigger.
[fastlio_bridge_node-2] [INFO] [1786266598.077516645] [fastlio_bridge_node]: 已桥接并转换里程计: ENU(-0.01, 0.03, -0.04) -> NED(0.01, 0.03, 0.04)
[offboard_waypoint_node-1] [INFO] [1786266598.553747241] [offboard_waypoint_node]: [HOLD_ERROR] position_error=0.328 velocity=0.006 state=IDLE_HOLD
[offboard_waypoint_node-1] [INFO] [1786266598.553818075] [offboard_waypoint_node]: [CONTROL_ARBITER] selected_source=safety_hold state=IDLE_HOLD
[super_planner_ros2_node-6] [INFO] [1786266598.722009952] [super_planner_ros2_node]: SUPER_ROS2 mode=IDLE enable_output=false reason=NO_GOAL odom=(-0.36,-0.66,0.82) goal=none tracking_setpoint_enu=(-0.36,-0.66,0.78) setpoint_ned=none yaw(desired/cmd/rate)=(0.00/0.00/0.00) cross_track=0.00 frame_id=px4_ned path_points=0 odom_source=/mavros/local_position/odom cloud_source=none mavros_connected=true
[ego_planner_node-10] [FSM]: state: WAIT_TARGET
[ego_planner_node-10] wait for goal or trigger.
[offboard_waypoint_node-1] [INFO] [1786266599.553870785] [offboard_waypoint_node]: [HOLD_ERROR] position_error=0.341 velocity=0.009 state=IDLE_HOLD
[offboard_waypoint_node-1] [INFO] [1786266599.553944790] [offboard_waypoint_node]: [CONTROL_ARBITER] selected_source=safety_hold state=IDLE_HOLD
[super_planner_ros2_node-6] [INFO] [1786266599.722208294] [super_planner_ros2_node]: SUPER_ROS2 mode=IDLE enable_output=false reason=NO_GOAL odom=(-0.36,-0.66,0.84) goal=none tracking_setpoint_enu=(-0.36,-0.66,0.78) setpoint_ned=none yaw(desired/cmd/rate)=(0.00/0.00/0.00) cross_track=0.00 frame_id=px4_ned path_points=0 odom_source=/mavros/local_position/odom cloud_source=none mavros_connected=true
[ego_planner_node-10] [FSM]: state: WAIT_TARGET
[ego_planner_node-10] wait for goal or trigger.
[fastlio_bridge_node-2] [INFO] [1786266600.068031217] [fastlio_bridge_node]: 已桥接并转换里程计: ENU(-0.00, 0.02, -0.04) -> NED(0.00, 0.02, 0.04)
[offboard_waypoint_node-1] [INFO] [1786266600.603779096] [offboard_waypoint_node]: [HOLD_ERROR] position_error=0.350 velocity=0.003 state=IDLE_HOLD
[offboard_waypoint_node-1] [INFO] [1786266600.603829145] [offboard_waypoint_node]: [CONTROL_ARBITER] selected_source=safety_hold state=IDLE_HOLD
[super_planner_ros2_node-6] [INFO] [1786266600.774017261] [super_planner_ros2_node]: SUPER_ROS2 mode=IDLE enable_output=false reason=NO_GOAL odom=(-0.36,-0.66,0.84) goal=none tracking_setpoint_enu=(-0.36,-0.66,0.78) setpoint_ned=none yaw(desired/cmd/rate)=(0.00/0.00/0.00) cross_track=0.00 frame_id=px4_ned path_points=0 odom_source=/mavros/local_position/odom cloud_source=none mavros_connected=true
[ego_planner_node-10] [FSM]: state: WAIT_TARGET
[ego_planner_node-10] wait for goal or trigger.
[offboard_waypoint_node-1] [INFO] [1786266601.653791810] [offboard_waypoint_node]: [HOLD_ERROR] position_error=0.356 velocity=0.003 state=IDLE_HOLD
[offboard_waypoint_node-1] [INFO] [1786266601.653862867] [offboard_waypoint_node]: [CONTROL_ARBITER] selected_source=safety_hold state=IDLE_HOLD
[super_planner_ros2_node-6] [INFO] [1786266601.822192402] [super_planner_ros2_node]: SUPER_ROS2 mode=IDLE enable_output=false reason=NO_GOAL odom=(-0.36,-0.66,0.85) goal=none tracking_setpoint_enu=(-0.36,-0.66,0.78) setpoint_ned=none yaw(desired/cmd/rate)=(0.00/0.00/0.00) cross_track=0.00 frame_id=px4_ned path_points=0 odom_source=/mavros/local_position/odom cloud_source=none mavros_connected=true
[fastlio_bridge_node-2] [INFO] [1786266602.055624865] [fastlio_bridge_node]: 已桥接并转换里程计: ENU(-0.00, 0.02, -0.03) -> NED(0.00, 0.02, 0.03)
[ego_planner_node-10] [FSM]: state: WAIT_TARGET
[ego_planner_node-10] wait for goal or trigger.
[fastlio_bridge_node-2] [INFO] [1786266602.058178223] [fastlio_bridge_node]: 已桥接并转换里程计: ENU(-0.00, 0.02, -0.03) -> NED(0.00, 0.02, 0.03)
[fastlio_bridge_node-2] [INFO] [1786266602.088223936] [fastlio_bridge_node]: 已桥接并转换里程计: ENU(-0.00, 0.02, -0.01) -> NED(0.00, 0.02, 0.01)
[offboard_waypoint_node-1] [INFO] [1786266602.703813233] [offboard_waypoint_node]: [HOLD_ERROR] position_error=0.357 velocity=0.001 state=IDLE_HOLD
[offboard_waypoint_node-1] [INFO] [1786266602.703894593] [offboard_waypoint_node]: [CONTROL_ARBITER] selected_source=safety_hold state=IDLE_HOLD
[super_planner_ros2_node-6] [INFO] [1786266602.872137914] [super_planner_ros2_node]: SUPER_ROS2 mode=IDLE enable_output=false reason=NO_GOAL odom=(-0.36,-0.66,0.85) goal=none tracking_setpoint_enu=(-0.36,-0.66,0.78) setpoint_ned=none yaw(desired/cmd/rate)=(0.00/0.00/0.00) cross_track=0.00 frame_id=px4_ned path_points=0 odom_source=/mavros/local_position/odom cloud_source=none mavros_connected=true
[ego_planner_node-10] [FSM]: state: WAIT_TARGET
[ego_planner_node-10] wait for goal or trigger.
[offboard_waypoint_node-1] [INFO] [1786266603.753794636] [offboard_waypoint_node]: [HOLD_ERROR] position_error=0.355 velocity=0.005 state=IDLE_HOLD
[offboard_waypoint_node-1] [INFO] [1786266603.753874094] [offboard_waypoint_node]: [CONTROL_ARBITER] selected_source=safety_hold state=IDLE_HOLD
[super_planner_ros2_node-6] [INFO] [1786266603.922075805] [super_planner_ros2_node]: SUPER_ROS2 mode=IDLE enable_output=false reason=NO_GOAL odom=(-0.36,-0.66,0.85) goal=none tracking_setpoint_enu=(-0.36,-0.66,0.78) setpoint_ned=none yaw(desired/cmd/rate)=(0.00/0.00/0.00) cross_track=0.00 frame_id=px4_ned path_points=0 odom_source=/mavros/local_position/odom cloud_source=none mavros_connected=true
[ego_planner_node-10] [FSM]: state: WAIT_TARGET
[ego_planner_node-10] wait for goal or trigger.
[mapping_manager_node-5] [INFO] [1786266604.437933538] [mapping_manager_node]: Mapping status: in_flight=false, map_loaded=false, map_saved=false
[offboard_waypoint_node-1] [INFO] [1786266604.753806800] [offboard_waypoint_node]: [HOLD_ERROR] position_error=0.350 velocity=0.005 state=IDLE_HOLD
[offboard_waypoint_node-1] [INFO] [1786266604.804119566] [offboard_waypoint_node]: [CONTROL_ARBITER] selected_source=safety_hold state=IDLE_HOLD
[super_planner_ros2_node-6] [INFO] [1786266604.922143540] [super_planner_ros2_node]: SUPER_ROS2 mode=IDLE enable_output=false reason=NO_GOAL odom=(-0.36,-0.66,0.84) goal=none tracking_setpoint_enu=(-0.36,-0.66,0.78) setpoint_ned=none yaw(desired/cmd/rate)=(0.00/0.00/0.00) cross_track=0.00 frame_id=px4_ned path_points=0 odom_source=/mavros/local_position/odom cloud_source=none mavros_connected=true
[ego_planner_node-10] [FSM]: state: WAIT_TARGET
[ego_planner_node-10] wait for goal or trigger.
[offboard_waypoint_node-1] [INFO] [1786266605.753973503] [offboard_waypoint_node]: [HOLD_ERROR] position_error=0.341 velocity=0.003 state=IDLE_HOLD
[offboard_waypoint_node-1] [INFO] [1786266605.853949600] [offboard_waypoint_node]: [CONTROL_ARBITER] selected_source=safety_hold state=IDLE_HOLD
[super_planner_ros2_node-6] [INFO] [1786266605.972045862] [super_planner_ros2_node]: SUPER_ROS2 mode=IDLE enable_output=false reason=NO_GOAL odom=(-0.36,-0.66,0.83) goal=none tracking_setpoint_enu=(-0.36,-0.66,0.78) setpoint_ned=none yaw(desired/cmd/rate)=(0.00/0.00/0.00) cross_track=0.00 frame_id=px4_ned path_points=0 odom_source=/mavros/local_position/odom cloud_source=none mavros_connected=true
[ego_planner_node-10] [FSM]: state: WAIT_TARGET
[ego_planner_node-10] wait for goal or trigger.
[offboard_waypoint_node-1] [INFO] [1786266606.803910224] [offboard_waypoint_node]: [HOLD_ERROR] position_error=0.330 velocity=0.003 state=IDLE_HOLD
[offboard_waypoint_node-1] [INFO] [1786266606.903873388] [offboard_waypoint_node]: [CONTROL_ARBITER] selected_source=safety_hold state=IDLE_HOLD
[super_planner_ros2_node-6] [INFO] [1786266606.972194953] [super_planner_ros2_node]: SUPER_ROS2 mode=IDLE enable_output=false reason=NO_GOAL odom=(-0.36,-0.66,0.82) goal=none tracking_setpoint_enu=(-0.36,-0.66,0.78) setpoint_ned=none yaw(desired/cmd/rate)=(0.00/0.00/0.00) cross_track=0.00 frame_id=px4_ned path_points=0 odom_source=/mavros/local_position/odom cloud_source=none mavros_connected=true
[ego_planner_node-10] [FSM]: state: WAIT_TARGET
[ego_planner_node-10] wait for goal or trigger.
[offboard_waypoint_node-1] [INFO] [1786266607.804025653] [offboard_waypoint_node]: [HOLD_ERROR] position_error=0.317 velocity=0.003 state=IDLE_HOLD
[offboard_waypoint_node-1] [INFO] [1786266607.903881486] [offboard_waypoint_node]: [CONTROL_ARBITER] selected_source=safety_hold state=IDLE_HOLD
[super_planner_ros2_node-6] [INFO] [1786266608.022157730] [super_planner_ros2_node]: SUPER_ROS2 mode=IDLE enable_output=false reason=NO_GOAL odom=(-0.36,-0.66,0.81) goal=none tracking_setpoint_enu=(-0.36,-0.66,0.78) setpoint_ned=none yaw(desired/cmd/rate)=(0.00/0.00/0.00) cross_track=0.00 frame_id=px4_ned path_points=0 odom_source=/mavros/local_position/odom cloud_source=none mavros_connected=true
[fastlio_bridge_node-2] [INFO] [1786266608.057828356] [fastlio_bridge_node]: 已桥接并转换里程计: ENU(-0.00, 0.02, -0.04) -> NED(0.00, 0.02, 0.04)
[fastlio_bridge_node-2] [INFO] [1786266608.067653119] [fastlio_bridge_node]: 已桥接并转换里程计: ENU(-0.00, 0.02, -0.03) -> NED(0.00, 0.02, 0.03)
[fastlio_bridge_node-2] [INFO] [1786266608.077605692] [fastlio_bridge_node]: 已桥接并转换里程计: ENU(-0.00, 0.02, -0.03) -> NED(0.00, 0.02, 0.03)
[fastlio_bridge_node-2] [INFO] [1786266608.086991889] [fastlio_bridge_node]: 已桥接并转换里程计: ENU(-0.00, 0.02, -0.03) -> NED(0.00, 0.02, 0.03)
[ego_planner_node-10] [FSM]: state: WAIT_TARGET
[ego_planner_node-10] wait for goal or trigger.
[navigation stack (prewarm)] stopping process group 81610
[navigation stack (prewarm)] exited with status 143
