[navigation stack (prewarm)] starting
[navigation stack (prewarm)] command: env MAP_FILE=/home/robot/rong_ws/ws_offboard_control/maps/fastlio_global_3d_20260810/GlobalMap_去顶端_z3m.pcd PLANNER_BACKEND=astar_ego MISSION_ENABLED=false RECOGNITION_ENABLED=false RVIZ=true ENABLE_OUTPUT=true MANUAL_HANDOVER=true MAP_AUTO_LOAD=true /home/robot/rong_ws/ws_offboard_control/tools/flight/运行导航控制.sh
[navigation stack (prewarm)] pid=6469 pgid=6469 log=/home/robot/rong_ws/ws_offboard_control/flight_records/20260811/flight_20260811_202622/logs/navigation.log
导航后端：    astar_ego
任务序列器：  false
地图文件：    /home/robot/rong_ws/ws_offboard_control/maps/fastlio_global_3d_20260810/GlobalMap_去顶端_z3m.pcd
地图自动加载：true
Recognition:        false
导航输出：    true
人工接管：    true
[INFO] [launch]: All log files can be found below /home/robot/.ros/log/2026-08-11-20-26-32-968165-robot-6469
[INFO] [launch]: Default logging verbosity is set to INFO
[INFO] [launch.user]: [TUNING_FILE]
[INFO] [launch.user]: path=/home/robot/rong_ws/ws_offboard_control/install/race_bringup/share/race_bringup/config/astar_ego_tuning.yaml
[INFO] [launch.user]: schema_version=1
[INFO] [launch.user]: [EGO_MAP_SOURCE]
[INFO] [launch.user]: ego_map_source=static_live_px4
[INFO] [launch.user]: [EGO_MAP_TUNING]
[INFO] [launch.user]: {'live_obstacle_memory_sec': 1.0, 'live_obstacle_voxel_size_m': 0.1, 'live_obstacle_min_observations': 2, 'minimum_reliable_detection_range_m': 0.725, 'pose_sync_max_skew_sec': 0.3, 'pose_buffer_duration_sec': 1.0}
[INFO] [launch.user]: [SHARED_BOUNDS]
[INFO] [launch.user]: x=[-0.85,11.9] y=[-3.2,12.4] z=[0.5,0.85] margin=0.15
[INFO] [launch.user]: [GLOBAL_PLANNER_TUNING]
[INFO] [launch.user]: {'grid_resolution': 0.15, 'planning_resolution': 0.05, 'hard_inflation_radius': 0.28, 'min_planning_inflation_radius': 0.28, 'soft_obstacle_cost_radius': 0.54, 'clearance_cost_weight': 3.0, 'tracking_lookahead_distance': 0.3, 'max_local_goal_distance': 1.7, 'smoothing_min_clearance': 0.1, 'allow_direct_path': False, 'enable_path_shortcut': False}
[INFO] [launch.user]: [EGO_TUNING]
[INFO] [launch.user]: {'planning_horizon': 5.0, 'local_update_range_x': 6.0, 'local_update_range_y': 6.0, 'local_update_range_z': 1.25, 'occupancy_map_size_x': 24.0, 'occupancy_map_size_y': 26.0, 'occupancy_publish_max_height': 2.5, 'max_velocity': 0.6, 'max_acceleration': 0.8, 'control_point_spacing': 0.25, 'planning_clearance_m': 0.34, 'constrained_clearance_enable': False, 'constrained_clearance_m': 0.24, 'constrained_optimization_clearance_m': 0.3, 'far_end_clearance_extra_m': 0.06, 'optimization_clearance_m': 0.42, 'max_reference_deviation_m': 0.8, 'use_distinctive_trajectories': True, 'replan_start_position_error_m': 0.25, 'handover_position_tolerance_m': 0.01, 'handover_velocity_tolerance_mps': 0.005, 'handover_acceleration_tolerance_mps2': 0.01, 'fixed_flight_height': 0.78}
[INFO] [launch.user]: [BRIDGE_TUNING]
[INFO] [launch.user]: {'occupancy_timeout_sec': 1.0, 'active_recheck_history_sec': 0.5, 'bspline_timeout_sec': 0.2, 'command_timeout_sec': 0.2, 'dynamic_invalid_grace_sec': 0.75, 'replan_hold_timeout_sec': 3.0, 'collision_sample_spacing_m': 0.04, 'braking_deceleration_mps2': 0.8, 'reaction_time_sec': 0.15, 'dynamic_limit_margin': 1.1, 'max_yaw_rate_rad_s': 0.8}
[INFO] [launch.user]: [OFFBOARD_TUNING]
[INFO] [launch.user]: {'takeoff_height_m': 0.55, 'ego_goal_release_height_m': 0.5, 'ego_goal_stable_height_tolerance_m': 0.05, 'ego_goal_stable_horizontal_speed_mps': 0.08, 'ego_goal_stable_vertical_speed_mps': 0.05, 'ego_goal_stable_duration_sec': 0.5, 'fixed_flight_height_m': 0.78, 'max_safe_height_m': 0.85, 'goal_tolerance_xy_m': 0.1, 'goal_tolerance_z_m': 0.05, 'setpoint_rate_hz': 20.0, 'trusted_position_max_speed_mps': 4.0, 'trusted_position_jump_allowance_m': 0.4, 'ego_setpoint_max_lead_m': 2.0, 'ego_setpoint_timeout_sec': 2.5, 'same_goal_retry_on_safety_latch': True, 'ego_yaw_rate_limit_rad_s': 0.8, 'initial_position_stabilization_sec': 0.5, 'initial_position_max_spread_m': 0.08, 'initial_position_max_speed_mps': 0.2}
[INFO] [offboard_waypoint_node-1]: process started with pid [6546]
[INFO] [fastlio_bridge_node-2]: process started with pid [6548]
[INFO] [frame_transform_node-3]: process started with pid [6550]
[INFO] [map_io_node-4]: process started with pid [6552]
[INFO] [mapping_manager_node-5]: process started with pid [6554]
[INFO] [super_planner_ros2_node-6]: process started with pid [6556]
[INFO] [race_ego_odom_bridge-7]: process started with pid [6558]
[INFO] [race_ego_cloud_bridge-8]: process started with pid [6560]
[INFO] [race_ego_goal_bridge-9]: process started with pid [6562]
[INFO] [ego_planner_node-10]: process started with pid [6564]
[INFO] [traj_server-11]: process started with pid [6566]
[INFO] [race_ego_trajectory_bridge-12]: process started with pid [6568]
[INFO] [rviz2-13]: process started with pid [6570]
[race_ego_cloud_bridge-8] [INFO] [1786451193.222585449] [race_ego_cloud_bridge]: EGO cloud bridge: source=static_live_px4 input=/saved_map+/fast_lio/cloud_registered_body output=/race/ego/cloud required_frame=map frame_transform=px4_pose_projection
[mapping_manager_node-5] [INFO] [1786451193.232432193] [mapping_manager_node]: mapping_manager_node started
[mapping_manager_node-5] [INFO] [1786451193.232653932] [mapping_manager_node]:   auto_load_on_start: false
[mapping_manager_node-5] [INFO] [1786451193.232669093] [mapping_manager_node]:   auto_save_on_land: true
[frame_transform_node-3] [INFO] [1786451193.233126644] [frame_transform_node]: frame_transform_node started
[frame_transform_node-3] [INFO] [1786451193.233271294] [frame_transform_node]:   Published static TF: map -> odom (identity)
[frame_transform_node-3] [INFO] [1786451193.233285903] [frame_transform_node]:   Published static TF: camera_init -> map (identity, RViz display only)
[fastlio_bridge_node-2] [INFO] [1786451193.239234548] [fastlio_bridge_node]: FAST-LIO2 里程计桥接已启动：订阅 /Odometry -> /race/odom, /race/pose
[race_ego_trajectory_bridge-12] [INFO] [1786451193.245995305] [race_ego_trajectory_bridge]: [BRIDGE_CLEARANCE_THRESHOLD] hard_clearance=0.290000000
[race_ego_trajectory_bridge-12] [INFO] [1786451193.246502137] [race_ego_trajectory_bridge]: [BRIDGE_BRAKING_CONTRACT] max_speed=0.600 deceleration=0.800 reaction=0.150 clearance=0.290 braking_horizon=0.605 detection_range=0.725
[race_ego_odom_bridge-7] [INFO] [1786451193.252240646] [race_ego_odom_bridge]: EGO odom bridge: /mavros/local_position/odom -> /race/ego/odom frame=map pose=enuToMap(-y,x,z) velocity=bodyFLU->ENU->map strict=false
[super_planner_ros2_node-6] [INFO] [1786451193.270866306] [super_planner_ros2_node]: MODE_INIT enable_output=true setpoint_topic=/race/navigation_setpoint setpoint_frame=px4_ned control_rate=20.0 replan_rate=2.0 tracking_lookahead=0.30 heading_lookahead=0.80 max_yaw_rate=1.00 odom_topic=/mavros/local_position/odom odom_input_frame=map_enu require_mavros_connected=false mavros_state_topic=/mavros/state cloud_topic=/saved_map PLANNER_INTERNAL_FRAME=map hard_inflation=0.28 soft_cost_radius=0.54 clearance_cost_weight=3.00 smoothing=true method=chaikin iterations=2 sample_resolution=0.10 allow_direct_path=false enable_path_shortcut=false
[super_planner_ros2_node-6] [INFO] [1786451193.271008223] [super_planner_ros2_node]: GLOBAL_MODE global_only=true control_output=false global_path=/race/global_path local_goal=/race/ego/local_goal
[super_planner_ros2_node-6] [INFO] [1786451193.271023201] [super_planner_ros2_node]: [SUPER_MODE] global_only=true max_planning_distance=9.000 segment_chaining=false
[super_planner_ros2_node-6] [INFO] [1786451193.271033913] [super_planner_ros2_node]: [SUPER_DIRECT_MODE] enabled=false
[super_planner_ros2_node-6] [INFO] [1786451193.271043298] [super_planner_ros2_node]: [SHARED_BOUNDS] x=[-0.85,11.90] y=[-3.20,12.40] z=[0.50,0.85] margin=0.15
[offboard_waypoint_node-1] [INFO] [1786451193.271331883] [offboard_waypoint_node]: Offboard adapter: control_source=ego navigation_topic=/race/navigation_setpoint ego_topic=/race/ego/trajectory_setpoint frame=px4_ned timeout=0.80s ego_timeout=0.20s height=[0.50, 0.85]m warmup=1.0s stabilization=3.0s takeoff_complete=0.55m strict_health=false
[offboard_waypoint_node-1] [INFO] [1786451193.271385128] [offboard_waypoint_node]: [PLANNER_SOURCE] backend=ego
[offboard_waypoint_node-1] [INFO] [1786451193.271389978] [offboard_waypoint_node]: [TRAJECTORY_SOURCE] selected=ego timeout=2.50s
[race_ego_trajectory_bridge-12] [INFO] [1786451193.273551037] [race_ego_trajectory_bridge]: [EGO_STATUS] state=WAIT_MAP control_enabled=true map=missing odom=missing goal=missing trajectory=missing
[offboard_waypoint_node-1] [INFO] [1786451193.321508032] [offboard_waypoint_node]: [EV_HOLD_WAIT] continuous_healthy=0.00s required=7.50s
[offboard_waypoint_node-1] [INFO] [1786451193.321652957] [offboard_waypoint_node]: [CONTROL_ARBITER] selected_source=waiting_for_ev_ground_reference state=WAITING_FOR_ODOM
[super_planner_ros2_node-6] [INFO] [1786451193.321541938] [super_planner_ros2_node]: SUPER_ROS2 mode=NO_ODOM enable_output=false reason=NO_ODOM odom=(0.00,0.00,0.00) goal=none tracking_setpoint_enu=(0.00,0.00,0.00) setpoint_ned=none yaw(desired/cmd/rate)=(0.00/0.00/0.00) cross_track=0.00 frame_id=px4_ned path_points=0 odom_source=none cloud_source=none mavros_connected=false
[map_io_node-4] [INFO] [1786451193.375904985] [map_io_node]: map_io_node started
[map_io_node-4] [INFO] [1786451193.375993582] [map_io_node]:   map_file: /home/robot/rong_ws/ws_offboard_control/maps/fastlio_global_3d_20260810/GlobalMap_去顶端_z3m.pcd
[map_io_node-4] [INFO] [1786451193.375998376] [map_io_node]:   publish_topic: /saved_map
[map_io_node-4] [INFO] [1786451193.376001263] [map_io_node]:   display_leaf_size: 0.10 m
[map_io_node-4] [INFO] [1786451193.376006873] [map_io_node]:   max_display_points: 3000000
[ego_planner_node-10] [INFO] [1786451193.488943680] [race_ego_planner]: [EGO_RECOVERY_GEOMETRY_CONFIG] search_distance=0.600 minimum_forward_progress=0.150 extra_clearance=0.060 max_reference_deviation=0.780 max_lateral_offset=0.750 lateral_offset_step=0.150
[ego_planner_node-10] [INFO] [1786451193.494298025] [race_ego_planner]: [EGO_HANDOVER_TOLERANCE] position_m=0.010 velocity_mps=0.005 acceleration_mps2=0.010
[ego_planner_node-10] [INFO] [1786451193.494338124] [race_ego_planner]: [EGO_REFERENCE_GEOMETRY_LIMIT] max_reference_deviation_m=0.800
[ego_planner_node-10] [INFO] [1786451193.498935012] [race_ego_planner]: [EGO_OCCUPANCY_SAFETY_MODEL] required_center_clearance=0.290 planning_clearance=0.340 resolution=0.150 coarse_inflation_steps=2 coarse_voxel_clearance=0.300 continuous_query=true
[ego_planner_node-10] hit: 0.619039
[ego_planner_node-10] miss: -0.619039
[ego_planner_node-10] min log: -1.99243
[ego_planner_node-10] max: 2.19722
[ego_planner_node-10] thresh log: 1.38629
[ego_planner_node-10] [INFO] [1786451193.505752704] [race_ego_planner]: [EGO_OBSTACLE_CLEARANCE_CONTRACT] required_center_clearance=0.290000000 planning_clearance=0.340000000 optimization_target_clearance=0.420000000 far_end_clearance_extra=0.060000000 far_end_target_clearance=0.480000000 collision_weight=1.200000000 valid=true
[ego_planner_node-10] [INFO] [1786451193.505808774] [race_ego_planner]: [EGO_ACTIVE_OPTIMIZATION_TERMS] smoothness=true obstacle=true feasibility=true reference=false endpoint=true smoothness_weight=1.000000 obstacle_weight=1.200000 feasibility_weight=0.400000 reference_weight=0.000000 configured_fitness_weight=1.000000 obstacle_clearance=0.420000
[ego_planner_node-10] [INFO] [1786451193.544041287] [race_ego_planner]: [EGO_CONSTRAINED_CLEARANCE_CONFIG] enabled=false normal=0.340 constrained=0.240 optimization=0.300
[ego_planner_node-10] [INFO] [1786451193.545217372] [race_ego_planner]: single drone:-1
[rviz2-13] [INFO] [1786451193.679768671] [rviz2]: Stereo is NOT SUPPORTED
[rviz2-13] [INFO] [1786451193.679962149] [rviz2]: OpenGl version: 4.6 (GLSL 4.6)
[rviz2-13] [INFO] [1786451193.723205913] [rviz2]: Stereo is NOT SUPPORTED
[traj_server-11] [WARN] [1786451194.231985188] [race_ego_traj_server]: [Traj server]: ready.
[offboard_waypoint_node-1] [INFO] [1786451194.321719730] [offboard_waypoint_node]: [EV_HOLD_WAIT] continuous_healthy=0.00s required=7.50s
[offboard_waypoint_node-1] [INFO] [1786451194.321825181] [offboard_waypoint_node]: [CONTROL_ARBITER] selected_source=waiting_for_ev_ground_reference state=WAITING_FOR_ODOM
[super_planner_ros2_node-6] [INFO] [1786451194.371647934] [super_planner_ros2_node]: SUPER_ROS2 mode=NO_ODOM enable_output=false reason=NO_ODOM odom=(0.00,0.00,0.00) goal=none tracking_setpoint_enu=(0.00,0.00,0.00) setpoint_ned=none yaw(desired/cmd/rate)=(0.00/0.00/0.00) cross_track=0.00 frame_id=px4_ned path_points=0 odom_source=none cloud_source=none mavros_connected=false
[map_io_node-4] [INFO] [1786451194.380017760] [map_io_node]: Loaded 9628 points from /home/robot/rong_ws/ws_offboard_control/maps/fastlio_global_3d_20260810/GlobalMap_去顶端_z3m.pcd
[map_io_node-4] [INFO] [1786451194.397447168] [map_io_node]: Downsampled display map: 9628 -> 9161 points (leaf 0.10 m)
[map_io_node-4] [INFO] [1786451194.398013786] [map_io_node]: Published map to /saved_map (frame: map)
[super_planner_ros2_node-6] [WARN] [1786451194.399025827] [super_planner_ros2_node]: Using cloud source: /saved_map frame_id=map
[race_ego_cloud_bridge-8] [INFO] [1786451194.399282772] [race_ego_cloud_bridge]: [EGO_STATIC_MAP_READY] topic=/saved_map frame=map points=9161 fused=true
[ego_planner_node-10] [FSM]: state: INIT
[ego_planner_node-10] no odom.
[ego_planner_node-10] wait for goal or trigger.
[offboard_waypoint_node-1] [INFO] [1786451195.322059105] [offboard_waypoint_node]: [EV_HOLD_WAIT] continuous_healthy=0.00s required=7.50s
[offboard_waypoint_node-1] [INFO] [1786451195.322105125] [offboard_waypoint_node]: [CONTROL_ARBITER] selected_source=waiting_for_ev_ground_reference state=WAITING_FOR_ODOM
[super_planner_ros2_node-6] [INFO] [1786451195.371838924] [super_planner_ros2_node]: SUPER_ROS2 mode=NO_ODOM enable_output=false reason=NO_ODOM odom=(0.00,0.00,0.00) goal=none tracking_setpoint_enu=(0.00,0.00,0.00) setpoint_ned=none yaw(desired/cmd/rate)=(0.00/0.00/0.00) cross_track=0.00 frame_id=px4_ned path_points=0 odom_source=none cloud_source=/saved_map mavros_connected=false
[ego_planner_node-10] [FSM]: state: INIT
[ego_planner_node-10] no odom.
[ego_planner_node-10] wait for goal or trigger.
[offboard_waypoint_node-1] [INFO] [1786451196.322431023] [offboard_waypoint_node]: [EV_HOLD_WAIT] continuous_healthy=0.00s required=7.50s
[offboard_waypoint_node-1] [INFO] [1786451196.322479796] [offboard_waypoint_node]: [CONTROL_ARBITER] selected_source=waiting_for_ev_ground_reference state=WAITING_FOR_ODOM
[super_planner_ros2_node-6] [INFO] [1786451196.372074604] [super_planner_ros2_node]: SUPER_ROS2 mode=NO_ODOM enable_output=false reason=NO_ODOM odom=(0.00,0.00,0.00) goal=none tracking_setpoint_enu=(0.00,0.00,0.00) setpoint_ned=none yaw(desired/cmd/rate)=(0.00/0.00/0.00) cross_track=0.00 frame_id=px4_ned path_points=0 odom_source=none cloud_source=/saved_map mavros_connected=false
[race_ego_cloud_bridge-8] [INFO] [1786451196.399839640] [race_ego_cloud_bridge]: [EGO_STATIC_MAP_READY] topic=/saved_map frame=map points=9161 fused=true
[ego_planner_node-10] [FSM]: state: INIT
[ego_planner_node-10] no odom.
[ego_planner_node-10] wait for goal or trigger.
[offboard_waypoint_node-1] [INFO] [1786451197.322775842] [offboard_waypoint_node]: [EV_HOLD_WAIT] continuous_healthy=0.00s required=7.50s
[offboard_waypoint_node-1] [INFO] [1786451197.323101614] [offboard_waypoint_node]: [CONTROL_ARBITER] selected_source=waiting_for_ev_ground_reference state=WAITING_FOR_ODOM
[super_planner_ros2_node-6] [INFO] [1786451197.372538123] [super_planner_ros2_node]: SUPER_ROS2 mode=NO_ODOM enable_output=false reason=NO_ODOM odom=(0.00,0.00,0.00) goal=none tracking_setpoint_enu=(0.00,0.00,0.00) setpoint_ned=none yaw(desired/cmd/rate)=(0.00/0.00/0.00) cross_track=0.00 frame_id=px4_ned path_points=0 odom_source=none cloud_source=/saved_map mavros_connected=false
[ego_planner_node-10] [FSM]: state: INIT
[ego_planner_node-10] no odom.
[ego_planner_node-10] wait for goal or trigger.
[offboard_waypoint_node-1] [INFO] [1786451198.322901515] [offboard_waypoint_node]: [EV_HOLD_WAIT] continuous_healthy=0.00s required=7.50s
[super_planner_ros2_node-6] [INFO] [1786451198.372549704] [super_planner_ros2_node]: SUPER_ROS2 mode=NO_ODOM enable_output=false reason=NO_ODOM odom=(0.00,0.00,0.00) goal=none tracking_setpoint_enu=(0.00,0.00,0.00) setpoint_ned=none yaw(desired/cmd/rate)=(0.00/0.00/0.00) cross_track=0.00 frame_id=px4_ned path_points=0 odom_source=none cloud_source=/saved_map mavros_connected=false
[offboard_waypoint_node-1] [INFO] [1786451198.372933886] [offboard_waypoint_node]: [CONTROL_ARBITER] selected_source=waiting_for_ev_ground_reference state=WAITING_FOR_ODOM
[race_ego_cloud_bridge-8] [INFO] [1786451198.401565513] [race_ego_cloud_bridge]: [EGO_STATIC_MAP_READY] topic=/saved_map frame=map points=9161 fused=true
[ego_planner_node-10] [FSM]: state: INIT
[ego_planner_node-10] no odom.
[ego_planner_node-10] wait for goal or trigger.
[offboard_waypoint_node-1] [INFO] [1786451199.323652734] [offboard_waypoint_node]: [EV_HOLD_WAIT] continuous_healthy=0.00s required=7.50s
[super_planner_ros2_node-6] [INFO] [1786451199.373035467] [super_planner_ros2_node]: SUPER_ROS2 mode=NO_ODOM enable_output=false reason=NO_ODOM odom=(0.00,0.00,0.00) goal=none tracking_setpoint_enu=(0.00,0.00,0.00) setpoint_ned=none yaw(desired/cmd/rate)=(0.00/0.00/0.00) cross_track=0.00 frame_id=px4_ned path_points=0 odom_source=none cloud_source=/saved_map mavros_connected=false
[offboard_waypoint_node-1] [INFO] [1786451199.373441791] [offboard_waypoint_node]: [CONTROL_ARBITER] selected_source=waiting_for_ev_ground_reference state=WAITING_FOR_ODOM
[ego_planner_node-10] [FSM]: state: INIT
[ego_planner_node-10] no odom.
[ego_planner_node-10] wait for goal or trigger.
[super_planner_ros2_node-6] [INFO] [1786451200.373093208] [super_planner_ros2_node]: SUPER_ROS2 mode=NO_ODOM enable_output=false reason=NO_ODOM odom=(0.00,0.00,0.00) goal=none tracking_setpoint_enu=(0.00,0.00,0.00) setpoint_ned=none yaw(desired/cmd/rate)=(0.00/0.00/0.00) cross_track=0.00 frame_id=px4_ned path_points=0 odom_source=none cloud_source=/saved_map mavros_connected=false
[offboard_waypoint_node-1] [INFO] [1786451200.373454127] [offboard_waypoint_node]: [EV_HOLD_WAIT] continuous_healthy=0.00s required=7.50s
[offboard_waypoint_node-1] [INFO] [1786451200.373610676] [offboard_waypoint_node]: [CONTROL_ARBITER] selected_source=waiting_for_ev_ground_reference state=WAITING_FOR_ODOM
[race_ego_cloud_bridge-8] [INFO] [1786451200.401996096] [race_ego_cloud_bridge]: [EGO_STATIC_MAP_READY] topic=/saved_map frame=map points=9161 fused=true
[ego_planner_node-10] [FSM]: state: INIT
[ego_planner_node-10] no odom.
[ego_planner_node-10] wait for goal or trigger.
[super_planner_ros2_node-6] [INFO] [1786451201.373465791] [super_planner_ros2_node]: SUPER_ROS2 mode=NO_ODOM enable_output=false reason=NO_ODOM odom=(0.00,0.00,0.00) goal=none tracking_setpoint_enu=(0.00,0.00,0.00) setpoint_ned=none yaw(desired/cmd/rate)=(0.00/0.00/0.00) cross_track=0.00 frame_id=px4_ned path_points=0 odom_source=none cloud_source=/saved_map mavros_connected=false
[offboard_waypoint_node-1] [INFO] [1786451201.373650578] [offboard_waypoint_node]: [EV_HOLD_WAIT] continuous_healthy=0.00s required=7.50s
[offboard_waypoint_node-1] [INFO] [1786451201.373741874] [offboard_waypoint_node]: [CONTROL_ARBITER] selected_source=waiting_for_ev_ground_reference state=WAITING_FOR_ODOM
[ego_planner_node-10] [FSM]: state: INIT
[ego_planner_node-10] no odom.
[ego_planner_node-10] wait for goal or trigger.
[offboard_waypoint_node-1] [INFO] [1786451202.374177007] [offboard_waypoint_node]: [EV_HOLD_WAIT] continuous_healthy=0.00s required=7.50s
[offboard_waypoint_node-1] [INFO] [1786451202.374468831] [offboard_waypoint_node]: [CONTROL_ARBITER] selected_source=waiting_for_ev_ground_reference state=WAITING_FOR_ODOM
[super_planner_ros2_node-6] [INFO] [1786451202.374143132] [super_planner_ros2_node]: SUPER_ROS2 mode=NO_ODOM enable_output=false reason=NO_ODOM odom=(0.00,0.00,0.00) goal=none tracking_setpoint_enu=(0.00,0.00,0.00) setpoint_ned=none yaw(desired/cmd/rate)=(0.00/0.00/0.00) cross_track=0.00 frame_id=px4_ned path_points=0 odom_source=none cloud_source=/saved_map mavros_connected=false
[race_ego_cloud_bridge-8] [INFO] [1786451202.402475580] [race_ego_cloud_bridge]: [EGO_STATIC_MAP_READY] topic=/saved_map frame=map points=9161 fused=true
[ego_planner_node-10] [FSM]: state: INIT
[ego_planner_node-10] no odom.
[ego_planner_node-10] wait for goal or trigger.
[super_planner_ros2_node-6] [INFO] [1786451203.423658072] [super_planner_ros2_node]: SUPER_ROS2 mode=NO_ODOM enable_output=false reason=NO_ODOM odom=(0.00,0.00,0.00) goal=none tracking_setpoint_enu=(0.00,0.00,0.00) setpoint_ned=none yaw(desired/cmd/rate)=(0.00/0.00/0.00) cross_track=0.00 frame_id=px4_ned path_points=0 odom_source=none cloud_source=/saved_map mavros_connected=false
[offboard_waypoint_node-1] [INFO] [1786451203.424233939] [offboard_waypoint_node]: [EV_HOLD_WAIT] continuous_healthy=0.00s required=7.50s
[offboard_waypoint_node-1] [INFO] [1786451203.424299433] [offboard_waypoint_node]: [CONTROL_ARBITER] selected_source=waiting_for_ev_ground_reference state=WAITING_FOR_ODOM
[ego_planner_node-10] [FSM]: state: INIT
[ego_planner_node-10] no odom.
[ego_planner_node-10] wait for goal or trigger.
[race_ego_cloud_bridge-8] [INFO] [1786451204.402922921] [race_ego_cloud_bridge]: [EGO_STATIC_MAP_READY] topic=/saved_map frame=map points=9161 fused=true
[super_planner_ros2_node-6] [INFO] [1786451204.423940477] [super_planner_ros2_node]: SUPER_ROS2 mode=NO_ODOM enable_output=false reason=NO_ODOM odom=(0.00,0.00,0.00) goal=none tracking_setpoint_enu=(0.00,0.00,0.00) setpoint_ned=none yaw(desired/cmd/rate)=(0.00/0.00/0.00) cross_track=0.00 frame_id=px4_ned path_points=0 odom_source=none cloud_source=/saved_map mavros_connected=false
[offboard_waypoint_node-1] [INFO] [1786451204.474211440] [offboard_waypoint_node]: [EV_HOLD_WAIT] continuous_healthy=0.00s required=7.50s
[offboard_waypoint_node-1] [INFO] [1786451204.474590245] [offboard_waypoint_node]: [CONTROL_ARBITER] selected_source=waiting_for_ev_ground_reference state=WAITING_FOR_ODOM
[ego_planner_node-10] [FSM]: state: INIT
[ego_planner_node-10] no odom.
[ego_planner_node-10] wait for goal or trigger.
[super_planner_ros2_node-6] [INFO] [1786451205.424506856] [super_planner_ros2_node]: SUPER_ROS2 mode=NO_ODOM enable_output=false reason=NO_ODOM odom=(0.00,0.00,0.00) goal=none tracking_setpoint_enu=(0.00,0.00,0.00) setpoint_ned=none yaw(desired/cmd/rate)=(0.00/0.00/0.00) cross_track=0.00 frame_id=px4_ned path_points=0 odom_source=none cloud_source=/saved_map mavros_connected=false
[offboard_waypoint_node-1] [INFO] [1786451205.474367571] [offboard_waypoint_node]: [EV_HOLD_WAIT] continuous_healthy=0.00s required=7.50s
[offboard_waypoint_node-1] [INFO] [1786451205.474663559] [offboard_waypoint_node]: [CONTROL_ARBITER] selected_source=waiting_for_ev_ground_reference state=WAITING_FOR_ODOM
[ego_planner_node-10] [FSM]: state: INIT
[ego_planner_node-10] no odom.
[ego_planner_node-10] wait for goal or trigger.
[fastlio_bridge_node-2] [INFO] [1786451206.018967912] [fastlio_bridge_node]: 已桥接并转换里程计: ENU(-0.01, -0.01, 0.00) -> NED(0.01, -0.01, -0.00)
[race_ego_cloud_bridge-8] [INFO] [1786451206.426043992] [race_ego_cloud_bridge]: [EGO_STATIC_MAP_READY] topic=/saved_map frame=map points=9161 fused=true
[super_planner_ros2_node-6] [INFO] [1786451206.427976742] [super_planner_ros2_node]: SUPER_ROS2 mode=NO_ODOM enable_output=false reason=NO_ODOM odom=(0.00,0.00,0.00) goal=none tracking_setpoint_enu=(0.00,0.00,0.00) setpoint_ned=none yaw(desired/cmd/rate)=(0.00/0.00/0.00) cross_track=0.00 frame_id=px4_ned path_points=0 odom_source=none cloud_source=/saved_map mavros_connected=false
[offboard_waypoint_node-1] [INFO] [1786451206.475211067] [offboard_waypoint_node]: [EV_HOLD_WAIT] continuous_healthy=0.00s required=7.50s
[offboard_waypoint_node-1] [INFO] [1786451206.475776611] [offboard_waypoint_node]: [CONTROL_ARBITER] selected_source=waiting_for_ev_ground_reference state=WAITING_FOR_ODOM
[super_planner_ros2_node-6] [WARN] [1786451206.958264917] [super_planner_ros2_node]: MAVROS reports connected=false; FCU link is down.
[ego_planner_node-10] [FSM]: state: INIT
[ego_planner_node-10] no odom.
[ego_planner_node-10] wait for goal or trigger.
[offboard_waypoint_node-1] [WARN] [1786451207.055456728] [offboard_waypoint_node]: [POSE_WAIT] no local velocity sample yet on /mavros/local_position/velocity_local
[super_planner_ros2_node-6] [WARN] [1786451207.055434298] [super_planner_ros2_node]: Using odom source: /mavros/local_position/odom odom_input_frame=map_enu planner_enu=(0.02, -0.02, 0.17)
[ego_planner_node-10] [FSM]: from INIT to WAIT_TARGET
[super_planner_ros2_node-6] [INFO] [1786451207.474358133] [super_planner_ros2_node]: SUPER_ROS2 mode=IDLE enable_output=false reason=NO_GOAL odom=(0.02,-0.02,0.17) goal=none tracking_setpoint_enu=(0.02,-0.02,0.78) setpoint_ned=none yaw(desired/cmd/rate)=(0.00/0.00/0.00) cross_track=0.00 frame_id=px4_ned path_points=0 odom_source=/mavros/local_position/odom cloud_source=/saved_map mavros_connected=false
[offboard_waypoint_node-1] [INFO] [1786451207.524647003] [offboard_waypoint_node]: [EV_HOLD_WAIT] continuous_healthy=0.00s required=7.50s
[offboard_waypoint_node-1] [INFO] [1786451207.524704696] [offboard_waypoint_node]: [CONTROL_ARBITER] selected_source=waiting_for_ev_ground_reference state=WAITING_FOR_ODOM
[offboard_waypoint_node-1] [INFO] [1786451207.588742433] [offboard_waypoint_node]: [POSE_TRUSTED] stable_for=0.50s position_ned=(-0.019,0.021,-0.168)
[ego_planner_node-10] [FSM]: state: WAIT_TARGET
[ego_planner_node-10] wait for goal or trigger.
[fastlio_bridge_node-2] [INFO] [1786451208.081503928] [fastlio_bridge_node]: 已桥接并转换里程计: ENU(-0.01, -0.01, -0.00) -> NED(0.01, -0.01, 0.00)
[race_ego_cloud_bridge-8] [INFO] [1786451208.404682303] [race_ego_cloud_bridge]: [EGO_STATIC_MAP_READY] topic=/saved_map frame=map points=9161 fused=true
[super_planner_ros2_node-6] [INFO] [1786451208.474683641] [super_planner_ros2_node]: SUPER_ROS2 mode=IDLE enable_output=false reason=NO_GOAL odom=(0.02,-0.02,0.17) goal=none tracking_setpoint_enu=(0.02,-0.02,0.78) setpoint_ned=none yaw(desired/cmd/rate)=(0.00/0.00/0.00) cross_track=0.00 frame_id=px4_ned path_points=0 odom_source=/mavros/local_position/odom cloud_source=/saved_map mavros_connected=true
[offboard_waypoint_node-1] [INFO] [1786451208.525139027] [offboard_waypoint_node]: [EV_HOLD_WAIT] continuous_healthy=0.00s required=7.50s
[offboard_waypoint_node-1] [INFO] [1786451208.525423339] [offboard_waypoint_node]: [CONTROL_ARBITER] selected_source=waiting_for_ev_ground_reference state=WAITING_FOR_ODOM
[offboard_waypoint_node-1] [INFO] [1786451208.647568783] [offboard_waypoint_node]: [EV_HEALTH] state=FAULT continuous_healthy=0.00s
[ego_planner_node-10] [FSM]: state: WAIT_TARGET
[ego_planner_node-10] wait for goal or trigger.
[super_planner_ros2_node-6] [INFO] [1786451209.475067143] [super_planner_ros2_node]: SUPER_ROS2 mode=IDLE enable_output=false reason=NO_GOAL odom=(0.01,-0.02,0.17) goal=none tracking_setpoint_enu=(0.01,-0.02,0.78) setpoint_ned=none yaw(desired/cmd/rate)=(0.00/0.00/0.00) cross_track=0.00 frame_id=px4_ned path_points=0 odom_source=/mavros/local_position/odom cloud_source=/saved_map mavros_connected=true
[offboard_waypoint_node-1] [INFO] [1786451209.575110279] [offboard_waypoint_node]: [EV_HOLD_WAIT] continuous_healthy=0.00s required=7.50s
[offboard_waypoint_node-1] [INFO] [1786451209.575347126] [offboard_waypoint_node]: [CONTROL_ARBITER] selected_source=waiting_for_ev_ground_reference state=WAITING_FOR_ODOM
[ego_planner_node-10] [FSM]: state: WAIT_TARGET
[ego_planner_node-10] wait for goal or trigger.
[fastlio_bridge_node-2] [INFO] [1786451210.085145738] [fastlio_bridge_node]: 已桥接并转换里程计: ENU(-0.01, -0.01, 0.01) -> NED(0.01, -0.01, -0.01)
[offboard_waypoint_node-1] [INFO] [1786451210.284953130] [offboard_waypoint_node]: [EV_HEALTH] state=HEALTHY continuous_healthy=0.00s
[race_ego_cloud_bridge-8] [INFO] [1786451210.402492121] [race_ego_cloud_bridge]: [EGO_STATIC_MAP_READY] topic=/saved_map frame=map points=9161 fused=true
[super_planner_ros2_node-6] [INFO] [1786451210.475213411] [super_planner_ros2_node]: SUPER_ROS2 mode=IDLE enable_output=false reason=NO_GOAL odom=(0.02,-0.02,0.17) goal=none tracking_setpoint_enu=(0.02,-0.02,0.78) setpoint_ned=none yaw(desired/cmd/rate)=(0.00/0.00/0.00) cross_track=0.00 frame_id=px4_ned path_points=0 odom_source=/mavros/local_position/odom cloud_source=/saved_map mavros_connected=true
[offboard_waypoint_node-1] [INFO] [1786451210.575231949] [offboard_waypoint_node]: [EV_HOLD_WAIT] continuous_healthy=0.29s required=7.50s
[offboard_waypoint_node-1] [INFO] [1786451210.575402477] [offboard_waypoint_node]: [CONTROL_ARBITER] selected_source=waiting_for_ev_ground_reference state=WAITING_FOR_ODOM
[ego_planner_node-10] [FSM]: state: WAIT_TARGET
[ego_planner_node-10] wait for goal or trigger.
[super_planner_ros2_node-6] [INFO] [1786451211.524826503] [super_planner_ros2_node]: SUPER_ROS2 mode=IDLE enable_output=false reason=NO_GOAL odom=(-0.01,-0.01,-0.07) goal=none tracking_setpoint_enu=(-0.01,-0.01,0.78) setpoint_ned=none yaw(desired/cmd/rate)=(0.00/0.00/0.00) cross_track=0.00 frame_id=px4_ned path_points=0 odom_source=/mavros/local_position/odom cloud_source=/saved_map mavros_connected=true
[offboard_waypoint_node-1] [INFO] [1786451211.625150491] [offboard_waypoint_node]: [EV_HOLD_WAIT] continuous_healthy=1.34s required=7.50s
[offboard_waypoint_node-1] [INFO] [1786451211.625212669] [offboard_waypoint_node]: [CONTROL_ARBITER] selected_source=waiting_for_ev_ground_reference state=WAITING_FOR_ODOM
[fastlio_bridge_node-2] [INFO] [1786451212.081075581] [fastlio_bridge_node]: 已桥接并转换里程计: ENU(-0.00, -0.01, -0.00) -> NED(0.00, -0.01, 0.00)
[ego_planner_node-10] [FSM]: state: WAIT_TARGET
[ego_planner_node-10] wait for goal or trigger.
[race_ego_cloud_bridge-8] [INFO] [1786451212.404046429] [race_ego_cloud_bridge]: [EGO_STATIC_MAP_READY] topic=/saved_map frame=map points=9161 fused=true
[super_planner_ros2_node-6] [INFO] [1786451212.525248766] [super_planner_ros2_node]: SUPER_ROS2 mode=IDLE enable_output=false reason=NO_GOAL odom=(-0.00,-0.01,-0.08) goal=none tracking_setpoint_enu=(-0.00,-0.01,0.78) setpoint_ned=none yaw(desired/cmd/rate)=(0.00/0.00/0.00) cross_track=0.00 frame_id=px4_ned path_points=0 odom_source=/mavros/local_position/odom cloud_source=/saved_map mavros_connected=true
[offboard_waypoint_node-1] [INFO] [1786451212.631501483] [offboard_waypoint_node]: [EV_HOLD_WAIT] continuous_healthy=2.35s required=7.50s
[offboard_waypoint_node-1] [INFO] [1786451212.631865544] [offboard_waypoint_node]: [CONTROL_ARBITER] selected_source=waiting_for_ev_ground_reference state=WAITING_FOR_ODOM
[ego_planner_node-10] [FSM]: state: WAIT_TARGET
[ego_planner_node-10] wait for goal or trigger.
[super_planner_ros2_node-6] [INFO] [1786451213.575081328] [super_planner_ros2_node]: SUPER_ROS2 mode=IDLE enable_output=false reason=NO_GOAL odom=(0.00,-0.01,-0.08) goal=none tracking_setpoint_enu=(0.00,-0.01,0.78) setpoint_ned=none yaw(desired/cmd/rate)=(0.00/0.00/0.00) cross_track=0.00 frame_id=px4_ned path_points=0 odom_source=/mavros/local_position/odom cloud_source=/saved_map mavros_connected=true
[offboard_waypoint_node-1] [INFO] [1786451213.675429897] [offboard_waypoint_node]: [EV_HOLD_WAIT] continuous_healthy=3.39s required=7.50s
[offboard_waypoint_node-1] [INFO] [1786451213.675608528] [offboard_waypoint_node]: [CONTROL_ARBITER] selected_source=waiting_for_ev_ground_reference state=WAITING_FOR_ODOM
[fastlio_bridge_node-2] [INFO] [1786451214.080707359] [fastlio_bridge_node]: 已桥接并转换里程计: ENU(0.00, -0.01, -0.00) -> NED(-0.00, -0.01, 0.00)
[ego_planner_node-10] [FSM]: state: WAIT_TARGET
[ego_planner_node-10] wait for goal or trigger.
[race_ego_cloud_bridge-8] [INFO] [1786451214.402689619] [race_ego_cloud_bridge]: [EGO_STATIC_MAP_READY] topic=/saved_map frame=map points=9161 fused=true
[offboard_waypoint_node-1] [INFO] [1786451214.675756957] [offboard_waypoint_node]: [EV_HOLD_WAIT] continuous_healthy=4.39s required=7.50s
[offboard_waypoint_node-1] [INFO] [1786451214.676142496] [offboard_waypoint_node]: [CONTROL_ARBITER] selected_source=waiting_for_ev_ground_reference state=WAITING_FOR_ODOM
[super_planner_ros2_node-6] [INFO] [1786451214.896337475] [super_planner_ros2_node]: SUPER_ROS2 mode=IDLE enable_output=false reason=NO_GOAL odom=(0.01,-0.01,-0.08) goal=none tracking_setpoint_enu=(0.01,-0.01,0.78) setpoint_ned=none yaw(desired/cmd/rate)=(0.00/0.00/0.00) cross_track=0.00 frame_id=px4_ned path_points=0 odom_source=/mavros/local_position/odom cloud_source=/saved_map mavros_connected=true
[offboard_waypoint_node-1] [INFO] [1786451214.905607855] [offboard_waypoint_node]: [EV_HEALTH] state=SUSPECT continuous_healthy=0.00s
[ego_planner_node-10] [FSM]: state: WAIT_TARGET
[ego_planner_node-10] wait for goal or trigger.
[offboard_waypoint_node-1] [INFO] [1786451215.675958752] [offboard_waypoint_node]: [EV_HOLD_WAIT] continuous_healthy=0.00s required=7.50s
[offboard_waypoint_node-1] [INFO] [1786451215.676427852] [offboard_waypoint_node]: [CONTROL_ARBITER] selected_source=waiting_for_ev_ground_reference state=WAITING_FOR_ODOM
[super_planner_ros2_node-6] [INFO] [1786451215.925368697] [super_planner_ros2_node]: SUPER_ROS2 mode=IDLE enable_output=false reason=NO_GOAL odom=(0.00,-0.01,-0.08) goal=none tracking_setpoint_enu=(0.00,-0.01,0.78) setpoint_ned=none yaw(desired/cmd/rate)=(0.00/0.00/0.00) cross_track=0.00 frame_id=px4_ned path_points=0 odom_source=/mavros/local_position/odom cloud_source=/saved_map mavros_connected=true
[fastlio_bridge_node-2] [INFO] [1786451216.085737665] [fastlio_bridge_node]: 已桥接并转换里程计: ENU(0.00, -0.01, 0.01) -> NED(-0.00, -0.01, -0.01)
[ego_planner_node-10] [FSM]: state: WAIT_TARGET
[ego_planner_node-10] wait for goal or trigger.
[race_ego_cloud_bridge-8] [INFO] [1786451216.404100653] [race_ego_cloud_bridge]: [EGO_STATIC_MAP_READY] topic=/saved_map frame=map points=9161 fused=true
[offboard_waypoint_node-1] [INFO] [1786451216.725691789] [offboard_waypoint_node]: [EV_HOLD_WAIT] continuous_healthy=0.00s required=7.50s
[offboard_waypoint_node-1] [INFO] [1786451216.726036202] [offboard_waypoint_node]: [CONTROL_ARBITER] selected_source=waiting_for_ev_ground_reference state=WAITING_FOR_ODOM
[super_planner_ros2_node-6] [INFO] [1786451216.978466727] [super_planner_ros2_node]: SUPER_ROS2 mode=IDLE enable_output=false reason=NO_GOAL odom=(0.00,-0.01,-0.08) goal=none tracking_setpoint_enu=(0.00,-0.01,0.78) setpoint_ned=none yaw(desired/cmd/rate)=(0.00/0.00/0.00) cross_track=0.00 frame_id=px4_ned path_points=0 odom_source=/mavros/local_position/odom cloud_source=/saved_map mavros_connected=true
[offboard_waypoint_node-1] [INFO] [1786451216.987114965] [offboard_waypoint_node]: [EV_HEALTH] state=HEALTHY continuous_healthy=0.00s
[ego_planner_node-10] [FSM]: state: WAIT_TARGET
[ego_planner_node-10] wait for goal or trigger.
[offboard_waypoint_node-1] [INFO] [1786451217.775859985] [offboard_waypoint_node]: [EV_HOLD_WAIT] continuous_healthy=0.79s required=7.50s
[offboard_waypoint_node-1] [INFO] [1786451217.776078948] [offboard_waypoint_node]: [CONTROL_ARBITER] selected_source=waiting_for_ev_ground_reference state=WAITING_FOR_ODOM
[super_planner_ros2_node-6] [INFO] [1786451218.025415909] [super_planner_ros2_node]: SUPER_ROS2 mode=IDLE enable_output=false reason=NO_GOAL odom=(-0.00,-0.01,-0.08) goal=none tracking_setpoint_enu=(-0.00,-0.01,0.78) setpoint_ned=none yaw(desired/cmd/rate)=(0.00/0.00/0.00) cross_track=0.00 frame_id=px4_ned path_points=0 odom_source=/mavros/local_position/odom cloud_source=/saved_map mavros_connected=true
[fastlio_bridge_node-2] [INFO] [1786451218.080693103] [fastlio_bridge_node]: 已桥接并转换里程计: ENU(0.00, -0.01, 0.00) -> NED(-0.00, -0.01, -0.00)
[ego_planner_node-10] [FSM]: state: WAIT_TARGET
[ego_planner_node-10] wait for goal or trigger.
[race_ego_cloud_bridge-8] [INFO] [1786451218.403053727] [race_ego_cloud_bridge]: [EGO_STATIC_MAP_READY] topic=/saved_map frame=map points=9161 fused=true
[offboard_waypoint_node-1] [INFO] [1786451218.825729390] [offboard_waypoint_node]: [EV_HOLD_WAIT] continuous_healthy=1.84s required=7.50s
[offboard_waypoint_node-1] [INFO] [1786451218.825817652] [offboard_waypoint_node]: [CONTROL_ARBITER] selected_source=waiting_for_ev_ground_reference state=WAITING_FOR_ODOM
[super_planner_ros2_node-6] [INFO] [1786451219.025451013] [super_planner_ros2_node]: SUPER_ROS2 mode=IDLE enable_output=false reason=NO_GOAL odom=(-0.00,-0.01,-0.08) goal=none tracking_setpoint_enu=(-0.00,-0.01,0.78) setpoint_ned=none yaw(desired/cmd/rate)=(0.00/0.00/0.00) cross_track=0.00 frame_id=px4_ned path_points=0 odom_source=/mavros/local_position/odom cloud_source=/saved_map mavros_connected=true
[ego_planner_node-10] [FSM]: state: WAIT_TARGET
[ego_planner_node-10] wait for goal or trigger.
[offboard_waypoint_node-1] [INFO] [1786451219.825815948] [offboard_waypoint_node]: [EV_HOLD_WAIT] continuous_healthy=2.84s required=7.50s
[offboard_waypoint_node-1] [INFO] [1786451219.825878294] [offboard_waypoint_node]: [CONTROL_ARBITER] selected_source=waiting_for_ev_ground_reference state=WAITING_FOR_ODOM
[super_planner_ros2_node-6] [INFO] [1786451220.025551530] [super_planner_ros2_node]: SUPER_ROS2 mode=IDLE enable_output=false reason=NO_GOAL odom=(0.01,-0.01,-0.08) goal=none tracking_setpoint_enu=(0.01,-0.01,0.78) setpoint_ned=none yaw(desired/cmd/rate)=(0.00/0.00/0.00) cross_track=0.00 frame_id=px4_ned path_points=0 odom_source=/mavros/local_position/odom cloud_source=/saved_map mavros_connected=true
[fastlio_bridge_node-2] [INFO] [1786451220.079443083] [fastlio_bridge_node]: 已桥接并转换里程计: ENU(0.00, -0.01, 0.00) -> NED(-0.00, -0.01, -0.00)
[ego_planner_node-10] [FSM]: state: WAIT_TARGET
[ego_planner_node-10] wait for goal or trigger.
[race_ego_cloud_bridge-8] [INFO] [1786451220.404232338] [race_ego_cloud_bridge]: [EGO_STATIC_MAP_READY] topic=/saved_map frame=map points=9161 fused=true
[offboard_waypoint_node-1] [INFO] [1786451220.826070953] [offboard_waypoint_node]: [EV_HOLD_WAIT] continuous_healthy=3.84s required=7.50s
[offboard_waypoint_node-1] [INFO] [1786451220.826337702] [offboard_waypoint_node]: [CONTROL_ARBITER] selected_source=waiting_for_ev_ground_reference state=WAITING_FOR_ODOM
[super_planner_ros2_node-6] [INFO] [1786451221.026152599] [super_planner_ros2_node]: SUPER_ROS2 mode=IDLE enable_output=false reason=NO_GOAL odom=(0.00,-0.01,-0.08) goal=none tracking_setpoint_enu=(0.00,-0.01,0.78) setpoint_ned=none yaw(desired/cmd/rate)=(0.00/0.00/0.00) cross_track=0.00 frame_id=px4_ned path_points=0 odom_source=/mavros/local_position/odom cloud_source=/saved_map mavros_connected=true
[ego_planner_node-10] [FSM]: state: WAIT_TARGET
[ego_planner_node-10] wait for goal or trigger.
[offboard_waypoint_node-1] [INFO] [1786451221.876015078] [offboard_waypoint_node]: [EV_HOLD_WAIT] continuous_healthy=4.89s required=7.50s
[offboard_waypoint_node-1] [INFO] [1786451221.876202831] [offboard_waypoint_node]: [CONTROL_ARBITER] selected_source=waiting_for_ev_ground_reference state=WAITING_FOR_ODOM
[super_planner_ros2_node-6] [INFO] [1786451222.075613908] [super_planner_ros2_node]: SUPER_ROS2 mode=IDLE enable_output=false reason=NO_GOAL odom=(0.00,-0.01,-0.08) goal=none tracking_setpoint_enu=(0.00,-0.01,0.78) setpoint_ned=none yaw(desired/cmd/rate)=(0.00/0.00/0.00) cross_track=0.00 frame_id=px4_ned path_points=0 odom_source=/mavros/local_position/odom cloud_source=/saved_map mavros_connected=true
[fastlio_bridge_node-2] [INFO] [1786451222.082269764] [fastlio_bridge_node]: 已桥接并转换里程计: ENU(0.00, -0.01, 0.01) -> NED(-0.00, -0.01, -0.01)
[ego_planner_node-10] [FSM]: state: WAIT_TARGET
[ego_planner_node-10] wait for goal or trigger.
[race_ego_cloud_bridge-8] [INFO] [1786451222.403734449] [race_ego_cloud_bridge]: [EGO_STATIC_MAP_READY] topic=/saved_map frame=map points=9161 fused=true
[offboard_waypoint_node-1] [INFO] [1786451222.876063367] [offboard_waypoint_node]: [EV_HOLD_WAIT] continuous_healthy=5.89s required=7.50s
[offboard_waypoint_node-1] [INFO] [1786451222.876298821] [offboard_waypoint_node]: [CONTROL_ARBITER] selected_source=waiting_for_ev_ground_reference state=WAITING_FOR_ODOM
[super_planner_ros2_node-6] [INFO] [1786451223.075823717] [super_planner_ros2_node]: SUPER_ROS2 mode=IDLE enable_output=false reason=NO_GOAL odom=(-0.00,-0.01,-0.08) goal=none tracking_setpoint_enu=(-0.00,-0.01,0.78) setpoint_ned=none yaw(desired/cmd/rate)=(0.00/0.00/0.00) cross_track=0.00 frame_id=px4_ned path_points=0 odom_source=/mavros/local_position/odom cloud_source=/saved_map mavros_connected=true
[mapping_manager_node-5] [INFO] [1786451223.237507065] [mapping_manager_node]: Mapping status: in_flight=false, map_loaded=false, map_saved=false
[ego_planner_node-10] [FSM]: state: WAIT_TARGET
[ego_planner_node-10] wait for goal or trigger.
[offboard_waypoint_node-1] [INFO] [1786451223.926023967] [offboard_waypoint_node]: [EV_HOLD_WAIT] continuous_healthy=6.94s required=7.50s
[offboard_waypoint_node-1] [INFO] [1786451223.927009884] [offboard_waypoint_node]: [CONTROL_ARBITER] selected_source=waiting_for_ev_ground_reference state=WAITING_FOR_ODOM
[super_planner_ros2_node-6] [INFO] [1786451224.075934172] [super_planner_ros2_node]: SUPER_ROS2 mode=IDLE enable_output=false reason=NO_GOAL odom=(-0.00,-0.01,-0.08) goal=none tracking_setpoint_enu=(-0.00,-0.01,0.78) setpoint_ned=none yaw(desired/cmd/rate)=(0.00/0.00/0.00) cross_track=0.00 frame_id=px4_ned path_points=0 odom_source=/mavros/local_position/odom cloud_source=/saved_map mavros_connected=true
[fastlio_bridge_node-2] [INFO] [1786451224.081525789] [fastlio_bridge_node]: 已桥接并转换里程计: ENU(-0.00, -0.01, -0.00) -> NED(0.00, -0.01, 0.00)
[race_ego_cloud_bridge-8] [INFO] [1786451224.404074721] [race_ego_cloud_bridge]: [EGO_STATIC_MAP_READY] topic=/saved_map frame=map points=9161 fused=true
[ego_planner_node-10] [FSM]: state: WAIT_TARGET
[ego_planner_node-10] wait for goal or trigger.
[offboard_waypoint_node-1] [WARN] [1786451224.526047602] [offboard_waypoint_node]: [HOLD_POSITION] x=-0.005 y=-0.002 z=0.081 yaw=1.568 reason=EV-ready startup idle hold
[offboard_waypoint_node-1] [WARN] [1786451224.526103409] [offboard_waypoint_node]: [CONTROL_STATE] WAITING_FOR_ODOM -> IDLE_HOLD: no active goal
[offboard_waypoint_node-1] [INFO] [1786451224.526192479] [offboard_waypoint_node]: [HOLD_ERROR] position_error=0.000 velocity=0.009 state=IDLE_HOLD
[offboard_waypoint_node-1] [INFO] [1786451224.976337802] [offboard_waypoint_node]: [CONTROL_ARBITER] selected_source=safety_hold state=IDLE_HOLD
[super_planner_ros2_node-6] [INFO] [1786451225.076194519] [super_planner_ros2_node]: SUPER_ROS2 mode=IDLE enable_output=false reason=NO_GOAL odom=(-0.00,-0.00,-0.08) goal=none tracking_setpoint_enu=(-0.00,-0.00,0.78) setpoint_ned=none yaw(desired/cmd/rate)=(0.00/0.00/0.00) cross_track=0.00 frame_id=px4_ned path_points=0 odom_source=/mavros/local_position/odom cloud_source=/saved_map mavros_connected=true
[ego_planner_node-10] [FSM]: state: WAIT_TARGET
[ego_planner_node-10] wait for goal or trigger.
[offboard_waypoint_node-1] [INFO] [1786451225.526228171] [offboard_waypoint_node]: [HOLD_ERROR] position_error=0.006 velocity=0.010 state=IDLE_HOLD
[offboard_waypoint_node-1] [INFO] [1786451225.976366875] [offboard_waypoint_node]: [CONTROL_ARBITER] selected_source=safety_hold state=IDLE_HOLD
[super_planner_ros2_node-6] [INFO] [1786451226.125762155] [super_planner_ros2_node]: SUPER_ROS2 mode=IDLE enable_output=false reason=NO_GOAL odom=(0.00,-0.01,-0.08) goal=none tracking_setpoint_enu=(0.00,-0.01,0.78) setpoint_ned=none yaw(desired/cmd/rate)=(0.00/0.00/0.00) cross_track=0.00 frame_id=px4_ned path_points=0 odom_source=/mavros/local_position/odom cloud_source=/saved_map mavros_connected=true
[race_ego_cloud_bridge-8] [INFO] [1786451226.404179930] [race_ego_cloud_bridge]: [EGO_STATIC_MAP_READY] topic=/saved_map frame=map points=9161 fused=true
[offboard_waypoint_node-1] [INFO] [1786451226.526720144] [offboard_waypoint_node]: [HOLD_ERROR] position_error=0.006 velocity=0.000 state=IDLE_HOLD
[ego_planner_node-10] [FSM]: state: WAIT_TARGET
[ego_planner_node-10] wait for goal or trigger.
[offboard_waypoint_node-1] [INFO] [1786451226.976789248] [offboard_waypoint_node]: [CONTROL_ARBITER] selected_source=safety_hold state=IDLE_HOLD
[super_planner_ros2_node-6] [INFO] [1786451227.125991510] [super_planner_ros2_node]: SUPER_ROS2 mode=IDLE enable_output=false reason=NO_GOAL odom=(0.00,-0.01,-0.08) goal=none tracking_setpoint_enu=(0.00,-0.01,0.78) setpoint_ned=none yaw(desired/cmd/rate)=(0.00/0.00/0.00) cross_track=0.00 frame_id=px4_ned path_points=0 odom_source=/mavros/local_position/odom cloud_source=/saved_map mavros_connected=true
[offboard_waypoint_node-1] [INFO] [1786451227.576269304] [offboard_waypoint_node]: [HOLD_ERROR] position_error=0.013 velocity=0.015 state=IDLE_HOLD
[ego_planner_node-10] [FSM]: state: WAIT_TARGET
[ego_planner_node-10] wait for goal or trigger.
[offboard_waypoint_node-1] [INFO] [1786451228.026298196] [offboard_waypoint_node]: [CONTROL_ARBITER] selected_source=safety_hold state=IDLE_HOLD
[fastlio_bridge_node-2] [INFO] [1786451228.080884797] [fastlio_bridge_node]: 已桥接并转换里程计: ENU(-0.00, -0.01, -0.00) -> NED(0.00, -0.01, 0.00)
[super_planner_ros2_node-6] [INFO] [1786451228.126034209] [super_planner_ros2_node]: SUPER_ROS2 mode=IDLE enable_output=false reason=NO_GOAL odom=(0.00,-0.02,-0.08) goal=none tracking_setpoint_enu=(0.00,-0.02,0.78) setpoint_ned=none yaw(desired/cmd/rate)=(0.00/0.00/0.00) cross_track=0.00 frame_id=px4_ned path_points=0 odom_source=/mavros/local_position/odom cloud_source=/saved_map mavros_connected=true
[race_ego_cloud_bridge-8] [INFO] [1786451228.403372765] [race_ego_cloud_bridge]: [EGO_STATIC_MAP_READY] topic=/saved_map frame=map points=9161 fused=true
[offboard_waypoint_node-1] [INFO] [1786451228.576649683] [offboard_waypoint_node]: [HOLD_ERROR] position_error=0.016 velocity=0.014 state=IDLE_HOLD
[ego_planner_node-10] [FSM]: state: WAIT_TARGET
[ego_planner_node-10] wait for goal or trigger.
[offboard_waypoint_node-1] [INFO] [1786451229.026333128] [offboard_waypoint_node]: [CONTROL_ARBITER] selected_source=safety_hold state=IDLE_HOLD
[super_planner_ros2_node-6] [INFO] [1786451229.126697655] [super_planner_ros2_node]: SUPER_ROS2 mode=IDLE enable_output=false reason=NO_GOAL odom=(0.00,-0.02,-0.08) goal=none tracking_setpoint_enu=(0.00,-0.02,0.78) setpoint_ned=none yaw(desired/cmd/rate)=(0.00/0.00/0.00) cross_track=0.00 frame_id=px4_ned path_points=0 odom_source=/mavros/local_position/odom cloud_source=/saved_map mavros_connected=true
[offboard_waypoint_node-1] [INFO] [1786451229.577009900] [offboard_waypoint_node]: [HOLD_ERROR] position_error=0.016 velocity=0.008 state=IDLE_HOLD
[ego_planner_node-10] [FSM]: state: WAIT_TARGET
[ego_planner_node-10] wait for goal or trigger.
[offboard_waypoint_node-1] [INFO] [1786451230.026642513] [offboard_waypoint_node]: [CONTROL_ARBITER] selected_source=safety_hold state=IDLE_HOLD
[fastlio_bridge_node-2] [INFO] [1786451230.079902285] [fastlio_bridge_node]: 已桥接并转换里程计: ENU(0.00, -0.01, 0.01) -> NED(-0.00, -0.01, -0.01)
[super_planner_ros2_node-6] [INFO] [1786451230.176462946] [super_planner_ros2_node]: SUPER_ROS2 mode=IDLE enable_output=false reason=NO_GOAL odom=(0.00,-0.01,-0.08) goal=none tracking_setpoint_enu=(0.00,-0.01,0.78) setpoint_ned=none yaw(desired/cmd/rate)=(0.00/0.00/0.00) cross_track=0.00 frame_id=px4_ned path_points=0 odom_source=/mavros/local_position/odom cloud_source=/saved_map mavros_connected=true
[race_ego_cloud_bridge-8] [INFO] [1786451230.403528725] [race_ego_cloud_bridge]: [EGO_STATIC_MAP_READY] topic=/saved_map frame=map points=9161 fused=true
[offboard_waypoint_node-1] [INFO] [1786451230.626344029] [offboard_waypoint_node]: [HOLD_ERROR] position_error=0.010 velocity=0.004 state=IDLE_HOLD
[ego_planner_node-10] [FSM]: state: WAIT_TARGET
[ego_planner_node-10] wait for goal or trigger.
[offboard_waypoint_node-1] [INFO] [1786451231.076447368] [offboard_waypoint_node]: [CONTROL_ARBITER] selected_source=safety_hold state=IDLE_HOLD
[super_planner_ros2_node-6] [INFO] [1786451231.176554540] [super_planner_ros2_node]: SUPER_ROS2 mode=IDLE enable_output=false reason=NO_GOAL odom=(0.00,-0.01,-0.08) goal=none tracking_setpoint_enu=(0.00,-0.01,0.78) setpoint_ned=none yaw(desired/cmd/rate)=(0.00/0.00/0.00) cross_track=0.00 frame_id=px4_ned path_points=0 odom_source=/mavros/local_position/odom cloud_source=/saved_map mavros_connected=true
[offboard_waypoint_node-1] [INFO] [1786451231.626547653] [offboard_waypoint_node]: [HOLD_ERROR] position_error=0.010 velocity=0.002 state=IDLE_HOLD
[ego_planner_node-10] [FSM]: state: WAIT_TARGET
[ego_planner_node-10] wait for goal or trigger.
[offboard_waypoint_node-1] [INFO] [1786451232.076875638] [offboard_waypoint_node]: [CONTROL_ARBITER] selected_source=safety_hold state=IDLE_HOLD
[fastlio_bridge_node-2] [INFO] [1786451232.083430986] [fastlio_bridge_node]: 已桥接并转换里程计: ENU(0.00, -0.01, 0.00) -> NED(-0.00, -0.01, -0.00)
[super_planner_ros2_node-6] [INFO] [1786451232.226044122] [super_planner_ros2_node]: SUPER_ROS2 mode=IDLE enable_output=false reason=NO_GOAL odom=(0.00,-0.01,-0.08) goal=none tracking_setpoint_enu=(0.00,-0.01,0.78) setpoint_ned=none yaw(desired/cmd/rate)=(0.00/0.00/0.00) cross_track=0.00 frame_id=px4_ned path_points=0 odom_source=/mavros/local_position/odom cloud_source=/saved_map mavros_connected=true
[race_ego_cloud_bridge-8] [INFO] [1786451232.404430347] [race_ego_cloud_bridge]: [EGO_STATIC_MAP_READY] topic=/saved_map frame=map points=9161 fused=true
[offboard_waypoint_node-1] [INFO] [1786451232.676646104] [offboard_waypoint_node]: [HOLD_ERROR] position_error=0.011 velocity=0.005 state=IDLE_HOLD
[ego_planner_node-10] [FSM]: state: WAIT_TARGET
[ego_planner_node-10] wait for goal or trigger.
[offboard_waypoint_node-1] [INFO] [1786451233.076942840] [offboard_waypoint_node]: [CONTROL_ARBITER] selected_source=safety_hold state=IDLE_HOLD
[super_planner_ros2_node-6] [INFO] [1786451233.226342154] [super_planner_ros2_node]: SUPER_ROS2 mode=IDLE enable_output=false reason=NO_GOAL odom=(0.00,-0.01,-0.08) goal=none tracking_setpoint_enu=(0.00,-0.01,0.78) setpoint_ned=none yaw(desired/cmd/rate)=(0.00/0.00/0.00) cross_track=0.00 frame_id=px4_ned path_points=0 odom_source=/mavros/local_position/odom cloud_source=/saved_map mavros_connected=true
[offboard_waypoint_node-1] [INFO] [1786451233.726429684] [offboard_waypoint_node]: [HOLD_ERROR] position_error=0.011 velocity=0.007 state=IDLE_HOLD
[ego_planner_node-10] [FSM]: state: WAIT_TARGET
[ego_planner_node-10] wait for goal or trigger.
[fastlio_bridge_node-2] [INFO] [1786451234.079333641] [fastlio_bridge_node]: 已桥接并转换里程计: ENU(0.00, -0.01, -0.00) -> NED(-0.00, -0.01, 0.00)
[offboard_waypoint_node-1] [INFO] [1786451234.126493695] [offboard_waypoint_node]: [CONTROL_ARBITER] selected_source=safety_hold state=IDLE_HOLD
[super_planner_ros2_node-6] [INFO] [1786451234.276288868] [super_planner_ros2_node]: SUPER_ROS2 mode=IDLE enable_output=false reason=NO_GOAL odom=(-0.00,-0.01,-0.08) goal=none tracking_setpoint_enu=(-0.00,-0.01,0.78) setpoint_ned=none yaw(desired/cmd/rate)=(0.00/0.00/0.00) cross_track=0.00 frame_id=px4_ned path_points=0 odom_source=/mavros/local_position/odom cloud_source=/saved_map mavros_connected=true
[race_ego_cloud_bridge-8] [INFO] [1786451234.403773223] [race_ego_cloud_bridge]: [EGO_STATIC_MAP_READY] topic=/saved_map frame=map points=9161 fused=true
[offboard_waypoint_node-1] [INFO] [1786451234.726989622] [offboard_waypoint_node]: [HOLD_ERROR] position_error=0.009 velocity=0.003 state=IDLE_HOLD
[ego_planner_node-10] [FSM]: state: WAIT_TARGET
[ego_planner_node-10] wait for goal or trigger.
[offboard_waypoint_node-1] [INFO] [1786451235.126898381] [offboard_waypoint_node]: [CONTROL_ARBITER] selected_source=safety_hold state=IDLE_HOLD
[super_planner_ros2_node-6] [INFO] [1786451235.276322872] [super_planner_ros2_node]: SUPER_ROS2 mode=IDLE enable_output=false reason=NO_GOAL odom=(-0.00,-0.01,-0.08) goal=none tracking_setpoint_enu=(-0.00,-0.01,0.78) setpoint_ned=none yaw(desired/cmd/rate)=(0.00/0.00/0.00) cross_track=0.00 frame_id=px4_ned path_points=0 odom_source=/mavros/local_position/odom cloud_source=/saved_map mavros_connected=true
[offboard_waypoint_node-1] [INFO] [1786451235.727210580] [offboard_waypoint_node]: [HOLD_ERROR] position_error=0.010 velocity=0.003 state=IDLE_HOLD
[ego_planner_node-10] [FSM]: state: WAIT_TARGET
[ego_planner_node-10] wait for goal or trigger.
[fastlio_bridge_node-2] [INFO] [1786451236.081713453] [fastlio_bridge_node]: 已桥接并转换里程计: ENU(0.00, -0.01, -0.00) -> NED(-0.00, -0.01, 0.00)
[offboard_waypoint_node-1] [INFO] [1786451236.126971224] [offboard_waypoint_node]: [CONTROL_ARBITER] selected_source=safety_hold state=IDLE_HOLD
[super_planner_ros2_node-6] [INFO] [1786451236.276414992] [super_planner_ros2_node]: SUPER_ROS2 mode=IDLE enable_output=false reason=NO_GOAL odom=(0.01,-0.01,-0.07) goal=none tracking_setpoint_enu=(0.01,-0.01,0.78) setpoint_ned=none yaw(desired/cmd/rate)=(0.00/0.00/0.00) cross_track=0.00 frame_id=px4_ned path_points=0 odom_source=/mavros/local_position/odom cloud_source=/saved_map mavros_connected=true
[race_ego_cloud_bridge-8] [INFO] [1786451236.403719103] [race_ego_cloud_bridge]: [EGO_STATIC_MAP_READY] topic=/saved_map frame=map points=9161 fused=true
[offboard_waypoint_node-1] [INFO] [1786451236.776544757] [offboard_waypoint_node]: [HOLD_ERROR] position_error=0.012 velocity=0.010 state=IDLE_HOLD
[ego_planner_node-10] [FSM]: state: WAIT_TARGET
[ego_planner_node-10] wait for goal or trigger.
[offboard_waypoint_node-1] [INFO] [1786451237.127165500] [offboard_waypoint_node]: [CONTROL_ARBITER] selected_source=safety_hold state=IDLE_HOLD
[super_planner_ros2_node-6] [INFO] [1786451237.326455199] [super_planner_ros2_node]: SUPER_ROS2 mode=IDLE enable_output=false reason=NO_GOAL odom=(0.01,-0.01,-0.08) goal=none tracking_setpoint_enu=(0.01,-0.01,0.78) setpoint_ned=none yaw(desired/cmd/rate)=(0.00/0.00/0.00) cross_track=0.00 frame_id=px4_ned path_points=0 odom_source=/mavros/local_position/odom cloud_source=/saved_map mavros_connected=true
[offboard_waypoint_node-1] [INFO] [1786451237.776758059] [offboard_waypoint_node]: [HOLD_ERROR] position_error=0.009 velocity=0.005 state=IDLE_HOLD
[ego_planner_node-10] [FSM]: state: WAIT_TARGET
[ego_planner_node-10] wait for goal or trigger.
[fastlio_bridge_node-2] [INFO] [1786451238.081912736] [fastlio_bridge_node]: 已桥接并转换里程计: ENU(0.00, -0.01, 0.01) -> NED(-0.00, -0.01, -0.01)
[offboard_waypoint_node-1] [INFO] [1786451238.176693261] [offboard_waypoint_node]: [CONTROL_ARBITER] selected_source=safety_hold state=IDLE_HOLD
[super_planner_ros2_node-6] [INFO] [1786451238.326476844] [super_planner_ros2_node]: SUPER_ROS2 mode=IDLE enable_output=false reason=NO_GOAL odom=(0.00,-0.01,-0.08) goal=none tracking_setpoint_enu=(0.00,-0.01,0.78) setpoint_ned=none yaw(desired/cmd/rate)=(0.00/0.00/0.00) cross_track=0.00 frame_id=px4_ned path_points=0 odom_source=/mavros/local_position/odom cloud_source=/saved_map mavros_connected=true
[race_ego_cloud_bridge-8] [INFO] [1786451238.403831695] [race_ego_cloud_bridge]: [EGO_STATIC_MAP_READY] topic=/saved_map frame=map points=9161 fused=true
[offboard_waypoint_node-1] [INFO] [1786451238.826533102] [offboard_waypoint_node]: [HOLD_ERROR] position_error=0.012 velocity=0.006 state=IDLE_HOLD
[ego_planner_node-10] [FSM]: state: WAIT_TARGET
[ego_planner_node-10] wait for goal or trigger.
[offboard_waypoint_node-1] [INFO] [1786451239.226609656] [offboard_waypoint_node]: [CONTROL_ARBITER] selected_source=safety_hold state=IDLE_HOLD
[super_planner_ros2_node-6] [INFO] [1786451239.376303252] [super_planner_ros2_node]: SUPER_ROS2 mode=IDLE enable_output=false reason=NO_GOAL odom=(0.01,-0.01,-0.08) goal=none tracking_setpoint_enu=(0.01,-0.01,0.78) setpoint_ned=none yaw(desired/cmd/rate)=(0.00/0.00/0.00) cross_track=0.00 frame_id=px4_ned path_points=0 odom_source=/mavros/local_position/odom cloud_source=/saved_map mavros_connected=true
[offboard_waypoint_node-1] [INFO] [1786451239.826593952] [offboard_waypoint_node]: [HOLD_ERROR] position_error=0.012 velocity=0.004 state=IDLE_HOLD
[ego_planner_node-10] [FSM]: state: WAIT_TARGET
[ego_planner_node-10] wait for goal or trigger.
[fastlio_bridge_node-2] [INFO] [1786451240.081201035] [fastlio_bridge_node]: 已桥接并转换里程计: ENU(0.00, -0.01, -0.00) -> NED(-0.00, -0.01, 0.00)
[offboard_waypoint_node-1] [INFO] [1786451240.226906510] [offboard_waypoint_node]: [CONTROL_ARBITER] selected_source=safety_hold state=IDLE_HOLD
[super_planner_ros2_node-6] [INFO] [1786451240.376482097] [super_planner_ros2_node]: SUPER_ROS2 mode=IDLE enable_output=false reason=NO_GOAL odom=(0.00,-0.01,-0.08) goal=none tracking_setpoint_enu=(0.00,-0.01,0.78) setpoint_ned=none yaw(desired/cmd/rate)=(0.00/0.00/0.00) cross_track=0.00 frame_id=px4_ned path_points=0 odom_source=/mavros/local_position/odom cloud_source=/saved_map mavros_connected=true
[race_ego_cloud_bridge-8] [INFO] [1786451240.404454196] [race_ego_cloud_bridge]: [EGO_STATIC_MAP_READY] topic=/saved_map frame=map points=9161 fused=true
[offboard_waypoint_node-1] [INFO] [1786451240.876616576] [offboard_waypoint_node]: [HOLD_ERROR] position_error=0.005 velocity=0.011 state=IDLE_HOLD
[ego_planner_node-10] [FSM]: state: WAIT_TARGET
[ego_planner_node-10] wait for goal or trigger.
[offboard_waypoint_node-1] [INFO] [1786451241.277152833] [offboard_waypoint_node]: [CONTROL_ARBITER] selected_source=safety_hold state=IDLE_HOLD
[super_planner_ros2_node-6] [INFO] [1786451241.426189219] [super_planner_ros2_node]: SUPER_ROS2 mode=IDLE enable_output=false reason=NO_GOAL odom=(-0.00,-0.01,-0.08) goal=none tracking_setpoint_enu=(-0.00,-0.01,0.78) setpoint_ned=none yaw(desired/cmd/rate)=(0.00/0.00/0.00) cross_track=0.00 frame_id=px4_ned path_points=0 odom_source=/mavros/local_position/odom cloud_source=/saved_map mavros_connected=true
[ego_planner_node-10] [FSM]: state: WAIT_TARGET
[ego_planner_node-10] wait for goal or trigger.
[offboard_waypoint_node-1] [INFO] [1786451242.022483736] [offboard_waypoint_node]: [HOLD_ERROR] position_error=0.007 velocity=0.006 state=IDLE_HOLD
[fastlio_bridge_node-2] [INFO] [1786451242.079244256] [fastlio_bridge_node]: 已桥接并转换里程计: ENU(0.00, -0.01, 0.00) -> NED(-0.00, -0.01, -0.00)
[offboard_waypoint_node-1] [INFO] [1786451242.326650864] [offboard_waypoint_node]: [CONTROL_ARBITER] selected_source=safety_hold state=IDLE_HOLD
[race_ego_cloud_bridge-8] [INFO] [1786451242.403858181] [race_ego_cloud_bridge]: [EGO_STATIC_MAP_READY] topic=/saved_map frame=map points=9161 fused=true
[super_planner_ros2_node-6] [INFO] [1786451242.426200166] [super_planner_ros2_node]: SUPER_ROS2 mode=IDLE enable_output=false reason=NO_GOAL odom=(0.00,-0.01,-0.08) goal=none tracking_setpoint_enu=(0.00,-0.01,0.78) setpoint_ned=none yaw(desired/cmd/rate)=(0.00/0.00/0.00) cross_track=0.00 frame_id=px4_ned path_points=0 odom_source=/mavros/local_position/odom cloud_source=/saved_map mavros_connected=true
[ego_planner_node-10] [FSM]: state: WAIT_TARGET
[ego_planner_node-10] wait for goal or trigger.
[offboard_waypoint_node-1] [INFO] [1786451243.026655858] [offboard_waypoint_node]: [HOLD_ERROR] position_error=0.010 velocity=0.003 state=IDLE_HOLD
[offboard_waypoint_node-1] [INFO] [1786451243.326789711] [offboard_waypoint_node]: [CONTROL_ARBITER] selected_source=safety_hold state=IDLE_HOLD
[super_planner_ros2_node-6] [INFO] [1786451243.426388541] [super_planner_ros2_node]: SUPER_ROS2 mode=IDLE enable_output=false reason=NO_GOAL odom=(0.00,-0.01,-0.07) goal=none tracking_setpoint_enu=(0.00,-0.01,0.78) setpoint_ned=none yaw(desired/cmd/rate)=(0.00/0.00/0.00) cross_track=0.00 frame_id=px4_ned path_points=0 odom_source=/mavros/local_position/odom cloud_source=/saved_map mavros_connected=true
[ego_planner_node-10] [FSM]: state: WAIT_TARGET
[ego_planner_node-10] wait for goal or trigger.
[offboard_waypoint_node-1] [INFO] [1786451244.027098422] [offboard_waypoint_node]: [HOLD_ERROR] position_error=0.012 velocity=0.008 state=IDLE_HOLD
[fastlio_bridge_node-2] [INFO] [1786451244.083109269] [fastlio_bridge_node]: 已桥接并转换里程计: ENU(0.01, -0.01, -0.00) -> NED(-0.01, -0.01, 0.00)
[offboard_waypoint_node-1] [INFO] [1786451244.327078755] [offboard_waypoint_node]: [CONTROL_ARBITER] selected_source=safety_hold state=IDLE_HOLD
[race_ego_cloud_bridge-8] [INFO] [1786451244.404564651] [race_ego_cloud_bridge]: [EGO_STATIC_MAP_READY] topic=/saved_map frame=map points=9161 fused=true
[super_planner_ros2_node-6] [INFO] [1786451244.426642660] [super_planner_ros2_node]: SUPER_ROS2 mode=IDLE enable_output=false reason=NO_GOAL odom=(-0.00,-0.01,-0.08) goal=none tracking_setpoint_enu=(-0.00,-0.01,0.78) setpoint_ned=none yaw(desired/cmd/rate)=(0.00/0.00/0.00) cross_track=0.00 frame_id=px4_ned path_points=0 odom_source=/mavros/local_position/odom cloud_source=/saved_map mavros_connected=true
[ego_planner_node-10] [FSM]: state: WAIT_TARGET
[ego_planner_node-10] wait for goal or trigger.
[offboard_waypoint_node-1] [INFO] [1786451245.076661990] [offboard_waypoint_node]: [HOLD_ERROR] position_error=0.009 velocity=0.005 state=IDLE_HOLD
[offboard_waypoint_node-1] [INFO] [1786451245.376712429] [offboard_waypoint_node]: [CONTROL_ARBITER] selected_source=safety_hold state=IDLE_HOLD
[super_planner_ros2_node-6] [INFO] [1786451245.476347785] [super_planner_ros2_node]: SUPER_ROS2 mode=IDLE enable_output=false reason=NO_GOAL odom=(0.00,-0.01,-0.08) goal=none tracking_setpoint_enu=(0.00,-0.01,0.78) setpoint_ned=none yaw(desired/cmd/rate)=(0.00/0.00/0.00) cross_track=0.00 frame_id=px4_ned path_points=0 odom_source=/mavros/local_position/odom cloud_source=/saved_map mavros_connected=true
[ego_planner_node-10] [FSM]: state: WAIT_TARGET
[ego_planner_node-10] wait for goal or trigger.
[offboard_waypoint_node-1] [INFO] [1786451246.076864274] [offboard_waypoint_node]: [HOLD_ERROR] position_error=0.012 velocity=0.005 state=IDLE_HOLD
[fastlio_bridge_node-2] [INFO] [1786451246.080546635] [fastlio_bridge_node]: 已桥接并转换里程计: ENU(0.01, -0.01, 0.01) -> NED(-0.01, -0.01, -0.01)
[offboard_waypoint_node-1] [INFO] [1786451246.376765262] [offboard_waypoint_node]: [CONTROL_ARBITER] selected_source=safety_hold state=IDLE_HOLD
[race_ego_cloud_bridge-8] [INFO] [1786451246.403810324] [race_ego_cloud_bridge]: [EGO_STATIC_MAP_READY] topic=/saved_map frame=map points=9161 fused=true
[super_planner_ros2_node-6] [INFO] [1786451246.476725505] [super_planner_ros2_node]: SUPER_ROS2 mode=IDLE enable_output=false reason=NO_GOAL odom=(0.01,-0.01,-0.08) goal=none tracking_setpoint_enu=(0.01,-0.01,0.78) setpoint_ned=none yaw(desired/cmd/rate)=(0.00/0.00/0.00) cross_track=0.00 frame_id=px4_ned path_points=0 odom_source=/mavros/local_position/odom cloud_source=/saved_map mavros_connected=true
[ego_planner_node-10] [FSM]: state: WAIT_TARGET
[ego_planner_node-10] wait for goal or trigger.
[offboard_waypoint_node-1] [INFO] [1786451247.126985208] [offboard_waypoint_node]: [HOLD_ERROR] position_error=0.016 velocity=0.005 state=IDLE_HOLD
[offboard_waypoint_node-1] [INFO] [1786451247.377453091] [offboard_waypoint_node]: [CONTROL_ARBITER] selected_source=safety_hold state=IDLE_HOLD
[super_planner_ros2_node-6] [INFO] [1786451247.476904853] [super_planner_ros2_node]: SUPER_ROS2 mode=IDLE enable_output=false reason=NO_GOAL odom=(0.01,-0.01,-0.08) goal=none tracking_setpoint_enu=(0.01,-0.01,0.78) setpoint_ned=none yaw(desired/cmd/rate)=(0.00/0.00/0.00) cross_track=0.00 frame_id=px4_ned path_points=0 odom_source=/mavros/local_position/odom cloud_source=/saved_map mavros_connected=true
[ego_planner_node-10] [FSM]: state: WAIT_TARGET
[ego_planner_node-10] wait for goal or trigger.
[fastlio_bridge_node-2] [INFO] [1786451248.086598352] [fastlio_bridge_node]: 已桥接并转换里程计: ENU(0.00, -0.01, 0.00) -> NED(-0.00, -0.01, -0.00)
[offboard_waypoint_node-1] [INFO] [1786451248.177341122] [offboard_waypoint_node]: [HOLD_ERROR] position_error=0.013 velocity=0.005 state=IDLE_HOLD
[offboard_waypoint_node-1] [INFO] [1786451248.377534248] [offboard_waypoint_node]: [CONTROL_ARBITER] selected_source=safety_hold state=IDLE_HOLD
[race_ego_cloud_bridge-8] [INFO] [1786451248.405601899] [race_ego_cloud_bridge]: [EGO_STATIC_MAP_READY] topic=/saved_map frame=map points=9161 fused=true
[super_planner_ros2_node-6] [INFO] [1786451248.527944735] [super_planner_ros2_node]: SUPER_ROS2 mode=IDLE enable_output=false reason=NO_GOAL odom=(0.01,-0.01,-0.08) goal=none tracking_setpoint_enu=(0.01,-0.01,0.78) setpoint_ned=none yaw(desired/cmd/rate)=(0.00/0.00/0.00) cross_track=0.00 frame_id=px4_ned path_points=0 odom_source=/mavros/local_position/odom cloud_source=/saved_map mavros_connected=true
[ego_planner_node-10] [FSM]: state: WAIT_TARGET
[ego_planner_node-10] wait for goal or trigger.
[offboard_waypoint_node-1] [INFO] [1786451249.226810782] [offboard_waypoint_node]: [HOLD_ERROR] position_error=0.016 velocity=0.009 state=IDLE_HOLD
[offboard_waypoint_node-1] [INFO] [1786451249.426824662] [offboard_waypoint_node]: [CONTROL_ARBITER] selected_source=safety_hold state=IDLE_HOLD
[super_planner_ros2_node-6] [INFO] [1786451249.576375559] [super_planner_ros2_node]: SUPER_ROS2 mode=IDLE enable_output=false reason=NO_GOAL odom=(0.01,-0.02,-0.08) goal=none tracking_setpoint_enu=(0.01,-0.02,0.78) setpoint_ned=none yaw(desired/cmd/rate)=(0.00/0.00/0.00) cross_track=0.00 frame_id=px4_ned path_points=0 odom_source=/mavros/local_position/odom cloud_source=/saved_map mavros_connected=true
[fastlio_bridge_node-2] [INFO] [1786451250.071970684] [fastlio_bridge_node]: 已桥接并转换里程计: ENU(0.01, -0.01, 0.00) -> NED(-0.01, -0.01, -0.00)
[ego_planner_node-10] [FSM]: state: WAIT_TARGET
[ego_planner_node-10] wait for goal or trigger.
[offboard_waypoint_node-1] [INFO] [1786451250.226951775] [offboard_waypoint_node]: [HOLD_ERROR] position_error=0.016 velocity=0.005 state=IDLE_HOLD
[race_ego_cloud_bridge-8] [INFO] [1786451250.404929308] [race_ego_cloud_bridge]: [EGO_STATIC_MAP_READY] topic=/saved_map frame=map points=9161 fused=true
[offboard_waypoint_node-1] [INFO] [1786451250.476840547] [offboard_waypoint_node]: [CONTROL_ARBITER] selected_source=safety_hold state=IDLE_HOLD
[super_planner_ros2_node-6] [INFO] [1786451250.576431989] [super_planner_ros2_node]: SUPER_ROS2 mode=IDLE enable_output=false reason=NO_GOAL odom=(0.01,-0.01,-0.08) goal=none tracking_setpoint_enu=(0.01,-0.01,0.78) setpoint_ned=none yaw(desired/cmd/rate)=(0.00/0.00/0.00) cross_track=0.00 frame_id=px4_ned path_points=0 odom_source=/mavros/local_position/odom cloud_source=/saved_map mavros_connected=true
[ego_planner_node-10] [FSM]: state: WAIT_TARGET
[ego_planner_node-10] wait for goal or trigger.
[offboard_waypoint_node-1] [INFO] [1786451251.276830712] [offboard_waypoint_node]: [HOLD_ERROR] position_error=0.012 velocity=0.001 state=IDLE_HOLD
[offboard_waypoint_node-1] [INFO] [1786451251.476886444] [offboard_waypoint_node]: [CONTROL_ARBITER] selected_source=safety_hold state=IDLE_HOLD
[super_planner_ros2_node-6] [INFO] [1786451251.626444782] [super_planner_ros2_node]: SUPER_ROS2 mode=IDLE enable_output=false reason=NO_GOAL odom=(0.01,-0.01,-0.08) goal=none tracking_setpoint_enu=(0.01,-0.01,0.78) setpoint_ned=none yaw(desired/cmd/rate)=(0.00/0.00/0.00) cross_track=0.00 frame_id=px4_ned path_points=0 odom_source=/mavros/local_position/odom cloud_source=/saved_map mavros_connected=true
[fastlio_bridge_node-2] [INFO] [1786451252.071296610] [fastlio_bridge_node]: 已桥接并转换里程计: ENU(0.00, -0.01, 0.01) -> NED(-0.00, -0.01, -0.01)
[ego_planner_node-10] [FSM]: state: WAIT_TARGET
[ego_planner_node-10] wait for goal or trigger.
[offboard_waypoint_node-1] [INFO] [1786451252.277051495] [offboard_waypoint_node]: [HOLD_ERROR] position_error=0.010 velocity=0.003 state=IDLE_HOLD
[race_ego_cloud_bridge-8] [INFO] [1786451252.404063076] [race_ego_cloud_bridge]: [EGO_STATIC_MAP_READY] topic=/saved_map frame=map points=9161 fused=true
[offboard_waypoint_node-1] [INFO] [1786451252.476897359] [offboard_waypoint_node]: [CONTROL_ARBITER] selected_source=safety_hold state=IDLE_HOLD
[super_planner_ros2_node-6] [INFO] [1786451252.626504711] [super_planner_ros2_node]: SUPER_ROS2 mode=IDLE enable_output=false reason=NO_GOAL odom=(0.00,-0.01,-0.08) goal=none tracking_setpoint_enu=(0.00,-0.01,0.78) setpoint_ned=none yaw(desired/cmd/rate)=(0.00/0.00/0.00) cross_track=0.00 frame_id=px4_ned path_points=0 odom_source=/mavros/local_position/odom cloud_source=/saved_map mavros_connected=true
[ego_planner_node-10] [FSM]: state: WAIT_TARGET
[ego_planner_node-10] wait for goal or trigger.
[mapping_manager_node-5] [INFO] [1786451253.238238260] [mapping_manager_node]: Mapping status: in_flight=false, map_loaded=false, map_saved=false
[offboard_waypoint_node-1] [INFO] [1786451253.326866565] [offboard_waypoint_node]: [HOLD_ERROR] position_error=0.010 velocity=0.002 state=IDLE_HOLD
[offboard_waypoint_node-1] [INFO] [1786451253.526871064] [offboard_waypoint_node]: [CONTROL_ARBITER] selected_source=safety_hold state=IDLE_HOLD
[super_planner_ros2_node-6] [INFO] [1786451253.626541727] [super_planner_ros2_node]: SUPER_ROS2 mode=IDLE enable_output=false reason=NO_GOAL odom=(0.01,-0.01,-0.08) goal=none tracking_setpoint_enu=(0.01,-0.01,0.78) setpoint_ned=none yaw(desired/cmd/rate)=(0.00/0.00/0.00) cross_track=0.00 frame_id=px4_ned path_points=0 odom_source=/mavros/local_position/odom cloud_source=/saved_map mavros_connected=true
[fastlio_bridge_node-2] [INFO] [1786451254.070594524] [fastlio_bridge_node]: 已桥接并转换里程计: ENU(0.01, -0.01, 0.01) -> NED(-0.01, -0.01, -0.01)
[ego_planner_node-10] [FSM]: state: WAIT_TARGET
[ego_planner_node-10] wait for goal or trigger.
[offboard_waypoint_node-1] [INFO] [1786451254.326891165] [offboard_waypoint_node]: [HOLD_ERROR] position_error=0.011 velocity=0.001 state=IDLE_HOLD
[race_ego_cloud_bridge-8] [INFO] [1786451254.404780608] [race_ego_cloud_bridge]: [EGO_STATIC_MAP_READY] topic=/saved_map frame=map points=9161 fused=true
[offboard_waypoint_node-1] [INFO] [1786451254.526917780] [offboard_waypoint_node]: [CONTROL_ARBITER] selected_source=safety_hold state=IDLE_HOLD
[super_planner_ros2_node-6] [INFO] [1786451254.676528874] [super_planner_ros2_node]: SUPER_ROS2 mode=IDLE enable_output=false reason=NO_GOAL odom=(0.01,-0.01,-0.08) goal=none tracking_setpoint_enu=(0.01,-0.01,0.78) setpoint_ned=none yaw(desired/cmd/rate)=(0.00/0.00/0.00) cross_track=0.00 frame_id=px4_ned path_points=0 odom_source=/mavros/local_position/odom cloud_source=/saved_map mavros_connected=true
[ego_planner_node-10] [FSM]: state: WAIT_TARGET
[ego_planner_node-10] wait for goal or trigger.
[offboard_waypoint_node-1] [INFO] [1786451255.326943385] [offboard_waypoint_node]: [HOLD_ERROR] position_error=0.013 velocity=0.003 state=IDLE_HOLD
[offboard_waypoint_node-1] [INFO] [1786451255.526943392] [offboard_waypoint_node]: [CONTROL_ARBITER] selected_source=safety_hold state=IDLE_HOLD
[super_planner_ros2_node-6] [INFO] [1786451255.676534426] [super_planner_ros2_node]: SUPER_ROS2 mode=IDLE enable_output=false reason=NO_GOAL odom=(0.01,-0.01,-0.08) goal=none tracking_setpoint_enu=(0.01,-0.01,0.78) setpoint_ned=none yaw(desired/cmd/rate)=(0.00/0.00/0.00) cross_track=0.00 frame_id=px4_ned path_points=0 odom_source=/mavros/local_position/odom cloud_source=/saved_map mavros_connected=true
[fastlio_bridge_node-2] [INFO] [1786451256.070846042] [fastlio_bridge_node]: 已桥接并转换里程计: ENU(0.01, -0.01, -0.00) -> NED(-0.01, -0.01, 0.00)
[ego_planner_node-10] [FSM]: state: WAIT_TARGET
[ego_planner_node-10] wait for goal or trigger.
[offboard_waypoint_node-1] [INFO] [1786451256.326975175] [offboard_waypoint_node]: [HOLD_ERROR] position_error=0.013 velocity=0.004 state=IDLE_HOLD
[race_ego_cloud_bridge-8] [INFO] [1786451256.404212597] [race_ego_cloud_bridge]: [EGO_STATIC_MAP_READY] topic=/saved_map frame=map points=9161 fused=true
[offboard_waypoint_node-1] [INFO] [1786451256.526964008] [offboard_waypoint_node]: [CONTROL_ARBITER] selected_source=safety_hold state=IDLE_HOLD
[super_planner_ros2_node-6] [INFO] [1786451256.676537785] [super_planner_ros2_node]: SUPER_ROS2 mode=IDLE enable_output=false reason=NO_GOAL odom=(0.01,-0.01,-0.08) goal=none tracking_setpoint_enu=(0.01,-0.01,0.78) setpoint_ned=none yaw(desired/cmd/rate)=(0.00/0.00/0.00) cross_track=0.00 frame_id=px4_ned path_points=0 odom_source=/mavros/local_position/odom cloud_source=/saved_map mavros_connected=true
[ego_planner_node-10] [FSM]: state: WAIT_TARGET
[ego_planner_node-10] wait for goal or trigger.
[offboard_waypoint_node-1] [INFO] [1786451257.326985251] [offboard_waypoint_node]: [HOLD_ERROR] position_error=0.012 velocity=0.003 state=IDLE_HOLD
[offboard_waypoint_node-1] [INFO] [1786451257.527008998] [offboard_waypoint_node]: [CONTROL_ARBITER] selected_source=safety_hold state=IDLE_HOLD
[super_planner_ros2_node-6] [INFO] [1786451257.676591929] [super_planner_ros2_node]: SUPER_ROS2 mode=IDLE enable_output=false reason=NO_GOAL odom=(0.01,-0.01,-0.08) goal=none tracking_setpoint_enu=(0.01,-0.01,0.78) setpoint_ned=none yaw(desired/cmd/rate)=(0.00/0.00/0.00) cross_track=0.00 frame_id=px4_ned path_points=0 odom_source=/mavros/local_position/odom cloud_source=/saved_map mavros_connected=true
[fastlio_bridge_node-2] [INFO] [1786451258.070339714] [fastlio_bridge_node]: 已桥接并转换里程计: ENU(0.01, -0.01, 0.00) -> NED(-0.01, -0.01, -0.00)
[ego_planner_node-10] [FSM]: state: WAIT_TARGET
[ego_planner_node-10] wait for goal or trigger.
[offboard_waypoint_node-1] [INFO] [1786451258.327004734] [offboard_waypoint_node]: [HOLD_ERROR] position_error=0.011 velocity=0.003 state=IDLE_HOLD
[race_ego_cloud_bridge-8] [INFO] [1786451258.404164306] [race_ego_cloud_bridge]: [EGO_STATIC_MAP_READY] topic=/saved_map frame=map points=9161 fused=true
[offboard_waypoint_node-1] [INFO] [1786451258.527037239] [offboard_waypoint_node]: [CONTROL_ARBITER] selected_source=safety_hold state=IDLE_HOLD
[super_planner_ros2_node-6] [INFO] [1786451258.726573199] [super_planner_ros2_node]: SUPER_ROS2 mode=IDLE enable_output=false reason=NO_GOAL odom=(0.00,-0.01,-0.07) goal=none tracking_setpoint_enu=(0.00,-0.01,0.78) setpoint_ned=none yaw(desired/cmd/rate)=(0.00/0.00/0.00) cross_track=0.00 frame_id=px4_ned path_points=0 odom_source=/mavros/local_position/odom cloud_source=/saved_map mavros_connected=true
[ego_planner_node-10] [FSM]: state: WAIT_TARGET
[ego_planner_node-10] wait for goal or trigger.
[offboard_waypoint_node-1] [INFO] [1786451259.377018556] [offboard_waypoint_node]: [HOLD_ERROR] position_error=0.016 velocity=0.008 state=IDLE_HOLD
[offboard_waypoint_node-1] [INFO] [1786451259.527087320] [offboard_waypoint_node]: [CONTROL_ARBITER] selected_source=safety_hold state=IDLE_HOLD
[super_planner_ros2_node-6] [INFO] [1786451259.726602788] [super_planner_ros2_node]: SUPER_ROS2 mode=IDLE enable_output=false reason=NO_GOAL odom=(0.01,-0.02,-0.07) goal=none tracking_setpoint_enu=(0.01,-0.02,0.78) setpoint_ned=none yaw(desired/cmd/rate)=(0.00/0.00/0.00) cross_track=0.00 frame_id=px4_ned path_points=0 odom_source=/mavros/local_position/odom cloud_source=/saved_map mavros_connected=true
[fastlio_bridge_node-2] [INFO] [1786451260.070618606] [fastlio_bridge_node]: 已桥接并转换里程计: ENU(0.01, -0.02, 0.00) -> NED(-0.01, -0.02, -0.00)
[ego_planner_node-10] [FSM]: state: WAIT_TARGET
[ego_planner_node-10] wait for goal or trigger.
[offboard_waypoint_node-1] [INFO] [1786451260.377057720] [offboard_waypoint_node]: [HOLD_ERROR] position_error=0.012 velocity=0.005 state=IDLE_HOLD
[race_ego_cloud_bridge-8] [INFO] [1786451260.404196376] [race_ego_cloud_bridge]: [EGO_STATIC_MAP_READY] topic=/saved_map frame=map points=9161 fused=true
[offboard_waypoint_node-1] [INFO] [1786451260.527101286] [offboard_waypoint_node]: [CONTROL_ARBITER] selected_source=safety_hold state=IDLE_HOLD
[super_planner_ros2_node-6] [INFO] [1786451260.726638988] [super_planner_ros2_node]: SUPER_ROS2 mode=IDLE enable_output=false reason=NO_GOAL odom=(0.00,-0.02,-0.08) goal=none tracking_setpoint_enu=(0.00,-0.02,0.78) setpoint_ned=none yaw(desired/cmd/rate)=(0.00/0.00/0.00) cross_track=0.00 frame_id=px4_ned path_points=0 odom_source=/mavros/local_position/odom cloud_source=/saved_map mavros_connected=true
[ego_planner_node-10] [FSM]: state: WAIT_TARGET
[ego_planner_node-10] wait for goal or trigger.
[offboard_waypoint_node-1] [INFO] [1786451261.377068020] [offboard_waypoint_node]: [HOLD_ERROR] position_error=0.009 velocity=0.005 state=IDLE_HOLD
[offboard_waypoint_node-1] [INFO] [1786451261.577088461] [offboard_waypoint_node]: [CONTROL_ARBITER] selected_source=safety_hold state=IDLE_HOLD
[super_planner_ros2_node-6] [INFO] [1786451261.776627085] [super_planner_ros2_node]: SUPER_ROS2 mode=IDLE enable_output=false reason=NO_GOAL odom=(0.00,-0.01,-0.08) goal=none tracking_setpoint_enu=(0.00,-0.01,0.78) setpoint_ned=none yaw(desired/cmd/rate)=(0.00/0.00/0.00) cross_track=0.00 frame_id=px4_ned path_points=0 odom_source=/mavros/local_position/odom cloud_source=/saved_map mavros_connected=true
[fastlio_bridge_node-2] [INFO] [1786451262.069894688] [fastlio_bridge_node]: 已桥接并转换里程计: ENU(0.00, -0.01, 0.01) -> NED(-0.00, -0.01, -0.01)
[ego_planner_node-10] [FSM]: state: WAIT_TARGET
[ego_planner_node-10] wait for goal or trigger.
[offboard_waypoint_node-1] [INFO] [1786451262.377102112] [offboard_waypoint_node]: [HOLD_ERROR] position_error=0.005 velocity=0.007 state=IDLE_HOLD
[race_ego_cloud_bridge-8] [INFO] [1786451262.404410927] [race_ego_cloud_bridge]: [EGO_STATIC_MAP_READY] topic=/saved_map frame=map points=9161 fused=true
[offboard_waypoint_node-1] [INFO] [1786451262.577250674] [offboard_waypoint_node]: [CONTROL_ARBITER] selected_source=safety_hold state=IDLE_HOLD
[super_planner_ros2_node-6] [INFO] [1786451262.776644105] [super_planner_ros2_node]: SUPER_ROS2 mode=IDLE enable_output=false reason=NO_GOAL odom=(0.00,-0.01,-0.08) goal=none tracking_setpoint_enu=(0.00,-0.01,0.78) setpoint_ned=none yaw(desired/cmd/rate)=(0.00/0.00/0.00) cross_track=0.00 frame_id=px4_ned path_points=0 odom_source=/mavros/local_position/odom cloud_source=/saved_map mavros_connected=true
[ego_planner_node-10] [FSM]: state: WAIT_TARGET
[ego_planner_node-10] wait for goal or trigger.
[offboard_waypoint_node-1] [INFO] [1786451263.377122310] [offboard_waypoint_node]: [HOLD_ERROR] position_error=0.000 velocity=0.012 state=IDLE_HOLD
[offboard_waypoint_node-1] [INFO] [1786451263.627146293] [offboard_waypoint_node]: [CONTROL_ARBITER] selected_source=safety_hold state=IDLE_HOLD
[super_planner_ros2_node-6] [INFO] [1786451263.776697271] [super_planner_ros2_node]: SUPER_ROS2 mode=IDLE enable_output=false reason=NO_GOAL odom=(0.00,-0.00,-0.08) goal=none tracking_setpoint_enu=(0.00,-0.00,0.78) setpoint_ned=none yaw(desired/cmd/rate)=(0.00/0.00/0.00) cross_track=0.00 frame_id=px4_ned path_points=0 odom_source=/mavros/local_position/odom cloud_source=/saved_map mavros_connected=true
[fastlio_bridge_node-2] [INFO] [1786451264.069513945] [fastlio_bridge_node]: 已桥接并转换里程计: ENU(0.00, -0.01, 0.00) -> NED(-0.00, -0.01, -0.00)
[ego_planner_node-10] [FSM]: state: WAIT_TARGET
[ego_planner_node-10] wait for goal or trigger.
[offboard_waypoint_node-1] [INFO] [1786451264.377127933] [offboard_waypoint_node]: [HOLD_ERROR] position_error=0.000 velocity=0.024 state=IDLE_HOLD
[race_ego_cloud_bridge-8] [INFO] [1786451264.404689923] [race_ego_cloud_bridge]: [EGO_STATIC_MAP_READY] topic=/saved_map frame=map points=9161 fused=true
[offboard_waypoint_node-1] [INFO] [1786451264.627158264] [offboard_waypoint_node]: [CONTROL_ARBITER] selected_source=safety_hold state=IDLE_HOLD
[super_planner_ros2_node-6] [INFO] [1786451264.776754191] [super_planner_ros2_node]: SUPER_ROS2 mode=IDLE enable_output=false reason=NO_GOAL odom=(-0.01,-0.00,-0.07) goal=none tracking_setpoint_enu=(-0.01,-0.00,0.78) setpoint_ned=none yaw(desired/cmd/rate)=(0.00/0.00/0.00) cross_track=0.00 frame_id=px4_ned path_points=0 odom_source=/mavros/local_position/odom cloud_source=/saved_map mavros_connected=true
[ego_planner_node-10] [FSM]: state: WAIT_TARGET
[ego_planner_node-10] wait for goal or trigger.
[offboard_waypoint_node-1] [INFO] [1786451265.427124736] [offboard_waypoint_node]: [HOLD_ERROR] position_error=0.000 velocity=0.031 state=IDLE_HOLD
[offboard_waypoint_node-1] [INFO] [1786451265.677737454] [offboard_waypoint_node]: [CONTROL_ARBITER] selected_source=safety_hold state=IDLE_HOLD
[super_planner_ros2_node-6] [INFO] [1786451265.776792736] [super_planner_ros2_node]: SUPER_ROS2 mode=IDLE enable_output=false reason=NO_GOAL odom=(-0.01,-0.00,-0.06) goal=none tracking_setpoint_enu=(-0.01,-0.00,0.78) setpoint_ned=none yaw(desired/cmd/rate)=(0.00/0.00/0.00) cross_track=0.00 frame_id=px4_ned path_points=0 odom_source=/mavros/local_position/odom cloud_source=/saved_map mavros_connected=true
[fastlio_bridge_node-2] [INFO] [1786451266.079977783] [fastlio_bridge_node]: 已桥接并转换里程计: ENU(0.00, -0.01, 0.01) -> NED(-0.00, -0.01, -0.01)
[ego_planner_node-10] [FSM]: state: WAIT_TARGET
[ego_planner_node-10] wait for goal or trigger.
[race_ego_cloud_bridge-8] [INFO] [1786451266.404757097] [race_ego_cloud_bridge]: [EGO_STATIC_MAP_READY] topic=/saved_map frame=map points=9161 fused=true
[offboard_waypoint_node-1] [INFO] [1786451266.427171255] [offboard_waypoint_node]: [HOLD_ERROR] position_error=0.000 velocity=0.049 state=IDLE_HOLD
[offboard_waypoint_node-1] [INFO] [1786451266.677908415] [offboard_waypoint_node]: [CONTROL_ARBITER] selected_source=safety_hold state=IDLE_HOLD
[super_planner_ros2_node-6] [INFO] [1786451266.777316126] [super_planner_ros2_node]: SUPER_ROS2 mode=IDLE enable_output=false reason=NO_GOAL odom=(-0.03,0.00,-0.04) goal=none tracking_setpoint_enu=(-0.03,0.00,0.78) setpoint_ned=none yaw(desired/cmd/rate)=(0.00/0.00/0.00) cross_track=0.00 frame_id=px4_ned path_points=0 odom_source=/mavros/local_position/odom cloud_source=/saved_map mavros_connected=true
[ego_planner_node-10] [FSM]: state: WAIT_TARGET
[ego_planner_node-10] wait for goal or trigger.
[offboard_waypoint_node-1] [INFO] [1786451267.427668698] [offboard_waypoint_node]: [HOLD_ERROR] position_error=0.000 velocity=0.091 state=IDLE_HOLD
[offboard_waypoint_node-1] [INFO] [1786451267.678205246] [offboard_waypoint_node]: [CONTROL_ARBITER] selected_source=safety_hold state=IDLE_HOLD
[super_planner_ros2_node-6] [INFO] [1786451267.777339683] [super_planner_ros2_node]: SUPER_ROS2 mode=IDLE enable_output=false reason=NO_GOAL odom=(-0.08,0.01,0.01) goal=none tracking_setpoint_enu=(-0.08,0.01,0.78) setpoint_ned=none yaw(desired/cmd/rate)=(0.00/0.00/0.00) cross_track=0.00 frame_id=px4_ned path_points=0 odom_source=/mavros/local_position/odom cloud_source=/saved_map mavros_connected=true
[ego_planner_node-10] [FSM]: state: WAIT_TARGET
[ego_planner_node-10] wait for goal or trigger.
[race_ego_cloud_bridge-8] [INFO] [1786451268.406191058] [race_ego_cloud_bridge]: [EGO_STATIC_MAP_READY] topic=/saved_map frame=map points=9161 fused=true
[offboard_waypoint_node-1] [INFO] [1786451268.427683313] [offboard_waypoint_node]: [HOLD_ERROR] position_error=0.000 velocity=0.305 state=IDLE_HOLD
[offboard_waypoint_node-1] [INFO] [1786451268.727235389] [offboard_waypoint_node]: [CONTROL_ARBITER] selected_source=safety_hold state=IDLE_HOLD
[super_planner_ros2_node-6] [INFO] [1786451268.827441957] [super_planner_ros2_node]: SUPER_ROS2 mode=IDLE enable_output=false reason=NO_GOAL odom=(-0.29,0.02,0.08) goal=none tracking_setpoint_enu=(-0.29,0.02,0.78) setpoint_ned=none yaw(desired/cmd/rate)=(0.00/0.00/0.00) cross_track=0.00 frame_id=px4_ned path_points=0 odom_source=/mavros/local_position/odom cloud_source=/saved_map mavros_connected=true
[ego_planner_node-10] [FSM]: state: WAIT_TARGET
[ego_planner_node-10] wait for goal or trigger.
[offboard_waypoint_node-1] [INFO] [1786451269.477242862] [offboard_waypoint_node]: [HOLD_ERROR] position_error=0.000 velocity=0.372 state=IDLE_HOLD
[offboard_waypoint_node-1] [INFO] [1786451269.727313573] [offboard_waypoint_node]: [CONTROL_ARBITER] selected_source=safety_hold state=IDLE_HOLD
[super_planner_ros2_node-6] [INFO] [1786451269.877314168] [super_planner_ros2_node]: SUPER_ROS2 mode=IDLE enable_output=false reason=NO_GOAL odom=(-0.01,0.06,0.15) goal=none tracking_setpoint_enu=(-0.01,0.06,0.78) setpoint_ned=none yaw(desired/cmd/rate)=(0.00/0.00/0.00) cross_track=0.00 frame_id=px4_ned path_points=0 odom_source=/mavros/local_position/odom cloud_source=/saved_map mavros_connected=true
[fastlio_bridge_node-2] [INFO] [1786451270.083338023] [fastlio_bridge_node]: 已桥接并转换里程计: ENU(0.03, 0.07, 0.15) -> NED(-0.03, 0.07, -0.15)
[race_ego_cloud_bridge-8] [INFO] [1786451270.404547745] [race_ego_cloud_bridge]: [EGO_STATIC_MAP_READY] topic=/saved_map frame=map points=9161 fused=true
[ego_planner_node-10] [FSM]: state: WAIT_TARGET
[ego_planner_node-10] wait for goal or trigger.
[offboard_waypoint_node-1] [INFO] [1786451270.527235139] [offboard_waypoint_node]: [HOLD_ERROR] position_error=0.000 velocity=0.270 state=IDLE_HOLD
[offboard_waypoint_node-1] [INFO] [1786451270.727377029] [offboard_waypoint_node]: [CONTROL_ARBITER] selected_source=safety_hold state=IDLE_HOLD
[super_planner_ros2_node-6] [INFO] [1786451270.926901151] [super_planner_ros2_node]: SUPER_ROS2 mode=IDLE enable_output=false reason=NO_GOAL odom=(-0.15,0.15,0.35) goal=none tracking_setpoint_enu=(-0.15,0.15,0.78) setpoint_ned=none yaw(desired/cmd/rate)=(0.00/0.00/0.00) cross_track=0.00 frame_id=px4_ned path_points=0 odom_source=/mavros/local_position/odom cloud_source=/saved_map mavros_connected=true
[ego_planner_node-10] [FSM]: state: WAIT_TARGET
[ego_planner_node-10] wait for goal or trigger.
[offboard_waypoint_node-1] [INFO] [1786451271.527272713] [offboard_waypoint_node]: [HOLD_ERROR] position_error=0.000 velocity=0.523 state=IDLE_HOLD
[offboard_waypoint_node-1] [INFO] [1786451271.727951470] [offboard_waypoint_node]: [CONTROL_ARBITER] selected_source=safety_hold state=IDLE_HOLD
[super_planner_ros2_node-6] [INFO] [1786451271.927286815] [super_planner_ros2_node]: SUPER_ROS2 mode=IDLE enable_output=false reason=NO_GOAL odom=(-0.60,0.25,0.57) goal=none tracking_setpoint_enu=(-0.60,0.25,0.78) setpoint_ned=none yaw(desired/cmd/rate)=(0.00/0.00/0.00) cross_track=0.00 frame_id=px4_ned path_points=0 odom_source=/mavros/local_position/odom cloud_source=/saved_map mavros_connected=true
[fastlio_bridge_node-2] [INFO] [1786451272.081972359] [fastlio_bridge_node]: 已桥接并转换里程计: ENU(-0.64, 0.25, 0.58) -> NED(0.64, 0.25, -0.58)
[race_ego_cloud_bridge-8] [INFO] [1786451272.404840346] [race_ego_cloud_bridge]: [EGO_STATIC_MAP_READY] topic=/saved_map frame=map points=9161 fused=true
[ego_planner_node-10] [FSM]: state: WAIT_TARGET
[ego_planner_node-10] wait for goal or trigger.
[offboard_waypoint_node-1] [INFO] [1786451272.527280098] [offboard_waypoint_node]: [HOLD_ERROR] position_error=0.000 velocity=0.217 state=IDLE_HOLD
[offboard_waypoint_node-1] [INFO] [1786451272.777328624] [offboard_waypoint_node]: [CONTROL_ARBITER] selected_source=safety_hold state=IDLE_HOLD
[super_planner_ros2_node-6] [INFO] [1786451272.977537481] [super_planner_ros2_node]: SUPER_ROS2 mode=IDLE enable_output=false reason=NO_GOAL odom=(-0.85,0.28,0.55) goal=none tracking_setpoint_enu=(-0.85,0.28,0.78) setpoint_ned=none yaw(desired/cmd/rate)=(0.00/0.00/0.00) cross_track=0.00 frame_id=px4_ned path_points=0 odom_source=/mavros/local_position/odom cloud_source=/saved_map mavros_connected=true
[ego_planner_node-10] [FSM]: state: WAIT_TARGET
[ego_planner_node-10] wait for goal or trigger.
[offboard_waypoint_node-1] [INFO] [1786451273.527306319] [offboard_waypoint_node]: [HOLD_ERROR] position_error=0.000 velocity=0.129 state=IDLE_HOLD
[offboard_waypoint_node-1] [INFO] [1786451273.827313292] [offboard_waypoint_node]: [CONTROL_ARBITER] selected_source=safety_hold state=IDLE_HOLD
[super_planner_ros2_node-6] [INFO] [1786451274.026949484] [super_planner_ros2_node]: SUPER_ROS2 mode=IDLE enable_output=false reason=NO_GOAL odom=(-0.97,0.35,0.50) goal=none tracking_setpoint_enu=(-0.97,0.35,0.78) setpoint_ned=none yaw(desired/cmd/rate)=(0.00/0.00/0.00) cross_track=0.00 frame_id=px4_ned path_points=0 odom_source=/mavros/local_position/odom cloud_source=/saved_map mavros_connected=true
[fastlio_bridge_node-2] [INFO] [1786451274.081449695] [fastlio_bridge_node]: 已桥接并转换里程计: ENU(-0.98, 0.35, 0.49) -> NED(0.98, 0.35, -0.49)
[race_ego_cloud_bridge-8] [INFO] [1786451274.404523663] [race_ego_cloud_bridge]: [EGO_STATIC_MAP_READY] topic=/saved_map frame=map points=9161 fused=true
[ego_planner_node-10] [FSM]: state: WAIT_TARGET
[ego_planner_node-10] wait for goal or trigger.
[offboard_waypoint_node-1] [INFO] [1786451274.577338856] [offboard_waypoint_node]: [HOLD_ERROR] position_error=0.000 velocity=0.102 state=IDLE_HOLD
[offboard_waypoint_node-1] [INFO] [1786451274.877315977] [offboard_waypoint_node]: [CONTROL_ARBITER] selected_source=safety_hold state=IDLE_HOLD
[super_planner_ros2_node-6] [INFO] [1786451275.026973966] [super_planner_ros2_node]: SUPER_ROS2 mode=IDLE enable_output=false reason=NO_GOAL odom=(-1.05,0.41,0.48) goal=none tracking_setpoint_enu=(-1.05,0.41,0.78) setpoint_ned=none yaw(desired/cmd/rate)=(0.00/0.00/0.00) cross_track=0.00 frame_id=px4_ned path_points=0 odom_source=/mavros/local_position/odom cloud_source=/saved_map mavros_connected=true
[ego_planner_node-10] [FSM]: state: WAIT_TARGET
[ego_planner_node-10] wait for goal or trigger.
[offboard_waypoint_node-1] [INFO] [1786451275.627317145] [offboard_waypoint_node]: [HOLD_ERROR] position_error=0.000 velocity=0.129 state=IDLE_HOLD
[offboard_waypoint_node-1] [INFO] [1786451275.877687807] [offboard_waypoint_node]: [CONTROL_ARBITER] selected_source=safety_hold state=IDLE_HOLD
[fastlio_bridge_node-2] [INFO] [1786451276.072649105] [fastlio_bridge_node]: 已桥接并转换里程计: ENU(-0.94, 0.40, 0.45) -> NED(0.94, 0.40, -0.45)
[super_planner_ros2_node-6] [INFO] [1786451276.077830436] [super_planner_ros2_node]: SUPER_ROS2 mode=IDLE enable_output=false reason=NO_GOAL odom=(-0.95,0.40,0.47) goal=none tracking_setpoint_enu=(-0.95,0.40,0.78) setpoint_ned=none yaw(desired/cmd/rate)=(0.00/0.00/0.00) cross_track=0.00 frame_id=px4_ned path_points=0 odom_source=/mavros/local_position/odom cloud_source=/saved_map mavros_connected=true
[race_ego_cloud_bridge-8] [INFO] [1786451276.404513765] [race_ego_cloud_bridge]: [EGO_STATIC_MAP_READY] topic=/saved_map frame=map points=9161 fused=true
[ego_planner_node-10] [FSM]: state: WAIT_TARGET
[ego_planner_node-10] wait for goal or trigger.
[offboard_waypoint_node-1] [INFO] [1786451276.627329978] [offboard_waypoint_node]: [HOLD_ERROR] position_error=0.000 velocity=0.262 state=IDLE_HOLD
[offboard_waypoint_node-1] [INFO] [1786451276.927376931] [offboard_waypoint_node]: [CONTROL_ARBITER] selected_source=safety_hold state=IDLE_HOLD
[super_planner_ros2_node-6] [INFO] [1786451277.127284035] [super_planner_ros2_node]: SUPER_ROS2 mode=IDLE enable_output=false reason=NO_GOAL odom=(-0.74,0.25,0.45) goal=none tracking_setpoint_enu=(-0.74,0.25,0.78) setpoint_ned=none yaw(desired/cmd/rate)=(0.00/0.00/0.00) cross_track=0.00 frame_id=px4_ned path_points=0 odom_source=/mavros/local_position/odom cloud_source=/saved_map mavros_connected=true
[ego_planner_node-10] [FSM]: state: WAIT_TARGET
[ego_planner_node-10] wait for goal or trigger.
[offboard_waypoint_node-1] [INFO] [1786451277.677363192] [offboard_waypoint_node]: [HOLD_ERROR] position_error=0.000 velocity=0.297 state=IDLE_HOLD
[offboard_waypoint_node-1] [INFO] [1786451277.928360628] [offboard_waypoint_node]: [CONTROL_ARBITER] selected_source=safety_hold state=IDLE_HOLD
[fastlio_bridge_node-2] [INFO] [1786451278.080975225] [fastlio_bridge_node]: 已桥接并转换里程计: ENU(-0.51, 0.20, 0.45) -> NED(0.51, 0.20, -0.45)
[super_planner_ros2_node-6] [INFO] [1786451278.176944823] [super_planner_ros2_node]: SUPER_ROS2 mode=IDLE enable_output=false reason=NO_GOAL odom=(-0.48,0.18,0.45) goal=none tracking_setpoint_enu=(-0.48,0.18,0.78) setpoint_ned=none yaw(desired/cmd/rate)=(0.00/0.00/0.00) cross_track=0.00 frame_id=px4_ned path_points=0 odom_source=/mavros/local_position/odom cloud_source=/saved_map mavros_connected=true
[race_ego_cloud_bridge-8] [INFO] [1786451278.404617255] [race_ego_cloud_bridge]: [EGO_STATIC_MAP_READY] topic=/saved_map frame=map points=9161 fused=true
[ego_planner_node-10] [FSM]: state: WAIT_TARGET
[ego_planner_node-10] wait for goal or trigger.
[offboard_waypoint_node-1] [INFO] [1786451278.677768039] [offboard_waypoint_node]: [HOLD_ERROR] position_error=0.000 velocity=0.084 state=IDLE_HOLD
[offboard_waypoint_node-1] [INFO] [1786451278.978008585] [offboard_waypoint_node]: [CONTROL_ARBITER] selected_source=safety_hold state=IDLE_HOLD
[super_planner_ros2_node-6] [INFO] [1786451279.226946914] [super_planner_ros2_node]: SUPER_ROS2 mode=IDLE enable_output=false reason=NO_GOAL odom=(-0.47,0.25,0.46) goal=none tracking_setpoint_enu=(-0.47,0.25,0.78) setpoint_ned=none yaw(desired/cmd/rate)=(0.00/0.00/0.00) cross_track=0.00 frame_id=px4_ned path_points=0 odom_source=/mavros/local_position/odom cloud_source=/saved_map mavros_connected=true
[ego_planner_node-10] [FSM]: state: WAIT_TARGET
[ego_planner_node-10] wait for goal or trigger.
[offboard_waypoint_node-1] [INFO] [1786451279.727352801] [offboard_waypoint_node]: [HOLD_ERROR] position_error=0.000 velocity=0.032 state=IDLE_HOLD
[offboard_waypoint_node-1] [INFO] [1786451280.027399510] [offboard_waypoint_node]: [CONTROL_ARBITER] selected_source=safety_hold state=IDLE_HOLD
[fastlio_bridge_node-2] [INFO] [1786451280.083205599] [fastlio_bridge_node]: 已桥接并转换里程计: ENU(-0.46, 0.28, 0.46) -> NED(0.46, 0.28, -0.46)
[super_planner_ros2_node-6] [INFO] [1786451280.226998027] [super_planner_ros2_node]: SUPER_ROS2 mode=IDLE enable_output=false reason=NO_GOAL odom=(-0.46,0.28,0.46) goal=none tracking_setpoint_enu=(-0.46,0.28,0.78) setpoint_ned=none yaw(desired/cmd/rate)=(0.00/0.00/0.00) cross_track=0.00 frame_id=px4_ned path_points=0 odom_source=/mavros/local_position/odom cloud_source=/saved_map mavros_connected=true
[race_ego_cloud_bridge-8] [INFO] [1786451280.406765628] [race_ego_cloud_bridge]: [EGO_STATIC_MAP_READY] topic=/saved_map frame=map points=9161 fused=true
[ego_planner_node-10] [FSM]: state: WAIT_TARGET
[ego_planner_node-10] wait for goal or trigger.
[offboard_waypoint_node-1] [INFO] [1786451280.727405886] [offboard_waypoint_node]: [HOLD_ERROR] position_error=0.000 velocity=0.054 state=IDLE_HOLD
[offboard_waypoint_node-1] [INFO] [1786451281.077393321] [offboard_waypoint_node]: [CONTROL_ARBITER] selected_source=safety_hold state=IDLE_HOLD
[super_planner_ros2_node-6] [INFO] [1786451281.276971881] [super_planner_ros2_node]: SUPER_ROS2 mode=IDLE enable_output=false reason=NO_GOAL odom=(-0.47,0.23,0.47) goal=none tracking_setpoint_enu=(-0.47,0.23,0.78) setpoint_ned=none yaw(desired/cmd/rate)=(0.00/0.00/0.00) cross_track=0.00 frame_id=px4_ned path_points=0 odom_source=/mavros/local_position/odom cloud_source=/saved_map mavros_connected=true
[ego_planner_node-10] [FSM]: state: WAIT_TARGET
[ego_planner_node-10] wait for goal or trigger.
[offboard_waypoint_node-1] [INFO] [1786451281.727417762] [offboard_waypoint_node]: [HOLD_ERROR] position_error=0.000 velocity=0.042 state=IDLE_HOLD
[offboard_waypoint_node-1] [INFO] [1786451282.077494704] [offboard_waypoint_node]: [CONTROL_ARBITER] selected_source=safety_hold state=IDLE_HOLD
[fastlio_bridge_node-2] [INFO] [1786451282.083611626] [fastlio_bridge_node]: 已桥接并转换里程计: ENU(-0.47, 0.21, 0.50) -> NED(0.47, 0.21, -0.50)
[super_planner_ros2_node-6] [INFO] [1786451282.277045228] [super_planner_ros2_node]: SUPER_ROS2 mode=IDLE enable_output=false reason=NO_GOAL odom=(-0.46,0.20,0.48) goal=none tracking_setpoint_enu=(-0.46,0.20,0.78) setpoint_ned=none yaw(desired/cmd/rate)=(0.00/0.00/0.00) cross_track=0.00 frame_id=px4_ned path_points=0 odom_source=/mavros/local_position/odom cloud_source=/saved_map mavros_connected=true
[race_ego_cloud_bridge-8] [INFO] [1786451282.404841297] [race_ego_cloud_bridge]: [EGO_STATIC_MAP_READY] topic=/saved_map frame=map points=9161 fused=true
[ego_planner_node-10] [FSM]: state: WAIT_TARGET
[ego_planner_node-10] wait for goal or trigger.
[offboard_waypoint_node-1] [INFO] [1786451282.727432718] [offboard_waypoint_node]: [HOLD_ERROR] position_error=0.000 velocity=0.021 state=IDLE_HOLD
[offboard_waypoint_node-1] [INFO] [1786451283.127509218] [offboard_waypoint_node]: [CONTROL_ARBITER] selected_source=safety_hold state=IDLE_HOLD
[mapping_manager_node-5] [INFO] [1786451283.238782253] [mapping_manager_node]: Mapping status: in_flight=false, map_loaded=false, map_saved=false
[super_planner_ros2_node-6] [INFO] [1786451283.277046176] [super_planner_ros2_node]: SUPER_ROS2 mode=IDLE enable_output=false reason=NO_GOAL odom=(-0.45,0.21,0.48) goal=none tracking_setpoint_enu=(-0.45,0.21,0.78) setpoint_ned=none yaw(desired/cmd/rate)=(0.00/0.00/0.00) cross_track=0.00 frame_id=px4_ned path_points=0 odom_source=/mavros/local_position/odom cloud_source=/saved_map mavros_connected=true
[ego_planner_node-10] [FSM]: state: WAIT_TARGET
[ego_planner_node-10] wait for goal or trigger.
[offboard_waypoint_node-1] [INFO] [1786451283.727433338] [offboard_waypoint_node]: [HOLD_ERROR] position_error=0.000 velocity=0.022 state=IDLE_HOLD
[fastlio_bridge_node-2] [INFO] [1786451284.093652566] [fastlio_bridge_node]: 已桥接并转换里程计: ENU(-0.44, 0.23, 0.49) -> NED(0.44, 0.23, -0.49)
[offboard_waypoint_node-1] [INFO] [1786451284.177549627] [offboard_waypoint_node]: [CONTROL_ARBITER] selected_source=safety_hold state=IDLE_HOLD
[super_planner_ros2_node-6] [INFO] [1786451284.327053960] [super_planner_ros2_node]: SUPER_ROS2 mode=IDLE enable_output=false reason=NO_GOAL odom=(-0.44,0.22,0.48) goal=none tracking_setpoint_enu=(-0.44,0.22,0.78) setpoint_ned=none yaw(desired/cmd/rate)=(0.00/0.00/0.00) cross_track=0.00 frame_id=px4_ned path_points=0 odom_source=/mavros/local_position/odom cloud_source=/saved_map mavros_connected=true
[race_ego_cloud_bridge-8] [INFO] [1786451284.404735061] [race_ego_cloud_bridge]: [EGO_STATIC_MAP_READY] topic=/saved_map frame=map points=9161 fused=true
[ego_planner_node-10] [FSM]: state: WAIT_TARGET
[ego_planner_node-10] wait for goal or trigger.
[offboard_waypoint_node-1] [INFO] [1786451284.777457293] [offboard_waypoint_node]: [HOLD_ERROR] position_error=0.000 velocity=0.012 state=IDLE_HOLD
[offboard_waypoint_node-1] [INFO] [1786451285.227548360] [offboard_waypoint_node]: [CONTROL_ARBITER] selected_source=safety_hold state=IDLE_HOLD
[super_planner_ros2_node-6] [INFO] [1786451285.377017350] [super_planner_ros2_node]: SUPER_ROS2 mode=IDLE enable_output=false reason=NO_GOAL odom=(-0.43,0.26,0.49) goal=none tracking_setpoint_enu=(-0.43,0.26,0.78) setpoint_ned=none yaw(desired/cmd/rate)=(0.00/0.00/0.00) cross_track=0.00 frame_id=px4_ned path_points=0 odom_source=/mavros/local_position/odom cloud_source=/saved_map mavros_connected=true
[ego_planner_node-10] [FSM]: state: WAIT_TARGET
[ego_planner_node-10] wait for goal or trigger.
[offboard_waypoint_node-1] [INFO] [1786451285.827436535] [offboard_waypoint_node]: [HOLD_ERROR] position_error=0.000 velocity=0.049 state=IDLE_HOLD
[fastlio_bridge_node-2] [INFO] [1786451286.083075871] [fastlio_bridge_node]: 已桥接并转换里程计: ENU(-0.41, 0.28, 0.51) -> NED(0.41, 0.28, -0.51)
[offboard_waypoint_node-1] [INFO] [1786451286.277463150] [offboard_waypoint_node]: [CONTROL_ARBITER] selected_source=safety_hold state=IDLE_HOLD
[super_planner_ros2_node-6] [INFO] [1786451286.377091616] [super_planner_ros2_node]: SUPER_ROS2 mode=IDLE enable_output=false reason=NO_GOAL odom=(-0.41,0.25,0.49) goal=none tracking_setpoint_enu=(-0.41,0.25,0.78) setpoint_ned=none yaw(desired/cmd/rate)=(0.00/0.00/0.00) cross_track=0.00 frame_id=px4_ned path_points=0 odom_source=/mavros/local_position/odom cloud_source=/saved_map mavros_connected=true
[race_ego_cloud_bridge-8] [INFO] [1786451286.404861829] [race_ego_cloud_bridge]: [EGO_STATIC_MAP_READY] topic=/saved_map frame=map points=9161 fused=true
[ego_planner_node-10] [FSM]: state: WAIT_TARGET
[ego_planner_node-10] wait for goal or trigger.
[offboard_waypoint_node-1] [INFO] [1786451286.827465628] [offboard_waypoint_node]: [HOLD_ERROR] position_error=0.000 velocity=0.109 state=IDLE_HOLD
[offboard_waypoint_node-1] [INFO] [1786451287.277934149] [offboard_waypoint_node]: [CONTROL_ARBITER] selected_source=safety_hold state=IDLE_HOLD
[super_planner_ros2_node-6] [INFO] [1786451287.427067167] [super_planner_ros2_node]: SUPER_ROS2 mode=IDLE enable_output=false reason=NO_GOAL odom=(-0.46,0.19,0.51) goal=none tracking_setpoint_enu=(-0.46,0.19,0.78) setpoint_ned=none yaw(desired/cmd/rate)=(0.00/0.00/0.00) cross_track=0.00 frame_id=px4_ned path_points=0 odom_source=/mavros/local_position/odom cloud_source=/saved_map mavros_connected=true
[ego_planner_node-10] [FSM]: state: WAIT_TARGET
[ego_planner_node-10] wait for goal or trigger.
[offboard_waypoint_node-1] [INFO] [1786451287.877473842] [offboard_waypoint_node]: [HOLD_ERROR] position_error=0.000 velocity=0.102 state=IDLE_HOLD
[fastlio_bridge_node-2] [INFO] [1786451288.090962813] [fastlio_bridge_node]: 已桥接并转换里程计: ENU(-0.52, 0.22, 0.55) -> NED(0.52, 0.22, -0.55)
[offboard_waypoint_node-1] [INFO] [1786451288.327485728] [offboard_waypoint_node]: [CONTROL_ARBITER] selected_source=safety_hold state=IDLE_HOLD
[race_ego_cloud_bridge-8] [INFO] [1786451288.404918520] [race_ego_cloud_bridge]: [EGO_STATIC_MAP_READY] topic=/saved_map frame=map points=9161 fused=true
[super_planner_ros2_node-6] [INFO] [1786451288.427324332] [super_planner_ros2_node]: SUPER_ROS2 mode=IDLE enable_output=false reason=NO_GOAL odom=(-0.55,0.19,0.52) goal=none tracking_setpoint_enu=(-0.55,0.19,0.78) setpoint_ned=none yaw(desired/cmd/rate)=(0.00/0.00/0.00) cross_track=0.00 frame_id=px4_ned path_points=0 odom_source=/mavros/local_position/odom cloud_source=/saved_map mavros_connected=true
[ego_planner_node-10] [FSM]: state: WAIT_TARGET
[ego_planner_node-10] wait for goal or trigger.
[offboard_waypoint_node-1] [INFO] [1786451288.927457166] [offboard_waypoint_node]: [HOLD_ERROR] position_error=0.000 velocity=0.125 state=IDLE_HOLD
[offboard_waypoint_node-1] [INFO] [1786451289.327517135] [offboard_waypoint_node]: [CONTROL_ARBITER] selected_source=safety_hold state=IDLE_HOLD
[super_planner_ros2_node-6] [INFO] [1786451289.477082499] [super_planner_ros2_node]: SUPER_ROS2 mode=IDLE enable_output=false reason=NO_GOAL odom=(-0.54,0.11,0.52) goal=none tracking_setpoint_enu=(-0.54,0.11,0.78) setpoint_ned=none yaw(desired/cmd/rate)=(0.00/0.00/0.00) cross_track=0.00 frame_id=px4_ned path_points=0 odom_source=/mavros/local_position/odom cloud_source=/saved_map mavros_connected=true
[ego_planner_node-10] [FSM]: state: WAIT_TARGET
[ego_planner_node-10] wait for goal or trigger.
[offboard_waypoint_node-1] [INFO] [1786451289.927515783] [offboard_waypoint_node]: [HOLD_ERROR] position_error=0.000 velocity=0.020 state=IDLE_HOLD
[fastlio_bridge_node-2] [INFO] [1786451290.071745023] [fastlio_bridge_node]: 已桥接并转换里程计: ENU(-0.49, 0.15, 0.54) -> NED(0.49, 0.15, -0.54)
[offboard_waypoint_node-1] [INFO] [1786451290.327626550] [offboard_waypoint_node]: [CONTROL_ARBITER] selected_source=safety_hold state=IDLE_HOLD
[race_ego_cloud_bridge-8] [INFO] [1786451290.404690829] [race_ego_cloud_bridge]: [EGO_STATIC_MAP_READY] topic=/saved_map frame=map points=9161 fused=true
[super_planner_ros2_node-6] [INFO] [1786451290.527098894] [super_planner_ros2_node]: SUPER_ROS2 mode=IDLE enable_output=false reason=NO_GOAL odom=(-0.49,0.18,0.52) goal=none tracking_setpoint_enu=(-0.49,0.18,0.78) setpoint_ned=none yaw(desired/cmd/rate)=(0.00/0.00/0.00) cross_track=0.00 frame_id=px4_ned path_points=0 odom_source=/mavros/local_position/odom cloud_source=/saved_map mavros_connected=true
[ego_planner_node-10] [FSM]: state: WAIT_TARGET
[ego_planner_node-10] wait for goal or trigger.
[offboard_waypoint_node-1] [INFO] [1786451290.977445172] [offboard_waypoint_node]: [HOLD_ERROR] position_error=0.000 velocity=0.181 state=IDLE_HOLD
[offboard_waypoint_node-1] [INFO] [1786451291.377552881] [offboard_waypoint_node]: [CONTROL_ARBITER] selected_source=safety_hold state=IDLE_HOLD
[super_planner_ros2_node-6] [INFO] [1786451291.527098968] [super_planner_ros2_node]: SUPER_ROS2 mode=IDLE enable_output=false reason=NO_GOAL odom=(-0.30,0.31,0.50) goal=none tracking_setpoint_enu=(-0.30,0.31,0.78) setpoint_ned=none yaw(desired/cmd/rate)=(0.00/0.00/0.00) cross_track=0.00 frame_id=px4_ned path_points=0 odom_source=/mavros/local_position/odom cloud_source=/saved_map mavros_connected=true
[ego_planner_node-10] [FSM]: state: WAIT_TARGET
[ego_planner_node-10] wait for goal or trigger.
[offboard_waypoint_node-1] [INFO] [1786451291.977506918] [offboard_waypoint_node]: [HOLD_ERROR] position_error=0.000 velocity=0.165 state=IDLE_HOLD
[fastlio_bridge_node-2] [INFO] [1786451292.090562580] [fastlio_bridge_node]: 已桥接并转换里程计: ENU(-0.18, 0.34, 0.52) -> NED(0.18, 0.34, -0.52)
[offboard_waypoint_node-1] [INFO] [1786451292.378158469] [offboard_waypoint_node]: [CONTROL_ARBITER] selected_source=safety_hold state=IDLE_HOLD
[race_ego_cloud_bridge-8] [INFO] [1786451292.404771677] [race_ego_cloud_bridge]: [EGO_STATIC_MAP_READY] topic=/saved_map frame=map points=9161 fused=true
[super_planner_ros2_node-6] [INFO] [1786451292.527123801] [super_planner_ros2_node]: SUPER_ROS2 mode=IDLE enable_output=false reason=NO_GOAL odom=(-0.17,0.30,0.49) goal=none tracking_setpoint_enu=(-0.17,0.30,0.78) setpoint_ned=none yaw(desired/cmd/rate)=(0.00/0.00/0.00) cross_track=0.00 frame_id=px4_ned path_points=0 odom_source=/mavros/local_position/odom cloud_source=/saved_map mavros_connected=true
[ego_planner_node-10] [FSM]: state: WAIT_TARGET
[ego_planner_node-10] wait for goal or trigger.
[offboard_waypoint_node-1] [INFO] [1786451293.027493605] [offboard_waypoint_node]: [HOLD_ERROR] position_error=0.000 velocity=0.222 state=IDLE_HOLD
[offboard_waypoint_node-1] [INFO] [1786451293.428193177] [offboard_waypoint_node]: [CONTROL_ARBITER] selected_source=safety_hold state=IDLE_HOLD
[super_planner_ros2_node-6] [INFO] [1786451293.577682879] [super_planner_ros2_node]: SUPER_ROS2 mode=IDLE enable_output=false reason=NO_GOAL odom=(-0.38,0.35,0.50) goal=none tracking_setpoint_enu=(-0.38,0.35,0.78) setpoint_ned=none yaw(desired/cmd/rate)=(0.00/0.00/0.00) cross_track=0.00 frame_id=px4_ned path_points=0 odom_source=/mavros/local_position/odom cloud_source=/saved_map mavros_connected=true
[ego_planner_node-10] [FSM]: state: WAIT_TARGET
[ego_planner_node-10] wait for goal or trigger.
[offboard_waypoint_node-1] [INFO] [1786451294.027570941] [offboard_waypoint_node]: [HOLD_ERROR] position_error=0.023 velocity=0.086 state=IDLE_HOLD
[fastlio_bridge_node-2] [INFO] [1786451294.081957141] [fastlio_bridge_node]: 已桥接并转换里程计: ENU(-0.44, 0.35, 0.49) -> NED(0.44, 0.35, -0.49)
[race_ego_cloud_bridge-8] [INFO] [1786451294.404917915] [race_ego_cloud_bridge]: [EGO_STATIC_MAP_READY] topic=/saved_map frame=map points=9161 fused=true
[offboard_waypoint_node-1] [INFO] [1786451294.477539068] [offboard_waypoint_node]: [CONTROL_ARBITER] selected_source=safety_hold state=IDLE_HOLD
[super_planner_ros2_node-6] [INFO] [1786451294.627139117] [super_planner_ros2_node]: SUPER_ROS2 mode=IDLE enable_output=false reason=NO_GOAL odom=(-0.48,0.35,0.44) goal=none tracking_setpoint_enu=(-0.48,0.35,0.78) setpoint_ned=none yaw(desired/cmd/rate)=(0.00/0.00/0.00) cross_track=0.00 frame_id=px4_ned path_points=0 odom_source=/mavros/local_position/odom cloud_source=/saved_map mavros_connected=true
[ego_planner_node-10] [FSM]: state: WAIT_TARGET
[ego_planner_node-10] wait for goal or trigger.
[offboard_waypoint_node-1] [INFO] [1786451295.078064165] [offboard_waypoint_node]: [HOLD_ERROR] position_error=0.096 velocity=0.043 state=IDLE_HOLD
[offboard_waypoint_node-1] [INFO] [1786451295.478141658] [offboard_waypoint_node]: [CONTROL_ARBITER] selected_source=safety_hold state=IDLE_HOLD
[super_planner_ros2_node-6] [INFO] [1786451295.627720030] [super_planner_ros2_node]: SUPER_ROS2 mode=IDLE enable_output=false reason=NO_GOAL odom=(-0.45,0.35,0.42) goal=none tracking_setpoint_enu=(-0.45,0.35,0.78) setpoint_ned=none yaw(desired/cmd/rate)=(0.00/0.00/0.00) cross_track=0.00 frame_id=px4_ned path_points=0 odom_source=/mavros/local_position/odom cloud_source=/saved_map mavros_connected=true
[ego_planner_node-10] [FSM]: state: WAIT_TARGET
[ego_planner_node-10] wait for goal or trigger.
[fastlio_bridge_node-2] [INFO] [1786451296.081026397] [fastlio_bridge_node]: 已桥接并转换里程计: ENU(-0.39, 0.36, 0.42) -> NED(0.39, 0.36, -0.42)
[offboard_waypoint_node-1] [INFO] [1786451296.127546462] [offboard_waypoint_node]: [HOLD_ERROR] position_error=0.077 velocity=0.115 state=IDLE_HOLD
[race_ego_cloud_bridge-8] [INFO] [1786451296.404787306] [race_ego_cloud_bridge]: [EGO_STATIC_MAP_READY] topic=/saved_map frame=map points=9161 fused=true
[offboard_waypoint_node-1] [INFO] [1786451296.478963669] [offboard_waypoint_node]: [CONTROL_ARBITER] selected_source=safety_hold state=IDLE_HOLD
[super_planner_ros2_node-6] [INFO] [1786451296.677703332] [super_planner_ros2_node]: SUPER_ROS2 mode=IDLE enable_output=false reason=NO_GOAL odom=(-0.33,0.31,0.40) goal=none tracking_setpoint_enu=(-0.33,0.31,0.78) setpoint_ned=none yaw(desired/cmd/rate)=(0.00/0.00/0.00) cross_track=0.00 frame_id=px4_ned path_points=0 odom_source=/mavros/local_position/odom cloud_source=/saved_map mavros_connected=true
[ego_planner_node-10] [FSM]: state: WAIT_TARGET
[ego_planner_node-10] wait for goal or trigger.
[offboard_waypoint_node-1] [INFO] [1786451297.178039945] [offboard_waypoint_node]: [HOLD_ERROR] position_error=0.159 velocity=0.089 state=IDLE_HOLD
[offboard_waypoint_node-1] [INFO] [1786451297.527658080] [offboard_waypoint_node]: [CONTROL_ARBITER] selected_source=safety_hold state=IDLE_HOLD
[super_planner_ros2_node-6] [INFO] [1786451297.727219817] [super_planner_ros2_node]: SUPER_ROS2 mode=IDLE enable_output=false reason=NO_GOAL odom=(-0.37,0.27,0.40) goal=none tracking_setpoint_enu=(-0.37,0.27,0.78) setpoint_ned=none yaw(desired/cmd/rate)=(0.00/0.00/0.00) cross_track=0.00 frame_id=px4_ned path_points=0 odom_source=/mavros/local_position/odom cloud_source=/saved_map mavros_connected=true
[ego_planner_node-10] [FSM]: state: WAIT_TARGET
[ego_planner_node-10] wait for goal or trigger.
[fastlio_bridge_node-2] [INFO] [1786451298.083653866] [fastlio_bridge_node]: 已桥接并转换里程计: ENU(-0.41, 0.33, 0.43) -> NED(0.41, 0.33, -0.43)
[offboard_waypoint_node-1] [INFO] [1786451298.227592089] [offboard_waypoint_node]: [HOLD_ERROR] position_error=0.083 velocity=0.152 state=IDLE_HOLD
[race_ego_cloud_bridge-8] [INFO] [1786451298.405125238] [race_ego_cloud_bridge]: [EGO_STATIC_MAP_READY] topic=/saved_map frame=map points=9161 fused=true
[offboard_waypoint_node-1] [INFO] [1786451298.577623374] [offboard_waypoint_node]: [CONTROL_ARBITER] selected_source=safety_hold state=IDLE_HOLD
[super_planner_ros2_node-6] [INFO] [1786451298.777182039] [super_planner_ros2_node]: SUPER_ROS2 mode=IDLE enable_output=false reason=NO_GOAL odom=(-0.47,0.39,0.41) goal=none tracking_setpoint_enu=(-0.47,0.39,0.78) setpoint_ned=none yaw(desired/cmd/rate)=(0.00/0.00/0.00) cross_track=0.00 frame_id=px4_ned path_points=0 odom_source=/mavros/local_position/odom cloud_source=/saved_map mavros_connected=true
[ego_planner_node-10] [FSM]: state: WAIT_TARGET
[ego_planner_node-10] wait for goal or trigger.
[offboard_waypoint_node-1] [INFO] [1786451299.277576170] [offboard_waypoint_node]: [HOLD_ERROR] position_error=0.126 velocity=0.102 state=IDLE_HOLD
[offboard_waypoint_node-1] [INFO] [1786451299.627590389] [offboard_waypoint_node]: [CONTROL_ARBITER] selected_source=safety_hold state=IDLE_HOLD
[super_planner_ros2_node-6] [INFO] [1786451299.777186248] [super_planner_ros2_node]: SUPER_ROS2 mode=IDLE enable_output=false reason=NO_GOAL odom=(-0.41,0.49,0.41) goal=none tracking_setpoint_enu=(-0.41,0.49,0.78) setpoint_ned=none yaw(desired/cmd/rate)=(0.00/0.00/0.00) cross_track=0.00 frame_id=px4_ned path_points=0 odom_source=/mavros/local_position/odom cloud_source=/saved_map mavros_connected=true
[ego_planner_node-10] [FSM]: state: WAIT_TARGET
[ego_planner_node-10] wait for goal or trigger.
[fastlio_bridge_node-2] [INFO] [1786451300.091036289] [fastlio_bridge_node]: 已桥接并转换里程计: ENU(-0.34, 0.53, 0.40) -> NED(0.34, 0.53, -0.40)
[offboard_waypoint_node-1] [INFO] [1786451300.277576948] [offboard_waypoint_node]: [HOLD_ERROR] position_error=0.207 velocity=0.091 state=IDLE_HOLD
[race_ego_cloud_bridge-8] [INFO] [1786451300.405023855] [race_ego_cloud_bridge]: [EGO_STATIC_MAP_READY] topic=/saved_map frame=map points=9161 fused=true
[offboard_waypoint_node-1] [INFO] [1786451300.627606007] [offboard_waypoint_node]: [CONTROL_ARBITER] selected_source=safety_hold state=IDLE_HOLD
[super_planner_ros2_node-6] [INFO] [1786451300.777730017] [super_planner_ros2_node]: SUPER_ROS2 mode=IDLE enable_output=false reason=NO_GOAL odom=(-0.32,0.50,0.38) goal=none tracking_setpoint_enu=(-0.32,0.50,0.78) setpoint_ned=none yaw(desired/cmd/rate)=(0.00/0.00/0.00) cross_track=0.00 frame_id=px4_ned path_points=0 odom_source=/mavros/local_position/odom cloud_source=/saved_map mavros_connected=true
[ego_planner_node-10] [FSM]: state: WAIT_TARGET
[ego_planner_node-10] wait for goal or trigger.
[offboard_waypoint_node-1] [INFO] [1786451301.278234245] [offboard_waypoint_node]: [HOLD_ERROR] position_error=0.159 velocity=0.178 state=IDLE_HOLD
[offboard_waypoint_node-1] [INFO] [1786451301.628034958] [offboard_waypoint_node]: [CONTROL_ARBITER] selected_source=safety_hold state=IDLE_HOLD
[super_planner_ros2_node-6] [INFO] [1786451301.827276379] [super_planner_ros2_node]: SUPER_ROS2 mode=IDLE enable_output=false reason=NO_GOAL odom=(-0.39,0.38,0.40) goal=none tracking_setpoint_enu=(-0.39,0.38,0.78) setpoint_ned=none yaw(desired/cmd/rate)=(0.00/0.00/0.00) cross_track=0.00 frame_id=px4_ned path_points=0 odom_source=/mavros/local_position/odom cloud_source=/saved_map mavros_connected=true
[ego_planner_node-10] [FSM]: state: WAIT_TARGET
[ego_planner_node-10] wait for goal or trigger.
[fastlio_bridge_node-2] [INFO] [1786451302.018661560] [fastlio_bridge_node]: 已桥接并转换里程计: ENU(-0.38, 0.38, 0.44) -> NED(0.38, 0.38, -0.44)
[fastlio_bridge_node-2] [INFO] [1786451302.097616282] [fastlio_bridge_node]: 已桥接并转换里程计: ENU(-0.38, 0.36, 0.44) -> NED(0.38, 0.36, -0.44)
[offboard_waypoint_node-1] [INFO] [1786451302.330163622] [offboard_waypoint_node]: [HOLD_ERROR] position_error=0.075 velocity=0.166 state=IDLE_HOLD
[race_ego_cloud_bridge-8] [INFO] [1786451302.405286006] [race_ego_cloud_bridge]: [EGO_STATIC_MAP_READY] topic=/saved_map frame=map points=9161 fused=true
[offboard_waypoint_node-1] [INFO] [1786451302.629887900] [offboard_waypoint_node]: [CONTROL_ARBITER] selected_source=safety_hold state=IDLE_HOLD
[super_planner_ros2_node-6] [INFO] [1786451302.827606141] [super_planner_ros2_node]: SUPER_ROS2 mode=IDLE enable_output=false reason=NO_GOAL odom=(-0.42,0.24,0.42) goal=none tracking_setpoint_enu=(-0.42,0.24,0.78) setpoint_ned=none yaw(desired/cmd/rate)=(0.00/0.00/0.00) cross_track=0.00 frame_id=px4_ned path_points=0 odom_source=/mavros/local_position/odom cloud_source=/saved_map mavros_connected=true
[ego_planner_node-10] [FSM]: state: WAIT_TARGET
[ego_planner_node-10] wait for goal or trigger.
[offboard_waypoint_node-1] [INFO] [1786451303.377678319] [offboard_waypoint_node]: [HOLD_ERROR] position_error=0.175 velocity=0.222 state=IDLE_HOLD
[offboard_waypoint_node-1] [INFO] [1786451303.677866251] [offboard_waypoint_node]: [CONTROL_ARBITER] selected_source=safety_hold state=IDLE_HOLD
[super_planner_ros2_node-6] [INFO] [1786451303.878078923] [super_planner_ros2_node]: SUPER_ROS2 mode=IDLE enable_output=false reason=NO_GOAL odom=(-0.54,0.23,0.42) goal=none tracking_setpoint_enu=(-0.54,0.23,0.78) setpoint_ned=none yaw(desired/cmd/rate)=(0.00/0.00/0.00) cross_track=0.00 frame_id=px4_ned path_points=0 odom_source=/mavros/local_position/odom cloud_source=/saved_map mavros_connected=true
[ego_planner_node-10] [FSM]: state: WAIT_TARGET
[ego_planner_node-10] wait for goal or trigger.
[fastlio_bridge_node-2] [INFO] [1786451304.089999895] [fastlio_bridge_node]: 已桥接并转换里程计: ENU(-0.50, 0.24, 0.43) -> NED(0.50, 0.24, -0.43)
[offboard_waypoint_node-1] [INFO] [1786451304.378223800] [offboard_waypoint_node]: [HOLD_ERROR] position_error=0.109 velocity=0.255 state=IDLE_HOLD
[race_ego_cloud_bridge-8] [INFO] [1786451304.410239625] [race_ego_cloud_bridge]: [EGO_STATIC_MAP_READY] topic=/saved_map frame=map points=9161 fused=true
[offboard_waypoint_node-1] [INFO] [1786451304.679303771] [offboard_waypoint_node]: [CONTROL_ARBITER] selected_source=safety_hold state=IDLE_HOLD
[super_planner_ros2_node-6] [INFO] [1786451304.927424784] [super_planner_ros2_node]: SUPER_ROS2 mode=IDLE enable_output=false reason=NO_GOAL odom=(-0.33,0.32,0.39) goal=none tracking_setpoint_enu=(-0.33,0.32,0.78) setpoint_ned=none yaw(desired/cmd/rate)=(0.00/0.00/0.00) cross_track=0.00 frame_id=px4_ned path_points=0 odom_source=/mavros/local_position/odom cloud_source=/saved_map mavros_connected=true
[ego_planner_node-10] [FSM]: state: WAIT_TARGET
[ego_planner_node-10] wait for goal or trigger.
[offboard_waypoint_node-1] [INFO] [1786451305.427740750] [offboard_waypoint_node]: [HOLD_ERROR] position_error=0.163 velocity=0.126 state=IDLE_HOLD
[offboard_waypoint_node-1] [INFO] [1786451305.727973619] [offboard_waypoint_node]: [CONTROL_ARBITER] selected_source=safety_hold state=IDLE_HOLD
[super_planner_ros2_node-6] [INFO] [1786451305.927698783] [super_planner_ros2_node]: SUPER_ROS2 mode=IDLE enable_output=false reason=NO_GOAL odom=(-0.30,0.44,0.39) goal=none tracking_setpoint_enu=(-0.30,0.44,0.78) setpoint_ned=none yaw(desired/cmd/rate)=(0.00/0.00/0.00) cross_track=0.00 frame_id=px4_ned path_points=0 odom_source=/mavros/local_position/odom cloud_source=/saved_map mavros_connected=true
[fastlio_bridge_node-2] [INFO] [1786451306.085842964] [fastlio_bridge_node]: 已桥接并转换里程计: ENU(-0.33, 0.45, 0.41) -> NED(0.33, 0.45, -0.41)
[ego_planner_node-10] [FSM]: state: WAIT_TARGET
[ego_planner_node-10] wait for goal or trigger.
[offboard_waypoint_node-1] [INFO] [1786451306.477855222] [offboard_waypoint_node]: [HOLD_ERROR] position_error=0.154 velocity=0.098 state=IDLE_HOLD
[race_ego_cloud_bridge-8] [INFO] [1786451306.579882583] [race_ego_cloud_bridge]: [EGO_STATIC_MAP_READY] topic=/saved_map frame=map points=9161 fused=true
[offboard_waypoint_node-1] [INFO] [1786451306.778007957] [offboard_waypoint_node]: [CONTROL_ARBITER] selected_source=safety_hold state=IDLE_HOLD
[super_planner_ros2_node-6] [INFO] [1786451306.977323121] [super_planner_ros2_node]: SUPER_ROS2 mode=IDLE enable_output=false reason=NO_GOAL odom=(-0.41,0.43,0.40) goal=none tracking_setpoint_enu=(-0.41,0.43,0.78) setpoint_ned=none yaw(desired/cmd/rate)=(0.00/0.00/0.00) cross_track=0.00 frame_id=px4_ned path_points=0 odom_source=/mavros/local_position/odom cloud_source=/saved_map mavros_connected=true
[ego_planner_node-10] [FSM]: state: WAIT_TARGET
[ego_planner_node-10] wait for goal or trigger.
[offboard_waypoint_node-1] [INFO] [1786451307.527977037] [offboard_waypoint_node]: [HOLD_ERROR] position_error=0.123 velocity=0.092 state=IDLE_HOLD
[offboard_waypoint_node-1] [INFO] [1786451307.778406146] [offboard_waypoint_node]: [CONTROL_ARBITER] selected_source=safety_hold state=IDLE_HOLD
[super_planner_ros2_node-6] [INFO] [1786451307.977679768] [super_planner_ros2_node]: SUPER_ROS2 mode=IDLE enable_output=false reason=NO_GOAL odom=(-0.49,0.39,0.38) goal=none tracking_setpoint_enu=(-0.49,0.39,0.78) setpoint_ned=none yaw(desired/cmd/rate)=(0.00/0.00/0.00) cross_track=0.00 frame_id=px4_ned path_points=0 odom_source=/mavros/local_position/odom cloud_source=/saved_map mavros_connected=true
[fastlio_bridge_node-2] [INFO] [1786451308.088854111] [fastlio_bridge_node]: 已桥接并转换里程计: ENU(-0.49, 0.39, 0.39) -> NED(0.49, 0.39, -0.39)
[ego_planner_node-10] [FSM]: state: WAIT_TARGET
[ego_planner_node-10] wait for goal or trigger.
[race_ego_cloud_bridge-8] [INFO] [1786451308.407942757] [race_ego_cloud_bridge]: [EGO_STATIC_MAP_READY] topic=/saved_map frame=map points=9161 fused=true
[offboard_waypoint_node-1] [INFO] [1786451308.577887810] [offboard_waypoint_node]: [HOLD_ERROR] position_error=0.114 velocity=0.136 state=IDLE_HOLD
[offboard_waypoint_node-1] [INFO] [1786451308.827913110] [offboard_waypoint_node]: [CONTROL_ARBITER] selected_source=safety_hold state=IDLE_HOLD
[super_planner_ros2_node-6] [INFO] [1786451308.979577973] [super_planner_ros2_node]: SUPER_ROS2 mode=IDLE enable_output=false reason=NO_GOAL odom=(-0.43,0.30,0.39) goal=none tracking_setpoint_enu=(-0.43,0.30,0.78) setpoint_ned=none yaw(desired/cmd/rate)=(0.00/0.00/0.00) cross_track=0.00 frame_id=px4_ned path_points=0 odom_source=/mavros/local_position/odom cloud_source=/saved_map mavros_connected=true
[ego_planner_node-10] [FSM]: state: WAIT_TARGET
[ego_planner_node-10] wait for goal or trigger.
[offboard_waypoint_node-1] [INFO] [1786451309.627787218] [offboard_waypoint_node]: [HOLD_ERROR] position_error=0.099 velocity=0.023 state=IDLE_HOLD
[offboard_waypoint_node-1] [INFO] [1786451309.877758397] [offboard_waypoint_node]: [CONTROL_ARBITER] selected_source=safety_hold state=IDLE_HOLD
[super_planner_ros2_node-6] [INFO] [1786451310.027341810] [super_planner_ros2_node]: SUPER_ROS2 mode=IDLE enable_output=false reason=NO_GOAL odom=(-0.40,0.28,0.40) goal=none tracking_setpoint_enu=(-0.40,0.28,0.78) setpoint_ned=none yaw(desired/cmd/rate)=(0.00/0.00/0.00) cross_track=0.00 frame_id=px4_ned path_points=0 odom_source=/mavros/local_position/odom cloud_source=/saved_map mavros_connected=true
[fastlio_bridge_node-2] [INFO] [1786451310.083474576] [fastlio_bridge_node]: 已桥接并转换里程计: ENU(-0.40, 0.29, 0.42) -> NED(0.40, 0.29, -0.42)
[ego_planner_node-10] [FSM]: state: WAIT_TARGET
[ego_planner_node-10] wait for goal or trigger.
[race_ego_cloud_bridge-8] [INFO] [1786451310.405267742] [race_ego_cloud_bridge]: [EGO_STATIC_MAP_READY] topic=/saved_map frame=map points=9161 fused=true
[offboard_waypoint_node-1] [INFO] [1786451310.678211851] [offboard_waypoint_node]: [HOLD_ERROR] position_error=0.105 velocity=0.021 state=IDLE_HOLD
[offboard_waypoint_node-1] [INFO] [1786451310.877837098] [offboard_waypoint_node]: [CONTROL_ARBITER] selected_source=safety_hold state=IDLE_HOLD
[super_planner_ros2_node-6] [INFO] [1786451311.077264601] [super_planner_ros2_node]: SUPER_ROS2 mode=IDLE enable_output=false reason=NO_GOAL odom=(-0.42,0.28,0.41) goal=none tracking_setpoint_enu=(-0.42,0.28,0.78) setpoint_ned=none yaw(desired/cmd/rate)=(0.00/0.00/0.00) cross_track=0.00 frame_id=px4_ned path_points=0 odom_source=/mavros/local_position/odom cloud_source=/saved_map mavros_connected=true
[ego_planner_node-10] [FSM]: state: WAIT_TARGET
[ego_planner_node-10] wait for goal or trigger.
[offboard_waypoint_node-1] [INFO] [1786451311.727649815] [offboard_waypoint_node]: [HOLD_ERROR] position_error=0.109 velocity=0.133 state=IDLE_HOLD
[offboard_waypoint_node-1] [INFO] [1786451311.879956846] [offboard_waypoint_node]: [CONTROL_ARBITER] selected_source=safety_hold state=IDLE_HOLD
[super_planner_ros2_node-6] [INFO] [1786451312.077362488] [super_planner_ros2_node]: SUPER_ROS2 mode=IDLE enable_output=false reason=NO_GOAL odom=(-0.53,0.36,0.42) goal=none tracking_setpoint_enu=(-0.53,0.36,0.78) setpoint_ned=none yaw(desired/cmd/rate)=(0.00/0.00/0.00) cross_track=0.00 frame_id=px4_ned path_points=0 odom_source=/mavros/local_position/odom cloud_source=/saved_map mavros_connected=true
[fastlio_bridge_node-2] [INFO] [1786451312.085275369] [fastlio_bridge_node]: 已桥接并转换里程计: ENU(-0.52, 0.37, 0.45) -> NED(0.52, 0.37, -0.45)
[ego_planner_node-10] [FSM]: state: WAIT_TARGET
[ego_planner_node-10] wait for goal or trigger.
[race_ego_cloud_bridge-8] [INFO] [1786451312.405303001] [race_ego_cloud_bridge]: [EGO_STATIC_MAP_READY] topic=/saved_map frame=map points=9161 fused=true
[offboard_waypoint_node-1] [INFO] [1786451312.727903652] [offboard_waypoint_node]: [HOLD_ERROR] position_error=0.173 velocity=0.050 state=IDLE_HOLD
[offboard_waypoint_node-1] [INFO] [1786451312.927790941] [offboard_waypoint_node]: [CONTROL_ARBITER] selected_source=safety_hold state=IDLE_HOLD
[super_planner_ros2_node-6] [INFO] [1786451313.127427438] [super_planner_ros2_node]: SUPER_ROS2 mode=IDLE enable_output=false reason=NO_GOAL odom=(-0.55,0.41,0.42) goal=none tracking_setpoint_enu=(-0.55,0.41,0.78) setpoint_ned=none yaw(desired/cmd/rate)=(0.00/0.00/0.00) cross_track=0.00 frame_id=px4_ned path_points=0 odom_source=/mavros/local_position/odom cloud_source=/saved_map mavros_connected=true
[mapping_manager_node-5] [INFO] [1786451313.239005366] [mapping_manager_node]: Mapping status: in_flight=false, map_loaded=false, map_saved=false
[ego_planner_node-10] [FSM]: state: WAIT_TARGET
[ego_planner_node-10] wait for goal or trigger.
[offboard_waypoint_node-1] [INFO] [1786451313.777610203] [offboard_waypoint_node]: [HOLD_ERROR] position_error=0.135 velocity=0.120 state=IDLE_HOLD
[offboard_waypoint_node-1] [INFO] [1786451313.927867518] [offboard_waypoint_node]: [CONTROL_ARBITER] selected_source=safety_hold state=IDLE_HOLD
[fastlio_bridge_node-2] [INFO] [1786451314.084282472] [fastlio_bridge_node]: 已桥接并转换里程计: ENU(-0.49, 0.37, 0.44) -> NED(0.49, 0.37, -0.44)
[super_planner_ros2_node-6] [INFO] [1786451314.128765413] [super_planner_ros2_node]: SUPER_ROS2 mode=IDLE enable_output=false reason=NO_GOAL odom=(-0.49,0.37,0.41) goal=none tracking_setpoint_enu=(-0.49,0.37,0.78) setpoint_ned=none yaw(desired/cmd/rate)=(0.00/0.00/0.00) cross_track=0.00 frame_id=px4_ned path_points=0 odom_source=/mavros/local_position/odom cloud_source=/saved_map mavros_connected=true
[ego_planner_node-10] [FSM]: state: WAIT_TARGET
[ego_planner_node-10] wait for goal or trigger.
[race_ego_cloud_bridge-8] [INFO] [1786451314.405364806] [race_ego_cloud_bridge]: [EGO_STATIC_MAP_READY] topic=/saved_map frame=map points=9161 fused=true
[offboard_waypoint_node-1] [INFO] [1786451314.778341702] [offboard_waypoint_node]: [HOLD_ERROR] position_error=0.083 velocity=0.065 state=IDLE_HOLD
[offboard_waypoint_node-1] [INFO] [1786451314.928104044] [offboard_waypoint_node]: [CONTROL_ARBITER] selected_source=safety_hold state=IDLE_HOLD
[super_planner_ros2_node-6] [INFO] [1786451315.177676022] [super_planner_ros2_node]: SUPER_ROS2 mode=IDLE enable_output=false reason=NO_GOAL odom=(-0.42,0.40,0.41) goal=none tracking_setpoint_enu=(-0.42,0.40,0.78) setpoint_ned=none yaw(desired/cmd/rate)=(0.00/0.00/0.00) cross_track=0.00 frame_id=px4_ned path_points=0 odom_source=/mavros/local_position/odom cloud_source=/saved_map mavros_connected=true
[ego_planner_node-10] [FSM]: state: WAIT_TARGET
[ego_planner_node-10] wait for goal or trigger.
[offboard_waypoint_node-1] [INFO] [1786451315.827711586] [offboard_waypoint_node]: [HOLD_ERROR] position_error=0.106 velocity=0.036 state=IDLE_HOLD
[offboard_waypoint_node-1] [INFO] [1786451315.977904180] [offboard_waypoint_node]: [CONTROL_ARBITER] selected_source=safety_hold state=IDLE_HOLD
[fastlio_bridge_node-2] [INFO] [1786451316.082657753] [fastlio_bridge_node]: 已桥接并转换里程计: ENU(-0.42, 0.43, 0.45) -> NED(0.42, 0.43, -0.45)
[super_planner_ros2_node-6] [INFO] [1786451316.227295925] [super_planner_ros2_node]: SUPER_ROS2 mode=IDLE enable_output=false reason=NO_GOAL odom=(-0.42,0.44,0.42) goal=none tracking_setpoint_enu=(-0.42,0.44,0.78) setpoint_ned=none yaw(desired/cmd/rate)=(0.00/0.00/0.00) cross_track=0.00 frame_id=px4_ned path_points=0 odom_source=/mavros/local_position/odom cloud_source=/saved_map mavros_connected=true
[ego_planner_node-10] [FSM]: state: WAIT_TARGET
[ego_planner_node-10] wait for goal or trigger.
[race_ego_cloud_bridge-8] [INFO] [1786451316.405441041] [race_ego_cloud_bridge]: [EGO_STATIC_MAP_READY] topic=/saved_map frame=map points=9161 fused=true
[offboard_waypoint_node-1] [INFO] [1786451316.877703009] [offboard_waypoint_node]: [HOLD_ERROR] position_error=0.119 velocity=0.051 state=IDLE_HOLD
[offboard_waypoint_node-1] [INFO] [1786451316.977982157] [offboard_waypoint_node]: [CONTROL_ARBITER] selected_source=safety_hold state=IDLE_HOLD
[super_planner_ros2_node-6] [INFO] [1786451317.227619774] [super_planner_ros2_node]: SUPER_ROS2 mode=IDLE enable_output=false reason=NO_GOAL odom=(-0.40,0.42,0.41) goal=none tracking_setpoint_enu=(-0.40,0.42,0.78) setpoint_ned=none yaw(desired/cmd/rate)=(0.00/0.00/0.00) cross_track=0.00 frame_id=px4_ned path_points=0 odom_source=/mavros/local_position/odom cloud_source=/saved_map mavros_connected=true
[ego_planner_node-10] [FSM]: state: WAIT_TARGET
[ego_planner_node-10] wait for goal or trigger.
[offboard_waypoint_node-1] [INFO] [1786451317.879351381] [offboard_waypoint_node]: [HOLD_ERROR] position_error=0.077 velocity=0.020 state=IDLE_HOLD
[offboard_waypoint_node-1] [INFO] [1786451317.979271069] [offboard_waypoint_node]: [CONTROL_ARBITER] selected_source=safety_hold state=IDLE_HOLD
[fastlio_bridge_node-2] [INFO] [1786451318.001437452] [fastlio_bridge_node]: 已桥接并转换里程计: ENU(-0.40, 0.40, 0.46) -> NED(0.40, 0.40, -0.46)
[fastlio_bridge_node-2] [INFO] [1786451318.095076226] [fastlio_bridge_node]: 已桥接并转换里程计: ENU(-0.40, 0.40, 0.47) -> NED(0.40, 0.40, -0.47)
[super_planner_ros2_node-6] [INFO] [1786451318.277574135] [super_planner_ros2_node]: SUPER_ROS2 mode=IDLE enable_output=false reason=NO_GOAL odom=(-0.39,0.39,0.42) goal=none tracking_setpoint_enu=(-0.39,0.39,0.78) setpoint_ned=none yaw(desired/cmd/rate)=(0.00/0.00/0.00) cross_track=0.00 frame_id=px4_ned path_points=0 odom_source=/mavros/local_position/odom cloud_source=/saved_map mavros_connected=true
[race_ego_cloud_bridge-8] [INFO] [1786451318.405270820] [race_ego_cloud_bridge]: [EGO_STATIC_MAP_READY] topic=/saved_map frame=map points=9161 fused=true
[ego_planner_node-10] [FSM]: state: WAIT_TARGET
[ego_planner_node-10] wait for goal or trigger.
[offboard_waypoint_node-1] [INFO] [1786451318.927854641] [offboard_waypoint_node]: [HOLD_ERROR] position_error=0.115 velocity=0.085 state=IDLE_HOLD
[offboard_waypoint_node-1] [INFO] [1786451319.028154934] [offboard_waypoint_node]: [CONTROL_ARBITER] selected_source=safety_hold state=IDLE_HOLD
[super_planner_ros2_node-6] [INFO] [1786451319.277733016] [super_planner_ros2_node]: SUPER_ROS2 mode=IDLE enable_output=false reason=NO_GOAL odom=(-0.32,0.43,0.43) goal=none tracking_setpoint_enu=(-0.32,0.43,0.78) setpoint_ned=none yaw(desired/cmd/rate)=(0.00/0.00/0.00) cross_track=0.00 frame_id=px4_ned path_points=0 odom_source=/mavros/local_position/odom cloud_source=/saved_map mavros_connected=true
[ego_planner_node-10] [FSM]: state: WAIT_TARGET
[ego_planner_node-10] wait for goal or trigger.
[offboard_waypoint_node-1] [INFO] [1786451319.927903164] [offboard_waypoint_node]: [HOLD_ERROR] position_error=0.133 velocity=0.116 state=IDLE_HOLD
[offboard_waypoint_node-1] [INFO] [1786451320.077853788] [offboard_waypoint_node]: [CONTROL_ARBITER] selected_source=safety_hold state=IDLE_HOLD
[fastlio_bridge_node-2] [INFO] [1786451320.086520491] [fastlio_bridge_node]: 已桥接并转换里程计: ENU(-0.30, 0.40, 0.45) -> NED(0.30, 0.40, -0.45)
[super_planner_ros2_node-6] [INFO] [1786451320.329046774] [super_planner_ros2_node]: SUPER_ROS2 mode=IDLE enable_output=false reason=NO_GOAL odom=(-0.35,0.39,0.42) goal=none tracking_setpoint_enu=(-0.35,0.39,0.78) setpoint_ned=none yaw(desired/cmd/rate)=(0.00/0.00/0.00) cross_track=0.00 frame_id=px4_ned path_points=0 odom_source=/mavros/local_position/odom cloud_source=/saved_map mavros_connected=true
[race_ego_cloud_bridge-8] [INFO] [1786451320.405916597] [race_ego_cloud_bridge]: [EGO_STATIC_MAP_READY] topic=/saved_map frame=map points=9161 fused=true
[navigation stack (prewarm)] 正在停止进程组 6469
[navigation stack (prewarm)] 已退出，状态码 143
