[navigation stack (prewarm)] starting
[navigation stack (prewarm)] command: env MAP_FILE=/home/robot/rong_ws/ws_offboard_control/maps/fastlio_global_3d_20260810/GlobalMap_去顶端_z3m.pcd PLANNER_BACKEND=astar_ego MISSION_ENABLED=false RECOGNITION_ENABLED=false RVIZ=true ENABLE_OUTPUT=true MANUAL_HANDOVER=true MAP_AUTO_LOAD=true /home/robot/rong_ws/ws_offboard_control/tools/flight/运行导航控制.sh
[navigation stack (prewarm)] pid=5083 pgid=5083 log=/home/robot/rong_ws/ws_offboard_control/flight_records/20260811/flight_20260811_231802/logs/navigation.log
导航后端：    astar_ego
任务序列器：  false
地图文件：    /home/robot/rong_ws/ws_offboard_control/maps/fastlio_global_3d_20260810/GlobalMap_去顶端_z3m.pcd
地图自动加载：true
Recognition:        false
导航输出：    true
人工接管：    true
[INFO] [launch]: All log files can be found below /home/robot/.ros/log/2026-08-11-23-18-08-142989-robot-5083
[INFO] [launch]: Default logging verbosity is set to INFO
[INFO] [launch.user]: [TUNING_FILE]
[INFO] [launch.user]: path=/home/robot/rong_ws/ws_offboard_control/install/race_bringup/share/race_bringup/config/astar_ego_tuning.yaml
[INFO] [launch.user]: schema_version=1
[INFO] [launch.user]: [EGO_MAP_SOURCE]
[INFO] [launch.user]: ego_map_source=static_live_px4
[INFO] [launch.user]: [EGO_MAP_TUNING]
[INFO] [launch.user]: {'live_topic': '/cloud_registered', 'body_topic': '/cloud_registered_body', 'pose_topic': '/mavros/local_position/pose', 'live_obstacle_memory_sec': 1.0, 'live_obstacle_voxel_size_m': 0.1, 'live_obstacle_min_observations': 2, 'minimum_reliable_detection_range_m': 0.725, 'pose_sync_max_skew_sec': 0.3, 'pose_buffer_duration_sec': 1.0}
[INFO] [launch.user]: [SHARED_BOUNDS]
[INFO] [launch.user]: x=[-0.85,11.9] y=[-3.2,12.4] z=[0.5,0.85] margin=0.15
[INFO] [launch.user]: [GLOBAL_PLANNER_TUNING]
[INFO] [launch.user]: {'grid_resolution': 0.15, 'planning_resolution': 0.05, 'hard_inflation_radius': 0.28, 'min_planning_inflation_radius': 0.28, 'soft_obstacle_cost_radius': 0.54, 'clearance_cost_weight': 3.0, 'tracking_lookahead_distance': 0.3, 'max_local_goal_distance': 1.7, 'smoothing_min_clearance': 0.1, 'allow_direct_path': False, 'enable_path_shortcut': False}
[INFO] [launch.user]: [EGO_TUNING]
[INFO] [launch.user]: {'planning_horizon': 5.0, 'local_update_range_x': 6.0, 'local_update_range_y': 6.0, 'local_update_range_z': 1.25, 'occupancy_map_size_x': 24.0, 'occupancy_map_size_y': 26.0, 'occupancy_publish_max_height': 2.5, 'max_velocity': 0.6, 'max_acceleration': 0.8, 'control_point_spacing': 0.25, 'planning_clearance_m': 0.34, 'constrained_clearance_enable': False, 'constrained_clearance_m': 0.24, 'constrained_optimization_clearance_m': 0.3, 'far_end_clearance_extra_m': 0.06, 'optimization_clearance_m': 0.42, 'max_reference_deviation_m': 0.8, 'use_distinctive_trajectories': True, 'replan_start_position_error_m': 0.25, 'handover_position_tolerance_m': 0.01, 'handover_velocity_tolerance_mps': 0.005, 'handover_acceleration_tolerance_mps2': 0.01, 'fixed_flight_height': 0.78}
[INFO] [launch.user]: [BRIDGE_TUNING]
[INFO] [launch.user]: {'occupancy_timeout_sec': 1.0, 'active_recheck_history_sec': 0.5, 'bspline_timeout_sec': 0.2, 'command_timeout_sec': 0.2, 'dynamic_invalid_grace_sec': 0.75, 'replan_hold_timeout_sec': 3.0, 'collision_sample_spacing_m': 0.04, 'braking_deceleration_mps2': 0.8, 'reaction_time_sec': 0.15, 'dynamic_limit_margin': 1.1, 'max_yaw_rate_rad_s': 0.8}
[INFO] [launch.user]: [OFFBOARD_TUNING]
[INFO] [launch.user]: {'takeoff_height_m': 0.55, 'ego_goal_release_height_m': 0.5, 'ego_goal_stable_height_tolerance_m': 0.05, 'ego_goal_stable_horizontal_speed_mps': 0.08, 'ego_goal_stable_vertical_speed_mps': 0.05, 'ego_goal_stable_duration_sec': 0.5, 'fixed_flight_height_m': 0.78, 'max_safe_height_m': 0.85, 'goal_tolerance_xy_m': 0.1, 'goal_tolerance_z_m': 0.05, 'setpoint_rate_hz': 20.0, 'trusted_position_max_speed_mps': 4.0, 'trusted_position_jump_allowance_m': 0.4, 'ego_setpoint_max_lead_m': 2.0, 'ego_setpoint_timeout_sec': 2.5, 'same_goal_retry_on_safety_latch': True, 'ego_yaw_rate_limit_rad_s': 0.8, 'initial_position_stabilization_sec': 0.5, 'initial_position_max_spread_m': 0.08, 'initial_position_max_speed_mps': 0.2}
[INFO] [offboard_waypoint_node-1]: process started with pid [5241]
[INFO] [fastlio_bridge_node-2]: process started with pid [5243]
[INFO] [frame_transform_node-3]: process started with pid [5245]
[INFO] [map_io_node-4]: process started with pid [5247]
[INFO] [mapping_manager_node-5]: process started with pid [5249]
[INFO] [super_planner_ros2_node-6]: process started with pid [5251]
[INFO] [race_ego_odom_bridge-7]: process started with pid [5253]
[INFO] [race_ego_cloud_bridge-8]: process started with pid [5255]
[INFO] [race_ego_goal_bridge-9]: process started with pid [5257]
[INFO] [ego_planner_node-10]: process started with pid [5259]
[INFO] [traj_server-11]: process started with pid [5261]
[INFO] [race_ego_trajectory_bridge-12]: process started with pid [5263]
[INFO] [rviz2-13]: process started with pid [5265]
[race_ego_trajectory_bridge-12] [INFO] [1786461488.433971579] [race_ego_trajectory_bridge]: [BRIDGE_CLEARANCE_THRESHOLD] hard_clearance=0.290000000
[race_ego_trajectory_bridge-12] [INFO] [1786461488.435249986] [race_ego_trajectory_bridge]: [BRIDGE_BRAKING_CONTRACT] max_speed=0.600 deceleration=0.800 reaction=0.150 clearance=0.290 braking_horizon=0.605 detection_range=0.725
[race_ego_cloud_bridge-8] [INFO] [1786461488.444171271] [race_ego_cloud_bridge]: EGO cloud bridge: source=static_live_px4 input=/saved_map+/cloud_registered_body output=/race/ego/cloud required_frame=map frame_transform=px4_pose_projection
[frame_transform_node-3] [INFO] [1786461488.445190703] [frame_transform_node]: frame_transform_node started
[frame_transform_node-3] [INFO] [1786461488.445344412] [frame_transform_node]:   Published static TF: map -> odom (identity)
[frame_transform_node-3] [INFO] [1786461488.445358188] [frame_transform_node]:   Published static TF: camera_init -> map (identity, RViz display only)
[fastlio_bridge_node-2] [INFO] [1786461488.445513552] [fastlio_bridge_node]: FAST-LIO2 里程计桥接已启动：订阅 /Odometry -> /race/odom, /race/pose
[mapping_manager_node-5] [INFO] [1786461488.448611356] [mapping_manager_node]: mapping_manager_node started
[mapping_manager_node-5] [INFO] [1786461488.448737155] [mapping_manager_node]:   auto_load_on_start: false
[mapping_manager_node-5] [INFO] [1786461488.448750439] [mapping_manager_node]:   auto_save_on_land: true
[race_ego_odom_bridge-7] [INFO] [1786461488.455063327] [race_ego_odom_bridge]: EGO odom bridge: /mavros/local_position/odom -> /race/ego/odom frame=map pose=enuToMap(-y,x,z) velocity=bodyFLU->ENU->map strict=false
[super_planner_ros2_node-6] [INFO] [1786461488.478231109] [super_planner_ros2_node]: MODE_INIT enable_output=true setpoint_topic=/race/navigation_setpoint setpoint_frame=px4_ned control_rate=20.0 replan_rate=2.0 tracking_lookahead=0.30 heading_lookahead=0.80 max_yaw_rate=1.00 odom_topic=/race/ego/odom odom_input_frame=map require_mavros_connected=false mavros_state_topic=/mavros/state cloud_topic=/saved_map PLANNER_INTERNAL_FRAME=map hard_inflation=0.28 soft_cost_radius=0.54 clearance_cost_weight=3.00 smoothing=true method=chaikin iterations=2 sample_resolution=0.10 allow_direct_path=false enable_path_shortcut=false
[super_planner_ros2_node-6] [INFO] [1786461488.478432475] [super_planner_ros2_node]: GLOBAL_MODE global_only=true control_output=false global_path=/race/global_path local_goal=/race/ego/local_goal
[super_planner_ros2_node-6] [INFO] [1786461488.478445127] [super_planner_ros2_node]: [SUPER_MODE] global_only=true max_planning_distance=9.000 segment_chaining=false
[super_planner_ros2_node-6] [INFO] [1786461488.478450255] [super_planner_ros2_node]: [SUPER_DIRECT_MODE] enabled=false
[super_planner_ros2_node-6] [INFO] [1786461488.478454883] [super_planner_ros2_node]: [SHARED_BOUNDS] x=[-0.85,11.90] y=[-3.20,12.40] z=[0.50,0.85] margin=0.15
[offboard_waypoint_node-1] [INFO] [1786461488.480501347] [offboard_waypoint_node]: Offboard adapter: control_source=ego navigation_topic=/race/navigation_setpoint ego_topic=/race/ego/trajectory_setpoint frame=px4_ned timeout=0.80s ego_timeout=0.20s height=[0.50, 0.85]m warmup=1.0s stabilization=3.0s takeoff_complete=0.55m strict_health=false
[offboard_waypoint_node-1] [INFO] [1786461488.480627899] [offboard_waypoint_node]: [PLANNER_SOURCE] backend=ego
[offboard_waypoint_node-1] [INFO] [1786461488.480640505] [offboard_waypoint_node]: [TRAJECTORY_SOURCE] selected=ego timeout=2.50s
[race_ego_trajectory_bridge-12] [INFO] [1786461488.483946336] [race_ego_trajectory_bridge]: [EGO_STATUS] state=WAIT_MAP control_enabled=true map=missing odom=missing goal=missing trajectory=missing
[super_planner_ros2_node-6] [INFO] [1786461488.528554324] [super_planner_ros2_node]: SUPER_ROS2 mode=NO_ODOM enable_output=false reason=NO_ODOM odom=(0.00,0.00,0.00) goal=none tracking_setpoint_enu=(0.00,0.00,0.00) setpoint_ned=none yaw(desired/cmd/rate)=(0.00/0.00/0.00) cross_track=0.00 frame_id=px4_ned path_points=0 odom_source=none cloud_source=none mavros_connected=false
[offboard_waypoint_node-1] [INFO] [1786461488.530790562] [offboard_waypoint_node]: [EV_HOLD_WAIT] continuous_healthy=0.00s required=7.50s
[offboard_waypoint_node-1] [INFO] [1786461488.530881446] [offboard_waypoint_node]: [CONTROL_ARBITER] selected_source=waiting_for_ev_ground_reference state=WAITING_FOR_ODOM
[map_io_node-4] [INFO] [1786461488.588972095] [map_io_node]: map_io_node started
[map_io_node-4] [INFO] [1786461488.589054618] [map_io_node]:   map_file: /home/robot/rong_ws/ws_offboard_control/maps/fastlio_global_3d_20260810/GlobalMap_去顶端_z3m.pcd
[map_io_node-4] [INFO] [1786461488.589060608] [map_io_node]:   publish_topic: /saved_map
[map_io_node-4] [INFO] [1786461488.589063593] [map_io_node]:   display_leaf_size: 0.10 m
[map_io_node-4] [INFO] [1786461488.589069320] [map_io_node]:   max_display_points: 3000000
[ego_planner_node-10] [INFO] [1786461488.659789424] [race_ego_planner]: [EGO_RECOVERY_GEOMETRY_CONFIG] search_distance=0.600 minimum_forward_progress=0.150 extra_clearance=0.060 max_reference_deviation=0.780 max_lateral_offset=0.750 lateral_offset_step=0.150
[ego_planner_node-10] [INFO] [1786461488.666114962] [race_ego_planner]: [EGO_HANDOVER_TOLERANCE] position_m=0.010 velocity_mps=0.005 acceleration_mps2=0.010
[ego_planner_node-10] [INFO] [1786461488.666156057] [race_ego_planner]: [EGO_REFERENCE_GEOMETRY_LIMIT] max_reference_deviation_m=0.800
[ego_planner_node-10] [INFO] [1786461488.668765514] [race_ego_planner]: [EGO_OCCUPANCY_SAFETY_MODEL] required_center_clearance=0.290 planning_clearance=0.340 resolution=0.150 coarse_inflation_steps=2 coarse_voxel_clearance=0.300 continuous_query=true
[ego_planner_node-10] hit: 0.619039
[ego_planner_node-10] miss: -0.619039
[ego_planner_node-10] min log: -1.99243
[ego_planner_node-10] max: 2.19722
[ego_planner_node-10] thresh log: 1.38629
[ego_planner_node-10] [INFO] [1786461488.676906849] [race_ego_planner]: [EGO_OBSTACLE_CLEARANCE_CONTRACT] required_center_clearance=0.290000000 planning_clearance=0.340000000 optimization_target_clearance=0.420000000 far_end_clearance_extra=0.060000000 far_end_target_clearance=0.480000000 collision_weight=1.200000000 valid=true
[ego_planner_node-10] [INFO] [1786461488.676958102] [race_ego_planner]: [EGO_ACTIVE_OPTIMIZATION_TERMS] smoothness=true obstacle=true feasibility=true reference=false endpoint=true smoothness_weight=1.000000 obstacle_weight=1.200000 feasibility_weight=0.400000 reference_weight=0.000000 configured_fitness_weight=1.000000 obstacle_clearance=0.420000
[ego_planner_node-10] [INFO] [1786461488.712401780] [race_ego_planner]: [EGO_CONSTRAINED_CLEARANCE_CONFIG] enabled=false normal=0.340 constrained=0.240 optimization=0.300
[ego_planner_node-10] [INFO] [1786461488.714193900] [race_ego_planner]: single drone:-1
[rviz2-13] [INFO] [1786461488.890488845] [rviz2]: Stereo is NOT SUPPORTED
[rviz2-13] [INFO] [1786461488.890610821] [rviz2]: OpenGl version: 4.6 (GLSL 4.6)
[rviz2-13] [INFO] [1786461488.927066143] [rviz2]: Stereo is NOT SUPPORTED
[traj_server-11] [WARN] [1786461489.450466536] [race_ego_traj_server]: [Traj server]: ready.
[super_planner_ros2_node-6] [INFO] [1786461489.532390583] [super_planner_ros2_node]: SUPER_ROS2 mode=NO_ODOM enable_output=false reason=NO_ODOM odom=(0.00,0.00,0.00) goal=none tracking_setpoint_enu=(0.00,0.00,0.00) setpoint_ned=none yaw(desired/cmd/rate)=(0.00/0.00/0.00) cross_track=0.00 frame_id=px4_ned path_points=0 odom_source=none cloud_source=none mavros_connected=false
[offboard_waypoint_node-1] [INFO] [1786461489.534473584] [offboard_waypoint_node]: [EV_HOLD_WAIT] continuous_healthy=0.00s required=7.50s
[offboard_waypoint_node-1] [INFO] [1786461489.534542507] [offboard_waypoint_node]: [CONTROL_ARBITER] selected_source=waiting_for_ev_ground_reference state=WAITING_FOR_ODOM
[map_io_node-4] [INFO] [1786461489.596681251] [map_io_node]: Loaded 9628 points from /home/robot/rong_ws/ws_offboard_control/maps/fastlio_global_3d_20260810/GlobalMap_去顶端_z3m.pcd
[map_io_node-4] [INFO] [1786461489.621771116] [map_io_node]: Downsampled display map: 9628 -> 9161 points (leaf 0.10 m)
[map_io_node-4] [INFO] [1786461489.622998250] [map_io_node]: Published map to /saved_map (frame: map)
[super_planner_ros2_node-6] [WARN] [1786461489.623510316] [super_planner_ros2_node]: Using cloud source: /saved_map frame_id=map
[race_ego_cloud_bridge-8] [INFO] [1786461489.623669568] [race_ego_cloud_bridge]: [EGO_STATIC_MAP_READY] topic=/saved_map frame=map points=9161 fused=true
[ego_planner_node-10] [FSM]: state: INIT
[ego_planner_node-10] no odom.
[ego_planner_node-10] wait for goal or trigger.
[super_planner_ros2_node-6] [INFO] [1786461490.535485220] [super_planner_ros2_node]: SUPER_ROS2 mode=NO_ODOM enable_output=false reason=NO_ODOM odom=(0.00,0.00,0.00) goal=none tracking_setpoint_enu=(0.00,0.00,0.00) setpoint_ned=none yaw(desired/cmd/rate)=(0.00/0.00/0.00) cross_track=0.00 frame_id=px4_ned path_points=0 odom_source=none cloud_source=/saved_map mavros_connected=false
[offboard_waypoint_node-1] [INFO] [1786461490.537652714] [offboard_waypoint_node]: [EV_HOLD_WAIT] continuous_healthy=0.00s required=7.50s
[offboard_waypoint_node-1] [INFO] [1786461490.537731178] [offboard_waypoint_node]: [CONTROL_ARBITER] selected_source=waiting_for_ev_ground_reference state=WAITING_FOR_ODOM
[ego_planner_node-10] [FSM]: state: INIT
[ego_planner_node-10] no odom.
[ego_planner_node-10] wait for goal or trigger.
[super_planner_ros2_node-6] [INFO] [1786461491.538263989] [super_planner_ros2_node]: SUPER_ROS2 mode=NO_ODOM enable_output=false reason=NO_ODOM odom=(0.00,0.00,0.00) goal=none tracking_setpoint_enu=(0.00,0.00,0.00) setpoint_ned=none yaw(desired/cmd/rate)=(0.00/0.00/0.00) cross_track=0.00 frame_id=px4_ned path_points=0 odom_source=none cloud_source=/saved_map mavros_connected=false
[offboard_waypoint_node-1] [INFO] [1786461491.540505102] [offboard_waypoint_node]: [EV_HOLD_WAIT] continuous_healthy=0.00s required=7.50s
[offboard_waypoint_node-1] [INFO] [1786461491.540582101] [offboard_waypoint_node]: [CONTROL_ARBITER] selected_source=waiting_for_ev_ground_reference state=WAITING_FOR_ODOM
[race_ego_cloud_bridge-8] [INFO] [1786461491.630858264] [race_ego_cloud_bridge]: [EGO_STATIC_MAP_READY] topic=/saved_map frame=map points=9161 fused=true
[ego_planner_node-10] [FSM]: state: INIT
[ego_planner_node-10] no odom.
[ego_planner_node-10] wait for goal or trigger.
[super_planner_ros2_node-6] [INFO] [1786461492.540784137] [super_planner_ros2_node]: SUPER_ROS2 mode=NO_ODOM enable_output=false reason=NO_ODOM odom=(0.00,0.00,0.00) goal=none tracking_setpoint_enu=(0.00,0.00,0.00) setpoint_ned=none yaw(desired/cmd/rate)=(0.00/0.00/0.00) cross_track=0.00 frame_id=px4_ned path_points=0 odom_source=none cloud_source=/saved_map mavros_connected=false
[offboard_waypoint_node-1] [INFO] [1786461492.542966089] [offboard_waypoint_node]: [EV_HOLD_WAIT] continuous_healthy=0.00s required=7.50s
[offboard_waypoint_node-1] [INFO] [1786461492.543080388] [offboard_waypoint_node]: [CONTROL_ARBITER] selected_source=waiting_for_ev_ground_reference state=WAITING_FOR_ODOM
[ego_planner_node-10] [FSM]: state: INIT
[ego_planner_node-10] no odom.
[ego_planner_node-10] wait for goal or trigger.
[super_planner_ros2_node-6] [INFO] [1786461493.542966936] [super_planner_ros2_node]: SUPER_ROS2 mode=NO_ODOM enable_output=false reason=NO_ODOM odom=(0.00,0.00,0.00) goal=none tracking_setpoint_enu=(0.00,0.00,0.00) setpoint_ned=none yaw(desired/cmd/rate)=(0.00/0.00/0.00) cross_track=0.00 frame_id=px4_ned path_points=0 odom_source=none cloud_source=/saved_map mavros_connected=false
[offboard_waypoint_node-1] [INFO] [1786461493.545090645] [offboard_waypoint_node]: [EV_HOLD_WAIT] continuous_healthy=0.00s required=7.50s
[offboard_waypoint_node-1] [INFO] [1786461493.545162123] [offboard_waypoint_node]: [CONTROL_ARBITER] selected_source=waiting_for_ev_ground_reference state=WAITING_FOR_ODOM
[race_ego_cloud_bridge-8] [INFO] [1786461493.635342703] [race_ego_cloud_bridge]: [EGO_STATIC_MAP_READY] topic=/saved_map frame=map points=9161 fused=true
[ego_planner_node-10] [FSM]: state: INIT
[ego_planner_node-10] no odom.
[ego_planner_node-10] wait for goal or trigger.
[super_planner_ros2_node-6] [INFO] [1786461494.544758084] [super_planner_ros2_node]: SUPER_ROS2 mode=NO_ODOM enable_output=false reason=NO_ODOM odom=(0.00,0.00,0.00) goal=none tracking_setpoint_enu=(0.00,0.00,0.00) setpoint_ned=none yaw(desired/cmd/rate)=(0.00/0.00/0.00) cross_track=0.00 frame_id=px4_ned path_points=0 odom_source=none cloud_source=/saved_map mavros_connected=false
[offboard_waypoint_node-1] [INFO] [1786461494.546996224] [offboard_waypoint_node]: [EV_HOLD_WAIT] continuous_healthy=0.00s required=7.50s
[offboard_waypoint_node-1] [INFO] [1786461494.547155131] [offboard_waypoint_node]: [CONTROL_ARBITER] selected_source=waiting_for_ev_ground_reference state=WAITING_FOR_ODOM
[ego_planner_node-10] [FSM]: state: INIT
[ego_planner_node-10] no odom.
[ego_planner_node-10] wait for goal or trigger.
[super_planner_ros2_node-6] [INFO] [1786461495.546431437] [super_planner_ros2_node]: SUPER_ROS2 mode=NO_ODOM enable_output=false reason=NO_ODOM odom=(0.00,0.00,0.00) goal=none tracking_setpoint_enu=(0.00,0.00,0.00) setpoint_ned=none yaw(desired/cmd/rate)=(0.00/0.00/0.00) cross_track=0.00 frame_id=px4_ned path_points=0 odom_source=none cloud_source=/saved_map mavros_connected=false
[offboard_waypoint_node-1] [INFO] [1786461495.548699340] [offboard_waypoint_node]: [EV_HOLD_WAIT] continuous_healthy=0.00s required=7.50s
[offboard_waypoint_node-1] [INFO] [1786461495.548845519] [offboard_waypoint_node]: [CONTROL_ARBITER] selected_source=waiting_for_ev_ground_reference state=WAITING_FOR_ODOM
[race_ego_cloud_bridge-8] [INFO] [1786461495.638815114] [race_ego_cloud_bridge]: [EGO_STATIC_MAP_READY] topic=/saved_map frame=map points=9161 fused=true
[ego_planner_node-10] [FSM]: state: INIT
[ego_planner_node-10] no odom.
[ego_planner_node-10] wait for goal or trigger.
[super_planner_ros2_node-6] [INFO] [1786461496.547894792] [super_planner_ros2_node]: SUPER_ROS2 mode=NO_ODOM enable_output=false reason=NO_ODOM odom=(0.00,0.00,0.00) goal=none tracking_setpoint_enu=(0.00,0.00,0.00) setpoint_ned=none yaw(desired/cmd/rate)=(0.00/0.00/0.00) cross_track=0.00 frame_id=px4_ned path_points=0 odom_source=none cloud_source=/saved_map mavros_connected=false
[offboard_waypoint_node-1] [INFO] [1786461496.550049734] [offboard_waypoint_node]: [EV_HOLD_WAIT] continuous_healthy=0.00s required=7.50s
[offboard_waypoint_node-1] [INFO] [1786461496.550160154] [offboard_waypoint_node]: [CONTROL_ARBITER] selected_source=waiting_for_ev_ground_reference state=WAITING_FOR_ODOM
[ego_planner_node-10] [FSM]: state: INIT
[ego_planner_node-10] no odom.
[ego_planner_node-10] wait for goal or trigger.
[super_planner_ros2_node-6] [INFO] [1786461497.549112440] [super_planner_ros2_node]: SUPER_ROS2 mode=NO_ODOM enable_output=false reason=NO_ODOM odom=(0.00,0.00,0.00) goal=none tracking_setpoint_enu=(0.00,0.00,0.00) setpoint_ned=none yaw(desired/cmd/rate)=(0.00/0.00/0.00) cross_track=0.00 frame_id=px4_ned path_points=0 odom_source=none cloud_source=/saved_map mavros_connected=false
[offboard_waypoint_node-1] [INFO] [1786461497.551336516] [offboard_waypoint_node]: [EV_HOLD_WAIT] continuous_healthy=0.00s required=7.50s
[offboard_waypoint_node-1] [INFO] [1786461497.551464855] [offboard_waypoint_node]: [CONTROL_ARBITER] selected_source=waiting_for_ev_ground_reference state=WAITING_FOR_ODOM
[race_ego_cloud_bridge-8] [INFO] [1786461497.642476550] [race_ego_cloud_bridge]: [EGO_STATIC_MAP_READY] topic=/saved_map frame=map points=9161 fused=true
[ego_planner_node-10] [FSM]: state: INIT
[ego_planner_node-10] no odom.
[ego_planner_node-10] wait for goal or trigger.
[super_planner_ros2_node-6] [INFO] [1786461498.550134823] [super_planner_ros2_node]: SUPER_ROS2 mode=NO_ODOM enable_output=false reason=NO_ODOM odom=(0.00,0.00,0.00) goal=none tracking_setpoint_enu=(0.00,0.00,0.00) setpoint_ned=none yaw(desired/cmd/rate)=(0.00/0.00/0.00) cross_track=0.00 frame_id=px4_ned path_points=0 odom_source=none cloud_source=/saved_map mavros_connected=false
[offboard_waypoint_node-1] [INFO] [1786461498.552423901] [offboard_waypoint_node]: [EV_HOLD_WAIT] continuous_healthy=0.00s required=7.50s
[offboard_waypoint_node-1] [INFO] [1786461498.552465043] [offboard_waypoint_node]: [CONTROL_ARBITER] selected_source=waiting_for_ev_ground_reference state=WAITING_FOR_ODOM
[race_ego_cloud_bridge-8] [ERROR] [1786461498.714549060] [race_ego_cloud_bridge]: PX4_POSE_MISSING topic=/mavros/local_position/pose
[ego_planner_node-10] [FSM]: state: INIT
[ego_planner_node-10] no odom.
[ego_planner_node-10] wait for goal or trigger.
[super_planner_ros2_node-6] [INFO] [1786461499.551188436] [super_planner_ros2_node]: SUPER_ROS2 mode=NO_ODOM enable_output=false reason=NO_ODOM odom=(0.00,0.00,0.00) goal=none tracking_setpoint_enu=(0.00,0.00,0.00) setpoint_ned=none yaw(desired/cmd/rate)=(0.00/0.00/0.00) cross_track=0.00 frame_id=px4_ned path_points=0 odom_source=none cloud_source=/saved_map mavros_connected=false
[offboard_waypoint_node-1] [INFO] [1786461499.553416383] [offboard_waypoint_node]: [EV_HOLD_WAIT] continuous_healthy=0.00s required=7.50s
[offboard_waypoint_node-1] [INFO] [1786461499.553573189] [offboard_waypoint_node]: [CONTROL_ARBITER] selected_source=waiting_for_ev_ground_reference state=WAITING_FOR_ODOM
[race_ego_cloud_bridge-8] [INFO] [1786461499.643843141] [race_ego_cloud_bridge]: [EGO_STATIC_MAP_READY] topic=/saved_map frame=map points=9161 fused=true
[race_ego_cloud_bridge-8] [ERROR] [1786461499.715050304] [race_ego_cloud_bridge]: PX4_POSE_MISSING topic=/mavros/local_position/pose
[ego_planner_node-10] [FSM]: state: INIT
[ego_planner_node-10] no odom.
[ego_planner_node-10] wait for goal or trigger.
[fastlio_bridge_node-2] [INFO] [1786461500.015336073] [fastlio_bridge_node]: 已桥接并转换里程计: ENU(0.01, 0.01, -0.03) -> NED(-0.01, 0.01, 0.03)
[super_planner_ros2_node-6] [INFO] [1786461500.552040521] [super_planner_ros2_node]: SUPER_ROS2 mode=NO_ODOM enable_output=false reason=NO_ODOM odom=(0.00,0.00,0.00) goal=none tracking_setpoint_enu=(0.00,0.00,0.00) setpoint_ned=none yaw(desired/cmd/rate)=(0.00/0.00/0.00) cross_track=0.00 frame_id=px4_ned path_points=0 odom_source=none cloud_source=/saved_map mavros_connected=false
[offboard_waypoint_node-1] [INFO] [1786461500.554229695] [offboard_waypoint_node]: [EV_HOLD_WAIT] continuous_healthy=0.00s required=7.50s
[offboard_waypoint_node-1] [INFO] [1786461500.554310524] [offboard_waypoint_node]: [CONTROL_ARBITER] selected_source=waiting_for_ev_ground_reference state=WAITING_FOR_ODOM
[race_ego_cloud_bridge-8] [ERROR] [1786461500.726099179] [race_ego_cloud_bridge]: PX4_POSE_MISSING topic=/mavros/local_position/pose
[ego_planner_node-10] [FSM]: state: INIT
[ego_planner_node-10] no odom.
[ego_planner_node-10] wait for goal or trigger.
[super_planner_ros2_node-6] [WARN] [1786461501.488835276] [super_planner_ros2_node]: MAVROS reports connected=false; FCU link is down.
[super_planner_ros2_node-6] [INFO] [1786461501.553083942] [super_planner_ros2_node]: SUPER_ROS2 mode=NO_ODOM enable_output=false reason=NO_ODOM odom=(0.00,0.00,0.00) goal=none tracking_setpoint_enu=(0.00,0.00,0.00) setpoint_ned=none yaw(desired/cmd/rate)=(0.00/0.00/0.00) cross_track=0.00 frame_id=px4_ned path_points=0 odom_source=none cloud_source=/saved_map mavros_connected=false
[offboard_waypoint_node-1] [INFO] [1786461501.555133475] [offboard_waypoint_node]: [EV_HOLD_WAIT] continuous_healthy=0.00s required=7.50s
[offboard_waypoint_node-1] [INFO] [1786461501.555296757] [offboard_waypoint_node]: [CONTROL_ARBITER] selected_source=waiting_for_ev_ground_reference state=WAITING_FOR_ODOM
[offboard_waypoint_node-1] [WARN] [1786461501.585210291] [offboard_waypoint_node]: [POSE_WAIT] no local velocity sample yet on /mavros/local_position/velocity_local
[super_planner_ros2_node-6] [WARN] [1786461501.585563548] [super_planner_ros2_node]: Using odom source: /race/ego/odom odom_input_frame=map planner_enu=(-0.00, 0.00, 0.28)
[ego_planner_node-10] [FSM]: from INIT to WAIT_TARGET
[race_ego_cloud_bridge-8] [INFO] [1786461501.615115853] [race_ego_cloud_bridge]: [EGO_MAP_PX4_PROJECTION] input_frame=body output_frame=map pose_topic=/mavros/local_position/pose max_pose_age=0.300s min_range=0.20m
[race_ego_cloud_bridge-8] [INFO] [1786461501.620649565] [race_ego_cloud_bridge]: [EGO_MAP_FUSION] static_points=9161 live_raw_points=3006 confirmed_live_voxels=0 min_observations=2 memory_sec=1.00 fused_points=9161
[race_ego_cloud_bridge-8] [INFO] [1786461501.620921907] [race_ego_cloud_bridge]: [EGO_MAP_INPUT] topic=/race/ego/cloud frame=map points=9161 source=static_live_px4 refresh_period=0.00s
[race_ego_trajectory_bridge-12] [INFO] [1786461501.626735275] [race_ego_trajectory_bridge]: [EGO_OCCUPANCY_MAP] topic=/race/ego/cloud frame=map raw_points=9161 map_age=0.006
[ego_planner_node-10] [INFO] [1786461501.628859864] [race_ego_planner]: [EGO_OCCUPANCY_UPDATE] input_topic=grid_map/cloud input_frame=map occupancy_frame=map cloud_points=9161 local_points=4509 occupied_voxels=24583 camera=(-0.001,0.001,0.278) local_index_bounds=[(38,44,0),(121,110,11)]
[race_ego_cloud_bridge-8] [INFO] [1786461501.645357051] [race_ego_cloud_bridge]: [EGO_STATIC_MAP_READY] topic=/saved_map frame=map points=9161 fused=true
[race_ego_trajectory_bridge-12] [INFO] [1786461501.708581050] [race_ego_trajectory_bridge]: [EGO_STATUS] state=WAIT_GOAL control_enabled=true map=ready odom=ready goal=missing trajectory=missing
[ego_planner_node-10] [FSM]: state: WAIT_TARGET
[ego_planner_node-10] wait for goal or trigger.
[fastlio_bridge_node-2] [INFO] [1786461502.013444562] [fastlio_bridge_node]: 已桥接并转换里程计: ENU(0.02, 0.01, -0.04) -> NED(-0.02, 0.01, 0.04)
[offboard_waypoint_node-1] [INFO] [1786461502.014406994] [offboard_waypoint_node]: [EV_HEALTH] state=FAULT continuous_healthy=0.00s
[offboard_waypoint_node-1] [INFO] [1786461502.122794437] [offboard_waypoint_node]: [POSE_TRUSTED] stable_for=0.51s position_ned=(0.002,0.000,-0.279)
[super_planner_ros2_node-6] [INFO] [1786461502.558647055] [super_planner_ros2_node]: SUPER_ROS2 mode=IDLE enable_output=false reason=NO_GOAL odom=(-0.00,-0.00,0.28) goal=none tracking_setpoint_enu=(-0.00,-0.00,0.78) setpoint_ned=none yaw(desired/cmd/rate)=(0.00/0.00/0.00) cross_track=0.00 frame_id=px4_ned path_points=0 odom_source=/race/ego/odom cloud_source=/saved_map mavros_connected=true
[offboard_waypoint_node-1] [INFO] [1786461502.560869828] [offboard_waypoint_node]: [EV_HOLD_WAIT] continuous_healthy=0.00s required=7.50s
[offboard_waypoint_node-1] [INFO] [1786461502.560916731] [offboard_waypoint_node]: [CONTROL_ARBITER] selected_source=waiting_for_ev_ground_reference state=WAITING_FOR_ODOM
[ego_planner_node-10] [FSM]: state: WAIT_TARGET
[ego_planner_node-10] wait for goal or trigger.
[super_planner_ros2_node-6] [INFO] [1786461503.567690151] [super_planner_ros2_node]: SUPER_ROS2 mode=IDLE enable_output=false reason=NO_GOAL odom=(0.00,-0.00,0.28) goal=none tracking_setpoint_enu=(0.00,-0.00,0.78) setpoint_ned=none yaw(desired/cmd/rate)=(0.00/0.00/0.00) cross_track=0.00 frame_id=px4_ned path_points=0 odom_source=/race/ego/odom cloud_source=/saved_map mavros_connected=true
[offboard_waypoint_node-1] [INFO] [1786461503.569911548] [offboard_waypoint_node]: [EV_HOLD_WAIT] continuous_healthy=0.00s required=7.50s
[offboard_waypoint_node-1] [INFO] [1786461503.569976853] [offboard_waypoint_node]: [CONTROL_ARBITER] selected_source=waiting_for_ev_ground_reference state=WAITING_FOR_ODOM
[race_ego_cloud_bridge-8] [INFO] [1786461503.624147235] [race_ego_cloud_bridge]: [EGO_MAP_FUSION] static_points=9161 live_raw_points=14931 confirmed_live_voxels=4866 min_observations=2 memory_sec=1.00 fused_points=14027
[race_ego_cloud_bridge-8] [INFO] [1786461503.624562036] [race_ego_cloud_bridge]: [EGO_MAP_INPUT] topic=/race/ego/cloud frame=map points=14027 source=static_live_px4 refresh_period=0.00s
[race_ego_trajectory_bridge-12] [INFO] [1786461503.628865826] [race_ego_trajectory_bridge]: [EGO_OCCUPANCY_MAP] topic=/race/ego/cloud frame=map raw_points=14027 map_age=0.005
[ego_planner_node-10] [INFO] [1786461503.630631111] [race_ego_planner]: [EGO_OCCUPANCY_UPDATE] input_topic=grid_map/cloud input_frame=map occupancy_frame=map cloud_points=14027 local_points=6497 occupied_voxels=30562 camera=(0.001,-0.001,0.282) local_index_bounds=[(38,44,0),(122,111,11)]
[race_ego_cloud_bridge-8] [INFO] [1786461503.661112740] [race_ego_cloud_bridge]: [EGO_STATIC_MAP_READY] topic=/saved_map frame=map points=9161 fused=true
[fastlio_bridge_node-2] [INFO] [1786461504.013637196] [fastlio_bridge_node]: 已桥接并转换里程计: ENU(0.02, 0.01, -0.04) -> NED(-0.02, 0.01, 0.04)
[ego_planner_node-10] [FSM]: state: WAIT_TARGET
[ego_planner_node-10] wait for goal or trigger.
[offboard_waypoint_node-1] [INFO] [1786461504.214782178] [offboard_waypoint_node]: [EV_HEALTH] state=HEALTHY continuous_healthy=0.00s
[super_planner_ros2_node-6] [INFO] [1786461504.575684090] [super_planner_ros2_node]: SUPER_ROS2 mode=IDLE enable_output=false reason=NO_GOAL odom=(-0.01,0.02,-0.12) goal=none tracking_setpoint_enu=(-0.01,0.02,0.78) setpoint_ned=none yaw(desired/cmd/rate)=(0.00/0.00/0.00) cross_track=0.00 frame_id=px4_ned path_points=0 odom_source=/race/ego/odom cloud_source=/saved_map mavros_connected=true
[offboard_waypoint_node-1] [INFO] [1786461504.577895895] [offboard_waypoint_node]: [EV_HOLD_WAIT] continuous_healthy=0.36s required=7.50s
[offboard_waypoint_node-1] [INFO] [1786461504.577940174] [offboard_waypoint_node]: [CONTROL_ARBITER] selected_source=waiting_for_ev_ground_reference state=WAITING_FOR_ODOM
[ego_planner_node-10] [FSM]: state: WAIT_TARGET
[ego_planner_node-10] wait for goal or trigger.
[super_planner_ros2_node-6] [INFO] [1786461505.582670802] [super_planner_ros2_node]: SUPER_ROS2 mode=IDLE enable_output=false reason=NO_GOAL odom=(-0.01,0.02,-0.12) goal=none tracking_setpoint_enu=(-0.01,0.02,0.78) setpoint_ned=none yaw(desired/cmd/rate)=(0.00/0.00/0.00) cross_track=0.00 frame_id=px4_ned path_points=0 odom_source=/race/ego/odom cloud_source=/saved_map mavros_connected=true
[offboard_waypoint_node-1] [INFO] [1786461505.584894186] [offboard_waypoint_node]: [EV_HOLD_WAIT] continuous_healthy=1.37s required=7.50s
[offboard_waypoint_node-1] [INFO] [1786461505.584976980] [offboard_waypoint_node]: [CONTROL_ARBITER] selected_source=waiting_for_ev_ground_reference state=WAITING_FOR_ODOM
[race_ego_cloud_bridge-8] [INFO] [1786461505.626466108] [race_ego_cloud_bridge]: [EGO_MAP_FUSION] static_points=9161 live_raw_points=17846 confirmed_live_voxels=3598 min_observations=2 memory_sec=1.00 fused_points=12759
[race_ego_cloud_bridge-8] [INFO] [1786461505.626779169] [race_ego_cloud_bridge]: [EGO_MAP_INPUT] topic=/race/ego/cloud frame=map points=12759 source=static_live_px4 refresh_period=0.00s
[race_ego_trajectory_bridge-12] [INFO] [1786461505.632159204] [race_ego_trajectory_bridge]: [EGO_OCCUPANCY_MAP] topic=/race/ego/cloud frame=map raw_points=12759 map_age=0.006
[ego_planner_node-10] [INFO] [1786461505.633798308] [race_ego_planner]: [EGO_OCCUPANCY_UPDATE] input_topic=grid_map/cloud input_frame=map occupancy_frame=map cloud_points=12759 local_points=5623 occupied_voxels=24333 camera=(-0.009,0.021,-0.122) local_index_bounds=[(38,44,0),(121,127,8)]
[race_ego_cloud_bridge-8] [INFO] [1786461505.675794783] [race_ego_cloud_bridge]: [EGO_STATIC_MAP_READY] topic=/saved_map frame=map points=9161 fused=true
[fastlio_bridge_node-2] [INFO] [1786461506.030153745] [fastlio_bridge_node]: 已桥接并转换里程计: ENU(0.02, 0.01, -0.04) -> NED(-0.02, 0.01, 0.04)
[ego_planner_node-10] [FSM]: state: WAIT_TARGET
[ego_planner_node-10] wait for goal or trigger.
[super_planner_ros2_node-6] [INFO] [1786461506.589364601] [super_planner_ros2_node]: SUPER_ROS2 mode=IDLE enable_output=false reason=NO_GOAL odom=(-0.01,0.02,-0.12) goal=none tracking_setpoint_enu=(-0.01,0.02,0.78) setpoint_ned=none yaw(desired/cmd/rate)=(0.00/0.00/0.00) cross_track=0.00 frame_id=px4_ned path_points=0 odom_source=/race/ego/odom cloud_source=/saved_map mavros_connected=true
[offboard_waypoint_node-1] [INFO] [1786461506.591159298] [offboard_waypoint_node]: [EV_HOLD_WAIT] continuous_healthy=2.38s required=7.50s
[offboard_waypoint_node-1] [INFO] [1786461506.591334634] [offboard_waypoint_node]: [CONTROL_ARBITER] selected_source=waiting_for_ev_ground_reference state=WAITING_FOR_ODOM
[ego_planner_node-10] [FSM]: state: WAIT_TARGET
[ego_planner_node-10] wait for goal or trigger.
[super_planner_ros2_node-6] [INFO] [1786461507.594412258] [super_planner_ros2_node]: SUPER_ROS2 mode=IDLE enable_output=false reason=NO_GOAL odom=(-0.01,0.02,-0.12) goal=none tracking_setpoint_enu=(-0.01,0.02,0.78) setpoint_ned=none yaw(desired/cmd/rate)=(0.00/0.00/0.00) cross_track=0.00 frame_id=px4_ned path_points=0 odom_source=/race/ego/odom cloud_source=/saved_map mavros_connected=true
[offboard_waypoint_node-1] [INFO] [1786461507.596670961] [offboard_waypoint_node]: [EV_HOLD_WAIT] continuous_healthy=3.38s required=7.50s
[offboard_waypoint_node-1] [INFO] [1786461507.596915136] [offboard_waypoint_node]: [CONTROL_ARBITER] selected_source=waiting_for_ev_ground_reference state=WAITING_FOR_ODOM
[race_ego_cloud_bridge-8] [INFO] [1786461507.686914216] [race_ego_cloud_bridge]: [EGO_STATIC_MAP_READY] topic=/saved_map frame=map points=9161 fused=true
[race_ego_cloud_bridge-8] [INFO] [1786461507.825607432] [race_ego_cloud_bridge]: [EGO_MAP_FUSION] static_points=9161 live_raw_points=17832 confirmed_live_voxels=5303 min_observations=2 memory_sec=1.00 fused_points=14464
[race_ego_cloud_bridge-8] [INFO] [1786461507.825906464] [race_ego_cloud_bridge]: [EGO_MAP_INPUT] topic=/race/ego/cloud frame=map points=14464 source=static_live_px4 refresh_period=0.00s
[race_ego_trajectory_bridge-12] [INFO] [1786461507.829787185] [race_ego_trajectory_bridge]: [EGO_OCCUPANCY_MAP] topic=/race/ego/cloud frame=map raw_points=14464 map_age=0.004
[ego_planner_node-10] [INFO] [1786461507.831269605] [race_ego_planner]: [EGO_OCCUPANCY_UPDATE] input_topic=grid_map/cloud input_frame=map occupancy_frame=map cloud_points=14464 local_points=6158 occupied_voxels=25321 camera=(-0.014,0.024,-0.123) local_index_bounds=[(38,44,0),(121,128,8)]
[fastlio_bridge_node-2] [INFO] [1786461508.014179427] [fastlio_bridge_node]: 已桥接并转换里程计: ENU(0.03, 0.01, -0.04) -> NED(-0.03, 0.01, 0.04)
[ego_planner_node-10] [FSM]: state: WAIT_TARGET
[ego_planner_node-10] wait for goal or trigger.
[super_planner_ros2_node-6] [INFO] [1786461508.599236584] [super_planner_ros2_node]: SUPER_ROS2 mode=IDLE enable_output=false reason=NO_GOAL odom=(-0.01,0.03,-0.12) goal=none tracking_setpoint_enu=(-0.01,0.03,0.78) setpoint_ned=none yaw(desired/cmd/rate)=(0.00/0.00/0.00) cross_track=0.00 frame_id=px4_ned path_points=0 odom_source=/race/ego/odom cloud_source=/saved_map mavros_connected=true
[offboard_waypoint_node-1] [INFO] [1786461508.601417313] [offboard_waypoint_node]: [EV_HOLD_WAIT] continuous_healthy=4.39s required=7.50s
[offboard_waypoint_node-1] [INFO] [1786461508.601537457] [offboard_waypoint_node]: [CONTROL_ARBITER] selected_source=waiting_for_ev_ground_reference state=WAITING_FOR_ODOM
[ego_planner_node-10] [FSM]: state: WAIT_TARGET
[ego_planner_node-10] wait for goal or trigger.
[super_planner_ros2_node-6] [INFO] [1786461509.603523708] [super_planner_ros2_node]: SUPER_ROS2 mode=IDLE enable_output=false reason=NO_GOAL odom=(-0.01,0.03,-0.13) goal=none tracking_setpoint_enu=(-0.01,0.03,0.78) setpoint_ned=none yaw(desired/cmd/rate)=(0.00/0.00/0.00) cross_track=0.00 frame_id=px4_ned path_points=0 odom_source=/race/ego/odom cloud_source=/saved_map mavros_connected=true
[offboard_waypoint_node-1] [INFO] [1786461509.605729208] [offboard_waypoint_node]: [EV_HOLD_WAIT] continuous_healthy=5.39s required=7.50s
[offboard_waypoint_node-1] [INFO] [1786461509.605807247] [offboard_waypoint_node]: [CONTROL_ARBITER] selected_source=waiting_for_ev_ground_reference state=WAITING_FOR_ODOM
[race_ego_cloud_bridge-8] [INFO] [1786461509.696653564] [race_ego_cloud_bridge]: [EGO_STATIC_MAP_READY] topic=/saved_map frame=map points=9161 fused=true
[race_ego_trajectory_bridge-12] [INFO] [1786461509.833139413] [race_ego_trajectory_bridge]: [EGO_OCCUPANCY_MAP] topic=/race/ego/cloud frame=map raw_points=13912 map_age=0.008
[ego_planner_node-10] [INFO] [1786461509.834099658] [race_ego_planner]: [EGO_OCCUPANCY_UPDATE] input_topic=grid_map/cloud input_frame=map occupancy_frame=map cloud_points=13912 local_points=5949 occupied_voxels=25075 camera=(-0.013,0.031,-0.129) local_index_bounds=[(38,44,0),(121,128,8)]
[fastlio_bridge_node-2] [INFO] [1786461510.013465743] [fastlio_bridge_node]: 已桥接并转换里程计: ENU(0.03, 0.01, -0.04) -> NED(-0.03, 0.01, 0.04)
[race_ego_cloud_bridge-8] [INFO] [1786461510.021845640] [race_ego_cloud_bridge]: [EGO_MAP_FUSION] static_points=9161 live_raw_points=17895 confirmed_live_voxels=5082 min_observations=2 memory_sec=1.00 fused_points=14243
[race_ego_cloud_bridge-8] [INFO] [1786461510.022025181] [race_ego_cloud_bridge]: [EGO_MAP_INPUT] topic=/race/ego/cloud frame=map points=14243 source=static_live_px4 refresh_period=0.00s
[ego_planner_node-10] [FSM]: state: WAIT_TARGET
[ego_planner_node-10] wait for goal or trigger.
[super_planner_ros2_node-6] [INFO] [1786461510.607708708] [super_planner_ros2_node]: SUPER_ROS2 mode=IDLE enable_output=false reason=NO_GOAL odom=(-0.01,0.03,-0.13) goal=none tracking_setpoint_enu=(-0.01,0.03,0.78) setpoint_ned=none yaw(desired/cmd/rate)=(0.00/0.00/0.00) cross_track=0.00 frame_id=px4_ned path_points=0 odom_source=/race/ego/odom cloud_source=/saved_map mavros_connected=true
[offboard_waypoint_node-1] [INFO] [1786461510.609543784] [offboard_waypoint_node]: [EV_HOLD_WAIT] continuous_healthy=6.39s required=7.50s
[offboard_waypoint_node-1] [INFO] [1786461510.609623139] [offboard_waypoint_node]: [CONTROL_ARBITER] selected_source=waiting_for_ev_ground_reference state=WAITING_FOR_ODOM
[ego_planner_node-10] [FSM]: state: WAIT_TARGET
[ego_planner_node-10] wait for goal or trigger.
[super_planner_ros2_node-6] [INFO] [1786461511.610774541] [super_planner_ros2_node]: SUPER_ROS2 mode=IDLE enable_output=false reason=NO_GOAL odom=(-0.01,0.02,-0.13) goal=none tracking_setpoint_enu=(-0.01,0.02,0.78) setpoint_ned=none yaw(desired/cmd/rate)=(0.00/0.00/0.00) cross_track=0.00 frame_id=px4_ned path_points=0 odom_source=/race/ego/odom cloud_source=/saved_map mavros_connected=true
[offboard_waypoint_node-1] [INFO] [1786461511.612930169] [offboard_waypoint_node]: [EV_HOLD_WAIT] continuous_healthy=7.40s required=7.50s
[offboard_waypoint_node-1] [INFO] [1786461511.613033012] [offboard_waypoint_node]: [CONTROL_ARBITER] selected_source=waiting_for_ev_ground_reference state=WAITING_FOR_ODOM
[race_ego_cloud_bridge-8] [INFO] [1786461511.703258800] [race_ego_cloud_bridge]: [EGO_STATIC_MAP_READY] topic=/saved_map frame=map points=9161 fused=true
[offboard_waypoint_node-1] [WARN] [1786461511.763420062] [offboard_waypoint_node]: [HOLD_POSITION] x=0.011 y=0.022 z=0.130 yaw=1.571 reason=EV-ready startup idle hold
[offboard_waypoint_node-1] [WARN] [1786461511.763458148] [offboard_waypoint_node]: [CONTROL_STATE] WAITING_FOR_ODOM -> IDLE_HOLD: no active goal
[offboard_waypoint_node-1] [INFO] [1786461511.763517111] [offboard_waypoint_node]: [HOLD_ERROR] position_error=0.000 velocity=0.010 state=IDLE_HOLD
[fastlio_bridge_node-2] [INFO] [1786461512.014822294] [fastlio_bridge_node]: 已桥接并转换里程计: ENU(0.03, 0.01, -0.04) -> NED(-0.03, 0.01, 0.04)
[race_ego_cloud_bridge-8] [INFO] [1786461512.023068984] [race_ego_cloud_bridge]: [EGO_MAP_FUSION] static_points=9161 live_raw_points=17948 confirmed_live_voxels=4972 min_observations=2 memory_sec=1.00 fused_points=14133
[race_ego_cloud_bridge-8] [INFO] [1786461512.023349507] [race_ego_cloud_bridge]: [EGO_MAP_INPUT] topic=/race/ego/cloud frame=map points=14133 source=static_live_px4 refresh_period=0.00s
[race_ego_trajectory_bridge-12] [INFO] [1786461512.027789541] [race_ego_trajectory_bridge]: [EGO_OCCUPANCY_MAP] topic=/race/ego/cloud frame=map raw_points=14133 map_age=0.005
[ego_planner_node-10] [INFO] [1786461512.031272008] [race_ego_planner]: [EGO_OCCUPANCY_UPDATE] input_topic=grid_map/cloud input_frame=map occupancy_frame=map cloud_points=14133 local_points=6064 occupied_voxels=25153 camera=(-0.012,0.021,-0.129) local_index_bounds=[(38,44,0),(121,128,8)]
[ego_planner_node-10] [FSM]: state: WAIT_TARGET
[ego_planner_node-10] wait for goal or trigger.
[super_planner_ros2_node-6] [INFO] [1786461512.613794148] [super_planner_ros2_node]: SUPER_ROS2 mode=IDLE enable_output=false reason=NO_GOAL odom=(-0.01,0.02,-0.12) goal=none tracking_setpoint_enu=(-0.01,0.02,0.78) setpoint_ned=none yaw(desired/cmd/rate)=(0.00/0.00/0.00) cross_track=0.00 frame_id=px4_ned path_points=0 odom_source=/race/ego/odom cloud_source=/saved_map mavros_connected=true
[offboard_waypoint_node-1] [INFO] [1786461512.616008516] [offboard_waypoint_node]: [CONTROL_ARBITER] selected_source=safety_hold state=IDLE_HOLD
[offboard_waypoint_node-1] [INFO] [1786461512.766546255] [offboard_waypoint_node]: [HOLD_ERROR] position_error=0.006 velocity=0.006 state=IDLE_HOLD
[ego_planner_node-10] [FSM]: state: WAIT_TARGET
[ego_planner_node-10] wait for goal or trigger.
[super_planner_ros2_node-6] [INFO] [1786461513.616494728] [super_planner_ros2_node]: SUPER_ROS2 mode=IDLE enable_output=false reason=NO_GOAL odom=(-0.01,0.03,-0.13) goal=none tracking_setpoint_enu=(-0.01,0.03,0.78) setpoint_ned=none yaw(desired/cmd/rate)=(0.00/0.00/0.00) cross_track=0.00 frame_id=px4_ned path_points=0 odom_source=/race/ego/odom cloud_source=/saved_map mavros_connected=true
[offboard_waypoint_node-1] [INFO] [1786461513.618809290] [offboard_waypoint_node]: [CONTROL_ARBITER] selected_source=safety_hold state=IDLE_HOLD
[race_ego_cloud_bridge-8] [INFO] [1786461513.708988323] [race_ego_cloud_bridge]: [EGO_STATIC_MAP_READY] topic=/saved_map frame=map points=9161 fused=true
[offboard_waypoint_node-1] [INFO] [1786461513.769142653] [offboard_waypoint_node]: [HOLD_ERROR] position_error=0.006 velocity=0.008 state=IDLE_HOLD
[fastlio_bridge_node-2] [INFO] [1786461514.014091619] [fastlio_bridge_node]: 已桥接并转换里程计: ENU(0.02, 0.01, -0.05) -> NED(-0.02, 0.01, 0.05)
[race_ego_cloud_bridge-8] [INFO] [1786461514.023254450] [race_ego_cloud_bridge]: [EGO_MAP_FUSION] static_points=9161 live_raw_points=17903 confirmed_live_voxels=5410 min_observations=2 memory_sec=1.00 fused_points=14571
[race_ego_cloud_bridge-8] [INFO] [1786461514.023539734] [race_ego_cloud_bridge]: [EGO_MAP_INPUT] topic=/race/ego/cloud frame=map points=14571 source=static_live_px4 refresh_period=0.00s
[race_ego_trajectory_bridge-12] [INFO] [1786461514.030340699] [race_ego_trajectory_bridge]: [EGO_OCCUPANCY_MAP] topic=/race/ego/cloud frame=map raw_points=14571 map_age=0.007
[ego_planner_node-10] [INFO] [1786461514.264686945] [race_ego_planner]: [EGO_OCCUPANCY_UPDATE] input_topic=grid_map/cloud input_frame=map occupancy_frame=map cloud_points=14575 local_points=6126 occupied_voxels=25243 camera=(-0.013,0.027,-0.127) local_index_bounds=[(38,44,0),(121,128,8)]
[ego_planner_node-10] [FSM]: state: WAIT_TARGET
[ego_planner_node-10] wait for goal or trigger.
[offboard_waypoint_node-1] [INFO] [1786461514.621326292] [offboard_waypoint_node]: [CONTROL_ARBITER] selected_source=safety_hold state=IDLE_HOLD
[super_planner_ros2_node-6] [INFO] [1786461514.624722745] [super_planner_ros2_node]: SUPER_ROS2 mode=IDLE enable_output=false reason=NO_GOAL odom=(-0.01,0.03,-0.13) goal=none tracking_setpoint_enu=(-0.01,0.03,0.78) setpoint_ned=none yaw(desired/cmd/rate)=(0.00/0.00/0.00) cross_track=0.00 frame_id=px4_ned path_points=0 odom_source=/race/ego/odom cloud_source=/saved_map mavros_connected=true
[offboard_waypoint_node-1] [INFO] [1786461514.771557232] [offboard_waypoint_node]: [HOLD_ERROR] position_error=0.007 velocity=0.006 state=IDLE_HOLD
[ego_planner_node-10] [FSM]: state: WAIT_TARGET
[ego_planner_node-10] wait for goal or trigger.
[offboard_waypoint_node-1] [INFO] [1786461515.623400122] [offboard_waypoint_node]: [CONTROL_ARBITER] selected_source=safety_hold state=IDLE_HOLD
[super_planner_ros2_node-6] [INFO] [1786461515.671205415] [super_planner_ros2_node]: SUPER_ROS2 mode=IDLE enable_output=false reason=NO_GOAL odom=(-0.01,0.03,-0.13) goal=none tracking_setpoint_enu=(-0.01,0.03,0.78) setpoint_ned=none yaw(desired/cmd/rate)=(0.00/0.00/0.00) cross_track=0.00 frame_id=px4_ned path_points=0 odom_source=/race/ego/odom cloud_source=/saved_map mavros_connected=true
[race_ego_cloud_bridge-8] [INFO] [1786461515.723285766] [race_ego_cloud_bridge]: [EGO_STATIC_MAP_READY] topic=/saved_map frame=map points=9161 fused=true
[offboard_waypoint_node-1] [INFO] [1786461515.773749307] [offboard_waypoint_node]: [HOLD_ERROR] position_error=0.013 velocity=0.003 state=IDLE_HOLD
[fastlio_bridge_node-2] [INFO] [1786461516.015115888] [fastlio_bridge_node]: 已桥接并转换里程计: ENU(0.03, 0.01, -0.05) -> NED(-0.03, 0.01, 0.05)
[race_ego_cloud_bridge-8] [INFO] [1786461516.119346612] [race_ego_cloud_bridge]: [EGO_MAP_FUSION] static_points=9161 live_raw_points=17943 confirmed_live_voxels=5335 min_observations=2 memory_sec=1.00 fused_points=14496
[race_ego_cloud_bridge-8] [INFO] [1786461516.119506634] [race_ego_cloud_bridge]: [EGO_MAP_INPUT] topic=/race/ego/cloud frame=map points=14496 source=static_live_px4 refresh_period=0.00s
[race_ego_trajectory_bridge-12] [INFO] [1786461516.125337539] [race_ego_trajectory_bridge]: [EGO_OCCUPANCY_MAP] topic=/race/ego/cloud frame=map raw_points=14496 map_age=0.006
[ego_planner_node-10] [FSM]: state: WAIT_TARGET
[ego_planner_node-10] wait for goal or trigger.
[ego_planner_node-10] [INFO] [1786461516.426394321] [race_ego_planner]: [EGO_OCCUPANCY_UPDATE] input_topic=grid_map/cloud input_frame=map occupancy_frame=map cloud_points=14705 local_points=6163 occupied_voxels=25280 camera=(-0.009,0.035,-0.127) local_index_bounds=[(38,44,0),(121,128,8)]
[offboard_waypoint_node-1] [INFO] [1786461516.625395391] [offboard_waypoint_node]: [CONTROL_ARBITER] selected_source=safety_hold state=IDLE_HOLD
[super_planner_ros2_node-6] [INFO] [1786461516.673295261] [super_planner_ros2_node]: SUPER_ROS2 mode=IDLE enable_output=false reason=NO_GOAL odom=(-0.01,0.03,-0.13) goal=none tracking_setpoint_enu=(-0.01,0.03,0.78) setpoint_ned=none yaw(desired/cmd/rate)=(0.00/0.00/0.00) cross_track=0.00 frame_id=px4_ned path_points=0 odom_source=/race/ego/odom cloud_source=/saved_map mavros_connected=true
[offboard_waypoint_node-1] [INFO] [1786461516.775709537] [offboard_waypoint_node]: [HOLD_ERROR] position_error=0.011 velocity=0.004 state=IDLE_HOLD
[ego_planner_node-10] [FSM]: state: WAIT_TARGET
[ego_planner_node-10] wait for goal or trigger.
[offboard_waypoint_node-1] [INFO] [1786461517.627320924] [offboard_waypoint_node]: [CONTROL_ARBITER] selected_source=safety_hold state=IDLE_HOLD
[super_planner_ros2_node-6] [INFO] [1786461517.675117868] [super_planner_ros2_node]: SUPER_ROS2 mode=IDLE enable_output=false reason=NO_GOAL odom=(-0.02,0.03,-0.12) goal=none tracking_setpoint_enu=(-0.02,0.03,0.78) setpoint_ned=none yaw(desired/cmd/rate)=(0.00/0.00/0.00) cross_track=0.00 frame_id=px4_ned path_points=0 odom_source=/race/ego/odom cloud_source=/saved_map mavros_connected=true
[race_ego_cloud_bridge-8] [INFO] [1786461517.719678947] [race_ego_cloud_bridge]: [EGO_STATIC_MAP_READY] topic=/saved_map frame=map points=9161 fused=true
[offboard_waypoint_node-1] [INFO] [1786461517.778083313] [offboard_waypoint_node]: [HOLD_ERROR] position_error=0.011 velocity=0.013 state=IDLE_HOLD
[fastlio_bridge_node-2] [INFO] [1786461518.013774402] [fastlio_bridge_node]: 已桥接并转换里程计: ENU(0.03, 0.01, -0.05) -> NED(-0.03, 0.01, 0.05)
[race_ego_cloud_bridge-8] [INFO] [1786461518.119735317] [race_ego_cloud_bridge]: [EGO_MAP_FUSION] static_points=9161 live_raw_points=17870 confirmed_live_voxels=5310 min_observations=2 memory_sec=1.00 fused_points=14471
[race_ego_cloud_bridge-8] [INFO] [1786461518.119898054] [race_ego_cloud_bridge]: [EGO_MAP_INPUT] topic=/race/ego/cloud frame=map points=14471 source=static_live_px4 refresh_period=0.00s
[race_ego_trajectory_bridge-12] [INFO] [1786461518.328599886] [race_ego_trajectory_bridge]: [EGO_OCCUPANCY_MAP] topic=/race/ego/cloud frame=map raw_points=14510 map_age=0.007
[ego_planner_node-10] [FSM]: state: WAIT_TARGET
[ego_planner_node-10] wait for goal or trigger.
[ego_planner_node-10] [INFO] [1786461518.529279869] [race_ego_planner]: [EGO_OCCUPANCY_UPDATE] input_topic=grid_map/cloud input_frame=map occupancy_frame=map cloud_points=14565 local_points=6181 occupied_voxels=25103 camera=(-0.021,0.031,-0.127) local_index_bounds=[(38,44,0),(121,128,8)]
[mapping_manager_node-5] [INFO] [1786461518.547104854] [mapping_manager_node]: Mapping status: in_flight=false, map_loaded=false, map_saved=false
[offboard_waypoint_node-1] [INFO] [1786461518.628853332] [offboard_waypoint_node]: [CONTROL_ARBITER] selected_source=safety_hold state=IDLE_HOLD
[super_planner_ros2_node-6] [INFO] [1786461518.676715421] [super_planner_ros2_node]: SUPER_ROS2 mode=IDLE enable_output=false reason=NO_GOAL odom=(-0.02,0.03,-0.13) goal=none tracking_setpoint_enu=(-0.02,0.03,0.78) setpoint_ned=none yaw(desired/cmd/rate)=(0.00/0.00/0.00) cross_track=0.00 frame_id=px4_ned path_points=0 odom_source=/race/ego/odom cloud_source=/saved_map mavros_connected=true
[offboard_waypoint_node-1] [INFO] [1786461518.779086661] [offboard_waypoint_node]: [HOLD_ERROR] position_error=0.013 velocity=0.011 state=IDLE_HOLD
[ego_planner_node-10] [FSM]: state: WAIT_TARGET
[ego_planner_node-10] wait for goal or trigger.
[offboard_waypoint_node-1] [INFO] [1786461519.630588516] [offboard_waypoint_node]: [CONTROL_ARBITER] selected_source=safety_hold state=IDLE_HOLD
[super_planner_ros2_node-6] [INFO] [1786461519.678375052] [super_planner_ros2_node]: SUPER_ROS2 mode=IDLE enable_output=false reason=NO_GOAL odom=(-0.02,0.03,-0.13) goal=none tracking_setpoint_enu=(-0.02,0.03,0.78) setpoint_ned=none yaw(desired/cmd/rate)=(0.00/0.00/0.00) cross_track=0.00 frame_id=px4_ned path_points=0 odom_source=/race/ego/odom cloud_source=/saved_map mavros_connected=true
[race_ego_cloud_bridge-8] [INFO] [1786461519.720417970] [race_ego_cloud_bridge]: [EGO_STATIC_MAP_READY] topic=/saved_map frame=map points=9161 fused=true
[offboard_waypoint_node-1] [INFO] [1786461519.780780677] [offboard_waypoint_node]: [HOLD_ERROR] position_error=0.014 velocity=0.005 state=IDLE_HOLD
[fastlio_bridge_node-2] [INFO] [1786461520.014144138] [fastlio_bridge_node]: 已桥接并转换里程计: ENU(0.03, 0.01, -0.05) -> NED(-0.03, 0.01, 0.05)
[race_ego_cloud_bridge-8] [INFO] [1786461520.127561148] [race_ego_cloud_bridge]: [EGO_MAP_FUSION] static_points=9161 live_raw_points=14939 confirmed_live_voxels=4849 min_observations=2 memory_sec=1.00 fused_points=14010
[race_ego_cloud_bridge-8] [INFO] [1786461520.128427701] [race_ego_cloud_bridge]: [EGO_MAP_INPUT] topic=/race/ego/cloud frame=map points=14010 source=static_live_px4 refresh_period=0.00s
[ego_planner_node-10] [FSM]: state: WAIT_TARGET
[ego_planner_node-10] wait for goal or trigger.
[race_ego_trajectory_bridge-12] [INFO] [1786461520.525774094] [race_ego_trajectory_bridge]: [EGO_OCCUPANCY_MAP] topic=/race/ego/cloud frame=map raw_points=13912 map_age=0.006
[offboard_waypoint_node-1] [INFO] [1786461520.631813674] [offboard_waypoint_node]: [CONTROL_ARBITER] selected_source=safety_hold state=IDLE_HOLD
[super_planner_ros2_node-6] [INFO] [1786461520.679506109] [super_planner_ros2_node]: SUPER_ROS2 mode=IDLE enable_output=false reason=NO_GOAL odom=(-0.01,0.03,-0.13) goal=none tracking_setpoint_enu=(-0.01,0.03,0.78) setpoint_ned=none yaw(desired/cmd/rate)=(0.00/0.00/0.00) cross_track=0.00 frame_id=px4_ned path_points=0 odom_source=/race/ego/odom cloud_source=/saved_map mavros_connected=true
[ego_planner_node-10] [INFO] [1786461520.727387237] [race_ego_planner]: [EGO_OCCUPANCY_UPDATE] input_topic=grid_map/cloud input_frame=map occupancy_frame=map cloud_points=13927 local_points=5988 occupied_voxels=24979 camera=(-0.012,0.034,-0.129) local_index_bounds=[(38,44,0),(121,128,8)]
[offboard_waypoint_node-1] [INFO] [1786461520.781899679] [offboard_waypoint_node]: [HOLD_ERROR] position_error=0.012 velocity=0.001 state=IDLE_HOLD
[ego_planner_node-10] [FSM]: state: WAIT_TARGET
[ego_planner_node-10] wait for goal or trigger.
[offboard_waypoint_node-1] [INFO] [1786461521.632989651] [offboard_waypoint_node]: [CONTROL_ARBITER] selected_source=safety_hold state=IDLE_HOLD
[super_planner_ros2_node-6] [INFO] [1786461521.680775292] [super_planner_ros2_node]: SUPER_ROS2 mode=IDLE enable_output=false reason=NO_GOAL odom=(-0.01,0.03,-0.13) goal=none tracking_setpoint_enu=(-0.01,0.03,0.78) setpoint_ned=none yaw(desired/cmd/rate)=(0.00/0.00/0.00) cross_track=0.00 frame_id=px4_ned path_points=0 odom_source=/race/ego/odom cloud_source=/saved_map mavros_connected=true
[race_ego_cloud_bridge-8] [INFO] [1786461521.725565964] [race_ego_cloud_bridge]: [EGO_STATIC_MAP_READY] topic=/saved_map frame=map points=9161 fused=true
[offboard_waypoint_node-1] [INFO] [1786461521.783139518] [offboard_waypoint_node]: [HOLD_ERROR] position_error=0.010 velocity=0.003 state=IDLE_HOLD
[fastlio_bridge_node-2] [INFO] [1786461522.012550374] [fastlio_bridge_node]: 已桥接并转换里程计: ENU(0.03, 0.01, -0.05) -> NED(-0.03, 0.01, 0.05)
[race_ego_cloud_bridge-8] [INFO] [1786461522.323865000] [race_ego_cloud_bridge]: [EGO_MAP_FUSION] static_points=9161 live_raw_points=17931 confirmed_live_voxels=5200 min_observations=2 memory_sec=1.00 fused_points=14361
[race_ego_cloud_bridge-8] [INFO] [1786461522.324109197] [race_ego_cloud_bridge]: [EGO_MAP_INPUT] topic=/race/ego/cloud frame=map points=14361 source=static_live_px4 refresh_period=0.00s
[ego_planner_node-10] [FSM]: state: WAIT_TARGET
[ego_planner_node-10] wait for goal or trigger.
[offboard_waypoint_node-1] [INFO] [1786461522.634506577] [offboard_waypoint_node]: [CONTROL_ARBITER] selected_source=safety_hold state=IDLE_HOLD
[super_planner_ros2_node-6] [INFO] [1786461522.681943935] [super_planner_ros2_node]: SUPER_ROS2 mode=IDLE enable_output=false reason=NO_GOAL odom=(-0.01,0.03,-0.13) goal=none tracking_setpoint_enu=(-0.01,0.03,0.78) setpoint_ned=none yaw(desired/cmd/rate)=(0.00/0.00/0.00) cross_track=0.00 frame_id=px4_ned path_points=0 odom_source=/race/ego/odom cloud_source=/saved_map mavros_connected=true
[race_ego_trajectory_bridge-12] [INFO] [1786461522.725406145] [race_ego_trajectory_bridge]: [EGO_OCCUPANCY_MAP] topic=/race/ego/cloud frame=map raw_points=14494 map_age=0.006
[offboard_waypoint_node-1] [INFO] [1786461522.784582051] [offboard_waypoint_node]: [HOLD_ERROR] position_error=0.012 velocity=0.003 state=IDLE_HOLD
[ego_planner_node-10] [INFO] [1786461522.928841251] [race_ego_planner]: [EGO_OCCUPANCY_UPDATE] input_topic=grid_map/cloud input_frame=map occupancy_frame=map cloud_points=14505 local_points=6083 occupied_voxels=24786 camera=(-0.010,0.034,-0.127) local_index_bounds=[(38,44,0),(121,127,8)]
[ego_planner_node-10] [FSM]: state: WAIT_TARGET
[ego_planner_node-10] wait for goal or trigger.
[offboard_waypoint_node-1] [INFO] [1786461523.635466156] [offboard_waypoint_node]: [CONTROL_ARBITER] selected_source=safety_hold state=IDLE_HOLD
[super_planner_ros2_node-6] [INFO] [1786461523.682998782] [super_planner_ros2_node]: SUPER_ROS2 mode=IDLE enable_output=false reason=NO_GOAL odom=(-0.01,0.03,-0.13) goal=none tracking_setpoint_enu=(-0.01,0.03,0.78) setpoint_ned=none yaw(desired/cmd/rate)=(0.00/0.00/0.00) cross_track=0.00 frame_id=px4_ned path_points=0 odom_source=/race/ego/odom cloud_source=/saved_map mavros_connected=true
[race_ego_cloud_bridge-8] [INFO] [1786461523.725281350] [race_ego_cloud_bridge]: [EGO_STATIC_MAP_READY] topic=/saved_map frame=map points=9161 fused=true
[offboard_waypoint_node-1] [INFO] [1786461523.785405594] [offboard_waypoint_node]: [HOLD_ERROR] position_error=0.011 velocity=0.003 state=IDLE_HOLD
[fastlio_bridge_node-2] [INFO] [1786461524.013748342] [fastlio_bridge_node]: 已桥接并转换里程计: ENU(0.03, 0.01, -0.05) -> NED(-0.03, 0.01, 0.05)
[race_ego_cloud_bridge-8] [INFO] [1786461524.523537893] [race_ego_cloud_bridge]: [EGO_MAP_FUSION] static_points=9161 live_raw_points=18008 confirmed_live_voxels=5214 min_observations=2 memory_sec=1.00 fused_points=14375
[race_ego_cloud_bridge-8] [INFO] [1786461524.524660580] [race_ego_cloud_bridge]: [EGO_MAP_INPUT] topic=/race/ego/cloud frame=map points=14375 source=static_live_px4 refresh_period=0.00s
[ego_planner_node-10] [FSM]: state: WAIT_TARGET
[ego_planner_node-10] wait for goal or trigger.
[offboard_waypoint_node-1] [INFO] [1786461524.636239258] [offboard_waypoint_node]: [CONTROL_ARBITER] selected_source=safety_hold state=IDLE_HOLD
[super_planner_ros2_node-6] [INFO] [1786461524.683993472] [super_planner_ros2_node]: SUPER_ROS2 mode=IDLE enable_output=false reason=NO_GOAL odom=(-0.01,0.03,-0.13) goal=none tracking_setpoint_enu=(-0.01,0.03,0.78) setpoint_ned=none yaw(desired/cmd/rate)=(0.00/0.00/0.00) cross_track=0.00 frame_id=px4_ned path_points=0 odom_source=/race/ego/odom cloud_source=/saved_map mavros_connected=true
[race_ego_trajectory_bridge-12] [INFO] [1786461524.726344392] [race_ego_trajectory_bridge]: [EGO_OCCUPANCY_MAP] topic=/race/ego/cloud frame=map raw_points=14391 map_age=0.005
[offboard_waypoint_node-1] [INFO] [1786461524.786359907] [offboard_waypoint_node]: [HOLD_ERROR] position_error=0.013 velocity=0.007 state=IDLE_HOLD
[ego_planner_node-10] [INFO] [1786461525.126426327] [race_ego_planner]: [EGO_OCCUPANCY_UPDATE] input_topic=grid_map/cloud input_frame=map occupancy_frame=map cloud_points=14423 local_points=6087 occupied_voxels=25019 camera=(-0.016,0.035,-0.131) local_index_bounds=[(38,44,0),(121,128,8)]
[ego_planner_node-10] [FSM]: state: WAIT_TARGET
[ego_planner_node-10] wait for goal or trigger.
[offboard_waypoint_node-1] [INFO] [1786461525.637173736] [offboard_waypoint_node]: [CONTROL_ARBITER] selected_source=safety_hold state=IDLE_HOLD
[super_planner_ros2_node-6] [INFO] [1786461525.685004102] [super_planner_ros2_node]: SUPER_ROS2 mode=IDLE enable_output=false reason=NO_GOAL odom=(-0.02,0.04,-0.13) goal=none tracking_setpoint_enu=(-0.02,0.04,0.78) setpoint_ned=none yaw(desired/cmd/rate)=(0.00/0.00/0.00) cross_track=0.00 frame_id=px4_ned path_points=0 odom_source=/race/ego/odom cloud_source=/saved_map mavros_connected=true
[race_ego_cloud_bridge-8] [INFO] [1786461525.728521871] [race_ego_cloud_bridge]: [EGO_STATIC_MAP_READY] topic=/saved_map frame=map points=9161 fused=true
[offboard_waypoint_node-1] [INFO] [1786461525.787470357] [offboard_waypoint_node]: [HOLD_ERROR] position_error=0.015 velocity=0.007 state=IDLE_HOLD
[fastlio_bridge_node-2] [INFO] [1786461526.013888169] [fastlio_bridge_node]: 已桥接并转换里程计: ENU(0.03, 0.01, -0.05) -> NED(-0.03, 0.01, 0.05)
[race_ego_cloud_bridge-8] [INFO] [1786461526.524313120] [race_ego_cloud_bridge]: [EGO_MAP_FUSION] static_points=9161 live_raw_points=18004 confirmed_live_voxels=5212 min_observations=2 memory_sec=1.00 fused_points=14373
[offboard_waypoint_node-1] [INFO] [1786461526.638089091] [offboard_waypoint_node]: [CONTROL_ARBITER] selected_source=safety_hold state=IDLE_HOLD
[ego_planner_node-10] [FSM]: state: WAIT_TARGET
[ego_planner_node-10] wait for goal or trigger.
[super_planner_ros2_node-6] [INFO] [1786461526.685926267] [super_planner_ros2_node]: SUPER_ROS2 mode=IDLE enable_output=false reason=NO_GOAL odom=(-0.01,0.04,-0.13) goal=none tracking_setpoint_enu=(-0.01,0.04,0.78) setpoint_ned=none yaw(desired/cmd/rate)=(0.00/0.00/0.00) cross_track=0.00 frame_id=px4_ned path_points=0 odom_source=/race/ego/odom cloud_source=/saved_map mavros_connected=true
[race_ego_cloud_bridge-8] [INFO] [1786461526.722111759] [race_ego_cloud_bridge]: [EGO_MAP_INPUT] topic=/race/ego/cloud frame=map points=14420 source=static_live_px4 refresh_period=0.00s
[offboard_waypoint_node-1] [INFO] [1786461526.788199120] [offboard_waypoint_node]: [HOLD_ERROR] position_error=0.015 velocity=0.006 state=IDLE_HOLD
[race_ego_trajectory_bridge-12] [INFO] [1786461526.927364972] [race_ego_trajectory_bridge]: [EGO_OCCUPANCY_MAP] topic=/race/ego/cloud frame=map raw_points=14406 map_age=0.005
[ego_planner_node-10] [INFO] [1786461527.128618456] [race_ego_planner]: [EGO_OCCUPANCY_UPDATE] input_topic=grid_map/cloud input_frame=map occupancy_frame=map cloud_points=14399 local_points=6043 occupied_voxels=24746 camera=(-0.011,0.036,-0.130) local_index_bounds=[(38,44,0),(121,128,8)]
[offboard_waypoint_node-1] [INFO] [1786461527.638958724] [offboard_waypoint_node]: [CONTROL_ARBITER] selected_source=safety_hold state=IDLE_HOLD
[ego_planner_node-10] [FSM]: state: WAIT_TARGET
[ego_planner_node-10] wait for goal or trigger.
[super_planner_ros2_node-6] [INFO] [1786461527.686741081] [super_planner_ros2_node]: SUPER_ROS2 mode=IDLE enable_output=false reason=NO_GOAL odom=(-0.01,0.04,-0.13) goal=none tracking_setpoint_enu=(-0.01,0.04,0.78) setpoint_ned=none yaw(desired/cmd/rate)=(0.00/0.00/0.00) cross_track=0.00 frame_id=px4_ned path_points=0 odom_source=/race/ego/odom cloud_source=/saved_map mavros_connected=true
[race_ego_cloud_bridge-8] [INFO] [1786461527.728965444] [race_ego_cloud_bridge]: [EGO_STATIC_MAP_READY] topic=/saved_map frame=map points=9161 fused=true
[offboard_waypoint_node-1] [INFO] [1786461527.789034907] [offboard_waypoint_node]: [HOLD_ERROR] position_error=0.014 velocity=0.004 state=IDLE_HOLD
[fastlio_bridge_node-2] [INFO] [1786461528.013553651] [fastlio_bridge_node]: 已桥接并转换里程计: ENU(0.03, 0.01, -0.05) -> NED(-0.03, 0.01, 0.05)
[offboard_waypoint_node-1] [INFO] [1786461528.639735533] [offboard_waypoint_node]: [CONTROL_ARBITER] selected_source=safety_hold state=IDLE_HOLD
[super_planner_ros2_node-6] [INFO] [1786461528.687546661] [super_planner_ros2_node]: SUPER_ROS2 mode=IDLE enable_output=false reason=NO_GOAL odom=(-0.01,0.04,-0.13) goal=none tracking_setpoint_enu=(-0.01,0.04,0.78) setpoint_ned=none yaw(desired/cmd/rate)=(0.00/0.00/0.00) cross_track=0.00 frame_id=px4_ned path_points=0 odom_source=/race/ego/odom cloud_source=/saved_map mavros_connected=true
[ego_planner_node-10] [FSM]: state: WAIT_TARGET
[ego_planner_node-10] wait for goal or trigger.
[race_ego_cloud_bridge-8] [INFO] [1786461528.719539759] [race_ego_cloud_bridge]: [EGO_MAP_FUSION] static_points=9161 live_raw_points=17991 confirmed_live_voxels=4987 min_observations=2 memory_sec=1.00 fused_points=14148
[offboard_waypoint_node-1] [INFO] [1786461528.789854729] [offboard_waypoint_node]: [HOLD_ERROR] position_error=0.014 velocity=0.007 state=IDLE_HOLD
[race_ego_cloud_bridge-8] [INFO] [1786461528.922144855] [race_ego_cloud_bridge]: [EGO_MAP_INPUT] topic=/race/ego/cloud frame=map points=13911 source=static_live_px4 refresh_period=0.00s
[race_ego_trajectory_bridge-12] [INFO] [1786461529.124184825] [race_ego_trajectory_bridge]: [EGO_OCCUPANCY_MAP] topic=/race/ego/cloud frame=map raw_points=13839 map_age=0.004
[ego_planner_node-10] [INFO] [1786461529.326333352] [race_ego_planner]: [EGO_OCCUPANCY_UPDATE] input_topic=grid_map/cloud input_frame=map occupancy_frame=map cloud_points=14152 local_points=6035 occupied_voxels=24856 camera=(-0.005,0.038,-0.131) local_index_bounds=[(38,44,0),(121,128,8)]
[offboard_waypoint_node-1] [INFO] [1786461529.640513277] [offboard_waypoint_node]: [CONTROL_ARBITER] selected_source=safety_hold state=IDLE_HOLD
[super_planner_ros2_node-6] [INFO] [1786461529.688263309] [super_planner_ros2_node]: SUPER_ROS2 mode=IDLE enable_output=false reason=NO_GOAL odom=(-0.01,0.04,-0.13) goal=none tracking_setpoint_enu=(-0.01,0.04,0.78) setpoint_ned=none yaw(desired/cmd/rate)=(0.00/0.00/0.00) cross_track=0.00 frame_id=px4_ned path_points=0 odom_source=/race/ego/odom cloud_source=/saved_map mavros_connected=true
[race_ego_cloud_bridge-8] [INFO] [1786461529.730700866] [race_ego_cloud_bridge]: [EGO_STATIC_MAP_READY] topic=/saved_map frame=map points=9161 fused=true
[ego_planner_node-10] [FSM]: state: WAIT_TARGET
[ego_planner_node-10] wait for goal or trigger.
[offboard_waypoint_node-1] [INFO] [1786461529.790600178] [offboard_waypoint_node]: [HOLD_ERROR] position_error=0.018 velocity=0.009 state=IDLE_HOLD
[fastlio_bridge_node-2] [INFO] [1786461530.014013526] [fastlio_bridge_node]: 已桥接并转换里程计: ENU(0.03, 0.01, -0.05) -> NED(-0.03, 0.01, 0.05)
[offboard_waypoint_node-1] [INFO] [1786461530.641885854] [offboard_waypoint_node]: [CONTROL_ARBITER] selected_source=safety_hold state=IDLE_HOLD
[super_planner_ros2_node-6] [INFO] [1786461530.689131844] [super_planner_ros2_node]: SUPER_ROS2 mode=IDLE enable_output=false reason=NO_GOAL odom=(-0.01,0.04,-0.13) goal=none tracking_setpoint_enu=(-0.01,0.04,0.78) setpoint_ned=none yaw(desired/cmd/rate)=(0.00/0.00/0.00) cross_track=0.00 frame_id=px4_ned path_points=0 odom_source=/race/ego/odom cloud_source=/saved_map mavros_connected=true
[ego_planner_node-10] [FSM]: state: WAIT_TARGET
[ego_planner_node-10] wait for goal or trigger.
[offboard_waypoint_node-1] [INFO] [1786461530.791350844] [offboard_waypoint_node]: [HOLD_ERROR] position_error=0.015 velocity=0.007 state=IDLE_HOLD
[race_ego_cloud_bridge-8] [INFO] [1786461530.824041612] [race_ego_cloud_bridge]: [EGO_MAP_FUSION] static_points=9161 live_raw_points=14949 confirmed_live_voxels=5003 min_observations=2 memory_sec=1.00 fused_points=14164
[race_ego_cloud_bridge-8] [INFO] [1786461531.038948914] [race_ego_cloud_bridge]: [EGO_MAP_INPUT] topic=/race/ego/cloud frame=map points=14066 source=static_live_px4 refresh_period=0.00s
[race_ego_trajectory_bridge-12] [INFO] [1786461531.232643553] [race_ego_trajectory_bridge]: [EGO_OCCUPANCY_MAP] topic=/race/ego/cloud frame=map raw_points=14095 map_age=0.007
[ego_planner_node-10] [INFO] [1786461531.428573636] [race_ego_planner]: [EGO_OCCUPANCY_UPDATE] input_topic=grid_map/cloud input_frame=map occupancy_frame=map cloud_points=14160 local_points=6011 occupied_voxels=24758 camera=(-0.005,0.033,-0.132) local_index_bounds=[(38,44,0),(121,128,8)]
[offboard_waypoint_node-1] [INFO] [1786461531.641942018] [offboard_waypoint_node]: [CONTROL_ARBITER] selected_source=safety_hold state=IDLE_HOLD
[super_planner_ros2_node-6] [INFO] [1786461531.689677266] [super_planner_ros2_node]: SUPER_ROS2 mode=IDLE enable_output=false reason=NO_GOAL odom=(-0.01,0.03,-0.13) goal=none tracking_setpoint_enu=(-0.01,0.03,0.78) setpoint_ned=none yaw(desired/cmd/rate)=(0.00/0.00/0.00) cross_track=0.00 frame_id=px4_ned path_points=0 odom_source=/race/ego/odom cloud_source=/saved_map mavros_connected=true
[race_ego_cloud_bridge-8] [INFO] [1786461531.732101731] [race_ego_cloud_bridge]: [EGO_STATIC_MAP_READY] topic=/saved_map frame=map points=9161 fused=true
[offboard_waypoint_node-1] [INFO] [1786461531.792000841] [offboard_waypoint_node]: [HOLD_ERROR] position_error=0.010 velocity=0.007 state=IDLE_HOLD
[ego_planner_node-10] [FSM]: state: WAIT_TARGET
[ego_planner_node-10] wait for goal or trigger.
[fastlio_bridge_node-2] [INFO] [1786461532.014528965] [fastlio_bridge_node]: 已桥接并转换里程计: ENU(0.03, 0.01, -0.05) -> NED(-0.03, 0.01, 0.05)
[offboard_waypoint_node-1] [INFO] [1786461532.642662267] [offboard_waypoint_node]: [CONTROL_ARBITER] selected_source=safety_hold state=IDLE_HOLD
[super_planner_ros2_node-6] [INFO] [1786461532.690479007] [super_planner_ros2_node]: SUPER_ROS2 mode=IDLE enable_output=false reason=NO_GOAL odom=(-0.01,0.03,-0.13) goal=none tracking_setpoint_enu=(-0.01,0.03,0.78) setpoint_ned=none yaw(desired/cmd/rate)=(0.00/0.00/0.00) cross_track=0.00 frame_id=px4_ned path_points=0 odom_source=/race/ego/odom cloud_source=/saved_map mavros_connected=true
[offboard_waypoint_node-1] [INFO] [1786461532.792678941] [offboard_waypoint_node]: [HOLD_ERROR] position_error=0.010 velocity=0.003 state=IDLE_HOLD
[ego_planner_node-10] [FSM]: state: WAIT_TARGET
[ego_planner_node-10] wait for goal or trigger.
[race_ego_cloud_bridge-8] [INFO] [1786461532.922042666] [race_ego_cloud_bridge]: [EGO_MAP_FUSION] static_points=9161 live_raw_points=18000 confirmed_live_voxels=5227 min_observations=2 memory_sec=1.00 fused_points=14388
[race_ego_cloud_bridge-8] [INFO] [1786461533.123666473] [race_ego_cloud_bridge]: [EGO_MAP_INPUT] topic=/race/ego/cloud frame=map points=14463 source=static_live_px4 refresh_period=0.00s
[race_ego_trajectory_bridge-12] [INFO] [1786461533.328056914] [race_ego_trajectory_bridge]: [EGO_OCCUPANCY_MAP] topic=/race/ego/cloud frame=map raw_points=14524 map_age=0.004
[ego_planner_node-10] [INFO] [1786461533.528725785] [race_ego_planner]: [EGO_OCCUPANCY_UPDATE] input_topic=grid_map/cloud input_frame=map occupancy_frame=map cloud_points=14537 local_points=6146 occupied_voxels=24841 camera=(-0.012,0.038,-0.136) local_index_bounds=[(38,44,0),(121,128,8)]
[offboard_waypoint_node-1] [INFO] [1786461533.643240245] [offboard_waypoint_node]: [CONTROL_ARBITER] selected_source=safety_hold state=IDLE_HOLD
[super_planner_ros2_node-6] [INFO] [1786461533.691188517] [super_planner_ros2_node]: SUPER_ROS2 mode=IDLE enable_output=false reason=NO_GOAL odom=(-0.01,0.04,-0.14) goal=none tracking_setpoint_enu=(-0.01,0.04,0.78) setpoint_ned=none yaw(desired/cmd/rate)=(0.00/0.00/0.00) cross_track=0.00 frame_id=px4_ned path_points=0 odom_source=/race/ego/odom cloud_source=/saved_map mavros_connected=true
[race_ego_cloud_bridge-8] [INFO] [1786461533.733163905] [race_ego_cloud_bridge]: [EGO_STATIC_MAP_READY] topic=/saved_map frame=map points=9161 fused=true
[offboard_waypoint_node-1] [INFO] [1786461533.793369976] [offboard_waypoint_node]: [HOLD_ERROR] position_error=0.018 velocity=0.003 state=IDLE_HOLD
[ego_planner_node-10] [FSM]: state: WAIT_TARGET
[ego_planner_node-10] wait for goal or trigger.
[fastlio_bridge_node-2] [INFO] [1786461534.029018266] [fastlio_bridge_node]: 已桥接并转换里程计: ENU(0.03, 0.01, -0.05) -> NED(-0.03, 0.01, 0.05)
[offboard_waypoint_node-1] [INFO] [1786461534.644076234] [offboard_waypoint_node]: [CONTROL_ARBITER] selected_source=safety_hold state=IDLE_HOLD
[super_planner_ros2_node-6] [INFO] [1786461534.691531090] [super_planner_ros2_node]: SUPER_ROS2 mode=IDLE enable_output=false reason=NO_GOAL odom=(-0.02,0.04,-0.14) goal=none tracking_setpoint_enu=(-0.02,0.04,0.78) setpoint_ned=none yaw(desired/cmd/rate)=(0.00/0.00/0.00) cross_track=0.00 frame_id=px4_ned path_points=0 odom_source=/race/ego/odom cloud_source=/saved_map mavros_connected=true
[offboard_waypoint_node-1] [INFO] [1786461534.793857022] [offboard_waypoint_node]: [HOLD_ERROR] position_error=0.016 velocity=0.007 state=IDLE_HOLD
[ego_planner_node-10] [FSM]: state: WAIT_TARGET
[ego_planner_node-10] wait for goal or trigger.
[race_ego_cloud_bridge-8] [INFO] [1786461535.021998913] [race_ego_cloud_bridge]: [EGO_MAP_FUSION] static_points=9161 live_raw_points=17995 confirmed_live_voxels=5416 min_observations=2 memory_sec=1.00 fused_points=14577
[race_ego_cloud_bridge-8] [INFO] [1786461535.220937126] [race_ego_cloud_bridge]: [EGO_MAP_INPUT] topic=/race/ego/cloud frame=map points=14563 source=static_live_px4 refresh_period=0.00s
[race_ego_trajectory_bridge-12] [INFO] [1786461535.430673655] [race_ego_trajectory_bridge]: [EGO_OCCUPANCY_MAP] topic=/race/ego/cloud frame=map raw_points=14096 map_age=0.005
[ego_planner_node-10] [INFO] [1786461535.626296662] [race_ego_planner]: [EGO_OCCUPANCY_UPDATE] input_topic=grid_map/cloud input_frame=map occupancy_frame=map cloud_points=13929 local_points=5920 occupied_voxels=24645 camera=(-0.016,0.033,-0.134) local_index_bounds=[(38,44,0),(121,128,8)]
[offboard_waypoint_node-1] [INFO] [1786461535.692963631] [offboard_waypoint_node]: [CONTROL_ARBITER] selected_source=safety_hold state=IDLE_HOLD
[race_ego_cloud_bridge-8] [INFO] [1786461535.733677296] [race_ego_cloud_bridge]: [EGO_STATIC_MAP_READY] topic=/saved_map frame=map points=9161 fused=true
[super_planner_ros2_node-6] [INFO] [1786461535.740617913] [super_planner_ros2_node]: SUPER_ROS2 mode=IDLE enable_output=false reason=NO_GOAL odom=(-0.01,0.03,-0.13) goal=none tracking_setpoint_enu=(-0.01,0.03,0.78) setpoint_ned=none yaw(desired/cmd/rate)=(0.00/0.00/0.00) cross_track=0.00 frame_id=px4_ned path_points=0 odom_source=/race/ego/odom cloud_source=/saved_map mavros_connected=true
[offboard_waypoint_node-1] [INFO] [1786461535.842725676] [offboard_waypoint_node]: [HOLD_ERROR] position_error=0.011 velocity=0.007 state=IDLE_HOLD
[ego_planner_node-10] [FSM]: state: WAIT_TARGET
[ego_planner_node-10] wait for goal or trigger.
[fastlio_bridge_node-2] [INFO] [1786461536.014558515] [fastlio_bridge_node]: 已桥接并转换里程计: ENU(0.03, 0.01, -0.05) -> NED(-0.03, 0.01, 0.05)
[offboard_waypoint_node-1] [INFO] [1786461536.741621134] [offboard_waypoint_node]: [CONTROL_ARBITER] selected_source=safety_hold state=IDLE_HOLD
[super_planner_ros2_node-6] [INFO] [1786461536.789296940] [super_planner_ros2_node]: SUPER_ROS2 mode=IDLE enable_output=false reason=NO_GOAL odom=(-0.01,0.03,-0.13) goal=none tracking_setpoint_enu=(-0.01,0.03,0.78) setpoint_ned=none yaw(desired/cmd/rate)=(0.00/0.00/0.00) cross_track=0.00 frame_id=px4_ned path_points=0 odom_source=/race/ego/odom cloud_source=/saved_map mavros_connected=true
[offboard_waypoint_node-1] [INFO] [1786461536.891369316] [offboard_waypoint_node]: [HOLD_ERROR] position_error=0.009 velocity=0.007 state=IDLE_HOLD
[ego_planner_node-10] [FSM]: state: WAIT_TARGET
[ego_planner_node-10] wait for goal or trigger.
[race_ego_cloud_bridge-8] [INFO] [1786461537.022629805] [race_ego_cloud_bridge]: [EGO_MAP_FUSION] static_points=9161 live_raw_points=18049 confirmed_live_voxels=5336 min_observations=2 memory_sec=1.00 fused_points=14497
[race_ego_cloud_bridge-8] [INFO] [1786461537.223706526] [race_ego_cloud_bridge]: [EGO_MAP_INPUT] topic=/race/ego/cloud frame=map points=14156 source=static_live_px4 refresh_period=0.00s
[race_ego_trajectory_bridge-12] [INFO] [1786461537.623123709] [race_ego_trajectory_bridge]: [EGO_OCCUPANCY_MAP] topic=/race/ego/cloud frame=map raw_points=14472 map_age=0.004
[race_ego_cloud_bridge-8] [INFO] [1786461537.733144304] [race_ego_cloud_bridge]: [EGO_STATIC_MAP_READY] topic=/saved_map frame=map points=9161 fused=true
[offboard_waypoint_node-1] [INFO] [1786461537.790322838] [offboard_waypoint_node]: [CONTROL_ARBITER] selected_source=safety_hold state=IDLE_HOLD
[ego_planner_node-10] [INFO] [1786461537.826757708] [race_ego_planner]: [EGO_OCCUPANCY_UPDATE] input_topic=grid_map/cloud input_frame=map occupancy_frame=map cloud_points=14564 local_points=6113 occupied_voxels=24905 camera=(-0.011,0.031,-0.131) local_index_bounds=[(38,44,0),(121,128,8)]
[super_planner_ros2_node-6] [INFO] [1786461537.838457161] [super_planner_ros2_node]: SUPER_ROS2 mode=IDLE enable_output=false reason=NO_GOAL odom=(-0.01,0.03,-0.13) goal=none tracking_setpoint_enu=(-0.01,0.03,0.78) setpoint_ned=none yaw(desired/cmd/rate)=(0.00/0.00/0.00) cross_track=0.00 frame_id=px4_ned path_points=0 odom_source=/race/ego/odom cloud_source=/saved_map mavros_connected=true
[offboard_waypoint_node-1] [INFO] [1786461537.940121788] [offboard_waypoint_node]: [HOLD_ERROR] position_error=0.010 velocity=0.005 state=IDLE_HOLD
[ego_planner_node-10] [FSM]: state: WAIT_TARGET
[ego_planner_node-10] wait for goal or trigger.
[fastlio_bridge_node-2] [INFO] [1786461538.013297581] [fastlio_bridge_node]: 已桥接并转换里程计: ENU(0.03, 0.01, -0.06) -> NED(-0.03, 0.01, 0.06)
[offboard_waypoint_node-1] [INFO] [1786461538.839149579] [offboard_waypoint_node]: [CONTROL_ARBITER] selected_source=safety_hold state=IDLE_HOLD
[super_planner_ros2_node-6] [INFO] [1786461538.886849482] [super_planner_ros2_node]: SUPER_ROS2 mode=IDLE enable_output=false reason=NO_GOAL odom=(-0.02,0.04,-0.13) goal=none tracking_setpoint_enu=(-0.02,0.04,0.78) setpoint_ned=none yaw(desired/cmd/rate)=(0.00/0.00/0.00) cross_track=0.00 frame_id=px4_ned path_points=0 odom_source=/race/ego/odom cloud_source=/saved_map mavros_connected=true
[ego_planner_node-10] [FSM]: state: WAIT_TARGET
[ego_planner_node-10] wait for goal or trigger.
[offboard_waypoint_node-1] [INFO] [1786461538.988928605] [offboard_waypoint_node]: [HOLD_ERROR] position_error=0.017 velocity=0.010 state=IDLE_HOLD
[race_ego_cloud_bridge-8] [INFO] [1786461539.221673112] [race_ego_cloud_bridge]: [EGO_MAP_FUSION] static_points=9161 live_raw_points=15003 confirmed_live_voxels=5261 min_observations=2 memory_sec=1.00 fused_points=14422
[race_ego_cloud_bridge-8] [INFO] [1786461539.419167169] [race_ego_cloud_bridge]: [EGO_MAP_INPUT] topic=/race/ego/cloud frame=map points=14756 source=static_live_px4 refresh_period=0.00s
[race_ego_trajectory_bridge-12] [INFO] [1786461539.634498421] [race_ego_trajectory_bridge]: [EGO_OCCUPANCY_MAP] topic=/race/ego/cloud frame=map raw_points=14476 map_age=0.007
[race_ego_cloud_bridge-8] [INFO] [1786461539.730314172] [race_ego_cloud_bridge]: [EGO_STATIC_MAP_READY] topic=/saved_map frame=map points=9161 fused=true
[offboard_waypoint_node-1] [INFO] [1786461539.888098215] [offboard_waypoint_node]: [CONTROL_ARBITER] selected_source=safety_hold state=IDLE_HOLD
[super_planner_ros2_node-6] [INFO] [1786461539.935775196] [super_planner_ros2_node]: SUPER_ROS2 mode=IDLE enable_output=false reason=NO_GOAL odom=(-0.01,0.04,-0.13) goal=none tracking_setpoint_enu=(-0.01,0.04,0.78) setpoint_ned=none yaw(desired/cmd/rate)=(0.00/0.00/0.00) cross_track=0.00 frame_id=px4_ned path_points=0 odom_source=/race/ego/odom cloud_source=/saved_map mavros_connected=true
[ego_planner_node-10] [FSM]: state: WAIT_TARGET
[ego_planner_node-10] wait for goal or trigger.
[fastlio_bridge_node-2] [INFO] [1786461540.013426737] [fastlio_bridge_node]: 已桥接并转换里程计: ENU(0.04, 0.01, -0.06) -> NED(-0.04, 0.01, 0.06)
[ego_planner_node-10] [INFO] [1786461540.032147023] [race_ego_planner]: [EGO_OCCUPANCY_UPDATE] input_topic=grid_map/cloud input_frame=map occupancy_frame=map cloud_points=14036 local_points=6004 occupied_voxels=25149 camera=(-0.011,0.044,-0.133) local_index_bounds=[(38,44,0),(121,128,8)]
[offboard_waypoint_node-1] [INFO] [1786461540.038016607] [offboard_waypoint_node]: [HOLD_ERROR] position_error=0.022 velocity=0.007 state=IDLE_HOLD
[offboard_waypoint_node-1] [INFO] [1786461540.937080246] [offboard_waypoint_node]: [CONTROL_ARBITER] selected_source=safety_hold state=IDLE_HOLD
[super_planner_ros2_node-6] [INFO] [1786461540.984821951] [super_planner_ros2_node]: SUPER_ROS2 mode=IDLE enable_output=false reason=NO_GOAL odom=(-0.01,0.04,-0.14) goal=none tracking_setpoint_enu=(-0.01,0.04,0.78) setpoint_ned=none yaw(desired/cmd/rate)=(0.00/0.00/0.00) cross_track=0.00 frame_id=px4_ned path_points=0 odom_source=/race/ego/odom cloud_source=/saved_map mavros_connected=true
[ego_planner_node-10] [FSM]: state: WAIT_TARGET
[ego_planner_node-10] wait for goal or trigger.
[offboard_waypoint_node-1] [INFO] [1786461541.086946328] [offboard_waypoint_node]: [HOLD_ERROR] position_error=0.024 velocity=0.008 state=IDLE_HOLD
[race_ego_cloud_bridge-8] [INFO] [1786461541.428348979] [race_ego_cloud_bridge]: [EGO_MAP_FUSION] static_points=9161 live_raw_points=15048 confirmed_live_voxels=4919 min_observations=2 memory_sec=1.00 fused_points=14080
[race_ego_cloud_bridge-8] [INFO] [1786461541.428677593] [race_ego_cloud_bridge]: [EGO_MAP_INPUT] topic=/race/ego/cloud frame=map points=14080 source=static_live_px4 refresh_period=0.00s
[race_ego_cloud_bridge-8] [INFO] [1786461541.728219384] [race_ego_cloud_bridge]: [EGO_STATIC_MAP_READY] topic=/saved_map frame=map points=9161 fused=true
[race_ego_trajectory_bridge-12] [INFO] [1786461541.826795078] [race_ego_trajectory_bridge]: [EGO_OCCUPANCY_MAP] topic=/race/ego/cloud frame=map raw_points=14033 map_age=0.006
[offboard_waypoint_node-1] [INFO] [1786461541.986194829] [offboard_waypoint_node]: [CONTROL_ARBITER] selected_source=safety_hold state=IDLE_HOLD
[fastlio_bridge_node-2] [INFO] [1786461542.014481054] [fastlio_bridge_node]: 已桥接并转换里程计: ENU(0.04, 0.01, -0.06) -> NED(-0.04, 0.01, 0.06)
[ego_planner_node-10] [FSM]: state: WAIT_TARGET
[ego_planner_node-10] wait for goal or trigger.
[super_planner_ros2_node-6] [INFO] [1786461542.033916820] [super_planner_ros2_node]: SUPER_ROS2 mode=IDLE enable_output=false reason=NO_GOAL odom=(-0.00,0.04,-0.14) goal=none tracking_setpoint_enu=(-0.00,0.04,0.78) setpoint_ned=none yaw(desired/cmd/rate)=(0.00/0.00/0.00) cross_track=0.00 frame_id=px4_ned path_points=0 odom_source=/race/ego/odom cloud_source=/saved_map mavros_connected=true
[offboard_waypoint_node-1] [INFO] [1786461542.136254778] [offboard_waypoint_node]: [HOLD_ERROR] position_error=0.025 velocity=0.009 state=IDLE_HOLD
[ego_planner_node-10] [INFO] [1786461542.227363527] [race_ego_planner]: [EGO_OCCUPANCY_UPDATE] input_topic=grid_map/cloud input_frame=map occupancy_frame=map cloud_points=13878 local_points=5934 occupied_voxels=24581 camera=(-0.004,0.044,-0.138) local_index_bounds=[(38,44,0),(121,128,8)]
[offboard_waypoint_node-1] [INFO] [1786461543.035588387] [offboard_waypoint_node]: [CONTROL_ARBITER] selected_source=safety_hold state=IDLE_HOLD
[ego_planner_node-10] [FSM]: state: WAIT_TARGET
[ego_planner_node-10] wait for goal or trigger.
[super_planner_ros2_node-6] [INFO] [1786461543.083223023] [super_planner_ros2_node]: SUPER_ROS2 mode=IDLE enable_output=false reason=NO_GOAL odom=(-0.01,0.04,-0.14) goal=none tracking_setpoint_enu=(-0.01,0.04,0.78) setpoint_ned=none yaw(desired/cmd/rate)=(0.00/0.00/0.00) cross_track=0.00 frame_id=px4_ned path_points=0 odom_source=/race/ego/odom cloud_source=/saved_map mavros_connected=true
[offboard_waypoint_node-1] [INFO] [1786461543.185228516] [offboard_waypoint_node]: [HOLD_ERROR] position_error=0.000 velocity=0.006 state=IDLE_HOLD
[race_ego_cloud_bridge-8] [INFO] [1786461543.620438089] [race_ego_cloud_bridge]: [EGO_MAP_FUSION] static_points=9161 live_raw_points=18055 confirmed_live_voxels=5348 min_observations=2 memory_sec=1.00 fused_points=14509
[race_ego_cloud_bridge-8] [INFO] [1786461543.620590738] [race_ego_cloud_bridge]: [EGO_MAP_INPUT] topic=/race/ego/cloud frame=map points=14509 source=static_live_px4 refresh_period=0.00s
[race_ego_cloud_bridge-8] [INFO] [1786461543.726326522] [race_ego_cloud_bridge]: [EGO_STATIC_MAP_READY] topic=/saved_map frame=map points=9161 fused=true
[race_ego_trajectory_bridge-12] [INFO] [1786461543.829425099] [race_ego_trajectory_bridge]: [EGO_OCCUPANCY_MAP] topic=/race/ego/cloud frame=map raw_points=14126 map_age=0.004
[fastlio_bridge_node-2] [INFO] [1786461544.013655462] [fastlio_bridge_node]: 已桥接并转换里程计: ENU(0.04, 0.01, -0.05) -> NED(-0.04, 0.01, 0.05)
[ego_planner_node-10] [FSM]: state: WAIT_TARGET
[ego_planner_node-10] wait for goal or trigger.
[offboard_waypoint_node-1] [INFO] [1786461544.084652689] [offboard_waypoint_node]: [CONTROL_ARBITER] selected_source=safety_hold state=IDLE_HOLD
[super_planner_ros2_node-6] [INFO] [1786461544.132482444] [super_planner_ros2_node]: SUPER_ROS2 mode=IDLE enable_output=false reason=NO_GOAL odom=(-0.02,0.03,-0.13) goal=none tracking_setpoint_enu=(-0.02,0.03,0.78) setpoint_ned=none yaw(desired/cmd/rate)=(0.00/0.00/0.00) cross_track=0.00 frame_id=px4_ned path_points=0 odom_source=/race/ego/odom cloud_source=/saved_map mavros_connected=true
[offboard_waypoint_node-1] [INFO] [1786461544.234624076] [offboard_waypoint_node]: [HOLD_ERROR] position_error=0.000 velocity=0.022 state=IDLE_HOLD
[ego_planner_node-10] [INFO] [1786461544.430810523] [race_ego_planner]: [EGO_OCCUPANCY_UPDATE] input_topic=grid_map/cloud input_frame=map occupancy_frame=map cloud_points=13999 local_points=5977 occupied_voxels=24897 camera=(-0.017,0.026,-0.130) local_index_bounds=[(38,44,0),(121,128,8)]
[ego_planner_node-10] [FSM]: state: WAIT_TARGET
[ego_planner_node-10] wait for goal or trigger.
[offboard_waypoint_node-1] [INFO] [1786461545.133996581] [offboard_waypoint_node]: [CONTROL_ARBITER] selected_source=safety_hold state=IDLE_HOLD
[super_planner_ros2_node-6] [INFO] [1786461545.181722585] [super_planner_ros2_node]: SUPER_ROS2 mode=IDLE enable_output=false reason=NO_GOAL odom=(-0.02,0.02,-0.12) goal=none tracking_setpoint_enu=(-0.02,0.02,0.78) setpoint_ned=none yaw(desired/cmd/rate)=(0.00/0.00/0.00) cross_track=0.00 frame_id=px4_ned path_points=0 odom_source=/race/ego/odom cloud_source=/saved_map mavros_connected=true
[offboard_waypoint_node-1] [INFO] [1786461545.283881474] [offboard_waypoint_node]: [HOLD_ERROR] position_error=0.000 velocity=0.028 state=IDLE_HOLD
[offboard_waypoint_node-1] [INFO] [1786461545.614710447] [offboard_waypoint_node]: [EV_HEALTH] state=SUSPECT continuous_healthy=0.00s
[race_ego_cloud_bridge-8] [INFO] [1786461545.620583243] [race_ego_cloud_bridge]: [EGO_MAP_FUSION] static_points=9161 live_raw_points=15088 confirmed_live_voxels=5059 min_observations=2 memory_sec=1.00 fused_points=14220
[race_ego_cloud_bridge-8] [INFO] [1786461545.620815984] [race_ego_cloud_bridge]: [EGO_MAP_INPUT] topic=/race/ego/cloud frame=map points=14220 source=static_live_px4 refresh_period=0.00s
[race_ego_cloud_bridge-8] [INFO] [1786461545.724928403] [race_ego_cloud_bridge]: [EGO_STATIC_MAP_READY] topic=/saved_map frame=map points=9161 fused=true
[race_ego_trajectory_bridge-12] [INFO] [1786461545.866255710] [race_ego_trajectory_bridge]: [EGO_OCCUPANCY_MAP] topic=/race/ego/cloud frame=map raw_points=14172 map_age=0.016
[offboard_waypoint_node-1] [INFO] [1786461545.921373309] [offboard_waypoint_node]: [EV_HEALTH] state=FAULT continuous_healthy=0.00s
[fastlio_bridge_node-2] [INFO] [1786461546.027401972] [fastlio_bridge_node]: 已桥接并转换里程计: ENU(0.02, 0.01, 0.04) -> NED(-0.02, 0.01, -0.04)
[offboard_waypoint_node-1] [INFO] [1786461546.134138511] [offboard_waypoint_node]: [CONTROL_ARBITER] selected_source=safety_hold state=IDLE_HOLD
[ego_planner_node-10] [FSM]: state: WAIT_TARGET
[ego_planner_node-10] wait for goal or trigger.
[super_planner_ros2_node-6] [INFO] [1786461546.231621498] [super_planner_ros2_node]: SUPER_ROS2 mode=IDLE enable_output=false reason=NO_GOAL odom=(-0.03,0.00,-0.05) goal=none tracking_setpoint_enu=(-0.03,0.00,0.78) setpoint_ned=none yaw(desired/cmd/rate)=(0.00/0.00/0.00) cross_track=0.00 frame_id=px4_ned path_points=0 odom_source=/race/ego/odom cloud_source=/saved_map mavros_connected=true
[offboard_waypoint_node-1] [INFO] [1786461546.283906152] [offboard_waypoint_node]: [HOLD_ERROR] position_error=0.000 velocity=0.062 state=IDLE_HOLD
[ego_planner_node-10] [INFO] [1786461546.482358732] [race_ego_planner]: [EGO_OCCUPANCY_UPDATE] input_topic=grid_map/cloud input_frame=map occupancy_frame=map cloud_points=13699 local_points=6140 occupied_voxels=26750 camera=(-0.032,-0.011,-0.031) local_index_bounds=[(38,44,0),(121,128,9)]
[offboard_waypoint_node-1] [INFO] [1786461547.183451937] [offboard_waypoint_node]: [CONTROL_ARBITER] selected_source=safety_hold state=IDLE_HOLD
[super_planner_ros2_node-6] [INFO] [1786461547.280676534] [super_planner_ros2_node]: SUPER_ROS2 mode=IDLE enable_output=false reason=NO_GOAL odom=(-0.06,-0.07,0.06) goal=none tracking_setpoint_enu=(-0.06,-0.07,0.78) setpoint_ned=none yaw(desired/cmd/rate)=(0.00/0.00/0.00) cross_track=0.00 frame_id=px4_ned path_points=0 odom_source=/race/ego/odom cloud_source=/saved_map mavros_connected=true
[ego_planner_node-10] [FSM]: state: WAIT_TARGET
[ego_planner_node-10] wait for goal or trigger.
[offboard_waypoint_node-1] [INFO] [1786461547.333320265] [offboard_waypoint_node]: [HOLD_ERROR] position_error=0.000 velocity=0.108 state=IDLE_HOLD
[race_ego_cloud_bridge-8] [INFO] [1786461547.696538329] [race_ego_cloud_bridge]: [EGO_MAP_FUSION] static_points=9161 live_raw_points=18021 confirmed_live_voxels=4504 min_observations=2 memory_sec=1.00 fused_points=13665
[race_ego_cloud_bridge-8] [INFO] [1786461547.696733637] [race_ego_cloud_bridge]: [EGO_MAP_INPUT] topic=/race/ego/cloud frame=map points=13665 source=static_live_px4 refresh_period=0.00s
[race_ego_cloud_bridge-8] [INFO] [1786461547.726457785] [race_ego_cloud_bridge]: [EGO_STATIC_MAP_READY] topic=/saved_map frame=map points=9161 fused=true
[race_ego_trajectory_bridge-12] [INFO] [1786461547.951338030] [race_ego_trajectory_bridge]: [EGO_OCCUPANCY_MAP] topic=/race/ego/cloud frame=map raw_points=13010 map_age=0.037
[fastlio_bridge_node-2] [INFO] [1786461548.036003613] [fastlio_bridge_node]: 已桥接并转换里程计: ENU(-0.09, 0.03, 0.05) -> NED(0.09, 0.03, -0.05)
[offboard_waypoint_node-1] [INFO] [1786461548.152360847] [offboard_waypoint_node]: [EV_HEALTH] state=HEALTHY continuous_healthy=0.00s
[offboard_waypoint_node-1] [INFO] [1786461548.232375877] [offboard_waypoint_node]: [CONTROL_ARBITER] selected_source=safety_hold state=IDLE_HOLD
[super_planner_ros2_node-6] [INFO] [1786461548.330535755] [super_planner_ros2_node]: SUPER_ROS2 mode=IDLE enable_output=false reason=NO_GOAL odom=(-0.17,-0.42,0.28) goal=none tracking_setpoint_enu=(-0.17,-0.42,0.78) setpoint_ned=none yaw(desired/cmd/rate)=(0.00/0.00/0.00) cross_track=0.00 frame_id=px4_ned path_points=0 odom_source=/race/ego/odom cloud_source=/saved_map mavros_connected=true
[offboard_waypoint_node-1] [INFO] [1786461548.382820945] [offboard_waypoint_node]: [HOLD_ERROR] position_error=0.000 velocity=0.490 state=IDLE_HOLD
[ego_planner_node-10] [FSM]: state: WAIT_TARGET
[ego_planner_node-10] wait for goal or trigger.
[mapping_manager_node-5] [INFO] [1786461548.561905792] [mapping_manager_node]: Mapping status: in_flight=false, map_loaded=false, map_saved=false
[ego_planner_node-10] [INFO] [1786461548.660138988] [race_ego_planner]: [EGO_OCCUPANCY_UPDATE] input_topic=grid_map/cloud input_frame=map occupancy_frame=map cloud_points=12674 local_points=5979 occupied_voxels=27908 camera=(-0.151,-0.342,0.056) local_index_bounds=[(37,43,0),(120,124,9)]
[offboard_waypoint_node-1] [INFO] [1786461549.232625959] [offboard_waypoint_node]: [CONTROL_ARBITER] selected_source=safety_hold state=IDLE_HOLD
[super_planner_ros2_node-6] [INFO] [1786461549.380171762] [super_planner_ros2_node]: SUPER_ROS2 mode=IDLE enable_output=false reason=NO_GOAL odom=(-0.24,-0.33,0.20) goal=none tracking_setpoint_enu=(-0.24,-0.33,0.78) setpoint_ned=none yaw(desired/cmd/rate)=(0.00/0.00/0.00) cross_track=0.00 frame_id=px4_ned path_points=0 odom_source=/race/ego/odom cloud_source=/saved_map mavros_connected=true
[offboard_waypoint_node-1] [INFO] [1786461549.431899120] [offboard_waypoint_node]: [HOLD_ERROR] position_error=0.000 velocity=0.184 state=IDLE_HOLD
[ego_planner_node-10] [FSM]: state: WAIT_TARGET
[ego_planner_node-10] wait for goal or trigger.
[race_ego_cloud_bridge-8] [INFO] [1786461549.722691856] [race_ego_cloud_bridge]: [EGO_STATIC_MAP_READY] topic=/saved_map frame=map points=9161 fused=true
[race_ego_cloud_bridge-8] [INFO] [1786461549.853656355] [race_ego_cloud_bridge]: [EGO_MAP_FUSION] static_points=9161 live_raw_points=15050 confirmed_live_voxels=2790 min_observations=2 memory_sec=1.00 fused_points=11951
[race_ego_cloud_bridge-8] [INFO] [1786461549.854160258] [race_ego_cloud_bridge]: [EGO_MAP_INPUT] topic=/race/ego/cloud frame=map points=11951 source=static_live_px4 refresh_period=0.00s
[fastlio_bridge_node-2] [INFO] [1786461550.015964214] [fastlio_bridge_node]: 已桥接并转换里程计: ENU(-0.18, 0.12, 0.23) -> NED(0.18, 0.12, -0.23)
[race_ego_trajectory_bridge-12] [INFO] [1786461550.048235517] [race_ego_trajectory_bridge]: [EGO_OCCUPANCY_MAP] topic=/race/ego/cloud frame=map raw_points=11831 map_age=0.007
[offboard_waypoint_node-1] [INFO] [1786461550.281731332] [offboard_waypoint_node]: [CONTROL_ARBITER] selected_source=safety_hold state=IDLE_HOLD
[super_planner_ros2_node-6] [INFO] [1786461550.429392976] [super_planner_ros2_node]: SUPER_ROS2 mode=IDLE enable_output=false reason=NO_GOAL odom=(-0.11,-0.15,0.51) goal=none tracking_setpoint_enu=(-0.11,-0.15,0.78) setpoint_ned=none yaw(desired/cmd/rate)=(0.00/0.00/0.00) cross_track=0.00 frame_id=px4_ned path_points=0 odom_source=/race/ego/odom cloud_source=/saved_map mavros_connected=true
[offboard_waypoint_node-1] [INFO] [1786461550.481469629] [offboard_waypoint_node]: [HOLD_ERROR] position_error=0.000 velocity=0.083 state=IDLE_HOLD
[ego_planner_node-10] [FSM]: state: WAIT_TARGET
[ego_planner_node-10] wait for goal or trigger.
[ego_planner_node-10] [INFO] [1786461550.847038575] [race_ego_planner]: [EGO_OCCUPANCY_UPDATE] input_topic=grid_map/cloud input_frame=map occupancy_frame=map cloud_points=12542 local_points=7110 occupied_voxels=36803 camera=(-0.131,-0.134,0.722) local_index_bounds=[(37,43,0),(121,127,14)]
[offboard_waypoint_node-1] [INFO] [1786461551.331258729] [offboard_waypoint_node]: [CONTROL_ARBITER] selected_source=safety_hold state=IDLE_HOLD
[super_planner_ros2_node-6] [INFO] [1786461551.429505536] [super_planner_ros2_node]: SUPER_ROS2 mode=IDLE enable_output=false reason=NO_GOAL odom=(-0.18,-0.17,0.84) goal=none tracking_setpoint_enu=(-0.18,-0.17,0.78) setpoint_ned=none yaw(desired/cmd/rate)=(0.00/0.00/0.00) cross_track=0.00 frame_id=px4_ned path_points=0 odom_source=/race/ego/odom cloud_source=/saved_map mavros_connected=true
[offboard_waypoint_node-1] [INFO] [1786461551.531147114] [offboard_waypoint_node]: [HOLD_ERROR] position_error=0.000 velocity=0.074 state=IDLE_HOLD
[ego_planner_node-10] [FSM]: state: WAIT_TARGET
[ego_planner_node-10] wait for goal or trigger.
[race_ego_cloud_bridge-8] [INFO] [1786461551.722114340] [race_ego_cloud_bridge]: [EGO_STATIC_MAP_READY] topic=/saved_map frame=map points=9161 fused=true
[fastlio_bridge_node-2] [INFO] [1786461552.025610430] [fastlio_bridge_node]: 已桥接并转换里程计: ENU(-0.27, 0.22, 0.84) -> NED(0.27, 0.22, -0.84)
[race_ego_cloud_bridge-8] [INFO] [1786461552.042323995] [race_ego_cloud_bridge]: [EGO_MAP_FUSION] static_points=9161 live_raw_points=15278 confirmed_live_voxels=4275 min_observations=2 memory_sec=1.00 fused_points=13436
[race_ego_cloud_bridge-8] [INFO] [1786461552.042691195] [race_ego_cloud_bridge]: [EGO_MAP_INPUT] topic=/race/ego/cloud frame=map points=13436 source=static_live_px4 refresh_period=0.00s
[race_ego_trajectory_bridge-12] [INFO] [1786461552.050705104] [race_ego_trajectory_bridge]: [EGO_OCCUPANCY_MAP] topic=/race/ego/cloud frame=map raw_points=13436 map_age=0.008
[offboard_waypoint_node-1] [INFO] [1786461552.331494176] [offboard_waypoint_node]: [CONTROL_ARBITER] selected_source=safety_hold state=IDLE_HOLD
[super_planner_ros2_node-6] [INFO] [1786461552.478680136] [super_planner_ros2_node]: SUPER_ROS2 mode=IDLE enable_output=false reason=NO_GOAL odom=(-0.24,-0.31,0.85) goal=none tracking_setpoint_enu=(-0.24,-0.31,0.78) setpoint_ned=none yaw(desired/cmd/rate)=(0.00/0.00/0.00) cross_track=0.00 frame_id=px4_ned path_points=0 odom_source=/race/ego/odom cloud_source=/saved_map mavros_connected=true
[offboard_waypoint_node-1] [INFO] [1786461552.580849870] [offboard_waypoint_node]: [HOLD_ERROR] position_error=0.000 velocity=0.142 state=IDLE_HOLD
[ego_planner_node-10] [FSM]: state: WAIT_TARGET
[ego_planner_node-10] wait for goal or trigger.
[ego_planner_node-10] [INFO] [1786461552.855939351] [race_ego_planner]: [EGO_OCCUPANCY_UPDATE] input_topic=grid_map/cloud input_frame=map occupancy_frame=map cloud_points=13746 local_points=6900 occupied_voxels=34195 camera=(-0.261,-0.383,0.835) local_index_bounds=[(36,43,0),(120,126,14)]
[offboard_waypoint_node-1] [INFO] [1786461553.380744291] [offboard_waypoint_node]: [CONTROL_ARBITER] selected_source=safety_hold state=IDLE_HOLD
[super_planner_ros2_node-6] [INFO] [1786461553.478740382] [super_planner_ros2_node]: SUPER_ROS2 mode=IDLE enable_output=false reason=NO_GOAL odom=(-0.30,-0.47,0.82) goal=none tracking_setpoint_enu=(-0.30,-0.47,0.78) setpoint_ned=none yaw(desired/cmd/rate)=(0.00/0.00/0.00) cross_track=0.00 frame_id=px4_ned path_points=0 odom_source=/race/ego/odom cloud_source=/saved_map mavros_connected=true
[offboard_waypoint_node-1] [INFO] [1786461553.630583692] [offboard_waypoint_node]: [HOLD_ERROR] position_error=0.000 velocity=0.058 state=IDLE_HOLD
[race_ego_cloud_bridge-8] [INFO] [1786461553.721425558] [race_ego_cloud_bridge]: [EGO_STATIC_MAP_READY] topic=/saved_map frame=map points=9161 fused=true
[ego_planner_node-10] [FSM]: state: WAIT_TARGET
[ego_planner_node-10] wait for goal or trigger.
[fastlio_bridge_node-2] [INFO] [1786461554.016497756] [fastlio_bridge_node]: 已桥接并转换里程计: ENU(-0.48, 0.35, 0.81) -> NED(0.48, 0.35, -0.81)
[race_ego_cloud_bridge-8] [INFO] [1786461554.044982615] [race_ego_cloud_bridge]: [EGO_MAP_FUSION] static_points=9161 live_raw_points=18293 confirmed_live_voxels=4602 min_observations=2 memory_sec=1.00 fused_points=13763
[race_ego_cloud_bridge-8] [INFO] [1786461554.045386453] [race_ego_cloud_bridge]: [EGO_MAP_INPUT] topic=/race/ego/cloud frame=map points=13763 source=static_live_px4 refresh_period=0.00s
[race_ego_trajectory_bridge-12] [INFO] [1786461554.054571572] [race_ego_trajectory_bridge]: [EGO_OCCUPANCY_MAP] topic=/race/ego/cloud frame=map raw_points=13763 map_age=0.009
[offboard_waypoint_node-1] [INFO] [1786461554.432730110] [offboard_waypoint_node]: [CONTROL_ARBITER] selected_source=safety_hold state=IDLE_HOLD
[super_planner_ros2_node-6] [INFO] [1786461554.528189801] [super_planner_ros2_node]: SUPER_ROS2 mode=IDLE enable_output=false reason=NO_GOAL odom=(-0.36,-0.37,0.79) goal=none tracking_setpoint_enu=(-0.36,-0.37,0.78) setpoint_ned=none yaw(desired/cmd/rate)=(0.00/0.00/0.00) cross_track=0.00 frame_id=px4_ned path_points=0 odom_source=/race/ego/odom cloud_source=/saved_map mavros_connected=true
[offboard_waypoint_node-1] [INFO] [1786461554.680368057] [offboard_waypoint_node]: [HOLD_ERROR] position_error=0.000 velocity=0.215 state=IDLE_HOLD
[ego_planner_node-10] [FSM]: state: WAIT_TARGET
[ego_planner_node-10] wait for goal or trigger.
[ego_planner_node-10] [INFO] [1786461555.050498570] [race_ego_planner]: [EGO_OCCUPANCY_UPDATE] input_topic=grid_map/cloud input_frame=map occupancy_frame=map cloud_points=13147 local_points=6772 occupied_voxels=34675 camera=(-0.328,-0.281,0.775) local_index_bounds=[(35,43,0),(119,126,14)]
[offboard_waypoint_node-1] [INFO] [1786461555.480209644] [offboard_waypoint_node]: [CONTROL_ARBITER] selected_source=safety_hold state=IDLE_HOLD
[super_planner_ros2_node-6] [INFO] [1786461555.578006904] [super_planner_ros2_node]: SUPER_ROS2 mode=IDLE enable_output=false reason=NO_GOAL odom=(-0.27,-0.18,0.76) goal=none tracking_setpoint_enu=(-0.27,-0.18,0.78) setpoint_ned=none yaw(desired/cmd/rate)=(0.00/0.00/0.00) cross_track=0.00 frame_id=px4_ned path_points=0 odom_source=/race/ego/odom cloud_source=/saved_map mavros_connected=true
[race_ego_cloud_bridge-8] [INFO] [1786461555.721014178] [race_ego_cloud_bridge]: [EGO_STATIC_MAP_READY] topic=/saved_map frame=map points=9161 fused=true
[offboard_waypoint_node-1] [INFO] [1786461555.730526498] [offboard_waypoint_node]: [HOLD_ERROR] position_error=0.000 velocity=0.254 state=IDLE_HOLD
[ego_planner_node-10] [FSM]: state: WAIT_TARGET
[ego_planner_node-10] wait for goal or trigger.
[fastlio_bridge_node-2] [INFO] [1786461556.024674932] [fastlio_bridge_node]: 已桥接并转换里程计: ENU(-0.11, 0.24, 0.78) -> NED(0.11, 0.24, -0.78)
[race_ego_cloud_bridge-8] [INFO] [1786461556.230514513] [race_ego_cloud_bridge]: [EGO_MAP_FUSION] static_points=9161 live_raw_points=18379 confirmed_live_voxels=5063 min_observations=2 memory_sec=1.00 fused_points=14224
[race_ego_cloud_bridge-8] [INFO] [1786461556.230878170] [race_ego_cloud_bridge]: [EGO_MAP_INPUT] topic=/race/ego/cloud frame=map points=14224 source=static_live_px4 refresh_period=0.00s
[race_ego_trajectory_bridge-12] [INFO] [1786461556.241348669] [race_ego_trajectory_bridge]: [EGO_OCCUPANCY_MAP] topic=/race/ego/cloud frame=map raw_points=14224 map_age=0.011
[offboard_waypoint_node-1] [INFO] [1786461556.530172084] [offboard_waypoint_node]: [CONTROL_ARBITER] selected_source=safety_hold state=IDLE_HOLD
[super_planner_ros2_node-6] [INFO] [1786461556.627825165] [super_planner_ros2_node]: SUPER_ROS2 mode=IDLE enable_output=false reason=NO_GOAL odom=(-0.11,0.04,0.76) goal=none tracking_setpoint_enu=(-0.11,0.04,0.78) setpoint_ned=none yaw(desired/cmd/rate)=(0.00/0.00/0.00) cross_track=0.00 frame_id=px4_ned path_points=0 odom_source=/race/ego/odom cloud_source=/saved_map mavros_connected=true
[offboard_waypoint_node-1] [INFO] [1786461556.779998781] [offboard_waypoint_node]: [HOLD_ERROR] position_error=0.000 velocity=0.317 state=IDLE_HOLD
[ego_planner_node-10] [FSM]: state: WAIT_TARGET
[ego_planner_node-10] wait for goal or trigger.
[ego_planner_node-10] [INFO] [1786461557.239398415] [race_ego_planner]: [EGO_OCCUPANCY_UPDATE] input_topic=grid_map/cloud input_frame=map occupancy_frame=map cloud_points=13841 local_points=6450 occupied_voxels=33563 camera=(-0.024,0.172,0.768) local_index_bounds=[(37,45,0),(121,129,14)]
[offboard_waypoint_node-1] [INFO] [1786461557.579937033] [offboard_waypoint_node]: [CONTROL_ARBITER] selected_source=safety_hold state=IDLE_HOLD
[super_planner_ros2_node-6] [INFO] [1786461557.628357512] [super_planner_ros2_node]: SUPER_ROS2 mode=IDLE enable_output=false reason=NO_GOAL odom=(0.01,0.26,0.77) goal=none tracking_setpoint_enu=(0.01,0.26,0.78) setpoint_ned=none yaw(desired/cmd/rate)=(0.00/0.00/0.00) cross_track=0.00 frame_id=px4_ned path_points=0 odom_source=/race/ego/odom cloud_source=/saved_map mavros_connected=true
[race_ego_cloud_bridge-8] [INFO] [1786461557.720518979] [race_ego_cloud_bridge]: [EGO_STATIC_MAP_READY] topic=/saved_map frame=map points=9161 fused=true
[offboard_waypoint_node-1] [INFO] [1786461557.780046298] [offboard_waypoint_node]: [HOLD_ERROR] position_error=0.000 velocity=0.240 state=IDLE_HOLD
[fastlio_bridge_node-2] [INFO] [1786461558.016279079] [fastlio_bridge_node]: 已桥接并转换里程计: ENU(0.33, -0.01, 0.79) -> NED(-0.33, -0.01, -0.79)
[ego_planner_node-10] [FSM]: state: WAIT_TARGET
[ego_planner_node-10] wait for goal or trigger.
[race_ego_cloud_bridge-8] [INFO] [1786461558.433748232] [race_ego_cloud_bridge]: [EGO_MAP_FUSION] static_points=9161 live_raw_points=15259 confirmed_live_voxels=4467 min_observations=2 memory_sec=1.00 fused_points=13628
[race_ego_cloud_bridge-8] [INFO] [1786461558.434046701] [race_ego_cloud_bridge]: [EGO_MAP_INPUT] topic=/race/ego/cloud frame=map points=13628 source=static_live_px4 refresh_period=0.00s
[race_ego_trajectory_bridge-12] [INFO] [1786461558.451237857] [race_ego_trajectory_bridge]: [EGO_OCCUPANCY_MAP] topic=/race/ego/cloud frame=map raw_points=13628 map_age=0.017
[offboard_waypoint_node-1] [INFO] [1786461558.629914452] [offboard_waypoint_node]: [CONTROL_ARBITER] selected_source=safety_hold state=IDLE_HOLD
[super_planner_ros2_node-6] [INFO] [1786461558.677621812] [super_planner_ros2_node]: SUPER_ROS2 mode=IDLE enable_output=false reason=NO_GOAL odom=(0.03,0.36,0.76) goal=none tracking_setpoint_enu=(0.03,0.36,0.78) setpoint_ned=none yaw(desired/cmd/rate)=(0.00/0.00/0.00) cross_track=0.00 frame_id=px4_ned path_points=0 odom_source=/race/ego/odom cloud_source=/saved_map mavros_connected=true
[offboard_waypoint_node-1] [INFO] [1786461558.829885760] [offboard_waypoint_node]: [HOLD_ERROR] position_error=0.000 velocity=0.045 state=IDLE_HOLD
[ego_planner_node-10] [FSM]: state: WAIT_TARGET
[ego_planner_node-10] wait for goal or trigger.
[ego_planner_node-10] [INFO] [1786461559.242911028] [race_ego_planner]: [EGO_OCCUPANCY_UPDATE] input_topic=grid_map/cloud input_frame=map occupancy_frame=map cloud_points=13469 local_points=6188 occupied_voxels=32991 camera=(0.004,0.355,0.742) local_index_bounds=[(38,47,0),(122,131,14)]
[super_planner_ros2_node-6] [INFO] [1786461559.678634059] [super_planner_ros2_node]: SUPER_ROS2 mode=IDLE enable_output=false reason=NO_GOAL odom=(0.00,0.38,0.73) goal=none tracking_setpoint_enu=(0.00,0.38,0.78) setpoint_ned=none yaw(desired/cmd/rate)=(0.00/0.00/0.00) cross_track=0.00 frame_id=px4_ned path_points=0 odom_source=/race/ego/odom cloud_source=/saved_map mavros_connected=true
[offboard_waypoint_node-1] [INFO] [1786461559.680728683] [offboard_waypoint_node]: [CONTROL_ARBITER] selected_source=safety_hold state=IDLE_HOLD
[race_ego_cloud_bridge-8] [INFO] [1786461559.719959264] [race_ego_cloud_bridge]: [EGO_STATIC_MAP_READY] topic=/saved_map frame=map points=9161 fused=true
[offboard_waypoint_node-1] [INFO] [1786461559.879693473] [offboard_waypoint_node]: [HOLD_ERROR] position_error=0.000 velocity=0.069 state=IDLE_HOLD
[fastlio_bridge_node-2] [INFO] [1786461560.018502916] [fastlio_bridge_node]: 已桥接并转换里程计: ENU(0.41, 0.00, 0.73) -> NED(-0.41, 0.00, -0.73)
[ego_planner_node-10] [FSM]: state: WAIT_TARGET
[ego_planner_node-10] wait for goal or trigger.
[race_ego_cloud_bridge-8] [INFO] [1786461560.434495008] [race_ego_cloud_bridge]: [EGO_MAP_FUSION] static_points=9161 live_raw_points=18313 confirmed_live_voxels=5412 min_observations=2 memory_sec=1.00 fused_points=14573
[race_ego_cloud_bridge-8] [INFO] [1786461560.434856136] [race_ego_cloud_bridge]: [EGO_MAP_INPUT] topic=/race/ego/cloud frame=map points=14573 source=static_live_px4 refresh_period=0.00s
[race_ego_trajectory_bridge-12] [INFO] [1786461560.647349099] [race_ego_trajectory_bridge]: [EGO_OCCUPANCY_MAP] topic=/race/ego/cloud frame=map raw_points=15081 map_age=0.010
[super_planner_ros2_node-6] [INFO] [1786461560.727594420] [super_planner_ros2_node]: SUPER_ROS2 mode=IDLE enable_output=false reason=NO_GOAL odom=(0.04,0.42,0.73) goal=none tracking_setpoint_enu=(0.04,0.42,0.78) setpoint_ned=none yaw(desired/cmd/rate)=(0.00/0.00/0.00) cross_track=0.00 frame_id=px4_ned path_points=0 odom_source=/race/ego/odom cloud_source=/saved_map mavros_connected=true
[offboard_waypoint_node-1] [INFO] [1786461560.729721913] [offboard_waypoint_node]: [CONTROL_ARBITER] selected_source=safety_hold state=IDLE_HOLD
[offboard_waypoint_node-1] [INFO] [1786461560.929652782] [offboard_waypoint_node]: [HOLD_ERROR] position_error=0.000 velocity=0.039 state=IDLE_HOLD
[ego_planner_node-10] [INFO] [1786461561.255277313] [race_ego_planner]: [EGO_OCCUPANCY_UPDATE] input_topic=grid_map/cloud input_frame=map occupancy_frame=map cloud_points=14887 local_points=6400 occupied_voxels=33414 camera=(0.034,0.403,0.746) local_index_bounds=[(38,47,0),(122,131,14)]
[ego_planner_node-10] [FSM]: state: WAIT_TARGET
[ego_planner_node-10] wait for goal or trigger.
[race_ego_cloud_bridge-8] [INFO] [1786461561.721548235] [race_ego_cloud_bridge]: [EGO_STATIC_MAP_READY] topic=/saved_map frame=map points=9161 fused=true
[offboard_waypoint_node-1] [INFO] [1786461561.730028963] [offboard_waypoint_node]: [CONTROL_ARBITER] selected_source=safety_hold state=IDLE_HOLD
[super_planner_ros2_node-6] [INFO] [1786461561.777507721] [super_planner_ros2_node]: SUPER_ROS2 mode=IDLE enable_output=false reason=NO_GOAL odom=(0.01,0.38,0.76) goal=none tracking_setpoint_enu=(0.01,0.38,0.78) setpoint_ned=none yaw(desired/cmd/rate)=(0.00/0.00/0.00) cross_track=0.00 frame_id=px4_ned path_points=0 odom_source=/race/ego/odom cloud_source=/saved_map mavros_connected=true
[offboard_waypoint_node-1] [INFO] [1786461561.929746674] [offboard_waypoint_node]: [HOLD_ERROR] position_error=0.000 velocity=0.067 state=IDLE_HOLD
[fastlio_bridge_node-2] [INFO] [1786461562.039923653] [fastlio_bridge_node]: 已桥接并转换里程计: ENU(0.37, 0.01, 0.79) -> NED(-0.37, 0.01, -0.79)
[ego_planner_node-10] [FSM]: state: WAIT_TARGET
[ego_planner_node-10] wait for goal or trigger.
[race_ego_cloud_bridge-8] [INFO] [1786461562.436573330] [race_ego_cloud_bridge]: [EGO_MAP_FUSION] static_points=9161 live_raw_points=15385 confirmed_live_voxels=4734 min_observations=2 memory_sec=1.00 fused_points=13895
[race_ego_cloud_bridge-8] [INFO] [1786461562.436933294] [race_ego_cloud_bridge]: [EGO_MAP_INPUT] topic=/race/ego/cloud frame=map points=13895 source=static_live_px4 refresh_period=0.00s
[offboard_waypoint_node-1] [INFO] [1786461562.779763969] [offboard_waypoint_node]: [CONTROL_ARBITER] selected_source=safety_hold state=IDLE_HOLD
[super_planner_ros2_node-6] [INFO] [1786461562.827431857] [super_planner_ros2_node]: SUPER_ROS2 mode=IDLE enable_output=false reason=NO_GOAL odom=(-0.00,0.31,0.77) goal=none tracking_setpoint_enu=(-0.00,0.31,0.78) setpoint_ned=none yaw(desired/cmd/rate)=(0.00/0.00/0.00) cross_track=0.00 frame_id=px4_ned path_points=0 odom_source=/race/ego/odom cloud_source=/saved_map mavros_connected=true
[race_ego_trajectory_bridge-12] [INFO] [1786461562.843762038] [race_ego_trajectory_bridge]: [EGO_OCCUPANCY_MAP] topic=/race/ego/cloud frame=map raw_points=14283 map_age=0.011
[offboard_waypoint_node-1] [INFO] [1786461562.979705968] [offboard_waypoint_node]: [HOLD_ERROR] position_error=0.000 velocity=0.030 state=IDLE_HOLD
[ego_planner_node-10] [INFO] [1786461563.439365248] [race_ego_planner]: [EGO_OCCUPANCY_UPDATE] input_topic=grid_map/cloud input_frame=map occupancy_frame=map cloud_points=14131 local_points=6370 occupied_voxels=33058 camera=(-0.015,0.318,0.759) local_index_bounds=[(38,46,0),(121,130,14)]
[ego_planner_node-10] [FSM]: state: WAIT_TARGET
[ego_planner_node-10] wait for goal or trigger.
[race_ego_cloud_bridge-8] [INFO] [1786461563.720000744] [race_ego_cloud_bridge]: [EGO_STATIC_MAP_READY] topic=/saved_map frame=map points=9161 fused=true
[super_planner_ros2_node-6] [INFO] [1786461563.827530419] [super_planner_ros2_node]: SUPER_ROS2 mode=IDLE enable_output=false reason=NO_GOAL odom=(0.00,0.33,0.75) goal=none tracking_setpoint_enu=(0.00,0.33,0.78) setpoint_ned=none yaw(desired/cmd/rate)=(0.00/0.00/0.00) cross_track=0.00 frame_id=px4_ned path_points=0 odom_source=/race/ego/odom cloud_source=/saved_map mavros_connected=true
[offboard_waypoint_node-1] [INFO] [1786461563.829713330] [offboard_waypoint_node]: [CONTROL_ARBITER] selected_source=safety_hold state=IDLE_HOLD
[offboard_waypoint_node-1] [INFO] [1786461563.982196009] [offboard_waypoint_node]: [HOLD_ERROR] position_error=0.000 velocity=0.062 state=IDLE_HOLD
[fastlio_bridge_node-2] [INFO] [1786461564.021253913] [fastlio_bridge_node]: 已桥接并转换里程计: ENU(0.34, -0.00, 0.78) -> NED(-0.34, -0.00, -0.78)
[race_ego_cloud_bridge-8] [INFO] [1786461564.459228325] [race_ego_cloud_bridge]: [EGO_MAP_FUSION] static_points=9161 live_raw_points=15295 confirmed_live_voxels=4829 min_observations=2 memory_sec=1.00 fused_points=13990
[race_ego_cloud_bridge-8] [INFO] [1786461564.459729812] [race_ego_cloud_bridge]: [EGO_MAP_INPUT] topic=/race/ego/cloud frame=map points=13990 source=static_live_px4 refresh_period=0.00s
[ego_planner_node-10] [FSM]: state: WAIT_TARGET
[ego_planner_node-10] wait for goal or trigger.
[offboard_waypoint_node-1] [INFO] [1786461564.829776309] [offboard_waypoint_node]: [CONTROL_ARBITER] selected_source=safety_hold state=IDLE_HOLD
[race_ego_trajectory_bridge-12] [INFO] [1786461564.845708173] [race_ego_trajectory_bridge]: [EGO_OCCUPANCY_MAP] topic=/race/ego/cloud frame=map raw_points=13873 map_age=0.010
[super_planner_ros2_node-6] [INFO] [1786461564.877535116] [super_planner_ros2_node]: SUPER_ROS2 mode=IDLE enable_output=false reason=NO_GOAL odom=(0.03,0.37,0.76) goal=none tracking_setpoint_enu=(0.03,0.37,0.78) setpoint_ned=none yaw(desired/cmd/rate)=(0.00/0.00/0.00) cross_track=0.00 frame_id=px4_ned path_points=0 odom_source=/race/ego/odom cloud_source=/saved_map mavros_connected=true
[offboard_waypoint_node-1] [INFO] [1786461565.029697278] [offboard_waypoint_node]: [HOLD_ERROR] position_error=0.000 velocity=0.082 state=IDLE_HOLD
[ego_planner_node-10] [INFO] [1786461565.440524752] [race_ego_planner]: [EGO_OCCUPANCY_UPDATE] input_topic=grid_map/cloud input_frame=map occupancy_frame=map cloud_points=14499 local_points=6345 occupied_voxels=32911 camera=(0.060,0.366,0.761) local_index_bounds=[(38,47,0),(122,131,14)]
[ego_planner_node-10] [FSM]: state: WAIT_TARGET
[ego_planner_node-10] wait for goal or trigger.
[race_ego_cloud_bridge-8] [INFO] [1786461565.723762388] [race_ego_cloud_bridge]: [EGO_STATIC_MAP_READY] topic=/saved_map frame=map points=9161 fused=true
[offboard_waypoint_node-1] [INFO] [1786461565.829834650] [offboard_waypoint_node]: [CONTROL_ARBITER] selected_source=safety_hold state=IDLE_HOLD
[super_planner_ros2_node-6] [INFO] [1786461565.877577346] [super_planner_ros2_node]: SUPER_ROS2 mode=IDLE enable_output=false reason=NO_GOAL odom=(0.07,0.35,0.75) goal=none tracking_setpoint_enu=(0.07,0.35,0.78) setpoint_ned=none yaw(desired/cmd/rate)=(0.00/0.00/0.00) cross_track=0.00 frame_id=px4_ned path_points=0 odom_source=/race/ego/odom cloud_source=/saved_map mavros_connected=true
[fastlio_bridge_node-2] [INFO] [1786461566.025518581] [fastlio_bridge_node]: 已桥接并转换里程计: ENU(0.35, -0.07, 0.76) -> NED(-0.35, -0.07, -0.76)
[offboard_waypoint_node-1] [INFO] [1786461566.029844199] [offboard_waypoint_node]: [HOLD_ERROR] position_error=0.000 velocity=0.031 state=IDLE_HOLD
[race_ego_cloud_bridge-8] [INFO] [1786461566.537381542] [race_ego_cloud_bridge]: [EGO_MAP_FUSION] static_points=9161 live_raw_points=18260 confirmed_live_voxels=5599 min_observations=2 memory_sec=1.00 fused_points=14760
[race_ego_cloud_bridge-8] [INFO] [1786461566.537926711] [race_ego_cloud_bridge]: [EGO_MAP_INPUT] topic=/race/ego/cloud frame=map points=14760 source=static_live_px4 refresh_period=0.00s
[ego_planner_node-10] [FSM]: state: WAIT_TARGET
[ego_planner_node-10] wait for goal or trigger.
[offboard_waypoint_node-1] [INFO] [1786461566.829881781] [offboard_waypoint_node]: [CONTROL_ARBITER] selected_source=safety_hold state=IDLE_HOLD
[super_planner_ros2_node-6] [INFO] [1786461566.877619191] [super_planner_ros2_node]: SUPER_ROS2 mode=IDLE enable_output=false reason=NO_GOAL odom=(0.06,0.36,0.75) goal=none tracking_setpoint_enu=(0.06,0.36,0.78) setpoint_ned=none yaw(desired/cmd/rate)=(0.00/0.00/0.00) cross_track=0.00 frame_id=px4_ned path_points=0 odom_source=/race/ego/odom cloud_source=/saved_map mavros_connected=true
[race_ego_trajectory_bridge-12] [INFO] [1786461566.949922852] [race_ego_trajectory_bridge]: [EGO_OCCUPANCY_MAP] topic=/race/ego/cloud frame=map raw_points=14548 map_age=0.009
[offboard_waypoint_node-1] [INFO] [1786461567.079816504] [offboard_waypoint_node]: [HOLD_ERROR] position_error=0.000 velocity=0.020 state=IDLE_HOLD
[ego_planner_node-10] [INFO] [1786461567.549628069] [race_ego_planner]: [EGO_OCCUPANCY_UPDATE] input_topic=grid_map/cloud input_frame=map occupancy_frame=map cloud_points=14440 local_points=6422 occupied_voxels=33330 camera=(0.065,0.352,0.766) local_index_bounds=[(38,47,0),(122,131,14)]
[race_ego_cloud_bridge-8] [INFO] [1786461567.720098571] [race_ego_cloud_bridge]: [EGO_STATIC_MAP_READY] topic=/saved_map frame=map points=9161 fused=true
[ego_planner_node-10] [FSM]: state: WAIT_TARGET
[ego_planner_node-10] wait for goal or trigger.
[offboard_waypoint_node-1] [INFO] [1786461567.830463612] [offboard_waypoint_node]: [CONTROL_ARBITER] selected_source=safety_hold state=IDLE_HOLD
[super_planner_ros2_node-6] [INFO] [1786461567.877754875] [super_planner_ros2_node]: SUPER_ROS2 mode=IDLE enable_output=false reason=NO_GOAL odom=(0.07,0.33,0.76) goal=none tracking_setpoint_enu=(0.07,0.33,0.78) setpoint_ned=none yaw(desired/cmd/rate)=(0.00/0.00/0.00) cross_track=0.00 frame_id=px4_ned path_points=0 odom_source=/race/ego/odom cloud_source=/saved_map mavros_connected=true
[fastlio_bridge_node-2] [INFO] [1786461568.030700105] [fastlio_bridge_node]: 已桥接并转换里程计: ENU(0.32, -0.05, 0.78) -> NED(-0.32, -0.05, -0.78)
[offboard_waypoint_node-1] [INFO] [1786461568.079928448] [offboard_waypoint_node]: [HOLD_ERROR] position_error=0.000 velocity=0.048 state=IDLE_HOLD
[race_ego_cloud_bridge-8] [INFO] [1786461568.639214436] [race_ego_cloud_bridge]: [EGO_MAP_FUSION] static_points=9161 live_raw_points=18321 confirmed_live_voxels=4940 min_observations=2 memory_sec=1.00 fused_points=14101
[race_ego_cloud_bridge-8] [INFO] [1786461568.639477371] [race_ego_cloud_bridge]: [EGO_MAP_INPUT] topic=/race/ego/cloud frame=map points=14101 source=static_live_px4 refresh_period=0.00s
[ego_planner_node-10] [FSM]: state: WAIT_TARGET
[ego_planner_node-10] wait for goal or trigger.
[offboard_waypoint_node-1] [INFO] [1786461568.830645403] [offboard_waypoint_node]: [CONTROL_ARBITER] selected_source=safety_hold state=IDLE_HOLD
[super_planner_ros2_node-6] [INFO] [1786461568.877892445] [super_planner_ros2_node]: SUPER_ROS2 mode=IDLE enable_output=false reason=NO_GOAL odom=(0.02,0.38,0.77) goal=none tracking_setpoint_enu=(0.02,0.38,0.78) setpoint_ned=none yaw(desired/cmd/rate)=(0.00/0.00/0.00) cross_track=0.00 frame_id=px4_ned path_points=0 odom_source=/race/ego/odom cloud_source=/saved_map mavros_connected=true
[race_ego_trajectory_bridge-12] [INFO] [1786461569.052573099] [race_ego_trajectory_bridge]: [EGO_OCCUPANCY_MAP] topic=/race/ego/cloud frame=map raw_points=13661 map_age=0.011
[offboard_waypoint_node-1] [INFO] [1786461569.079991973] [offboard_waypoint_node]: [HOLD_ERROR] position_error=0.000 velocity=0.141 state=IDLE_HOLD
[ego_planner_node-10] [INFO] [1786461569.685217727] [race_ego_planner]: [EGO_OCCUPANCY_UPDATE] input_topic=grid_map/cloud input_frame=map occupancy_frame=map cloud_points=12975 local_points=6025 occupied_voxels=31878 camera=(-0.008,0.433,0.764) local_index_bounds=[(38,47,0),(121,131,14)]
[race_ego_cloud_bridge-8] [INFO] [1786461569.720449777] [race_ego_cloud_bridge]: [EGO_STATIC_MAP_READY] topic=/saved_map frame=map points=9161 fused=true
[super_planner_ros2_node-6] [INFO] [1786461569.877900179] [super_planner_ros2_node]: SUPER_ROS2 mode=IDLE enable_output=false reason=NO_GOAL odom=(-0.03,0.43,0.76) goal=none tracking_setpoint_enu=(-0.03,0.43,0.78) setpoint_ned=none yaw(desired/cmd/rate)=(0.00/0.00/0.00) cross_track=0.00 frame_id=px4_ned path_points=0 odom_source=/race/ego/odom cloud_source=/saved_map mavros_connected=true
[ego_planner_node-10] [FSM]: state: WAIT_TARGET
[ego_planner_node-10] wait for goal or trigger.
[offboard_waypoint_node-1] [INFO] [1786461569.880078190] [offboard_waypoint_node]: [CONTROL_ARBITER] selected_source=safety_hold state=IDLE_HOLD
[fastlio_bridge_node-2] [INFO] [1786461570.032994166] [fastlio_bridge_node]: 已桥接并转换里程计: ENU(0.43, 0.06, 0.78) -> NED(-0.43, 0.06, -0.78)
[offboard_waypoint_node-1] [INFO] [1786461570.080908622] [offboard_waypoint_node]: [HOLD_ERROR] position_error=0.000 velocity=0.029 state=IDLE_HOLD
[race_ego_cloud_bridge-8] [INFO] [1786461570.651807112] [race_ego_cloud_bridge]: [EGO_MAP_FUSION] static_points=9161 live_raw_points=15190 confirmed_live_voxels=4170 min_observations=2 memory_sec=1.00 fused_points=13331
[race_ego_cloud_bridge-8] [INFO] [1786461570.652323331] [race_ego_cloud_bridge]: [EGO_MAP_INPUT] topic=/race/ego/cloud frame=map points=13331 source=static_live_px4 refresh_period=0.00s
[offboard_waypoint_node-1] [INFO] [1786461570.818504072] [offboard_waypoint_node]: [EV_HEALTH] state=SUSPECT continuous_healthy=0.00s
[super_planner_ros2_node-6] [INFO] [1786461570.878321265] [super_planner_ros2_node]: SUPER_ROS2 mode=IDLE enable_output=false reason=NO_GOAL odom=(-0.02,0.45,0.77) goal=none tracking_setpoint_enu=(-0.02,0.45,0.78) setpoint_ned=none yaw(desired/cmd/rate)=(0.00/0.00/0.00) cross_track=0.00 frame_id=px4_ned path_points=0 odom_source=/race/ego/odom cloud_source=/saved_map mavros_connected=true
[offboard_waypoint_node-1] [INFO] [1786461570.880361301] [offboard_waypoint_node]: [CONTROL_ARBITER] selected_source=safety_hold state=IDLE_HOLD
[ego_planner_node-10] [FSM]: state: WAIT_TARGET
[ego_planner_node-10] wait for goal or trigger.
[offboard_waypoint_node-1] [INFO] [1786461571.130162522] [offboard_waypoint_node]: [HOLD_ERROR] position_error=0.000 velocity=0.076 state=IDLE_HOLD
[race_ego_trajectory_bridge-12] [INFO] [1786461571.246666820] [race_ego_trajectory_bridge]: [EGO_OCCUPANCY_MAP] topic=/race/ego/cloud frame=map raw_points=13385 map_age=0.007
[race_ego_cloud_bridge-8] [INFO] [1786461571.720559791] [race_ego_cloud_bridge]: [EGO_STATIC_MAP_READY] topic=/saved_map frame=map points=9161 fused=true
[offboard_waypoint_node-1] [INFO] [1786461571.886067636] [offboard_waypoint_node]: [CONTROL_ARBITER] selected_source=safety_hold state=IDLE_HOLD
[ego_planner_node-10] [INFO] [1786461571.900119950] [race_ego_planner]: [EGO_OCCUPANCY_UPDATE] input_topic=grid_map/cloud input_frame=map occupancy_frame=map cloud_points=13456 local_points=6210 occupied_voxels=32046 camera=(0.061,0.471,0.816) local_index_bounds=[(38,47,0),(122,131,14)]
[super_planner_ros2_node-6] [INFO] [1786461571.928539807] [super_planner_ros2_node]: SUPER_ROS2 mode=IDLE enable_output=false reason=NO_GOAL odom=(0.06,0.47,0.82) goal=none tracking_setpoint_enu=(0.06,0.47,0.78) setpoint_ned=none yaw(desired/cmd/rate)=(0.00/0.00/0.00) cross_track=0.00 frame_id=px4_ned path_points=0 odom_source=/race/ego/odom cloud_source=/saved_map mavros_connected=true
[ego_planner_node-10] [FSM]: state: WAIT_TARGET
[ego_planner_node-10] wait for goal or trigger.
[fastlio_bridge_node-2] [INFO] [1786461572.017364988] [fastlio_bridge_node]: 已桥接并转换里程计: ENU(0.44, -0.02, 0.74) -> NED(-0.44, -0.02, -0.74)
[offboard_waypoint_node-1] [INFO] [1786461572.131696492] [offboard_waypoint_node]: [HOLD_ERROR] position_error=0.000 velocity=0.033 state=IDLE_HOLD
[race_ego_cloud_bridge-8] [INFO] [1786461572.838561602] [race_ego_cloud_bridge]: [EGO_MAP_FUSION] static_points=9161 live_raw_points=18257 confirmed_live_voxels=4773 min_observations=2 memory_sec=1.00 fused_points=13934
[race_ego_cloud_bridge-8] [INFO] [1786461572.838909154] [race_ego_cloud_bridge]: [EGO_MAP_INPUT] topic=/race/ego/cloud frame=map points=13934 source=static_live_px4 refresh_period=0.00s
[offboard_waypoint_node-1] [INFO] [1786461572.930471644] [offboard_waypoint_node]: [CONTROL_ARBITER] selected_source=safety_hold state=IDLE_HOLD
[super_planner_ros2_node-6] [INFO] [1786461572.978222971] [super_planner_ros2_node]: SUPER_ROS2 mode=IDLE enable_output=false reason=NO_GOAL odom=(0.01,0.42,0.80) goal=none tracking_setpoint_enu=(0.01,0.42,0.78) setpoint_ned=none yaw(desired/cmd/rate)=(0.00/0.00/0.00) cross_track=0.00 frame_id=px4_ned path_points=0 odom_source=/race/ego/odom cloud_source=/saved_map mavros_connected=true
[ego_planner_node-10] [FSM]: state: WAIT_TARGET
[ego_planner_node-10] wait for goal or trigger.
[offboard_waypoint_node-1] [INFO] [1786461573.117759881] [offboard_waypoint_node]: [EV_HEALTH] state=HEALTHY continuous_healthy=0.00s
[offboard_waypoint_node-1] [INFO] [1786461573.180470535] [offboard_waypoint_node]: [HOLD_ERROR] position_error=0.000 velocity=0.015 state=IDLE_HOLD
[race_ego_trajectory_bridge-12] [INFO] [1786461573.438318024] [race_ego_trajectory_bridge]: [EGO_OCCUPANCY_MAP] topic=/race/ego/cloud frame=map raw_points=13953 map_age=0.007
[race_ego_cloud_bridge-8] [INFO] [1786461573.720495688] [race_ego_cloud_bridge]: [EGO_STATIC_MAP_READY] topic=/saved_map frame=map points=9161 fused=true
[offboard_waypoint_node-1] [INFO] [1786461573.930708246] [offboard_waypoint_node]: [CONTROL_ARBITER] selected_source=safety_hold state=IDLE_HOLD
[super_planner_ros2_node-6] [INFO] [1786461573.978373408] [super_planner_ros2_node]: SUPER_ROS2 mode=IDLE enable_output=false reason=NO_GOAL odom=(-0.08,0.32,0.62) goal=none tracking_setpoint_enu=(-0.08,0.32,0.78) setpoint_ned=none yaw(desired/cmd/rate)=(0.00/0.00/0.00) cross_track=0.00 frame_id=px4_ned path_points=0 odom_source=/race/ego/odom cloud_source=/saved_map mavros_connected=true
[ego_planner_node-10] [FSM]: state: WAIT_TARGET
[ego_planner_node-10] wait for goal or trigger.
[fastlio_bridge_node-2] [INFO] [1786461574.094298496] [fastlio_bridge_node]: 已桥接并转换里程计: ENU(0.31, 0.10, 0.64) -> NED(-0.31, 0.10, -0.64)
[ego_planner_node-10] [INFO] [1786461574.115882443] [race_ego_planner]: [EGO_OCCUPANCY_UPDATE] input_topic=grid_map/cloud input_frame=map occupancy_frame=map cloud_points=12807 local_points=5813 occupied_voxels=31520 camera=(-0.090,0.303,0.631) local_index_bounds=[(37,46,0),(121,130,13)]
[offboard_waypoint_node-1] [INFO] [1786461574.180603611] [offboard_waypoint_node]: [HOLD_ERROR] position_error=0.000 velocity=0.088 state=IDLE_HOLD
[race_ego_cloud_bridge-8] [INFO] [1786461574.842116186] [race_ego_cloud_bridge]: [EGO_MAP_FUSION] static_points=9161 live_raw_points=15316 confirmed_live_voxels=3540 min_observations=2 memory_sec=1.00 fused_points=12701
[race_ego_cloud_bridge-8] [INFO] [1786461574.842626479] [race_ego_cloud_bridge]: [EGO_MAP_INPUT] topic=/race/ego/cloud frame=map points=12701 source=static_live_px4 refresh_period=0.00s
[offboard_waypoint_node-1] [INFO] [1786461574.930745929] [offboard_waypoint_node]: [CONTROL_ARBITER] selected_source=safety_hold state=IDLE_HOLD
[super_planner_ros2_node-6] [INFO] [1786461574.978534149] [super_planner_ros2_node]: SUPER_ROS2 mode=IDLE enable_output=false reason=NO_GOAL odom=(-0.09,0.28,0.71) goal=none tracking_setpoint_enu=(-0.09,0.28,0.78) setpoint_ned=none yaw(desired/cmd/rate)=(0.00/0.00/0.00) cross_track=0.00 frame_id=px4_ned path_points=0 odom_source=/race/ego/odom cloud_source=/saved_map mavros_connected=true
[ego_planner_node-10] [FSM]: state: WAIT_TARGET
[ego_planner_node-10] wait for goal or trigger.
[offboard_waypoint_node-1] [INFO] [1786461575.180771360] [offboard_waypoint_node]: [HOLD_ERROR] position_error=0.000 velocity=0.090 state=IDLE_HOLD
[race_ego_trajectory_bridge-12] [INFO] [1786461575.461075037] [race_ego_trajectory_bridge]: [EGO_OCCUPANCY_MAP] topic=/race/ego/cloud frame=map raw_points=13582 map_age=0.018
[race_ego_cloud_bridge-8] [INFO] [1786461575.721186795] [race_ego_cloud_bridge]: [EGO_STATIC_MAP_READY] topic=/saved_map frame=map points=9161 fused=true
[offboard_waypoint_node-1] [INFO] [1786461575.931016694] [offboard_waypoint_node]: [CONTROL_ARBITER] selected_source=safety_hold state=IDLE_HOLD
[super_planner_ros2_node-6] [INFO] [1786461575.978735885] [super_planner_ros2_node]: SUPER_ROS2 mode=IDLE enable_output=false reason=NO_GOAL odom=(-0.04,0.26,0.75) goal=none tracking_setpoint_enu=(-0.04,0.26,0.78) setpoint_ned=none yaw(desired/cmd/rate)=(0.00/0.00/0.00) cross_track=0.00 frame_id=px4_ned path_points=0 odom_source=/race/ego/odom cloud_source=/saved_map mavros_connected=true
[fastlio_bridge_node-2] [INFO] [1786461576.015920115] [fastlio_bridge_node]: 已桥接并转换里程计: ENU(0.24, 0.04, 0.77) -> NED(-0.24, 0.04, -0.77)
[offboard_waypoint_node-1] [INFO] [1786461576.180933558] [offboard_waypoint_node]: [HOLD_ERROR] position_error=0.000 velocity=0.069 state=IDLE_HOLD
[ego_planner_node-10] [FSM]: state: WAIT_TARGET
[ego_planner_node-10] wait for goal or trigger.
[ego_planner_node-10] [INFO] [1786461576.237808627] [race_ego_planner]: [EGO_OCCUPANCY_UPDATE] input_topic=grid_map/cloud input_frame=map occupancy_frame=map cloud_points=14292 local_points=6428 occupied_voxels=33078 camera=(-0.027,0.250,0.752) local_index_bounds=[(37,46,0),(121,130,14)]
[race_ego_cloud_bridge-8] [INFO] [1786461576.847728749] [race_ego_cloud_bridge]: [EGO_MAP_FUSION] static_points=9161 live_raw_points=15308 confirmed_live_voxels=4773 min_observations=2 memory_sec=1.00 fused_points=13934
[race_ego_cloud_bridge-8] [INFO] [1786461576.848089945] [race_ego_cloud_bridge]: [EGO_MAP_INPUT] topic=/race/ego/cloud frame=map points=13934 source=static_live_px4 refresh_period=0.00s
[offboard_waypoint_node-1] [INFO] [1786461576.931103009] [offboard_waypoint_node]: [CONTROL_ARBITER] selected_source=safety_hold state=IDLE_HOLD
[super_planner_ros2_node-6] [INFO] [1786461576.978865024] [super_planner_ros2_node]: SUPER_ROS2 mode=IDLE enable_output=false reason=NO_GOAL odom=(0.01,0.27,0.75) goal=none tracking_setpoint_enu=(0.01,0.27,0.78) setpoint_ned=none yaw(desired/cmd/rate)=(0.00/0.00/0.00) cross_track=0.00 frame_id=px4_ned path_points=0 odom_source=/race/ego/odom cloud_source=/saved_map mavros_connected=true
[offboard_waypoint_node-1] [INFO] [1786461577.181145378] [offboard_waypoint_node]: [HOLD_ERROR] position_error=0.000 velocity=0.085 state=IDLE_HOLD
[ego_planner_node-10] [FSM]: state: WAIT_TARGET
[ego_planner_node-10] wait for goal or trigger.
[race_ego_trajectory_bridge-12] [INFO] [1786461577.649139617] [race_ego_trajectory_bridge]: [EGO_OCCUPANCY_MAP] topic=/race/ego/cloud frame=map raw_points=13882 map_age=0.020
[race_ego_cloud_bridge-8] [INFO] [1786461577.721228123] [race_ego_cloud_bridge]: [EGO_STATIC_MAP_READY] topic=/saved_map frame=map points=9161 fused=true
[offboard_waypoint_node-1] [INFO] [1786461577.931307295] [offboard_waypoint_node]: [CONTROL_ARBITER] selected_source=safety_hold state=IDLE_HOLD
[super_planner_ros2_node-6] [INFO] [1786461577.979087439] [super_planner_ros2_node]: SUPER_ROS2 mode=IDLE enable_output=false reason=NO_GOAL odom=(0.07,0.26,0.77) goal=none tracking_setpoint_enu=(0.07,0.26,0.78) setpoint_ned=none yaw(desired/cmd/rate)=(0.00/0.00/0.00) cross_track=0.00 frame_id=px4_ned path_points=0 odom_source=/race/ego/odom cloud_source=/saved_map mavros_connected=true
[fastlio_bridge_node-2] [INFO] [1786461578.016056280] [fastlio_bridge_node]: 已桥接并转换里程计: ENU(0.26, -0.06, 0.80) -> NED(-0.26, -0.06, -0.80)
[offboard_waypoint_node-1] [INFO] [1786461578.181243099] [offboard_waypoint_node]: [HOLD_ERROR] position_error=0.000 velocity=0.039 state=IDLE_HOLD
[ego_planner_node-10] [INFO] [1786461578.239382409] [race_ego_planner]: [EGO_OCCUPANCY_UPDATE] input_topic=grid_map/cloud input_frame=map occupancy_frame=map cloud_points=14072 local_points=6447 occupied_voxels=33468 camera=(0.078,0.247,0.770) local_index_bounds=[(38,46,0),(122,130,14)]
[ego_planner_node-10] [FSM]: state: WAIT_TARGET
[ego_planner_node-10] wait for goal or trigger.
[mapping_manager_node-5] [INFO] [1786461578.549679020] [mapping_manager_node]: Mapping status: in_flight=false, map_loaded=false, map_saved=false
[offboard_waypoint_node-1] [INFO] [1786461578.931508594] [offboard_waypoint_node]: [CONTROL_ARBITER] selected_source=safety_hold state=IDLE_HOLD
[super_planner_ros2_node-6] [INFO] [1786461578.979185840] [super_planner_ros2_node]: SUPER_ROS2 mode=IDLE enable_output=false reason=NO_GOAL odom=(0.06,0.29,0.76) goal=none tracking_setpoint_enu=(0.06,0.29,0.78) setpoint_ned=none yaw(desired/cmd/rate)=(0.00/0.00/0.00) cross_track=0.00 frame_id=px4_ned path_points=0 odom_source=/race/ego/odom cloud_source=/saved_map mavros_connected=true
[race_ego_cloud_bridge-8] [INFO] [1786461579.030687428] [race_ego_cloud_bridge]: [EGO_MAP_FUSION] static_points=9161 live_raw_points=15301 confirmed_live_voxels=4115 min_observations=2 memory_sec=1.00 fused_points=13276
[race_ego_cloud_bridge-8] [INFO] [1786461579.031033809] [race_ego_cloud_bridge]: [EGO_MAP_INPUT] topic=/race/ego/cloud frame=map points=13276 source=static_live_px4 refresh_period=0.00s
[offboard_waypoint_node-1] [INFO] [1786461579.181438308] [offboard_waypoint_node]: [HOLD_ERROR] position_error=0.000 velocity=0.194 state=IDLE_HOLD
[ego_planner_node-10] [FSM]: state: WAIT_TARGET
[ego_planner_node-10] wait for goal or trigger.
[race_ego_cloud_bridge-8] [INFO] [1786461579.721570121] [race_ego_cloud_bridge]: [EGO_STATIC_MAP_READY] topic=/saved_map frame=map points=9161 fused=true
[race_ego_trajectory_bridge-12] [INFO] [1786461579.838185189] [race_ego_trajectory_bridge]: [EGO_OCCUPANCY_MAP] topic=/race/ego/cloud frame=map raw_points=13802 map_age=0.010
[offboard_waypoint_node-1] [INFO] [1786461579.931814093] [offboard_waypoint_node]: [CONTROL_ARBITER] selected_source=safety_hold state=IDLE_HOLD
[super_planner_ros2_node-6] [INFO] [1786461579.979434047] [super_planner_ros2_node]: SUPER_ROS2 mode=IDLE enable_output=false reason=NO_GOAL odom=(0.05,0.42,0.75) goal=none tracking_setpoint_enu=(0.05,0.42,0.78) setpoint_ned=none yaw(desired/cmd/rate)=(0.00/0.00/0.00) cross_track=0.00 frame_id=px4_ned path_points=0 odom_source=/race/ego/odom cloud_source=/saved_map mavros_connected=true
[fastlio_bridge_node-2] [INFO] [1786461580.015975133] [fastlio_bridge_node]: 已桥接并转换里程计: ENU(0.43, -0.03, 0.76) -> NED(-0.43, -0.03, -0.76)
[offboard_waypoint_node-1] [INFO] [1786461580.181675974] [offboard_waypoint_node]: [HOLD_ERROR] position_error=0.000 velocity=0.087 state=IDLE_HOLD
[ego_planner_node-10] [INFO] [1786461580.271485607] [race_ego_planner]: [EGO_OCCUPANCY_UPDATE] input_topic=grid_map/cloud input_frame=map occupancy_frame=map cloud_points=13315 local_points=6098 occupied_voxels=32527 camera=(0.024,0.433,0.750) local_index_bounds=[(38,47,0),(122,131,14)]
[ego_planner_node-10] [FSM]: state: WAIT_TARGET
[ego_planner_node-10] wait for goal or trigger.
[offboard_waypoint_node-1] [INFO] [1786461580.932079025] [offboard_waypoint_node]: [CONTROL_ARBITER] selected_source=safety_hold state=IDLE_HOLD
[super_planner_ros2_node-6] [INFO] [1786461580.979603009] [super_planner_ros2_node]: SUPER_ROS2 mode=IDLE enable_output=false reason=NO_GOAL odom=(-0.04,0.46,0.75) goal=none tracking_setpoint_enu=(-0.04,0.46,0.78) setpoint_ned=none yaw(desired/cmd/rate)=(0.00/0.00/0.00) cross_track=0.00 frame_id=px4_ned path_points=0 odom_source=/race/ego/odom cloud_source=/saved_map mavros_connected=true
[offboard_waypoint_node-1] [INFO] [1786461581.181834468] [offboard_waypoint_node]: [HOLD_ERROR] position_error=0.000 velocity=0.019 state=IDLE_HOLD
[race_ego_cloud_bridge-8] [INFO] [1786461581.229722033] [race_ego_cloud_bridge]: [EGO_MAP_FUSION] static_points=9161 live_raw_points=18287 confirmed_live_voxels=4988 min_observations=2 memory_sec=1.00 fused_points=14149
[race_ego_cloud_bridge-8] [INFO] [1786461581.230157923] [race_ego_cloud_bridge]: [EGO_MAP_INPUT] topic=/race/ego/cloud frame=map points=14149 source=static_live_px4 refresh_period=0.00s
[ego_planner_node-10] [FSM]: state: WAIT_TARGET
[ego_planner_node-10] wait for goal or trigger.
[race_ego_cloud_bridge-8] [INFO] [1786461581.722434394] [race_ego_cloud_bridge]: [EGO_STATIC_MAP_READY] topic=/saved_map frame=map points=9161 fused=true
[race_ego_trajectory_bridge-12] [INFO] [1786461581.838795503] [race_ego_trajectory_bridge]: [EGO_OCCUPANCY_MAP] topic=/race/ego/cloud frame=map raw_points=14340 map_age=0.011
[offboard_waypoint_node-1] [INFO] [1786461581.932807158] [offboard_waypoint_node]: [CONTROL_ARBITER] selected_source=safety_hold state=IDLE_HOLD
[super_planner_ros2_node-6] [INFO] [1786461581.979807824] [super_planner_ros2_node]: SUPER_ROS2 mode=IDLE enable_output=false reason=NO_GOAL odom=(-0.02,0.45,0.74) goal=none tracking_setpoint_enu=(-0.02,0.45,0.78) setpoint_ned=none yaw(desired/cmd/rate)=(0.00/0.00/0.00) cross_track=0.00 frame_id=px4_ned path_points=0 odom_source=/race/ego/odom cloud_source=/saved_map mavros_connected=true
[fastlio_bridge_node-2] [INFO] [1786461582.016224068] [fastlio_bridge_node]: 已桥接并转换里程计: ENU(0.44, 0.02, 0.74) -> NED(-0.44, 0.02, -0.74)
[offboard_waypoint_node-1] [INFO] [1786461582.182052985] [offboard_waypoint_node]: [HOLD_ERROR] position_error=0.000 velocity=0.088 state=IDLE_HOLD
[ego_planner_node-10] [INFO] [1786461582.444137709] [race_ego_planner]: [EGO_OCCUPANCY_UPDATE] input_topic=grid_map/cloud input_frame=map occupancy_frame=map cloud_points=14386 local_points=6272 occupied_voxels=32507 camera=(0.001,0.420,0.737) local_index_bounds=[(38,47,0),(121,131,14)]
[ego_planner_node-10] [FSM]: state: WAIT_TARGET
[ego_planner_node-10] wait for goal or trigger.
[super_planner_ros2_node-6] [INFO] [1786461582.980041992] [super_planner_ros2_node]: SUPER_ROS2 mode=IDLE enable_output=false reason=NO_GOAL odom=(0.02,0.38,0.75) goal=none tracking_setpoint_enu=(0.02,0.38,0.78) setpoint_ned=none yaw(desired/cmd/rate)=(0.00/0.00/0.00) cross_track=0.00 frame_id=px4_ned path_points=0 odom_source=/race/ego/odom cloud_source=/saved_map mavros_connected=true
[offboard_waypoint_node-1] [INFO] [1786461582.982325746] [offboard_waypoint_node]: [CONTROL_ARBITER] selected_source=safety_hold state=IDLE_HOLD
[offboard_waypoint_node-1] [INFO] [1786461583.182308650] [offboard_waypoint_node]: [HOLD_ERROR] position_error=0.000 velocity=0.130 state=IDLE_HOLD
[race_ego_cloud_bridge-8] [INFO] [1786461583.231673699] [race_ego_cloud_bridge]: [EGO_MAP_FUSION] static_points=9161 live_raw_points=15278 confirmed_live_voxels=4761 min_observations=2 memory_sec=1.00 fused_points=13922
[race_ego_cloud_bridge-8] [INFO] [1786461583.232103148] [race_ego_cloud_bridge]: [EGO_MAP_INPUT] topic=/race/ego/cloud frame=map points=13922 source=static_live_px4 refresh_period=0.00s
[ego_planner_node-10] [FSM]: state: WAIT_TARGET
[ego_planner_node-10] wait for goal or trigger.
[race_ego_cloud_bridge-8] [INFO] [1786461583.722598406] [race_ego_cloud_bridge]: [EGO_STATIC_MAP_READY] topic=/saved_map frame=map points=9161 fused=true
[race_ego_trajectory_bridge-12] [INFO] [1786461583.850718150] [race_ego_trajectory_bridge]: [EGO_OCCUPANCY_MAP] topic=/race/ego/cloud frame=map raw_points=13414 map_age=0.009
[super_planner_ros2_node-6] [INFO] [1786461583.980303911] [super_planner_ros2_node]: SUPER_ROS2 mode=IDLE enable_output=false reason=NO_GOAL odom=(0.08,0.23,0.77) goal=none tracking_setpoint_enu=(0.08,0.23,0.78) setpoint_ned=none yaw(desired/cmd/rate)=(0.00/0.00/0.00) cross_track=0.00 frame_id=px4_ned path_points=0 odom_source=/race/ego/odom cloud_source=/saved_map mavros_connected=true
[offboard_waypoint_node-1] [INFO] [1786461583.983061504] [offboard_waypoint_node]: [CONTROL_ARBITER] selected_source=safety_hold state=IDLE_HOLD
[fastlio_bridge_node-2] [INFO] [1786461584.026736747] [fastlio_bridge_node]: 已桥接并转换里程计: ENU(0.21, -0.06, 0.81) -> NED(-0.21, -0.06, -0.81)
[offboard_waypoint_node-1] [INFO] [1786461584.182517243] [offboard_waypoint_node]: [HOLD_ERROR] position_error=0.000 velocity=0.121 state=IDLE_HOLD
[ego_planner_node-10] [INFO] [1786461584.648395529] [race_ego_planner]: [EGO_OCCUPANCY_UPDATE] input_topic=grid_map/cloud input_frame=map occupancy_frame=map cloud_points=12958 local_points=6411 occupied_voxels=33601 camera=(0.027,0.175,0.778) local_index_bounds=[(38,45,0),(122,129,14)]
[ego_planner_node-10] [FSM]: state: WAIT_TARGET
[ego_planner_node-10] wait for goal or trigger.
[super_planner_ros2_node-6] [INFO] [1786461584.980744057] [super_planner_ros2_node]: SUPER_ROS2 mode=IDLE enable_output=false reason=NO_GOAL odom=(0.01,0.20,0.78) goal=none tracking_setpoint_enu=(0.01,0.20,0.78) setpoint_ned=none yaw(desired/cmd/rate)=(0.00/0.00/0.00) cross_track=0.00 frame_id=px4_ned path_points=0 odom_source=/race/ego/odom cloud_source=/saved_map mavros_connected=true
[offboard_waypoint_node-1] [INFO] [1786461585.032754155] [offboard_waypoint_node]: [CONTROL_ARBITER] selected_source=safety_hold state=IDLE_HOLD
[offboard_waypoint_node-1] [INFO] [1786461585.182714044] [offboard_waypoint_node]: [HOLD_ERROR] position_error=0.000 velocity=0.132 state=IDLE_HOLD
[race_ego_cloud_bridge-8] [INFO] [1786461585.426378385] [race_ego_cloud_bridge]: [EGO_MAP_FUSION] static_points=9161 live_raw_points=18461 confirmed_live_voxels=4654 min_observations=2 memory_sec=1.00 fused_points=13815
[race_ego_cloud_bridge-8] [INFO] [1786461585.426593838] [race_ego_cloud_bridge]: [EGO_MAP_INPUT] topic=/race/ego/cloud frame=map points=13815 source=static_live_px4 refresh_period=0.00s
[ego_planner_node-10] [FSM]: state: WAIT_TARGET
[ego_planner_node-10] wait for goal or trigger.
[race_ego_cloud_bridge-8] [INFO] [1786461585.723932458] [race_ego_cloud_bridge]: [EGO_STATIC_MAP_READY] topic=/saved_map frame=map points=9161 fused=true
[super_planner_ros2_node-6] [INFO] [1786461585.981017616] [super_planner_ros2_node]: SUPER_ROS2 mode=IDLE enable_output=false reason=NO_GOAL odom=(-0.01,0.30,0.76) goal=none tracking_setpoint_enu=(-0.01,0.30,0.78) setpoint_ned=none yaw(desired/cmd/rate)=(0.00/0.00/0.00) cross_track=0.00 frame_id=px4_ned path_points=0 odom_source=/race/ego/odom cloud_source=/saved_map mavros_connected=true
[fastlio_bridge_node-2] [INFO] [1786461586.025727946] [fastlio_bridge_node]: 已桥接并转换里程计: ENU(0.29, 0.02, 0.71) -> NED(-0.29, 0.02, -0.71)
[offboard_waypoint_node-1] [INFO] [1786461586.033363456] [offboard_waypoint_node]: [CONTROL_ARBITER] selected_source=safety_hold state=IDLE_HOLD
[race_ego_trajectory_bridge-12] [INFO] [1786461586.067882650] [race_ego_trajectory_bridge]: [EGO_OCCUPANCY_MAP] topic=/race/ego/cloud frame=map raw_points=13717 map_age=0.010
[offboard_waypoint_node-1] [INFO] [1786461586.182982490] [offboard_waypoint_node]: [HOLD_ERROR] position_error=0.000 velocity=0.089 state=IDLE_HOLD
[ego_planner_node-10] [INFO] [1786461586.654730642] [race_ego_planner]: [EGO_OCCUPANCY_UPDATE] input_topic=grid_map/cloud input_frame=map occupancy_frame=map cloud_points=13993 local_points=6236 occupied_voxels=33137 camera=(0.031,0.309,0.721) local_index_bounds=[(38,46,0),(122,130,14)]
[ego_planner_node-10] [FSM]: state: WAIT_TARGET
[ego_planner_node-10] wait for goal or trigger.
[super_planner_ros2_node-6] [INFO] [1786461587.031042489] [super_planner_ros2_node]: SUPER_ROS2 mode=IDLE enable_output=false reason=NO_GOAL odom=(0.06,0.29,0.73) goal=none tracking_setpoint_enu=(0.06,0.29,0.78) setpoint_ned=none yaw(desired/cmd/rate)=(0.00/0.00/0.00) cross_track=0.00 frame_id=px4_ned path_points=0 odom_source=/race/ego/odom cloud_source=/saved_map mavros_connected=true
[offboard_waypoint_node-1] [INFO] [1786461587.083625237] [offboard_waypoint_node]: [CONTROL_ARBITER] selected_source=safety_hold state=IDLE_HOLD
[offboard_waypoint_node-1] [INFO] [1786461587.183203691] [offboard_waypoint_node]: [HOLD_ERROR] position_error=0.000 velocity=0.039 state=IDLE_HOLD
[race_ego_cloud_bridge-8] [INFO] [1786461587.428035454] [race_ego_cloud_bridge]: [EGO_MAP_FUSION] static_points=9161 live_raw_points=15342 confirmed_live_voxels=4518 min_observations=2 memory_sec=1.00 fused_points=13679
[race_ego_cloud_bridge-8] [INFO] [1786461587.428280242] [race_ego_cloud_bridge]: [EGO_MAP_INPUT] topic=/race/ego/cloud frame=map points=13679 source=static_live_px4 refresh_period=0.00s
[race_ego_cloud_bridge-8] [INFO] [1786461587.723750910] [race_ego_cloud_bridge]: [EGO_STATIC_MAP_READY] topic=/saved_map frame=map points=9161 fused=true
[ego_planner_node-10] [FSM]: state: WAIT_TARGET
[ego_planner_node-10] wait for goal or trigger.
[fastlio_bridge_node-2] [INFO] [1786461588.016046864] [fastlio_bridge_node]: 已桥接并转换里程计: ENU(0.35, -0.06, 0.79) -> NED(-0.35, -0.06, -0.79)
[super_planner_ros2_node-6] [INFO] [1786461588.031165754] [super_planner_ros2_node]: SUPER_ROS2 mode=IDLE enable_output=false reason=NO_GOAL odom=(0.07,0.34,0.78) goal=none tracking_setpoint_enu=(0.07,0.34,0.78) setpoint_ned=none yaw(desired/cmd/rate)=(0.00/0.00/0.00) cross_track=0.00 frame_id=px4_ned path_points=0 odom_source=/race/ego/odom cloud_source=/saved_map mavros_connected=true
[offboard_waypoint_node-1] [INFO] [1786461588.133477329] [offboard_waypoint_node]: [CONTROL_ARBITER] selected_source=safety_hold state=IDLE_HOLD
[offboard_waypoint_node-1] [INFO] [1786461588.183457342] [offboard_waypoint_node]: [HOLD_ERROR] position_error=0.000 velocity=0.147 state=IDLE_HOLD
[race_ego_trajectory_bridge-12] [INFO] [1786461588.256133488] [race_ego_trajectory_bridge]: [EGO_OCCUPANCY_MAP] topic=/race/ego/cloud frame=map raw_points=13490 map_age=0.010
[ego_planner_node-10] [INFO] [1786461588.836419999] [race_ego_planner]: [EGO_OCCUPANCY_UPDATE] input_topic=grid_map/cloud input_frame=map occupancy_frame=map cloud_points=13407 local_points=6203 occupied_voxels=32326 camera=(0.090,0.412,0.780) local_index_bounds=[(38,47,0),(122,131,14)]
[ego_planner_node-10] [FSM]: state: WAIT_TARGET
[ego_planner_node-10] wait for goal or trigger.
[super_planner_ros2_node-6] [INFO] [1786461589.031459384] [super_planner_ros2_node]: SUPER_ROS2 mode=IDLE enable_output=false reason=NO_GOAL odom=(0.08,0.43,0.78) goal=none tracking_setpoint_enu=(0.08,0.43,0.78) setpoint_ned=none yaw(desired/cmd/rate)=(0.00/0.00/0.00) cross_track=0.00 frame_id=px4_ned path_points=0 odom_source=/race/ego/odom cloud_source=/saved_map mavros_connected=true
[offboard_waypoint_node-1] [INFO] [1786461589.133673121] [offboard_waypoint_node]: [CONTROL_ARBITER] selected_source=safety_hold state=IDLE_HOLD
[offboard_waypoint_node-1] [INFO] [1786461589.184225809] [offboard_waypoint_node]: [HOLD_ERROR] position_error=0.000 velocity=0.070 state=IDLE_HOLD
[race_ego_cloud_bridge-8] [INFO] [1786461589.449759241] [race_ego_cloud_bridge]: [EGO_MAP_FUSION] static_points=9161 live_raw_points=15258 confirmed_live_voxels=4580 min_observations=2 memory_sec=1.00 fused_points=13741
[race_ego_cloud_bridge-8] [INFO] [1786461589.450165547] [race_ego_cloud_bridge]: [EGO_MAP_INPUT] topic=/race/ego/cloud frame=map points=13741 source=static_live_px4 refresh_period=0.00s
[race_ego_cloud_bridge-8] [INFO] [1786461589.723834776] [race_ego_cloud_bridge]: [EGO_STATIC_MAP_READY] topic=/saved_map frame=map points=9161 fused=true
[ego_planner_node-10] [FSM]: state: WAIT_TARGET
[ego_planner_node-10] wait for goal or trigger.
[fastlio_bridge_node-2] [INFO] [1786461590.028380629] [fastlio_bridge_node]: 已桥接并转换里程计: ENU(0.51, -0.03, 0.79) -> NED(-0.51, -0.03, -0.79)
[super_planner_ros2_node-6] [INFO] [1786461590.031611587] [super_planner_ros2_node]: SUPER_ROS2 mode=IDLE enable_output=false reason=NO_GOAL odom=(0.05,0.51,0.76) goal=none tracking_setpoint_enu=(0.05,0.51,0.78) setpoint_ned=none yaw(desired/cmd/rate)=(0.00/0.00/0.00) cross_track=0.00 frame_id=px4_ned path_points=0 odom_source=/race/ego/odom cloud_source=/saved_map mavros_connected=true
[offboard_waypoint_node-1] [INFO] [1786461590.135412390] [offboard_waypoint_node]: [CONTROL_ARBITER] selected_source=safety_hold state=IDLE_HOLD
[offboard_waypoint_node-1] [INFO] [1786461590.233911197] [offboard_waypoint_node]: [HOLD_ERROR] position_error=0.000 velocity=0.021 state=IDLE_HOLD
[race_ego_trajectory_bridge-12] [INFO] [1786461590.434530249] [race_ego_trajectory_bridge]: [EGO_OCCUPANCY_MAP] topic=/race/ego/cloud frame=map raw_points=14153 map_age=0.007
[ego_planner_node-10] [INFO] [1786461590.845561799] [race_ego_planner]: [EGO_OCCUPANCY_UPDATE] input_topic=grid_map/cloud input_frame=map occupancy_frame=map cloud_points=14108 local_points=6179 occupied_voxels=32821 camera=(0.006,0.489,0.703) local_index_bounds=[(38,47,0),(122,131,14)]
[offboard_waypoint_node-1] [WARN] [1786461590.884960419] [offboard_waypoint_node]: [HOLD_POSITION] x=-0.000 y=0.489 z=-0.698 yaw=1.615 reason=manual handover accepted
[offboard_waypoint_node-1] [WARN] [1786461590.885010160] [offboard_waypoint_node]: [MANUAL_HANDOVER_ACCEPTED] current NED=(-0.000,0.489,-0.698)
[ego_planner_node-10] [FSM]: state: WAIT_TARGET
[ego_planner_node-10] wait for goal or trigger.
[super_planner_ros2_node-6] [INFO] [1786461591.031981387] [super_planner_ros2_node]: SUPER_ROS2 mode=IDLE enable_output=false reason=NO_GOAL odom=(-0.01,0.49,0.69) goal=none tracking_setpoint_enu=(-0.01,0.49,0.78) setpoint_ned=none yaw(desired/cmd/rate)=(0.00/0.00/0.00) cross_track=0.00 frame_id=px4_ned path_points=0 odom_source=/race/ego/odom cloud_source=/saved_map mavros_connected=true
[offboard_waypoint_node-1] [INFO] [1786461591.184108331] [offboard_waypoint_node]: [CONTROL_ARBITER] selected_source=safety_hold state=IDLE_HOLD
[offboard_waypoint_node-1] [INFO] [1786461591.234348079] [offboard_waypoint_node]: [HOLD_ERROR] position_error=0.033 velocity=0.019 state=IDLE_HOLD
[race_ego_cloud_bridge-8] [INFO] [1786461591.634345359] [race_ego_cloud_bridge]: [EGO_MAP_FUSION] static_points=9161 live_raw_points=15247 confirmed_live_voxels=4179 min_observations=2 memory_sec=1.00 fused_points=13340
[race_ego_cloud_bridge-8] [INFO] [1786461591.634692885] [race_ego_cloud_bridge]: [EGO_MAP_INPUT] topic=/race/ego/cloud frame=map points=13340 source=static_live_px4 refresh_period=0.00s
[race_ego_cloud_bridge-8] [INFO] [1786461591.724704447] [race_ego_cloud_bridge]: [EGO_STATIC_MAP_READY] topic=/saved_map frame=map points=9161 fused=true
[fastlio_bridge_node-2] [INFO] [1786461592.014757085] [fastlio_bridge_node]: 已桥接并转换里程计: ENU(0.46, -0.00, 0.72) -> NED(-0.46, -0.00, -0.72)
[super_planner_ros2_node-6] [INFO] [1786461592.032209803] [super_planner_ros2_node]: SUPER_ROS2 mode=IDLE enable_output=false reason=NO_GOAL odom=(0.01,0.46,0.64) goal=none tracking_setpoint_enu=(0.01,0.46,0.78) setpoint_ned=none yaw(desired/cmd/rate)=(0.00/0.00/0.00) cross_track=0.00 frame_id=px4_ned path_points=0 odom_source=/race/ego/odom cloud_source=/saved_map mavros_connected=true
[ego_planner_node-10] [FSM]: state: WAIT_TARGET
[ego_planner_node-10] wait for goal or trigger.
[offboard_waypoint_node-1] [INFO] [1786461592.184436325] [offboard_waypoint_node]: [CONTROL_ARBITER] selected_source=safety_hold state=IDLE_HOLD
[offboard_waypoint_node-1] [INFO] [1786461592.234531236] [offboard_waypoint_node]: [HOLD_ERROR] position_error=0.069 velocity=0.065 state=IDLE_HOLD
[race_ego_trajectory_bridge-12] [INFO] [1786461592.445048832] [race_ego_trajectory_bridge]: [EGO_OCCUPANCY_MAP] topic=/race/ego/cloud frame=map raw_points=13704 map_age=0.017
[ego_planner_node-10] [INFO] [1786461592.859654515] [race_ego_planner]: [EGO_OCCUPANCY_UPDATE] input_topic=grid_map/cloud input_frame=map occupancy_frame=map cloud_points=13329 local_points=6118 occupied_voxels=31751 camera=(0.032,0.443,0.666) local_index_bounds=[(38,47,0),(122,131,13)]
[super_planner_ros2_node-6] [INFO] [1786461593.032491159] [super_planner_ros2_node]: SUPER_ROS2 mode=IDLE enable_output=false reason=NO_GOAL odom=(0.04,0.46,0.66) goal=none tracking_setpoint_enu=(0.04,0.46,0.78) setpoint_ned=none yaw(desired/cmd/rate)=(0.00/0.00/0.00) cross_track=0.00 frame_id=px4_ned path_points=0 odom_source=/race/ego/odom cloud_source=/saved_map mavros_connected=true
[ego_planner_node-10] [FSM]: state: WAIT_TARGET
[ego_planner_node-10] wait for goal or trigger.
[offboard_waypoint_node-1] [INFO] [1786461593.184702799] [offboard_waypoint_node]: [CONTROL_ARBITER] selected_source=safety_hold state=IDLE_HOLD
[offboard_waypoint_node-1] [INFO] [1786461593.234741351] [offboard_waypoint_node]: [HOLD_ERROR] position_error=0.073 velocity=0.164 state=IDLE_HOLD
[race_ego_cloud_bridge-8] [INFO] [1786461593.724953407] [race_ego_cloud_bridge]: [EGO_STATIC_MAP_READY] topic=/saved_map frame=map points=9161 fused=true
[race_ego_cloud_bridge-8] [INFO] [1786461593.831092774] [race_ego_cloud_bridge]: [EGO_MAP_FUSION] static_points=9161 live_raw_points=18402 confirmed_live_voxels=4752 min_observations=2 memory_sec=1.00 fused_points=13913
[race_ego_cloud_bridge-8] [INFO] [1786461593.831451917] [race_ego_cloud_bridge]: [EGO_MAP_INPUT] topic=/race/ego/cloud frame=map points=13913 source=static_live_px4 refresh_period=0.00s
[super_planner_ros2_node-6] [INFO] [1786461594.043753689] [super_planner_ros2_node]: SUPER_ROS2 mode=IDLE enable_output=false reason=NO_GOAL odom=(0.09,0.61,0.60) goal=none tracking_setpoint_enu=(0.09,0.61,0.78) setpoint_ned=none yaw(desired/cmd/rate)=(0.00/0.00/0.00) cross_track=0.00 frame_id=px4_ned path_points=0 odom_source=/race/ego/odom cloud_source=/saved_map mavros_connected=true
[fastlio_bridge_node-2] [INFO] [1786461594.048623379] [fastlio_bridge_node]: 已桥接并转换里程计: ENU(0.63, -0.09, 0.59) -> NED(-0.63, -0.09, -0.59)
[offboard_waypoint_node-1] [INFO] [1786461594.185215226] [offboard_waypoint_node]: [CONTROL_ARBITER] selected_source=safety_hold state=IDLE_HOLD
[offboard_waypoint_node-1] [INFO] [1786461594.234911246] [offboard_waypoint_node]: [HOLD_ERROR] position_error=0.208 velocity=0.110 state=IDLE_HOLD
[ego_planner_node-10] [FSM]: state: WAIT_TARGET
[ego_planner_node-10] wait for goal or trigger.
[race_ego_trajectory_bridge-12] [INFO] [1786461594.449420081] [race_ego_trajectory_bridge]: [EGO_OCCUPANCY_MAP] topic=/race/ego/cloud frame=map raw_points=13353 map_age=0.012
[ego_planner_node-10] [INFO] [1786461594.860016347] [race_ego_planner]: [EGO_OCCUPANCY_UPDATE] input_topic=grid_map/cloud input_frame=map occupancy_frame=map cloud_points=13536 local_points=5960 occupied_voxels=32321 camera=(0.072,0.683,0.604) local_index_bounds=[(38,49,0),(122,133,13)]
[super_planner_ros2_node-6] [INFO] [1786461595.088147419] [super_planner_ros2_node]: SUPER_ROS2 mode=IDLE enable_output=false reason=NO_GOAL odom=(0.06,0.68,0.61) goal=none tracking_setpoint_enu=(0.06,0.68,0.78) setpoint_ned=none yaw(desired/cmd/rate)=(0.00/0.00/0.00) cross_track=0.00 frame_id=px4_ned path_points=0 odom_source=/race/ego/odom cloud_source=/saved_map mavros_connected=true
[offboard_waypoint_node-1] [INFO] [1786461595.235260071] [offboard_waypoint_node]: [HOLD_ERROR] position_error=0.216 velocity=0.079 state=IDLE_HOLD
[offboard_waypoint_node-1] [INFO] [1786461595.235503017] [offboard_waypoint_node]: [CONTROL_ARBITER] selected_source=safety_hold state=IDLE_HOLD
[ego_planner_node-10] [FSM]: state: WAIT_TARGET
[ego_planner_node-10] wait for goal or trigger.
[race_ego_cloud_bridge-8] [INFO] [1786461595.728207287] [race_ego_cloud_bridge]: [EGO_STATIC_MAP_READY] topic=/saved_map frame=map points=9161 fused=true
[race_ego_cloud_bridge-8] [INFO] [1786461595.835045854] [race_ego_cloud_bridge]: [EGO_MAP_FUSION] static_points=9161 live_raw_points=18306 confirmed_live_voxels=5155 min_observations=2 memory_sec=1.00 fused_points=14316
[race_ego_cloud_bridge-8] [INFO] [1786461595.835704606] [race_ego_cloud_bridge]: [EGO_MAP_INPUT] topic=/race/ego/cloud frame=map points=14316 source=static_live_px4 refresh_period=0.00s
[fastlio_bridge_node-2] [INFO] [1786461596.016253906] [fastlio_bridge_node]: 已桥接并转换里程计: ENU(0.62, 0.03, 0.73) -> NED(-0.62, 0.03, -0.73)
[super_planner_ros2_node-6] [INFO] [1786461596.133190905] [super_planner_ros2_node]: SUPER_ROS2 mode=IDLE enable_output=false reason=NO_GOAL odom=(-0.04,0.60,0.65) goal=none tracking_setpoint_enu=(-0.04,0.60,0.78) setpoint_ned=none yaw(desired/cmd/rate)=(0.00/0.00/0.00) cross_track=0.00 frame_id=px4_ned path_points=0 odom_source=/race/ego/odom cloud_source=/saved_map mavros_connected=true
[offboard_waypoint_node-1] [INFO] [1786461596.235420178] [offboard_waypoint_node]: [HOLD_ERROR] position_error=0.114 velocity=0.175 state=IDLE_HOLD
[offboard_waypoint_node-1] [INFO] [1786461596.235579475] [offboard_waypoint_node]: [CONTROL_ARBITER] selected_source=safety_hold state=IDLE_HOLD
[ego_planner_node-10] [FSM]: state: WAIT_TARGET
[ego_planner_node-10] wait for goal or trigger.
[race_ego_trajectory_bridge-12] [INFO] [1786461596.656377927] [race_ego_trajectory_bridge]: [EGO_OCCUPANCY_MAP] topic=/race/ego/cloud frame=map raw_points=13946 map_age=0.018
[ego_planner_node-10] [INFO] [1786461596.866776578] [race_ego_planner]: [EGO_OCCUPANCY_UPDATE] input_topic=grid_map/cloud input_frame=map occupancy_frame=map cloud_points=13187 local_points=5943 occupied_voxels=30547 camera=(-0.074,0.457,0.650) local_index_bounds=[(38,47,0),(121,131,13)]
[super_planner_ros2_node-6] [INFO] [1786461597.133461048] [super_planner_ros2_node]: SUPER_ROS2 mode=IDLE enable_output=false reason=NO_GOAL odom=(-0.11,0.42,0.63) goal=none tracking_setpoint_enu=(-0.11,0.42,0.78) setpoint_ned=none yaw(desired/cmd/rate)=(0.00/0.00/0.00) cross_track=0.00 frame_id=px4_ned path_points=0 odom_source=/race/ego/odom cloud_source=/saved_map mavros_connected=true
[offboard_waypoint_node-1] [INFO] [1786461597.235730132] [offboard_waypoint_node]: [HOLD_ERROR] position_error=0.167 velocity=0.166 state=IDLE_HOLD
[offboard_waypoint_node-1] [INFO] [1786461597.235943171] [offboard_waypoint_node]: [CONTROL_ARBITER] selected_source=safety_hold state=IDLE_HOLD
[ego_planner_node-10] [FSM]: state: WAIT_TARGET
[ego_planner_node-10] wait for goal or trigger.
[race_ego_cloud_bridge-8] [INFO] [1786461597.726004581] [race_ego_cloud_bridge]: [EGO_STATIC_MAP_READY] topic=/saved_map frame=map points=9161 fused=true
[race_ego_cloud_bridge-8] [INFO] [1786461597.846461674] [race_ego_cloud_bridge]: [EGO_MAP_FUSION] static_points=9161 live_raw_points=15278 confirmed_live_voxels=4043 min_observations=2 memory_sec=1.00 fused_points=13204
[race_ego_cloud_bridge-8] [INFO] [1786461597.847029312] [race_ego_cloud_bridge]: [EGO_MAP_INPUT] topic=/race/ego/cloud frame=map points=13204 source=static_live_px4 refresh_period=0.00s
[fastlio_bridge_node-2] [INFO] [1786461598.015590134] [fastlio_bridge_node]: 已桥接并转换里程计: ENU(0.35, 0.21, 0.64) -> NED(-0.35, 0.21, -0.64)
[super_planner_ros2_node-6] [INFO] [1786461598.133712150] [super_planner_ros2_node]: SUPER_ROS2 mode=IDLE enable_output=false reason=NO_GOAL odom=(-0.18,0.37,0.60) goal=none tracking_setpoint_enu=(-0.18,0.37,0.78) setpoint_ned=none yaw(desired/cmd/rate)=(0.00/0.00/0.00) cross_track=0.00 frame_id=px4_ned path_points=0 odom_source=/race/ego/odom cloud_source=/saved_map mavros_connected=true
[offboard_waypoint_node-1] [INFO] [1786461598.235914061] [offboard_waypoint_node]: [HOLD_ERROR] position_error=0.235 velocity=0.073 state=IDLE_HOLD
[offboard_waypoint_node-1] [INFO] [1786461598.236116222] [offboard_waypoint_node]: [CONTROL_ARBITER] selected_source=safety_hold state=IDLE_HOLD
[ego_planner_node-10] [FSM]: state: WAIT_TARGET
[ego_planner_node-10] wait for goal or trigger.
[super_planner_ros2_node-6] [INFO] [1786461599.134397865] [super_planner_ros2_node]: SUPER_ROS2 mode=IDLE enable_output=false reason=NO_GOAL odom=(-0.11,0.32,0.62) goal=none tracking_setpoint_enu=(-0.11,0.32,0.78) setpoint_ned=none yaw(desired/cmd/rate)=(0.00/0.00/0.00) cross_track=0.00 frame_id=px4_ned path_points=0 odom_source=/race/ego/odom cloud_source=/saved_map mavros_connected=true
[offboard_waypoint_node-1] [INFO] [1786461599.147142182] [offboard_waypoint_node]: [EV_HEALTH] state=SUSPECT continuous_healthy=0.00s
[race_ego_trajectory_bridge-12] [INFO] [1786461599.168606879] [race_ego_trajectory_bridge]: [EGO_OCCUPANCY_MAP] topic=/race/ego/cloud frame=map raw_points=12824 map_age=0.008
[ego_planner_node-10] [INFO] [1786461599.169555791] [race_ego_planner]: [EGO_OCCUPANCY_UPDATE] input_topic=grid_map/cloud input_frame=map occupancy_frame=map cloud_points=12824 local_points=5817 occupied_voxels=31542 camera=(-0.105,0.319,0.616) local_index_bounds=[(37,46,0),(121,130,13)]
[offboard_waypoint_node-1] [INFO] [1786461599.236407106] [offboard_waypoint_node]: [HOLD_ERROR] position_error=0.211 velocity=0.118 state=IDLE_HOLD
[offboard_waypoint_node-1] [INFO] [1786461599.236765979] [offboard_waypoint_node]: [CONTROL_ARBITER] selected_source=safety_hold state=IDLE_HOLD
[ego_planner_node-10] [FSM]: state: WAIT_TARGET
[ego_planner_node-10] wait for goal or trigger.
[race_ego_cloud_bridge-8] [INFO] [1786461599.727650586] [race_ego_cloud_bridge]: [EGO_STATIC_MAP_READY] topic=/saved_map frame=map points=9161 fused=true
[race_ego_cloud_bridge-8] [INFO] [1786461599.936403535] [race_ego_cloud_bridge]: [EGO_MAP_FUSION] static_points=9161 live_raw_points=15252 confirmed_live_voxels=3459 min_observations=2 memory_sec=1.00 fused_points=12620
[race_ego_cloud_bridge-8] [INFO] [1786461599.946045892] [race_ego_cloud_bridge]: [EGO_MAP_INPUT] topic=/race/ego/cloud frame=map points=12620 source=static_live_px4 refresh_period=0.00s
[fastlio_bridge_node-2] [INFO] [1786461600.026190509] [fastlio_bridge_node]: 已桥接并转换里程计: ENU(0.39, 0.07, 0.63) -> NED(-0.39, 0.07, -0.63)
[super_planner_ros2_node-6] [INFO] [1786461600.134587488] [super_planner_ros2_node]: SUPER_ROS2 mode=IDLE enable_output=false reason=NO_GOAL odom=(-0.02,0.42,0.64) goal=none tracking_setpoint_enu=(-0.02,0.42,0.78) setpoint_ned=none yaw(desired/cmd/rate)=(0.00/0.00/0.00) cross_track=0.00 frame_id=px4_ned path_points=0 odom_source=/race/ego/odom cloud_source=/saved_map mavros_connected=true
[offboard_waypoint_node-1] [INFO] [1786461600.236700446] [offboard_waypoint_node]: [HOLD_ERROR] position_error=0.082 velocity=0.164 state=IDLE_HOLD
[offboard_waypoint_node-1] [INFO] [1786461600.236834474] [offboard_waypoint_node]: [CONTROL_ARBITER] selected_source=safety_hold state=IDLE_HOLD
[ego_planner_node-10] [FSM]: state: WAIT_TARGET
[ego_planner_node-10] wait for goal or trigger.
[super_planner_ros2_node-6] [INFO] [1786461601.134896939] [super_planner_ros2_node]: SUPER_ROS2 mode=IDLE enable_output=false reason=NO_GOAL odom=(0.06,0.45,0.61) goal=none tracking_setpoint_enu=(0.06,0.45,0.78) setpoint_ned=none yaw(desired/cmd/rate)=(0.00/0.00/0.00) cross_track=0.00 frame_id=px4_ned path_points=0 odom_source=/race/ego/odom cloud_source=/saved_map mavros_connected=true
[offboard_waypoint_node-1] [INFO] [1786461601.218069119] [offboard_waypoint_node]: [EV_HEALTH] state=HEALTHY continuous_healthy=0.00s
[offboard_waypoint_node-1] [INFO] [1786461601.237315223] [offboard_waypoint_node]: [HOLD_ERROR] position_error=0.122 velocity=0.074 state=IDLE_HOLD
[offboard_waypoint_node-1] [INFO] [1786461601.237691381] [offboard_waypoint_node]: [CONTROL_ARBITER] selected_source=safety_hold state=IDLE_HOLD
[race_ego_trajectory_bridge-12] [INFO] [1786461601.357263519] [race_ego_trajectory_bridge]: [EGO_OCCUPANCY_MAP] topic=/race/ego/cloud frame=map raw_points=13199 map_age=0.010
[ego_planner_node-10] [INFO] [1786461601.358947474] [race_ego_planner]: [EGO_OCCUPANCY_UPDATE] input_topic=grid_map/cloud input_frame=map occupancy_frame=map cloud_points=13199 local_points=5967 occupied_voxels=31326 camera=(0.064,0.449,0.590) local_index_bounds=[(38,47,0),(122,131,13)]
[ego_planner_node-10] [FSM]: state: WAIT_TARGET
[ego_planner_node-10] wait for goal or trigger.
[race_ego_cloud_bridge-8] [INFO] [1786461601.733637953] [race_ego_cloud_bridge]: [EGO_STATIC_MAP_READY] topic=/saved_map frame=map points=9161 fused=true
[race_ego_cloud_bridge-8] [INFO] [1786461601.938775446] [race_ego_cloud_bridge]: [EGO_MAP_FUSION] static_points=9161 live_raw_points=18280 confirmed_live_voxels=4591 min_observations=2 memory_sec=1.00 fused_points=13752
[fastlio_bridge_node-2] [INFO] [1786461602.015523985] [fastlio_bridge_node]: 已桥接并转换里程计: ENU(0.50, -0.08, 0.62) -> NED(-0.50, -0.08, -0.62)
[race_ego_cloud_bridge-8] [INFO] [1786461602.133463217] [race_ego_cloud_bridge]: [EGO_MAP_INPUT] topic=/race/ego/cloud frame=map points=13354 source=static_live_px4 refresh_period=0.00s
[super_planner_ros2_node-6] [INFO] [1786461602.135336349] [super_planner_ros2_node]: SUPER_ROS2 mode=IDLE enable_output=false reason=NO_GOAL odom=(0.08,0.49,0.59) goal=none tracking_setpoint_enu=(0.08,0.49,0.78) setpoint_ned=none yaw(desired/cmd/rate)=(0.00/0.00/0.00) cross_track=0.00 frame_id=px4_ned path_points=0 odom_source=/race/ego/odom cloud_source=/saved_map mavros_connected=true
[offboard_waypoint_node-1] [INFO] [1786461602.237589270] [offboard_waypoint_node]: [HOLD_ERROR] position_error=0.131 velocity=0.004 state=IDLE_HOLD
[offboard_waypoint_node-1] [INFO] [1786461602.237726559] [offboard_waypoint_node]: [CONTROL_ARBITER] selected_source=safety_hold state=IDLE_HOLD
[ego_planner_node-10] [FSM]: state: WAIT_TARGET
[ego_planner_node-10] wait for goal or trigger.
[offboard_waypoint_node-1] [INFO] [1786461603.121638043] [offboard_waypoint_node]: [EV_HEALTH] state=SUSPECT continuous_healthy=0.00s
[super_planner_ros2_node-6] [INFO] [1786461603.135857925] [super_planner_ros2_node]: SUPER_ROS2 mode=IDLE enable_output=false reason=NO_GOAL odom=(0.01,0.55,0.64) goal=none tracking_setpoint_enu=(0.01,0.55,0.78) setpoint_ned=none yaw(desired/cmd/rate)=(0.00/0.00/0.00) cross_track=0.00 frame_id=px4_ned path_points=0 odom_source=/race/ego/odom cloud_source=/saved_map mavros_connected=true
[offboard_waypoint_node-1] [INFO] [1786461603.238063044] [offboard_waypoint_node]: [HOLD_ERROR] position_error=0.095 velocity=0.288 state=IDLE_HOLD
[offboard_waypoint_node-1] [INFO] [1786461603.238219067] [offboard_waypoint_node]: [CONTROL_ARBITER] selected_source=safety_hold state=IDLE_HOLD
[offboard_waypoint_node-1] [INFO] [1786461603.421312261] [offboard_waypoint_node]: [EV_HEALTH] state=FAULT continuous_healthy=0.00s
[offboard_waypoint_node-1] [ERROR] [1786461603.438001753] [offboard_waypoint_node]: [EV_HEALTH_FAULT] external vision reported FAULT in flight; requesting AUTO.LAND
[offboard_waypoint_node-1] [INFO] [1786461603.439063444] [offboard_waypoint_node]: AUTO.LAND requested.
[race_ego_trajectory_bridge-12] [INFO] [1786461603.537433576] [race_ego_trajectory_bridge]: [EGO_OCCUPANCY_MAP] topic=/race/ego/cloud frame=map raw_points=13063 map_age=0.007
[ego_planner_node-10] [INFO] [1786461603.539518099] [race_ego_planner]: [EGO_OCCUPANCY_UPDATE] input_topic=grid_map/cloud input_frame=map occupancy_frame=map cloud_points=13063 local_points=5992 occupied_voxels=31209 camera=(-0.087,0.594,0.664) local_index_bounds=[(37,48,0),(121,132,13)]
[race_ego_cloud_bridge-8] [INFO] [1786461603.732427922] [race_ego_cloud_bridge]: [EGO_STATIC_MAP_READY] topic=/saved_map frame=map points=9161 fused=true
[ego_planner_node-10] [FSM]: state: WAIT_TARGET
[ego_planner_node-10] wait for goal or trigger.
[offboard_waypoint_node-1] [WARN] [1786461603.852619992] [offboard_waypoint_node]: [HOLD_POSITION] x=0.112 y=0.608 z=-0.646 yaw=1.599 reason=manual handover released by pilot
[offboard_waypoint_node-1] [WARN] [1786461603.852692802] [offboard_waypoint_node]: [MANUAL_HANDOVER_RELEASED] OFFBOARD=0 armed=1
[fastlio_bridge_node-2] [INFO] [1786461604.041992732] [fastlio_bridge_node]: 已桥接并转换里程计: ENU(0.64, 0.07, 0.53) -> NED(-0.64, 0.07, -0.53)
[race_ego_cloud_bridge-8] [INFO] [1786461604.089077685] [race_ego_cloud_bridge]: [EGO_MAP_FUSION] static_points=9161 live_raw_points=18223 confirmed_live_voxels=4245 min_observations=2 memory_sec=1.00 fused_points=13406
[super_planner_ros2_node-6] [INFO] [1786461604.136692320] [super_planner_ros2_node]: SUPER_ROS2 mode=IDLE enable_output=false reason=NO_GOAL odom=(-0.11,0.63,0.53) goal=none tracking_setpoint_enu=(-0.11,0.63,0.78) setpoint_ned=none yaw(desired/cmd/rate)=(0.00/0.00/0.00) cross_track=0.00 frame_id=px4_ned path_points=0 odom_source=/race/ego/odom cloud_source=/saved_map mavros_connected=true
[race_ego_cloud_bridge-8] [INFO] [1786461604.234961928] [race_ego_cloud_bridge]: [EGO_MAP_INPUT] topic=/race/ego/cloud frame=map points=13253 source=static_live_px4 refresh_period=0.00s
[offboard_waypoint_node-1] [INFO] [1786461604.238449567] [offboard_waypoint_node]: [HOLD_ERROR] position_error=0.000 velocity=0.127 state=IDLE_HOLD
[offboard_waypoint_node-1] [INFO] [1786461604.238615873] [offboard_waypoint_node]: [CONTROL_ARBITER] selected_source=safety_hold state=IDLE_HOLD
[ego_planner_node-10] [FSM]: state: WAIT_TARGET
[ego_planner_node-10] wait for goal or trigger.
[super_planner_ros2_node-6] [INFO] [1786461605.186625184] [super_planner_ros2_node]: SUPER_ROS2 mode=IDLE enable_output=false reason=NO_GOAL odom=(-0.06,0.60,0.22) goal=none tracking_setpoint_enu=(-0.06,0.60,0.78) setpoint_ned=none yaw(desired/cmd/rate)=(0.00/0.00/0.00) cross_track=0.00 frame_id=px4_ned path_points=0 odom_source=/race/ego/odom cloud_source=/saved_map mavros_connected=true
[offboard_waypoint_node-1] [INFO] [1786461605.238860332] [offboard_waypoint_node]: [HOLD_ERROR] position_error=0.000 velocity=0.063 state=IDLE_HOLD
[offboard_waypoint_node-1] [INFO] [1786461605.239034122] [offboard_waypoint_node]: [CONTROL_ARBITER] selected_source=safety_hold state=IDLE_HOLD
[race_ego_trajectory_bridge-12] [INFO] [1786461605.636721211] [race_ego_trajectory_bridge]: [EGO_OCCUPANCY_MAP] topic=/race/ego/cloud frame=map raw_points=12923 map_age=0.007
[ego_planner_node-10] [INFO] [1786461605.640162943] [race_ego_planner]: [EGO_OCCUPANCY_UPDATE] input_topic=grid_map/cloud input_frame=map occupancy_frame=map cloud_points=12923 local_points=5826 occupied_voxels=29598 camera=(-0.070,0.577,0.315) local_index_bounds=[(38,48,0),(121,132,11)]
[race_ego_cloud_bridge-8] [INFO] [1786461605.729054061] [race_ego_cloud_bridge]: [EGO_STATIC_MAP_READY] topic=/saved_map frame=map points=9161 fused=true
[offboard_waypoint_node-1] [INFO] [1786461605.816786625] [offboard_waypoint_node]: [EV_HEALTH] state=HEALTHY continuous_healthy=0.00s
[ego_planner_node-10] [FSM]: state: WAIT_TARGET
[ego_planner_node-10] wait for goal or trigger.
[fastlio_bridge_node-2] [INFO] [1786461606.014701704] [fastlio_bridge_node]: 已桥接并转换里程计: ENU(0.63, 0.01, -0.09) -> NED(-0.63, 0.01, 0.09)
[offboard_waypoint_node-1] [ERROR] [1786461606.109363055] [offboard_waypoint_node]: [POSE_REJECT] jump=0.548m dt=0.033s trusted=(0.082,0.557,-0.412) received=(0.011,0.618,0.128)
[super_planner_ros2_node-6] [INFO] [1786461606.187025126] [super_planner_ros2_node]: SUPER_ROS2 mode=IDLE enable_output=false reason=NO_GOAL odom=(-0.01,0.62,-0.12) goal=none tracking_setpoint_enu=(-0.01,0.62,0.78) setpoint_ned=none yaw(desired/cmd/rate)=(0.00/0.00/0.00) cross_track=0.00 frame_id=px4_ned path_points=0 odom_source=/race/ego/odom cloud_source=/saved_map mavros_connected=true
[race_ego_cloud_bridge-8] [INFO] [1786461606.225377339] [race_ego_cloud_bridge]: [EGO_MAP_FUSION] static_points=9161 live_raw_points=17850 confirmed_live_voxels=3736 min_observations=2 memory_sec=1.00 fused_points=12897
[offboard_waypoint_node-1] [INFO] [1786461606.239237740] [offboard_waypoint_node]: [HOLD_ERROR] position_error=0.000 velocity=0.059 state=IDLE_HOLD
[offboard_waypoint_node-1] [INFO] [1786461606.239341811] [offboard_waypoint_node]: [CONTROL_ARBITER] selected_source=safety_hold state=IDLE_HOLD
[race_ego_cloud_bridge-8] [INFO] [1786461606.423451570] [race_ego_cloud_bridge]: [EGO_MAP_INPUT] topic=/race/ego/cloud frame=map points=12987 source=static_live_px4 refresh_period=0.00s
[ego_planner_node-10] [FSM]: state: WAIT_TARGET
[ego_planner_node-10] wait for goal or trigger.
[super_planner_ros2_node-6] [INFO] [1786461607.187556956] [super_planner_ros2_node]: SUPER_ROS2 mode=IDLE enable_output=false reason=NO_GOAL odom=(-0.01,0.61,-0.07) goal=none tracking_setpoint_enu=(-0.01,0.61,0.78) setpoint_ned=none yaw(desired/cmd/rate)=(0.00/0.00/0.00) cross_track=0.00 frame_id=px4_ned path_points=0 odom_source=/race/ego/odom cloud_source=/saved_map mavros_connected=true
[offboard_waypoint_node-1] [INFO] [1786461607.239674042] [offboard_waypoint_node]: [HOLD_ERROR] position_error=0.000 velocity=0.023 state=IDLE_HOLD
[offboard_waypoint_node-1] [INFO] [1786461607.239797948] [offboard_waypoint_node]: [CONTROL_ARBITER] selected_source=safety_hold state=IDLE_HOLD
[race_ego_cloud_bridge-8] [INFO] [1786461607.729786627] [race_ego_cloud_bridge]: [EGO_STATIC_MAP_READY] topic=/saved_map frame=map points=9161 fused=true
[race_ego_trajectory_bridge-12] [INFO] [1786461607.827430225] [race_ego_trajectory_bridge]: [EGO_OCCUPANCY_MAP] topic=/race/ego/cloud frame=map raw_points=14183 map_age=0.006
[ego_planner_node-10] [INFO] [1786461607.828893746] [race_ego_planner]: [EGO_OCCUPANCY_UPDATE] input_topic=grid_map/cloud input_frame=map occupancy_frame=map cloud_points=14183 local_points=5518 occupied_voxels=23499 camera=(-0.001,0.623,-0.138) local_index_bounds=[(38,48,0),(121,132,8)]
[ego_planner_node-10] [FSM]: state: WAIT_TARGET
[ego_planner_node-10] wait for goal or trigger.
[fastlio_bridge_node-2] [INFO] [1786461608.012912592] [fastlio_bridge_node]: 已桥接并转换里程计: ENU(0.63, 0.01, -0.10) -> NED(-0.63, 0.01, 0.10)
[super_planner_ros2_node-6] [INFO] [1786461608.187933269] [super_planner_ros2_node]: SUPER_ROS2 mode=IDLE enable_output=false reason=NO_GOAL odom=(0.01,0.63,-0.17) goal=none tracking_setpoint_enu=(0.01,0.63,0.78) setpoint_ned=none yaw(desired/cmd/rate)=(0.00/0.00/0.00) cross_track=0.00 frame_id=px4_ned path_points=0 odom_source=/race/ego/odom cloud_source=/saved_map mavros_connected=true
[offboard_waypoint_node-1] [INFO] [1786461608.240197550] [offboard_waypoint_node]: [HOLD_ERROR] position_error=0.000 velocity=0.046 state=IDLE_HOLD
[offboard_waypoint_node-1] [INFO] [1786461608.240584419] [offboard_waypoint_node]: [CONTROL_ARBITER] selected_source=safety_hold state=IDLE_HOLD
[race_ego_cloud_bridge-8] [INFO] [1786461608.420849585] [race_ego_cloud_bridge]: [EGO_MAP_FUSION] static_points=9161 live_raw_points=17888 confirmed_live_voxels=5175 min_observations=2 memory_sec=1.00 fused_points=14336
[mapping_manager_node-5] [INFO] [1786461608.558539486] [mapping_manager_node]: Mapping status: in_flight=false, map_loaded=false, map_saved=false
[race_ego_cloud_bridge-8] [INFO] [1786461608.623307487] [race_ego_cloud_bridge]: [EGO_MAP_INPUT] topic=/race/ego/cloud frame=map points=13655 source=static_live_px4 refresh_period=0.00s
[rviz2-13] [INFO] [1786461608.829999115] [rviz2]: Setting goal pose: Frame:map, Position(0.119589, -1.57977, 0), Orientation(0, 0, 0.575635, 0.817707) = Angle: 1.22676
[offboard_waypoint_node-1] [INFO] [1786461608.830316938] [offboard_waypoint_node]: [OFFBOARD_NEW_GOAL_RESET] old safety latch cleared; waiting for a fresh validated EGO trajectory
[offboard_waypoint_node-1] [WARN] [1786461608.830367275] [offboard_waypoint_node]: [CONTROL_STATE] IDLE_HOLD -> PLANNING: new final goal received
[offboard_waypoint_node-1] [INFO] [1786461608.830383685] [offboard_waypoint_node]: Active final goal id=1 NED=(-0.120,-1.580)
[offboard_waypoint_node-1] [ERROR] [1786461608.830400568] [offboard_waypoint_node]: [OFFBOARD_TAKEOFF_REJECTED] node is IDLE but MAVROS reports armed; automatic ground-reference locking is forbidden in flight
[super_planner_ros2_node-6] [INFO] [1786461608.830328332] [super_planner_ros2_node]: Received goal id=1 ENU/map=(0.12, -1.58, 0.78)
[super_planner_ros2_node-6] [INFO] [1786461608.838101463] [super_planner_ros2_node]: [FINAL_GOAL_CHECK] global_goal_id=1 distance_to_final=2.220 speed=0.071 confirm=0/10 final_goal_reached=false
[super_planner_ros2_node-6] [INFO] [1786461608.838243779] [super_planner_ros2_node]: [SUPER_GOAL_SELECTION] mode=GLOBAL_FULL_GOAL final_goal=(0.120,-1.580,0.780) planning_goal=(0.120,-1.580,0.780) distance=2.220 clipped=false
[super_planner_ros2_node-6] [INFO] [1786461608.838290839] [super_planner_ros2_node]: [SUPER_GLOBAL_GRID] min_x=-0.850 max_x=11.900 min_y=-3.200 max_y=12.400 resolution=0.050 width=256 height=313 start_index=(17,76) goal_index=(19,32)
[offboard_waypoint_node-1] [WARN] [1786461608.840283192] [offboard_waypoint_node]: [CONTROL_STATE] PLANNING -> IDLE_HOLD: tracking manual POSITION handover
[offboard_waypoint_node-1] [WARN] [1786461608.890338908] [offboard_waypoint_node]: [GROUND_REFERENCE_INVALIDATED] EV is no longer continuously healthy while disarmed
[offboard_waypoint_node-1] [WARN] [1786461608.890434777] [offboard_waypoint_node]: [CONTROL_STATE] IDLE_HOLD -> WAITING_FOR_ODOM: waiting for continuous EV health before initial hold
[offboard_waypoint_node-1] [INFO] [1786461608.890447804] [offboard_waypoint_node]: [EV_HOLD_WAIT] continuous_healthy=3.07s required=7.50s
[super_planner_ros2_node-6] [INFO] [1786461609.001974862] [super_planner_ros2_node]: [SUPER_CONTINUOUS_PATH_CHECK] source=RAW_ASTAR min_clearance=0.980 required_clearance=0.290 valid=true
[super_planner_ros2_node-6] [INFO] [1786461609.002462051] [super_planner_ros2_node]: [SUPER_ASTAR_VISIBILITY_SIMPLIFY] raw_points=45 simplified_points=45 raw_length=2.377 simplified_length=2.377 minimum_clearance=0.980 accepted=false clearance_preserved=true reason=DISABLED
[super_planner_ros2_node-6] [WARN] [1786461609.002476657] [super_planner_ros2_node]: [SUPER_SMOOTHED_PATH_REJECT] reason=SMOOTHING_VALIDATION no_smoothed_candidate=true (smoothing produced no path; raw path is used unchanged)
[super_planner_ros2_node-6] [WARN] [1786461609.002484566] [super_planner_ros2_node]: [SUPER_PATH_FALLBACK] source=RAW_ASTAR raw_points=45 goal_id=1
[super_planner_ros2_node-6] [INFO] [1786461609.002962207] [super_planner_ros2_node]: [CLEARANCE_PRESERVATION_POLICY] raw_global_min=0.980195543 smoothed_global_min=nan global_clearance_loss=nan local_comparison_method=NORMALIZED_ARC_PROGRESS_0.02M local_maximum_loss=0.000000000 numeric_tolerance=0.000001000
[super_planner_ros2_node-6] [INFO] [1786461609.002976408] [super_planner_ros2_node]: [PATH_TOPOLOGY_GUARD] raw_obstacle_side=BASELINE smoothed_obstacle_side=CONTINUOUS_DEFORMATION same_homotopy=true
[super_planner_ros2_node-6] [INFO] [1786461609.002982271] [super_planner_ros2_node]: [SUPER_PATH_SELECTION] candidate_smoothing_generated=false candidate_smoothing_safe=false clearance_preserved=true accepted_updates=0 accepted_iterations=0 selected=RAW fallback_reason=NO_CLEARANCE_PRESERVING_UPDATE
[super_planner_ros2_node-6] [INFO] [1786461609.004327737] [super_planner_ros2_node]: [FINAL_SELECTED_PATH_VALIDATION] selected_type=RAW min_clearance=0.980195543 inflated_collision=false continuous_clearance_pass=true finite=true maximum_segment_length=0.081799
[super_planner_ros2_node-6] [INFO] [1786461609.004348668] [super_planner_ros2_node]: path_pipeline raw=45 shortcut=45 smoothed=0 smoothing=fallback_raw_astar
[super_planner_ros2_node-6] [INFO] [1786461609.004554108] [super_planner_ros2_node]: [GLOBAL_PATH] id=1 points=45 length=2.377 bounds_x=[-0.125,0.120] bounds_y=[-1.580,0.638] hard_clearance=0.28 soft_radius=0.54
[super_planner_ros2_node-6] [INFO] [1786461609.004569055] [super_planner_ros2_node]: [SUPER_GLOBAL_PATH_COMPLETE] goal_id=1 raw_endpoint=(0.120,-1.580,0.780) published_endpoint=(0.120,-1.580,0.780) final_goal=(0.120,-1.580,0.780) endpoint_error=0.000000
[super_planner_ros2_node-6] [INFO] [1786461609.007677947] [super_planner_ros2_node]: [LOCAL_GOAL] path_id=1 seq=1 index=11 position=(-0.125,0.098,0.780) lookahead=0.60
[super_planner_ros2_node-6] [INFO] [1786461609.007725224] [super_planner_ros2_node]: [SUPER_LOCAL_REFERENCE] global_path_id=1 local_goal_seq=1 points=12 continuation_points=14 arc_length=0.600 minimum_clearance=1.135
[super_planner_ros2_node-6] [INFO] [1786461609.007735016] [super_planner_ros2_node]: [SUPER_TAKEOFF_PATH_FREEZE] path_id=1 height=-0.217 release_height=0.500 cross_track_ignored=0.000 local_goal_seq=1
[race_ego_goal_bridge-9] [INFO] [1786461609.007992733] [race_ego_goal_bridge]: [GOAL_BRIDGE_TAKEOFF_GATE] goal_seq=1 current_height=-0.224 release_height=0.500 stable=false cached=true
[ego_planner_node-10] [FSM]: state: WAIT_TARGET
[ego_planner_node-10] wait for goal or trigger.
[super_planner_ros2_node-6] [INFO] [1786461609.188218983] [super_planner_ros2_node]: SUPER_ROS2 mode=FOLLOWING enable_output=false reason=TAKEOFF_GLOBAL_PATH_FROZEN odom=(0.04,0.64,-0.23) goal=set tracking_setpoint_enu=(0.03,0.64,0.78) setpoint_ned=none yaw(desired/cmd/rate)=(0.00/0.00/0.00) cross_track=0.01 frame_id=px4_ned path_points=45 odom_source=/race/ego/odom cloud_source=/saved_map mavros_connected=true
[offboard_waypoint_node-1] [INFO] [1786461609.290495052] [offboard_waypoint_node]: [CONTROL_ARBITER] selected_source=waiting_for_ev_ground_reference state=WAITING_FOR_ODOM
[super_planner_ros2_node-6] [INFO] [1786461609.338222944] [super_planner_ros2_node]: [FINAL_GOAL_CHECK] global_goal_id=1 distance_to_final=2.224 speed=0.083 confirm=0/10 final_goal_reached=false
[race_ego_cloud_bridge-8] [INFO] [1786461609.731030897] [race_ego_cloud_bridge]: [EGO_STATIC_MAP_READY] topic=/saved_map frame=map points=9161 fused=true
[race_ego_trajectory_bridge-12] [INFO] [1786461609.827548232] [race_ego_trajectory_bridge]: [EGO_OCCUPANCY_MAP] topic=/race/ego/cloud frame=map raw_points=13833 map_age=0.006
[super_planner_ros2_node-6] [INFO] [1786461609.838422798] [super_planner_ros2_node]: [FINAL_GOAL_CHECK] global_goal_id=1 distance_to_final=2.224 speed=0.076 confirm=0/10 final_goal_reached=false
[offboard_waypoint_node-1] [INFO] [1786461609.890685033] [offboard_waypoint_node]: [EV_HOLD_WAIT] continuous_healthy=4.07s required=7.50s
[fastlio_bridge_node-2] [INFO] [1786461610.013615397] [fastlio_bridge_node]: 已桥接并转换里程计: ENU(0.63, 0.01, -0.11) -> NED(-0.63, 0.01, 0.11)
[ego_planner_node-10] [INFO] [1786461610.028146017] [race_ego_planner]: [EGO_OCCUPANCY_UPDATE] input_topic=grid_map/cloud input_frame=map occupancy_frame=map cloud_points=14213 local_points=5472 occupied_voxels=21162 camera=(0.037,0.642,-0.245) local_index_bounds=[(38,48,0),(122,132,7)]
[ego_planner_node-10] [FSM]: state: WAIT_TARGET
[ego_planner_node-10] wait for goal or trigger.
[super_planner_ros2_node-6] [INFO] [1786461610.040796986] [super_planner_ros2_node]: [SUPER_TAKEOFF_PATH_FREEZE] path_id=1 height=-0.245 release_height=0.500 cross_track_ignored=0.011 local_goal_seq=1
[super_planner_ros2_node-6] [INFO] [1786461610.188880288] [super_planner_ros2_node]: SUPER_ROS2 mode=FOLLOWING enable_output=false reason=TAKEOFF_GLOBAL_PATH_FROZEN odom=(0.04,0.64,-0.24) goal=set tracking_setpoint_enu=(0.03,0.64,0.78) setpoint_ned=none yaw(desired/cmd/rate)=(0.00/0.00/0.00) cross_track=0.01 frame_id=px4_ned path_points=45 odom_source=/race/ego/odom cloud_source=/saved_map mavros_connected=true
[offboard_waypoint_node-1] [INFO] [1786461610.290883544] [offboard_waypoint_node]: [CONTROL_ARBITER] selected_source=waiting_for_ev_ground_reference state=WAITING_FOR_ODOM
[super_planner_ros2_node-6] [INFO] [1786461610.338630548] [super_planner_ros2_node]: [FINAL_GOAL_CHECK] global_goal_id=1 distance_to_final=2.221 speed=0.067 confirm=0/10 final_goal_reached=false
[race_ego_cloud_bridge-8] [INFO] [1786461610.428227166] [race_ego_cloud_bridge]: [EGO_MAP_FUSION] static_points=9161 live_raw_points=14962 confirmed_live_voxels=4890 min_observations=2 memory_sec=1.00 fused_points=14051
[race_ego_cloud_bridge-8] [INFO] [1786461610.821205951] [race_ego_cloud_bridge]: [EGO_MAP_INPUT] topic=/race/ego/cloud frame=map points=14313 source=static_live_px4 refresh_period=0.00s
[super_planner_ros2_node-6] [INFO] [1786461610.838798707] [super_planner_ros2_node]: [FINAL_GOAL_CHECK] global_goal_id=1 distance_to_final=2.217 speed=0.057 confirm=0/10 final_goal_reached=false
[offboard_waypoint_node-1] [INFO] [1786461610.891099419] [offboard_waypoint_node]: [EV_HOLD_WAIT] continuous_healthy=5.07s required=7.50s
[super_planner_ros2_node-6] [INFO] [1786461611.041035252] [super_planner_ros2_node]: [SUPER_TAKEOFF_PATH_FREEZE] path_id=1 height=-0.240 release_height=0.500 cross_track_ignored=0.007 local_goal_seq=1
[ego_planner_node-10] [FSM]: state: WAIT_TARGET
[ego_planner_node-10] wait for goal or trigger.
[super_planner_ros2_node-6] [INFO] [1786461611.189176583] [super_planner_ros2_node]: SUPER_ROS2 mode=FOLLOWING enable_output=false reason=TAKEOFF_GLOBAL_PATH_FROZEN odom=(0.03,0.63,-0.24) goal=set tracking_setpoint_enu=(0.03,0.64,0.78) setpoint_ned=none yaw(desired/cmd/rate)=(0.00/0.00/0.00) cross_track=0.01 frame_id=px4_ned path_points=45 odom_source=/race/ego/odom cloud_source=/saved_map mavros_connected=true
[offboard_waypoint_node-1] [INFO] [1786461611.291545415] [offboard_waypoint_node]: [CONTROL_ARBITER] selected_source=waiting_for_ev_ground_reference state=WAITING_FOR_ODOM
[super_planner_ros2_node-6] [INFO] [1786461611.339090428] [super_planner_ros2_node]: [FINAL_GOAL_CHECK] global_goal_id=1 distance_to_final=2.208 speed=0.047 confirm=0/10 final_goal_reached=false
[race_ego_cloud_bridge-8] [INFO] [1786461611.731413331] [race_ego_cloud_bridge]: [EGO_STATIC_MAP_READY] topic=/saved_map frame=map points=9161 fused=true
[super_planner_ros2_node-6] [INFO] [1786461611.839263652] [super_planner_ros2_node]: [FINAL_GOAL_CHECK] global_goal_id=1 distance_to_final=2.202 speed=0.039 confirm=0/10 final_goal_reached=false
[offboard_waypoint_node-1] [INFO] [1786461611.891609909] [offboard_waypoint_node]: [EV_HOLD_WAIT] continuous_healthy=6.07s required=7.50s
[fastlio_bridge_node-2] [INFO] [1786461612.014441780] [fastlio_bridge_node]: 已桥接并转换里程计: ENU(0.62, 0.01, -0.10) -> NED(-0.62, 0.01, 0.10)
[race_ego_trajectory_bridge-12] [INFO] [1786461612.028922661] [race_ego_trajectory_bridge]: [EGO_OCCUPANCY_MAP] topic=/race/ego/cloud frame=map raw_points=14136 map_age=0.005
[ego_planner_node-10] [INFO] [1786461612.031595065] [race_ego_planner]: [EGO_OCCUPANCY_UPDATE] input_topic=grid_map/cloud input_frame=map occupancy_frame=map cloud_points=14136 local_points=5512 occupied_voxels=21302 camera=(0.014,0.616,-0.232) local_index_bounds=[(38,48,0),(122,132,7)]
[super_planner_ros2_node-6] [INFO] [1786461612.041609047] [super_planner_ros2_node]: [SUPER_TAKEOFF_PATH_FREEZE] path_id=1 height=-0.232 release_height=0.500 cross_track_ignored=0.025 local_goal_seq=1
[ego_planner_node-10] [FSM]: state: WAIT_TARGET
[ego_planner_node-10] wait for goal or trigger.
[super_planner_ros2_node-6] [INFO] [1786461612.189452444] [super_planner_ros2_node]: SUPER_ROS2 mode=FOLLOWING enable_output=false reason=TAKEOFF_GLOBAL_PATH_FROZEN odom=(0.01,0.61,-0.23) goal=set tracking_setpoint_enu=(0.03,0.64,0.78) setpoint_ned=none yaw(desired/cmd/rate)=(0.00/0.00/0.00) cross_track=0.03 frame_id=px4_ned path_points=45 odom_source=/race/ego/odom cloud_source=/saved_map mavros_connected=true
[offboard_waypoint_node-1] [INFO] [1786461612.291741213] [offboard_waypoint_node]: [CONTROL_ARBITER] selected_source=waiting_for_ev_ground_reference state=WAITING_FOR_ODOM
[super_planner_ros2_node-6] [INFO] [1786461612.339465900] [super_planner_ros2_node]: [FINAL_GOAL_CHECK] global_goal_id=1 distance_to_final=2.194 speed=0.037 confirm=0/10 final_goal_reached=false
[race_ego_cloud_bridge-8] [INFO] [1786461612.620907645] [race_ego_cloud_bridge]: [EGO_MAP_FUSION] static_points=9161 live_raw_points=14944 confirmed_live_voxels=5056 min_observations=2 memory_sec=1.00 fused_points=14217
[race_ego_cloud_bridge-8] [INFO] [1786461612.823260710] [race_ego_cloud_bridge]: [EGO_MAP_INPUT] topic=/race/ego/cloud frame=map points=14255 source=static_live_px4 refresh_period=0.00s
[super_planner_ros2_node-6] [INFO] [1786461612.839656878] [super_planner_ros2_node]: [FINAL_GOAL_CHECK] global_goal_id=1 distance_to_final=2.191 speed=0.037 confirm=0/10 final_goal_reached=false
[offboard_waypoint_node-1] [INFO] [1786461612.891902766] [offboard_waypoint_node]: [EV_HOLD_WAIT] continuous_healthy=7.08s required=7.50s
[super_planner_ros2_node-6] [INFO] [1786461613.042150761] [super_planner_ros2_node]: [SUPER_TAKEOFF_PATH_FREEZE] path_id=1 height=-0.222 release_height=0.500 cross_track_ignored=0.037 local_goal_seq=1
[ego_planner_node-10] [FSM]: state: WAIT_TARGET
[ego_planner_node-10] wait for goal or trigger.
[super_planner_ros2_node-6] [INFO] [1786461613.189977964] [super_planner_ros2_node]: SUPER_ROS2 mode=FOLLOWING enable_output=false reason=TAKEOFF_GLOBAL_PATH_FROZEN odom=(0.01,0.61,-0.22) goal=set tracking_setpoint_enu=(0.03,0.64,0.78) setpoint_ned=none yaw(desired/cmd/rate)=(0.00/0.00/0.00) cross_track=0.04 frame_id=px4_ned path_points=45 odom_source=/race/ego/odom cloud_source=/saved_map mavros_connected=true
[offboard_waypoint_node-1] [INFO] [1786461613.292129369] [offboard_waypoint_node]: [CONTROL_ARBITER] selected_source=waiting_for_ev_ground_reference state=WAITING_FOR_ODOM
[super_planner_ros2_node-6] [INFO] [1786461613.339892407] [super_planner_ros2_node]: [FINAL_GOAL_CHECK] global_goal_id=1 distance_to_final=2.190 speed=0.037 confirm=0/10 final_goal_reached=false
[offboard_waypoint_node-1] [WARN] [1786461613.342174338] [offboard_waypoint_node]: [HOLD_POSITION] x=-0.005 y=0.607 z=0.222 yaw=1.637 reason=EV-ready startup idle hold
[offboard_waypoint_node-1] [WARN] [1786461613.342296086] [offboard_waypoint_node]: [CONTROL_STATE] WAITING_FOR_ODOM -> IDLE_HOLD: no active goal
[offboard_waypoint_node-1] [INFO] [1786461613.342424328] [offboard_waypoint_node]: [HOLD_ERROR] position_error=0.000 velocity=0.037 state=IDLE_HOLD
[race_ego_cloud_bridge-8] [INFO] [1786461613.732245308] [race_ego_cloud_bridge]: [EGO_STATIC_MAP_READY] topic=/saved_map frame=map points=9161 fused=true
[super_planner_ros2_node-6] [INFO] [1786461613.840058392] [super_planner_ros2_node]: [FINAL_GOAL_CHECK] global_goal_id=1 distance_to_final=2.185 speed=0.039 confirm=0/10 final_goal_reached=false
[super_planner_ros2_node-6] [INFO] [1786461614.042273956] [super_planner_ros2_node]: [SUPER_TAKEOFF_PATH_FREEZE] path_id=1 height=-0.218 release_height=0.500 cross_track_ignored=0.044 local_goal_seq=1
[offboard_waypoint_node-1] [INFO] [1786461614.136673853] [offboard_waypoint_node]: [EV_HEALTH] state=SUSPECT continuous_healthy=0.00s
[ego_planner_node-10] [FSM]: state: WAIT_TARGET
[ego_planner_node-10] wait for goal or trigger.
[offboard_waypoint_node-1] [WARN] [1786461614.142684100] [offboard_waypoint_node]: [GROUND_REFERENCE_INVALIDATED] EV is no longer continuously healthy while disarmed
[offboard_waypoint_node-1] [WARN] [1786461614.142766402] [offboard_waypoint_node]: [CONTROL_STATE] IDLE_HOLD -> WAITING_FOR_ODOM: waiting for continuous EV health before initial hold
[offboard_waypoint_node-1] [INFO] [1786461614.142782701] [offboard_waypoint_node]: [EV_HOLD_WAIT] continuous_healthy=0.00s required=7.50s
[ego_planner_node-10] [INFO] [1786461614.149079619] [race_ego_planner]: [EGO_OCCUPANCY_UPDATE] input_topic=grid_map/cloud input_frame=map occupancy_frame=map cloud_points=13715 local_points=5364 occupied_voxels=21325 camera=(0.004,0.600,-0.219) local_index_bounds=[(38,48,0),(122,132,7)]
[race_ego_trajectory_bridge-12] [INFO] [1786461614.149571916] [race_ego_trajectory_bridge]: [EGO_OCCUPANCY_MAP] topic=/race/ego/cloud frame=map raw_points=13715 map_age=0.006
[super_planner_ros2_node-6] [INFO] [1786461614.190296596] [super_planner_ros2_node]: SUPER_ROS2 mode=FOLLOWING enable_output=false reason=TAKEOFF_GLOBAL_PATH_FROZEN odom=(0.01,0.60,-0.22) goal=set tracking_setpoint_enu=(0.03,0.64,0.78) setpoint_ned=none yaw(desired/cmd/rate)=(0.00/0.00/0.00) cross_track=0.05 frame_id=px4_ned path_points=45 odom_source=/race/ego/odom cloud_source=/saved_map mavros_connected=true
[offboard_waypoint_node-1] [INFO] [1786461614.292492753] [offboard_waypoint_node]: [CONTROL_ARBITER] selected_source=waiting_for_ev_ground_reference state=WAITING_FOR_ODOM
[super_planner_ros2_node-6] [INFO] [1786461614.340226078] [super_planner_ros2_node]: [FINAL_GOAL_CHECK] global_goal_id=1 distance_to_final=2.180 speed=0.047 confirm=0/10 final_goal_reached=false
[race_ego_cloud_bridge-8] [INFO] [1786461614.721186642] [race_ego_cloud_bridge]: [EGO_MAP_FUSION] static_points=9161 live_raw_points=11969 confirmed_live_voxels=3858 min_observations=2 memory_sec=1.00 fused_points=13019
[super_planner_ros2_node-6] [INFO] [1786461614.840413591] [super_planner_ros2_node]: [FINAL_GOAL_CHECK] global_goal_id=1 distance_to_final=2.174 speed=0.052 confirm=0/10 final_goal_reached=false
[race_ego_cloud_bridge-8] [INFO] [1786461614.937728249] [race_ego_cloud_bridge]: [EGO_MAP_INPUT] topic=/race/ego/cloud frame=map points=13337 source=static_live_px4 refresh_period=0.00s
[super_planner_ros2_node-6] [INFO] [1786461615.043423861] [super_planner_ros2_node]: [SUPER_TAKEOFF_PATH_FREEZE] path_id=1 height=-0.231 release_height=0.500 cross_track_ignored=0.051 local_goal_seq=1
[offboard_waypoint_node-1] [INFO] [1786461615.142799649] [offboard_waypoint_node]: [EV_HOLD_WAIT] continuous_healthy=0.00s required=7.50s
[ego_planner_node-10] [FSM]: state: WAIT_TARGET
[ego_planner_node-10] wait for goal or trigger.
[super_planner_ros2_node-6] [INFO] [1786461615.190604366] [super_planner_ros2_node]: SUPER_ROS2 mode=FOLLOWING enable_output=false reason=TAKEOFF_GLOBAL_PATH_FROZEN odom=(0.01,0.59,-0.23) goal=set tracking_setpoint_enu=(0.03,0.64,0.78) setpoint_ned=none yaw(desired/cmd/rate)=(0.00/0.00/0.00) cross_track=0.05 frame_id=px4_ned path_points=45 odom_source=/race/ego/odom cloud_source=/saved_map mavros_connected=true
[offboard_waypoint_node-1] [INFO] [1786461615.293266736] [offboard_waypoint_node]: [CONTROL_ARBITER] selected_source=waiting_for_ev_ground_reference state=WAITING_FOR_ODOM
[super_planner_ros2_node-6] [INFO] [1786461615.340760592] [super_planner_ros2_node]: [FINAL_GOAL_CHECK] global_goal_id=1 distance_to_final=2.173 speed=0.050 confirm=0/10 final_goal_reached=false
[navigation stack (prewarm)] 正在停止进程组 5083
[navigation stack (prewarm)] 已退出，状态码 143
