[navigation stack (prewarm)] starting
[navigation stack (prewarm)] command: env MAP_FILE=/home/robot/rong_ws/ws_offboard_control/maps/fastlio_global_3d_20260810/GlobalMap_去顶端_z3m.pcd PLANNER_BACKEND=super TUNING_FILE=/home/robot/rong_ws/ws_offboard_control/src/race_bringup/config/astar_ego_tuning.yaml MISSION_ENABLED=false RECOGNITION_ENABLED=false RVIZ=true ENABLE_OUTPUT=true MANUAL_HANDOVER=true MAP_AUTO_LOAD=true /home/robot/rong_ws/ws_offboard_control/tools/flight/运行导航控制.sh
[navigation stack (prewarm)] pid=14599 pgid=14599 log=/home/robot/rong_ws/ws_offboard_control/flight_records/20260812/flight_20260812_024252/logs/navigation.log
导航后端：    请求=super，实际=super，EGO开关=false
任务序列器：  false
地图文件：    /home/robot/rong_ws/ws_offboard_control/maps/fastlio_global_3d_20260810/GlobalMap_去顶端_z3m.pcd
地图自动加载：true
Recognition:        false
导航输出：    true
人工接管：    true
[INFO] [launch]: All log files can be found below /home/robot/.ros/log/2026-08-12-02-43-41-206815-robot-14599
[INFO] [launch]: Default logging verbosity is set to INFO
[INFO] [launch.user]: [PLANNER_BACKEND] requested=super effective=super ego_enabled=False
[INFO] [launch.user]: [TUNING_FILE]
[INFO] [launch.user]: path=/home/robot/rong_ws/ws_offboard_control/src/race_bringup/config/astar_ego_tuning.yaml
[INFO] [launch.user]: schema_version=1
[INFO] [launch.user]: [EGO_MAP_SOURCE]
[INFO] [launch.user]: ego_map_source=static_live_px4
[INFO] [launch.user]: [EGO_MAP_TUNING]
[INFO] [launch.user]: {'live_topic': '/cloud_registered', 'body_topic': '/cloud_registered_body', 'pose_topic': '/mavros/local_position/pose', 'live_obstacle_memory_sec': 1.0, 'live_obstacle_voxel_size_m': 0.1, 'live_obstacle_min_observations': 2, 'minimum_reliable_detection_range_m': 0.725, 'pose_sync_max_skew_sec': 0.3, 'pose_buffer_duration_sec': 1.0}
[INFO] [launch.user]: [SHARED_BOUNDS]
[INFO] [launch.user]: x=[-0.85,11.9] y=[-3.2,12.4] z=[0.5,0.85] margin=0.15
[INFO] [launch.user]: [GLOBAL_PLANNER_TUNING]
[INFO] [launch.user]: {'grid_resolution': 0.15, 'planning_resolution': 0.05, 'hard_inflation_radius': 0.28, 'min_planning_inflation_radius': 0.28, 'soft_obstacle_cost_radius': 0.54, 'clearance_cost_weight': 3.0, 'tracking_lookahead_distance': 0.3, 'max_local_goal_distance': 1.7, 'smoothing_min_clearance': 0.1, 'allow_direct_path': False, 'enable_path_shortcut': False}
[INFO] [launch.user]: [EGO_TUNING]
[INFO] [launch.user]: {'enable': False, 'planning_horizon': 5.0, 'local_update_range_x': 6.0, 'local_update_range_y': 6.0, 'local_update_range_z': 1.25, 'occupancy_map_size_x': 24.0, 'occupancy_map_size_y': 26.0, 'occupancy_publish_max_height': 2.5, 'max_velocity': 0.6, 'max_acceleration': 0.8, 'control_point_spacing': 0.25, 'planning_clearance_m': 0.34, 'constrained_clearance_enable': False, 'constrained_clearance_m': 0.24, 'constrained_optimization_clearance_m': 0.3, 'far_end_clearance_extra_m': 0.06, 'optimization_clearance_m': 0.42, 'max_reference_deviation_m': 0.8, 'use_distinctive_trajectories': True, 'replan_start_position_error_m': 0.25, 'handover_position_tolerance_m': 0.01, 'handover_velocity_tolerance_mps': 0.005, 'handover_acceleration_tolerance_mps2': 0.01, 'fixed_flight_height': 0.78}
[INFO] [launch.user]: [BRIDGE_TUNING]
[INFO] [launch.user]: {'occupancy_timeout_sec': 1.0, 'active_recheck_history_sec': 0.5, 'bspline_timeout_sec': 0.2, 'command_timeout_sec': 0.2, 'dynamic_invalid_grace_sec': 0.75, 'replan_hold_timeout_sec': 3.0, 'collision_sample_spacing_m': 0.04, 'braking_deceleration_mps2': 0.8, 'reaction_time_sec': 0.15, 'dynamic_limit_margin': 1.1, 'max_yaw_rate_rad_s': 0.8}
[INFO] [launch.user]: [OFFBOARD_TUNING]
[INFO] [launch.user]: {'takeoff_height_m': 0.55, 'ego_goal_release_height_m': 0.5, 'ego_goal_stable_height_tolerance_m': 0.05, 'ego_goal_stable_horizontal_speed_mps': 0.08, 'ego_goal_stable_vertical_speed_mps': 0.05, 'ego_goal_stable_duration_sec': 0.5, 'fixed_flight_height_m': 0.78, 'max_safe_height_m': 0.85, 'goal_tolerance_xy_m': 0.1, 'goal_tolerance_z_m': 0.05, 'setpoint_rate_hz': 20.0, 'trusted_position_max_speed_mps': 4.0, 'trusted_position_jump_allowance_m': 0.4, 'ego_setpoint_max_lead_m': 2.0, 'ego_setpoint_timeout_sec': 2.5, 'same_goal_retry_on_safety_latch': True, 'ego_yaw_rate_limit_rad_s': 0.8, 'initial_position_stabilization_sec': 0.5, 'initial_position_max_spread_m': 0.08, 'initial_position_max_speed_mps': 0.2}
[INFO] [offboard_waypoint_node-1]: process started with pid [14653]
[INFO] [fastlio_bridge_node-2]: process started with pid [14655]
[INFO] [frame_transform_node-3]: process started with pid [14657]
[INFO] [map_io_node-4]: process started with pid [14659]
[INFO] [mapping_manager_node-5]: process started with pid [14661]
[INFO] [super_planner_ros2_node-6]: process started with pid [14663]
[INFO] [rviz2-7]: process started with pid [14665]
[offboard_waypoint_node-1] [INFO] [1786473821.350205357] [offboard_waypoint_node]: Offboard adapter: control_source=navigation navigation_topic=/race/navigation_setpoint ego_topic=/race/ego/trajectory_setpoint frame=px4_ned timeout=0.80s ego_timeout=0.20s height=[0.50, 0.85]m warmup=1.0s stabilization=3.0s takeoff_complete=0.55m strict_health=false
[offboard_waypoint_node-1] [INFO] [1786473821.350318248] [offboard_waypoint_node]: [PLANNER_SOURCE] backend=navigation
[offboard_waypoint_node-1] [INFO] [1786473821.350326860] [offboard_waypoint_node]: [TRAJECTORY_SOURCE] selected=navigation timeout=2.50s
[fastlio_bridge_node-2] [INFO] [1786473821.353375290] [fastlio_bridge_node]: FAST-LIO2 里程计桥接已启动：订阅 /Odometry -> /race/odom, /race/pose
[mapping_manager_node-5] [INFO] [1786473821.353837365] [mapping_manager_node]: mapping_manager_node started
[mapping_manager_node-5] [INFO] [1786473821.353933808] [mapping_manager_node]:   auto_load_on_start: false
[mapping_manager_node-5] [INFO] [1786473821.353945720] [mapping_manager_node]:   auto_save_on_land: true
[frame_transform_node-3] [INFO] [1786473821.355932182] [frame_transform_node]: frame_transform_node started
[frame_transform_node-3] [INFO] [1786473821.356045848] [frame_transform_node]:   Published static TF: map -> odom (identity)
[frame_transform_node-3] [INFO] [1786473821.356058151] [frame_transform_node]:   Published static TF: camera_init -> map (identity, RViz display only)
[super_planner_ros2_node-6] [INFO] [1786473821.364003864] [super_planner_ros2_node]: MODE_INIT enable_output=true setpoint_topic=/race/navigation_setpoint setpoint_frame=px4_ned control_rate=20.0 replan_rate=2.0 tracking_lookahead=0.30 heading_lookahead=0.80 max_yaw_rate=1.00 odom_topic=/mavros/local_position/odom odom_input_frame=map_enu require_mavros_connected=false mavros_state_topic=/mavros/state cloud_topic=/saved_map PLANNER_INTERNAL_FRAME=map hard_inflation=0.28 soft_cost_radius=0.54 clearance_cost_weight=3.00 smoothing=true method=chaikin iterations=2 sample_resolution=0.10 allow_direct_path=false enable_path_shortcut=false
[super_planner_ros2_node-6] [INFO] [1786473821.364199740] [super_planner_ros2_node]: GLOBAL_MODE global_only=false control_output=true global_path=disabled local_goal=disabled
[super_planner_ros2_node-6] [INFO] [1786473821.364214615] [super_planner_ros2_node]: [SUPER_MODE] global_only=false max_planning_distance=9.000 segment_chaining=false
[super_planner_ros2_node-6] [INFO] [1786473821.364227085] [super_planner_ros2_node]: [SUPER_DIRECT_MODE] enabled=false
[super_planner_ros2_node-6] [INFO] [1786473821.364236485] [super_planner_ros2_node]: [SHARED_BOUNDS] x=[-0.85,11.90] y=[-3.20,12.40] z=[0.50,0.85] margin=0.15
[map_io_node-4] [INFO] [1786473821.365868896] [map_io_node]: map_io_node started
[map_io_node-4] [INFO] [1786473821.365979756] [map_io_node]:   map_file: /home/robot/rong_ws/ws_offboard_control/maps/fastlio_global_3d_20260810/GlobalMap_去顶端_z3m.pcd
[map_io_node-4] [INFO] [1786473821.365992995] [map_io_node]:   publish_topic: /saved_map
[map_io_node-4] [INFO] [1786473821.366002253] [map_io_node]:   display_leaf_size: 0.10 m
[map_io_node-4] [INFO] [1786473821.366014148] [map_io_node]:   max_display_points: 3000000
[offboard_waypoint_node-1] [INFO] [1786473821.400353656] [offboard_waypoint_node]: [EV_HOLD_WAIT] continuous_healthy=0.00s required=7.50s
[offboard_waypoint_node-1] [INFO] [1786473821.400429652] [offboard_waypoint_node]: [CONTROL_ARBITER] selected_source=waiting_for_ev_ground_reference state=WAITING_FOR_ODOM
[super_planner_ros2_node-6] [INFO] [1786473821.414251838] [super_planner_ros2_node]: SUPER_ROS2 mode=NO_ODOM enable_output=true reason=NO_ODOM odom=(0.00,0.00,0.00) goal=none tracking_setpoint_enu=(0.00,0.00,0.00) setpoint_ned=none yaw(desired/cmd/rate)=(0.00/0.00/0.00) cross_track=0.00 frame_id=px4_ned path_points=0 odom_source=none cloud_source=none mavros_connected=false
[rviz2-7] [INFO] [1786473821.672128755] [rviz2]: Stereo is NOT SUPPORTED
[rviz2-7] [INFO] [1786473821.672491919] [rviz2]: OpenGl version: 4.6 (GLSL 4.6)
[rviz2-7] [INFO] [1786473821.719088518] [rviz2]: Stereo is NOT SUPPORTED
[map_io_node-4] [INFO] [1786473822.369252235] [map_io_node]: Loaded 9628 points from /home/robot/rong_ws/ws_offboard_control/maps/fastlio_global_3d_20260810/GlobalMap_去顶端_z3m.pcd
[offboard_waypoint_node-1] [INFO] [1786473822.400440115] [offboard_waypoint_node]: [EV_HOLD_WAIT] continuous_healthy=0.00s required=7.50s
[offboard_waypoint_node-1] [INFO] [1786473822.400554621] [offboard_waypoint_node]: [CONTROL_ARBITER] selected_source=waiting_for_ev_ground_reference state=WAITING_FOR_ODOM
[map_io_node-4] [INFO] [1786473822.401285586] [map_io_node]: Downsampled display map: 9628 -> 9161 points (leaf 0.10 m)
[map_io_node-4] [INFO] [1786473822.402023913] [map_io_node]: Published map to /saved_map (frame: map)
[super_planner_ros2_node-6] [WARN] [1786473822.402555343] [super_planner_ros2_node]: Using cloud source: /saved_map frame_id=map
[super_planner_ros2_node-6] [INFO] [1786473822.416113519] [super_planner_ros2_node]: SUPER_ROS2 mode=NO_ODOM enable_output=true reason=NO_ODOM odom=(0.00,0.00,0.00) goal=none tracking_setpoint_enu=(0.00,0.00,0.00) setpoint_ned=none yaw(desired/cmd/rate)=(0.00/0.00/0.00) cross_track=0.00 frame_id=px4_ned path_points=0 odom_source=none cloud_source=/saved_map mavros_connected=false
[offboard_waypoint_node-1] [INFO] [1786473823.400624046] [offboard_waypoint_node]: [EV_HOLD_WAIT] continuous_healthy=0.00s required=7.50s
[offboard_waypoint_node-1] [INFO] [1786473823.400831294] [offboard_waypoint_node]: [CONTROL_ARBITER] selected_source=waiting_for_ev_ground_reference state=WAITING_FOR_ODOM
[super_planner_ros2_node-6] [INFO] [1786473823.464368666] [super_planner_ros2_node]: SUPER_ROS2 mode=NO_ODOM enable_output=true reason=NO_ODOM odom=(0.00,0.00,0.00) goal=none tracking_setpoint_enu=(0.00,0.00,0.00) setpoint_ned=none yaw(desired/cmd/rate)=(0.00/0.00/0.00) cross_track=0.00 frame_id=px4_ned path_points=0 odom_source=none cloud_source=/saved_map mavros_connected=false
[offboard_waypoint_node-1] [INFO] [1786473824.400779732] [offboard_waypoint_node]: [EV_HOLD_WAIT] continuous_healthy=0.00s required=7.50s
[offboard_waypoint_node-1] [INFO] [1786473824.401034708] [offboard_waypoint_node]: [CONTROL_ARBITER] selected_source=waiting_for_ev_ground_reference state=WAITING_FOR_ODOM
[super_planner_ros2_node-6] [INFO] [1786473824.464597891] [super_planner_ros2_node]: SUPER_ROS2 mode=NO_ODOM enable_output=true reason=NO_ODOM odom=(0.00,0.00,0.00) goal=none tracking_setpoint_enu=(0.00,0.00,0.00) setpoint_ned=none yaw(desired/cmd/rate)=(0.00/0.00/0.00) cross_track=0.00 frame_id=px4_ned path_points=0 odom_source=none cloud_source=/saved_map mavros_connected=false
[offboard_waypoint_node-1] [INFO] [1786473825.450629006] [offboard_waypoint_node]: [EV_HOLD_WAIT] continuous_healthy=0.00s required=7.50s
[offboard_waypoint_node-1] [INFO] [1786473825.450761510] [offboard_waypoint_node]: [CONTROL_ARBITER] selected_source=waiting_for_ev_ground_reference state=WAITING_FOR_ODOM
[super_planner_ros2_node-6] [INFO] [1786473825.464646120] [super_planner_ros2_node]: SUPER_ROS2 mode=NO_ODOM enable_output=true reason=NO_ODOM odom=(0.00,0.00,0.00) goal=none tracking_setpoint_enu=(0.00,0.00,0.00) setpoint_ned=none yaw(desired/cmd/rate)=(0.00/0.00/0.00) cross_track=0.00 frame_id=px4_ned path_points=0 odom_source=none cloud_source=/saved_map mavros_connected=false
[offboard_waypoint_node-1] [INFO] [1786473826.450657805] [offboard_waypoint_node]: [EV_HOLD_WAIT] continuous_healthy=0.00s required=7.50s
[offboard_waypoint_node-1] [INFO] [1786473826.450771113] [offboard_waypoint_node]: [CONTROL_ARBITER] selected_source=waiting_for_ev_ground_reference state=WAITING_FOR_ODOM
[super_planner_ros2_node-6] [INFO] [1786473826.464655545] [super_planner_ros2_node]: SUPER_ROS2 mode=NO_ODOM enable_output=true reason=NO_ODOM odom=(0.00,0.00,0.00) goal=none tracking_setpoint_enu=(0.00,0.00,0.00) setpoint_ned=none yaw(desired/cmd/rate)=(0.00/0.00/0.00) cross_track=0.00 frame_id=px4_ned path_points=0 odom_source=none cloud_source=/saved_map mavros_connected=false
[offboard_waypoint_node-1] [INFO] [1786473827.450787349] [offboard_waypoint_node]: [EV_HOLD_WAIT] continuous_healthy=0.00s required=7.50s
[offboard_waypoint_node-1] [INFO] [1786473827.451068053] [offboard_waypoint_node]: [CONTROL_ARBITER] selected_source=waiting_for_ev_ground_reference state=WAITING_FOR_ODOM
[super_planner_ros2_node-6] [INFO] [1786473827.515008160] [super_planner_ros2_node]: SUPER_ROS2 mode=NO_ODOM enable_output=true reason=NO_ODOM odom=(0.00,0.00,0.00) goal=none tracking_setpoint_enu=(0.00,0.00,0.00) setpoint_ned=none yaw(desired/cmd/rate)=(0.00/0.00/0.00) cross_track=0.00 frame_id=px4_ned path_points=0 odom_source=none cloud_source=/saved_map mavros_connected=false
[offboard_waypoint_node-1] [INFO] [1786473828.450854021] [offboard_waypoint_node]: [EV_HOLD_WAIT] continuous_healthy=0.00s required=7.50s
[offboard_waypoint_node-1] [INFO] [1786473828.451091644] [offboard_waypoint_node]: [CONTROL_ARBITER] selected_source=waiting_for_ev_ground_reference state=WAITING_FOR_ODOM
[super_planner_ros2_node-6] [INFO] [1786473828.564844887] [super_planner_ros2_node]: SUPER_ROS2 mode=NO_ODOM enable_output=true reason=NO_ODOM odom=(0.00,0.00,0.00) goal=none tracking_setpoint_enu=(0.00,0.00,0.00) setpoint_ned=none yaw(desired/cmd/rate)=(0.00/0.00/0.00) cross_track=0.00 frame_id=px4_ned path_points=0 odom_source=none cloud_source=/saved_map mavros_connected=false
[offboard_waypoint_node-1] [INFO] [1786473829.501088633] [offboard_waypoint_node]: [EV_HOLD_WAIT] continuous_healthy=0.00s required=7.50s
[offboard_waypoint_node-1] [INFO] [1786473829.501392894] [offboard_waypoint_node]: [CONTROL_ARBITER] selected_source=waiting_for_ev_ground_reference state=WAITING_FOR_ODOM
[super_planner_ros2_node-6] [INFO] [1786473829.614679858] [super_planner_ros2_node]: SUPER_ROS2 mode=NO_ODOM enable_output=true reason=NO_ODOM odom=(0.00,0.00,0.00) goal=none tracking_setpoint_enu=(0.00,0.00,0.00) setpoint_ned=none yaw(desired/cmd/rate)=(0.00/0.00/0.00) cross_track=0.00 frame_id=px4_ned path_points=0 odom_source=none cloud_source=/saved_map mavros_connected=false
[offboard_waypoint_node-1] [INFO] [1786473830.551602154] [offboard_waypoint_node]: [EV_HOLD_WAIT] continuous_healthy=0.00s required=7.50s
[offboard_waypoint_node-1] [INFO] [1786473830.551770462] [offboard_waypoint_node]: [CONTROL_ARBITER] selected_source=waiting_for_ev_ground_reference state=WAITING_FOR_ODOM
[super_planner_ros2_node-6] [INFO] [1786473830.615062669] [super_planner_ros2_node]: SUPER_ROS2 mode=NO_ODOM enable_output=true reason=NO_ODOM odom=(0.00,0.00,0.00) goal=none tracking_setpoint_enu=(0.00,0.00,0.00) setpoint_ned=none yaw(desired/cmd/rate)=(0.00/0.00/0.00) cross_track=0.00 frame_id=px4_ned path_points=0 odom_source=none cloud_source=/saved_map mavros_connected=false
[offboard_waypoint_node-1] [INFO] [1786473831.601029867] [offboard_waypoint_node]: [EV_HOLD_WAIT] continuous_healthy=0.00s required=7.50s
[offboard_waypoint_node-1] [INFO] [1786473831.601141488] [offboard_waypoint_node]: [CONTROL_ARBITER] selected_source=waiting_for_ev_ground_reference state=WAITING_FOR_ODOM
[super_planner_ros2_node-6] [INFO] [1786473831.615080067] [super_planner_ros2_node]: SUPER_ROS2 mode=NO_ODOM enable_output=true reason=NO_ODOM odom=(0.00,0.00,0.00) goal=none tracking_setpoint_enu=(0.00,0.00,0.00) setpoint_ned=none yaw(desired/cmd/rate)=(0.00/0.00/0.00) cross_track=0.00 frame_id=px4_ned path_points=0 odom_source=none cloud_source=/saved_map mavros_connected=false
[offboard_waypoint_node-1] [INFO] [1786473832.601192831] [offboard_waypoint_node]: [EV_HOLD_WAIT] continuous_healthy=0.00s required=7.50s
[offboard_waypoint_node-1] [INFO] [1786473832.601438711] [offboard_waypoint_node]: [CONTROL_ARBITER] selected_source=waiting_for_ev_ground_reference state=WAITING_FOR_ODOM
[super_planner_ros2_node-6] [INFO] [1786473832.664851350] [super_planner_ros2_node]: SUPER_ROS2 mode=NO_ODOM enable_output=true reason=NO_ODOM odom=(0.00,0.00,0.00) goal=none tracking_setpoint_enu=(0.00,0.00,0.00) setpoint_ned=none yaw(desired/cmd/rate)=(0.00/0.00/0.00) cross_track=0.00 frame_id=px4_ned path_points=0 odom_source=none cloud_source=/saved_map mavros_connected=false
[offboard_waypoint_node-1] [INFO] [1786473833.651138205] [offboard_waypoint_node]: [EV_HOLD_WAIT] continuous_healthy=0.00s required=7.50s
[offboard_waypoint_node-1] [INFO] [1786473833.651243394] [offboard_waypoint_node]: [CONTROL_ARBITER] selected_source=waiting_for_ev_ground_reference state=WAITING_FOR_ODOM
[super_planner_ros2_node-6] [INFO] [1786473833.664960705] [super_planner_ros2_node]: SUPER_ROS2 mode=NO_ODOM enable_output=true reason=NO_ODOM odom=(0.00,0.00,0.00) goal=none tracking_setpoint_enu=(0.00,0.00,0.00) setpoint_ned=none yaw(desired/cmd/rate)=(0.00/0.00/0.00) cross_track=0.00 frame_id=px4_ned path_points=0 odom_source=none cloud_source=/saved_map mavros_connected=false
[fastlio_bridge_node-2] [INFO] [1786473834.053617259] [fastlio_bridge_node]: 已桥接并转换里程计: ENU(0.00, 0.01, 0.00) -> NED(-0.00, 0.01, -0.00)
[offboard_waypoint_node-1] [INFO] [1786473834.651373595] [offboard_waypoint_node]: [EV_HOLD_WAIT] continuous_healthy=0.00s required=7.50s
[offboard_waypoint_node-1] [INFO] [1786473834.651678529] [offboard_waypoint_node]: [CONTROL_ARBITER] selected_source=waiting_for_ev_ground_reference state=WAITING_FOR_ODOM
[super_planner_ros2_node-6] [INFO] [1786473834.665141637] [super_planner_ros2_node]: SUPER_ROS2 mode=NO_ODOM enable_output=true reason=NO_ODOM odom=(0.00,0.00,0.00) goal=none tracking_setpoint_enu=(0.00,0.00,0.00) setpoint_ned=none yaw(desired/cmd/rate)=(0.00/0.00/0.00) cross_track=0.00 frame_id=px4_ned path_points=0 odom_source=none cloud_source=/saved_map mavros_connected=false
[super_planner_ros2_node-6] [INFO] [1786473835.665225052] [super_planner_ros2_node]: SUPER_ROS2 mode=NO_ODOM enable_output=true reason=NO_ODOM odom=(0.00,0.00,0.00) goal=none tracking_setpoint_enu=(0.00,0.00,0.00) setpoint_ned=none yaw(desired/cmd/rate)=(0.00/0.00/0.00) cross_track=0.00 frame_id=px4_ned path_points=0 odom_source=none cloud_source=/saved_map mavros_connected=false
[offboard_waypoint_node-1] [INFO] [1786473835.701308520] [offboard_waypoint_node]: [EV_HOLD_WAIT] continuous_healthy=0.00s required=7.50s
[offboard_waypoint_node-1] [INFO] [1786473835.701466238] [offboard_waypoint_node]: [CONTROL_ARBITER] selected_source=waiting_for_ev_ground_reference state=WAITING_FOR_ODOM
[offboard_waypoint_node-1] [INFO] [1786473835.958023333] [offboard_waypoint_node]: [EV_HEALTH] state=SUSPECT continuous_healthy=0.00s
[fastlio_bridge_node-2] [INFO] [1786473836.053907206] [fastlio_bridge_node]: 已桥接并转换里程计: ENU(0.02, 0.02, -0.01) -> NED(-0.02, 0.02, 0.01)
[super_planner_ros2_node-6] [WARN] [1786473836.173314084] [super_planner_ros2_node]: MAVROS reports connected=false; FCU link is down.
[offboard_waypoint_node-1] [WARN] [1786473836.269551702] [offboard_waypoint_node]: [POSE_WAIT] no local velocity sample yet on /mavros/local_position/velocity_local
[super_planner_ros2_node-6] [WARN] [1786473836.269610834] [super_planner_ros2_node]: Using odom source: /mavros/local_position/odom odom_input_frame=map_enu planner_enu=(0.03, -0.04, -0.23)
[offboard_waypoint_node-1] [INFO] [1786473836.322378175] [offboard_waypoint_node]: [EV_HEALTH] state=FAULT continuous_healthy=0.00s
[super_planner_ros2_node-6] [INFO] [1786473836.665697473] [super_planner_ros2_node]: SUPER_ROS2 mode=IDLE enable_output=true reason=NO_GOAL odom=(0.03,-0.04,-0.23) goal=none tracking_setpoint_enu=(0.03,-0.04,0.78) setpoint_ned=none yaw(desired/cmd/rate)=(0.00/0.00/0.00) cross_track=0.00 frame_id=px4_ned path_points=0 odom_source=/mavros/local_position/odom cloud_source=/saved_map mavros_connected=true
[offboard_waypoint_node-1] [INFO] [1786473836.701507923] [offboard_waypoint_node]: [EV_HOLD_WAIT] continuous_healthy=0.00s required=7.50s
[offboard_waypoint_node-1] [INFO] [1786473836.701739465] [offboard_waypoint_node]: [CONTROL_ARBITER] selected_source=waiting_for_ev_ground_reference state=WAITING_FOR_ODOM
[offboard_waypoint_node-1] [INFO] [1786473836.836564591] [offboard_waypoint_node]: [POSE_TRUSTED] stable_for=0.53s position_ned=(-0.038,0.035,0.232)
[super_planner_ros2_node-6] [INFO] [1786473837.715452847] [super_planner_ros2_node]: SUPER_ROS2 mode=IDLE enable_output=true reason=NO_GOAL odom=(0.03,-0.04,-0.23) goal=none tracking_setpoint_enu=(0.03,-0.04,0.78) setpoint_ned=none yaw(desired/cmd/rate)=(0.00/0.00/0.00) cross_track=0.00 frame_id=px4_ned path_points=0 odom_source=/mavros/local_position/odom cloud_source=/saved_map mavros_connected=true
[offboard_waypoint_node-1] [INFO] [1786473837.751385886] [offboard_waypoint_node]: [EV_HOLD_WAIT] continuous_healthy=0.00s required=7.50s
[offboard_waypoint_node-1] [INFO] [1786473837.751499199] [offboard_waypoint_node]: [CONTROL_ARBITER] selected_source=waiting_for_ev_ground_reference state=WAITING_FOR_ODOM
[fastlio_bridge_node-2] [INFO] [1786473838.052802944] [fastlio_bridge_node]: 已桥接并转换里程计: ENU(0.03, 0.03, -0.01) -> NED(-0.03, 0.03, 0.01)
[offboard_waypoint_node-1] [INFO] [1786473838.751480125] [offboard_waypoint_node]: [EV_HOLD_WAIT] continuous_healthy=0.00s required=7.50s
[offboard_waypoint_node-1] [INFO] [1786473838.751603336] [offboard_waypoint_node]: [CONTROL_ARBITER] selected_source=waiting_for_ev_ground_reference state=WAITING_FOR_ODOM
[super_planner_ros2_node-6] [INFO] [1786473838.765807884] [super_planner_ros2_node]: SUPER_ROS2 mode=IDLE enable_output=true reason=NO_GOAL odom=(0.03,-0.04,-0.23) goal=none tracking_setpoint_enu=(0.03,-0.04,0.78) setpoint_ned=none yaw(desired/cmd/rate)=(0.00/0.00/0.00) cross_track=0.00 frame_id=px4_ned path_points=0 odom_source=/mavros/local_position/odom cloud_source=/saved_map mavros_connected=true
[offboard_waypoint_node-1] [INFO] [1786473838.855533822] [offboard_waypoint_node]: [EV_HEALTH] state=HEALTHY continuous_healthy=0.00s
[offboard_waypoint_node-1] [INFO] [1786473839.751582840] [offboard_waypoint_node]: [EV_HOLD_WAIT] continuous_healthy=0.90s required=7.50s
[offboard_waypoint_node-1] [INFO] [1786473839.752030965] [offboard_waypoint_node]: [CONTROL_ARBITER] selected_source=waiting_for_ev_ground_reference state=WAITING_FOR_ODOM
[super_planner_ros2_node-6] [INFO] [1786473839.815429450] [super_planner_ros2_node]: SUPER_ROS2 mode=IDLE enable_output=true reason=NO_GOAL odom=(0.03,0.03,-0.10) goal=none tracking_setpoint_enu=(0.03,0.03,0.78) setpoint_ned=none yaw(desired/cmd/rate)=(0.00/0.00/0.00) cross_track=0.00 frame_id=px4_ned path_points=0 odom_source=/mavros/local_position/odom cloud_source=/saved_map mavros_connected=true
[fastlio_bridge_node-2] [INFO] [1786473840.053907161] [fastlio_bridge_node]: 已桥接并转换里程计: ENU(0.02, 0.02, -0.01) -> NED(-0.02, 0.02, 0.01)
[offboard_waypoint_node-1] [INFO] [1786473840.751581984] [offboard_waypoint_node]: [EV_HOLD_WAIT] continuous_healthy=1.90s required=7.50s
[offboard_waypoint_node-1] [INFO] [1786473840.801601766] [offboard_waypoint_node]: [CONTROL_ARBITER] selected_source=waiting_for_ev_ground_reference state=WAITING_FOR_ODOM
[super_planner_ros2_node-6] [INFO] [1786473840.865477516] [super_planner_ros2_node]: SUPER_ROS2 mode=IDLE enable_output=true reason=NO_GOAL odom=(0.03,0.02,-0.09) goal=none tracking_setpoint_enu=(0.03,0.02,0.78) setpoint_ned=none yaw(desired/cmd/rate)=(0.00/0.00/0.00) cross_track=0.00 frame_id=px4_ned path_points=0 odom_source=/mavros/local_position/odom cloud_source=/saved_map mavros_connected=true
[offboard_waypoint_node-1] [INFO] [1786473841.751665443] [offboard_waypoint_node]: [EV_HOLD_WAIT] continuous_healthy=2.90s required=7.50s
[offboard_waypoint_node-1] [INFO] [1786473841.801681814] [offboard_waypoint_node]: [CONTROL_ARBITER] selected_source=waiting_for_ev_ground_reference state=WAITING_FOR_ODOM
[super_planner_ros2_node-6] [INFO] [1786473841.865511692] [super_planner_ros2_node]: SUPER_ROS2 mode=IDLE enable_output=true reason=NO_GOAL odom=(0.03,0.02,-0.09) goal=none tracking_setpoint_enu=(0.03,0.02,0.78) setpoint_ned=none yaw(desired/cmd/rate)=(0.00/0.00/0.00) cross_track=0.00 frame_id=px4_ned path_points=0 odom_source=/mavros/local_position/odom cloud_source=/saved_map mavros_connected=true
[fastlio_bridge_node-2] [INFO] [1786473842.052681539] [fastlio_bridge_node]: 已桥接并转换里程计: ENU(0.03, 0.02, -0.01) -> NED(-0.03, 0.02, 0.01)
[offboard_waypoint_node-1] [INFO] [1786473842.752084711] [offboard_waypoint_node]: [EV_HOLD_WAIT] continuous_healthy=3.90s required=7.50s
[offboard_waypoint_node-1] [INFO] [1786473842.801740121] [offboard_waypoint_node]: [CONTROL_ARBITER] selected_source=waiting_for_ev_ground_reference state=WAITING_FOR_ODOM
[super_planner_ros2_node-6] [INFO] [1786473842.865597830] [super_planner_ros2_node]: SUPER_ROS2 mode=IDLE enable_output=true reason=NO_GOAL odom=(0.03,0.02,-0.10) goal=none tracking_setpoint_enu=(0.03,0.02,0.78) setpoint_ned=none yaw(desired/cmd/rate)=(0.00/0.00/0.00) cross_track=0.00 frame_id=px4_ned path_points=0 odom_source=/mavros/local_position/odom cloud_source=/saved_map mavros_connected=true
[offboard_waypoint_node-1] [INFO] [1786473843.801904782] [offboard_waypoint_node]: [EV_HOLD_WAIT] continuous_healthy=4.95s required=7.50s
[offboard_waypoint_node-1] [INFO] [1786473843.802147336] [offboard_waypoint_node]: [CONTROL_ARBITER] selected_source=waiting_for_ev_ground_reference state=WAITING_FOR_ODOM
[super_planner_ros2_node-6] [INFO] [1786473843.865729346] [super_planner_ros2_node]: SUPER_ROS2 mode=IDLE enable_output=true reason=NO_GOAL odom=(0.03,0.02,-0.10) goal=none tracking_setpoint_enu=(0.03,0.02,0.78) setpoint_ned=none yaw(desired/cmd/rate)=(0.00/0.00/0.00) cross_track=0.00 frame_id=px4_ned path_points=0 odom_source=/mavros/local_position/odom cloud_source=/saved_map mavros_connected=true
[fastlio_bridge_node-2] [INFO] [1786473844.042458566] [fastlio_bridge_node]: 已桥接并转换里程计: ENU(0.03, 0.03, -0.02) -> NED(-0.03, 0.03, 0.02)
[offboard_waypoint_node-1] [INFO] [1786473844.802013814] [offboard_waypoint_node]: [EV_HOLD_WAIT] continuous_healthy=5.95s required=7.50s
[offboard_waypoint_node-1] [INFO] [1786473844.802169927] [offboard_waypoint_node]: [CONTROL_ARBITER] selected_source=waiting_for_ev_ground_reference state=WAITING_FOR_ODOM
[super_planner_ros2_node-6] [INFO] [1786473844.915800905] [super_planner_ros2_node]: SUPER_ROS2 mode=IDLE enable_output=true reason=NO_GOAL odom=(0.03,0.03,-0.10) goal=none tracking_setpoint_enu=(0.03,0.03,0.78) setpoint_ned=none yaw(desired/cmd/rate)=(0.00/0.00/0.00) cross_track=0.00 frame_id=px4_ned path_points=0 odom_source=/mavros/local_position/odom cloud_source=/saved_map mavros_connected=true
[offboard_waypoint_node-1] [INFO] [1786473845.851942114] [offboard_waypoint_node]: [EV_HOLD_WAIT] continuous_healthy=7.00s required=7.50s
[offboard_waypoint_node-1] [INFO] [1786473845.852098414] [offboard_waypoint_node]: [CONTROL_ARBITER] selected_source=waiting_for_ev_ground_reference state=WAITING_FOR_ODOM
[super_planner_ros2_node-6] [INFO] [1786473845.915876240] [super_planner_ros2_node]: SUPER_ROS2 mode=IDLE enable_output=true reason=NO_GOAL odom=(0.03,0.02,-0.10) goal=none tracking_setpoint_enu=(0.03,0.02,0.78) setpoint_ned=none yaw(desired/cmd/rate)=(0.00/0.00/0.00) cross_track=0.00 frame_id=px4_ned path_points=0 odom_source=/mavros/local_position/odom cloud_source=/saved_map mavros_connected=true
[fastlio_bridge_node-2] [INFO] [1786473846.043688086] [fastlio_bridge_node]: 已桥接并转换里程计: ENU(0.03, 0.03, -0.02) -> NED(-0.03, 0.03, 0.02)
[offboard_waypoint_node-1] [WARN] [1786473846.401865915] [offboard_waypoint_node]: [HOLD_POSITION] x=0.025 y=0.033 z=0.098 yaw=1.576 reason=EV-ready startup idle hold
[offboard_waypoint_node-1] [WARN] [1786473846.401938857] [offboard_waypoint_node]: [CONTROL_STATE] WAITING_FOR_ODOM -> IDLE_HOLD: no active goal
[offboard_waypoint_node-1] [INFO] [1786473846.402451708] [offboard_waypoint_node]: [HOLD_ERROR] position_error=0.000 velocity=0.003 state=IDLE_HOLD
[offboard_waypoint_node-1] [INFO] [1786473846.852108482] [offboard_waypoint_node]: [CONTROL_ARBITER] selected_source=safety_hold state=IDLE_HOLD
[super_planner_ros2_node-6] [INFO] [1786473846.916106770] [super_planner_ros2_node]: SUPER_ROS2 mode=IDLE enable_output=true reason=NO_GOAL odom=(0.03,0.03,-0.10) goal=none tracking_setpoint_enu=(0.03,0.03,0.78) setpoint_ned=none yaw(desired/cmd/rate)=(0.00/0.00/0.00) cross_track=0.00 frame_id=px4_ned path_points=0 odom_source=/mavros/local_position/odom cloud_source=/saved_map mavros_connected=true
[offboard_waypoint_node-1] [INFO] [1786473847.452076044] [offboard_waypoint_node]: [HOLD_ERROR] position_error=0.004 velocity=0.002 state=IDLE_HOLD
[offboard_waypoint_node-1] [INFO] [1786473847.902388519] [offboard_waypoint_node]: [CONTROL_ARBITER] selected_source=safety_hold state=IDLE_HOLD
[super_planner_ros2_node-6] [INFO] [1786473847.966008448] [super_planner_ros2_node]: SUPER_ROS2 mode=IDLE enable_output=true reason=NO_GOAL odom=(0.03,0.03,-0.10) goal=none tracking_setpoint_enu=(0.03,0.03,0.78) setpoint_ned=none yaw(desired/cmd/rate)=(0.00/0.00/0.00) cross_track=0.00 frame_id=px4_ned path_points=0 odom_source=/mavros/local_position/odom cloud_source=/saved_map mavros_connected=true
[fastlio_bridge_node-2] [INFO] [1786473848.042924916] [fastlio_bridge_node]: 已桥接并转换里程计: ENU(0.03, 0.03, -0.02) -> NED(-0.03, 0.03, 0.02)
[offboard_waypoint_node-1] [INFO] [1786473848.452297347] [offboard_waypoint_node]: [HOLD_ERROR] position_error=0.002 velocity=0.002 state=IDLE_HOLD
[offboard_waypoint_node-1] [INFO] [1786473848.902713366] [offboard_waypoint_node]: [CONTROL_ARBITER] selected_source=safety_hold state=IDLE_HOLD
[super_planner_ros2_node-6] [INFO] [1786473848.966199183] [super_planner_ros2_node]: SUPER_ROS2 mode=IDLE enable_output=true reason=NO_GOAL odom=(0.03,0.03,-0.10) goal=none tracking_setpoint_enu=(0.03,0.03,0.78) setpoint_ned=none yaw(desired/cmd/rate)=(0.00/0.00/0.00) cross_track=0.00 frame_id=px4_ned path_points=0 odom_source=/mavros/local_position/odom cloud_source=/saved_map mavros_connected=true
[offboard_waypoint_node-1] [INFO] [1786473849.502195377] [offboard_waypoint_node]: [HOLD_ERROR] position_error=0.005 velocity=0.006 state=IDLE_HOLD
[offboard_waypoint_node-1] [INFO] [1786473849.952221696] [offboard_waypoint_node]: [CONTROL_ARBITER] selected_source=safety_hold state=IDLE_HOLD
[super_planner_ros2_node-6] [INFO] [1786473850.016125056] [super_planner_ros2_node]: SUPER_ROS2 mode=IDLE enable_output=true reason=NO_GOAL odom=(0.03,0.03,-0.10) goal=none tracking_setpoint_enu=(0.03,0.03,0.78) setpoint_ned=none yaw(desired/cmd/rate)=(0.00/0.00/0.00) cross_track=0.00 frame_id=px4_ned path_points=0 odom_source=/mavros/local_position/odom cloud_source=/saved_map mavros_connected=true
[fastlio_bridge_node-2] [INFO] [1786473850.044039808] [fastlio_bridge_node]: 已桥接并转换里程计: ENU(0.04, 0.03, -0.02) -> NED(-0.04, 0.03, 0.02)
[offboard_waypoint_node-1] [INFO] [1786473850.502522920] [offboard_waypoint_node]: [HOLD_ERROR] position_error=0.006 velocity=0.008 state=IDLE_HOLD
[offboard_waypoint_node-1] [INFO] [1786473850.952615417] [offboard_waypoint_node]: [CONTROL_ARBITER] selected_source=safety_hold state=IDLE_HOLD
[super_planner_ros2_node-6] [INFO] [1786473851.016421418] [super_planner_ros2_node]: SUPER_ROS2 mode=IDLE enable_output=true reason=NO_GOAL odom=(0.04,0.03,-0.10) goal=none tracking_setpoint_enu=(0.04,0.03,0.78) setpoint_ned=none yaw(desired/cmd/rate)=(0.00/0.00/0.00) cross_track=0.00 frame_id=px4_ned path_points=0 odom_source=/mavros/local_position/odom cloud_source=/saved_map mavros_connected=true
[mapping_manager_node-5] [INFO] [1786473851.356005936] [mapping_manager_node]: Mapping status: in_flight=false, map_loaded=false, map_saved=false
[offboard_waypoint_node-1] [INFO] [1786473851.502831340] [offboard_waypoint_node]: [HOLD_ERROR] position_error=0.011 velocity=0.010 state=IDLE_HOLD
[offboard_waypoint_node-1] [INFO] [1786473851.954661307] [offboard_waypoint_node]: [CONTROL_ARBITER] selected_source=safety_hold state=IDLE_HOLD
[super_planner_ros2_node-6] [INFO] [1786473852.019630885] [super_planner_ros2_node]: SUPER_ROS2 mode=IDLE enable_output=true reason=NO_GOAL odom=(0.03,0.04,-0.10) goal=none tracking_setpoint_enu=(0.03,0.04,0.78) setpoint_ned=none yaw(desired/cmd/rate)=(0.00/0.00/0.00) cross_track=0.00 frame_id=px4_ned path_points=0 odom_source=/mavros/local_position/odom cloud_source=/saved_map mavros_connected=true
[fastlio_bridge_node-2] [INFO] [1786473852.042513670] [fastlio_bridge_node]: 已桥接并转换里程计: ENU(0.03, 0.03, -0.02) -> NED(-0.03, 0.03, 0.02)
[offboard_waypoint_node-1] [INFO] [1786473852.552470409] [offboard_waypoint_node]: [HOLD_ERROR] position_error=0.009 velocity=0.007 state=IDLE_HOLD
[offboard_waypoint_node-1] [INFO] [1786473853.002916829] [offboard_waypoint_node]: [CONTROL_ARBITER] selected_source=safety_hold state=IDLE_HOLD
[super_planner_ros2_node-6] [INFO] [1786473853.066807758] [super_planner_ros2_node]: SUPER_ROS2 mode=IDLE enable_output=true reason=NO_GOAL odom=(0.03,0.03,-0.10) goal=none tracking_setpoint_enu=(0.03,0.03,0.78) setpoint_ned=none yaw(desired/cmd/rate)=(0.00/0.00/0.00) cross_track=0.00 frame_id=px4_ned path_points=0 odom_source=/mavros/local_position/odom cloud_source=/saved_map mavros_connected=true
[offboard_waypoint_node-1] [INFO] [1786473853.552487358] [offboard_waypoint_node]: [HOLD_ERROR] position_error=0.006 velocity=0.003 state=IDLE_HOLD
[fastlio_bridge_node-2] [INFO] [1786473854.042895774] [fastlio_bridge_node]: 已桥接并转换里程计: ENU(0.03, 0.03, -0.02) -> NED(-0.03, 0.03, 0.02)
[offboard_waypoint_node-1] [INFO] [1786473854.052743693] [offboard_waypoint_node]: [CONTROL_ARBITER] selected_source=safety_hold state=IDLE_HOLD
[super_planner_ros2_node-6] [INFO] [1786473854.116494304] [super_planner_ros2_node]: SUPER_ROS2 mode=IDLE enable_output=true reason=NO_GOAL odom=(0.03,0.03,-0.10) goal=none tracking_setpoint_enu=(0.03,0.03,0.78) setpoint_ned=none yaw(desired/cmd/rate)=(0.00/0.00/0.00) cross_track=0.00 frame_id=px4_ned path_points=0 odom_source=/mavros/local_position/odom cloud_source=/saved_map mavros_connected=true
[offboard_waypoint_node-1] [INFO] [1786473854.552569709] [offboard_waypoint_node]: [HOLD_ERROR] position_error=0.004 velocity=0.004 state=IDLE_HOLD
[offboard_waypoint_node-1] [INFO] [1786473855.052845385] [offboard_waypoint_node]: [CONTROL_ARBITER] selected_source=safety_hold state=IDLE_HOLD
[super_planner_ros2_node-6] [INFO] [1786473855.166530707] [super_planner_ros2_node]: SUPER_ROS2 mode=IDLE enable_output=true reason=NO_GOAL odom=(0.04,0.03,-0.10) goal=none tracking_setpoint_enu=(0.04,0.03,0.78) setpoint_ned=none yaw(desired/cmd/rate)=(0.00/0.00/0.00) cross_track=0.00 frame_id=px4_ned path_points=0 odom_source=/mavros/local_position/odom cloud_source=/saved_map mavros_connected=true
[offboard_waypoint_node-1] [INFO] [1786473855.553857142] [offboard_waypoint_node]: [HOLD_ERROR] position_error=0.008 velocity=0.008 state=IDLE_HOLD
[fastlio_bridge_node-2] [INFO] [1786473856.043708425] [fastlio_bridge_node]: 已桥接并转换里程计: ENU(0.03, 0.03, -0.02) -> NED(-0.03, 0.03, 0.02)
[offboard_waypoint_node-1] [INFO] [1786473856.103220703] [offboard_waypoint_node]: [CONTROL_ARBITER] selected_source=safety_hold state=IDLE_HOLD
[super_planner_ros2_node-6] [INFO] [1786473856.166876749] [super_planner_ros2_node]: SUPER_ROS2 mode=IDLE enable_output=true reason=NO_GOAL odom=(0.04,0.03,-0.10) goal=none tracking_setpoint_enu=(0.04,0.03,0.78) setpoint_ned=none yaw(desired/cmd/rate)=(0.00/0.00/0.00) cross_track=0.00 frame_id=px4_ned path_points=0 odom_source=/mavros/local_position/odom cloud_source=/saved_map mavros_connected=true
[offboard_waypoint_node-1] [INFO] [1786473856.602722167] [offboard_waypoint_node]: [HOLD_ERROR] position_error=0.006 velocity=0.004 state=IDLE_HOLD
[offboard_waypoint_node-1] [INFO] [1786473857.152771087] [offboard_waypoint_node]: [CONTROL_ARBITER] selected_source=safety_hold state=IDLE_HOLD
[super_planner_ros2_node-6] [INFO] [1786473857.216560625] [super_planner_ros2_node]: SUPER_ROS2 mode=IDLE enable_output=true reason=NO_GOAL odom=(0.03,0.03,-0.10) goal=none tracking_setpoint_enu=(0.03,0.03,0.78) setpoint_ned=none yaw(desired/cmd/rate)=(0.00/0.00/0.00) cross_track=0.00 frame_id=px4_ned path_points=0 odom_source=/mavros/local_position/odom cloud_source=/saved_map mavros_connected=true
[offboard_waypoint_node-1] [INFO] [1786473857.603366997] [offboard_waypoint_node]: [HOLD_ERROR] position_error=0.006 velocity=0.005 state=IDLE_HOLD
[fastlio_bridge_node-2] [INFO] [1786473858.042755220] [fastlio_bridge_node]: 已桥接并转换里程计: ENU(0.03, 0.03, -0.02) -> NED(-0.03, 0.03, 0.02)
[offboard_waypoint_node-1] [INFO] [1786473858.153052606] [offboard_waypoint_node]: [CONTROL_ARBITER] selected_source=safety_hold state=IDLE_HOLD
[super_planner_ros2_node-6] [INFO] [1786473858.216652176] [super_planner_ros2_node]: SUPER_ROS2 mode=IDLE enable_output=true reason=NO_GOAL odom=(0.03,0.03,-0.10) goal=none tracking_setpoint_enu=(0.03,0.03,0.78) setpoint_ned=none yaw(desired/cmd/rate)=(0.00/0.00/0.00) cross_track=0.00 frame_id=px4_ned path_points=0 odom_source=/mavros/local_position/odom cloud_source=/saved_map mavros_connected=true
[offboard_waypoint_node-1] [INFO] [1786473858.652805596] [offboard_waypoint_node]: [HOLD_ERROR] position_error=0.007 velocity=0.006 state=IDLE_HOLD
[offboard_waypoint_node-1] [INFO] [1786473859.153105232] [offboard_waypoint_node]: [CONTROL_ARBITER] selected_source=safety_hold state=IDLE_HOLD
[super_planner_ros2_node-6] [INFO] [1786473859.216688126] [super_planner_ros2_node]: SUPER_ROS2 mode=IDLE enable_output=true reason=NO_GOAL odom=(0.03,0.02,-0.10) goal=none tracking_setpoint_enu=(0.03,0.02,0.78) setpoint_ned=none yaw(desired/cmd/rate)=(0.00/0.00/0.00) cross_track=0.00 frame_id=px4_ned path_points=0 odom_source=/mavros/local_position/odom cloud_source=/saved_map mavros_connected=true
[offboard_waypoint_node-1] [INFO] [1786473859.652908190] [offboard_waypoint_node]: [HOLD_ERROR] position_error=0.004 velocity=0.005 state=IDLE_HOLD
[fastlio_bridge_node-2] [INFO] [1786473860.043189515] [fastlio_bridge_node]: 已桥接并转换里程计: ENU(0.03, 0.03, -0.02) -> NED(-0.03, 0.03, 0.02)
[offboard_waypoint_node-1] [INFO] [1786473860.153223648] [offboard_waypoint_node]: [CONTROL_ARBITER] selected_source=safety_hold state=IDLE_HOLD
[super_planner_ros2_node-6] [INFO] [1786473860.216766886] [super_planner_ros2_node]: SUPER_ROS2 mode=IDLE enable_output=true reason=NO_GOAL odom=(0.03,0.03,-0.10) goal=none tracking_setpoint_enu=(0.03,0.03,0.78) setpoint_ned=none yaw(desired/cmd/rate)=(0.00/0.00/0.00) cross_track=0.00 frame_id=px4_ned path_points=0 odom_source=/mavros/local_position/odom cloud_source=/saved_map mavros_connected=true
[offboard_waypoint_node-1] [INFO] [1786473860.652940627] [offboard_waypoint_node]: [HOLD_ERROR] position_error=0.003 velocity=0.004 state=IDLE_HOLD
[offboard_waypoint_node-1] [INFO] [1786473861.203592565] [offboard_waypoint_node]: [CONTROL_ARBITER] selected_source=safety_hold state=IDLE_HOLD
[super_planner_ros2_node-6] [INFO] [1786473861.216877838] [super_planner_ros2_node]: SUPER_ROS2 mode=IDLE enable_output=true reason=NO_GOAL odom=(0.03,0.03,-0.10) goal=none tracking_setpoint_enu=(0.03,0.03,0.78) setpoint_ned=none yaw(desired/cmd/rate)=(0.00/0.00/0.00) cross_track=0.00 frame_id=px4_ned path_points=0 odom_source=/mavros/local_position/odom cloud_source=/saved_map mavros_connected=true
[offboard_waypoint_node-1] [INFO] [1786473861.653091381] [offboard_waypoint_node]: [HOLD_ERROR] position_error=0.004 velocity=0.003 state=IDLE_HOLD
[fastlio_bridge_node-2] [INFO] [1786473862.042955699] [fastlio_bridge_node]: 已桥接并转换里程计: ENU(0.03, 0.03, -0.02) -> NED(-0.03, 0.03, 0.02)
[super_planner_ros2_node-6] [INFO] [1786473862.217207257] [super_planner_ros2_node]: SUPER_ROS2 mode=IDLE enable_output=true reason=NO_GOAL odom=(0.03,0.03,-0.10) goal=none tracking_setpoint_enu=(0.03,0.03,0.78) setpoint_ned=none yaw(desired/cmd/rate)=(0.00/0.00/0.00) cross_track=0.00 frame_id=px4_ned path_points=0 odom_source=/mavros/local_position/odom cloud_source=/saved_map mavros_connected=true
[offboard_waypoint_node-1] [INFO] [1786473862.253214165] [offboard_waypoint_node]: [CONTROL_ARBITER] selected_source=safety_hold state=IDLE_HOLD
[offboard_waypoint_node-1] [INFO] [1786473862.653488884] [offboard_waypoint_node]: [HOLD_ERROR] position_error=0.007 velocity=0.004 state=IDLE_HOLD
[offboard_waypoint_node-1] [INFO] [1786473863.253487829] [offboard_waypoint_node]: [CONTROL_ARBITER] selected_source=safety_hold state=IDLE_HOLD
[super_planner_ros2_node-6] [INFO] [1786473863.267060929] [super_planner_ros2_node]: SUPER_ROS2 mode=IDLE enable_output=true reason=NO_GOAL odom=(0.03,0.03,-0.10) goal=none tracking_setpoint_enu=(0.03,0.03,0.78) setpoint_ned=none yaw(desired/cmd/rate)=(0.00/0.00/0.00) cross_track=0.00 frame_id=px4_ned path_points=0 odom_source=/mavros/local_position/odom cloud_source=/saved_map mavros_connected=true
[offboard_waypoint_node-1] [INFO] [1786473863.703634919] [offboard_waypoint_node]: [HOLD_ERROR] position_error=0.004 velocity=0.007 state=IDLE_HOLD
[fastlio_bridge_node-2] [INFO] [1786473864.043604383] [fastlio_bridge_node]: 已桥接并转换里程计: ENU(0.04, 0.03, -0.02) -> NED(-0.04, 0.03, 0.02)
[offboard_waypoint_node-1] [INFO] [1786473864.303169830] [offboard_waypoint_node]: [CONTROL_ARBITER] selected_source=safety_hold state=IDLE_HOLD
[super_planner_ros2_node-6] [INFO] [1786473864.316913943] [super_planner_ros2_node]: SUPER_ROS2 mode=IDLE enable_output=true reason=NO_GOAL odom=(0.03,0.02,-0.10) goal=none tracking_setpoint_enu=(0.03,0.02,0.78) setpoint_ned=none yaw(desired/cmd/rate)=(0.00/0.00/0.00) cross_track=0.00 frame_id=px4_ned path_points=0 odom_source=/mavros/local_position/odom cloud_source=/saved_map mavros_connected=true
[offboard_waypoint_node-1] [INFO] [1786473864.753221132] [offboard_waypoint_node]: [HOLD_ERROR] position_error=0.002 velocity=0.001 state=IDLE_HOLD
[offboard_waypoint_node-1] [INFO] [1786473865.303577553] [offboard_waypoint_node]: [CONTROL_ARBITER] selected_source=safety_hold state=IDLE_HOLD
[super_planner_ros2_node-6] [INFO] [1786473865.317163746] [super_planner_ros2_node]: SUPER_ROS2 mode=IDLE enable_output=true reason=NO_GOAL odom=(0.04,0.03,-0.10) goal=none tracking_setpoint_enu=(0.04,0.03,0.78) setpoint_ned=none yaw(desired/cmd/rate)=(0.00/0.00/0.00) cross_track=0.00 frame_id=px4_ned path_points=0 odom_source=/mavros/local_position/odom cloud_source=/saved_map mavros_connected=true
[offboard_waypoint_node-1] [INFO] [1786473865.753300649] [offboard_waypoint_node]: [HOLD_ERROR] position_error=0.011 velocity=0.011 state=IDLE_HOLD
[fastlio_bridge_node-2] [INFO] [1786473866.042090821] [fastlio_bridge_node]: 已桥接并转换里程计: ENU(0.04, 0.03, -0.02) -> NED(-0.04, 0.03, 0.02)
[offboard_waypoint_node-1] [INFO] [1786473866.303704567] [offboard_waypoint_node]: [CONTROL_ARBITER] selected_source=safety_hold state=IDLE_HOLD
[super_planner_ros2_node-6] [INFO] [1786473866.318311257] [super_planner_ros2_node]: SUPER_ROS2 mode=IDLE enable_output=true reason=NO_GOAL odom=(0.04,0.04,-0.10) goal=none tracking_setpoint_enu=(0.04,0.04,0.78) setpoint_ned=none yaw(desired/cmd/rate)=(0.00/0.00/0.00) cross_track=0.00 frame_id=px4_ned path_points=0 odom_source=/mavros/local_position/odom cloud_source=/saved_map mavros_connected=true
[offboard_waypoint_node-1] [INFO] [1786473866.753913451] [offboard_waypoint_node]: [HOLD_ERROR] position_error=0.011 velocity=0.008 state=IDLE_HOLD
[offboard_waypoint_node-1] [INFO] [1786473867.353494491] [offboard_waypoint_node]: [CONTROL_ARBITER] selected_source=safety_hold state=IDLE_HOLD
[super_planner_ros2_node-6] [INFO] [1786473867.367308687] [super_planner_ros2_node]: SUPER_ROS2 mode=IDLE enable_output=true reason=NO_GOAL odom=(0.04,0.03,-0.10) goal=none tracking_setpoint_enu=(0.04,0.03,0.78) setpoint_ned=none yaw(desired/cmd/rate)=(0.00/0.00/0.00) cross_track=0.00 frame_id=px4_ned path_points=0 odom_source=/mavros/local_position/odom cloud_source=/saved_map mavros_connected=true
[offboard_waypoint_node-1] [INFO] [1786473867.803368785] [offboard_waypoint_node]: [HOLD_ERROR] position_error=0.008 velocity=0.004 state=IDLE_HOLD
[fastlio_bridge_node-2] [INFO] [1786473868.042799230] [fastlio_bridge_node]: 已桥接并转换里程计: ENU(0.04, 0.03, -0.02) -> NED(-0.04, 0.03, 0.02)
[offboard_waypoint_node-1] [INFO] [1786473868.353499961] [offboard_waypoint_node]: [CONTROL_ARBITER] selected_source=safety_hold state=IDLE_HOLD
[super_planner_ros2_node-6] [INFO] [1786473868.367359116] [super_planner_ros2_node]: SUPER_ROS2 mode=IDLE enable_output=true reason=NO_GOAL odom=(0.04,0.03,-0.10) goal=none tracking_setpoint_enu=(0.04,0.03,0.78) setpoint_ned=none yaw(desired/cmd/rate)=(0.00/0.00/0.00) cross_track=0.00 frame_id=px4_ned path_points=0 odom_source=/mavros/local_position/odom cloud_source=/saved_map mavros_connected=true
[offboard_waypoint_node-1] [INFO] [1786473868.803654233] [offboard_waypoint_node]: [HOLD_ERROR] position_error=0.004 velocity=0.003 state=IDLE_HOLD
[offboard_waypoint_node-1] [INFO] [1786473869.353614066] [offboard_waypoint_node]: [CONTROL_ARBITER] selected_source=safety_hold state=IDLE_HOLD
[super_planner_ros2_node-6] [INFO] [1786473869.367544932] [super_planner_ros2_node]: SUPER_ROS2 mode=IDLE enable_output=true reason=NO_GOAL odom=(0.03,0.03,-0.10) goal=none tracking_setpoint_enu=(0.03,0.03,0.78) setpoint_ned=none yaw(desired/cmd/rate)=(0.00/0.00/0.00) cross_track=0.00 frame_id=px4_ned path_points=0 odom_source=/mavros/local_position/odom cloud_source=/saved_map mavros_connected=true
[offboard_waypoint_node-1] [INFO] [1786473869.803936107] [offboard_waypoint_node]: [HOLD_ERROR] position_error=0.003 velocity=0.003 state=IDLE_HOLD
[fastlio_bridge_node-2] [INFO] [1786473870.045136201] [fastlio_bridge_node]: 已桥接并转换里程计: ENU(0.03, 0.03, -0.02) -> NED(-0.03, 0.03, 0.02)
[offboard_waypoint_node-1] [INFO] [1786473870.403975089] [offboard_waypoint_node]: [CONTROL_ARBITER] selected_source=safety_hold state=IDLE_HOLD
[super_planner_ros2_node-6] [INFO] [1786473870.417661773] [super_planner_ros2_node]: SUPER_ROS2 mode=IDLE enable_output=true reason=NO_GOAL odom=(0.03,0.03,-0.10) goal=none tracking_setpoint_enu=(0.03,0.03,0.78) setpoint_ned=none yaw(desired/cmd/rate)=(0.00/0.00/0.00) cross_track=0.00 frame_id=px4_ned path_points=0 odom_source=/mavros/local_position/odom cloud_source=/saved_map mavros_connected=true
[offboard_waypoint_node-1] [INFO] [1786473870.853669547] [offboard_waypoint_node]: [HOLD_ERROR] position_error=0.003 velocity=0.003 state=IDLE_HOLD
[offboard_waypoint_node-1] [INFO] [1786473871.453754458] [offboard_waypoint_node]: [CONTROL_ARBITER] selected_source=safety_hold state=IDLE_HOLD
[super_planner_ros2_node-6] [INFO] [1786473871.467612219] [super_planner_ros2_node]: SUPER_ROS2 mode=IDLE enable_output=true reason=NO_GOAL odom=(0.04,0.02,-0.10) goal=none tracking_setpoint_enu=(0.04,0.02,0.78) setpoint_ned=none yaw(desired/cmd/rate)=(0.00/0.00/0.00) cross_track=0.00 frame_id=px4_ned path_points=0 odom_source=/mavros/local_position/odom cloud_source=/saved_map mavros_connected=true
[offboard_waypoint_node-1] [INFO] [1786473871.853688973] [offboard_waypoint_node]: [HOLD_ERROR] position_error=0.004 velocity=0.005 state=IDLE_HOLD
[fastlio_bridge_node-2] [INFO] [1786473872.043715091] [fastlio_bridge_node]: 已桥接并转换里程计: ENU(0.04, 0.03, -0.02) -> NED(-0.04, 0.03, 0.02)
[offboard_waypoint_node-1] [INFO] [1786473872.454105870] [offboard_waypoint_node]: [CONTROL_ARBITER] selected_source=safety_hold state=IDLE_HOLD
[super_planner_ros2_node-6] [INFO] [1786473872.517791521] [super_planner_ros2_node]: SUPER_ROS2 mode=IDLE enable_output=true reason=NO_GOAL odom=(0.04,0.02,-0.10) goal=none tracking_setpoint_enu=(0.04,0.02,0.78) setpoint_ned=none yaw(desired/cmd/rate)=(0.00/0.00/0.00) cross_track=0.00 frame_id=px4_ned path_points=0 odom_source=/mavros/local_position/odom cloud_source=/saved_map mavros_connected=true
[offboard_waypoint_node-1] [INFO] [1786473872.853979663] [offboard_waypoint_node]: [HOLD_ERROR] position_error=0.004 velocity=0.005 state=IDLE_HOLD
[offboard_waypoint_node-1] [INFO] [1786473873.454232358] [offboard_waypoint_node]: [CONTROL_ARBITER] selected_source=safety_hold state=IDLE_HOLD
[super_planner_ros2_node-6] [INFO] [1786473873.567617374] [super_planner_ros2_node]: SUPER_ROS2 mode=IDLE enable_output=true reason=NO_GOAL odom=(0.04,0.02,-0.10) goal=none tracking_setpoint_enu=(0.04,0.02,0.78) setpoint_ned=none yaw(desired/cmd/rate)=(0.00/0.00/0.00) cross_track=0.00 frame_id=px4_ned path_points=0 odom_source=/mavros/local_position/odom cloud_source=/saved_map mavros_connected=true
[offboard_waypoint_node-1] [INFO] [1786473873.903872170] [offboard_waypoint_node]: [HOLD_ERROR] position_error=0.003 velocity=0.006 state=IDLE_HOLD
[fastlio_bridge_node-2] [INFO] [1786473874.043689454] [fastlio_bridge_node]: 已桥接并转换里程计: ENU(0.03, 0.03, -0.02) -> NED(-0.03, 0.03, 0.02)
[offboard_waypoint_node-1] [INFO] [1786473874.504475407] [offboard_waypoint_node]: [CONTROL_ARBITER] selected_source=safety_hold state=IDLE_HOLD
[super_planner_ros2_node-6] [INFO] [1786473874.567689603] [super_planner_ros2_node]: SUPER_ROS2 mode=IDLE enable_output=true reason=NO_GOAL odom=(0.04,0.02,-0.10) goal=none tracking_setpoint_enu=(0.04,0.02,0.78) setpoint_ned=none yaw(desired/cmd/rate)=(0.00/0.00/0.00) cross_track=0.00 frame_id=px4_ned path_points=0 odom_source=/mavros/local_position/odom cloud_source=/saved_map mavros_connected=true
[offboard_waypoint_node-1] [INFO] [1786473874.904363997] [offboard_waypoint_node]: [HOLD_ERROR] position_error=0.007 velocity=0.004 state=IDLE_HOLD
[offboard_waypoint_node-1] [INFO] [1786473875.554299081] [offboard_waypoint_node]: [CONTROL_ARBITER] selected_source=safety_hold state=IDLE_HOLD
[super_planner_ros2_node-6] [INFO] [1786473875.567822929] [super_planner_ros2_node]: SUPER_ROS2 mode=IDLE enable_output=true reason=NO_GOAL odom=(0.04,0.03,-0.10) goal=none tracking_setpoint_enu=(0.04,0.03,0.78) setpoint_ned=none yaw(desired/cmd/rate)=(0.00/0.00/0.00) cross_track=0.00 frame_id=px4_ned path_points=0 odom_source=/mavros/local_position/odom cloud_source=/saved_map mavros_connected=true
[offboard_waypoint_node-1] [INFO] [1786473875.954111681] [offboard_waypoint_node]: [HOLD_ERROR] position_error=0.013 velocity=0.004 state=IDLE_HOLD
[fastlio_bridge_node-2] [INFO] [1786473876.043650520] [fastlio_bridge_node]: 已桥接并转换里程计: ENU(0.03, 0.03, -0.02) -> NED(-0.03, 0.03, 0.02)
[super_planner_ros2_node-6] [INFO] [1786473876.567953975] [super_planner_ros2_node]: SUPER_ROS2 mode=IDLE enable_output=true reason=NO_GOAL odom=(0.04,0.03,-0.10) goal=none tracking_setpoint_enu=(0.04,0.03,0.78) setpoint_ned=none yaw(desired/cmd/rate)=(0.00/0.00/0.00) cross_track=0.00 frame_id=px4_ned path_points=0 odom_source=/mavros/local_position/odom cloud_source=/saved_map mavros_connected=true
[offboard_waypoint_node-1] [INFO] [1786473876.604170608] [offboard_waypoint_node]: [CONTROL_ARBITER] selected_source=safety_hold state=IDLE_HOLD
[offboard_waypoint_node-1] [INFO] [1786473876.954213145] [offboard_waypoint_node]: [HOLD_ERROR] position_error=0.008 velocity=0.003 state=IDLE_HOLD
[super_planner_ros2_node-6] [INFO] [1786473877.568053200] [super_planner_ros2_node]: SUPER_ROS2 mode=IDLE enable_output=true reason=NO_GOAL odom=(0.04,0.03,-0.10) goal=none tracking_setpoint_enu=(0.04,0.03,0.78) setpoint_ned=none yaw(desired/cmd/rate)=(0.00/0.00/0.00) cross_track=0.00 frame_id=px4_ned path_points=0 odom_source=/mavros/local_position/odom cloud_source=/saved_map mavros_connected=true
[offboard_waypoint_node-1] [INFO] [1786473877.604181596] [offboard_waypoint_node]: [CONTROL_ARBITER] selected_source=safety_hold state=IDLE_HOLD
[offboard_waypoint_node-1] [INFO] [1786473877.954329364] [offboard_waypoint_node]: [HOLD_ERROR] position_error=0.000 velocity=0.018 state=IDLE_HOLD
[fastlio_bridge_node-2] [INFO] [1786473878.042113777] [fastlio_bridge_node]: 已桥接并转换里程计: ENU(0.03, 0.03, -0.02) -> NED(-0.03, 0.03, 0.02)
[super_planner_ros2_node-6] [INFO] [1786473878.568109541] [super_planner_ros2_node]: SUPER_ROS2 mode=IDLE enable_output=true reason=NO_GOAL odom=(0.02,0.04,-0.10) goal=none tracking_setpoint_enu=(0.02,0.04,0.78) setpoint_ned=none yaw(desired/cmd/rate)=(0.00/0.00/0.00) cross_track=0.00 frame_id=px4_ned path_points=0 odom_source=/mavros/local_position/odom cloud_source=/saved_map mavros_connected=true
[offboard_waypoint_node-1] [INFO] [1786473878.604426651] [offboard_waypoint_node]: [CONTROL_ARBITER] selected_source=safety_hold state=IDLE_HOLD
[offboard_waypoint_node-1] [INFO] [1786473879.004702120] [offboard_waypoint_node]: [HOLD_ERROR] position_error=0.000 velocity=0.033 state=IDLE_HOLD
[super_planner_ros2_node-6] [INFO] [1786473879.568537011] [super_planner_ros2_node]: SUPER_ROS2 mode=IDLE enable_output=true reason=NO_GOAL odom=(0.01,0.04,-0.09) goal=none tracking_setpoint_enu=(0.01,0.04,0.78) setpoint_ned=none yaw(desired/cmd/rate)=(0.00/0.00/0.00) cross_track=0.00 frame_id=px4_ned path_points=0 odom_source=/mavros/local_position/odom cloud_source=/saved_map mavros_connected=true
[offboard_waypoint_node-1] [INFO] [1786473879.654437476] [offboard_waypoint_node]: [CONTROL_ARBITER] selected_source=safety_hold state=IDLE_HOLD
[offboard_waypoint_node-1] [INFO] [1786473880.004972675] [offboard_waypoint_node]: [HOLD_ERROR] position_error=0.000 velocity=0.054 state=IDLE_HOLD
[fastlio_bridge_node-2] [INFO] [1786473880.051951205] [fastlio_bridge_node]: 已桥接并转换里程计: ENU(0.04, 0.03, -0.01) -> NED(-0.04, 0.03, 0.01)
[super_planner_ros2_node-6] [INFO] [1786473880.569280750] [super_planner_ros2_node]: SUPER_ROS2 mode=IDLE enable_output=true reason=NO_GOAL odom=(0.00,0.05,-0.07) goal=none tracking_setpoint_enu=(0.00,0.05,0.78) setpoint_ned=none yaw(desired/cmd/rate)=(0.00/0.00/0.00) cross_track=0.00 frame_id=px4_ned path_points=0 odom_source=/mavros/local_position/odom cloud_source=/saved_map mavros_connected=true
[offboard_waypoint_node-1] [INFO] [1786473880.655003865] [offboard_waypoint_node]: [CONTROL_ARBITER] selected_source=safety_hold state=IDLE_HOLD
[offboard_waypoint_node-1] [INFO] [1786473881.056940823] [offboard_waypoint_node]: [HOLD_ERROR] position_error=0.000 velocity=0.052 state=IDLE_HOLD
[mapping_manager_node-5] [INFO] [1786473881.358683884] [mapping_manager_node]: Mapping status: in_flight=false, map_loaded=false, map_saved=false
[super_planner_ros2_node-6] [INFO] [1786473881.618207941] [super_planner_ros2_node]: SUPER_ROS2 mode=IDLE enable_output=true reason=NO_GOAL odom=(-0.00,0.05,-0.04) goal=none tracking_setpoint_enu=(-0.00,0.05,0.78) setpoint_ned=none yaw(desired/cmd/rate)=(0.00/0.00/0.00) cross_track=0.00 frame_id=px4_ned path_points=0 odom_source=/mavros/local_position/odom cloud_source=/saved_map mavros_connected=true
[offboard_waypoint_node-1] [INFO] [1786473881.655451588] [offboard_waypoint_node]: [CONTROL_ARBITER] selected_source=safety_hold state=IDLE_HOLD
[fastlio_bridge_node-2] [INFO] [1786473882.059819158] [fastlio_bridge_node]: 已桥接并转换里程计: ENU(-0.00, 0.04, -0.02) -> NED(0.00, 0.04, 0.02)
[offboard_waypoint_node-1] [INFO] [1786473882.104868857] [offboard_waypoint_node]: [HOLD_ERROR] position_error=0.000 velocity=0.174 state=IDLE_HOLD
[super_planner_ros2_node-6] [INFO] [1786473882.619419645] [super_planner_ros2_node]: SUPER_ROS2 mode=IDLE enable_output=true reason=NO_GOAL odom=(-0.07,0.09,-0.01) goal=none tracking_setpoint_enu=(-0.07,0.09,0.78) setpoint_ned=none yaw(desired/cmd/rate)=(0.00/0.00/0.00) cross_track=0.00 frame_id=px4_ned path_points=0 odom_source=/mavros/local_position/odom cloud_source=/saved_map mavros_connected=true
[offboard_waypoint_node-1] [INFO] [1786473882.704739440] [offboard_waypoint_node]: [CONTROL_ARBITER] selected_source=safety_hold state=IDLE_HOLD
[offboard_waypoint_node-1] [INFO] [1786473883.155454322] [offboard_waypoint_node]: [HOLD_ERROR] position_error=0.000 velocity=0.124 state=IDLE_HOLD
[super_planner_ros2_node-6] [INFO] [1786473883.669884126] [super_planner_ros2_node]: SUPER_ROS2 mode=IDLE enable_output=true reason=NO_GOAL odom=(-0.15,0.15,0.04) goal=none tracking_setpoint_enu=(-0.15,0.15,0.78) setpoint_ned=none yaw(desired/cmd/rate)=(0.00/0.00/0.00) cross_track=0.00 frame_id=px4_ned path_points=0 odom_source=/mavros/local_position/odom cloud_source=/saved_map mavros_connected=true
[offboard_waypoint_node-1] [INFO] [1786473883.754800230] [offboard_waypoint_node]: [CONTROL_ARBITER] selected_source=safety_hold state=IDLE_HOLD
[fastlio_bridge_node-2] [INFO] [1786473884.054683592] [fastlio_bridge_node]: 已桥接并转换里程计: ENU(-0.29, 0.16, 0.09) -> NED(0.29, 0.16, -0.09)
[offboard_waypoint_node-1] [INFO] [1786473884.204969612] [offboard_waypoint_node]: [HOLD_ERROR] position_error=0.000 velocity=0.252 state=IDLE_HOLD
[super_planner_ros2_node-6] [INFO] [1786473884.718420956] [super_planner_ros2_node]: SUPER_ROS2 mode=IDLE enable_output=true reason=NO_GOAL odom=(-0.40,0.21,0.15) goal=none tracking_setpoint_enu=(-0.40,0.21,0.78) setpoint_ned=none yaw(desired/cmd/rate)=(0.00/0.00/0.00) cross_track=0.00 frame_id=px4_ned path_points=0 odom_source=/mavros/local_position/odom cloud_source=/saved_map mavros_connected=true
[offboard_waypoint_node-1] [INFO] [1786473884.755142616] [offboard_waypoint_node]: [CONTROL_ARBITER] selected_source=safety_hold state=IDLE_HOLD
[offboard_waypoint_node-1] [INFO] [1786473885.205154557] [offboard_waypoint_node]: [HOLD_ERROR] position_error=0.000 velocity=0.177 state=IDLE_HOLD
[super_planner_ros2_node-6] [INFO] [1786473885.718748570] [super_planner_ros2_node]: SUPER_ROS2 mode=IDLE enable_output=true reason=NO_GOAL odom=(-0.35,0.12,0.49) goal=none tracking_setpoint_enu=(-0.35,0.12,0.78) setpoint_ned=none yaw(desired/cmd/rate)=(0.00/0.00/0.00) cross_track=0.00 frame_id=px4_ned path_points=0 odom_source=/mavros/local_position/odom cloud_source=/saved_map mavros_connected=true
[offboard_waypoint_node-1] [INFO] [1786473885.804857939] [offboard_waypoint_node]: [CONTROL_ARBITER] selected_source=safety_hold state=IDLE_HOLD
[fastlio_bridge_node-2] [INFO] [1786473886.055103697] [fastlio_bridge_node]: 已桥接并转换里程计: ENU(-0.36, 0.10, 0.63) -> NED(0.36, 0.10, -0.63)
[offboard_waypoint_node-1] [INFO] [1786473886.254811865] [offboard_waypoint_node]: [HOLD_ERROR] position_error=0.000 velocity=0.238 state=IDLE_HOLD
[super_planner_ros2_node-6] [INFO] [1786473886.768656239] [super_planner_ros2_node]: SUPER_ROS2 mode=IDLE enable_output=true reason=NO_GOAL odom=(-0.51,-0.01,0.69) goal=none tracking_setpoint_enu=(-0.51,-0.01,0.78) setpoint_ned=none yaw(desired/cmd/rate)=(0.00/0.00/0.00) cross_track=0.00 frame_id=px4_ned path_points=0 odom_source=/mavros/local_position/odom cloud_source=/saved_map mavros_connected=true
[offboard_waypoint_node-1] [INFO] [1786473886.805014515] [offboard_waypoint_node]: [CONTROL_ARBITER] selected_source=safety_hold state=IDLE_HOLD
[offboard_waypoint_node-1] [INFO] [1786473887.254911014] [offboard_waypoint_node]: [HOLD_ERROR] position_error=0.000 velocity=0.405 state=IDLE_HOLD
[super_planner_ros2_node-6] [INFO] [1786473887.768684210] [super_planner_ros2_node]: SUPER_ROS2 mode=IDLE enable_output=true reason=NO_GOAL odom=(-0.84,-0.22,0.50) goal=none tracking_setpoint_enu=(-0.84,-0.22,0.78) setpoint_ned=none yaw(desired/cmd/rate)=(0.00/0.00/0.00) cross_track=0.00 frame_id=px4_ned path_points=0 odom_source=/mavros/local_position/odom cloud_source=/saved_map mavros_connected=true
[offboard_waypoint_node-1] [INFO] [1786473887.856455669] [offboard_waypoint_node]: [CONTROL_ARBITER] selected_source=safety_hold state=IDLE_HOLD
[fastlio_bridge_node-2] [INFO] [1786473888.049820554] [fastlio_bridge_node]: 已桥接并转换里程计: ENU(-0.94, -0.21, 0.50) -> NED(0.94, -0.21, -0.50)
[offboard_waypoint_node-1] [INFO] [1786473888.255444989] [offboard_waypoint_node]: [HOLD_ERROR] position_error=0.000 velocity=0.132 state=IDLE_HOLD
[super_planner_ros2_node-6] [INFO] [1786473888.769015385] [super_planner_ros2_node]: SUPER_ROS2 mode=IDLE enable_output=true reason=NO_GOAL odom=(-1.02,-0.18,0.45) goal=none tracking_setpoint_enu=(-1.02,-0.18,0.78) setpoint_ned=none yaw(desired/cmd/rate)=(0.00/0.00/0.00) cross_track=0.00 frame_id=px4_ned path_points=0 odom_source=/mavros/local_position/odom cloud_source=/saved_map mavros_connected=true
[offboard_waypoint_node-1] [INFO] [1786473888.905206486] [offboard_waypoint_node]: [CONTROL_ARBITER] selected_source=safety_hold state=IDLE_HOLD
[offboard_waypoint_node-1] [INFO] [1786473889.305018402] [offboard_waypoint_node]: [HOLD_ERROR] position_error=0.000 velocity=0.108 state=IDLE_HOLD
[super_planner_ros2_node-6] [INFO] [1786473889.818931411] [super_planner_ros2_node]: SUPER_ROS2 mode=IDLE enable_output=true reason=NO_GOAL odom=(-0.99,-0.09,0.37) goal=none tracking_setpoint_enu=(-0.99,-0.09,0.78) setpoint_ned=none yaw(desired/cmd/rate)=(0.00/0.00/0.00) cross_track=0.00 frame_id=px4_ned path_points=0 odom_source=/mavros/local_position/odom cloud_source=/saved_map mavros_connected=true
[offboard_waypoint_node-1] [INFO] [1786473889.955089620] [offboard_waypoint_node]: [CONTROL_ARBITER] selected_source=safety_hold state=IDLE_HOLD
[fastlio_bridge_node-2] [INFO] [1786473890.046557220] [fastlio_bridge_node]: 已桥接并转换里程计: ENU(-1.00, -0.06, 0.36) -> NED(1.00, -0.06, -0.36)
[offboard_waypoint_node-1] [INFO] [1786473890.305246253] [offboard_waypoint_node]: [HOLD_ERROR] position_error=0.000 velocity=0.077 state=IDLE_HOLD
[super_planner_ros2_node-6] [INFO] [1786473890.868942060] [super_planner_ros2_node]: SUPER_ROS2 mode=IDLE enable_output=true reason=NO_GOAL odom=(-1.00,0.01,0.36) goal=none tracking_setpoint_enu=(-1.00,0.01,0.78) setpoint_ned=none yaw(desired/cmd/rate)=(0.00/0.00/0.00) cross_track=0.00 frame_id=px4_ned path_points=0 odom_source=/mavros/local_position/odom cloud_source=/saved_map mavros_connected=true
[offboard_waypoint_node-1] [INFO] [1786473891.005140183] [offboard_waypoint_node]: [CONTROL_ARBITER] selected_source=safety_hold state=IDLE_HOLD
[offboard_waypoint_node-1] [INFO] [1786473891.355083638] [offboard_waypoint_node]: [HOLD_ERROR] position_error=0.000 velocity=0.118 state=IDLE_HOLD
[super_planner_ros2_node-6] [INFO] [1786473891.869109670] [super_planner_ros2_node]: SUPER_ROS2 mode=IDLE enable_output=true reason=NO_GOAL odom=(-0.92,0.10,0.27) goal=none tracking_setpoint_enu=(-0.92,0.10,0.78) setpoint_ned=none yaw(desired/cmd/rate)=(0.00/0.00/0.00) cross_track=0.00 frame_id=px4_ned path_points=0 odom_source=/mavros/local_position/odom cloud_source=/saved_map mavros_connected=true
[fastlio_bridge_node-2] [INFO] [1786473892.055016299] [fastlio_bridge_node]: 已桥接并转换里程计: ENU(-0.90, 0.12, 0.27) -> NED(0.90, 0.12, -0.27)
[offboard_waypoint_node-1] [INFO] [1786473892.055261411] [offboard_waypoint_node]: [CONTROL_ARBITER] selected_source=safety_hold state=IDLE_HOLD
[offboard_waypoint_node-1] [INFO] [1786473892.355592134] [offboard_waypoint_node]: [HOLD_ERROR] position_error=0.000 velocity=0.111 state=IDLE_HOLD
[super_planner_ros2_node-6] [INFO] [1786473892.919086221] [super_planner_ros2_node]: SUPER_ROS2 mode=IDLE enable_output=true reason=NO_GOAL odom=(-0.86,0.16,0.31) goal=none tracking_setpoint_enu=(-0.86,0.16,0.78) setpoint_ned=none yaw(desired/cmd/rate)=(0.00/0.00/0.00) cross_track=0.00 frame_id=px4_ned path_points=0 odom_source=/mavros/local_position/odom cloud_source=/saved_map mavros_connected=true
[offboard_waypoint_node-1] [INFO] [1786473893.055791315] [offboard_waypoint_node]: [CONTROL_ARBITER] selected_source=safety_hold state=IDLE_HOLD
[offboard_waypoint_node-1] [INFO] [1786473893.406018707] [offboard_waypoint_node]: [HOLD_ERROR] position_error=0.000 velocity=0.059 state=IDLE_HOLD
[offboard_waypoint_node-1] [INFO] [1786473893.562976176] [offboard_waypoint_node]: [EV_HEALTH] state=SUSPECT continuous_healthy=0.00s
[super_planner_ros2_node-6] [INFO] [1786473893.919116973] [super_planner_ros2_node]: SUPER_ROS2 mode=IDLE enable_output=true reason=NO_GOAL odom=(-1.00,0.23,1.26) goal=none tracking_setpoint_enu=(-1.00,0.23,0.78) setpoint_ned=none yaw(desired/cmd/rate)=(0.00/0.00/0.00) cross_track=0.00 frame_id=px4_ned path_points=0 odom_source=/mavros/local_position/odom cloud_source=/saved_map mavros_connected=true
[offboard_waypoint_node-1] [INFO] [1786473893.926305347] [offboard_waypoint_node]: [EV_HEALTH] state=FAULT continuous_healthy=0.00s
[fastlio_bridge_node-2] [INFO] [1786473894.057227065] [fastlio_bridge_node]: 已桥接并转换里程计: ENU(-1.00, 0.26, 1.23) -> NED(1.00, 0.26, -1.23)
[offboard_waypoint_node-1] [INFO] [1786473894.105418261] [offboard_waypoint_node]: [CONTROL_ARBITER] selected_source=safety_hold state=IDLE_HOLD
[offboard_waypoint_node-1] [INFO] [1786473894.455249626] [offboard_waypoint_node]: [HOLD_ERROR] position_error=0.000 velocity=0.159 state=IDLE_HOLD
[super_planner_ros2_node-6] [INFO] [1786473894.919619068] [super_planner_ros2_node]: SUPER_ROS2 mode=IDLE enable_output=true reason=NO_GOAL odom=(-1.15,0.28,0.34) goal=none tracking_setpoint_enu=(-1.15,0.28,0.78) setpoint_ned=none yaw(desired/cmd/rate)=(0.00/0.00/0.00) cross_track=0.00 frame_id=px4_ned path_points=0 odom_source=/mavros/local_position/odom cloud_source=/saved_map mavros_connected=true
[offboard_waypoint_node-1] [INFO] [1786473895.105547065] [offboard_waypoint_node]: [CONTROL_ARBITER] selected_source=safety_hold state=IDLE_HOLD
[offboard_waypoint_node-1] [INFO] [1786473895.455513991] [offboard_waypoint_node]: [HOLD_ERROR] position_error=0.000 velocity=0.221 state=IDLE_HOLD
[super_planner_ros2_node-6] [INFO] [1786473895.969971641] [super_planner_ros2_node]: SUPER_ROS2 mode=IDLE enable_output=true reason=NO_GOAL odom=(-0.90,0.27,0.91) goal=none tracking_setpoint_enu=(-0.90,0.27,0.78) setpoint_ned=none yaw(desired/cmd/rate)=(0.00/0.00/0.00) cross_track=0.00 frame_id=px4_ned path_points=0 odom_source=/mavros/local_position/odom cloud_source=/saved_map mavros_connected=true
[fastlio_bridge_node-2] [INFO] [1786473896.060726496] [fastlio_bridge_node]: 已桥接并转换里程计: ENU(-0.87, 0.43, 0.53) -> NED(0.87, 0.43, -0.53)
[offboard_waypoint_node-1] [INFO] [1786473896.105802672] [offboard_waypoint_node]: [CONTROL_ARBITER] selected_source=safety_hold state=IDLE_HOLD
[offboard_waypoint_node-1] [INFO] [1786473896.506086857] [offboard_waypoint_node]: [HOLD_ERROR] position_error=0.000 velocity=0.595 state=IDLE_HOLD
[offboard_waypoint_node-1] [INFO] [1786473896.858273813] [offboard_waypoint_node]: [EV_HEALTH] state=HEALTHY continuous_healthy=0.00s
[super_planner_ros2_node-6] [INFO] [1786473897.019489753] [super_planner_ros2_node]: SUPER_ROS2 mode=IDLE enable_output=true reason=NO_GOAL odom=(-0.42,-0.13,1.80) goal=none tracking_setpoint_enu=(-0.42,-0.13,0.78) setpoint_ned=none yaw(desired/cmd/rate)=(0.00/0.00/0.00) cross_track=0.00 frame_id=px4_ned path_points=0 odom_source=/mavros/local_position/odom cloud_source=/saved_map mavros_connected=true
[offboard_waypoint_node-1] [INFO] [1786473897.106573539] [offboard_waypoint_node]: [CONTROL_ARBITER] selected_source=safety_hold state=IDLE_HOLD
[offboard_waypoint_node-1] [ERROR] [1786473897.160197221] [offboard_waypoint_node]: [POSE_REJECT] jump=0.852m dt=0.037s trusted=(-0.187,-0.379,-1.826) received=(0.127,-0.394,-1.035)
[offboard_waypoint_node-1] [INFO] [1786473897.555467831] [offboard_waypoint_node]: [HOLD_ERROR] position_error=0.000 velocity=0.379 state=IDLE_HOLD
[fastlio_bridge_node-2] [INFO] [1786473898.046987255] [fastlio_bridge_node]: 已桥接并转换里程计: ENU(-0.24, 0.12, 0.53) -> NED(0.24, 0.12, -0.53)
[super_planner_ros2_node-6] [INFO] [1786473898.069379881] [super_planner_ros2_node]: SUPER_ROS2 mode=IDLE enable_output=true reason=NO_GOAL odom=(-0.22,0.03,0.68) goal=none tracking_setpoint_enu=(-0.22,0.03,0.78) setpoint_ned=none yaw(desired/cmd/rate)=(0.00/0.00/0.00) cross_track=0.00 frame_id=px4_ned path_points=0 odom_source=/mavros/local_position/odom cloud_source=/saved_map mavros_connected=true
[offboard_waypoint_node-1] [INFO] [1786473898.155580954] [offboard_waypoint_node]: [CONTROL_ARBITER] selected_source=safety_hold state=IDLE_HOLD
[offboard_waypoint_node-1] [INFO] [1786473898.556137422] [offboard_waypoint_node]: [HOLD_ERROR] position_error=0.000 velocity=0.260 state=IDLE_HOLD
[super_planner_ros2_node-6] [INFO] [1786473899.069566663] [super_planner_ros2_node]: SUPER_ROS2 mode=IDLE enable_output=true reason=NO_GOAL odom=(-0.26,-0.01,0.83) goal=none tracking_setpoint_enu=(-0.26,-0.01,0.78) setpoint_ned=none yaw(desired/cmd/rate)=(0.00/0.00/0.00) cross_track=0.00 frame_id=px4_ned path_points=0 odom_source=/mavros/local_position/odom cloud_source=/saved_map mavros_connected=true
[offboard_waypoint_node-1] [INFO] [1786473899.156144792] [offboard_waypoint_node]: [CONTROL_ARBITER] selected_source=safety_hold state=IDLE_HOLD
[offboard_waypoint_node-1] [INFO] [1786473899.605900084] [offboard_waypoint_node]: [HOLD_ERROR] position_error=0.000 velocity=0.171 state=IDLE_HOLD
[fastlio_bridge_node-2] [INFO] [1786473900.054086656] [fastlio_bridge_node]: 已桥接并转换里程计: ENU(-0.12, -0.08, 1.38) -> NED(0.12, -0.08, -1.38)
[super_planner_ros2_node-6] [INFO] [1786473900.070137052] [super_planner_ros2_node]: SUPER_ROS2 mode=IDLE enable_output=true reason=NO_GOAL odom=(-0.13,-0.11,1.40) goal=none tracking_setpoint_enu=(-0.13,-0.11,0.78) setpoint_ned=none yaw(desired/cmd/rate)=(0.00/0.00/0.00) cross_track=0.00 frame_id=px4_ned path_points=0 odom_source=/mavros/local_position/odom cloud_source=/saved_map mavros_connected=true
[offboard_waypoint_node-1] [INFO] [1786473900.205672789] [offboard_waypoint_node]: [CONTROL_ARBITER] selected_source=safety_hold state=IDLE_HOLD
[offboard_waypoint_node-1] [INFO] [1786473900.655704664] [offboard_waypoint_node]: [HOLD_ERROR] position_error=0.000 velocity=0.370 state=IDLE_HOLD
[super_planner_ros2_node-6] [INFO] [1786473901.120492315] [super_planner_ros2_node]: SUPER_ROS2 mode=IDLE enable_output=true reason=NO_GOAL odom=(0.19,-0.16,0.95) goal=none tracking_setpoint_enu=(0.19,-0.16,0.78) setpoint_ned=none yaw(desired/cmd/rate)=(0.00/0.00/0.00) cross_track=0.00 frame_id=px4_ned path_points=0 odom_source=/mavros/local_position/odom cloud_source=/saved_map mavros_connected=true
[offboard_waypoint_node-1] [INFO] [1786473901.206339341] [offboard_waypoint_node]: [CONTROL_ARBITER] selected_source=safety_hold state=IDLE_HOLD
[offboard_waypoint_node-1] [INFO] [1786473901.657962056] [offboard_waypoint_node]: [HOLD_ERROR] position_error=0.000 velocity=0.148 state=IDLE_HOLD
[fastlio_bridge_node-2] [INFO] [1786473902.045614062] [fastlio_bridge_node]: 已桥接并转换里程计: ENU(0.28, -0.00, 0.46) -> NED(-0.28, -0.00, -0.46)
[super_planner_ros2_node-6] [INFO] [1786473902.169889324] [super_planner_ros2_node]: SUPER_ROS2 mode=IDLE enable_output=true reason=NO_GOAL odom=(0.30,-0.02,0.40) goal=none tracking_setpoint_enu=(0.30,-0.02,0.78) setpoint_ned=none yaw(desired/cmd/rate)=(0.00/0.00/0.00) cross_track=0.00 frame_id=px4_ned path_points=0 odom_source=/mavros/local_position/odom cloud_source=/saved_map mavros_connected=true
[offboard_waypoint_node-1] [INFO] [1786473902.255925172] [offboard_waypoint_node]: [CONTROL_ARBITER] selected_source=safety_hold state=IDLE_HOLD
[offboard_waypoint_node-1] [INFO] [1786473902.706583019] [offboard_waypoint_node]: [HOLD_ERROR] position_error=0.000 velocity=0.164 state=IDLE_HOLD
[super_planner_ros2_node-6] [INFO] [1786473903.219803474] [super_planner_ros2_node]: SUPER_ROS2 mode=IDLE enable_output=true reason=NO_GOAL odom=(0.15,0.01,0.74) goal=none tracking_setpoint_enu=(0.15,0.01,0.78) setpoint_ned=none yaw(desired/cmd/rate)=(0.00/0.00/0.00) cross_track=0.00 frame_id=px4_ned path_points=0 odom_source=/mavros/local_position/odom cloud_source=/saved_map mavros_connected=true
[offboard_waypoint_node-1] [INFO] [1786473903.256587829] [offboard_waypoint_node]: [CONTROL_ARBITER] selected_source=safety_hold state=IDLE_HOLD
[offboard_waypoint_node-1] [INFO] [1786473903.756337317] [offboard_waypoint_node]: [HOLD_ERROR] position_error=0.000 velocity=0.051 state=IDLE_HOLD
[fastlio_bridge_node-2] [INFO] [1786473904.044918323] [fastlio_bridge_node]: 已桥接并转换里程计: ENU(0.11, 0.10, 0.64) -> NED(-0.11, 0.10, -0.64)
[super_planner_ros2_node-6] [INFO] [1786473904.219804846] [super_planner_ros2_node]: SUPER_ROS2 mode=IDLE enable_output=true reason=NO_GOAL odom=(0.09,0.10,0.63) goal=none tracking_setpoint_enu=(0.09,0.10,0.78) setpoint_ned=none yaw(desired/cmd/rate)=(0.00/0.00/0.00) cross_track=0.00 frame_id=px4_ned path_points=0 odom_source=/mavros/local_position/odom cloud_source=/saved_map mavros_connected=true
[offboard_waypoint_node-1] [INFO] [1786473904.306287075] [offboard_waypoint_node]: [CONTROL_ARBITER] selected_source=safety_hold state=IDLE_HOLD
[offboard_waypoint_node-1] [INFO] [1786473904.806006278] [offboard_waypoint_node]: [HOLD_ERROR] position_error=0.000 velocity=0.063 state=IDLE_HOLD
[super_planner_ros2_node-6] [INFO] [1786473905.219838583] [super_planner_ros2_node]: SUPER_ROS2 mode=IDLE enable_output=true reason=NO_GOAL odom=(0.05,0.18,0.58) goal=none tracking_setpoint_enu=(0.05,0.18,0.78) setpoint_ned=none yaw(desired/cmd/rate)=(0.00/0.00/0.00) cross_track=0.00 frame_id=px4_ned path_points=0 odom_source=/mavros/local_position/odom cloud_source=/saved_map mavros_connected=true
[offboard_waypoint_node-1] [INFO] [1786473905.306516436] [offboard_waypoint_node]: [CONTROL_ARBITER] selected_source=safety_hold state=IDLE_HOLD
[offboard_waypoint_node-1] [INFO] [1786473905.806186945] [offboard_waypoint_node]: [HOLD_ERROR] position_error=0.000 velocity=0.112 state=IDLE_HOLD
[fastlio_bridge_node-2] [INFO] [1786473906.053097873] [fastlio_bridge_node]: 已桥接并转换里程计: ENU(0.01, 0.26, 0.57) -> NED(-0.01, 0.26, -0.57)
[super_planner_ros2_node-6] [INFO] [1786473906.221496040] [super_planner_ros2_node]: SUPER_ROS2 mode=IDLE enable_output=true reason=NO_GOAL odom=(-0.00,0.24,0.58) goal=none tracking_setpoint_enu=(-0.00,0.24,0.78) setpoint_ned=none yaw(desired/cmd/rate)=(0.00/0.00/0.00) cross_track=0.00 frame_id=px4_ned path_points=0 odom_source=/mavros/local_position/odom cloud_source=/saved_map mavros_connected=true
[offboard_waypoint_node-1] [INFO] [1786473906.356342121] [offboard_waypoint_node]: [CONTROL_ARBITER] selected_source=safety_hold state=IDLE_HOLD
[offboard_waypoint_node-1] [INFO] [1786473906.856063292] [offboard_waypoint_node]: [HOLD_ERROR] position_error=0.000 velocity=0.171 state=IDLE_HOLD
[super_planner_ros2_node-6] [INFO] [1786473907.270041243] [super_planner_ros2_node]: SUPER_ROS2 mode=IDLE enable_output=true reason=NO_GOAL odom=(-0.16,0.18,0.58) goal=none tracking_setpoint_enu=(-0.16,0.18,0.78) setpoint_ned=none yaw(desired/cmd/rate)=(0.00/0.00/0.00) cross_track=0.00 frame_id=px4_ned path_points=0 odom_source=/mavros/local_position/odom cloud_source=/saved_map mavros_connected=true
[offboard_waypoint_node-1] [INFO] [1786473907.407039461] [offboard_waypoint_node]: [CONTROL_ARBITER] selected_source=safety_hold state=IDLE_HOLD
[offboard_waypoint_node-1] [INFO] [1786473907.856611200] [offboard_waypoint_node]: [HOLD_ERROR] position_error=0.000 velocity=0.187 state=IDLE_HOLD
[fastlio_bridge_node-2] [INFO] [1786473908.053604552] [fastlio_bridge_node]: 已桥接并转换里程计: ENU(-0.09, 0.17, 0.58) -> NED(0.09, 0.17, -0.58)
[super_planner_ros2_node-6] [INFO] [1786473908.270117568] [super_planner_ros2_node]: SUPER_ROS2 mode=IDLE enable_output=true reason=NO_GOAL odom=(-0.05,0.15,0.58) goal=none tracking_setpoint_enu=(-0.05,0.15,0.78) setpoint_ned=none yaw(desired/cmd/rate)=(0.00/0.00/0.00) cross_track=0.00 frame_id=px4_ned path_points=0 odom_source=/mavros/local_position/odom cloud_source=/saved_map mavros_connected=true
[offboard_waypoint_node-1] [INFO] [1786473908.456383567] [offboard_waypoint_node]: [CONTROL_ARBITER] selected_source=safety_hold state=IDLE_HOLD
[offboard_waypoint_node-1] [INFO] [1786473908.907949795] [offboard_waypoint_node]: [HOLD_ERROR] position_error=0.000 velocity=0.086 state=IDLE_HOLD
[super_planner_ros2_node-6] [INFO] [1786473909.320417720] [super_planner_ros2_node]: SUPER_ROS2 mode=IDLE enable_output=true reason=NO_GOAL odom=(0.07,0.13,0.57) goal=none tracking_setpoint_enu=(0.07,0.13,0.78) setpoint_ned=none yaw(desired/cmd/rate)=(0.00/0.00/0.00) cross_track=0.00 frame_id=px4_ned path_points=0 odom_source=/mavros/local_position/odom cloud_source=/saved_map mavros_connected=true
[offboard_waypoint_node-1] [INFO] [1786473909.506789697] [offboard_waypoint_node]: [CONTROL_ARBITER] selected_source=safety_hold state=IDLE_HOLD
[offboard_waypoint_node-1] [INFO] [1786473909.858190565] [offboard_waypoint_node]: [EV_HEALTH] state=SUSPECT continuous_healthy=0.00s
[offboard_waypoint_node-1] [INFO] [1786473909.956587207] [offboard_waypoint_node]: [HOLD_ERROR] position_error=0.000 velocity=0.026 state=IDLE_HOLD
[fastlio_bridge_node-2] [INFO] [1786473910.052817925] [fastlio_bridge_node]: 已桥接并转换里程计: ENU(0.06, 0.10, 0.60) -> NED(-0.06, 0.10, -0.60)
[super_planner_ros2_node-6] [INFO] [1786473910.370277094] [super_planner_ros2_node]: SUPER_ROS2 mode=IDLE enable_output=true reason=NO_GOAL odom=(0.05,0.09,0.62) goal=none tracking_setpoint_enu=(0.05,0.09,0.78) setpoint_ned=none yaw(desired/cmd/rate)=(0.00/0.00/0.00) cross_track=0.00 frame_id=px4_ned path_points=0 odom_source=/mavros/local_position/odom cloud_source=/saved_map mavros_connected=true
[offboard_waypoint_node-1] [INFO] [1786473910.556367655] [offboard_waypoint_node]: [CONTROL_ARBITER] selected_source=safety_hold state=IDLE_HOLD
[offboard_waypoint_node-1] [INFO] [1786473910.956656209] [offboard_waypoint_node]: [HOLD_ERROR] position_error=0.000 velocity=0.116 state=IDLE_HOLD
[mapping_manager_node-5] [INFO] [1786473911.360144922] [mapping_manager_node]: Mapping status: in_flight=false, map_loaded=false, map_saved=false
[super_planner_ros2_node-6] [INFO] [1786473911.370776041] [super_planner_ros2_node]: SUPER_ROS2 mode=IDLE enable_output=true reason=NO_GOAL odom=(0.06,0.00,0.60) goal=none tracking_setpoint_enu=(0.06,0.00,0.78) setpoint_ned=none yaw(desired/cmd/rate)=(0.00/0.00/0.00) cross_track=0.00 frame_id=px4_ned path_points=0 odom_source=/mavros/local_position/odom cloud_source=/saved_map mavros_connected=true
[offboard_waypoint_node-1] [INFO] [1786473911.556534996] [offboard_waypoint_node]: [CONTROL_ARBITER] selected_source=safety_hold state=IDLE_HOLD
[offboard_waypoint_node-1] [INFO] [1786473911.950994890] [offboard_waypoint_node]: [EV_HEALTH] state=HEALTHY continuous_healthy=0.00s
[offboard_waypoint_node-1] [INFO] [1786473911.957927629] [offboard_waypoint_node]: [HOLD_ERROR] position_error=0.000 velocity=0.095 state=IDLE_HOLD
[fastlio_bridge_node-2] [INFO] [1786473912.067841949] [fastlio_bridge_node]: 已桥接并转换里程计: ENU(0.12, -0.00, 0.57) -> NED(-0.12, -0.00, -0.57)
[super_planner_ros2_node-6] [INFO] [1786473912.420494780] [super_planner_ros2_node]: SUPER_ROS2 mode=IDLE enable_output=true reason=NO_GOAL odom=(0.14,0.01,0.57) goal=none tracking_setpoint_enu=(0.14,0.01,0.78) setpoint_ned=none yaw(desired/cmd/rate)=(0.00/0.00/0.00) cross_track=0.00 frame_id=px4_ned path_points=0 odom_source=/mavros/local_position/odom cloud_source=/saved_map mavros_connected=true
[offboard_waypoint_node-1] [INFO] [1786473912.557794479] [offboard_waypoint_node]: [CONTROL_ARBITER] selected_source=safety_hold state=IDLE_HOLD
[offboard_waypoint_node-1] [INFO] [1786473913.006735551] [offboard_waypoint_node]: [HOLD_ERROR] position_error=0.000 velocity=0.053 state=IDLE_HOLD
[super_planner_ros2_node-6] [INFO] [1786473913.420549336] [super_planner_ros2_node]: SUPER_ROS2 mode=IDLE enable_output=true reason=NO_GOAL odom=(0.11,0.07,0.58) goal=none tracking_setpoint_enu=(0.11,0.07,0.78) setpoint_ned=none yaw(desired/cmd/rate)=(0.00/0.00/0.00) cross_track=0.00 frame_id=px4_ned path_points=0 odom_source=/mavros/local_position/odom cloud_source=/saved_map mavros_connected=true
[offboard_waypoint_node-1] [INFO] [1786473913.606654256] [offboard_waypoint_node]: [CONTROL_ARBITER] selected_source=safety_hold state=IDLE_HOLD
[fastlio_bridge_node-2] [INFO] [1786473914.045827035] [fastlio_bridge_node]: 已桥接并转换里程计: ENU(0.04, 0.11, 0.59) -> NED(-0.04, 0.11, -0.59)
[offboard_waypoint_node-1] [INFO] [1786473914.057007836] [offboard_waypoint_node]: [HOLD_ERROR] position_error=0.000 velocity=0.107 state=IDLE_HOLD
[super_planner_ros2_node-6] [INFO] [1786473914.420589705] [super_planner_ros2_node]: SUPER_ROS2 mode=IDLE enable_output=true reason=NO_GOAL odom=(0.00,0.07,0.59) goal=none tracking_setpoint_enu=(0.00,0.07,0.78) setpoint_ned=none yaw(desired/cmd/rate)=(0.00/0.00/0.00) cross_track=0.00 frame_id=px4_ned path_points=0 odom_source=/mavros/local_position/odom cloud_source=/saved_map mavros_connected=true
[offboard_waypoint_node-1] [INFO] [1786473914.606717738] [offboard_waypoint_node]: [CONTROL_ARBITER] selected_source=safety_hold state=IDLE_HOLD
[offboard_waypoint_node-1] [INFO] [1786473915.057069645] [offboard_waypoint_node]: [HOLD_ERROR] position_error=0.000 velocity=0.095 state=IDLE_HOLD
[super_planner_ros2_node-6] [INFO] [1786473915.420640027] [super_planner_ros2_node]: SUPER_ROS2 mode=IDLE enable_output=true reason=NO_GOAL odom=(0.05,0.04,0.56) goal=none tracking_setpoint_enu=(0.05,0.04,0.78) setpoint_ned=none yaw(desired/cmd/rate)=(0.00/0.00/0.00) cross_track=0.00 frame_id=px4_ned path_points=0 odom_source=/mavros/local_position/odom cloud_source=/saved_map mavros_connected=true
[offboard_waypoint_node-1] [INFO] [1786473915.609677715] [offboard_waypoint_node]: [CONTROL_ARBITER] selected_source=safety_hold state=IDLE_HOLD
[fastlio_bridge_node-2] [INFO] [1786473916.051983977] [fastlio_bridge_node]: 已桥接并转换里程计: ENU(0.10, 0.12, 0.50) -> NED(-0.10, 0.12, -0.50)
[offboard_waypoint_node-1] [INFO] [1786473916.106802041] [offboard_waypoint_node]: [HOLD_ERROR] position_error=0.000 velocity=0.012 state=IDLE_HOLD
[super_planner_ros2_node-6] [INFO] [1786473916.420679191] [super_planner_ros2_node]: SUPER_ROS2 mode=IDLE enable_output=true reason=NO_GOAL odom=(0.09,0.11,0.54) goal=none tracking_setpoint_enu=(0.09,0.11,0.78) setpoint_ned=none yaw(desired/cmd/rate)=(0.00/0.00/0.00) cross_track=0.00 frame_id=px4_ned path_points=0 odom_source=/mavros/local_position/odom cloud_source=/saved_map mavros_connected=true
[offboard_waypoint_node-1] [INFO] [1786473916.656862968] [offboard_waypoint_node]: [CONTROL_ARBITER] selected_source=safety_hold state=IDLE_HOLD
[offboard_waypoint_node-1] [INFO] [1786473917.106938597] [offboard_waypoint_node]: [HOLD_ERROR] position_error=0.000 velocity=0.077 state=IDLE_HOLD
[super_planner_ros2_node-6] [INFO] [1786473917.421043376] [super_planner_ros2_node]: SUPER_ROS2 mode=IDLE enable_output=true reason=NO_GOAL odom=(0.14,0.11,0.53) goal=none tracking_setpoint_enu=(0.14,0.11,0.78) setpoint_ned=none yaw(desired/cmd/rate)=(0.00/0.00/0.00) cross_track=0.00 frame_id=px4_ned path_points=0 odom_source=/mavros/local_position/odom cloud_source=/saved_map mavros_connected=true
[offboard_waypoint_node-1] [INFO] [1786473917.657101720] [offboard_waypoint_node]: [CONTROL_ARBITER] selected_source=safety_hold state=IDLE_HOLD
[fastlio_bridge_node-2] [INFO] [1786473918.056568317] [fastlio_bridge_node]: 已桥接并转换里程计: ENU(0.18, 0.15, 0.53) -> NED(-0.18, 0.15, -0.53)
[offboard_waypoint_node-1] [INFO] [1786473918.107055019] [offboard_waypoint_node]: [HOLD_ERROR] position_error=0.000 velocity=0.019 state=IDLE_HOLD
[super_planner_ros2_node-6] [INFO] [1786473918.470792208] [super_planner_ros2_node]: SUPER_ROS2 mode=IDLE enable_output=true reason=NO_GOAL odom=(0.18,0.15,0.55) goal=none tracking_setpoint_enu=(0.18,0.15,0.78) setpoint_ned=none yaw(desired/cmd/rate)=(0.00/0.00/0.00) cross_track=0.00 frame_id=px4_ned path_points=0 odom_source=/mavros/local_position/odom cloud_source=/saved_map mavros_connected=true
[offboard_waypoint_node-1] [INFO] [1786473918.658676763] [offboard_waypoint_node]: [CONTROL_ARBITER] selected_source=safety_hold state=IDLE_HOLD
[offboard_waypoint_node-1] [INFO] [1786473919.107061564] [offboard_waypoint_node]: [HOLD_ERROR] position_error=0.000 velocity=0.027 state=IDLE_HOLD
[super_planner_ros2_node-6] [INFO] [1786473919.471274457] [super_planner_ros2_node]: SUPER_ROS2 mode=IDLE enable_output=true reason=NO_GOAL odom=(0.19,0.15,0.55) goal=none tracking_setpoint_enu=(0.19,0.15,0.78) setpoint_ned=none yaw(desired/cmd/rate)=(0.00/0.00/0.00) cross_track=0.00 frame_id=px4_ned path_points=0 odom_source=/mavros/local_position/odom cloud_source=/saved_map mavros_connected=true
[offboard_waypoint_node-1] [INFO] [1786473919.707118977] [offboard_waypoint_node]: [CONTROL_ARBITER] selected_source=safety_hold state=IDLE_HOLD
[fastlio_bridge_node-2] [INFO] [1786473920.045644590] [fastlio_bridge_node]: 已桥接并转换里程计: ENU(0.18, 0.14, 0.58) -> NED(-0.18, 0.14, -0.58)
[offboard_waypoint_node-1] [INFO] [1786473920.107061426] [offboard_waypoint_node]: [HOLD_ERROR] position_error=0.000 velocity=0.107 state=IDLE_HOLD
[super_planner_ros2_node-6] [INFO] [1786473920.471527765] [super_planner_ros2_node]: SUPER_ROS2 mode=IDLE enable_output=true reason=NO_GOAL odom=(0.16,0.09,0.58) goal=none tracking_setpoint_enu=(0.16,0.09,0.78) setpoint_ned=none yaw(desired/cmd/rate)=(0.00/0.00/0.00) cross_track=0.00 frame_id=px4_ned path_points=0 odom_source=/mavros/local_position/odom cloud_source=/saved_map mavros_connected=true
[offboard_waypoint_node-1] [INFO] [1786473920.707223330] [offboard_waypoint_node]: [CONTROL_ARBITER] selected_source=safety_hold state=IDLE_HOLD
[offboard_waypoint_node-1] [INFO] [1786473921.107552890] [offboard_waypoint_node]: [HOLD_ERROR] position_error=0.000 velocity=0.116 state=IDLE_HOLD
[super_planner_ros2_node-6] [INFO] [1786473921.521257728] [super_planner_ros2_node]: SUPER_ROS2 mode=IDLE enable_output=true reason=NO_GOAL odom=(0.11,0.03,0.59) goal=none tracking_setpoint_enu=(0.11,0.03,0.78) setpoint_ned=none yaw(desired/cmd/rate)=(0.00/0.00/0.00) cross_track=0.00 frame_id=px4_ned path_points=0 odom_source=/mavros/local_position/odom cloud_source=/saved_map mavros_connected=true
[offboard_waypoint_node-1] [INFO] [1786473921.707365040] [offboard_waypoint_node]: [CONTROL_ARBITER] selected_source=safety_hold state=IDLE_HOLD
[fastlio_bridge_node-2] [INFO] [1786473922.047382159] [fastlio_bridge_node]: 已桥接并转换里程计: ENU(0.10, 0.04, 0.62) -> NED(-0.10, 0.04, -0.62)
[offboard_waypoint_node-1] [INFO] [1786473922.157247389] [offboard_waypoint_node]: [HOLD_ERROR] position_error=0.000 velocity=0.019 state=IDLE_HOLD
[super_planner_ros2_node-6] [INFO] [1786473922.521536104] [super_planner_ros2_node]: SUPER_ROS2 mode=IDLE enable_output=true reason=NO_GOAL odom=(0.09,0.05,0.61) goal=none tracking_setpoint_enu=(0.09,0.05,0.78) setpoint_ned=none yaw(desired/cmd/rate)=(0.00/0.00/0.00) cross_track=0.00 frame_id=px4_ned path_points=0 odom_source=/mavros/local_position/odom cloud_source=/saved_map mavros_connected=true
[offboard_waypoint_node-1] [INFO] [1786473922.707464234] [offboard_waypoint_node]: [CONTROL_ARBITER] selected_source=safety_hold state=IDLE_HOLD
[offboard_waypoint_node-1] [INFO] [1786473923.157270947] [offboard_waypoint_node]: [HOLD_ERROR] position_error=0.000 velocity=0.095 state=IDLE_HOLD
[super_planner_ros2_node-6] [INFO] [1786473923.571442088] [super_planner_ros2_node]: SUPER_ROS2 mode=IDLE enable_output=true reason=NO_GOAL odom=(0.04,0.01,0.61) goal=none tracking_setpoint_enu=(0.04,0.01,0.78) setpoint_ned=none yaw(desired/cmd/rate)=(0.00/0.00/0.00) cross_track=0.00 frame_id=px4_ned path_points=0 odom_source=/mavros/local_position/odom cloud_source=/saved_map mavros_connected=true
[offboard_waypoint_node-1] [INFO] [1786473923.707876537] [offboard_waypoint_node]: [CONTROL_ARBITER] selected_source=safety_hold state=IDLE_HOLD
[fastlio_bridge_node-2] [INFO] [1786473924.045179285] [fastlio_bridge_node]: 已桥接并转换里程计: ENU(0.00, -0.01, 0.61) -> NED(-0.00, -0.01, -0.61)
[offboard_waypoint_node-1] [INFO] [1786473924.158525895] [offboard_waypoint_node]: [HOLD_ERROR] position_error=0.000 velocity=0.041 state=IDLE_HOLD
[super_planner_ros2_node-6] [INFO] [1786473924.571509410] [super_planner_ros2_node]: SUPER_ROS2 mode=IDLE enable_output=true reason=NO_GOAL odom=(0.00,0.02,0.60) goal=none tracking_setpoint_enu=(0.00,0.02,0.78) setpoint_ned=none yaw(desired/cmd/rate)=(0.00/0.00/0.00) cross_track=0.00 frame_id=px4_ned path_points=0 odom_source=/mavros/local_position/odom cloud_source=/saved_map mavros_connected=true
[offboard_waypoint_node-1] [INFO] [1786473924.757396213] [offboard_waypoint_node]: [CONTROL_ARBITER] selected_source=safety_hold state=IDLE_HOLD
[offboard_waypoint_node-1] [INFO] [1786473925.207597340] [offboard_waypoint_node]: [HOLD_ERROR] position_error=0.000 velocity=0.113 state=IDLE_HOLD
[super_planner_ros2_node-6] [INFO] [1786473925.572137602] [super_planner_ros2_node]: SUPER_ROS2 mode=IDLE enable_output=true reason=NO_GOAL odom=(0.05,0.08,0.58) goal=none tracking_setpoint_enu=(0.05,0.08,0.78) setpoint_ned=none yaw(desired/cmd/rate)=(0.00/0.00/0.00) cross_track=0.00 frame_id=px4_ned path_points=0 odom_source=/mavros/local_position/odom cloud_source=/saved_map mavros_connected=true
[offboard_waypoint_node-1] [INFO] [1786473925.757686402] [offboard_waypoint_node]: [CONTROL_ARBITER] selected_source=safety_hold state=IDLE_HOLD
[fastlio_bridge_node-2] [INFO] [1786473926.046457330] [fastlio_bridge_node]: 已桥接并转换里程计: ENU(0.08, 0.04, 0.62) -> NED(-0.08, 0.04, -0.62)
[offboard_waypoint_node-1] [INFO] [1786473926.257513254] [offboard_waypoint_node]: [HOLD_ERROR] position_error=0.000 velocity=0.126 state=IDLE_HOLD
[super_planner_ros2_node-6] [INFO] [1786473926.621432442] [super_planner_ros2_node]: SUPER_ROS2 mode=IDLE enable_output=true reason=NO_GOAL odom=(0.10,-0.02,0.60) goal=none tracking_setpoint_enu=(0.10,-0.02,0.78) setpoint_ned=none yaw(desired/cmd/rate)=(0.00/0.00/0.00) cross_track=0.00 frame_id=px4_ned path_points=0 odom_source=/mavros/local_position/odom cloud_source=/saved_map mavros_connected=true
[offboard_waypoint_node-1] [INFO] [1786473926.807599679] [offboard_waypoint_node]: [CONTROL_ARBITER] selected_source=safety_hold state=IDLE_HOLD
[offboard_waypoint_node-1] [INFO] [1786473927.257754408] [offboard_waypoint_node]: [HOLD_ERROR] position_error=0.000 velocity=0.062 state=IDLE_HOLD
[super_planner_ros2_node-6] [INFO] [1786473927.621968426] [super_planner_ros2_node]: SUPER_ROS2 mode=IDLE enable_output=true reason=NO_GOAL odom=(0.14,0.01,0.63) goal=none tracking_setpoint_enu=(0.14,0.01,0.78) setpoint_ned=none yaw(desired/cmd/rate)=(0.00/0.00/0.00) cross_track=0.00 frame_id=px4_ned path_points=0 odom_source=/mavros/local_position/odom cloud_source=/saved_map mavros_connected=true
[offboard_waypoint_node-1] [INFO] [1786473927.807681322] [offboard_waypoint_node]: [CONTROL_ARBITER] selected_source=safety_hold state=IDLE_HOLD
[fastlio_bridge_node-2] [INFO] [1786473928.050935024] [fastlio_bridge_node]: 已桥接并转换里程计: ENU(0.15, 0.07, 0.68) -> NED(-0.15, 0.07, -0.68)
[offboard_waypoint_node-1] [INFO] [1786473928.259290343] [offboard_waypoint_node]: [HOLD_ERROR] position_error=0.000 velocity=0.055 state=IDLE_HOLD
[super_planner_ros2_node-6] [INFO] [1786473928.671611129] [super_planner_ros2_node]: SUPER_ROS2 mode=IDLE enable_output=true reason=NO_GOAL odom=(0.18,0.09,0.65) goal=none tracking_setpoint_enu=(0.18,0.09,0.78) setpoint_ned=none yaw(desired/cmd/rate)=(0.00/0.00/0.00) cross_track=0.00 frame_id=px4_ned path_points=0 odom_source=/mavros/local_position/odom cloud_source=/saved_map mavros_connected=true
[offboard_waypoint_node-1] [INFO] [1786473928.807701996] [offboard_waypoint_node]: [CONTROL_ARBITER] selected_source=safety_hold state=IDLE_HOLD
[offboard_waypoint_node-1] [INFO] [1786473929.307771494] [offboard_waypoint_node]: [HOLD_ERROR] position_error=0.000 velocity=0.112 state=IDLE_HOLD
[super_planner_ros2_node-6] [INFO] [1786473929.721640525] [super_planner_ros2_node]: SUPER_ROS2 mode=IDLE enable_output=true reason=NO_GOAL odom=(0.23,0.08,0.65) goal=none tracking_setpoint_enu=(0.23,0.08,0.78) setpoint_ned=none yaw(desired/cmd/rate)=(0.00/0.00/0.00) cross_track=0.00 frame_id=px4_ned path_points=0 odom_source=/mavros/local_position/odom cloud_source=/saved_map mavros_connected=true
[offboard_waypoint_node-1] [INFO] [1786473929.808179683] [offboard_waypoint_node]: [CONTROL_ARBITER] selected_source=safety_hold state=IDLE_HOLD
[fastlio_bridge_node-2] [INFO] [1786473930.055133523] [fastlio_bridge_node]: 已桥接并转换里程计: ENU(0.23, 0.10, 0.65) -> NED(-0.23, 0.10, -0.65)
[offboard_waypoint_node-1] [INFO] [1786473930.307840078] [offboard_waypoint_node]: [HOLD_ERROR] position_error=0.000 velocity=0.106 state=IDLE_HOLD
[super_planner_ros2_node-6] [INFO] [1786473930.721856084] [super_planner_ros2_node]: SUPER_ROS2 mode=IDLE enable_output=true reason=NO_GOAL odom=(0.17,0.07,0.63) goal=none tracking_setpoint_enu=(0.17,0.07,0.78) setpoint_ned=none yaw(desired/cmd/rate)=(0.00/0.00/0.00) cross_track=0.00 frame_id=px4_ned path_points=0 odom_source=/mavros/local_position/odom cloud_source=/saved_map mavros_connected=true
[offboard_waypoint_node-1] [INFO] [1786473930.857970204] [offboard_waypoint_node]: [CONTROL_ARBITER] selected_source=safety_hold state=IDLE_HOLD
[offboard_waypoint_node-1] [INFO] [1786473931.308247038] [offboard_waypoint_node]: [HOLD_ERROR] position_error=0.000 velocity=0.061 state=IDLE_HOLD
[super_planner_ros2_node-6] [INFO] [1786473931.721864254] [super_planner_ros2_node]: SUPER_ROS2 mode=IDLE enable_output=true reason=NO_GOAL odom=(0.13,0.10,0.60) goal=none tracking_setpoint_enu=(0.13,0.10,0.78) setpoint_ned=none yaw(desired/cmd/rate)=(0.00/0.00/0.00) cross_track=0.00 frame_id=px4_ned path_points=0 odom_source=/mavros/local_position/odom cloud_source=/saved_map mavros_connected=true
[offboard_waypoint_node-1] [INFO] [1786473931.858204703] [offboard_waypoint_node]: [CONTROL_ARBITER] selected_source=safety_hold state=IDLE_HOLD
[fastlio_bridge_node-2] [INFO] [1786473932.052903981] [fastlio_bridge_node]: 已桥接并转换里程计: ENU(0.11, 0.15, 0.63) -> NED(-0.11, 0.15, -0.63)
[offboard_waypoint_node-1] [INFO] [1786473932.357898856] [offboard_waypoint_node]: [HOLD_ERROR] position_error=0.000 velocity=0.046 state=IDLE_HOLD
[super_planner_ros2_node-6] [INFO] [1786473932.771792771] [super_planner_ros2_node]: SUPER_ROS2 mode=IDLE enable_output=true reason=NO_GOAL odom=(0.11,0.16,0.60) goal=none tracking_setpoint_enu=(0.11,0.16,0.78) setpoint_ned=none yaw(desired/cmd/rate)=(0.00/0.00/0.00) cross_track=0.00 frame_id=px4_ned path_points=0 odom_source=/mavros/local_position/odom cloud_source=/saved_map mavros_connected=true
[offboard_waypoint_node-1] [INFO] [1786473932.858495879] [offboard_waypoint_node]: [CONTROL_ARBITER] selected_source=safety_hold state=IDLE_HOLD
[offboard_waypoint_node-1] [INFO] [1786473933.357938500] [offboard_waypoint_node]: [HOLD_ERROR] position_error=0.000 velocity=0.151 state=IDLE_HOLD
[super_planner_ros2_node-6] [INFO] [1786473933.771937437] [super_planner_ros2_node]: SUPER_ROS2 mode=IDLE enable_output=true reason=NO_GOAL odom=(0.09,0.06,0.61) goal=none tracking_setpoint_enu=(0.09,0.06,0.78) setpoint_ned=none yaw(desired/cmd/rate)=(0.00/0.00/0.00) cross_track=0.00 frame_id=px4_ned path_points=0 odom_source=/mavros/local_position/odom cloud_source=/saved_map mavros_connected=true
[offboard_waypoint_node-1] [INFO] [1786473933.858741982] [offboard_waypoint_node]: [CONTROL_ARBITER] selected_source=safety_hold state=IDLE_HOLD
[fastlio_bridge_node-2] [INFO] [1786473934.046883102] [fastlio_bridge_node]: 已桥接并转换里程计: ENU(0.05, 0.09, 0.65) -> NED(-0.05, 0.09, -0.65)
[offboard_waypoint_node-1] [INFO] [1786473934.358271954] [offboard_waypoint_node]: [HOLD_ERROR] position_error=0.000 velocity=0.056 state=IDLE_HOLD
[super_planner_ros2_node-6] [INFO] [1786473934.772627784] [super_planner_ros2_node]: SUPER_ROS2 mode=IDLE enable_output=true reason=NO_GOAL odom=(0.02,0.12,0.59) goal=none tracking_setpoint_enu=(0.02,0.12,0.78) setpoint_ned=none yaw(desired/cmd/rate)=(0.00/0.00/0.00) cross_track=0.00 frame_id=px4_ned path_points=0 odom_source=/mavros/local_position/odom cloud_source=/saved_map mavros_connected=true
[offboard_waypoint_node-1] [INFO] [1786473934.908245846] [offboard_waypoint_node]: [CONTROL_ARBITER] selected_source=safety_hold state=IDLE_HOLD
[offboard_waypoint_node-1] [WARN] [1786473935.308187990] [offboard_waypoint_node]: [HOLD_POSITION] x=0.099 y=-0.061 z=-0.557 yaw=1.448 reason=manual handover accepted
[offboard_waypoint_node-1] [WARN] [1786473935.308420518] [offboard_waypoint_node]: [MANUAL_HANDOVER_ACCEPTED] current NED=(0.099,-0.061,-0.557)
[offboard_waypoint_node-1] [INFO] [1786473935.358752995] [offboard_waypoint_node]: [HOLD_ERROR] position_error=0.011 velocity=0.157 state=IDLE_HOLD
[super_planner_ros2_node-6] [INFO] [1786473935.822360936] [super_planner_ros2_node]: SUPER_ROS2 mode=IDLE enable_output=true reason=NO_GOAL odom=(-0.10,0.12,0.52) goal=none tracking_setpoint_enu=(-0.10,0.12,0.78) setpoint_ned=none yaw(desired/cmd/rate)=(0.00/0.00/0.00) cross_track=0.00 frame_id=px4_ned path_points=0 odom_source=/mavros/local_position/odom cloud_source=/saved_map mavros_connected=true
[offboard_waypoint_node-1] [INFO] [1786473935.908342758] [offboard_waypoint_node]: [CONTROL_ARBITER] selected_source=safety_hold state=IDLE_HOLD
[fastlio_bridge_node-2] [INFO] [1786473936.057754991] [fastlio_bridge_node]: 已桥接并转换里程计: ENU(-0.10, 0.13, 0.52) -> NED(0.10, 0.13, -0.52)
[offboard_waypoint_node-1] [INFO] [1786473936.408283942] [offboard_waypoint_node]: [HOLD_ERROR] position_error=0.080 velocity=0.080 state=IDLE_HOLD
[super_planner_ros2_node-6] [INFO] [1786473936.822902128] [super_planner_ros2_node]: SUPER_ROS2 mode=IDLE enable_output=true reason=NO_GOAL odom=(-0.11,0.11,0.50) goal=none tracking_setpoint_enu=(-0.11,0.11,0.78) setpoint_ned=none yaw(desired/cmd/rate)=(0.00/0.00/0.00) cross_track=0.00 frame_id=px4_ned path_points=0 odom_source=/mavros/local_position/odom cloud_source=/saved_map mavros_connected=true
[offboard_waypoint_node-1] [INFO] [1786473936.909087864] [offboard_waypoint_node]: [CONTROL_ARBITER] selected_source=safety_hold state=IDLE_HOLD
[offboard_waypoint_node-1] [INFO] [1786473937.415770471] [offboard_waypoint_node]: [HOLD_ERROR] position_error=0.081 velocity=0.040 state=IDLE_HOLD
[super_planner_ros2_node-6] [INFO] [1786473937.872307402] [super_planner_ros2_node]: SUPER_ROS2 mode=IDLE enable_output=true reason=NO_GOAL odom=(-0.13,0.12,0.49) goal=none tracking_setpoint_enu=(-0.13,0.12,0.78) setpoint_ned=none yaw(desired/cmd/rate)=(0.00/0.00/0.00) cross_track=0.00 frame_id=px4_ned path_points=0 odom_source=/mavros/local_position/odom cloud_source=/saved_map mavros_connected=true
[offboard_waypoint_node-1] [INFO] [1786473937.958942853] [offboard_waypoint_node]: [CONTROL_ARBITER] selected_source=safety_hold state=IDLE_HOLD
[fastlio_bridge_node-2] [INFO] [1786473938.069162795] [fastlio_bridge_node]: 已桥接并转换里程计: ENU(-0.14, 0.12, 0.50) -> NED(0.14, 0.12, -0.50)
[offboard_waypoint_node-1] [INFO] [1786473938.459153239] [offboard_waypoint_node]: [HOLD_ERROR] position_error=0.112 velocity=0.057 state=IDLE_HOLD
[offboard_waypoint_node-1] [INFO] [1786473938.565333658] [offboard_waypoint_node]: [EV_HEALTH] state=SUSPECT continuous_healthy=0.00s
[super_planner_ros2_node-6] [INFO] [1786473938.923317665] [super_planner_ros2_node]: SUPER_ROS2 mode=IDLE enable_output=true reason=NO_GOAL odom=(-0.11,0.12,0.48) goal=none tracking_setpoint_enu=(-0.11,0.12,0.78) setpoint_ned=none yaw(desired/cmd/rate)=(0.00/0.00/0.00) cross_track=0.00 frame_id=px4_ned path_points=0 odom_source=/mavros/local_position/odom cloud_source=/saved_map mavros_connected=true
[offboard_waypoint_node-1] [INFO] [1786473938.959876309] [offboard_waypoint_node]: [CONTROL_ARBITER] selected_source=safety_hold state=IDLE_HOLD
[offboard_waypoint_node-1] [INFO] [1786473939.460689042] [offboard_waypoint_node]: [HOLD_ERROR] position_error=0.091 velocity=0.039 state=IDLE_HOLD
[super_planner_ros2_node-6] [INFO] [1786473939.972765614] [super_planner_ros2_node]: SUPER_ROS2 mode=IDLE enable_output=true reason=NO_GOAL odom=(-0.12,0.12,0.46) goal=none tracking_setpoint_enu=(-0.12,0.12,0.78) setpoint_ned=none yaw(desired/cmd/rate)=(0.00/0.00/0.00) cross_track=0.00 frame_id=px4_ned path_points=0 odom_source=/mavros/local_position/odom cloud_source=/saved_map mavros_connected=true
[offboard_waypoint_node-1] [INFO] [1786473940.008636614] [offboard_waypoint_node]: [CONTROL_ARBITER] selected_source=safety_hold state=IDLE_HOLD
[fastlio_bridge_node-2] [INFO] [1786473940.048008006] [fastlio_bridge_node]: 已桥接并转换里程计: ENU(-0.12, 0.13, 0.43) -> NED(0.12, 0.13, -0.43)
[offboard_waypoint_node-1] [INFO] [1786473940.461127655] [offboard_waypoint_node]: [HOLD_ERROR] position_error=0.138 velocity=0.066 state=IDLE_HOLD
[offboard_waypoint_node-1] [INFO] [1786473940.650634505] [offboard_waypoint_node]: [EV_HEALTH] state=HEALTHY continuous_healthy=0.00s
[offboard_waypoint_node-1] [INFO] [1786473941.008737447] [offboard_waypoint_node]: [CONTROL_ARBITER] selected_source=safety_hold state=IDLE_HOLD
[super_planner_ros2_node-6] [INFO] [1786473941.022659527] [super_planner_ros2_node]: SUPER_ROS2 mode=IDLE enable_output=true reason=NO_GOAL odom=(-0.07,0.16,0.43) goal=none tracking_setpoint_enu=(-0.07,0.16,0.78) setpoint_ned=none yaw(desired/cmd/rate)=(0.00/0.00/0.00) cross_track=0.00 frame_id=px4_ned path_points=0 odom_source=/mavros/local_position/odom cloud_source=/saved_map mavros_connected=true
[mapping_manager_node-5] [INFO] [1786473941.362190240] [mapping_manager_node]: Mapping status: in_flight=false, map_loaded=false, map_saved=false
[offboard_waypoint_node-1] [INFO] [1786473941.508657824] [offboard_waypoint_node]: [HOLD_ERROR] position_error=0.138 velocity=0.133 state=IDLE_HOLD
[fastlio_bridge_node-2] [INFO] [1786473942.058503552] [fastlio_bridge_node]: 已桥接并转换里程计: ENU(0.02, 0.10, 0.51) -> NED(-0.02, 0.10, -0.51)
[offboard_waypoint_node-1] [INFO] [1786473942.059667967] [offboard_waypoint_node]: [CONTROL_ARBITER] selected_source=safety_hold state=IDLE_HOLD
[super_planner_ros2_node-6] [INFO] [1786473942.072757101] [super_planner_ros2_node]: SUPER_ROS2 mode=IDLE enable_output=true reason=NO_GOAL odom=(0.02,0.09,0.47) goal=none tracking_setpoint_enu=(0.02,0.09,0.78) setpoint_ned=none yaw(desired/cmd/rate)=(0.00/0.00/0.00) cross_track=0.00 frame_id=px4_ned path_points=0 odom_source=/mavros/local_position/odom cloud_source=/saved_map mavros_connected=true
[offboard_waypoint_node-1] [INFO] [1786473942.558619092] [offboard_waypoint_node]: [HOLD_ERROR] position_error=0.107 velocity=0.143 state=IDLE_HOLD
[offboard_waypoint_node-1] [INFO] [1786473943.108787220] [offboard_waypoint_node]: [CONTROL_ARBITER] selected_source=safety_hold state=IDLE_HOLD
[super_planner_ros2_node-6] [INFO] [1786473943.122544166] [super_planner_ros2_node]: SUPER_ROS2 mode=IDLE enable_output=true reason=NO_GOAL odom=(-0.07,0.05,0.49) goal=none tracking_setpoint_enu=(-0.07,0.05,0.78) setpoint_ned=none yaw(desired/cmd/rate)=(0.00/0.00/0.00) cross_track=0.00 frame_id=px4_ned path_points=0 odom_source=/mavros/local_position/odom cloud_source=/saved_map mavros_connected=true
[offboard_waypoint_node-1] [INFO] [1786473943.558782202] [offboard_waypoint_node]: [HOLD_ERROR] position_error=0.088 velocity=0.084 state=IDLE_HOLD
[fastlio_bridge_node-2] [INFO] [1786473944.049267055] [fastlio_bridge_node]: 已桥接并转换里程计: ENU(-0.10, 0.12, 0.54) -> NED(0.10, 0.12, -0.54)
[offboard_waypoint_node-1] [INFO] [1786473944.108819963] [offboard_waypoint_node]: [CONTROL_ARBITER] selected_source=safety_hold state=IDLE_HOLD
[super_planner_ros2_node-6] [INFO] [1786473944.122652452] [super_planner_ros2_node]: SUPER_ROS2 mode=IDLE enable_output=true reason=NO_GOAL odom=(-0.11,0.12,0.50) goal=none tracking_setpoint_enu=(-0.11,0.12,0.78) setpoint_ned=none yaw(desired/cmd/rate)=(0.00/0.00/0.00) cross_track=0.00 frame_id=px4_ned path_points=0 odom_source=/mavros/local_position/odom cloud_source=/saved_map mavros_connected=true
[offboard_waypoint_node-1] [INFO] [1786473944.558876284] [offboard_waypoint_node]: [HOLD_ERROR] position_error=0.081 velocity=0.091 state=IDLE_HOLD
[offboard_waypoint_node-1] [INFO] [1786473945.108946235] [offboard_waypoint_node]: [CONTROL_ARBITER] selected_source=safety_hold state=IDLE_HOLD
[super_planner_ros2_node-6] [INFO] [1786473945.122654470] [super_planner_ros2_node]: SUPER_ROS2 mode=IDLE enable_output=true reason=NO_GOAL odom=(-0.09,0.22,0.50) goal=none tracking_setpoint_enu=(-0.09,0.22,0.78) setpoint_ned=none yaw(desired/cmd/rate)=(0.00/0.00/0.00) cross_track=0.00 frame_id=px4_ned path_points=0 odom_source=/mavros/local_position/odom cloud_source=/saved_map mavros_connected=true
[offboard_waypoint_node-1] [INFO] [1786473945.611157992] [offboard_waypoint_node]: [HOLD_ERROR] position_error=0.139 velocity=0.234 state=IDLE_HOLD
[fastlio_bridge_node-2] [INFO] [1786473946.045508063] [fastlio_bridge_node]: 已桥接并转换里程计: ENU(0.05, 0.18, 0.54) -> NED(-0.05, 0.18, -0.54)
[super_planner_ros2_node-6] [INFO] [1786473946.122898583] [super_planner_ros2_node]: SUPER_ROS2 mode=IDLE enable_output=true reason=NO_GOAL odom=(0.06,0.15,0.50) goal=none tracking_setpoint_enu=(0.06,0.15,0.78) setpoint_ned=none yaw(desired/cmd/rate)=(0.00/0.00/0.00) cross_track=0.00 frame_id=px4_ned path_points=0 odom_source=/mavros/local_position/odom cloud_source=/saved_map mavros_connected=true
[offboard_waypoint_node-1] [INFO] [1786473946.159027509] [offboard_waypoint_node]: [CONTROL_ARBITER] selected_source=safety_hold state=IDLE_HOLD
[offboard_waypoint_node-1] [INFO] [1786473946.658898903] [offboard_waypoint_node]: [HOLD_ERROR] position_error=0.188 velocity=0.098 state=IDLE_HOLD
[super_planner_ros2_node-6] [INFO] [1786473947.172906771] [super_planner_ros2_node]: SUPER_ROS2 mode=IDLE enable_output=true reason=NO_GOAL odom=(0.10,0.06,0.49) goal=none tracking_setpoint_enu=(0.10,0.06,0.78) setpoint_ned=none yaw(desired/cmd/rate)=(0.00/0.00/0.00) cross_track=0.00 frame_id=px4_ned path_points=0 odom_source=/mavros/local_position/odom cloud_source=/saved_map mavros_connected=true
[offboard_waypoint_node-1] [INFO] [1786473947.209144766] [offboard_waypoint_node]: [CONTROL_ARBITER] selected_source=safety_hold state=IDLE_HOLD
[offboard_waypoint_node-1] [INFO] [1786473947.659007645] [offboard_waypoint_node]: [HOLD_ERROR] position_error=0.171 velocity=0.091 state=IDLE_HOLD
[rviz2-7] [INFO] [1786473948.007743524] [rviz2]: Setting goal pose: Frame:map, Position(0.168062, -1.22722, 0), Orientation(0, 0, -0.219479, 0.975617) = Angle: -0.44256
[offboard_waypoint_node-1] [INFO] [1786473948.008109985] [offboard_waypoint_node]: [OFFBOARD_NEW_GOAL_RESET] old safety latch cleared; waiting for a fresh validated EGO trajectory
[offboard_waypoint_node-1] [WARN] [1786473948.008167158] [offboard_waypoint_node]: [CONTROL_STATE] IDLE_HOLD -> PLANNING: new final goal received
[offboard_waypoint_node-1] [INFO] [1786473948.008176553] [offboard_waypoint_node]: Active final goal id=1 NED=(-0.168,-1.227)
[super_planner_ros2_node-6] [INFO] [1786473948.008175556] [super_planner_ros2_node]: Received goal id=1 ENU/map=(0.17, -1.23, 0.78)
[offboard_waypoint_node-1] [ERROR] [1786473948.008941823] [offboard_waypoint_node]: [STALE_TRAJECTORY] trajectory age=1786473948.009 status=
[offboard_waypoint_node-1] [WARN] [1786473948.008992721] [offboard_waypoint_node]: [HOLD_POSITION] x=0.036 y=0.039 z=-0.780 yaw=1.431 reason=awaiting EGO replan
[offboard_waypoint_node-1] [WARN] [1786473948.009006671] [offboard_waypoint_node]: [CONTROL_STATE] PLANNING -> BRAKING: awaiting EGO replan
[super_planner_ros2_node-6] [INFO] [1786473948.022921747] [super_planner_ros2_node]: [FINAL_GOAL_CHECK] global_goal_id=1 distance_to_final=1.270 speed=0.167 confirm=0/10 final_goal_reached=false
[super_planner_ros2_node-6] [INFO] [1786473948.028981432] [super_planner_ros2_node]: [SUPER_GOAL_SELECTION] mode=LOCAL_DISTANCE_LIMIT final_goal=(0.168,-1.227,0.780) planning_goal=(0.168,-1.227,0.780) distance=1.270 clipped=false
[fastlio_bridge_node-2] [INFO] [1786473948.055815782] [fastlio_bridge_node]: 已桥接并转换里程计: ENU(0.03, 0.05, 0.51) -> NED(-0.03, 0.05, -0.51)
[offboard_waypoint_node-1] [INFO] [1786473948.209277693] [offboard_waypoint_node]: [CONTROL_ARBITER] selected_source=safety_braking state=BRAKING
[offboard_waypoint_node-1] [WARN] [1786473948.259052969] [offboard_waypoint_node]: [HOLD_POSITION] x=0.057 y=-0.006 z=-0.780 yaw=1.428 reason=vehicle stopped after braking
[offboard_waypoint_node-1] [WARN] [1786473948.259124460] [offboard_waypoint_node]: [CONTROL_STATE] BRAKING -> PLANNER_FAILURE_HOLD: vehicle stopped
[offboard_waypoint_node-1] [INFO] [1786473948.659280285] [offboard_waypoint_node]: [HOLD_ERROR] position_error=0.217 velocity=0.025 state=PLANNER_FAILURE_HOLD
[super_planner_ros2_node-6] [INFO] [1786473948.913622811] [super_planner_ros2_node]: [SUPER_CONTINUOUS_PATH_CHECK] source=RAW_ASTAR min_clearance=1.031 required_clearance=0.290 valid=true
[super_planner_ros2_node-6] [INFO] [1786473948.914249311] [super_planner_ros2_node]: [SUPER_ASTAR_VISIBILITY_SIMPLIFY] raw_points=26 simplified_points=26 raw_length=1.322 simplified_length=1.322 minimum_clearance=1.031 accepted=false clearance_preserved=true reason=DISABLED
[super_planner_ros2_node-6] [WARN] [1786473948.914265555] [super_planner_ros2_node]: [SUPER_SMOOTHED_PATH_REJECT] reason=SMOOTHING_VALIDATION no_smoothed_candidate=true (smoothing produced no path; raw path is used unchanged)
[super_planner_ros2_node-6] [WARN] [1786473948.914275512] [super_planner_ros2_node]: [SUPER_PATH_FALLBACK] source=RAW_ASTAR raw_points=26 goal_id=1
[super_planner_ros2_node-6] [INFO] [1786473948.914852245] [super_planner_ros2_node]: [CLEARANCE_PRESERVATION_POLICY] raw_global_min=1.030561969 smoothed_global_min=nan global_clearance_loss=nan local_comparison_method=NORMALIZED_ARC_PROGRESS_0.02M local_maximum_loss=0.000000000 numeric_tolerance=0.000001000
[super_planner_ros2_node-6] [INFO] [1786473948.914867648] [super_planner_ros2_node]: [PATH_TOPOLOGY_GUARD] raw_obstacle_side=BASELINE smoothed_obstacle_side=CONTINUOUS_DEFORMATION same_homotopy=true
[super_planner_ros2_node-6] [INFO] [1786473948.914874848] [super_planner_ros2_node]: [SUPER_PATH_SELECTION] candidate_smoothing_generated=false candidate_smoothing_safe=false clearance_preserved=true accepted_updates=0 accepted_iterations=0 selected=RAW fallback_reason=NO_CLEARANCE_PRESERVING_UPDATE
[super_planner_ros2_node-6] [INFO] [1786473948.916571361] [super_planner_ros2_node]: [FINAL_SELECTED_PATH_VALIDATION] selected_type=RAW min_clearance=1.030561969 inflated_collision=false continuous_clearance_pass=true finite=true maximum_segment_length=0.070711
[super_planner_ros2_node-6] [INFO] [1786473948.916589102] [super_planner_ros2_node]: path_pipeline raw=26 shortcut=26 smoothed=0 smoothing=fallback_raw_astar
[super_planner_ros2_node-6] [INFO] [1786473948.916780237] [super_planner_ros2_node]: [SUPER_GLOBAL_PATH_COMPLETE] goal_id=1 raw_endpoint=(0.168,-1.227,0.780) published_endpoint=(0.168,-1.227,0.780) final_goal=(0.168,-1.227,0.780) endpoint_error=0.000000
[super_planner_ros2_node-6] [INFO] [1786473948.948789260] [super_planner_ros2_node]: [PATH_PROGRESS] plan_id=1 vehicle_position=(0.039,0.036) closest_index=0 previous_progress_index=0 selected_progress_index=0 lookahead_index=6 lookahead_arc_distance=0.300 navigation_setpoint=(0.025,-0.262) setpoint_clearance=1.116 control_mode=FOLLOWING
[super_planner_ros2_node-6] [INFO] [1786473948.949033262] [super_planner_ros2_node]: SUPER_ROS2 mode=FOLLOWING enable_output=true reason=NAVIGATION_SETPOINT_PUBLISHED odom=(0.04,0.04,0.47) goal=set tracking_setpoint_enu=(0.03,-0.26,0.78) setpoint_ned=(-0.03,-0.26,-0.78) yaw(desired/cmd/rate)=(-1.55/3.05/1.00) cross_track=0.00 frame_id=px4_ned path_points=26 odom_source=/mavros/local_position/odom cloud_source=/saved_map mavros_connected=true
[super_planner_ros2_node-6] [INFO] [1786473948.949191518] [super_planner_ros2_node]: [FINAL_GOAL_CHECK] global_goal_id=1 distance_to_final=1.270 speed=0.167 confirm=0/10 final_goal_reached=false
[offboard_waypoint_node-1] [INFO] [1786473948.951250357] [offboard_waypoint_node]: [OFFBOARD_TAKEOFF_IGNORED] state=4 reason=navigation_setpoint; preserve current flight transaction
[offboard_waypoint_node-1] [INFO] [1786473948.951396129] [offboard_waypoint_node]: Navigation setpoint NED=(-0.03, -0.26, -0.78) yaw=3.05 yaw_rate=1.00
[offboard_waypoint_node-1] [WARN] [1786473948.959096684] [offboard_waypoint_node]: [CONTROL_STATE] PLANNER_FAILURE_HOLD -> TRACKING: fresh validated trajectory
[super_planner_ros2_node-6] [INFO] [1786473949.173311921] [super_planner_ros2_node]: [PATH_PROGRESS] plan_id=1 vehicle_position=(-0.018,0.042) closest_index=0 previous_progress_index=0 selected_progress_index=0 lookahead_index=6 lookahead_arc_distance=0.300 navigation_setpoint=(0.025,-0.268) setpoint_clearance=1.118 control_mode=FOLLOWING
[offboard_waypoint_node-1] [INFO] [1786473949.209375726] [offboard_waypoint_node]: [CONTROL_ARBITER] selected_source=super state=TRACKING
[super_planner_ros2_node-6] [INFO] [1786473949.373483740] [super_planner_ros2_node]: [PATH_PROGRESS] plan_id=1 vehicle_position=(-0.038,0.060) closest_index=0 previous_progress_index=0 selected_progress_index=0 lookahead_index=6 lookahead_arc_distance=0.300 navigation_setpoint=(0.025,-0.262) setpoint_clearance=1.116 control_mode=FOLLOWING
[super_planner_ros2_node-6] [INFO] [1786473949.422927248] [super_planner_ros2_node]: [SUPER_GOAL_SELECTION] mode=LOCAL_DISTANCE_LIMIT final_goal=(0.168,-1.227,0.780) planning_goal=(0.168,-1.227,0.780) distance=1.310 clipped=false
[fastlio_bridge_node-2] [INFO] [1786473950.060278973] [fastlio_bridge_node]: 已桥接并转换里程计: ENU(-0.16, 0.21, 0.66) -> NED(0.16, 0.21, -0.66)
[offboard_waypoint_node-1] [INFO] [1786473950.211622442] [offboard_waypoint_node]: [CONTROL_ARBITER] selected_source=super state=TRACKING
[super_planner_ros2_node-6] [INFO] [1786473950.405837504] [super_planner_ros2_node]: [SUPER_CONTINUOUS_PATH_CHECK] source=RAW_ASTAR min_clearance=1.093 required_clearance=0.290 valid=true
[super_planner_ros2_node-6] [INFO] [1786473950.406690876] [super_planner_ros2_node]: [SUPER_ASTAR_VISIBILITY_SIMPLIFY] raw_points=27 simplified_points=27 raw_length=1.374 simplified_length=1.374 minimum_clearance=1.093 accepted=false clearance_preserved=true reason=DISABLED
[super_planner_ros2_node-6] [WARN] [1786473950.406719639] [super_planner_ros2_node]: [SUPER_SMOOTHED_PATH_REJECT] reason=SMOOTHING_VALIDATION no_smoothed_candidate=true (smoothing produced no path; raw path is used unchanged)
[super_planner_ros2_node-6] [WARN] [1786473950.406742926] [super_planner_ros2_node]: [SUPER_PATH_FALLBACK] source=RAW_ASTAR raw_points=27 goal_id=1
[super_planner_ros2_node-6] [INFO] [1786473950.407362898] [super_planner_ros2_node]: [CLEARANCE_PRESERVATION_POLICY] raw_global_min=1.093317873 smoothed_global_min=nan global_clearance_loss=nan local_comparison_method=NORMALIZED_ARC_PROGRESS_0.02M local_maximum_loss=0.000000000 numeric_tolerance=0.000001000
[super_planner_ros2_node-6] [INFO] [1786473950.407386237] [super_planner_ros2_node]: [PATH_TOPOLOGY_GUARD] raw_obstacle_side=BASELINE smoothed_obstacle_side=CONTINUOUS_DEFORMATION same_homotopy=true
[super_planner_ros2_node-6] [INFO] [1786473950.407405198] [super_planner_ros2_node]: [SUPER_PATH_SELECTION] candidate_smoothing_generated=false candidate_smoothing_safe=false clearance_preserved=true accepted_updates=0 accepted_iterations=0 selected=RAW fallback_reason=NO_CLEARANCE_PRESERVING_UPDATE
[super_planner_ros2_node-6] [INFO] [1786473950.409182144] [super_planner_ros2_node]: [FINAL_SELECTED_PATH_VALIDATION] selected_type=RAW min_clearance=1.093317873 inflated_collision=false continuous_clearance_pass=true finite=true maximum_segment_length=0.070711
[super_planner_ros2_node-6] [INFO] [1786473950.409201281] [super_planner_ros2_node]: path_pipeline raw=27 shortcut=27 smoothed=0 smoothing=fallback_raw_astar
[super_planner_ros2_node-6] [INFO] [1786473950.409351213] [super_planner_ros2_node]: [SUPER_GLOBAL_PATH_COMPLETE] goal_id=1 raw_endpoint=(0.168,-1.227,0.780) published_endpoint=(0.168,-1.227,0.780) final_goal=(0.168,-1.227,0.780) endpoint_error=0.000000
[super_planner_ros2_node-6] [ERROR] [1786473950.424738213] [super_planner_ros2_node]: NO VALID ODOM, BLOCK navigation setpoint
[super_planner_ros2_node-6] [INFO] [1786473950.424830697] [super_planner_ros2_node]: [PATH_PROGRESS] plan_id=2 vehicle_position=(-0.043,0.065) closest_index=0 previous_progress_index=0 selected_progress_index=0 lookahead_index=7 lookahead_arc_distance=0.300 navigation_setpoint=(-0.025,-0.231) setpoint_clearance=1.151 control_mode=FOLLOWING
[super_planner_ros2_node-6] [INFO] [1786473950.424921636] [super_planner_ros2_node]: SUPER_ROS2 mode=NO_ODOM enable_output=true reason=NO_ODOM odom=(-0.04,0.07,0.74) goal=set tracking_setpoint_enu=(-0.03,-0.23,0.78) setpoint_ned=(-0.03,-0.26,-0.78) yaw(desired/cmd/rate)=(-1.59/-2.61/1.00) cross_track=0.00 frame_id=px4_ned path_points=27 odom_source=/mavros/local_position/odom cloud_source=/saved_map mavros_connected=true
[offboard_waypoint_node-1] [ERROR] [1786473950.459154729] [offboard_waypoint_node]: [STALE_TRAJECTORY] trajectory age=1.086 status=global mode=NO_ODOM reason=NO_ODOM
[offboard_waypoint_node-1] [WARN] [1786473950.459315160] [offboard_waypoint_node]: [HOLD_POSITION] x=0.202 y=-0.207 z=-0.678 yaw=-2.493 reason=planner failure
[offboard_waypoint_node-1] [WARN] [1786473950.459355199] [offboard_waypoint_node]: [CONTROL_STATE] TRACKING -> BRAKING: planner failure
[super_planner_ros2_node-6] [INFO] [1786473950.473223478] [super_planner_ros2_node]: [FINAL_GOAL_CHECK] global_goal_id=1 distance_to_final=1.478 speed=0.136 confirm=0/10 final_goal_reached=false
[offboard_waypoint_node-1] [INFO] [1786473950.474807403] [offboard_waypoint_node]: [OFFBOARD_TAKEOFF_IGNORED] state=4 reason=navigation_setpoint; preserve current flight transaction
[offboard_waypoint_node-1] [INFO] [1786473950.474886078] [offboard_waypoint_node]: Navigation setpoint NED=(0.03, -0.23, -0.78) yaw=-2.56 yaw_rate=1.00
[super_planner_ros2_node-6] [INFO] [1786473950.673141770] [super_planner_ros2_node]: [PATH_PROGRESS] plan_id=2 vehicle_position=(-0.224,0.192) closest_index=0 previous_progress_index=0 selected_progress_index=0 lookahead_index=7 lookahead_arc_distance=0.300 navigation_setpoint=(-0.025,-0.231) setpoint_clearance=1.151 control_mode=FOLLOWING
[offboard_waypoint_node-1] [WARN] [1786473950.709266628] [offboard_waypoint_node]: [HOLD_POSITION] x=0.192 y=-0.226 z=-0.678 yaw=-2.488 reason=vehicle stopped after braking
[offboard_waypoint_node-1] [WARN] [1786473950.709348847] [offboard_waypoint_node]: [CONTROL_STATE] BRAKING -> PLANNER_FAILURE_HOLD: vehicle stopped
[offboard_waypoint_node-1] [INFO] [1786473950.709428265] [offboard_waypoint_node]: [HOLD_ERROR] position_error=0.045 velocity=0.108 state=PLANNER_FAILURE_HOLD
[offboard_waypoint_node-1] [WARN] [1786473950.759129296] [offboard_waypoint_node]: [CONTROL_STATE] PLANNER_FAILURE_HOLD -> TRACKING: fresh validated trajectory
[super_planner_ros2_node-6] [INFO] [1786473950.874346253] [super_planner_ros2_node]: [PATH_PROGRESS] plan_id=2 vehicle_position=(-0.226,0.204) closest_index=0 previous_progress_index=0 selected_progress_index=0 lookahead_index=7 lookahead_arc_distance=0.300 navigation_setpoint=(-0.025,-0.231) setpoint_clearance=1.151 control_mode=FOLLOWING
[super_planner_ros2_node-6] [INFO] [1786473950.923049939] [super_planner_ros2_node]: [SUPER_GOAL_SELECTION] mode=LOCAL_DISTANCE_LIMIT final_goal=(0.168,-1.227,0.780) planning_goal=(0.168,-1.227,0.780) distance=1.488 clipped=false
[offboard_waypoint_node-1] [INFO] [1786473951.259398213] [offboard_waypoint_node]: [CONTROL_ARBITER] selected_source=super state=TRACKING
[super_planner_ros2_node-6] [INFO] [1786473951.883392740] [super_planner_ros2_node]: [SUPER_CONTINUOUS_PATH_CHECK] source=RAW_ASTAR min_clearance=1.138 required_clearance=0.290 valid=true
[super_planner_ros2_node-6] [INFO] [1786473951.884177996] [super_planner_ros2_node]: [SUPER_ASTAR_VISIBILITY_SIMPLIFY] raw_points=30 simplified_points=30 raw_length=1.595 simplified_length=1.595 minimum_clearance=1.138 accepted=false clearance_preserved=true reason=DISABLED
[super_planner_ros2_node-6] [WARN] [1786473951.884199657] [super_planner_ros2_node]: [SUPER_SMOOTHED_PATH_REJECT] reason=SMOOTHING_VALIDATION no_smoothed_candidate=true (smoothing produced no path; raw path is used unchanged)
[super_planner_ros2_node-6] [WARN] [1786473951.884214372] [super_planner_ros2_node]: [SUPER_PATH_FALLBACK] source=RAW_ASTAR raw_points=30 goal_id=1
[super_planner_ros2_node-6] [INFO] [1786473951.884843932] [super_planner_ros2_node]: [CLEARANCE_PRESERVATION_POLICY] raw_global_min=1.137975411 smoothed_global_min=nan global_clearance_loss=nan local_comparison_method=NORMALIZED_ARC_PROGRESS_0.02M local_maximum_loss=0.000000000 numeric_tolerance=0.000001000
[super_planner_ros2_node-6] [INFO] [1786473951.884865321] [super_planner_ros2_node]: [PATH_TOPOLOGY_GUARD] raw_obstacle_side=BASELINE smoothed_obstacle_side=CONTINUOUS_DEFORMATION same_homotopy=true
[super_planner_ros2_node-6] [INFO] [1786473951.884872669] [super_planner_ros2_node]: [SUPER_PATH_SELECTION] candidate_smoothing_generated=false candidate_smoothing_safe=false clearance_preserved=true accepted_updates=0 accepted_iterations=0 selected=RAW fallback_reason=NO_CLEARANCE_PRESERVING_UPDATE
[super_planner_ros2_node-6] [INFO] [1786473951.886827504] [super_planner_ros2_node]: [FINAL_SELECTED_PATH_VALIDATION] selected_type=RAW min_clearance=1.137975411 inflated_collision=false continuous_clearance_pass=true finite=true maximum_segment_length=0.070711
[super_planner_ros2_node-6] [INFO] [1786473951.886863052] [super_planner_ros2_node]: path_pipeline raw=30 shortcut=30 smoothed=0 smoothing=fallback_raw_astar
[super_planner_ros2_node-6] [INFO] [1786473951.887027430] [super_planner_ros2_node]: [SUPER_GLOBAL_PATH_COMPLETE] goal_id=1 raw_endpoint=(0.168,-1.227,0.780) published_endpoint=(0.168,-1.227,0.780) final_goal=(0.168,-1.227,0.780) endpoint_error=0.000000
[super_planner_ros2_node-6] [ERROR] [1786473951.903228556] [super_planner_ros2_node]: NO VALID ODOM, BLOCK navigation setpoint
[super_planner_ros2_node-6] [INFO] [1786473951.903310553] [super_planner_ros2_node]: [PATH_PROGRESS] plan_id=3 vehicle_position=(-0.225,0.208) closest_index=0 previous_progress_index=0 selected_progress_index=0 lookahead_index=7 lookahead_arc_distance=0.300 navigation_setpoint=(-0.225,-0.092) setpoint_clearance=1.305 control_mode=FOLLOWING
[super_planner_ros2_node-6] [INFO] [1786473951.903431553] [super_planner_ros2_node]: SUPER_ROS2 mode=NO_ODOM enable_output=true reason=NO_ODOM odom=(-0.23,0.21,0.60) goal=set tracking_setpoint_enu=(-0.22,-0.09,0.78) setpoint_ned=(0.03,-0.23,-0.78) yaw(desired/cmd/rate)=(-1.73/-2.00/0.78) cross_track=0.00 frame_id=px4_ned path_points=30 odom_source=/mavros/local_position/odom cloud_source=/saved_map mavros_connected=true
[offboard_waypoint_node-1] [ERROR] [1786473951.909368739] [offboard_waypoint_node]: [STALE_TRAJECTORY] trajectory age=1.034 status=global mode=NO_ODOM reason=NO_ODOM
[offboard_waypoint_node-1] [WARN] [1786473951.909492774] [offboard_waypoint_node]: [HOLD_POSITION] x=0.140 y=-0.114 z=-0.658 yaw=-1.866 reason=planner failure
[offboard_waypoint_node-1] [WARN] [1786473951.909525698] [offboard_waypoint_node]: [CONTROL_STATE] TRACKING -> BRAKING: planner failure
[super_planner_ros2_node-6] [INFO] [1786473951.923097170] [super_planner_ros2_node]: [FINAL_GOAL_CHECK] global_goal_id=1 distance_to_final=1.396 speed=0.214 confirm=0/10 final_goal_reached=false
[offboard_waypoint_node-1] [INFO] [1786473951.923577077] [offboard_waypoint_node]: [OFFBOARD_TAKEOFF_IGNORED] state=4 reason=navigation_setpoint; preserve current flight transaction
[offboard_waypoint_node-1] [INFO] [1786473951.923636639] [offboard_waypoint_node]: Navigation setpoint NED=(0.22, -0.16, -0.78) yaw=-1.99 yaw_rate=0.62
[fastlio_bridge_node-2] [INFO] [1786473952.055995548] [fastlio_bridge_node]: 已桥接并转换里程计: ENU(0.03, 0.17, 0.70) -> NED(-0.03, 0.17, -0.70)
[super_planner_ros2_node-6] [INFO] [1786473952.123762263] [super_planner_ros2_node]: [PATH_PROGRESS] plan_id=3 vehicle_position=(-0.068,0.128) closest_index=1 previous_progress_index=1 selected_progress_index=1 lookahead_index=8 lookahead_arc_distance=0.300 navigation_setpoint=(-0.225,-0.172) setpoint_clearance=1.293 control_mode=FOLLOWING
[offboard_waypoint_node-1] [WARN] [1786473952.259424888] [offboard_waypoint_node]: [HOLD_POSITION] x=0.133 y=-0.017 z=-0.658 yaw=-1.851 reason=vehicle stopped after braking
[offboard_waypoint_node-1] [WARN] [1786473952.259540813] [offboard_waypoint_node]: [CONTROL_STATE] BRAKING -> PLANNER_FAILURE_HOLD: vehicle stopped
[offboard_waypoint_node-1] [INFO] [1786473952.259578625] [offboard_waypoint_node]: [HOLD_ERROR] position_error=0.005 velocity=0.159 state=PLANNER_FAILURE_HOLD
[offboard_waypoint_node-1] [INFO] [1786473952.259666143] [offboard_waypoint_node]: [CONTROL_ARBITER] selected_source=safety_braking state=PLANNER_FAILURE_HOLD
[offboard_waypoint_node-1] [WARN] [1786473952.309294813] [offboard_waypoint_node]: [CONTROL_STATE] PLANNER_FAILURE_HOLD -> TRACKING: fresh validated trajectory
[super_planner_ros2_node-6] [INFO] [1786473952.374712905] [super_planner_ros2_node]: [PATH_PROGRESS] plan_id=3 vehicle_position=(0.017,0.143) closest_index=1 previous_progress_index=1 selected_progress_index=1 lookahead_index=8 lookahead_arc_distance=0.300 navigation_setpoint=(-0.225,-0.157) setpoint_clearance=1.299 control_mode=FOLLOWING
[super_planner_ros2_node-6] [INFO] [1786473952.423077092] [super_planner_ros2_node]: [SUPER_GOAL_SELECTION] mode=LOCAL_DISTANCE_LIMIT final_goal=(0.168,-1.227,0.780) planning_goal=(0.168,-1.227,0.780) distance=1.381 clipped=false
[offboard_waypoint_node-1] [INFO] [1786473953.259786596] [offboard_waypoint_node]: [CONTROL_ARBITER] selected_source=super state=TRACKING
[super_planner_ros2_node-6] [INFO] [1786473953.445320775] [super_planner_ros2_node]: [SUPER_CONTINUOUS_PATH_CHECK] source=RAW_ASTAR min_clearance=1.035 required_clearance=0.290 valid=true
[super_planner_ros2_node-6] [INFO] [1786473953.446490152] [super_planner_ros2_node]: [SUPER_ASTAR_VISIBILITY_SIMPLIFY] raw_points=28 simplified_points=28 raw_length=1.431 simplified_length=1.431 minimum_clearance=1.035 accepted=false clearance_preserved=true reason=DISABLED
[super_planner_ros2_node-6] [WARN] [1786473953.446535148] [super_planner_ros2_node]: [SUPER_SMOOTHED_PATH_REJECT] reason=SMOOTHING_VALIDATION no_smoothed_candidate=true (smoothing produced no path; raw path is used unchanged)
[super_planner_ros2_node-6] [WARN] [1786473953.446556027] [super_planner_ros2_node]: [SUPER_PATH_FALLBACK] source=RAW_ASTAR raw_points=28 goal_id=1
[super_planner_ros2_node-6] [INFO] [1786473953.447203967] [super_planner_ros2_node]: [CLEARANCE_PRESERVATION_POLICY] raw_global_min=1.034777475 smoothed_global_min=nan global_clearance_loss=nan local_comparison_method=NORMALIZED_ARC_PROGRESS_0.02M local_maximum_loss=0.000000000 numeric_tolerance=0.000001000
[super_planner_ros2_node-6] [INFO] [1786473953.447231827] [super_planner_ros2_node]: [PATH_TOPOLOGY_GUARD] raw_obstacle_side=BASELINE smoothed_obstacle_side=CONTINUOUS_DEFORMATION same_homotopy=true
[super_planner_ros2_node-6] [INFO] [1786473953.447241553] [super_planner_ros2_node]: [SUPER_PATH_SELECTION] candidate_smoothing_generated=false candidate_smoothing_safe=false clearance_preserved=true accepted_updates=0 accepted_iterations=0 selected=RAW fallback_reason=NO_CLEARANCE_PRESERVING_UPDATE
[super_planner_ros2_node-6] [INFO] [1786473953.449196754] [super_planner_ros2_node]: [FINAL_SELECTED_PATH_VALIDATION] selected_type=RAW min_clearance=1.034777475 inflated_collision=false continuous_clearance_pass=true finite=true maximum_segment_length=0.071508
[super_planner_ros2_node-6] [INFO] [1786473953.449241014] [super_planner_ros2_node]: path_pipeline raw=28 shortcut=28 smoothed=0 smoothing=fallback_raw_astar
[super_planner_ros2_node-6] [INFO] [1786473953.449449509] [super_planner_ros2_node]: [SUPER_GLOBAL_PATH_COMPLETE] goal_id=1 raw_endpoint=(0.168,-1.227,0.780) published_endpoint=(0.168,-1.227,0.780) final_goal=(0.168,-1.227,0.780) endpoint_error=0.000000
[super_planner_ros2_node-6] [ERROR] [1786473953.468453141] [super_planner_ros2_node]: NO VALID ODOM, BLOCK navigation setpoint
[super_planner_ros2_node-6] [INFO] [1786473953.468593842] [super_planner_ros2_node]: [PATH_PROGRESS] plan_id=4 vehicle_position=(0.027,0.146) closest_index=0 previous_progress_index=0 selected_progress_index=0 lookahead_index=6 lookahead_arc_distance=0.300 navigation_setpoint=(0.025,-0.153) setpoint_clearance=1.081 control_mode=FOLLOWING
[super_planner_ros2_node-6] [INFO] [1786473953.468770168] [super_planner_ros2_node]: SUPER_ROS2 mode=NO_ODOM enable_output=true reason=NO_ODOM odom=(0.03,0.15,0.64) goal=set tracking_setpoint_enu=(0.03,-0.15,0.78) setpoint_ned=(0.22,-0.16,-0.78) yaw(desired/cmd/rate)=(-1.57/-1.74/0.49) cross_track=0.00 frame_id=px4_ned path_points=28 odom_source=/mavros/local_position/odom cloud_source=/saved_map mavros_connected=true
[super_planner_ros2_node-6] [INFO] [1786473953.473194822] [super_planner_ros2_node]: [FINAL_GOAL_CHECK] global_goal_id=1 distance_to_final=1.408 speed=0.099 confirm=0/10 final_goal_reached=false
[offboard_waypoint_node-1] [INFO] [1786473953.474306588] [offboard_waypoint_node]: [OFFBOARD_TAKEOFF_IGNORED] state=4 reason=navigation_setpoint; preserve current flight transaction
[offboard_waypoint_node-1] [INFO] [1786473953.474448914] [offboard_waypoint_node]: Navigation setpoint NED=(-0.03, -0.15, -0.78) yaw=-1.74 yaw_rate=0.48
[super_planner_ros2_node-6] [INFO] [1786473953.673614061] [super_planner_ros2_node]: [PATH_PROGRESS] plan_id=4 vehicle_position=(0.340,0.151) closest_index=0 previous_progress_index=0 selected_progress_index=0 lookahead_index=6 lookahead_arc_distance=0.300 navigation_setpoint=(0.025,-0.153) setpoint_clearance=1.081 control_mode=FOLLOWING
[super_planner_ros2_node-6] [INFO] [1786473953.923583431] [super_planner_ros2_node]: [PATH_PROGRESS] plan_id=4 vehicle_position=(0.305,0.129) closest_index=0 previous_progress_index=0 selected_progress_index=0 lookahead_index=6 lookahead_arc_distance=0.300 navigation_setpoint=(0.025,-0.163) setpoint_clearance=1.083 control_mode=FOLLOWING
[super_planner_ros2_node-6] [INFO] [1786473953.973244614] [super_planner_ros2_node]: [FINAL_GOAL_CHECK] global_goal_id=1 distance_to_final=1.354 speed=0.285 confirm=0/10 final_goal_reached=false
[super_planner_ros2_node-6] [INFO] [1786473953.973388418] [super_planner_ros2_node]: [SUPER_GOAL_SELECTION] mode=LOCAL_DISTANCE_LIMIT final_goal=(0.168,-1.227,0.780) planning_goal=(0.168,-1.227,0.780) distance=1.354 clipped=false
[fastlio_bridge_node-2] [INFO] [1786473954.055503484] [fastlio_bridge_node]: 已桥接并转换里程计: ENU(0.29, 0.09, 0.75) -> NED(-0.29, 0.09, -0.75)
[offboard_waypoint_node-1] [INFO] [1786473954.260140071] [offboard_waypoint_node]: [CONTROL_ARBITER] selected_source=super state=TRACKING
[super_planner_ros2_node-6] [INFO] [1786473954.835717291] [super_planner_ros2_node]: [SUPER_CONTINUOUS_PATH_CHECK] source=RAW_ASTAR min_clearance=0.773 required_clearance=0.290 valid=true
[super_planner_ros2_node-6] [INFO] [1786473954.836333056] [super_planner_ros2_node]: [SUPER_ASTAR_VISIBILITY_SIMPLIFY] raw_points=28 simplified_points=28 raw_length=1.404 simplified_length=1.404 minimum_clearance=0.773 accepted=false clearance_preserved=true reason=DISABLED
[super_planner_ros2_node-6] [WARN] [1786473954.836351996] [super_planner_ros2_node]: [SUPER_SMOOTHED_PATH_REJECT] reason=SMOOTHING_VALIDATION no_smoothed_candidate=true (smoothing produced no path; raw path is used unchanged)
[super_planner_ros2_node-6] [WARN] [1786473954.836362160] [super_planner_ros2_node]: [SUPER_PATH_FALLBACK] source=RAW_ASTAR raw_points=28 goal_id=1
[super_planner_ros2_node-6] [INFO] [1786473954.836854187] [super_planner_ros2_node]: [CLEARANCE_PRESERVATION_POLICY] raw_global_min=0.773052274 smoothed_global_min=nan global_clearance_loss=nan local_comparison_method=NORMALIZED_ARC_PROGRESS_0.02M local_maximum_loss=0.000000000 numeric_tolerance=0.000001000
[super_planner_ros2_node-6] [INFO] [1786473954.836874340] [super_planner_ros2_node]: [PATH_TOPOLOGY_GUARD] raw_obstacle_side=BASELINE smoothed_obstacle_side=CONTINUOUS_DEFORMATION same_homotopy=true
[super_planner_ros2_node-6] [INFO] [1786473954.836882744] [super_planner_ros2_node]: [SUPER_PATH_SELECTION] candidate_smoothing_generated=false candidate_smoothing_safe=false clearance_preserved=true accepted_updates=0 accepted_iterations=0 selected=RAW fallback_reason=NO_CLEARANCE_PRESERVING_UPDATE
[super_planner_ros2_node-6] [INFO] [1786473954.838393619] [super_planner_ros2_node]: [FINAL_SELECTED_PATH_VALIDATION] selected_type=RAW min_clearance=0.773052274 inflated_collision=false continuous_clearance_pass=true finite=true maximum_segment_length=0.080239
[super_planner_ros2_node-6] [INFO] [1786473954.838434587] [super_planner_ros2_node]: path_pipeline raw=28 shortcut=28 smoothed=0 smoothing=fallback_raw_astar
[super_planner_ros2_node-6] [INFO] [1786473954.838732567] [super_planner_ros2_node]: [SUPER_GLOBAL_PATH_COMPLETE] goal_id=1 raw_endpoint=(0.168,-1.227,0.780) published_endpoint=(0.168,-1.227,0.780) final_goal=(0.168,-1.227,0.780) endpoint_error=0.000000
[super_planner_ros2_node-6] [INFO] [1786473954.857799116] [super_planner_ros2_node]: [PATH_PROGRESS] plan_id=5 vehicle_position=(0.290,0.122) closest_index=0 previous_progress_index=0 selected_progress_index=0 lookahead_index=5 lookahead_arc_distance=0.300 navigation_setpoint=(0.175,-0.124) setpoint_clearance=0.933 control_mode=FOLLOWING
[super_planner_ros2_node-6] [INFO] [1786473954.857977559] [super_planner_ros2_node]: SUPER_ROS2 mode=FOLLOWING enable_output=true reason=NAVIGATION_SETPOINT_PUBLISHED odom=(0.29,0.12,0.70) goal=set tracking_setpoint_enu=(0.18,-0.12,0.78) setpoint_ned=(-0.18,-0.12,-0.78) yaw(desired/cmd/rate)=(-1.42/-1.55/0.37) cross_track=0.00 frame_id=px4_ned path_points=28 odom_source=/mavros/local_position/odom cloud_source=/saved_map mavros_connected=true
[super_planner_ros2_node-6] [INFO] [1786473954.858067953] [super_planner_ros2_node]: [FINAL_GOAL_CHECK] global_goal_id=1 distance_to_final=1.354 speed=0.285 confirm=0/10 final_goal_reached=false
[offboard_waypoint_node-1] [INFO] [1786473954.858062410] [offboard_waypoint_node]: [OFFBOARD_TAKEOFF_IGNORED] state=4 reason=navigation_setpoint; preserve current flight transaction
[offboard_waypoint_node-1] [INFO] [1786473954.858124289] [offboard_waypoint_node]: Navigation setpoint NED=(-0.18, -0.12, -0.78) yaw=-1.55 yaw_rate=0.37
[super_planner_ros2_node-6] [INFO] [1786473955.074223297] [super_planner_ros2_node]: [PATH_PROGRESS] plan_id=5 vehicle_position=(-0.014,-0.043) closest_index=3 previous_progress_index=3 selected_progress_index=3 lookahead_index=10 lookahead_arc_distance=0.300 navigation_setpoint=(0.175,-0.343) setpoint_clearance=1.013 control_mode=FOLLOWING
[offboard_waypoint_node-1] [INFO] [1786473955.260303989] [offboard_waypoint_node]: [CONTROL_ARBITER] selected_source=super state=TRACKING
[super_planner_ros2_node-6] [INFO] [1786473955.323648631] [super_planner_ros2_node]: [PATH_PROGRESS] plan_id=5 vehicle_position=(-0.076,-0.089) closest_index=4 previous_progress_index=4 selected_progress_index=4 lookahead_index=11 lookahead_arc_distance=0.300 navigation_setpoint=(0.175,-0.389) setpoint_clearance=1.033 control_mode=FOLLOWING
[super_planner_ros2_node-6] [INFO] [1786473955.373284621] [super_planner_ros2_node]: [FINAL_GOAL_CHECK] global_goal_id=1 distance_to_final=1.155 speed=0.303 confirm=0/10 final_goal_reached=false
[super_planner_ros2_node-6] [INFO] [1786473955.373603686] [super_planner_ros2_node]: [SUPER_GOAL_SELECTION] mode=LOCAL_DISTANCE_LIMIT final_goal=(0.168,-1.227,0.780) planning_goal=(0.168,-1.227,0.780) distance=1.155 clipped=false
[fastlio_bridge_node-2] [INFO] [1786473956.047056972] [fastlio_bridge_node]: 已桥接并转换里程计: ENU(-0.21, -0.24, 0.79) -> NED(0.21, -0.24, -0.79)
[super_planner_ros2_node-6] [INFO] [1786473956.247532806] [super_planner_ros2_node]: [SUPER_CONTINUOUS_PATH_CHECK] source=RAW_ASTAR min_clearance=1.138 required_clearance=0.290 valid=true
[super_planner_ros2_node-6] [INFO] [1786473956.248110034] [super_planner_ros2_node]: [SUPER_ASTAR_VISIBILITY_SIMPLIFY] raw_points=23 simplified_points=23 raw_length=1.226 simplified_length=1.226 minimum_clearance=1.138 accepted=false clearance_preserved=true reason=DISABLED
[super_planner_ros2_node-6] [WARN] [1786473956.248130556] [super_planner_ros2_node]: [SUPER_SMOOTHED_PATH_REJECT] reason=SMOOTHING_VALIDATION no_smoothed_candidate=true (smoothing produced no path; raw path is used unchanged)
[super_planner_ros2_node-6] [WARN] [1786473956.248143778] [super_planner_ros2_node]: [SUPER_PATH_FALLBACK] source=RAW_ASTAR raw_points=23 goal_id=1
[super_planner_ros2_node-6] [INFO] [1786473956.248730448] [super_planner_ros2_node]: [CLEARANCE_PRESERVATION_POLICY] raw_global_min=1.137975411 smoothed_global_min=nan global_clearance_loss=nan local_comparison_method=NORMALIZED_ARC_PROGRESS_0.02M local_maximum_loss=0.000000000 numeric_tolerance=0.000001000
[super_planner_ros2_node-6] [INFO] [1786473956.248790699] [super_planner_ros2_node]: [PATH_TOPOLOGY_GUARD] raw_obstacle_side=BASELINE smoothed_obstacle_side=CONTINUOUS_DEFORMATION same_homotopy=true
[super_planner_ros2_node-6] [INFO] [1786473956.248810654] [super_planner_ros2_node]: [SUPER_PATH_SELECTION] candidate_smoothing_generated=false candidate_smoothing_safe=false clearance_preserved=true accepted_updates=0 accepted_iterations=0 selected=RAW fallback_reason=NO_CLEARANCE_PRESERVING_UPDATE
[super_planner_ros2_node-6] [INFO] [1786473956.250525989] [super_planner_ros2_node]: [FINAL_SELECTED_PATH_VALIDATION] selected_type=RAW min_clearance=1.137975411 inflated_collision=false continuous_clearance_pass=true finite=true maximum_segment_length=0.075310
[super_planner_ros2_node-6] [INFO] [1786473956.250618281] [super_planner_ros2_node]: path_pipeline raw=23 shortcut=23 smoothed=0 smoothing=fallback_raw_astar
[super_planner_ros2_node-6] [INFO] [1786473956.250781257] [super_planner_ros2_node]: [SUPER_GLOBAL_PATH_COMPLETE] goal_id=1 raw_endpoint=(0.168,-1.227,0.780) published_endpoint=(0.168,-1.227,0.780) final_goal=(0.168,-1.227,0.780) endpoint_error=0.000000
[super_planner_ros2_node-6] [INFO] [1786473956.275655703] [super_planner_ros2_node]: [PATH_PROGRESS] plan_id=6 vehicle_position=(-0.090,-0.101) closest_index=0 previous_progress_index=0 selected_progress_index=0 lookahead_index=6 lookahead_arc_distance=0.300 navigation_setpoint=(-0.075,-0.400) setpoint_clearance=1.260 control_mode=FOLLOWING
[super_planner_ros2_node-6] [INFO] [1786473956.275844427] [super_planner_ros2_node]: SUPER_ROS2 mode=FOLLOWING enable_output=true reason=NAVIGATION_SETPOINT_PUBLISHED odom=(-0.09,-0.10,0.73) goal=set tracking_setpoint_enu=(-0.08,-0.40,0.78) setpoint_ned=(0.08,-0.40,-0.78) yaw(desired/cmd/rate)=(-1.72/-1.62/-0.29) cross_track=0.00 frame_id=px4_ned path_points=23 odom_source=/mavros/local_position/odom cloud_source=/saved_map mavros_connected=true
[super_planner_ros2_node-6] [INFO] [1786473956.276006813] [super_planner_ros2_node]: [FINAL_GOAL_CHECK] global_goal_id=1 distance_to_final=1.155 speed=0.303 confirm=0/10 final_goal_reached=false
[offboard_waypoint_node-1] [INFO] [1786473956.276024729] [offboard_waypoint_node]: [OFFBOARD_TAKEOFF_IGNORED] state=4 reason=navigation_setpoint; preserve current flight transaction
[offboard_waypoint_node-1] [INFO] [1786473956.276102964] [offboard_waypoint_node]: Navigation setpoint NED=(0.08, -0.40, -0.78) yaw=-1.62 yaw_rate=-0.29
[offboard_waypoint_node-1] [INFO] [1786473956.309690115] [offboard_waypoint_node]: [CONTROL_ARBITER] selected_source=super state=TRACKING
[super_planner_ros2_node-6] [INFO] [1786473956.524932017] [super_planner_ros2_node]: [PATH_PROGRESS] plan_id=6 vehicle_position=(-0.279,-0.291) closest_index=3 previous_progress_index=3 selected_progress_index=3 lookahead_index=10 lookahead_arc_distance=0.300 navigation_setpoint=(-0.075,-0.591) setpoint_clearance=1.329 control_mode=FOLLOWING
[super_planner_ros2_node-6] [INFO] [1786473956.773503602] [super_planner_ros2_node]: [SUPER_GOAL_SELECTION] mode=LOCAL_DISTANCE_LIMIT final_goal=(0.168,-1.227,0.780) planning_goal=(0.168,-1.227,0.780) distance=1.033 clipped=false
[offboard_waypoint_node-1] [INFO] [1786473957.309937853] [offboard_waypoint_node]: [CONTROL_ARBITER] selected_source=super state=TRACKING
[super_planner_ros2_node-6] [INFO] [1786473957.736216852] [super_planner_ros2_node]: [SUPER_CONTINUOUS_PATH_CHECK] source=RAW_ASTAR min_clearance=1.138 required_clearance=0.290 valid=true
[super_planner_ros2_node-6] [INFO] [1786473957.737431699] [super_planner_ros2_node]: [SUPER_ASTAR_VISIBILITY_SIMPLIFY] raw_points=19 simplified_points=19 raw_length=1.106 simplified_length=1.106 minimum_clearance=1.138 accepted=false clearance_preserved=true reason=DISABLED
[super_planner_ros2_node-6] [WARN] [1786473957.737519251] [super_planner_ros2_node]: [SUPER_SMOOTHED_PATH_REJECT] reason=SMOOTHING_VALIDATION no_smoothed_candidate=true (smoothing produced no path; raw path is used unchanged)
[super_planner_ros2_node-6] [WARN] [1786473957.737557380] [super_planner_ros2_node]: [SUPER_PATH_FALLBACK] source=RAW_ASTAR raw_points=19 goal_id=1
[super_planner_ros2_node-6] [INFO] [1786473957.738471169] [super_planner_ros2_node]: [CLEARANCE_PRESERVATION_POLICY] raw_global_min=1.137975411 smoothed_global_min=nan global_clearance_loss=nan local_comparison_method=NORMALIZED_ARC_PROGRESS_0.02M local_maximum_loss=0.000000000 numeric_tolerance=0.000001000
[super_planner_ros2_node-6] [INFO] [1786473957.738541433] [super_planner_ros2_node]: [PATH_TOPOLOGY_GUARD] raw_obstacle_side=BASELINE smoothed_obstacle_side=CONTINUOUS_DEFORMATION same_homotopy=true
[super_planner_ros2_node-6] [INFO] [1786473957.738566236] [super_planner_ros2_node]: [SUPER_PATH_SELECTION] candidate_smoothing_generated=false candidate_smoothing_safe=false clearance_preserved=true accepted_updates=0 accepted_iterations=0 selected=RAW fallback_reason=NO_CLEARANCE_PRESERVING_UPDATE
[super_planner_ros2_node-6] [INFO] [1786473957.740498397] [super_planner_ros2_node]: [FINAL_SELECTED_PATH_VALIDATION] selected_type=RAW min_clearance=1.137975411 inflated_collision=false continuous_clearance_pass=true finite=true maximum_segment_length=0.072918
[super_planner_ros2_node-6] [INFO] [1786473957.740601066] [super_planner_ros2_node]: path_pipeline raw=19 shortcut=19 smoothed=0 smoothing=fallback_raw_astar
[super_planner_ros2_node-6] [INFO] [1786473957.740752630] [super_planner_ros2_node]: [SUPER_GLOBAL_PATH_COMPLETE] goal_id=1 raw_endpoint=(0.168,-1.227,0.780) published_endpoint=(0.168,-1.227,0.780) final_goal=(0.168,-1.227,0.780) endpoint_error=0.000000
[super_planner_ros2_node-6] [ERROR] [1786473957.758851646] [super_planner_ros2_node]: NO VALID ODOM, BLOCK navigation setpoint
[super_planner_ros2_node-6] [INFO] [1786473957.759181442] [super_planner_ros2_node]: [PATH_PROGRESS] plan_id=7 vehicle_position=(-0.306,-0.309) closest_index=0 previous_progress_index=0 selected_progress_index=0 lookahead_index=5 lookahead_arc_distance=0.300 navigation_setpoint=(-0.114,-0.536) setpoint_clearance=1.297 control_mode=FOLLOWING
[super_planner_ros2_node-6] [INFO] [1786473957.759430864] [super_planner_ros2_node]: SUPER_ROS2 mode=NO_ODOM enable_output=true reason=NO_ODOM odom=(-0.31,-0.31,0.75) goal=set tracking_setpoint_enu=(-0.11,-0.54,0.78) setpoint_ned=(0.08,-0.61,-0.78) yaw(desired/cmd/rate)=(-2.03/-1.81/-0.64) cross_track=0.00 frame_id=px4_ned path_points=19 odom_source=/mavros/local_position/odom cloud_source=/saved_map mavros_connected=true
[super_planner_ros2_node-6] [INFO] [1786473957.773480236] [super_planner_ros2_node]: [FINAL_GOAL_CHECK] global_goal_id=1 distance_to_final=1.175 speed=0.176 confirm=0/10 final_goal_reached=false
[offboard_waypoint_node-1] [INFO] [1786473957.774157303] [offboard_waypoint_node]: [OFFBOARD_TAKEOFF_IGNORED] state=4 reason=navigation_setpoint; preserve current flight transaction
[offboard_waypoint_node-1] [INFO] [1786473957.774216913] [offboard_waypoint_node]: Navigation setpoint NED=(0.11, -0.54, -0.78) yaw=-1.81 yaw_rate=-0.62
[super_planner_ros2_node-6] [INFO] [1786473957.974042309] [super_planner_ros2_node]: [PATH_PROGRESS] plan_id=7 vehicle_position=(-0.403,-0.171) closest_index=0 previous_progress_index=0 selected_progress_index=0 lookahead_index=5 lookahead_arc_distance=0.300 navigation_setpoint=(-0.114,-0.536) setpoint_clearance=1.297 control_mode=FOLLOWING
[fastlio_bridge_node-2] [INFO] [1786473958.056993298] [fastlio_bridge_node]: 已桥接并转换里程计: ENU(-0.41, -0.17, 0.79) -> NED(0.41, -0.17, -0.79)
[super_planner_ros2_node-6] [INFO] [1786473958.224574057] [super_planner_ros2_node]: [PATH_PROGRESS] plan_id=7 vehicle_position=(-0.400,-0.152) closest_index=0 previous_progress_index=0 selected_progress_index=0 lookahead_index=5 lookahead_arc_distance=0.300 navigation_setpoint=(-0.114,-0.536) setpoint_clearance=1.297 control_mode=FOLLOWING
[offboard_waypoint_node-1] [WARN] [1786473958.261806520] [offboard_waypoint_node]: [HOLD_POSITION] x=-0.149 y=-0.400 z=-0.702 yaw=-1.752 reason=manual handover released by pilot
[offboard_waypoint_node-1] [WARN] [1786473958.261915850] [offboard_waypoint_node]: [CONTROL_STATE] TRACKING -> IDLE_HOLD: pilot left manual OFFBOARD handover
[offboard_waypoint_node-1] [WARN] [1786473958.261977818] [offboard_waypoint_node]: [MANUAL_HANDOVER_RELEASED] OFFBOARD=0 armed=1
[super_planner_ros2_node-6] [INFO] [1786473958.273502234] [super_planner_ros2_node]: [FINAL_GOAL_CHECK] global_goal_id=1 distance_to_final=1.218 speed=0.051 confirm=0/10 final_goal_reached=false
[super_planner_ros2_node-6] [INFO] [1786473958.273626099] [super_planner_ros2_node]: [SUPER_GOAL_SELECTION] mode=LOCAL_DISTANCE_LIMIT final_goal=(0.168,-1.227,0.780) planning_goal=(0.168,-1.227,0.780) distance=1.218 clipped=false
[offboard_waypoint_node-1] [INFO] [1786473958.310145113] [offboard_waypoint_node]: [HOLD_ERROR] position_error=0.000 velocity=0.057 state=IDLE_HOLD
[offboard_waypoint_node-1] [INFO] [1786473958.310707843] [offboard_waypoint_node]: [CONTROL_ARBITER] selected_source=safety_hold state=IDLE_HOLD
[super_planner_ros2_node-6] [INFO] [1786473959.319860355] [super_planner_ros2_node]: [SUPER_CONTINUOUS_PATH_CHECK] source=RAW_ASTAR min_clearance=1.138 required_clearance=0.290 valid=true
[super_planner_ros2_node-6] [INFO] [1786473959.320437017] [super_planner_ros2_node]: [SUPER_ASTAR_VISIBILITY_SIMPLIFY] raw_points=23 simplified_points=23 raw_length=1.333 simplified_length=1.333 minimum_clearance=1.138 accepted=false clearance_preserved=true reason=DISABLED
[super_planner_ros2_node-6] [WARN] [1786473959.320453738] [super_planner_ros2_node]: [SUPER_SMOOTHED_PATH_REJECT] reason=SMOOTHING_VALIDATION no_smoothed_candidate=true (smoothing produced no path; raw path is used unchanged)
[super_planner_ros2_node-6] [WARN] [1786473959.320462922] [super_planner_ros2_node]: [SUPER_PATH_FALLBACK] source=RAW_ASTAR raw_points=23 goal_id=1
[super_planner_ros2_node-6] [INFO] [1786473959.320973587] [super_planner_ros2_node]: [CLEARANCE_PRESERVATION_POLICY] raw_global_min=1.137975411 smoothed_global_min=nan global_clearance_loss=nan local_comparison_method=NORMALIZED_ARC_PROGRESS_0.02M local_maximum_loss=0.000000000 numeric_tolerance=0.000001000
[super_planner_ros2_node-6] [INFO] [1786473959.320990012] [super_planner_ros2_node]: [PATH_TOPOLOGY_GUARD] raw_obstacle_side=BASELINE smoothed_obstacle_side=CONTINUOUS_DEFORMATION same_homotopy=true
[super_planner_ros2_node-6] [INFO] [1786473959.320997641] [super_planner_ros2_node]: [SUPER_PATH_SELECTION] candidate_smoothing_generated=false candidate_smoothing_safe=false clearance_preserved=true accepted_updates=0 accepted_iterations=0 selected=RAW fallback_reason=NO_CLEARANCE_PRESERVING_UPDATE
[super_planner_ros2_node-6] [INFO] [1786473959.322594912] [super_planner_ros2_node]: [FINAL_SELECTED_PATH_VALIDATION] selected_type=RAW min_clearance=1.137975411 inflated_collision=false continuous_clearance_pass=true finite=true maximum_segment_length=0.078866
[super_planner_ros2_node-6] [INFO] [1786473959.322609759] [super_planner_ros2_node]: path_pipeline raw=23 shortcut=23 smoothed=0 smoothing=fallback_raw_astar
[super_planner_ros2_node-6] [INFO] [1786473959.322705624] [super_planner_ros2_node]: [SUPER_GLOBAL_PATH_COMPLETE] goal_id=1 raw_endpoint=(0.168,-1.227,0.780) published_endpoint=(0.168,-1.227,0.780) final_goal=(0.168,-1.227,0.780) endpoint_error=0.000000
[super_planner_ros2_node-6] [ERROR] [1786473959.336616635] [super_planner_ros2_node]: NO VALID ODOM, BLOCK navigation setpoint
[super_planner_ros2_node-6] [INFO] [1786473959.336695045] [super_planner_ros2_node]: [PATH_PROGRESS] plan_id=8 vehicle_position=(-0.400,-0.149) closest_index=0 previous_progress_index=0 selected_progress_index=0 lookahead_index=5 lookahead_arc_distance=0.300 navigation_setpoint=(-0.175,-0.334) setpoint_clearance=1.281 control_mode=FOLLOWING
[super_planner_ros2_node-6] [INFO] [1786473959.336789373] [super_planner_ros2_node]: SUPER_ROS2 mode=NO_ODOM enable_output=true reason=NO_ODOM odom=(-0.40,-0.15,0.70) goal=set tracking_setpoint_enu=(-0.17,-0.33,0.78) setpoint_ned=(0.11,-0.54,-0.78) yaw(desired/cmd/rate)=(-2.11/-2.02/-0.27) cross_track=0.00 frame_id=px4_ned path_points=23 odom_source=/mavros/local_position/odom cloud_source=/saved_map mavros_connected=true
[offboard_waypoint_node-1] [INFO] [1786473959.359995827] [offboard_waypoint_node]: [HOLD_ERROR] position_error=0.000 velocity=0.052 state=IDLE_HOLD
[offboard_waypoint_node-1] [INFO] [1786473959.360134676] [offboard_waypoint_node]: [CONTROL_ARBITER] selected_source=safety_hold state=IDLE_HOLD
[super_planner_ros2_node-6] [INFO] [1786473959.373764247] [super_planner_ros2_node]: [FINAL_GOAL_CHECK] global_goal_id=1 distance_to_final=1.247 speed=0.055 confirm=0/10 final_goal_reached=false
[offboard_waypoint_node-1] [ERROR] [1786473959.375551658] [offboard_waypoint_node]: [OFFBOARD_TAKEOFF_REJECTED] node is IDLE but MAVROS reports armed; automatic ground-reference locking is forbidden in flight
[offboard_waypoint_node-1] [INFO] [1786473959.375744794] [offboard_waypoint_node]: Navigation setpoint NED=(0.17, -0.33, -0.78) yaw=-2.03 yaw_rate=-0.24
[offboard_waypoint_node-1] [INFO] [1786473959.426825659] [offboard_waypoint_node]: [EV_HEALTH] state=SUSPECT continuous_healthy=0.00s
[super_planner_ros2_node-6] [INFO] [1786473959.574034099] [super_planner_ros2_node]: [PATH_PROGRESS] plan_id=8 vehicle_position=(-0.424,-0.054) closest_index=0 previous_progress_index=0 selected_progress_index=0 lookahead_index=5 lookahead_arc_distance=0.300 navigation_setpoint=(-0.175,-0.334) setpoint_clearance=1.281 control_mode=FOLLOWING
[super_planner_ros2_node-6] [INFO] [1786473959.774250858] [super_planner_ros2_node]: [PATH_PROGRESS] plan_id=8 vehicle_position=(-0.428,-0.035) closest_index=0 previous_progress_index=0 selected_progress_index=0 lookahead_index=5 lookahead_arc_distance=0.300 navigation_setpoint=(-0.175,-0.334) setpoint_clearance=1.281 control_mode=FOLLOWING
[super_planner_ros2_node-6] [INFO] [1786473959.823644578] [super_planner_ros2_node]: [SUPER_GOAL_SELECTION] mode=LOCAL_DISTANCE_LIMIT final_goal=(0.168,-1.227,0.780) planning_goal=(0.168,-1.227,0.780) distance=1.336 clipped=false
[fastlio_bridge_node-2] [INFO] [1786473960.055848840] [fastlio_bridge_node]: 已桥接并转换里程计: ENU(-0.47, 0.00, 0.15) -> NED(0.47, 0.00, -0.15)
[offboard_waypoint_node-1] [INFO] [1786473960.360030895] [offboard_waypoint_node]: [HOLD_ERROR] position_error=0.000 velocity=0.122 state=IDLE_HOLD
[offboard_waypoint_node-1] [INFO] [1786473960.360174617] [offboard_waypoint_node]: [CONTROL_ARBITER] selected_source=safety_hold state=IDLE_HOLD
[super_planner_ros2_node-6] [INFO] [1786473960.655929965] [super_planner_ros2_node]: [SUPER_CONTINUOUS_PATH_CHECK] source=RAW_ASTAR min_clearance=1.138 required_clearance=0.290 valid=true
[super_planner_ros2_node-6] [INFO] [1786473960.656505772] [super_planner_ros2_node]: [SUPER_ASTAR_VISIBILITY_SIMPLIFY] raw_points=25 simplified_points=25 raw_length=1.444 simplified_length=1.444 minimum_clearance=1.138 accepted=false clearance_preserved=true reason=DISABLED
[super_planner_ros2_node-6] [WARN] [1786473960.656522076] [super_planner_ros2_node]: [SUPER_SMOOTHED_PATH_REJECT] reason=SMOOTHING_VALIDATION no_smoothed_candidate=true (smoothing produced no path; raw path is used unchanged)
[super_planner_ros2_node-6] [WARN] [1786473960.656534131] [super_planner_ros2_node]: [SUPER_PATH_FALLBACK] source=RAW_ASTAR raw_points=25 goal_id=1
[super_planner_ros2_node-6] [INFO] [1786473960.657062040] [super_planner_ros2_node]: [CLEARANCE_PRESERVATION_POLICY] raw_global_min=1.137975411 smoothed_global_min=nan global_clearance_loss=nan local_comparison_method=NORMALIZED_ARC_PROGRESS_0.02M local_maximum_loss=0.000000000 numeric_tolerance=0.000001000
[super_planner_ros2_node-6] [INFO] [1786473960.657076424] [super_planner_ros2_node]: [PATH_TOPOLOGY_GUARD] raw_obstacle_side=BASELINE smoothed_obstacle_side=CONTINUOUS_DEFORMATION same_homotopy=true
[super_planner_ros2_node-6] [INFO] [1786473960.657083075] [super_planner_ros2_node]: [SUPER_PATH_SELECTION] candidate_smoothing_generated=false candidate_smoothing_safe=false clearance_preserved=true accepted_updates=0 accepted_iterations=0 selected=RAW fallback_reason=NO_CLEARANCE_PRESERVING_UPDATE
[super_planner_ros2_node-6] [INFO] [1786473960.658507854] [super_planner_ros2_node]: [FINAL_SELECTED_PATH_VALIDATION] selected_type=RAW min_clearance=1.137975411 inflated_collision=false continuous_clearance_pass=true finite=true maximum_segment_length=0.070711
[super_planner_ros2_node-6] [INFO] [1786473960.658520547] [super_planner_ros2_node]: path_pipeline raw=25 shortcut=25 smoothed=0 smoothing=fallback_raw_astar
[super_planner_ros2_node-6] [INFO] [1786473960.658633389] [super_planner_ros2_node]: [SUPER_GLOBAL_PATH_COMPLETE] goal_id=1 raw_endpoint=(0.168,-1.227,0.780) published_endpoint=(0.168,-1.227,0.780) final_goal=(0.168,-1.227,0.780) endpoint_error=0.000000
[super_planner_ros2_node-6] [INFO] [1786473960.672921593] [super_planner_ros2_node]: [PATH_PROGRESS] plan_id=9 vehicle_position=(-0.430,-0.032) closest_index=0 previous_progress_index=0 selected_progress_index=0 lookahead_index=5 lookahead_arc_distance=0.300 navigation_setpoint=(-0.212,-0.238) setpoint_clearance=1.278 control_mode=FOLLOWING
[super_planner_ros2_node-6] [INFO] [1786473960.673057958] [super_planner_ros2_node]: SUPER_ROS2 mode=FOLLOWING enable_output=true reason=NAVIGATION_SETPOINT_PUBLISHED odom=(-0.43,-0.03,0.26) goal=set tracking_setpoint_enu=(-0.21,-0.24,0.78) setpoint_ned=(0.21,-0.24,-0.78) yaw(desired/cmd/rate)=(-2.13/-2.10/-0.08) cross_track=0.00 frame_id=px4_ned path_points=25 odom_source=/mavros/local_position/odom cloud_source=/saved_map mavros_connected=true
[offboard_waypoint_node-1] [ERROR] [1786473960.673275578] [offboard_waypoint_node]: [OFFBOARD_TAKEOFF_REJECTED] node is IDLE but MAVROS reports armed; automatic ground-reference locking is forbidden in flight
[offboard_waypoint_node-1] [INFO] [1786473960.673398070] [offboard_waypoint_node]: Navigation setpoint NED=(0.21, -0.24, -0.78) yaw=-2.10 yaw_rate=-0.08
[super_planner_ros2_node-6] [INFO] [1786473960.673339595] [super_planner_ros2_node]: [FINAL_GOAL_CHECK] global_goal_id=1 distance_to_final=1.317 speed=0.168 confirm=0/10 final_goal_reached=false
[super_planner_ros2_node-6] [INFO] [1786473960.873905433] [super_planner_ros2_node]: [PATH_PROGRESS] plan_id=9 vehicle_position=(-0.455,-0.115) closest_index=0 previous_progress_index=0 selected_progress_index=0 lookahead_index=5 lookahead_arc_distance=0.300 navigation_setpoint=(-0.190,-0.260) setpoint_clearance=1.291 control_mode=FOLLOWING
[super_planner_ros2_node-6] [INFO] [1786473961.073928722] [super_planner_ros2_node]: [PATH_PROGRESS] plan_id=9 vehicle_position=(-0.456,-0.113) closest_index=0 previous_progress_index=0 selected_progress_index=0 lookahead_index=5 lookahead_arc_distance=0.300 navigation_setpoint=(-0.191,-0.259) setpoint_clearance=1.290 control_mode=FOLLOWING
[super_planner_ros2_node-6] [INFO] [1786473961.173898985] [super_planner_ros2_node]: [FINAL_GOAL_CHECK] global_goal_id=1 distance_to_final=1.280 speed=0.029 confirm=0/10 final_goal_reached=false
[super_planner_ros2_node-6] [INFO] [1786473961.174202293] [super_planner_ros2_node]: [SUPER_GOAL_SELECTION] mode=LOCAL_DISTANCE_LIMIT final_goal=(0.168,-1.227,0.780) planning_goal=(0.168,-1.227,0.780) distance=1.280 clipped=false
[offboard_waypoint_node-1] [INFO] [1786473961.360157734] [offboard_waypoint_node]: [HOLD_ERROR] position_error=0.000 velocity=0.018 state=IDLE_HOLD
[offboard_waypoint_node-1] [INFO] [1786473961.360308618] [offboard_waypoint_node]: [CONTROL_ARBITER] selected_source=safety_hold state=IDLE_HOLD
[offboard_waypoint_node-1] [INFO] [1786473961.548029165] [offboard_waypoint_node]: [EV_HEALTH] state=HEALTHY continuous_healthy=0.00s
[super_planner_ros2_node-6] [INFO] [1786473961.900246125] [super_planner_ros2_node]: [SUPER_CONTINUOUS_PATH_CHECK] source=RAW_ASTAR min_clearance=1.114 required_clearance=0.290 valid=true
[super_planner_ros2_node-6] [INFO] [1786473961.900627499] [super_planner_ros2_node]: [SUPER_ASTAR_VISIBILITY_SIMPLIFY] raw_points=23 simplified_points=23 raw_length=1.368 simplified_length=1.368 minimum_clearance=1.114 accepted=false clearance_preserved=true reason=DISABLED
[super_planner_ros2_node-6] [WARN] [1786473961.900638683] [super_planner_ros2_node]: [SUPER_SMOOTHED_PATH_REJECT] reason=SMOOTHING_VALIDATION no_smoothed_candidate=true (smoothing produced no path; raw path is used unchanged)
[super_planner_ros2_node-6] [WARN] [1786473961.900645544] [super_planner_ros2_node]: [SUPER_PATH_FALLBACK] source=RAW_ASTAR raw_points=23 goal_id=1
[super_planner_ros2_node-6] [INFO] [1786473961.900960493] [super_planner_ros2_node]: [CLEARANCE_PRESERVATION_POLICY] raw_global_min=1.113794041 smoothed_global_min=nan global_clearance_loss=nan local_comparison_method=NORMALIZED_ARC_PROGRESS_0.02M local_maximum_loss=0.000000000 numeric_tolerance=0.000001000
[super_planner_ros2_node-6] [INFO] [1786473961.900970205] [super_planner_ros2_node]: [PATH_TOPOLOGY_GUARD] raw_obstacle_side=BASELINE smoothed_obstacle_side=CONTINUOUS_DEFORMATION same_homotopy=true
[super_planner_ros2_node-6] [INFO] [1786473961.900974502] [super_planner_ros2_node]: [SUPER_PATH_SELECTION] candidate_smoothing_generated=false candidate_smoothing_safe=false clearance_preserved=true accepted_updates=0 accepted_iterations=0 selected=RAW fallback_reason=NO_CLEARANCE_PRESERVING_UPDATE
[super_planner_ros2_node-6] [INFO] [1786473961.901946655] [super_planner_ros2_node]: [FINAL_SELECTED_PATH_VALIDATION] selected_type=RAW min_clearance=1.113794041 inflated_collision=false continuous_clearance_pass=true finite=true maximum_segment_length=0.072119
[super_planner_ros2_node-6] [INFO] [1786473961.901955721] [super_planner_ros2_node]: path_pipeline raw=23 shortcut=23 smoothed=0 smoothing=fallback_raw_astar
[super_planner_ros2_node-6] [INFO] [1786473961.902034933] [super_planner_ros2_node]: [SUPER_GLOBAL_PATH_COMPLETE] goal_id=1 raw_endpoint=(0.168,-1.227,0.780) published_endpoint=(0.168,-1.227,0.780) final_goal=(0.168,-1.227,0.780) endpoint_error=0.000000
[super_planner_ros2_node-6] [INFO] [1786473961.913788275] [super_planner_ros2_node]: [PATH_PROGRESS] plan_id=10 vehicle_position=(-0.459,-0.111) closest_index=0 previous_progress_index=0 selected_progress_index=0 lookahead_index=5 lookahead_arc_distance=0.300 navigation_setpoint=(-0.264,-0.336) setpoint_clearance=1.196 control_mode=FOLLOWING
[super_planner_ros2_node-6] [INFO] [1786473961.914004977] [super_planner_ros2_node]: SUPER_ROS2 mode=FOLLOWING enable_output=true reason=NAVIGATION_SETPOINT_PUBLISHED odom=(-0.46,-0.11,0.12) goal=set tracking_setpoint_enu=(-0.26,-0.34,0.78) setpoint_ned=(0.26,-0.34,-0.78) yaw(desired/cmd/rate)=(-2.18/-2.13/-0.13) cross_track=0.00 frame_id=px4_ned path_points=23 odom_source=/mavros/local_position/odom cloud_source=/saved_map mavros_connected=true
[super_planner_ros2_node-6] [INFO] [1786473961.914107888] [super_planner_ros2_node]: [FINAL_GOAL_CHECK] global_goal_id=1 distance_to_final=1.280 speed=0.029 confirm=0/10 final_goal_reached=false
[offboard_waypoint_node-1] [ERROR] [1786473961.914100995] [offboard_waypoint_node]: [OFFBOARD_TAKEOFF_REJECTED] node is IDLE but MAVROS reports armed; automatic ground-reference locking is forbidden in flight
[offboard_waypoint_node-1] [INFO] [1786473961.914292960] [offboard_waypoint_node]: Navigation setpoint NED=(0.26, -0.34, -0.78) yaw=-2.13 yaw_rate=-0.13
[fastlio_bridge_node-2] [INFO] [1786473962.043426547] [fastlio_bridge_node]: 已桥接并转换里程计: ENU(-0.49, -0.08, -0.01) -> NED(0.49, -0.08, 0.01)
[super_planner_ros2_node-6] [INFO] [1786473962.124009505] [super_planner_ros2_node]: [PATH_PROGRESS] plan_id=10 vehicle_position=(-0.501,-0.073) closest_index=0 previous_progress_index=0 selected_progress_index=0 lookahead_index=5 lookahead_arc_distance=0.300 navigation_setpoint=(-0.264,-0.336) setpoint_clearance=1.196 control_mode=FOLLOWING
[super_planner_ros2_node-6] [INFO] [1786473962.324614615] [super_planner_ros2_node]: [PATH_PROGRESS] plan_id=10 vehicle_position=(-0.509,-0.065) closest_index=0 previous_progress_index=0 selected_progress_index=0 lookahead_index=5 lookahead_arc_distance=0.300 navigation_setpoint=(-0.264,-0.336) setpoint_clearance=1.196 control_mode=FOLLOWING
[offboard_waypoint_node-1] [INFO] [1786473962.410066756] [offboard_waypoint_node]: [HOLD_ERROR] position_error=0.000 velocity=0.047 state=IDLE_HOLD
[offboard_waypoint_node-1] [INFO] [1786473962.410167964] [offboard_waypoint_node]: [CONTROL_ARBITER] selected_source=safety_hold state=IDLE_HOLD
[super_planner_ros2_node-6] [INFO] [1786473962.423781975] [super_planner_ros2_node]: [FINAL_GOAL_CHECK] global_goal_id=1 distance_to_final=1.349 speed=0.048 confirm=0/10 final_goal_reached=false
[super_planner_ros2_node-6] [INFO] [1786473962.423893499] [super_planner_ros2_node]: [SUPER_GOAL_SELECTION] mode=LOCAL_DISTANCE_LIMIT final_goal=(0.168,-1.227,0.780) planning_goal=(0.168,-1.227,0.780) distance=1.349 clipped=false
[super_planner_ros2_node-6] [INFO] [1786473963.053091062] [super_planner_ros2_node]: [SUPER_CONTINUOUS_PATH_CHECK] source=RAW_ASTAR min_clearance=1.097 required_clearance=0.290 valid=true
[super_planner_ros2_node-6] [INFO] [1786473963.053569337] [super_planner_ros2_node]: [SUPER_ASTAR_VISIBILITY_SIMPLIFY] raw_points=24 simplified_points=24 raw_length=1.439 simplified_length=1.439 minimum_clearance=1.097 accepted=false clearance_preserved=true reason=DISABLED
[super_planner_ros2_node-6] [WARN] [1786473963.053591614] [super_planner_ros2_node]: [SUPER_SMOOTHED_PATH_REJECT] reason=SMOOTHING_VALIDATION no_smoothed_candidate=true (smoothing produced no path; raw path is used unchanged)
[super_planner_ros2_node-6] [WARN] [1786473963.053603914] [super_planner_ros2_node]: [SUPER_PATH_FALLBACK] source=RAW_ASTAR raw_points=24 goal_id=1
[super_planner_ros2_node-6] [INFO] [1786473963.053886947] [super_planner_ros2_node]: [CLEARANCE_PRESERVATION_POLICY] raw_global_min=1.096537064 smoothed_global_min=nan global_clearance_loss=nan local_comparison_method=NORMALIZED_ARC_PROGRESS_0.02M local_maximum_loss=0.000000000 numeric_tolerance=0.000001000
[super_planner_ros2_node-6] [INFO] [1786473963.053906878] [super_planner_ros2_node]: [PATH_TOPOLOGY_GUARD] raw_obstacle_side=BASELINE smoothed_obstacle_side=CONTINUOUS_DEFORMATION same_homotopy=true
[super_planner_ros2_node-6] [INFO] [1786473963.053913177] [super_planner_ros2_node]: [SUPER_PATH_SELECTION] candidate_smoothing_generated=false candidate_smoothing_safe=false clearance_preserved=true accepted_updates=0 accepted_iterations=0 selected=RAW fallback_reason=NO_CLEARANCE_PRESERVING_UPDATE
[super_planner_ros2_node-6] [INFO] [1786473963.054779827] [super_planner_ros2_node]: [FINAL_SELECTED_PATH_VALIDATION] selected_type=RAW min_clearance=1.096537064 inflated_collision=false continuous_clearance_pass=true finite=true maximum_segment_length=0.073243
[super_planner_ros2_node-6] [INFO] [1786473963.054791492] [super_planner_ros2_node]: path_pipeline raw=24 shortcut=24 smoothed=0 smoothing=fallback_raw_astar
[super_planner_ros2_node-6] [INFO] [1786473963.054879643] [super_planner_ros2_node]: [SUPER_GLOBAL_PATH_COMPLETE] goal_id=1 raw_endpoint=(0.168,-1.227,0.780) published_endpoint=(0.168,-1.227,0.780) final_goal=(0.168,-1.227,0.780) endpoint_error=0.000000
[super_planner_ros2_node-6] [INFO] [1786473963.068218716] [super_planner_ros2_node]: [PATH_PROGRESS] plan_id=11 vehicle_position=(-0.512,-0.062) closest_index=0 previous_progress_index=0 selected_progress_index=0 lookahead_index=5 lookahead_arc_distance=0.300 navigation_setpoint=(-0.315,-0.285) setpoint_clearance=1.166 control_mode=FOLLOWING
[super_planner_ros2_node-6] [INFO] [1786473963.068426836] [super_planner_ros2_node]: SUPER_ROS2 mode=FOLLOWING enable_output=true reason=NAVIGATION_SETPOINT_PUBLISHED odom=(-0.51,-0.06,-0.12) goal=set tracking_setpoint_enu=(-0.31,-0.29,0.78) setpoint_ned=(0.31,-0.29,-0.78) yaw(desired/cmd/rate)=(-2.24/-2.19/-0.14) cross_track=0.00 frame_id=px4_ned path_points=24 odom_source=/mavros/local_position/odom cloud_source=/saved_map mavros_connected=true
[super_planner_ros2_node-6] [INFO] [1786473963.068665168] [super_planner_ros2_node]: [FINAL_GOAL_CHECK] global_goal_id=1 distance_to_final=1.349 speed=0.048 confirm=0/10 final_goal_reached=false
[offboard_waypoint_node-1] [ERROR] [1786473963.069646602] [offboard_waypoint_node]: [OFFBOARD_TAKEOFF_REJECTED] node is IDLE but MAVROS reports armed; automatic ground-reference locking is forbidden in flight
[offboard_waypoint_node-1] [INFO] [1786473963.069755183] [offboard_waypoint_node]: Navigation setpoint NED=(0.31, -0.29, -0.78) yaw=-2.19 yaw_rate=-0.14
[super_planner_ros2_node-6] [INFO] [1786473963.274058396] [super_planner_ros2_node]: [PATH_PROGRESS] plan_id=11 vehicle_position=(-0.525,-0.037) closest_index=0 previous_progress_index=0 selected_progress_index=0 lookahead_index=5 lookahead_arc_distance=0.300 navigation_setpoint=(-0.315,-0.285) setpoint_clearance=1.166 control_mode=FOLLOWING
[offboard_waypoint_node-1] [INFO] [1786473963.410194496] [offboard_waypoint_node]: [HOLD_ERROR] position_error=0.000 velocity=0.070 state=IDLE_HOLD
[offboard_waypoint_node-1] [INFO] [1786473963.410332449] [offboard_waypoint_node]: [CONTROL_ARBITER] selected_source=safety_hold state=IDLE_HOLD
[super_planner_ros2_node-6] [INFO] [1786473963.474094462] [super_planner_ros2_node]: [PATH_PROGRESS] plan_id=11 vehicle_position=(-0.526,-0.035) closest_index=0 previous_progress_index=0 selected_progress_index=0 lookahead_index=5 lookahead_arc_distance=0.300 navigation_setpoint=(-0.315,-0.285) setpoint_clearance=1.166 control_mode=FOLLOWING
[super_planner_ros2_node-6] [INFO] [1786473963.573842648] [super_planner_ros2_node]: [FINAL_GOAL_CHECK] global_goal_id=1 distance_to_final=1.381 speed=0.071 confirm=0/10 final_goal_reached=false
[super_planner_ros2_node-6] [INFO] [1786473963.573949289] [super_planner_ros2_node]: [SUPER_GOAL_SELECTION] mode=LOCAL_DISTANCE_LIMIT final_goal=(0.168,-1.227,0.780) planning_goal=(0.168,-1.227,0.780) distance=1.381 clipped=false
[super_planner_ros2_node-6] [INFO] [1786473964.021517755] [super_planner_ros2_node]: [SUPER_CONTINUOUS_PATH_CHECK] source=RAW_ASTAR min_clearance=1.107 required_clearance=0.290 valid=true
[super_planner_ros2_node-6] [INFO] [1786473964.021799649] [super_planner_ros2_node]: [SUPER_ASTAR_VISIBILITY_SIMPLIFY] raw_points=25 simplified_points=25 raw_length=1.482 simplified_length=1.482 minimum_clearance=1.107 accepted=false clearance_preserved=true reason=DISABLED
[super_planner_ros2_node-6] [WARN] [1786473964.021825474] [super_planner_ros2_node]: [SUPER_SMOOTHED_PATH_REJECT] reason=SMOOTHING_VALIDATION no_smoothed_candidate=true (smoothing produced no path; raw path is used unchanged)
[super_planner_ros2_node-6] [WARN] [1786473964.021830635] [super_planner_ros2_node]: [SUPER_PATH_FALLBACK] source=RAW_ASTAR raw_points=25 goal_id=1
[super_planner_ros2_node-6] [INFO] [1786473964.022069460] [super_planner_ros2_node]: [CLEARANCE_PRESERVATION_POLICY] raw_global_min=1.107079239 smoothed_global_min=nan global_clearance_loss=nan local_comparison_method=NORMALIZED_ARC_PROGRESS_0.02M local_maximum_loss=0.000000000 numeric_tolerance=0.000001000
[super_planner_ros2_node-6] [INFO] [1786473964.022076894] [super_planner_ros2_node]: [PATH_TOPOLOGY_GUARD] raw_obstacle_side=BASELINE smoothed_obstacle_side=CONTINUOUS_DEFORMATION same_homotopy=true
[super_planner_ros2_node-6] [INFO] [1786473964.022080149] [super_planner_ros2_node]: [SUPER_PATH_SELECTION] candidate_smoothing_generated=false candidate_smoothing_safe=false clearance_preserved=true accepted_updates=0 accepted_iterations=0 selected=RAW fallback_reason=NO_CLEARANCE_PRESERVING_UPDATE
[super_planner_ros2_node-6] [INFO] [1786473964.022863452] [super_planner_ros2_node]: [FINAL_SELECTED_PATH_VALIDATION] selected_type=RAW min_clearance=1.107079239 inflated_collision=false continuous_clearance_pass=true finite=true maximum_segment_length=0.070711
[super_planner_ros2_node-6] [INFO] [1786473964.022888632] [super_planner_ros2_node]: path_pipeline raw=25 shortcut=25 smoothed=0 smoothing=fallback_raw_astar
[super_planner_ros2_node-6] [INFO] [1786473964.022998867] [super_planner_ros2_node]: [SUPER_GLOBAL_PATH_COMPLETE] goal_id=1 raw_endpoint=(0.168,-1.227,0.780) published_endpoint=(0.168,-1.227,0.780) final_goal=(0.168,-1.227,0.780) endpoint_error=0.000000
[super_planner_ros2_node-6] [INFO] [1786473964.036750317] [super_planner_ros2_node]: [PATH_PROGRESS] plan_id=12 vehicle_position=(-0.527,-0.034) closest_index=0 previous_progress_index=0 selected_progress_index=0 lookahead_index=5 lookahead_arc_distance=0.300 navigation_setpoint=(-0.310,-0.240) setpoint_clearance=1.188 control_mode=FOLLOWING
[fastlio_bridge_node-2] [INFO] [1786473964.044714266] [fastlio_bridge_node]: 已桥接并转换里程计: ENU(-0.49, -0.07, -0.02) -> NED(0.49, -0.07, 0.02)
[super_planner_ros2_node-6] [INFO] [1786473964.073911836] [super_planner_ros2_node]: [FINAL_GOAL_CHECK] global_goal_id=1 distance_to_final=1.378 speed=0.063 confirm=0/10 final_goal_reached=false
[super_planner_ros2_node-6] [INFO] [1786473964.074212938] [super_planner_ros2_node]: SUPER_ROS2 mode=FOLLOWING enable_output=true reason=NAVIGATION_SETPOINT_PUBLISHED odom=(-0.52,-0.03,-0.18) goal=set tracking_setpoint_enu=(-0.31,-0.24,0.78) setpoint_ned=(0.31,-0.24,-0.78) yaw(desired/cmd/rate)=(-2.23/-2.23/0.00) cross_track=0.00 frame_id=px4_ned path_points=25 odom_source=/mavros/local_position/odom cloud_source=/saved_map mavros_connected=true
[offboard_waypoint_node-1] [ERROR] [1786473964.074305764] [offboard_waypoint_node]: [OFFBOARD_TAKEOFF_REJECTED] node is IDLE but MAVROS reports armed; automatic ground-reference locking is forbidden in flight
[offboard_waypoint_node-1] [INFO] [1786473964.074380873] [offboard_waypoint_node]: Navigation setpoint NED=(0.31, -0.24, -0.78) yaw=-2.23 yaw_rate=0.00
[super_planner_ros2_node-6] [INFO] [1786473964.274116937] [super_planner_ros2_node]: [PATH_PROGRESS] plan_id=12 vehicle_position=(-0.517,-0.035) closest_index=0 previous_progress_index=0 selected_progress_index=0 lookahead_index=5 lookahead_arc_distance=0.300 navigation_setpoint=(-0.304,-0.246) setpoint_clearance=1.191 control_mode=FOLLOWING
[offboard_waypoint_node-1] [WARN] [1786473964.274337909] [offboard_waypoint_node]: [CONTROL_STATE] IDLE_HOLD -> WAITING_FOR_ODOM: takeoff queued until EV is continuously healthy
[offboard_waypoint_node-1] [WARN] [1786473964.274385776] [offboard_waypoint_node]: [OFFBOARD_DEFERRED_TAKEOFF_EV] reason=navigation_setpoint; continuous_healthy=2.73s required=7.50s
[offboard_waypoint_node-1] [INFO] [1786473964.294650793] [offboard_waypoint_node]: [OFFBOARD_DEFERRED_TAKEOFF_RELEASE] trusted_position=(-0.036,-0.516,0.178)
[offboard_waypoint_node-1] [INFO] [1786473964.310222607] [offboard_waypoint_node]: [EV_HOLD_WAIT] continuous_healthy=2.76s required=7.50s
[offboard_waypoint_node-1] [INFO] [1786473964.326417947] [offboard_waypoint_node]: [OFFBOARD_DEFERRED_TAKEOFF_RELEASE] trusted_position=(-0.036,-0.516,0.178)
[offboard_waypoint_node-1] [INFO] [1786473964.357495514] [offboard_waypoint_node]: [OFFBOARD_DEFERRED_TAKEOFF_RELEASE] trusted_position=(-0.036,-0.515,0.177)
[offboard_waypoint_node-1] [INFO] [1786473964.391311010] [offboard_waypoint_node]: [OFFBOARD_DEFERRED_TAKEOFF_RELEASE] trusted_position=(-0.037,-0.514,0.177)
[offboard_waypoint_node-1] [INFO] [1786473964.439154052] [offboard_waypoint_node]: [OFFBOARD_DEFERRED_TAKEOFF_RELEASE] trusted_position=(-0.037,-0.513,0.177)
[offboard_waypoint_node-1] [INFO] [1786473964.460212463] [offboard_waypoint_node]: [CONTROL_ARBITER] selected_source=waiting_for_ev_ground_reference state=WAITING_FOR_ODOM
[offboard_waypoint_node-1] [INFO] [1786473964.466948136] [offboard_waypoint_node]: [OFFBOARD_DEFERRED_TAKEOFF_RELEASE] trusted_position=(-0.037,-0.512,0.176)
[super_planner_ros2_node-6] [INFO] [1786473964.474240515] [super_planner_ros2_node]: [PATH_PROGRESS] plan_id=12 vehicle_position=(-0.512,-0.037) closest_index=0 previous_progress_index=0 selected_progress_index=0 lookahead_index=5 lookahead_arc_distance=0.300 navigation_setpoint=(-0.300,-0.250) setpoint_clearance=1.193 control_mode=FOLLOWING
[offboard_waypoint_node-1] [INFO] [1786473964.492245627] [offboard_waypoint_node]: [OFFBOARD_DEFERRED_TAKEOFF_RELEASE] trusted_position=(-0.037,-0.512,0.175)
[super_planner_ros2_node-6] [INFO] [1786473964.523955648] [super_planner_ros2_node]: [SUPER_GOAL_SELECTION] mode=LOCAL_DISTANCE_LIMIT final_goal=(0.168,-1.227,0.780) planning_goal=(0.168,-1.227,0.780) distance=1.370 clipped=false
[offboard_waypoint_node-1] [INFO] [1786473964.526309755] [offboard_waypoint_node]: [OFFBOARD_DEFERRED_TAKEOFF_RELEASE] trusted_position=(-0.038,-0.511,0.175)
[offboard_waypoint_node-1] [INFO] [1786473964.562796547] [offboard_waypoint_node]: [OFFBOARD_DEFERRED_TAKEOFF_RELEASE] trusted_position=(-0.038,-0.510,0.174)
[offboard_waypoint_node-1] [INFO] [1786473964.591260876] [offboard_waypoint_node]: [OFFBOARD_DEFERRED_TAKEOFF_RELEASE] trusted_position=(-0.038,-0.509,0.173)
[offboard_waypoint_node-1] [INFO] [1786473964.626301024] [offboard_waypoint_node]: [OFFBOARD_DEFERRED_TAKEOFF_RELEASE] trusted_position=(-0.038,-0.508,0.173)
[offboard_waypoint_node-1] [INFO] [1786473964.659001285] [offboard_waypoint_node]: [OFFBOARD_DEFERRED_TAKEOFF_RELEASE] trusted_position=(-0.039,-0.508,0.172)
[offboard_waypoint_node-1] [INFO] [1786473964.692944093] [offboard_waypoint_node]: [OFFBOARD_DEFERRED_TAKEOFF_RELEASE] trusted_position=(-0.039,-0.506,0.171)
[offboard_waypoint_node-1] [INFO] [1786473964.725955674] [offboard_waypoint_node]: [OFFBOARD_DEFERRED_TAKEOFF_RELEASE] trusted_position=(-0.039,-0.506,0.171)
[offboard_waypoint_node-1] [INFO] [1786473964.760528214] [offboard_waypoint_node]: [OFFBOARD_DEFERRED_TAKEOFF_RELEASE] trusted_position=(-0.039,-0.504,0.170)
[offboard_waypoint_node-1] [INFO] [1786473964.792694553] [offboard_waypoint_node]: [OFFBOARD_DEFERRED_TAKEOFF_RELEASE] trusted_position=(-0.039,-0.504,0.170)
[offboard_waypoint_node-1] [INFO] [1786473964.826008899] [offboard_waypoint_node]: [OFFBOARD_DEFERRED_TAKEOFF_RELEASE] trusted_position=(-0.039,-0.503,0.169)
[offboard_waypoint_node-1] [INFO] [1786473964.858558601] [offboard_waypoint_node]: [OFFBOARD_DEFERRED_TAKEOFF_RELEASE] trusted_position=(-0.040,-0.502,0.169)
[offboard_waypoint_node-1] [INFO] [1786473964.892458860] [offboard_waypoint_node]: [OFFBOARD_DEFERRED_TAKEOFF_RELEASE] trusted_position=(-0.040,-0.501,0.168)
[offboard_waypoint_node-1] [INFO] [1786473964.925946135] [offboard_waypoint_node]: [OFFBOARD_DEFERRED_TAKEOFF_RELEASE] trusted_position=(-0.040,-0.500,0.168)
[offboard_waypoint_node-1] [INFO] [1786473964.957679994] [offboard_waypoint_node]: [OFFBOARD_DEFERRED_TAKEOFF_RELEASE] trusted_position=(-0.040,-0.500,0.167)
[offboard_waypoint_node-1] [INFO] [1786473964.993019648] [offboard_waypoint_node]: [OFFBOARD_DEFERRED_TAKEOFF_RELEASE] trusted_position=(-0.040,-0.499,0.166)
[offboard_waypoint_node-1] [INFO] [1786473965.025621366] [offboard_waypoint_node]: [OFFBOARD_DEFERRED_TAKEOFF_RELEASE] trusted_position=(-0.040,-0.498,0.166)
[navigation stack (prewarm)] 正在停止进程组 14599
[navigation stack (prewarm)] 已退出，状态码 143
