[navigation stack (prewarm)] starting
[navigation stack (prewarm)] command: env MAP_FILE=/home/robot/rong_ws/ws_offboard_control/maps/main/GlobalMap_去顶端_z2.5m.pcd PLANNER_BACKEND=astar_ego TUNING_FILE=/home/robot/rong_ws/ws_offboard_control/flight_records/20260816/flight_20260816_044846/snapshot/astar_ego_tuning_0.75m.yaml MISSION_ENABLED=false RECOGNITION_ENABLED=false RVIZ=true ENABLE_OUTPUT=true MANUAL_HANDOVER=false EV_FAULT_AUTO_LAND=false BODY_TO_SENSOR_X_M=0.0 BODY_TO_SENSOR_Y_M=0.0 BODY_TO_SENSOR_Z_M=0.08 BODY_TO_FASTLIO_YAW_RAD=0.0 WORLD_YAW_ALIGNMENT_RAD=0.0 PUBLISH_FASTLIO_BRIDGE=true PUBLISH_CAMERA_INIT_TF=false MAP_FRAME_ID=map FASTLIO_ODOM_TOPIC=/planning/odom REQUIRE_MAP_LOCAL_ALIGNMENT=true MAP_AUTO_LOAD=true /home/robot/rong_ws/ws_offboard_control/tools/flight/运行导航控制.sh
[navigation stack (prewarm)] pid=29294 pgid=29294 log=/home/robot/rong_ws/ws_offboard_control/flight_records/20260816/flight_20260816_044846/logs/navigation.log
导航后端：    请求=astar_ego，实际=astar_ego，EGO开关=true
任务序列器：  false
地图文件：    /home/robot/rong_ws/ws_offboard_control/maps/main/GlobalMap_去顶端_z2.5m.pcd
地图自动加载：true
Recognition:        false
导航输出：    true
人工接管：    false
EV 故障自动降落：false
[INFO] [launch]: All log files can be found below /home/robot/.ros/log/2026-08-16-04-48-55-613284-robot-29294
[INFO] [launch]: Default logging verbosity is set to INFO
[INFO] [launch.user]: [PLANNER_BACKEND] requested=astar_ego effective=astar_ego ego_enabled=True
[INFO] [launch.user]: [TUNING_FILE]
[INFO] [launch.user]: path=/home/robot/rong_ws/ws_offboard_control/flight_records/20260816/flight_20260816_044846/snapshot/astar_ego_tuning_0.75m.yaml
[INFO] [launch.user]: schema_version=1
[INFO] [launch.user]: [EGO_MAP_SOURCE]
[INFO] [launch.user]: ego_map_source=static_live_px4
[INFO] [launch.user]: [EGO_MAP_TUNING]
[INFO] [launch.user]: {'live_topic': '/cloud_registered', 'body_topic': '/cloud_registered_body', 'pose_topic': '/race/pose', 'live_obstacle_memory_sec': 1.0, 'live_obstacle_voxel_size_m': 0.1, 'live_obstacle_min_observations': 2, 'minimum_reliable_detection_range_m': 0.725, 'pose_sync_max_skew_sec': 0.3, 'pose_buffer_duration_sec': 1.0}
[INFO] [launch.user]: [FAULT_ENVELOPE]
[INFO] [launch.user]: x=[-30.0,30.0] y=[-30.0,30.0] z=[0.5,0.9] jump=max_speed*dt+0.4m grid_padding=3.0m corridor=1.5m
[INFO] [launch.user]: [GLOBAL_PLANNER_TUNING]
[INFO] [launch.user]: {'grid_resolution': 0.15, 'planning_resolution': 0.05, 'hard_inflation_radius': 0.28, 'min_planning_inflation_radius': 0.28, 'soft_obstacle_cost_radius': 0.54, 'clearance_cost_weight': 3.0, 'tracking_lookahead_distance': 0.3, 'max_local_goal_distance': 1.7, 'trajectory_prefetch_sec': 1.5, 'trajectory_stall_timeout_sec': 1.0, 'trajectory_recovery_confirmation_sec': 0.5, 'smoothing_min_clearance': 0.1, 'allow_direct_path': False, 'enable_path_shortcut': False}
[INFO] [launch.user]: [EGO_TUNING]
[INFO] [launch.user]: {'enable': True, 'planning_horizon': 5.0, 'local_update_range_x': 6.0, 'local_update_range_y': 6.0, 'local_update_range_z': 1.25, 'occupancy_map_size_x': 24.0, 'occupancy_map_size_y': 26.0, 'occupancy_publish_max_height': 2.5, 'max_velocity': 0.6, 'max_acceleration': 0.8, 'control_point_spacing': 0.25, 'planning_clearance_m': 0.34, 'constrained_clearance_enable': False, 'constrained_clearance_m': 0.24, 'constrained_optimization_clearance_m': 0.3, 'far_end_clearance_extra_m': 0.06, 'optimization_clearance_m': 0.42, 'max_reference_deviation_m': 0.8, 'use_distinctive_trajectories': True, 'replan_start_position_error_m': 0.25, 'handover_position_tolerance_m': 0.02, 'handover_velocity_tolerance_mps': 0.02, 'handover_acceleration_tolerance_mps2': 0.05, 'fixed_flight_height': 0.75}
[INFO] [launch.user]: [BRIDGE_TUNING]
[INFO] [launch.user]: {'occupancy_timeout_sec': 1.0, 'active_recheck_history_sec': 0.5, 'bspline_timeout_sec': 0.2, 'command_timeout_sec': 0.2, 'dynamic_invalid_grace_sec': 0.75, 'replan_hold_timeout_sec': 3.0, 'replan_reanchor_max_horizontal_speed_mps': 0.08, 'replan_reanchor_stable_sec': 0.5, 'switch_position_tolerance_m': 0.1, 'switch_velocity_tolerance_mps': 0.1, 'switch_acceleration_tolerance_mps2': 0.2, 'collision_sample_spacing_m': 0.04, 'braking_deceleration_mps2': 0.8, 'reaction_time_sec': 0.15, 'dynamic_limit_margin': 1.1, 'max_yaw_rate_rad_s': 0.8}
[INFO] [launch.user]: [OFFBOARD_TUNING]
[INFO] [launch.user]: {'takeoff_height_m': 0.55, 'ego_goal_release_height_m': 0.5, 'ego_goal_stable_height_tolerance_m': 0.05, 'ego_goal_stable_horizontal_speed_mps': 0.08, 'ego_goal_stable_vertical_speed_mps': 0.3, 'ego_goal_stable_duration_sec': 0.5, 'fixed_flight_height_m': 0.75, 'max_safe_height_m': 0.9, 'goal_tolerance_xy_m': 0.1, 'goal_tolerance_z_m': 0.05, 'setpoint_rate_hz': 20.0, 'trusted_position_max_speed_mps': 4.0, 'trusted_position_jump_allowance_m': 0.4, 'ego_setpoint_max_lead_m': 2.0, 'ego_setpoint_timeout_sec': 2.5, 'same_goal_retry_on_safety_latch': True, 'ego_yaw_rate_limit_rad_s': 0.8, 'initial_position_stabilization_sec': 0.5, 'initial_position_max_spread_m': 0.08, 'initial_position_max_speed_mps': 0.2}
[INFO] [offboard_waypoint_node-1]: process started with pid [29351]
[INFO] [fastlio_bridge_node-2]: process started with pid [29353]
[INFO] [frame_transform_node-3]: process started with pid [29355]
[INFO] [map_io_node-4]: process started with pid [29357]
[INFO] [mapping_manager_node-5]: process started with pid [29359]
[INFO] [super_planner_ros2_node-6]: process started with pid [29361]
[INFO] [race_ego_odom_bridge-7]: process started with pid [29363]
[INFO] [race_ego_cloud_bridge-8]: process started with pid [29365]
[INFO] [race_ego_goal_bridge-9]: process started with pid [29367]
[INFO] [ego_planner_node-10]: process started with pid [29369]
[INFO] [traj_server-11]: process started with pid [29371]
[INFO] [race_ego_trajectory_bridge-12]: process started with pid [29373]
[INFO] [rviz2-13]: process started with pid [29377]
[fastlio_bridge_node-2] [INFO] [1786826935.928081985] [fastlio_bridge_node]: FAST-LIO2 ENU/map -> base_link bridge: /planning/odom -> /race/odom, /race/pose lever=(0.000, 0.000, 0.080) installation_yaw=0.000000 world_yaw=0.000000
[race_ego_odom_bridge-7] [INFO] [1786826935.939571861] [race_ego_odom_bridge]: EGO odom bridge: /race/odom -> /race/ego/odom frame=map pose=map_passthrough velocity=bodyFLU->map strict=false
[offboard_waypoint_node-1] [INFO] [1786826935.958125296] [offboard_waypoint_node]: Offboard adapter: control_source=ego navigation_topic=/race/navigation_setpoint ego_topic=/race/ego/trajectory_setpoint frame=px4_ned timeout=0.80s ego_timeout=0.20s height=[0.50, 0.90]m warmup=2.0s stabilization=5.0s takeoff_complete=0.55m strict_health=false
[offboard_waypoint_node-1] [INFO] [1786826935.958750925] [offboard_waypoint_node]: [PLANNER_SOURCE] backend=ego
[offboard_waypoint_node-1] [INFO] [1786826935.958779263] [offboard_waypoint_node]: [TRAJECTORY_SOURCE] selected=ego timeout=2.50s
[frame_transform_node-3] [INFO] [1786826935.960399339] [frame_transform_node]: frame_transform_node started
[frame_transform_node-3] [INFO] [1786826935.960520425] [frame_transform_node]:   Static TF map -> odom (identity): disabled
[frame_transform_node-3] [INFO] [1786826935.960528844] [frame_transform_node]:   Fixed map -> camera_init TF disabled
[race_ego_cloud_bridge-8] [INFO] [1786826935.975808287] [race_ego_cloud_bridge]: EGO cloud bridge: source=static_live_px4 input=/saved_map+/cloud_registered_body output=/race/ego/cloud required_frame=map frame_transform=map_pose_projection
[race_ego_goal_bridge-9] [INFO] [1786826935.981824900] [race_ego_goal_bridge]: Goal stability uses pose=/race/ego/odom velocity=/mavros/local_position/odom freshness=0.25s
[race_ego_trajectory_bridge-12] [INFO] [1786826935.995585161] [race_ego_trajectory_bridge]: [BRIDGE_CLEARANCE_THRESHOLD] hard_clearance=0.290000000
[race_ego_trajectory_bridge-12] [INFO] [1786826935.997400129] [race_ego_trajectory_bridge]: [BRIDGE_BRAKING_CONTRACT] max_speed=0.600 deceleration=0.800 reaction=0.150 clearance=0.290 braking_horizon=0.605 detection_range=0.725
[offboard_waypoint_node-1] [INFO] [1786826936.008240933] [offboard_waypoint_node]: [EV_HOLD_WAIT] continuous_healthy=0.00s required=7.50s
[offboard_waypoint_node-1] [INFO] [1786826936.008407763] [offboard_waypoint_node]: [CONTROL_ARBITER] selected_source=waiting_for_ev_ground_reference state=WAITING_FOR_ODOM
[mapping_manager_node-5] [INFO] [1786826936.008977804] [mapping_manager_node]: mapping_manager_node started
[mapping_manager_node-5] [INFO] [1786826936.009144506] [mapping_manager_node]:   auto_load_on_start: false
[mapping_manager_node-5] [INFO] [1786826936.009160742] [mapping_manager_node]:   auto_save_on_land: true
[map_io_node-4] [INFO] [1786826936.014596618] [map_io_node]: map_io_node started
[map_io_node-4] [INFO] [1786826936.014835299] [map_io_node]:   map_file: /home/robot/rong_ws/ws_offboard_control/maps/main/GlobalMap_去顶端_z2.5m.pcd
[map_io_node-4] [INFO] [1786826936.014850692] [map_io_node]:   publish_topic: /saved_map
[map_io_node-4] [INFO] [1786826936.014859863] [map_io_node]:   display_leaf_size: 0.10 m
[map_io_node-4] [INFO] [1786826936.014874231] [map_io_node]:   max_display_points: 3000000
[race_ego_trajectory_bridge-12] [INFO] [1786826936.035699812] [race_ego_trajectory_bridge]: [EGO_STATUS] state=WAIT_MAP control_enabled=true map=missing odom=missing goal=missing trajectory=missing
[super_planner_ros2_node-6] [INFO] [1786826936.043250149] [super_planner_ros2_node]: MODE_INIT enable_output=true setpoint_topic=/race/navigation_setpoint setpoint_frame=px4_ned control_rate=20.0 replan_rate=2.0 tracking_lookahead=0.30 heading_lookahead=0.80 max_yaw_rate=1.00 odom_topic=/race/odom odom_input_frame=map require_mavros_connected=false mavros_state_topic=/mavros/state cloud_topic=/saved_map PLANNER_INTERNAL_FRAME=map hard_inflation=0.28 soft_cost_radius=0.54 clearance_cost_weight=3.00 smoothing=true method=chaikin iterations=2 sample_resolution=0.10 allow_direct_path=false enable_path_shortcut=false
[super_planner_ros2_node-6] [INFO] [1786826936.043572328] [super_planner_ros2_node]: [SUPER_TRACKING_POLICY] replan_while_tracking=false
[super_planner_ros2_node-6] [INFO] [1786826936.043586612] [super_planner_ros2_node]: GLOBAL_MODE global_only=true control_output=false global_path=/race/global_path local_goal=/race/ego/local_goal
[super_planner_ros2_node-6] [INFO] [1786826936.043592964] [super_planner_ros2_node]: [SUPER_MODE] global_only=true max_planning_distance=9.000 segment_chaining=false
[super_planner_ros2_node-6] [INFO] [1786826936.043599375] [super_planner_ros2_node]: [SUPER_DIRECT_MODE] enabled=false
[super_planner_ros2_node-6] [INFO] [1786826936.043605329] [super_planner_ros2_node]: [FAULT_ENVELOPE] x=[-30.00,30.00] y=[-30.00,30.00] z=[0.50,0.90] jump=max(4.00m/s*dt)+0.40m grid_padding=3.00m corridor=1.50m
[super_planner_ros2_node-6] [INFO] [1786826936.093565363] [super_planner_ros2_node]: SUPER_ROS2 mode=NO_ODOM enable_output=false reason=NO_ODOM odom=(0.00,0.00,0.00) goal=none tracking_setpoint_enu=(0.00,0.00,0.00) setpoint_ned=none yaw(desired/cmd/rate)=(0.00/0.00/0.00) cross_track=0.00 frame_id=px4_ned path_points=0 odom_source=none cloud_source=none mavros_connected=false
[ego_planner_node-10] [INFO] [1786826936.095669854] [race_ego_planner]: [EGO_RECOVERY_GEOMETRY_CONFIG] search_distance=0.600 minimum_forward_progress=0.150 extra_clearance=0.060 max_reference_deviation=0.780 max_lateral_offset=0.750 lateral_offset_step=0.150
[ego_planner_node-10] [INFO] [1786826936.106790589] [race_ego_planner]: [EGO_HANDOVER_TOLERANCE] position_m=0.020 velocity_mps=0.020 acceleration_mps2=0.050
[ego_planner_node-10] [INFO] [1786826936.106894288] [race_ego_planner]: [EGO_REFERENCE_GEOMETRY_LIMIT] max_reference_deviation_m=0.800
[ego_planner_node-10] [INFO] [1786826936.108653009] [race_ego_planner]: [EGO_OCCUPANCY_SAFETY_MODEL] required_center_clearance=0.290 planning_clearance=0.340 resolution=0.150 coarse_inflation_steps=2 coarse_voxel_clearance=0.300 continuous_query=true
[ego_planner_node-10] hit: 0.619039
[ego_planner_node-10] miss: -0.619039
[ego_planner_node-10] min log: -1.99243
[ego_planner_node-10] max: 2.19722
[ego_planner_node-10] thresh log: 1.38629
[ego_planner_node-10] [INFO] [1786826936.121947287] [race_ego_planner]: [EGO_OBSTACLE_CLEARANCE_CONTRACT] required_center_clearance=0.290000000 planning_clearance=0.340000000 optimization_target_clearance=0.420000000 far_end_clearance_extra=0.060000000 far_end_target_clearance=0.480000000 collision_weight=1.200000000 valid=true
[ego_planner_node-10] [INFO] [1786826936.122043013] [race_ego_planner]: [EGO_ACTIVE_OPTIMIZATION_TERMS] smoothness=true obstacle=true feasibility=true reference=false endpoint=true smoothness_weight=1.000000 obstacle_weight=1.200000 feasibility_weight=0.400000 reference_weight=0.000000 configured_fitness_weight=1.000000 obstacle_clearance=0.420000
[race_ego_trajectory_bridge-12] [INFO] [1786826936.135561826] [race_ego_trajectory_bridge]: [EGO_STATUS] state=WAIT_ALTITUDE_REFERENCE control_enabled=true map=missing odom=missing goal=missing trajectory=missing
[ego_planner_node-10] [INFO] [1786826936.176492576] [race_ego_planner]: [EGO_CONSTRAINED_CLEARANCE_CONFIG] enabled=false normal=0.340 constrained=0.240 optimization=0.300
[ego_planner_node-10] [INFO] [1786826936.183184405] [race_ego_planner]: single drone:-1
[rviz2-13] [INFO] [1786826936.428407335] [rviz2]: Stereo is NOT SUPPORTED
[rviz2-13] [INFO] [1786826936.429461786] [rviz2]: OpenGl version: 4.6 (GLSL 4.6)
[rviz2-13] [INFO] [1786826936.470069396] [rviz2]: Stereo is NOT SUPPORTED
[offboard_waypoint_node-1] [INFO] [1786826937.008527682] [offboard_waypoint_node]: [EV_HOLD_WAIT] continuous_healthy=0.00s required=7.50s
[offboard_waypoint_node-1] [INFO] [1786826937.008925067] [offboard_waypoint_node]: [CONTROL_ARBITER] selected_source=waiting_for_ev_ground_reference state=WAITING_FOR_ODOM
[traj_server-11] [WARN] [1786826937.013502968] [race_ego_traj_server]: [Traj server]: ready.
[map_io_node-4] [INFO] [1786826937.017757129] [map_io_node]: Loaded 12236 points from /home/robot/rong_ws/ws_offboard_control/maps/main/GlobalMap_去顶端_z2.5m.pcd
[map_io_node-4] [INFO] [1786826937.018996264] [map_io_node]: Downsampled display map: 12236 -> 11417 points (leaf 0.10 m)
[map_io_node-4] [INFO] [1786826937.020040970] [map_io_node]: Published map to /saved_map (frame: map)
[super_planner_ros2_node-6] [WARN] [1786826937.022015030] [super_planner_ros2_node]: Using cloud source: /saved_map frame_id=map
[race_ego_cloud_bridge-8] [INFO] [1786826937.024722700] [race_ego_cloud_bridge]: [EGO_STATIC_MAP_READY] topic=/saved_map frame=map points=11417 fused=true
[super_planner_ros2_node-6] [INFO] [1786826937.144089686] [super_planner_ros2_node]: SUPER_ROS2 mode=NO_ODOM enable_output=false reason=NO_ODOM odom=(0.00,0.00,0.00) goal=none tracking_setpoint_enu=(0.00,0.00,0.00) setpoint_ned=none yaw(desired/cmd/rate)=(0.00/0.00/0.00) cross_track=0.00 frame_id=px4_ned path_points=0 odom_source=none cloud_source=/saved_map mavros_connected=false
[ego_planner_node-10] [FSM]: state: INIT
[ego_planner_node-10] no odom.
[ego_planner_node-10] wait for goal or trigger.
[offboard_waypoint_node-1] [INFO] [1786826938.058535299] [offboard_waypoint_node]: [EV_HOLD_WAIT] continuous_healthy=0.00s required=7.50s
[offboard_waypoint_node-1] [INFO] [1786826938.058807220] [offboard_waypoint_node]: [CONTROL_ARBITER] selected_source=waiting_for_ev_ground_reference state=WAITING_FOR_ODOM
[super_planner_ros2_node-6] [INFO] [1786826938.144140386] [super_planner_ros2_node]: SUPER_ROS2 mode=NO_ODOM enable_output=false reason=NO_ODOM odom=(0.00,0.00,0.00) goal=none tracking_setpoint_enu=(0.00,0.00,0.00) setpoint_ned=none yaw(desired/cmd/rate)=(0.00/0.00/0.00) cross_track=0.00 frame_id=px4_ned path_points=0 odom_source=none cloud_source=/saved_map mavros_connected=false
[ego_planner_node-10] [FSM]: state: INIT
[ego_planner_node-10] no odom.
[ego_planner_node-10] wait for goal or trigger.
[race_ego_cloud_bridge-8] [INFO] [1786826939.022162721] [race_ego_cloud_bridge]: [EGO_STATIC_MAP_READY] topic=/saved_map frame=map points=11417 fused=true
[offboard_waypoint_node-1] [INFO] [1786826939.108596081] [offboard_waypoint_node]: [EV_HOLD_WAIT] continuous_healthy=0.00s required=7.50s
[offboard_waypoint_node-1] [INFO] [1786826939.108918864] [offboard_waypoint_node]: [CONTROL_ARBITER] selected_source=waiting_for_ev_ground_reference state=WAITING_FOR_ODOM
[super_planner_ros2_node-6] [INFO] [1786826939.144689376] [super_planner_ros2_node]: SUPER_ROS2 mode=NO_ODOM enable_output=false reason=NO_ODOM odom=(0.00,0.00,0.00) goal=none tracking_setpoint_enu=(0.00,0.00,0.00) setpoint_ned=none yaw(desired/cmd/rate)=(0.00/0.00/0.00) cross_track=0.00 frame_id=px4_ned path_points=0 odom_source=none cloud_source=/saved_map mavros_connected=false
[ego_planner_node-10] [FSM]: state: INIT
[ego_planner_node-10] no odom.
[ego_planner_node-10] wait for goal or trigger.
[offboard_waypoint_node-1] [INFO] [1786826940.158384845] [offboard_waypoint_node]: [EV_HOLD_WAIT] continuous_healthy=0.00s required=7.50s
[offboard_waypoint_node-1] [INFO] [1786826940.158470453] [offboard_waypoint_node]: [CONTROL_ARBITER] selected_source=waiting_for_ev_ground_reference state=WAITING_FOR_ODOM
[super_planner_ros2_node-6] [INFO] [1786826940.193882523] [super_planner_ros2_node]: SUPER_ROS2 mode=NO_ODOM enable_output=false reason=NO_ODOM odom=(0.00,0.00,0.00) goal=none tracking_setpoint_enu=(0.00,0.00,0.00) setpoint_ned=none yaw(desired/cmd/rate)=(0.00/0.00/0.00) cross_track=0.00 frame_id=px4_ned path_points=0 odom_source=none cloud_source=/saved_map mavros_connected=false
[ego_planner_node-10] [FSM]: state: INIT
[ego_planner_node-10] no odom.
[ego_planner_node-10] wait for goal or trigger.
[race_ego_cloud_bridge-8] [INFO] [1786826941.022090890] [race_ego_cloud_bridge]: [EGO_STATIC_MAP_READY] topic=/saved_map frame=map points=11417 fused=true
[offboard_waypoint_node-1] [INFO] [1786826941.158876733] [offboard_waypoint_node]: [EV_HOLD_WAIT] continuous_healthy=0.00s required=7.50s
[offboard_waypoint_node-1] [INFO] [1786826941.159449999] [offboard_waypoint_node]: [CONTROL_ARBITER] selected_source=waiting_for_ev_ground_reference state=WAITING_FOR_ODOM
[super_planner_ros2_node-6] [INFO] [1786826941.193962315] [super_planner_ros2_node]: SUPER_ROS2 mode=NO_ODOM enable_output=false reason=NO_ODOM odom=(0.00,0.00,0.00) goal=none tracking_setpoint_enu=(0.00,0.00,0.00) setpoint_ned=none yaw(desired/cmd/rate)=(0.00/0.00/0.00) cross_track=0.00 frame_id=px4_ned path_points=0 odom_source=none cloud_source=/saved_map mavros_connected=false
[ego_planner_node-10] [FSM]: state: INIT
[ego_planner_node-10] no odom.
[ego_planner_node-10] wait for goal or trigger.
[offboard_waypoint_node-1] [INFO] [1786826942.159062524] [offboard_waypoint_node]: [EV_HOLD_WAIT] continuous_healthy=0.00s required=7.50s
[offboard_waypoint_node-1] [INFO] [1786826942.208633037] [offboard_waypoint_node]: [CONTROL_ARBITER] selected_source=waiting_for_ev_ground_reference state=WAITING_FOR_ODOM
[super_planner_ros2_node-6] [INFO] [1786826942.243855208] [super_planner_ros2_node]: SUPER_ROS2 mode=NO_ODOM enable_output=false reason=NO_ODOM odom=(0.00,0.00,0.00) goal=none tracking_setpoint_enu=(0.00,0.00,0.00) setpoint_ned=none yaw(desired/cmd/rate)=(0.00/0.00/0.00) cross_track=0.00 frame_id=px4_ned path_points=0 odom_source=none cloud_source=/saved_map mavros_connected=false
[ego_planner_node-10] [FSM]: state: INIT
[ego_planner_node-10] no odom.
[ego_planner_node-10] wait for goal or trigger.
[race_ego_cloud_bridge-8] [INFO] [1786826943.022589458] [race_ego_cloud_bridge]: [EGO_STATIC_MAP_READY] topic=/saved_map frame=map points=11417 fused=true
[offboard_waypoint_node-1] [INFO] [1786826943.208585612] [offboard_waypoint_node]: [EV_HOLD_WAIT] continuous_healthy=0.00s required=7.50s
[offboard_waypoint_node-1] [INFO] [1786826943.208769151] [offboard_waypoint_node]: [CONTROL_ARBITER] selected_source=waiting_for_ev_ground_reference state=WAITING_FOR_ODOM
[super_planner_ros2_node-6] [INFO] [1786826943.293772338] [super_planner_ros2_node]: SUPER_ROS2 mode=NO_ODOM enable_output=false reason=NO_ODOM odom=(0.00,0.00,0.00) goal=none tracking_setpoint_enu=(0.00,0.00,0.00) setpoint_ned=none yaw(desired/cmd/rate)=(0.00/0.00/0.00) cross_track=0.00 frame_id=px4_ned path_points=0 odom_source=none cloud_source=/saved_map mavros_connected=false
[ego_planner_node-10] [FSM]: state: INIT
[ego_planner_node-10] no odom.
[ego_planner_node-10] wait for goal or trigger.
[offboard_waypoint_node-1] [INFO] [1786826944.208705334] [offboard_waypoint_node]: [EV_HOLD_WAIT] continuous_healthy=0.00s required=7.50s
[offboard_waypoint_node-1] [INFO] [1786826944.208940223] [offboard_waypoint_node]: [CONTROL_ARBITER] selected_source=waiting_for_ev_ground_reference state=WAITING_FOR_ODOM
[super_planner_ros2_node-6] [INFO] [1786826944.294491727] [super_planner_ros2_node]: SUPER_ROS2 mode=NO_ODOM enable_output=false reason=NO_ODOM odom=(0.00,0.00,0.00) goal=none tracking_setpoint_enu=(0.00,0.00,0.00) setpoint_ned=none yaw(desired/cmd/rate)=(0.00/0.00/0.00) cross_track=0.00 frame_id=px4_ned path_points=0 odom_source=none cloud_source=/saved_map mavros_connected=false
[ego_planner_node-10] [FSM]: state: INIT
[ego_planner_node-10] no odom.
[ego_planner_node-10] wait for goal or trigger.
[race_ego_cloud_bridge-8] [INFO] [1786826945.023105610] [race_ego_cloud_bridge]: [EGO_STATIC_MAP_READY] topic=/saved_map frame=map points=11417 fused=true
[offboard_waypoint_node-1] [INFO] [1786826945.210050403] [offboard_waypoint_node]: [EV_HOLD_WAIT] continuous_healthy=0.00s required=7.50s
[offboard_waypoint_node-1] [INFO] [1786826945.210307806] [offboard_waypoint_node]: [CONTROL_ARBITER] selected_source=waiting_for_ev_ground_reference state=WAITING_FOR_ODOM
[super_planner_ros2_node-6] [INFO] [1786826945.344713031] [super_planner_ros2_node]: SUPER_ROS2 mode=NO_ODOM enable_output=false reason=NO_ODOM odom=(0.00,0.00,0.00) goal=none tracking_setpoint_enu=(0.00,0.00,0.00) setpoint_ned=none yaw(desired/cmd/rate)=(0.00/0.00/0.00) cross_track=0.00 frame_id=px4_ned path_points=0 odom_source=none cloud_source=/saved_map mavros_connected=false
[ego_planner_node-10] [FSM]: state: INIT
[ego_planner_node-10] no odom.
[ego_planner_node-10] wait for goal or trigger.
[offboard_waypoint_node-1] [INFO] [1786826946.258828348] [offboard_waypoint_node]: [EV_HOLD_WAIT] continuous_healthy=0.00s required=7.50s
[offboard_waypoint_node-1] [INFO] [1786826946.259038593] [offboard_waypoint_node]: [CONTROL_ARBITER] selected_source=waiting_for_ev_ground_reference state=WAITING_FOR_ODOM
[super_planner_ros2_node-6] [INFO] [1786826946.393906550] [super_planner_ros2_node]: SUPER_ROS2 mode=NO_ODOM enable_output=false reason=NO_ODOM odom=(0.00,0.00,0.00) goal=none tracking_setpoint_enu=(0.00,0.00,0.00) setpoint_ned=none yaw(desired/cmd/rate)=(0.00/0.00/0.00) cross_track=0.00 frame_id=px4_ned path_points=0 odom_source=none cloud_source=/saved_map mavros_connected=false
[ego_planner_node-10] [FSM]: state: INIT
[ego_planner_node-10] no odom.
[ego_planner_node-10] wait for goal or trigger.
[race_ego_cloud_bridge-8] [INFO] [1786826947.022602853] [race_ego_cloud_bridge]: [EGO_STATIC_MAP_READY] topic=/saved_map frame=map points=11417 fused=true
[offboard_waypoint_node-1] [INFO] [1786826947.259273023] [offboard_waypoint_node]: [EV_HOLD_WAIT] continuous_healthy=0.00s required=7.50s
[offboard_waypoint_node-1] [INFO] [1786826947.259985762] [offboard_waypoint_node]: [CONTROL_ARBITER] selected_source=waiting_for_ev_ground_reference state=WAITING_FOR_ODOM
[super_planner_ros2_node-6] [INFO] [1786826947.394546218] [super_planner_ros2_node]: SUPER_ROS2 mode=NO_ODOM enable_output=false reason=NO_ODOM odom=(0.00,0.00,0.00) goal=none tracking_setpoint_enu=(0.00,0.00,0.00) setpoint_ned=none yaw(desired/cmd/rate)=(0.00/0.00/0.00) cross_track=0.00 frame_id=px4_ned path_points=0 odom_source=none cloud_source=/saved_map mavros_connected=false
[ego_planner_node-10] [FSM]: state: INIT
[ego_planner_node-10] no odom.
[ego_planner_node-10] wait for goal or trigger.
[offboard_waypoint_node-1] [INFO] [1786826948.308979805] [offboard_waypoint_node]: [EV_HOLD_WAIT] continuous_healthy=0.00s required=7.50s
[offboard_waypoint_node-1] [INFO] [1786826948.309319521] [offboard_waypoint_node]: [CONTROL_ARBITER] selected_source=waiting_for_ev_ground_reference state=WAITING_FOR_ODOM
[super_planner_ros2_node-6] [INFO] [1786826948.444361057] [super_planner_ros2_node]: SUPER_ROS2 mode=NO_ODOM enable_output=false reason=NO_ODOM odom=(0.00,0.00,0.00) goal=none tracking_setpoint_enu=(0.00,0.00,0.00) setpoint_ned=none yaw(desired/cmd/rate)=(0.00/0.00/0.00) cross_track=0.00 frame_id=px4_ned path_points=0 odom_source=none cloud_source=/saved_map mavros_connected=false
[ego_planner_node-10] [FSM]: state: INIT
[ego_planner_node-10] no odom.
[ego_planner_node-10] wait for goal or trigger.
[race_ego_cloud_bridge-8] [INFO] [1786826949.024440165] [race_ego_cloud_bridge]: [EGO_STATIC_MAP_READY] topic=/saved_map frame=map points=11417 fused=true
[offboard_waypoint_node-1] [INFO] [1786826949.358964233] [offboard_waypoint_node]: [EV_HOLD_WAIT] continuous_healthy=0.00s required=7.50s
[offboard_waypoint_node-1] [INFO] [1786826949.359182095] [offboard_waypoint_node]: [CONTROL_ARBITER] selected_source=waiting_for_ev_ground_reference state=WAITING_FOR_ODOM
[super_planner_ros2_node-6] [INFO] [1786826949.445550803] [super_planner_ros2_node]: SUPER_ROS2 mode=NO_ODOM enable_output=false reason=NO_ODOM odom=(0.00,0.00,0.00) goal=none tracking_setpoint_enu=(0.00,0.00,0.00) setpoint_ned=none yaw(desired/cmd/rate)=(0.00/0.00/0.00) cross_track=0.00 frame_id=px4_ned path_points=0 odom_source=none cloud_source=/saved_map mavros_connected=false
[ego_planner_node-10] [FSM]: state: INIT
[ego_planner_node-10] no odom.
[ego_planner_node-10] wait for goal or trigger.
[offboard_waypoint_node-1] [INFO] [1786826950.359234641] [offboard_waypoint_node]: [EV_HOLD_WAIT] continuous_healthy=0.00s required=7.50s
[offboard_waypoint_node-1] [INFO] [1786826950.359648266] [offboard_waypoint_node]: [CONTROL_ARBITER] selected_source=waiting_for_ev_ground_reference state=WAITING_FOR_ODOM
[super_planner_ros2_node-6] [INFO] [1786826950.494207687] [super_planner_ros2_node]: SUPER_ROS2 mode=NO_ODOM enable_output=false reason=NO_ODOM odom=(0.00,0.00,0.00) goal=none tracking_setpoint_enu=(0.00,0.00,0.00) setpoint_ned=none yaw(desired/cmd/rate)=(0.00/0.00/0.00) cross_track=0.00 frame_id=px4_ned path_points=0 odom_source=none cloud_source=/saved_map mavros_connected=false
[ego_planner_node-10] [FSM]: state: INIT
[ego_planner_node-10] no odom.
[ego_planner_node-10] wait for goal or trigger.
[race_ego_cloud_bridge-8] [ERROR] [1786826950.703796649] [race_ego_cloud_bridge]: PX4_POSE_MISSING topic=/race/pose
[race_ego_cloud_bridge-8] [INFO] [1786826951.024422266] [race_ego_cloud_bridge]: [EGO_STATIC_MAP_READY] topic=/saved_map frame=map points=11417 fused=true
[offboard_waypoint_node-1] [INFO] [1786826951.408973600] [offboard_waypoint_node]: [EV_HOLD_WAIT] continuous_healthy=0.00s required=7.50s
[offboard_waypoint_node-1] [INFO] [1786826951.409106703] [offboard_waypoint_node]: [CONTROL_ARBITER] selected_source=waiting_for_ev_ground_reference state=WAITING_FOR_ODOM
[super_planner_ros2_node-6] [INFO] [1786826951.494221495] [super_planner_ros2_node]: SUPER_ROS2 mode=NO_ODOM enable_output=false reason=NO_ODOM odom=(0.00,0.00,0.00) goal=none tracking_setpoint_enu=(0.00,0.00,0.00) setpoint_ned=none yaw(desired/cmd/rate)=(0.00/0.00/0.00) cross_track=0.00 frame_id=px4_ned path_points=0 odom_source=none cloud_source=/saved_map mavros_connected=false
[ego_planner_node-10] [FSM]: state: INIT
[ego_planner_node-10] no odom.
[ego_planner_node-10] wait for goal or trigger.
[race_ego_cloud_bridge-8] [ERROR] [1786826951.705237543] [race_ego_cloud_bridge]: PX4_POSE_MISSING topic=/race/pose
[rviz2-13] [INFO] [1786826951.746785388] [rviz2]: Message Filter dropping message: frame 'odom' at time 1786826950.680 for reason 'discarding message because the queue is full'
[offboard_waypoint_node-1] [INFO] [1786826952.409081169] [offboard_waypoint_node]: [EV_HOLD_WAIT] continuous_healthy=0.00s required=7.50s
[offboard_waypoint_node-1] [INFO] [1786826952.409202489] [offboard_waypoint_node]: [CONTROL_ARBITER] selected_source=waiting_for_ev_ground_reference state=WAITING_FOR_ODOM
[super_planner_ros2_node-6] [INFO] [1786826952.494448009] [super_planner_ros2_node]: SUPER_ROS2 mode=NO_ODOM enable_output=false reason=NO_ODOM odom=(0.00,0.00,0.00) goal=none tracking_setpoint_enu=(0.00,0.00,0.00) setpoint_ned=none yaw(desired/cmd/rate)=(0.00/0.00/0.00) cross_track=0.00 frame_id=px4_ned path_points=0 odom_source=none cloud_source=/saved_map mavros_connected=false
[ego_planner_node-10] [FSM]: state: INIT
[ego_planner_node-10] no odom.
[ego_planner_node-10] wait for goal or trigger.
[race_ego_cloud_bridge-8] [ERROR] [1786826952.805185203] [race_ego_cloud_bridge]: PX4_POSE_MISSING topic=/race/pose
[race_ego_cloud_bridge-8] [INFO] [1786826953.022072428] [race_ego_cloud_bridge]: [EGO_STATIC_MAP_READY] topic=/saved_map frame=map points=11417 fused=true
[offboard_waypoint_node-1] [INFO] [1786826953.409350221] [offboard_waypoint_node]: [EV_HOLD_WAIT] continuous_healthy=0.00s required=7.50s
[offboard_waypoint_node-1] [INFO] [1786826953.409716882] [offboard_waypoint_node]: [CONTROL_ARBITER] selected_source=waiting_for_ev_ground_reference state=WAITING_FOR_ODOM
[super_planner_ros2_node-6] [INFO] [1786826953.544548652] [super_planner_ros2_node]: SUPER_ROS2 mode=NO_ODOM enable_output=false reason=NO_ODOM odom=(0.00,0.00,0.00) goal=none tracking_setpoint_enu=(0.00,0.00,0.00) setpoint_ned=none yaw(desired/cmd/rate)=(0.00/0.00/0.00) cross_track=0.00 frame_id=px4_ned path_points=0 odom_source=none cloud_source=/saved_map mavros_connected=false
[ego_planner_node-10] [FSM]: state: INIT
[ego_planner_node-10] no odom.
[ego_planner_node-10] wait for goal or trigger.
[race_ego_cloud_bridge-8] [ERROR] [1786826953.812685712] [race_ego_cloud_bridge]: PX4_POSE_MISSING topic=/race/pose
[rviz2-13] [INFO] [1786826954.372365146] [rviz2]: Message Filter dropping message: frame 'odom' at time 1786826953.280 for reason 'discarding message because the queue is full'
[offboard_waypoint_node-1] [INFO] [1786826954.459135539] [offboard_waypoint_node]: [EV_HOLD_WAIT] continuous_healthy=0.00s required=7.50s
[offboard_waypoint_node-1] [INFO] [1786826954.459309477] [offboard_waypoint_node]: [CONTROL_ARBITER] selected_source=waiting_for_ev_ground_reference state=WAITING_FOR_ODOM
[super_planner_ros2_node-6] [INFO] [1786826954.594412277] [super_planner_ros2_node]: SUPER_ROS2 mode=NO_ODOM enable_output=false reason=NO_ODOM odom=(0.00,0.00,0.00) goal=none tracking_setpoint_enu=(0.00,0.00,0.00) setpoint_ned=none yaw(desired/cmd/rate)=(0.00/0.00/0.00) cross_track=0.00 frame_id=px4_ned path_points=0 odom_source=none cloud_source=/saved_map mavros_connected=false
[ego_planner_node-10] [FSM]: state: INIT
[ego_planner_node-10] no odom.
[ego_planner_node-10] wait for goal or trigger.
[race_ego_cloud_bridge-8] [ERROR] [1786826954.903748556] [race_ego_cloud_bridge]: PX4_POSE_MISSING topic=/race/pose
[race_ego_cloud_bridge-8] [INFO] [1786826955.024117901] [race_ego_cloud_bridge]: [EGO_STATIC_MAP_READY] topic=/saved_map frame=map points=11417 fused=true
[offboard_waypoint_node-1] [INFO] [1786826955.459207752] [offboard_waypoint_node]: [EV_HOLD_WAIT] continuous_healthy=0.00s required=7.50s
[offboard_waypoint_node-1] [INFO] [1786826955.459469325] [offboard_waypoint_node]: [CONTROL_ARBITER] selected_source=waiting_for_ev_ground_reference state=WAITING_FOR_ODOM
[super_planner_ros2_node-6] [INFO] [1786826955.594861533] [super_planner_ros2_node]: SUPER_ROS2 mode=NO_ODOM enable_output=false reason=NO_ODOM odom=(0.00,0.00,0.00) goal=none tracking_setpoint_enu=(0.00,0.00,0.00) setpoint_ned=none yaw(desired/cmd/rate)=(0.00/0.00/0.00) cross_track=0.00 frame_id=px4_ned path_points=0 odom_source=none cloud_source=/saved_map mavros_connected=false
[ego_planner_node-10] [FSM]: state: INIT
[ego_planner_node-10] no odom.
[ego_planner_node-10] wait for goal or trigger.
[race_ego_cloud_bridge-8] [ERROR] [1786826955.910205291] [race_ego_cloud_bridge]: PX4_POSE_MISSING topic=/race/pose
[offboard_waypoint_node-1] [INFO] [1786826956.459272245] [offboard_waypoint_node]: [EV_HOLD_WAIT] continuous_healthy=0.00s required=7.50s
[offboard_waypoint_node-1] [INFO] [1786826956.509349173] [offboard_waypoint_node]: [CONTROL_ARBITER] selected_source=waiting_for_ev_ground_reference state=WAITING_FOR_ODOM
[super_planner_ros2_node-6] [INFO] [1786826956.644869621] [super_planner_ros2_node]: SUPER_ROS2 mode=NO_ODOM enable_output=false reason=NO_ODOM odom=(0.00,0.00,0.00) goal=none tracking_setpoint_enu=(0.00,0.00,0.00) setpoint_ned=none yaw(desired/cmd/rate)=(0.00/0.00/0.00) cross_track=0.00 frame_id=px4_ned path_points=0 odom_source=none cloud_source=/saved_map mavros_connected=false
[ego_planner_node-10] [FSM]: state: INIT
[ego_planner_node-10] no odom.
[ego_planner_node-10] wait for goal or trigger.
[rviz2-13] [INFO] [1786826956.929713053] [rviz2]: Message Filter dropping message: frame 'odom' at time 1786826955.880 for reason 'discarding message because the queue is full'
[race_ego_cloud_bridge-8] [ERROR] [1786826957.009694998] [race_ego_cloud_bridge]: PX4_POSE_MISSING topic=/race/pose
[race_ego_cloud_bridge-8] [INFO] [1786826957.023049589] [race_ego_cloud_bridge]: [EGO_STATIC_MAP_READY] topic=/saved_map frame=map points=11417 fused=true
[offboard_waypoint_node-1] [INFO] [1786826957.459288526] [offboard_waypoint_node]: [EV_HOLD_WAIT] continuous_healthy=0.00s required=7.50s
[offboard_waypoint_node-1] [INFO] [1786826957.509672824] [offboard_waypoint_node]: [CONTROL_ARBITER] selected_source=waiting_for_ev_ground_reference state=WAITING_FOR_ODOM
[super_planner_ros2_node-6] [INFO] [1786826957.694856768] [super_planner_ros2_node]: SUPER_ROS2 mode=NO_ODOM enable_output=false reason=NO_ODOM odom=(0.00,0.00,0.00) goal=none tracking_setpoint_enu=(0.00,0.00,0.00) setpoint_ned=none yaw(desired/cmd/rate)=(0.00/0.00/0.00) cross_track=0.00 frame_id=px4_ned path_points=0 odom_source=none cloud_source=/saved_map mavros_connected=false
[ego_planner_node-10] [FSM]: state: INIT
[ego_planner_node-10] no odom.
[ego_planner_node-10] wait for goal or trigger.
[race_ego_cloud_bridge-8] [ERROR] [1786826958.104404171] [race_ego_cloud_bridge]: PX4_POSE_MISSING topic=/race/pose
[offboard_waypoint_node-1] [INFO] [1786826958.459457028] [offboard_waypoint_node]: [EV_HOLD_WAIT] continuous_healthy=0.00s required=7.50s
[offboard_waypoint_node-1] [INFO] [1786826958.559381426] [offboard_waypoint_node]: [CONTROL_ARBITER] selected_source=waiting_for_ev_ground_reference state=WAITING_FOR_ODOM
[super_planner_ros2_node-6] [INFO] [1786826958.744482007] [super_planner_ros2_node]: SUPER_ROS2 mode=NO_ODOM enable_output=false reason=NO_ODOM odom=(0.00,0.00,0.00) goal=none tracking_setpoint_enu=(0.00,0.00,0.00) setpoint_ned=none yaw(desired/cmd/rate)=(0.00/0.00/0.00) cross_track=0.00 frame_id=px4_ned path_points=0 odom_source=none cloud_source=/saved_map mavros_connected=false
[ego_planner_node-10] [FSM]: state: INIT
[ego_planner_node-10] no odom.
[ego_planner_node-10] wait for goal or trigger.
[race_ego_cloud_bridge-8] [INFO] [1786826959.022898648] [race_ego_cloud_bridge]: [EGO_STATIC_MAP_READY] topic=/saved_map frame=map points=11417 fused=true
[race_ego_cloud_bridge-8] [ERROR] [1786826959.209107568] [race_ego_cloud_bridge]: PX4_POSE_MISSING topic=/race/pose
[offboard_waypoint_node-1] [INFO] [1786826959.459527441] [offboard_waypoint_node]: [EV_HOLD_WAIT] continuous_healthy=0.00s required=7.50s
[rviz2-13] [INFO] [1786826959.553653273] [rviz2]: Message Filter dropping message: frame 'odom' at time 1786826958.480 for reason 'discarding message because the queue is full'
[offboard_waypoint_node-1] [INFO] [1786826959.559602350] [offboard_waypoint_node]: [CONTROL_ARBITER] selected_source=waiting_for_ev_ground_reference state=WAITING_FOR_ODOM
[super_planner_ros2_node-6] [INFO] [1786826959.744794330] [super_planner_ros2_node]: SUPER_ROS2 mode=NO_ODOM enable_output=false reason=NO_ODOM odom=(0.00,0.00,0.00) goal=none tracking_setpoint_enu=(0.00,0.00,0.00) setpoint_ned=none yaw(desired/cmd/rate)=(0.00/0.00/0.00) cross_track=0.00 frame_id=px4_ned path_points=0 odom_source=none cloud_source=/saved_map mavros_connected=false
[ego_planner_node-10] [FSM]: state: INIT
[ego_planner_node-10] no odom.
[ego_planner_node-10] wait for goal or trigger.
[race_ego_cloud_bridge-8] [ERROR] [1786826960.300526904] [race_ego_cloud_bridge]: PX4_POSE_MISSING topic=/race/pose
[offboard_waypoint_node-1] [INFO] [1786826960.459562834] [offboard_waypoint_node]: [EV_HOLD_WAIT] continuous_healthy=0.00s required=7.50s
[offboard_waypoint_node-1] [INFO] [1786826960.609534570] [offboard_waypoint_node]: [CONTROL_ARBITER] selected_source=waiting_for_ev_ground_reference state=WAITING_FOR_ODOM
[super_planner_ros2_node-6] [INFO] [1786826960.794834899] [super_planner_ros2_node]: SUPER_ROS2 mode=NO_ODOM enable_output=false reason=NO_ODOM odom=(0.00,0.00,0.00) goal=none tracking_setpoint_enu=(0.00,0.00,0.00) setpoint_ned=none yaw(desired/cmd/rate)=(0.00/0.00/0.00) cross_track=0.00 frame_id=px4_ned path_points=0 odom_source=none cloud_source=/saved_map mavros_connected=false
[ego_planner_node-10] [FSM]: state: INIT
[ego_planner_node-10] no odom.
[ego_planner_node-10] wait for goal or trigger.
[race_ego_cloud_bridge-8] [INFO] [1786826961.023798504] [race_ego_cloud_bridge]: [EGO_STATIC_MAP_READY] topic=/saved_map frame=map points=11417 fused=true
[race_ego_cloud_bridge-8] [ERROR] [1786826961.303474259] [race_ego_cloud_bridge]: PX4_POSE_MISSING topic=/race/pose
[offboard_waypoint_node-1] [INFO] [1786826961.459646557] [offboard_waypoint_node]: [EV_HOLD_WAIT] continuous_healthy=0.00s required=7.50s
[offboard_waypoint_node-1] [INFO] [1786826961.612701589] [offboard_waypoint_node]: [CONTROL_ARBITER] selected_source=waiting_for_ev_ground_reference state=WAITING_FOR_ODOM
[super_planner_ros2_node-6] [INFO] [1786826961.794847848] [super_planner_ros2_node]: SUPER_ROS2 mode=NO_ODOM enable_output=false reason=NO_ODOM odom=(0.00,0.00,0.00) goal=none tracking_setpoint_enu=(0.00,0.00,0.00) setpoint_ned=none yaw(desired/cmd/rate)=(0.00/0.00/0.00) cross_track=0.00 frame_id=px4_ned path_points=0 odom_source=none cloud_source=/saved_map mavros_connected=false
[ego_planner_node-10] [FSM]: state: INIT
[ego_planner_node-10] no odom.
[ego_planner_node-10] wait for goal or trigger.
[rviz2-13] [INFO] [1786826962.114277907] [rviz2]: Message Filter dropping message: frame 'odom' at time 1786826961.080 for reason 'discarding message because the queue is full'
[race_ego_cloud_bridge-8] [ERROR] [1786826962.304589168] [race_ego_cloud_bridge]: PX4_POSE_MISSING topic=/race/pose
[offboard_waypoint_node-1] [INFO] [1786826962.459763892] [offboard_waypoint_node]: [EV_HOLD_WAIT] continuous_healthy=0.00s required=7.50s
[offboard_waypoint_node-1] [INFO] [1786826962.659666159] [offboard_waypoint_node]: [CONTROL_ARBITER] selected_source=waiting_for_ev_ground_reference state=WAITING_FOR_ODOM
[super_planner_ros2_node-6] [INFO] [1786826962.795103741] [super_planner_ros2_node]: SUPER_ROS2 mode=NO_ODOM enable_output=false reason=NO_ODOM odom=(0.00,0.00,0.00) goal=none tracking_setpoint_enu=(0.00,0.00,0.00) setpoint_ned=none yaw(desired/cmd/rate)=(0.00/0.00/0.00) cross_track=0.00 frame_id=px4_ned path_points=0 odom_source=none cloud_source=/saved_map mavros_connected=false
[ego_planner_node-10] [FSM]: state: INIT
[ego_planner_node-10] no odom.
[ego_planner_node-10] wait for goal or trigger.
[race_ego_cloud_bridge-8] [INFO] [1786826963.024456321] [race_ego_cloud_bridge]: [EGO_STATIC_MAP_READY] topic=/saved_map frame=map points=11417 fused=true
[race_ego_cloud_bridge-8] [ERROR] [1786826963.406642603] [race_ego_cloud_bridge]: PX4_POSE_MISSING topic=/race/pose
[offboard_waypoint_node-1] [INFO] [1786826963.509585488] [offboard_waypoint_node]: [EV_HOLD_WAIT] continuous_healthy=0.00s required=7.50s
[offboard_waypoint_node-1] [INFO] [1786826963.710840689] [offboard_waypoint_node]: [CONTROL_ARBITER] selected_source=waiting_for_ev_ground_reference state=WAITING_FOR_ODOM
[super_planner_ros2_node-6] [INFO] [1786826963.795128598] [super_planner_ros2_node]: SUPER_ROS2 mode=NO_ODOM enable_output=false reason=NO_ODOM odom=(0.00,0.00,0.00) goal=none tracking_setpoint_enu=(0.00,0.00,0.00) setpoint_ned=none yaw(desired/cmd/rate)=(0.00/0.00/0.00) cross_track=0.00 frame_id=px4_ned path_points=0 odom_source=none cloud_source=/saved_map mavros_connected=false
[ego_planner_node-10] [FSM]: state: INIT
[ego_planner_node-10] no odom.
[ego_planner_node-10] wait for goal or trigger.
[race_ego_cloud_bridge-8] [ERROR] [1786826964.503452087] [race_ego_cloud_bridge]: PX4_POSE_MISSING topic=/race/pose
[offboard_waypoint_node-1] [INFO] [1786826964.509615160] [offboard_waypoint_node]: [EV_HOLD_WAIT] continuous_healthy=0.00s required=7.50s
[rviz2-13] [INFO] [1786826964.739105606] [rviz2]: Message Filter dropping message: frame 'odom' at time 1786826963.680 for reason 'discarding message because the queue is full'
[offboard_waypoint_node-1] [INFO] [1786826964.759593643] [offboard_waypoint_node]: [CONTROL_ARBITER] selected_source=waiting_for_ev_ground_reference state=WAITING_FOR_ODOM
[super_planner_ros2_node-6] [INFO] [1786826964.845422000] [super_planner_ros2_node]: SUPER_ROS2 mode=NO_ODOM enable_output=false reason=NO_ODOM odom=(0.00,0.00,0.00) goal=none tracking_setpoint_enu=(0.00,0.00,0.00) setpoint_ned=none yaw(desired/cmd/rate)=(0.00/0.00/0.00) cross_track=0.00 frame_id=px4_ned path_points=0 odom_source=none cloud_source=/saved_map mavros_connected=false
[ego_planner_node-10] [FSM]: state: INIT
[ego_planner_node-10] no odom.
[ego_planner_node-10] wait for goal or trigger.
[race_ego_cloud_bridge-8] [INFO] [1786826965.026085439] [race_ego_cloud_bridge]: [EGO_STATIC_MAP_READY] topic=/saved_map frame=map points=11417 fused=true
[race_ego_cloud_bridge-8] [ERROR] [1786826965.508601308] [race_ego_cloud_bridge]: PX4_POSE_MISSING topic=/race/pose
[offboard_waypoint_node-1] [INFO] [1786826965.509865150] [offboard_waypoint_node]: [EV_HOLD_WAIT] continuous_healthy=0.00s required=7.50s
[offboard_waypoint_node-1] [INFO] [1786826965.760063036] [offboard_waypoint_node]: [CONTROL_ARBITER] selected_source=waiting_for_ev_ground_reference state=WAITING_FOR_ODOM
[super_planner_ros2_node-6] [INFO] [1786826965.895115904] [super_planner_ros2_node]: SUPER_ROS2 mode=NO_ODOM enable_output=false reason=NO_ODOM odom=(0.00,0.00,0.00) goal=none tracking_setpoint_enu=(0.00,0.00,0.00) setpoint_ned=none yaw(desired/cmd/rate)=(0.00/0.00/0.00) cross_track=0.00 frame_id=px4_ned path_points=0 odom_source=none cloud_source=/saved_map mavros_connected=false
[super_planner_ros2_node-6] [WARN] [1786826965.936283116] [super_planner_ros2_node]: Using odom source: /race/odom odom_input_frame=map planner_map=(0.32, -2.50, -0.07) current_yaw_ned=-1.884
[ego_planner_node-10] [FSM]: from INIT to WAIT_TARGET
[ego_planner_node-10] [FSM]: state: WAIT_TARGET
[ego_planner_node-10] wait for goal or trigger.
[fastlio_bridge_node-2] [INFO] [1786826966.001504578] [fastlio_bridge_node]: 已桥接并转换里程计: ENU(0.32, -2.50, -0.07) -> NED(-2.50, 0.32, 0.07)
[fastlio_bridge_node-2] [INFO] [1786826966.008440439] [fastlio_bridge_node]: 已桥接并转换里程计: ENU(0.32, -2.50, -0.07) -> NED(-2.50, 0.32, 0.07)
[race_ego_cloud_bridge-8] [INFO] [1786826966.008546898] [race_ego_cloud_bridge]: [EGO_MAP_PX4_PROJECTION] input_frame=body output_frame=map pose_topic=/race/pose max_pose_age=0.300s min_range=0.20m
[mapping_manager_node-5] [INFO] [1786826966.010676488] [mapping_manager_node]: Mapping status: in_flight=false, map_loaded=false, map_saved=false
[race_ego_cloud_bridge-8] [INFO] [1786826966.011282211] [race_ego_cloud_bridge]: [EGO_MAP_FUSION] static_points=11417 live_raw_points=2989 confirmed_live_voxels=0 min_observations=2 memory_sec=1.00 fused_points=11417
[fastlio_bridge_node-2] [INFO] [1786826966.011467649] [fastlio_bridge_node]: 已桥接并转换里程计: ENU(0.32, -2.50, -0.07) -> NED(-2.50, 0.32, 0.07)
[race_ego_cloud_bridge-8] [INFO] [1786826966.013096219] [race_ego_cloud_bridge]: [EGO_MAP_INPUT] topic=/race/ego/cloud frame=map points=11417 source=static_live_px4 refresh_period=0.00s
[fastlio_bridge_node-2] [INFO] [1786826966.017500080] [fastlio_bridge_node]: 已桥接并转换里程计: ENU(0.32, -2.50, -0.07) -> NED(-2.50, 0.32, 0.07)
[race_ego_trajectory_bridge-12] [INFO] [1786826966.017487080] [race_ego_trajectory_bridge]: [EGO_OCCUPANCY_MAP] topic=/race/ego/cloud frame=map raw_points=11417 map_age=0.005
[ego_planner_node-10] [INFO] [1786826966.019162651] [race_ego_planner]: [EGO_OCCUPANCY_UPDATE] input_topic=grid_map/cloud input_frame=map occupancy_frame=map cloud_points=11417 local_points=7282 occupied_voxels=24779 camera=(0.322,-2.501,-0.075) local_index_bounds=[(47,30,0),(117,111,8)]
[fastlio_bridge_node-2] [INFO] [1786826966.022577148] [fastlio_bridge_node]: 已桥接并转换里程计: ENU(0.32, -2.50, -0.07) -> NED(-2.50, 0.32, 0.07)
[fastlio_bridge_node-2] [INFO] [1786826966.029442755] [fastlio_bridge_node]: 已桥接并转换里程计: ENU(0.32, -2.50, -0.07) -> NED(-2.50, 0.32, 0.07)
[fastlio_bridge_node-2] [INFO] [1786826966.033689674] [fastlio_bridge_node]: 已桥接并转换里程计: ENU(0.32, -2.50, -0.07) -> NED(-2.50, 0.32, 0.07)
[fastlio_bridge_node-2] [INFO] [1786826966.038802320] [fastlio_bridge_node]: 已桥接并转换里程计: ENU(0.32, -2.50, -0.07) -> NED(-2.50, 0.32, 0.07)
[fastlio_bridge_node-2] [INFO] [1786826966.040805922] [fastlio_bridge_node]: 已桥接并转换里程计: ENU(0.32, -2.50, -0.07) -> NED(-2.50, 0.32, 0.07)
[fastlio_bridge_node-2] [INFO] [1786826966.051561912] [fastlio_bridge_node]: 已桥接并转换里程计: ENU(0.32, -2.50, -0.07) -> NED(-2.50, 0.32, 0.07)
[fastlio_bridge_node-2] [INFO] [1786826966.053470474] [fastlio_bridge_node]: 已桥接并转换里程计: ENU(0.32, -2.50, -0.07) -> NED(-2.50, 0.32, 0.07)
[fastlio_bridge_node-2] [INFO] [1786826966.056338975] [fastlio_bridge_node]: 已桥接并转换里程计: ENU(0.32, -2.50, -0.07) -> NED(-2.50, 0.32, 0.07)
[fastlio_bridge_node-2] [INFO] [1786826966.065365163] [fastlio_bridge_node]: 已桥接并转换里程计: ENU(0.32, -2.50, -0.07) -> NED(-2.50, 0.32, 0.07)
[fastlio_bridge_node-2] [INFO] [1786826966.071252696] [fastlio_bridge_node]: 已桥接并转换里程计: ENU(0.32, -2.50, -0.07) -> NED(-2.50, 0.32, 0.07)
[fastlio_bridge_node-2] [INFO] [1786826966.073179530] [fastlio_bridge_node]: 已桥接并转换里程计: ENU(0.32, -2.50, -0.07) -> NED(-2.50, 0.32, 0.07)
[fastlio_bridge_node-2] [INFO] [1786826966.077337331] [fastlio_bridge_node]: 已桥接并转换里程计: ENU(0.32, -2.50, -0.07) -> NED(-2.50, 0.32, 0.07)
[fastlio_bridge_node-2] [INFO] [1786826966.080484156] [fastlio_bridge_node]: 已桥接并转换里程计: ENU(0.32, -2.50, -0.07) -> NED(-2.50, 0.32, 0.07)
[fastlio_bridge_node-2] [INFO] [1786826966.089215475] [fastlio_bridge_node]: 已桥接并转换里程计: ENU(0.32, -2.50, -0.07) -> NED(-2.50, 0.32, 0.07)
[fastlio_bridge_node-2] [INFO] [1786826966.090698121] [fastlio_bridge_node]: 已桥接并转换里程计: ENU(0.32, -2.50, -0.07) -> NED(-2.50, 0.32, 0.07)
[fastlio_bridge_node-2] [INFO] [1786826966.099145325] [fastlio_bridge_node]: 已桥接并转换里程计: ENU(0.32, -2.50, -0.07) -> NED(-2.50, 0.32, 0.07)
[offboard_waypoint_node-1] [INFO] [1786826966.559869017] [offboard_waypoint_node]: [EV_HOLD_WAIT] continuous_healthy=0.00s required=7.50s
[offboard_waypoint_node-1] [INFO] [1786826966.809872252] [offboard_waypoint_node]: [CONTROL_ARBITER] selected_source=waiting_for_ev_ground_reference state=WAITING_FOR_ODOM
[super_planner_ros2_node-6] [INFO] [1786826966.945099079] [super_planner_ros2_node]: SUPER_ROS2 mode=IDLE enable_output=false reason=WAIT_ALTITUDE_REFERENCE odom=(0.32,-2.50,-0.08) goal=none tracking_setpoint_enu=(0.32,-2.50,-0.08) setpoint_ned=none yaw(desired/cmd/rate)=(0.00/0.00/0.00) cross_track=0.00 frame_id=px4_ned path_points=0 odom_source=/race/odom cloud_source=/saved_map mavros_connected=false
[race_ego_cloud_bridge-8] [INFO] [1786826967.027962156] [race_ego_cloud_bridge]: [EGO_STATIC_MAP_READY] topic=/saved_map frame=map points=11417 fused=true
[ego_planner_node-10] [FSM]: state: WAIT_TARGET
[ego_planner_node-10] wait for goal or trigger.
[rviz2-13] [INFO] [1786826967.365101172] [rviz2]: Message Filter dropping message: frame 'odom' at time 1786826966.280 for reason 'discarding message because the queue is full'
[offboard_waypoint_node-1] [INFO] [1786826967.559962060] [offboard_waypoint_node]: [EV_HOLD_WAIT] continuous_healthy=0.00s required=7.50s
[offboard_waypoint_node-1] [INFO] [1786826967.810049230] [offboard_waypoint_node]: [CONTROL_ARBITER] selected_source=waiting_for_ev_ground_reference state=WAITING_FOR_ODOM
[super_planner_ros2_node-6] [INFO] [1786826967.946560908] [super_planner_ros2_node]: SUPER_ROS2 mode=IDLE enable_output=false reason=WAIT_ALTITUDE_REFERENCE odom=(0.32,-2.50,-0.07) goal=none tracking_setpoint_enu=(0.32,-2.50,-0.07) setpoint_ned=none yaw(desired/cmd/rate)=(0.00/0.00/0.00) cross_track=0.00 frame_id=px4_ned path_points=0 odom_source=/race/odom cloud_source=/saved_map mavros_connected=false
[fastlio_bridge_node-2] [INFO] [1786826968.001665234] [fastlio_bridge_node]: 已桥接并转换里程计: ENU(0.32, -2.50, -0.07) -> NED(-2.50, 0.32, 0.07)
[fastlio_bridge_node-2] [INFO] [1786826968.007830335] [fastlio_bridge_node]: 已桥接并转换里程计: ENU(0.32, -2.50, -0.07) -> NED(-2.50, 0.32, 0.07)
[fastlio_bridge_node-2] [INFO] [1786826968.013464015] [fastlio_bridge_node]: 已桥接并转换里程计: ENU(0.32, -2.50, -0.07) -> NED(-2.50, 0.32, 0.07)
[fastlio_bridge_node-2] [INFO] [1786826968.018642582] [fastlio_bridge_node]: 已桥接并转换里程计: ENU(0.32, -2.50, -0.07) -> NED(-2.50, 0.32, 0.07)
[fastlio_bridge_node-2] [INFO] [1786826968.025207416] [fastlio_bridge_node]: 已桥接并转换里程计: ENU(0.32, -2.50, -0.07) -> NED(-2.50, 0.32, 0.07)
[race_ego_cloud_bridge-8] [INFO] [1786826968.025862146] [race_ego_cloud_bridge]: [EGO_MAP_FUSION] static_points=11417 live_raw_points=17789 confirmed_live_voxels=5972 min_observations=2 memory_sec=1.00 fused_points=17389
[race_ego_cloud_bridge-8] [INFO] [1786826968.026185220] [race_ego_cloud_bridge]: [EGO_MAP_INPUT] topic=/race/ego/cloud frame=map points=17389 source=static_live_px4 refresh_period=0.00s
[fastlio_bridge_node-2] [INFO] [1786826968.027754200] [fastlio_bridge_node]: 已桥接并转换里程计: ENU(0.32, -2.50, -0.07) -> NED(-2.50, 0.32, 0.07)
[fastlio_bridge_node-2] [INFO] [1786826968.030481432] [fastlio_bridge_node]: 已桥接并转换里程计: ENU(0.32, -2.50, -0.07) -> NED(-2.50, 0.32, 0.07)
[race_ego_trajectory_bridge-12] [INFO] [1786826968.031774721] [race_ego_trajectory_bridge]: [EGO_OCCUPANCY_MAP] topic=/race/ego/cloud frame=map raw_points=17389 map_age=0.006
[fastlio_bridge_node-2] [INFO] [1786826968.037876813] [fastlio_bridge_node]: 已桥接并转换里程计: ENU(0.32, -2.50, -0.07) -> NED(-2.50, 0.32, 0.07)
[ego_planner_node-10] [INFO] [1786826968.037970383] [race_ego_planner]: [EGO_OCCUPANCY_UPDATE] input_topic=grid_map/cloud input_frame=map occupancy_frame=map cloud_points=17389 local_points=9650 occupied_voxels=25415 camera=(0.322,-2.500,-0.075) local_index_bounds=[(47,30,0),(117,111,8)]
[fastlio_bridge_node-2] [INFO] [1786826968.041135817] [fastlio_bridge_node]: 已桥接并转换里程计: ENU(0.32, -2.50, -0.07) -> NED(-2.50, 0.32, 0.07)
[fastlio_bridge_node-2] [INFO] [1786826968.048663245] [fastlio_bridge_node]: 已桥接并转换里程计: ENU(0.32, -2.50, -0.07) -> NED(-2.50, 0.32, 0.07)
[fastlio_bridge_node-2] [INFO] [1786826968.050038437] [fastlio_bridge_node]: 已桥接并转换里程计: ENU(0.32, -2.50, -0.07) -> NED(-2.50, 0.32, 0.07)
[fastlio_bridge_node-2] [INFO] [1786826968.056171538] [fastlio_bridge_node]: 已桥接并转换里程计: ENU(0.32, -2.50, -0.07) -> NED(-2.50, 0.32, 0.07)
[fastlio_bridge_node-2] [INFO] [1786826968.061677867] [fastlio_bridge_node]: 已桥接并转换里程计: ENU(0.32, -2.50, -0.07) -> NED(-2.50, 0.32, 0.07)
[fastlio_bridge_node-2] [INFO] [1786826968.067243783] [fastlio_bridge_node]: 已桥接并转换里程计: ENU(0.32, -2.50, -0.07) -> NED(-2.50, 0.32, 0.07)
[fastlio_bridge_node-2] [INFO] [1786826968.072049998] [fastlio_bridge_node]: 已桥接并转换里程计: ENU(0.32, -2.50, -0.07) -> NED(-2.50, 0.32, 0.07)
[fastlio_bridge_node-2] [INFO] [1786826968.079216151] [fastlio_bridge_node]: 已桥接并转换里程计: ENU(0.32, -2.50, -0.07) -> NED(-2.50, 0.32, 0.07)
[fastlio_bridge_node-2] [INFO] [1786826968.081439014] [fastlio_bridge_node]: 已桥接并转换里程计: ENU(0.32, -2.50, -0.07) -> NED(-2.50, 0.32, 0.07)
[fastlio_bridge_node-2] [INFO] [1786826968.088950583] [fastlio_bridge_node]: 已桥接并转换里程计: ENU(0.32, -2.50, -0.07) -> NED(-2.50, 0.32, 0.07)
[fastlio_bridge_node-2] [INFO] [1786826968.092799040] [fastlio_bridge_node]: 已桥接并转换里程计: ENU(0.32, -2.50, -0.07) -> NED(-2.50, 0.32, 0.07)
[fastlio_bridge_node-2] [INFO] [1786826968.098388895] [fastlio_bridge_node]: 已桥接并转换里程计: ENU(0.32, -2.50, -0.07) -> NED(-2.50, 0.32, 0.07)
[ego_planner_node-10] [FSM]: state: WAIT_TARGET
[ego_planner_node-10] wait for goal or trigger.
[offboard_waypoint_node-1] [INFO] [1786826968.609894431] [offboard_waypoint_node]: [EV_HOLD_WAIT] continuous_healthy=0.00s required=7.50s
[offboard_waypoint_node-1] [INFO] [1786826968.859927943] [offboard_waypoint_node]: [CONTROL_ARBITER] selected_source=waiting_for_ev_ground_reference state=WAITING_FOR_ODOM
[super_planner_ros2_node-6] [INFO] [1786826968.995060395] [super_planner_ros2_node]: SUPER_ROS2 mode=IDLE enable_output=false reason=WAIT_ALTITUDE_REFERENCE odom=(0.32,-2.50,-0.07) goal=none tracking_setpoint_enu=(0.32,-2.50,-0.07) setpoint_ned=none yaw(desired/cmd/rate)=(0.00/0.00/0.00) cross_track=0.00 frame_id=px4_ned path_points=0 odom_source=/race/odom cloud_source=/saved_map mavros_connected=false
[race_ego_cloud_bridge-8] [INFO] [1786826969.024170456] [race_ego_cloud_bridge]: [EGO_STATIC_MAP_READY] topic=/saved_map frame=map points=11417 fused=true
[ego_planner_node-10] [FSM]: state: WAIT_TARGET
[ego_planner_node-10] wait for goal or trigger.
[offboard_waypoint_node-1] [INFO] [1786826969.659820435] [offboard_waypoint_node]: [EV_HOLD_WAIT] continuous_healthy=0.00s required=7.50s
[offboard_waypoint_node-1] [INFO] [1786826969.860000712] [offboard_waypoint_node]: [CONTROL_ARBITER] selected_source=waiting_for_ev_ground_reference state=WAITING_FOR_ODOM
[super_planner_ros2_node-6] [INFO] [1786826969.995238249] [super_planner_ros2_node]: SUPER_ROS2 mode=IDLE enable_output=false reason=WAIT_ALTITUDE_REFERENCE odom=(0.32,-2.50,-0.07) goal=none tracking_setpoint_enu=(0.32,-2.50,-0.07) setpoint_ned=none yaw(desired/cmd/rate)=(0.00/0.00/0.00) cross_track=0.00 frame_id=px4_ned path_points=0 odom_source=/race/odom cloud_source=/saved_map mavros_connected=false
[rviz2-13] [INFO] [1786826969.996883013] [rviz2]: Message Filter dropping message: frame 'odom' at time 1786826968.080 for reason 'discarding message because the queue is full'
[fastlio_bridge_node-2] [INFO] [1786826970.002563791] [fastlio_bridge_node]: 已桥接并转换里程计: ENU(0.32, -2.50, -0.07) -> NED(-2.50, 0.32, 0.07)
[fastlio_bridge_node-2] [INFO] [1786826970.010562088] [fastlio_bridge_node]: 已桥接并转换里程计: ENU(0.32, -2.50, -0.07) -> NED(-2.50, 0.32, 0.07)
[fastlio_bridge_node-2] [INFO] [1786826970.012368832] [fastlio_bridge_node]: 已桥接并转换里程计: ENU(0.32, -2.50, -0.07) -> NED(-2.50, 0.32, 0.07)
[fastlio_bridge_node-2] [INFO] [1786826970.022255960] [fastlio_bridge_node]: 已桥接并转换里程计: ENU(0.32, -2.50, -0.07) -> NED(-2.50, 0.32, 0.07)
[fastlio_bridge_node-2] [INFO] [1786826970.025346941] [fastlio_bridge_node]: 已桥接并转换里程计: ENU(0.32, -2.50, -0.07) -> NED(-2.50, 0.32, 0.07)
[fastlio_bridge_node-2] [INFO] [1786826970.027269656] [fastlio_bridge_node]: 已桥接并转换里程计: ENU(0.32, -2.50, -0.07) -> NED(-2.50, 0.32, 0.07)
[fastlio_bridge_node-2] [INFO] [1786826970.031695059] [fastlio_bridge_node]: 已桥接并转换里程计: ENU(0.32, -2.50, -0.07) -> NED(-2.50, 0.32, 0.07)
[fastlio_bridge_node-2] [INFO] [1786826970.038392309] [fastlio_bridge_node]: 已桥接并转换里程计: ENU(0.32, -2.50, -0.07) -> NED(-2.50, 0.32, 0.07)
[fastlio_bridge_node-2] [INFO] [1786826970.041295730] [fastlio_bridge_node]: 已桥接并转换里程计: ENU(0.32, -2.50, -0.07) -> NED(-2.50, 0.32, 0.07)
[fastlio_bridge_node-2] [INFO] [1786826970.047145306] [fastlio_bridge_node]: 已桥接并转换里程计: ENU(0.32, -2.50, -0.07) -> NED(-2.50, 0.32, 0.07)
[fastlio_bridge_node-2] [INFO] [1786826970.051563746] [fastlio_bridge_node]: 已桥接并转换里程计: ENU(0.32, -2.50, -0.07) -> NED(-2.50, 0.32, 0.07)
[fastlio_bridge_node-2] [INFO] [1786826970.057472653] [fastlio_bridge_node]: 已桥接并转换里程计: ENU(0.32, -2.50, -0.07) -> NED(-2.50, 0.32, 0.07)
[fastlio_bridge_node-2] [INFO] [1786826970.062343288] [fastlio_bridge_node]: 已桥接并转换里程计: ENU(0.32, -2.50, -0.07) -> NED(-2.50, 0.32, 0.07)
[fastlio_bridge_node-2] [INFO] [1786826970.072620152] [fastlio_bridge_node]: 已桥接并转换里程计: ENU(0.32, -2.50, -0.07) -> NED(-2.50, 0.32, 0.07)
[fastlio_bridge_node-2] [INFO] [1786826970.075741497] [fastlio_bridge_node]: 已桥接并转换里程计: ENU(0.32, -2.50, -0.07) -> NED(-2.50, 0.32, 0.07)
[fastlio_bridge_node-2] [INFO] [1786826970.077080070] [fastlio_bridge_node]: 已桥接并转换里程计: ENU(0.32, -2.50, -0.07) -> NED(-2.50, 0.32, 0.07)
[fastlio_bridge_node-2] [INFO] [1786826970.080503327] [fastlio_bridge_node]: 已桥接并转换里程计: ENU(0.32, -2.50, -0.07) -> NED(-2.50, 0.32, 0.07)
[fastlio_bridge_node-2] [INFO] [1786826970.087516293] [fastlio_bridge_node]: 已桥接并转换里程计: ENU(0.32, -2.50, -0.07) -> NED(-2.50, 0.32, 0.07)
[fastlio_bridge_node-2] [INFO] [1786826970.093496054] [fastlio_bridge_node]: 已桥接并转换里程计: ENU(0.32, -2.50, -0.07) -> NED(-2.50, 0.32, 0.07)
[fastlio_bridge_node-2] [INFO] [1786826970.096624305] [fastlio_bridge_node]: 已桥接并转换里程计: ENU(0.32, -2.50, -0.07) -> NED(-2.50, 0.32, 0.07)
[race_ego_cloud_bridge-8] [INFO] [1786826970.216420252] [race_ego_cloud_bridge]: [EGO_MAP_FUSION] static_points=11417 live_raw_points=17864 confirmed_live_voxels=5529 min_observations=2 memory_sec=1.00 fused_points=16946
[race_ego_cloud_bridge-8] [INFO] [1786826970.218305708] [race_ego_cloud_bridge]: [EGO_MAP_INPUT] topic=/race/ego/cloud frame=map points=16946 source=static_live_px4 refresh_period=0.00s
[race_ego_trajectory_bridge-12] [INFO] [1786826970.226646530] [race_ego_trajectory_bridge]: [EGO_OCCUPANCY_MAP] topic=/race/ego/cloud frame=map raw_points=16946 map_age=0.009
[ego_planner_node-10] [INFO] [1786826970.227917522] [race_ego_planner]: [EGO_OCCUPANCY_UPDATE] input_topic=grid_map/cloud input_frame=map occupancy_frame=map cloud_points=16946 local_points=9540 occupied_voxels=25698 camera=(0.321,-2.500,-0.074) local_index_bounds=[(47,30,0),(117,111,8)]
[ego_planner_node-10] [FSM]: state: WAIT_TARGET
[ego_planner_node-10] wait for goal or trigger.
[offboard_waypoint_node-1] [INFO] [1786826970.659898123] [offboard_waypoint_node]: [EV_HOLD_WAIT] continuous_healthy=0.00s required=7.50s
[offboard_waypoint_node-1] [INFO] [1786826970.860378893] [offboard_waypoint_node]: [CONTROL_ARBITER] selected_source=waiting_for_ev_ground_reference state=WAITING_FOR_ODOM
[super_planner_ros2_node-6] [INFO] [1786826970.998475235] [super_planner_ros2_node]: SUPER_ROS2 mode=IDLE enable_output=false reason=WAIT_ALTITUDE_REFERENCE odom=(0.32,-2.50,-0.07) goal=none tracking_setpoint_enu=(0.32,-2.50,-0.07) setpoint_ned=none yaw(desired/cmd/rate)=(0.00/0.00/0.00) cross_track=0.00 frame_id=px4_ned path_points=0 odom_source=/race/odom cloud_source=/saved_map mavros_connected=false
[race_ego_cloud_bridge-8] [INFO] [1786826971.028043414] [race_ego_cloud_bridge]: [EGO_STATIC_MAP_READY] topic=/saved_map frame=map points=11417 fused=true
[offboard_waypoint_node-1] [INFO] [1786826971.659911690] [offboard_waypoint_node]: [EV_HOLD_WAIT] continuous_healthy=0.00s required=7.50s
[ego_planner_node-10] [FSM]: state: WAIT_TARGET
[ego_planner_node-10] wait for goal or trigger.
[offboard_waypoint_node-1] [INFO] [1786826971.861301433] [offboard_waypoint_node]: [CONTROL_ARBITER] selected_source=waiting_for_ev_ground_reference state=WAITING_FOR_ODOM
[fastlio_bridge_node-2] [INFO] [1786826972.001903943] [fastlio_bridge_node]: 已桥接并转换里程计: ENU(0.32, -2.50, -0.08) -> NED(-2.50, 0.32, 0.08)
[fastlio_bridge_node-2] [INFO] [1786826972.005971716] [fastlio_bridge_node]: 已桥接并转换里程计: ENU(0.32, -2.50, -0.08) -> NED(-2.50, 0.32, 0.08)
[fastlio_bridge_node-2] [INFO] [1786826972.010898790] [fastlio_bridge_node]: 已桥接并转换里程计: ENU(0.32, -2.50, -0.08) -> NED(-2.50, 0.32, 0.08)
[fastlio_bridge_node-2] [INFO] [1786826972.016625724] [fastlio_bridge_node]: 已桥接并转换里程计: ENU(0.32, -2.50, -0.08) -> NED(-2.50, 0.32, 0.08)
[fastlio_bridge_node-2] [INFO] [1786826972.021484110] [fastlio_bridge_node]: 已桥接并转换里程计: ENU(0.32, -2.50, -0.08) -> NED(-2.50, 0.32, 0.08)
[fastlio_bridge_node-2] [INFO] [1786826972.028206036] [fastlio_bridge_node]: 已桥接并转换里程计: ENU(0.32, -2.50, -0.08) -> NED(-2.50, 0.32, 0.08)
[fastlio_bridge_node-2] [INFO] [1786826972.040983342] [fastlio_bridge_node]: 已桥接并转换里程计: ENU(0.32, -2.50, -0.08) -> NED(-2.50, 0.32, 0.08)
[fastlio_bridge_node-2] [INFO] [1786826972.041442930] [fastlio_bridge_node]: 已桥接并转换里程计: ENU(0.32, -2.50, -0.08) -> NED(-2.50, 0.32, 0.08)
[super_planner_ros2_node-6] [INFO] [1786826972.045809471] [super_planner_ros2_node]: SUPER_ROS2 mode=IDLE enable_output=false reason=WAIT_ALTITUDE_REFERENCE odom=(0.32,-2.50,-0.08) goal=none tracking_setpoint_enu=(0.32,-2.50,-0.08) setpoint_ned=none yaw(desired/cmd/rate)=(0.00/0.00/0.00) cross_track=0.00 frame_id=px4_ned path_points=0 odom_source=/race/odom cloud_source=/saved_map mavros_connected=false
[fastlio_bridge_node-2] [INFO] [1786826972.046414732] [fastlio_bridge_node]: 已桥接并转换里程计: ENU(0.32, -2.50, -0.08) -> NED(-2.50, 0.32, 0.08)
[fastlio_bridge_node-2] [INFO] [1786826972.051393095] [fastlio_bridge_node]: 已桥接并转换里程计: ENU(0.32, -2.50, -0.08) -> NED(-2.50, 0.32, 0.08)
[fastlio_bridge_node-2] [INFO] [1786826972.052419149] [fastlio_bridge_node]: 已桥接并转换里程计: ENU(0.32, -2.50, -0.08) -> NED(-2.50, 0.32, 0.08)
[fastlio_bridge_node-2] [INFO] [1786826972.056844097] [fastlio_bridge_node]: 已桥接并转换里程计: ENU(0.32, -2.50, -0.08) -> NED(-2.50, 0.32, 0.08)
[fastlio_bridge_node-2] [INFO] [1786826972.065421066] [fastlio_bridge_node]: 已桥接并转换里程计: ENU(0.32, -2.50, -0.08) -> NED(-2.50, 0.32, 0.08)
[fastlio_bridge_node-2] [INFO] [1786826972.075438636] [fastlio_bridge_node]: 已桥接并转换里程计: ENU(0.32, -2.50, -0.08) -> NED(-2.50, 0.32, 0.08)
[fastlio_bridge_node-2] [INFO] [1786826972.079815989] [fastlio_bridge_node]: 已桥接并转换里程计: ENU(0.32, -2.50, -0.08) -> NED(-2.50, 0.32, 0.08)
[fastlio_bridge_node-2] [INFO] [1786826972.086173513] [fastlio_bridge_node]: 已桥接并转换里程计: ENU(0.32, -2.50, -0.08) -> NED(-2.50, 0.32, 0.08)
[race_ego_cloud_bridge-8] [INFO] [1786826972.296018184] [race_ego_cloud_bridge]: [EGO_MAP_FUSION] static_points=11417 live_raw_points=14854 confirmed_live_voxels=5487 min_observations=2 memory_sec=1.00 fused_points=16904
[race_ego_cloud_bridge-8] [INFO] [1786826972.296415458] [race_ego_cloud_bridge]: [EGO_MAP_INPUT] topic=/race/ego/cloud frame=map points=16904 source=static_live_px4 refresh_period=0.00s
[race_ego_trajectory_bridge-12] [INFO] [1786826972.301985366] [race_ego_trajectory_bridge]: [EGO_OCCUPANCY_MAP] topic=/race/ego/cloud frame=map raw_points=16904 map_age=0.006
[ego_planner_node-10] [INFO] [1786826972.315283675] [race_ego_planner]: [EGO_OCCUPANCY_UPDATE] input_topic=grid_map/cloud input_frame=map occupancy_frame=map cloud_points=16904 local_points=9485 occupied_voxels=25295 camera=(0.321,-2.501,-0.076) local_index_bounds=[(47,30,0),(117,111,8)]
[offboard_waypoint_node-1] [INFO] [1786826972.459210653] [offboard_waypoint_node]: [EV_HEALTH] state=SUSPECT continuous_healthy=0.00s
[offboard_waypoint_node-1] [INFO] [1786826972.460471136] [offboard_waypoint_node]: [EV_FLIGHT_READY] ready=0 continuous_ready=0.00s
[rviz2-13] [INFO] [1786826972.556444123] [rviz2]: Message Filter dropping message: frame 'odom' at time 1786826971.480 for reason 'discarding message because the queue is full'
[offboard_waypoint_node-1] [INFO] [1786826972.660166848] [offboard_waypoint_node]: [EV_HOLD_WAIT] continuous_healthy=0.00s required=7.50s
[offboard_waypoint_node-1] [INFO] [1786826972.909923921] [offboard_waypoint_node]: [CONTROL_ARBITER] selected_source=waiting_for_ev_ground_reference state=WAITING_FOR_ODOM
[offboard_waypoint_node-1] [WARN] [1786826972.926158731] [offboard_waypoint_node]: [POSE_WAIT] no local velocity sample yet on /mavros/local_position/velocity_local
[ego_planner_node-10] [FSM]: state: WAIT_TARGET
[ego_planner_node-10] wait for goal or trigger.
[race_ego_cloud_bridge-8] [INFO] [1786826973.025985298] [race_ego_cloud_bridge]: [EGO_STATIC_MAP_READY] topic=/saved_map frame=map points=11417 fused=true
[super_planner_ros2_node-6] [INFO] [1786826973.095213854] [super_planner_ros2_node]: SUPER_ROS2 mode=IDLE enable_output=false reason=WAIT_ALTITUDE_REFERENCE odom=(0.32,-2.50,-0.07) goal=none tracking_setpoint_enu=(0.32,-2.50,-0.07) setpoint_ned=none yaw(desired/cmd/rate)=(0.00/0.00/0.00) cross_track=0.00 frame_id=px4_ned path_points=0 odom_source=/race/odom cloud_source=/saved_map mavros_connected=false
[offboard_waypoint_node-1] [INFO] [1786826973.458670659] [offboard_waypoint_node]: [POSE_TRUSTED] stable_for=0.50s position_ned=(-2.511,0.359,0.931)
[offboard_waypoint_node-1] [INFO] [1786826973.660208229] [offboard_waypoint_node]: [EV_HOLD_WAIT] continuous_healthy=0.00s required=7.50s
[offboard_waypoint_node-1] [INFO] [1786826973.910283334] [offboard_waypoint_node]: [CONTROL_ARBITER] selected_source=waiting_for_ev_ground_reference state=WAITING_FOR_ODOM
[fastlio_bridge_node-2] [INFO] [1786826974.003887483] [fastlio_bridge_node]: 已桥接并转换里程计: ENU(0.32, -2.50, -0.07) -> NED(-2.50, 0.32, 0.07)
[fastlio_bridge_node-2] [INFO] [1786826974.006596592] [fastlio_bridge_node]: 已桥接并转换里程计: ENU(0.32, -2.50, -0.07) -> NED(-2.50, 0.32, 0.07)
[fastlio_bridge_node-2] [INFO] [1786826974.008525427] [fastlio_bridge_node]: 已桥接并转换里程计: ENU(0.32, -2.50, -0.07) -> NED(-2.50, 0.32, 0.07)
[fastlio_bridge_node-2] [INFO] [1786826974.013906673] [fastlio_bridge_node]: 已桥接并转换里程计: ENU(0.32, -2.50, -0.07) -> NED(-2.50, 0.32, 0.07)
[fastlio_bridge_node-2] [INFO] [1786826974.017870336] [fastlio_bridge_node]: 已桥接并转换里程计: ENU(0.32, -2.50, -0.07) -> NED(-2.50, 0.32, 0.07)
[fastlio_bridge_node-2] [INFO] [1786826974.023403806] [fastlio_bridge_node]: 已桥接并转换里程计: ENU(0.32, -2.50, -0.07) -> NED(-2.50, 0.32, 0.07)
[fastlio_bridge_node-2] [INFO] [1786826974.029171458] [fastlio_bridge_node]: 已桥接并转换里程计: ENU(0.32, -2.50, -0.07) -> NED(-2.50, 0.32, 0.07)
[fastlio_bridge_node-2] [INFO] [1786826974.031846426] [fastlio_bridge_node]: 已桥接并转换里程计: ENU(0.32, -2.50, -0.07) -> NED(-2.50, 0.32, 0.07)
[fastlio_bridge_node-2] [INFO] [1786826974.039809641] [fastlio_bridge_node]: 已桥接并转换里程计: ENU(0.32, -2.50, -0.07) -> NED(-2.50, 0.32, 0.07)
[fastlio_bridge_node-2] [INFO] [1786826974.043537063] [fastlio_bridge_node]: 已桥接并转换里程计: ENU(0.32, -2.50, -0.07) -> NED(-2.50, 0.32, 0.07)
[fastlio_bridge_node-2] [INFO] [1786826974.048715967] [fastlio_bridge_node]: 已桥接并转换里程计: ENU(0.32, -2.50, -0.07) -> NED(-2.50, 0.32, 0.07)
[fastlio_bridge_node-2] [INFO] [1786826974.051067011] [fastlio_bridge_node]: 已桥接并转换里程计: ENU(0.32, -2.50, -0.07) -> NED(-2.50, 0.32, 0.07)
[fastlio_bridge_node-2] [INFO] [1786826974.058520658] [fastlio_bridge_node]: 已桥接并转换里程计: ENU(0.32, -2.50, -0.07) -> NED(-2.50, 0.32, 0.07)
[fastlio_bridge_node-2] [INFO] [1786826974.066085924] [fastlio_bridge_node]: 已桥接并转换里程计: ENU(0.32, -2.50, -0.07) -> NED(-2.50, 0.32, 0.07)
[fastlio_bridge_node-2] [INFO] [1786826974.070023565] [fastlio_bridge_node]: 已桥接并转换里程计: ENU(0.32, -2.50, -0.07) -> NED(-2.50, 0.32, 0.07)
[fastlio_bridge_node-2] [INFO] [1786826974.071915819] [fastlio_bridge_node]: 已桥接并转换里程计: ENU(0.32, -2.50, -0.07) -> NED(-2.50, 0.32, 0.07)
[fastlio_bridge_node-2] [INFO] [1786826974.077750679] [fastlio_bridge_node]: 已桥接并转换里程计: ENU(0.32, -2.50, -0.07) -> NED(-2.50, 0.32, 0.07)
[fastlio_bridge_node-2] [INFO] [1786826974.081100669] [fastlio_bridge_node]: 已桥接并转换里程计: ENU(0.32, -2.50, -0.06) -> NED(-2.50, 0.32, 0.06)
[fastlio_bridge_node-2] [INFO] [1786826974.086927778] [fastlio_bridge_node]: 已桥接并转换里程计: ENU(0.32, -2.50, -0.06) -> NED(-2.50, 0.32, 0.06)
[fastlio_bridge_node-2] [INFO] [1786826974.093200071] [fastlio_bridge_node]: 已桥接并转换里程计: ENU(0.32, -2.50, -0.06) -> NED(-2.50, 0.32, 0.06)
[super_planner_ros2_node-6] [INFO] [1786826974.095568409] [super_planner_ros2_node]: SUPER_ROS2 mode=IDLE enable_output=false reason=WAIT_ALTITUDE_REFERENCE odom=(0.32,-2.50,-0.06) goal=none tracking_setpoint_enu=(0.32,-2.50,-0.06) setpoint_ned=none yaw(desired/cmd/rate)=(0.00/0.00/0.00) cross_track=0.00 frame_id=px4_ned path_points=0 odom_source=/race/odom cloud_source=/saved_map mavros_connected=true
[ego_planner_node-10] [FSM]: state: WAIT_TARGET
[ego_planner_node-10] wait for goal or trigger.
[race_ego_cloud_bridge-8] [INFO] [1786826974.332598834] [race_ego_cloud_bridge]: [EGO_MAP_FUSION] static_points=11417 live_raw_points=14995 confirmed_live_voxels=4910 min_observations=2 memory_sec=1.00 fused_points=16327
[race_ego_cloud_bridge-8] [INFO] [1786826974.333258728] [race_ego_cloud_bridge]: [EGO_MAP_INPUT] topic=/race/ego/cloud frame=map points=16327 source=static_live_px4 refresh_period=0.00s
[race_ego_trajectory_bridge-12] [INFO] [1786826974.339611108] [race_ego_trajectory_bridge]: [EGO_OCCUPANCY_MAP] topic=/race/ego/cloud frame=map raw_points=16327 map_age=0.007
[ego_planner_node-10] [INFO] [1786826974.346009421] [race_ego_planner]: [EGO_OCCUPANCY_UPDATE] input_topic=grid_map/cloud input_frame=map occupancy_frame=map cloud_points=16327 local_points=9222 occupied_voxels=25100 camera=(0.323,-2.501,-0.069) local_index_bounds=[(47,30,0),(117,111,8)]
[offboard_waypoint_node-1] [INFO] [1786826974.710918829] [offboard_waypoint_node]: [EV_HOLD_WAIT] continuous_healthy=0.00s required=7.50s
[offboard_waypoint_node-1] [INFO] [1786826974.960382756] [offboard_waypoint_node]: [CONTROL_ARBITER] selected_source=waiting_for_ev_ground_reference state=WAITING_FOR_ODOM
[offboard_waypoint_node-1] [INFO] [1786826974.988049478] [offboard_waypoint_node]: [EV_HEALTH] state=HEALTHY continuous_healthy=0.00s
[offboard_waypoint_node-1] [INFO] [1786826974.988357806] [offboard_waypoint_node]: [EV_FLIGHT_READY] ready=1 continuous_ready=0.00s
[race_ego_cloud_bridge-8] [INFO] [1786826975.035532379] [race_ego_cloud_bridge]: [EGO_STATIC_MAP_READY] topic=/saved_map frame=map points=11417 fused=true
[rviz2-13] [INFO] [1786826975.067974890] [rviz2]: Message Filter dropping message: frame 'odom' at time 1786826973.981 for reason 'discarding message because the queue is full'
[super_planner_ros2_node-6] [INFO] [1786826975.146758861] [super_planner_ros2_node]: SUPER_ROS2 mode=IDLE enable_output=false reason=WAIT_ALTITUDE_REFERENCE odom=(0.32,-2.50,-0.07) goal=none tracking_setpoint_enu=(0.32,-2.50,-0.07) setpoint_ned=none yaw(desired/cmd/rate)=(0.00/0.00/0.00) cross_track=0.00 frame_id=px4_ned path_points=0 odom_source=/race/odom cloud_source=/saved_map mavros_connected=true
[offboard_waypoint_node-1] [ERROR] [1786826975.223591915] [offboard_waypoint_node]: [POSE_REJECT] jump=0.849m dt=0.032s trusted=(-2.513,0.360,0.922) received=(-2.502,0.321,0.073)
[ego_planner_node-10] [FSM]: state: WAIT_TARGET
[ego_planner_node-10] wait for goal or trigger.
[offboard_waypoint_node-1] [INFO] [1786826975.760407799] [offboard_waypoint_node]: [EV_HOLD_WAIT] continuous_healthy=0.77s required=7.50s
[fastlio_bridge_node-2] [INFO] [1786826976.002122592] [fastlio_bridge_node]: 已桥接并转换里程计: ENU(0.32, -2.50, -0.08) -> NED(-2.50, 0.32, 0.08)
[fastlio_bridge_node-2] [INFO] [1786826976.004830368] [fastlio_bridge_node]: 已桥接并转换里程计: ENU(0.32, -2.50, -0.08) -> NED(-2.50, 0.32, 0.08)
[fastlio_bridge_node-2] [INFO] [1786826976.009915147] [fastlio_bridge_node]: 已桥接并转换里程计: ENU(0.32, -2.50, -0.08) -> NED(-2.50, 0.32, 0.08)
[offboard_waypoint_node-1] [INFO] [1786826976.010293433] [offboard_waypoint_node]: [CONTROL_ARBITER] selected_source=waiting_for_ev_ground_reference state=WAITING_FOR_ODOM
[fastlio_bridge_node-2] [INFO] [1786826976.014237185] [fastlio_bridge_node]: 已桥接并转换里程计: ENU(0.32, -2.50, -0.08) -> NED(-2.50, 0.32, 0.08)
[fastlio_bridge_node-2] [INFO] [1786826976.018667531] [fastlio_bridge_node]: 已桥接并转换里程计: ENU(0.32, -2.50, -0.08) -> NED(-2.50, 0.32, 0.08)
[fastlio_bridge_node-2] [INFO] [1786826976.023168096] [fastlio_bridge_node]: 已桥接并转换里程计: ENU(0.32, -2.50, -0.08) -> NED(-2.50, 0.32, 0.08)
[fastlio_bridge_node-2] [INFO] [1786826976.029026407] [fastlio_bridge_node]: 已桥接并转换里程计: ENU(0.32, -2.50, -0.08) -> NED(-2.50, 0.32, 0.08)
[fastlio_bridge_node-2] [INFO] [1786826976.034351221] [fastlio_bridge_node]: 已桥接并转换里程计: ENU(0.32, -2.50, -0.08) -> NED(-2.50, 0.32, 0.08)
[fastlio_bridge_node-2] [INFO] [1786826976.038323652] [fastlio_bridge_node]: 已桥接并转换里程计: ENU(0.32, -2.50, -0.08) -> NED(-2.50, 0.32, 0.08)
[fastlio_bridge_node-2] [INFO] [1786826976.046870542] [fastlio_bridge_node]: 已桥接并转换里程计: ENU(0.32, -2.50, -0.08) -> NED(-2.50, 0.32, 0.08)
[fastlio_bridge_node-2] [INFO] [1786826976.049168324] [fastlio_bridge_node]: 已桥接并转换里程计: ENU(0.32, -2.50, -0.08) -> NED(-2.50, 0.32, 0.08)
[fastlio_bridge_node-2] [INFO] [1786826976.052796248] [fastlio_bridge_node]: 已桥接并转换里程计: ENU(0.32, -2.50, -0.08) -> NED(-2.50, 0.32, 0.08)
[fastlio_bridge_node-2] [INFO] [1786826976.058022851] [fastlio_bridge_node]: 已桥接并转换里程计: ENU(0.32, -2.50, -0.08) -> NED(-2.50, 0.32, 0.08)
[fastlio_bridge_node-2] [INFO] [1786826976.066536011] [fastlio_bridge_node]: 已桥接并转换里程计: ENU(0.32, -2.50, -0.08) -> NED(-2.50, 0.32, 0.08)
[fastlio_bridge_node-2] [INFO] [1786826976.071138689] [fastlio_bridge_node]: 已桥接并转换里程计: ENU(0.32, -2.50, -0.08) -> NED(-2.50, 0.32, 0.08)
[fastlio_bridge_node-2] [INFO] [1786826976.073369448] [fastlio_bridge_node]: 已桥接并转换里程计: ENU(0.32, -2.50, -0.08) -> NED(-2.50, 0.32, 0.08)
[fastlio_bridge_node-2] [INFO] [1786826976.080323379] [fastlio_bridge_node]: 已桥接并转换里程计: ENU(0.32, -2.50, -0.08) -> NED(-2.50, 0.32, 0.08)
[fastlio_bridge_node-2] [INFO] [1786826976.083207485] [fastlio_bridge_node]: 已桥接并转换里程计: ENU(0.32, -2.50, -0.08) -> NED(-2.50, 0.32, 0.08)
[fastlio_bridge_node-2] [INFO] [1786826976.088450573] [fastlio_bridge_node]: 已桥接并转换里程计: ENU(0.32, -2.50, -0.08) -> NED(-2.50, 0.32, 0.08)
[fastlio_bridge_node-2] [INFO] [1786826976.090955380] [fastlio_bridge_node]: 已桥接并转换里程计: ENU(0.32, -2.50, -0.08) -> NED(-2.50, 0.32, 0.08)
[fastlio_bridge_node-2] [INFO] [1786826976.097911395] [fastlio_bridge_node]: 已桥接并转换里程计: ENU(0.32, -2.50, -0.08) -> NED(-2.50, 0.32, 0.08)
[super_planner_ros2_node-6] [INFO] [1786826976.195476962] [super_planner_ros2_node]: SUPER_ROS2 mode=IDLE enable_output=false reason=WAIT_ALTITUDE_REFERENCE odom=(0.32,-2.50,-0.08) goal=none tracking_setpoint_enu=(0.32,-2.50,-0.08) setpoint_ned=none yaw(desired/cmd/rate)=(0.00/0.00/0.00) cross_track=0.00 frame_id=px4_ned path_points=0 odom_source=/race/odom cloud_source=/saved_map mavros_connected=true
[ego_planner_node-10] [FSM]: state: WAIT_TARGET
[ego_planner_node-10] wait for goal or trigger.
[race_ego_cloud_bridge-8] [INFO] [1786826976.425177547] [race_ego_cloud_bridge]: [EGO_MAP_FUSION] static_points=11417 live_raw_points=17649 confirmed_live_voxels=6322 min_observations=2 memory_sec=1.00 fused_points=17739
[race_ego_cloud_bridge-8] [INFO] [1786826976.425575846] [race_ego_cloud_bridge]: [EGO_MAP_INPUT] topic=/race/ego/cloud frame=map points=17739 source=static_live_px4 refresh_period=0.00s
[race_ego_trajectory_bridge-12] [INFO] [1786826976.431410016] [race_ego_trajectory_bridge]: [EGO_OCCUPANCY_MAP] topic=/race/ego/cloud frame=map raw_points=17739 map_age=0.006
[ego_planner_node-10] [INFO] [1786826976.467198017] [race_ego_planner]: [EGO_OCCUPANCY_UPDATE] input_topic=grid_map/cloud input_frame=map occupancy_frame=map cloud_points=17739 local_points=9733 occupied_voxels=25411 camera=(0.323,-2.503,-0.076) local_index_bounds=[(47,30,0),(117,111,8)]
[offboard_waypoint_node-1] [INFO] [1786826976.810133968] [offboard_waypoint_node]: [EV_HOLD_WAIT] continuous_healthy=1.82s required=7.50s
[offboard_waypoint_node-1] [INFO] [1786826977.011914217] [offboard_waypoint_node]: [CONTROL_ARBITER] selected_source=waiting_for_ev_ground_reference state=WAITING_FOR_ODOM
[race_ego_cloud_bridge-8] [INFO] [1786826977.026118742] [race_ego_cloud_bridge]: [EGO_STATIC_MAP_READY] topic=/saved_map frame=map points=11417 fused=true
[super_planner_ros2_node-6] [INFO] [1786826977.196351057] [super_planner_ros2_node]: SUPER_ROS2 mode=IDLE enable_output=false reason=WAIT_ALTITUDE_REFERENCE odom=(0.32,-2.50,-0.06) goal=none tracking_setpoint_enu=(0.32,-2.50,-0.06) setpoint_ned=none yaw(desired/cmd/rate)=(0.00/0.00/0.00) cross_track=0.00 frame_id=px4_ned path_points=0 odom_source=/race/odom cloud_source=/saved_map mavros_connected=true
[ego_planner_node-10] [FSM]: state: WAIT_TARGET
[ego_planner_node-10] wait for goal or trigger.
[rviz2-13] [INFO] [1786826977.580909790] [rviz2]: Message Filter dropping message: frame 'odom' at time 1786826976.481 for reason 'discarding message because the queue is full'
[offboard_waypoint_node-1] [INFO] [1786826977.810207554] [offboard_waypoint_node]: [EV_HOLD_WAIT] continuous_healthy=2.82s required=7.50s
[fastlio_bridge_node-2] [INFO] [1786826978.002039814] [fastlio_bridge_node]: 已桥接并转换里程计: ENU(0.32, -2.50, -0.08) -> NED(-2.50, 0.32, 0.08)
[fastlio_bridge_node-2] [INFO] [1786826978.009204311] [fastlio_bridge_node]: 已桥接并转换里程计: ENU(0.32, -2.50, -0.08) -> NED(-2.50, 0.32, 0.08)
[fastlio_bridge_node-2] [INFO] [1786826978.011790111] [fastlio_bridge_node]: 已桥接并转换里程计: ENU(0.32, -2.50, -0.08) -> NED(-2.50, 0.32, 0.08)
[fastlio_bridge_node-2] [INFO] [1786826978.017216305] [fastlio_bridge_node]: 已桥接并转换里程计: ENU(0.32, -2.50, -0.08) -> NED(-2.50, 0.32, 0.08)
[fastlio_bridge_node-2] [INFO] [1786826978.023762451] [fastlio_bridge_node]: 已桥接并转换里程计: ENU(0.32, -2.50, -0.08) -> NED(-2.50, 0.32, 0.08)
[fastlio_bridge_node-2] [INFO] [1786826978.028654094] [fastlio_bridge_node]: 已桥接并转换里程计: ENU(0.32, -2.50, -0.08) -> NED(-2.50, 0.32, 0.08)
[fastlio_bridge_node-2] [INFO] [1786826978.033206827] [fastlio_bridge_node]: 已桥接并转换里程计: ENU(0.32, -2.50, -0.08) -> NED(-2.50, 0.32, 0.08)
[fastlio_bridge_node-2] [INFO] [1786826978.040647597] [fastlio_bridge_node]: 已桥接并转换里程计: ENU(0.32, -2.50, -0.08) -> NED(-2.50, 0.32, 0.08)
[fastlio_bridge_node-2] [INFO] [1786826978.045181312] [fastlio_bridge_node]: 已桥接并转换里程计: ENU(0.32, -2.50, -0.08) -> NED(-2.50, 0.32, 0.08)
[fastlio_bridge_node-2] [INFO] [1786826978.052074620] [fastlio_bridge_node]: 已桥接并转换里程计: ENU(0.32, -2.50, -0.08) -> NED(-2.50, 0.32, 0.08)
[fastlio_bridge_node-2] [INFO] [1786826978.052166010] [fastlio_bridge_node]: 已桥接并转换里程计: ENU(0.32, -2.50, -0.08) -> NED(-2.50, 0.32, 0.08)
[fastlio_bridge_node-2] [INFO] [1786826978.058514862] [fastlio_bridge_node]: 已桥接并转换里程计: ENU(0.32, -2.50, -0.08) -> NED(-2.50, 0.32, 0.08)
[offboard_waypoint_node-1] [INFO] [1786826978.060523620] [offboard_waypoint_node]: [CONTROL_ARBITER] selected_source=waiting_for_ev_ground_reference state=WAITING_FOR_ODOM
[fastlio_bridge_node-2] [INFO] [1786826978.067906337] [fastlio_bridge_node]: 已桥接并转换里程计: ENU(0.32, -2.50, -0.08) -> NED(-2.50, 0.32, 0.08)
[fastlio_bridge_node-2] [INFO] [1786826978.073677807] [fastlio_bridge_node]: 已桥接并转换里程计: ENU(0.32, -2.50, -0.08) -> NED(-2.50, 0.32, 0.08)
[fastlio_bridge_node-2] [INFO] [1786826978.077011186] [fastlio_bridge_node]: 已桥接并转换里程计: ENU(0.32, -2.50, -0.08) -> NED(-2.50, 0.32, 0.08)
[fastlio_bridge_node-2] [INFO] [1786826978.083024612] [fastlio_bridge_node]: 已桥接并转换里程计: ENU(0.32, -2.50, -0.08) -> NED(-2.50, 0.32, 0.08)
[fastlio_bridge_node-2] [INFO] [1786826978.088368215] [fastlio_bridge_node]: 已桥接并转换里程计: ENU(0.32, -2.50, -0.08) -> NED(-2.50, 0.32, 0.08)
[fastlio_bridge_node-2] [INFO] [1786826978.095054055] [fastlio_bridge_node]: 已桥接并转换里程计: ENU(0.32, -2.50, -0.08) -> NED(-2.50, 0.32, 0.08)
[fastlio_bridge_node-2] [INFO] [1786826978.098534996] [fastlio_bridge_node]: 已桥接并转换里程计: ENU(0.32, -2.50, -0.08) -> NED(-2.50, 0.32, 0.08)
[super_planner_ros2_node-6] [INFO] [1786826978.245683947] [super_planner_ros2_node]: SUPER_ROS2 mode=IDLE enable_output=false reason=WAIT_ALTITUDE_REFERENCE odom=(0.32,-2.50,-0.08) goal=none tracking_setpoint_enu=(0.32,-2.50,-0.08) setpoint_ned=none yaw(desired/cmd/rate)=(0.00/0.00/0.00) cross_track=0.00 frame_id=px4_ned path_points=0 odom_source=/race/odom cloud_source=/saved_map mavros_connected=true
[race_ego_cloud_bridge-8] [INFO] [1786826978.437797208] [race_ego_cloud_bridge]: [EGO_MAP_FUSION] static_points=11417 live_raw_points=14834 confirmed_live_voxels=5331 min_observations=2 memory_sec=1.00 fused_points=16748
[race_ego_cloud_bridge-8] [INFO] [1786826978.439438153] [race_ego_cloud_bridge]: [EGO_MAP_INPUT] topic=/race/ego/cloud frame=map points=16748 source=static_live_px4 refresh_period=0.00s
[race_ego_trajectory_bridge-12] [INFO] [1786826978.446498823] [race_ego_trajectory_bridge]: [EGO_OCCUPANCY_MAP] topic=/race/ego/cloud frame=map raw_points=16748 map_age=0.008
[ego_planner_node-10] [FSM]: state: WAIT_TARGET
[ego_planner_node-10] wait for goal or trigger.
[ego_planner_node-10] [INFO] [1786826978.672261021] [race_ego_planner]: [EGO_OCCUPANCY_UPDATE] input_topic=grid_map/cloud input_frame=map occupancy_frame=map cloud_points=17353 local_points=9605 occupied_voxels=25405 camera=(0.323,-2.502,-0.076) local_index_bounds=[(47,30,0),(117,111,8)]
[offboard_waypoint_node-1] [INFO] [1786826978.810490607] [offboard_waypoint_node]: [EV_HOLD_WAIT] continuous_healthy=3.82s required=7.50s
[race_ego_cloud_bridge-8] [INFO] [1786826979.023525894] [race_ego_cloud_bridge]: [EGO_STATIC_MAP_READY] topic=/saved_map frame=map points=11417 fused=true
[offboard_waypoint_node-1] [INFO] [1786826979.110469334] [offboard_waypoint_node]: [CONTROL_ARBITER] selected_source=waiting_for_ev_ground_reference state=WAITING_FOR_ODOM
[super_planner_ros2_node-6] [INFO] [1786826979.245981661] [super_planner_ros2_node]: SUPER_ROS2 mode=IDLE enable_output=false reason=WAIT_ALTITUDE_REFERENCE odom=(0.32,-2.50,-0.07) goal=none tracking_setpoint_enu=(0.32,-2.50,-0.07) setpoint_ned=none yaw(desired/cmd/rate)=(0.00/0.00/0.00) cross_track=0.00 frame_id=px4_ned path_points=0 odom_source=/race/odom cloud_source=/saved_map mavros_connected=true
[ego_planner_node-10] [FSM]: state: WAIT_TARGET
[ego_planner_node-10] wait for goal or trigger.
[offboard_waypoint_node-1] [INFO] [1786826979.860284349] [offboard_waypoint_node]: [EV_HOLD_WAIT] continuous_healthy=4.87s required=7.50s
[fastlio_bridge_node-2] [INFO] [1786826980.003295108] [fastlio_bridge_node]: 已桥接并转换里程计: ENU(0.32, -2.50, -0.07) -> NED(-2.50, 0.32, 0.07)
[fastlio_bridge_node-2] [INFO] [1786826980.011825337] [fastlio_bridge_node]: 已桥接并转换里程计: ENU(0.32, -2.50, -0.07) -> NED(-2.50, 0.32, 0.07)
[fastlio_bridge_node-2] [INFO] [1786826980.021492394] [fastlio_bridge_node]: 已桥接并转换里程计: ENU(0.32, -2.50, -0.07) -> NED(-2.50, 0.32, 0.07)
[fastlio_bridge_node-2] [INFO] [1786826980.028819642] [fastlio_bridge_node]: 已桥接并转换里程计: ENU(0.32, -2.50, -0.07) -> NED(-2.50, 0.32, 0.07)
[fastlio_bridge_node-2] [INFO] [1786826980.038023258] [fastlio_bridge_node]: 已桥接并转换里程计: ENU(0.32, -2.50, -0.07) -> NED(-2.50, 0.32, 0.07)
[fastlio_bridge_node-2] [INFO] [1786826980.048168311] [fastlio_bridge_node]: 已桥接并转换里程计: ENU(0.32, -2.50, -0.07) -> NED(-2.50, 0.32, 0.07)
[fastlio_bridge_node-2] [INFO] [1786826980.054838409] [fastlio_bridge_node]: 已桥接并转换里程计: ENU(0.32, -2.50, -0.07) -> NED(-2.50, 0.32, 0.07)
[fastlio_bridge_node-2] [INFO] [1786826980.062957584] [fastlio_bridge_node]: 已桥接并转换里程计: ENU(0.32, -2.50, -0.07) -> NED(-2.50, 0.32, 0.07)
[fastlio_bridge_node-2] [INFO] [1786826980.070928437] [fastlio_bridge_node]: 已桥接并转换里程计: ENU(0.32, -2.50, -0.07) -> NED(-2.50, 0.32, 0.07)
[fastlio_bridge_node-2] [INFO] [1786826980.079271140] [fastlio_bridge_node]: 已桥接并转换里程计: ENU(0.32, -2.50, -0.07) -> NED(-2.50, 0.32, 0.07)
[fastlio_bridge_node-2] [INFO] [1786826980.087815917] [fastlio_bridge_node]: 已桥接并转换里程计: ENU(0.32, -2.50, -0.07) -> NED(-2.50, 0.32, 0.07)
[fastlio_bridge_node-2] [INFO] [1786826980.096037369] [fastlio_bridge_node]: 已桥接并转换里程计: ENU(0.32, -2.50, -0.07) -> NED(-2.50, 0.32, 0.07)
[offboard_waypoint_node-1] [INFO] [1786826980.110524379] [offboard_waypoint_node]: [CONTROL_ARBITER] selected_source=waiting_for_ev_ground_reference state=WAITING_FOR_ODOM
[rviz2-13] [INFO] [1786826980.273963909] [rviz2]: Message Filter dropping message: frame 'odom' at time 1786826978.980 for reason 'discarding message because the queue is full'
[super_planner_ros2_node-6] [INFO] [1786826980.296636670] [super_planner_ros2_node]: SUPER_ROS2 mode=IDLE enable_output=false reason=WAIT_ALTITUDE_REFERENCE odom=(0.32,-2.50,-0.07) goal=none tracking_setpoint_enu=(0.32,-2.50,-0.07) setpoint_ned=none yaw(desired/cmd/rate)=(0.00/0.00/0.00) cross_track=0.00 frame_id=px4_ned path_points=0 odom_source=/race/odom cloud_source=/saved_map mavros_connected=true
[race_ego_cloud_bridge-8] [INFO] [1786826980.535431290] [race_ego_cloud_bridge]: [EGO_MAP_FUSION] static_points=11417 live_raw_points=14868 confirmed_live_voxels=6029 min_observations=2 memory_sec=1.00 fused_points=17446
[race_ego_cloud_bridge-8] [INFO] [1786826980.536770519] [race_ego_cloud_bridge]: [EGO_MAP_INPUT] topic=/race/ego/cloud frame=map points=17446 source=static_live_px4 refresh_period=0.00s
[race_ego_trajectory_bridge-12] [INFO] [1786826980.547603482] [race_ego_trajectory_bridge]: [EGO_OCCUPANCY_MAP] topic=/race/ego/cloud frame=map raw_points=17446 map_age=0.011
[ego_planner_node-10] [INFO] [1786826980.758779531] [race_ego_planner]: [EGO_OCCUPANCY_UPDATE] input_topic=grid_map/cloud input_frame=map occupancy_frame=map cloud_points=17389 local_points=9535 occupied_voxels=25359 camera=(0.322,-2.502,-0.076) local_index_bounds=[(47,30,0),(117,111,8)]
[offboard_waypoint_node-1] [INFO] [1786826980.860372815] [offboard_waypoint_node]: [EV_HOLD_WAIT] continuous_healthy=5.87s required=7.50s
[ego_planner_node-10] [FSM]: state: WAIT_TARGET
[ego_planner_node-10] wait for goal or trigger.
[race_ego_cloud_bridge-8] [INFO] [1786826981.036105514] [race_ego_cloud_bridge]: [EGO_STATIC_MAP_READY] topic=/saved_map frame=map points=11417 fused=true
[offboard_waypoint_node-1] [INFO] [1786826981.160495932] [offboard_waypoint_node]: [CONTROL_ARBITER] selected_source=waiting_for_ev_ground_reference state=WAITING_FOR_ODOM
[super_planner_ros2_node-6] [INFO] [1786826981.345973805] [super_planner_ros2_node]: SUPER_ROS2 mode=IDLE enable_output=false reason=WAIT_ALTITUDE_REFERENCE odom=(0.32,-2.50,-0.08) goal=none tracking_setpoint_enu=(0.32,-2.50,-0.08) setpoint_ned=none yaw(desired/cmd/rate)=(0.00/0.00/0.00) cross_track=0.00 frame_id=px4_ned path_points=0 odom_source=/race/odom cloud_source=/saved_map mavros_connected=true
[offboard_waypoint_node-1] [INFO] [1786826981.860391319] [offboard_waypoint_node]: [EV_HOLD_WAIT] continuous_healthy=6.87s required=7.50s
[fastlio_bridge_node-2] [INFO] [1786826982.002534292] [fastlio_bridge_node]: 已桥接并转换里程计: ENU(0.32, -2.50, -0.08) -> NED(-2.50, 0.32, 0.08)
[fastlio_bridge_node-2] [INFO] [1786826982.010211560] [fastlio_bridge_node]: 已桥接并转换里程计: ENU(0.32, -2.50, -0.08) -> NED(-2.50, 0.32, 0.08)
[fastlio_bridge_node-2] [INFO] [1786826982.012499783] [fastlio_bridge_node]: 已桥接并转换里程计: ENU(0.32, -2.50, -0.08) -> NED(-2.50, 0.32, 0.08)
[fastlio_bridge_node-2] [INFO] [1786826982.016564099] [fastlio_bridge_node]: 已桥接并转换里程计: ENU(0.32, -2.50, -0.08) -> NED(-2.50, 0.32, 0.08)
[fastlio_bridge_node-2] [INFO] [1786826982.019503820] [fastlio_bridge_node]: 已桥接并转换里程计: ENU(0.32, -2.50, -0.08) -> NED(-2.50, 0.32, 0.08)
[fastlio_bridge_node-2] [INFO] [1786826982.025532920] [fastlio_bridge_node]: 已桥接并转换里程计: ENU(0.32, -2.50, -0.08) -> NED(-2.50, 0.32, 0.08)
[fastlio_bridge_node-2] [INFO] [1786826982.037991800] [fastlio_bridge_node]: 已桥接并转换里程计: ENU(0.32, -2.50, -0.08) -> NED(-2.50, 0.32, 0.08)
[fastlio_bridge_node-2] [INFO] [1786826982.041075878] [fastlio_bridge_node]: 已桥接并转换里程计: ENU(0.32, -2.50, -0.08) -> NED(-2.50, 0.32, 0.08)
[fastlio_bridge_node-2] [INFO] [1786826982.043271100] [fastlio_bridge_node]: 已桥接并转换里程计: ENU(0.32, -2.50, -0.08) -> NED(-2.50, 0.32, 0.08)
[fastlio_bridge_node-2] [INFO] [1786826982.051204486] [fastlio_bridge_node]: 已桥接并转换里程计: ENU(0.32, -2.50, -0.08) -> NED(-2.50, 0.32, 0.08)
[fastlio_bridge_node-2] [INFO] [1786826982.053131659] [fastlio_bridge_node]: 已桥接并转换里程计: ENU(0.32, -2.50, -0.08) -> NED(-2.50, 0.32, 0.08)
[fastlio_bridge_node-2] [INFO] [1786826982.062621372] [fastlio_bridge_node]: 已桥接并转换里程计: ENU(0.32, -2.50, -0.08) -> NED(-2.50, 0.32, 0.08)
[ego_planner_node-10] [FSM]: state: WAIT_TARGET
[ego_planner_node-10] wait for goal or trigger.
[fastlio_bridge_node-2] [INFO] [1786826982.066075224] [fastlio_bridge_node]: 已桥接并转换里程计: ENU(0.32, -2.50, -0.08) -> NED(-2.50, 0.32, 0.08)
[fastlio_bridge_node-2] [INFO] [1786826982.074457719] [fastlio_bridge_node]: 已桥接并转换里程计: ENU(0.32, -2.50, -0.08) -> NED(-2.50, 0.32, 0.08)
[fastlio_bridge_node-2] [INFO] [1786826982.077039465] [fastlio_bridge_node]: 已桥接并转换里程计: ENU(0.32, -2.50, -0.08) -> NED(-2.50, 0.32, 0.08)
[fastlio_bridge_node-2] [INFO] [1786826982.081872359] [fastlio_bridge_node]: 已桥接并转换里程计: ENU(0.32, -2.50, -0.08) -> NED(-2.50, 0.32, 0.08)
[fastlio_bridge_node-2] [INFO] [1786826982.084318452] [fastlio_bridge_node]: 已桥接并转换里程计: ENU(0.32, -2.50, -0.08) -> NED(-2.50, 0.32, 0.08)
[fastlio_bridge_node-2] [INFO] [1786826982.088707184] [fastlio_bridge_node]: 已桥接并转换里程计: ENU(0.32, -2.50, -0.08) -> NED(-2.50, 0.32, 0.08)
[fastlio_bridge_node-2] [INFO] [1786826982.094793988] [fastlio_bridge_node]: 已桥接并转换里程计: ENU(0.32, -2.50, -0.08) -> NED(-2.50, 0.32, 0.08)
[fastlio_bridge_node-2] [INFO] [1786826982.099451826] [fastlio_bridge_node]: 已桥接并转换里程计: ENU(0.32, -2.50, -0.08) -> NED(-2.50, 0.32, 0.08)
[offboard_waypoint_node-1] [INFO] [1786826982.160740390] [offboard_waypoint_node]: [CONTROL_ARBITER] selected_source=waiting_for_ev_ground_reference state=WAITING_FOR_ODOM
[super_planner_ros2_node-6] [INFO] [1786826982.346224806] [super_planner_ros2_node]: SUPER_ROS2 mode=IDLE enable_output=false reason=WAIT_ALTITUDE_REFERENCE odom=(0.32,-2.50,-0.08) goal=none tracking_setpoint_enu=(0.32,-2.50,-0.08) setpoint_ned=none yaw(desired/cmd/rate)=(0.00/0.00/0.00) cross_track=0.00 frame_id=px4_ned path_points=0 odom_source=/race/odom cloud_source=/saved_map mavros_connected=true
[offboard_waypoint_node-1] [WARN] [1786826982.510590416] [offboard_waypoint_node]: [HOLD_POSITION] x=-2.502 y=0.322 z=0.076 yaw=-1.885 reason=EV-ready startup idle hold
[offboard_waypoint_node-1] [WARN] [1786826982.511014319] [offboard_waypoint_node]: [CONTROL_STATE] WAITING_FOR_ODOM -> IDLE_HOLD: no active goal
[offboard_waypoint_node-1] [INFO] [1786826982.511751875] [offboard_waypoint_node]: [HOLD_ERROR] position_error=0.000 velocity=0.003 state=IDLE_HOLD
[race_ego_cloud_bridge-8] [INFO] [1786826982.624896378] [race_ego_cloud_bridge]: [EGO_MAP_FUSION] static_points=11417 live_raw_points=17774 confirmed_live_voxels=6426 min_observations=2 memory_sec=1.00 fused_points=17843
[race_ego_cloud_bridge-8] [INFO] [1786826982.625231726] [race_ego_cloud_bridge]: [EGO_MAP_INPUT] topic=/race/ego/cloud frame=map points=17843 source=static_live_px4 refresh_period=0.00s
[race_ego_trajectory_bridge-12] [INFO] [1786826982.631484479] [race_ego_trajectory_bridge]: [EGO_OCCUPANCY_MAP] topic=/race/ego/cloud frame=map raw_points=17843 map_age=0.006
[rviz2-13] [INFO] [1786826982.835104678] [rviz2]: Message Filter dropping message: frame 'odom' at time 1786826981.681 for reason 'discarding message because the queue is full'
[ego_planner_node-10] [INFO] [1786826982.908926352] [race_ego_planner]: [EGO_OCCUPANCY_UPDATE] input_topic=grid_map/cloud input_frame=map occupancy_frame=map cloud_points=17932 local_points=9789 occupied_voxels=25455 camera=(0.323,-2.502,-0.075) local_index_bounds=[(47,30,0),(117,111,8)]
[race_ego_cloud_bridge-8] [INFO] [1786826983.025885764] [race_ego_cloud_bridge]: [EGO_STATIC_MAP_READY] topic=/saved_map frame=map points=11417 fused=true
[offboard_waypoint_node-1] [INFO] [1786826983.161533679] [offboard_waypoint_node]: [CONTROL_ARBITER] selected_source=safety_hold state=IDLE_HOLD
[ego_planner_node-10] [FSM]: state: WAIT_TARGET
[ego_planner_node-10] wait for goal or trigger.
[super_planner_ros2_node-6] [INFO] [1786826983.346990773] [super_planner_ros2_node]: SUPER_ROS2 mode=IDLE enable_output=false reason=WAIT_ALTITUDE_REFERENCE odom=(0.32,-2.50,-0.07) goal=none tracking_setpoint_enu=(0.32,-2.50,-0.07) setpoint_ned=none yaw(desired/cmd/rate)=(0.00/0.00/0.00) cross_track=0.00 frame_id=px4_ned path_points=0 odom_source=/race/odom cloud_source=/saved_map mavros_connected=true
[offboard_waypoint_node-1] [WARN] [1786826983.494813984] [offboard_waypoint_node]: [MAP_LOCAL_ALIGNMENT_LOCKED] yaw=0.000786 translation=(-0.000,-0.003,-0.009)
[offboard_waypoint_node-1] [INFO] [1786826983.560661795] [offboard_waypoint_node]: [HOLD_ERROR] position_error=0.006 velocity=0.007 state=IDLE_HOLD
[fastlio_bridge_node-2] [INFO] [1786826984.001475294] [fastlio_bridge_node]: 已桥接并转换里程计: ENU(0.32, -2.50, -0.08) -> NED(-2.50, 0.32, 0.08)
[fastlio_bridge_node-2] [INFO] [1786826984.003951358] [fastlio_bridge_node]: 已桥接并转换里程计: ENU(0.32, -2.50, -0.08) -> NED(-2.50, 0.32, 0.08)
[fastlio_bridge_node-2] [INFO] [1786826984.007570521] [fastlio_bridge_node]: 已桥接并转换里程计: ENU(0.32, -2.50, -0.08) -> NED(-2.50, 0.32, 0.08)
[fastlio_bridge_node-2] [INFO] [1786826984.024422337] [fastlio_bridge_node]: 已桥接并转换里程计: ENU(0.32, -2.50, -0.08) -> NED(-2.50, 0.32, 0.08)
[fastlio_bridge_node-2] [INFO] [1786826984.024815698] [fastlio_bridge_node]: 已桥接并转换里程计: ENU(0.32, -2.50, -0.08) -> NED(-2.50, 0.32, 0.08)
[fastlio_bridge_node-2] [INFO] [1786826984.025221178] [fastlio_bridge_node]: 已桥接并转换里程计: ENU(0.32, -2.50, -0.08) -> NED(-2.50, 0.32, 0.08)
[fastlio_bridge_node-2] [INFO] [1786826984.031638795] [fastlio_bridge_node]: 已桥接并转换里程计: ENU(0.32, -2.50, -0.08) -> NED(-2.50, 0.32, 0.08)
[fastlio_bridge_node-2] [INFO] [1786826984.034906482] [fastlio_bridge_node]: 已桥接并转换里程计: ENU(0.32, -2.50, -0.08) -> NED(-2.50, 0.32, 0.08)
[fastlio_bridge_node-2] [INFO] [1786826984.043627930] [fastlio_bridge_node]: 已桥接并转换里程计: ENU(0.32, -2.50, -0.08) -> NED(-2.50, 0.32, 0.08)
[fastlio_bridge_node-2] [INFO] [1786826984.048013439] [fastlio_bridge_node]: 已桥接并转换里程计: ENU(0.32, -2.50, -0.08) -> NED(-2.50, 0.32, 0.08)
[fastlio_bridge_node-2] [INFO] [1786826984.049773146] [fastlio_bridge_node]: 已桥接并转换里程计: ENU(0.32, -2.50, -0.08) -> NED(-2.50, 0.32, 0.08)
[fastlio_bridge_node-2] [INFO] [1786826984.055134437] [fastlio_bridge_node]: 已桥接并转换里程计: ENU(0.32, -2.50, -0.08) -> NED(-2.50, 0.32, 0.08)
[fastlio_bridge_node-2] [INFO] [1786826984.060993678] [fastlio_bridge_node]: 已桥接并转换里程计: ENU(0.32, -2.50, -0.08) -> NED(-2.50, 0.32, 0.08)
[fastlio_bridge_node-2] [INFO] [1786826984.065232445] [fastlio_bridge_node]: 已桥接并转换里程计: ENU(0.32, -2.50, -0.08) -> NED(-2.50, 0.32, 0.08)
[fastlio_bridge_node-2] [INFO] [1786826984.067450686] [fastlio_bridge_node]: 已桥接并转换里程计: ENU(0.32, -2.50, -0.08) -> NED(-2.50, 0.32, 0.08)
[fastlio_bridge_node-2] [INFO] [1786826984.071549509] [fastlio_bridge_node]: 已桥接并转换里程计: ENU(0.32, -2.50, -0.08) -> NED(-2.50, 0.32, 0.08)
[fastlio_bridge_node-2] [INFO] [1786826984.078675071] [fastlio_bridge_node]: 已桥接并转换里程计: ENU(0.32, -2.50, -0.08) -> NED(-2.50, 0.32, 0.08)
[fastlio_bridge_node-2] [INFO] [1786826984.084005292] [fastlio_bridge_node]: 已桥接并转换里程计: ENU(0.32, -2.50, -0.08) -> NED(-2.50, 0.32, 0.08)
[fastlio_bridge_node-2] [INFO] [1786826984.091437403] [fastlio_bridge_node]: 已桥接并转换里程计: ENU(0.32, -2.50, -0.08) -> NED(-2.50, 0.32, 0.08)
[fastlio_bridge_node-2] [INFO] [1786826984.098350609] [fastlio_bridge_node]: 已桥接并转换里程计: ENU(0.32, -2.50, -0.08) -> NED(-2.50, 0.32, 0.08)
[offboard_waypoint_node-1] [INFO] [1786826984.210891884] [offboard_waypoint_node]: [CONTROL_ARBITER] selected_source=safety_hold state=IDLE_HOLD
[super_planner_ros2_node-6] [INFO] [1786826984.396090774] [super_planner_ros2_node]: SUPER_ROS2 mode=IDLE enable_output=false reason=WAIT_ALTITUDE_REFERENCE odom=(0.32,-2.50,-0.08) goal=none tracking_setpoint_enu=(0.32,-2.50,-0.08) setpoint_ned=none yaw(desired/cmd/rate)=(0.00/0.00/0.00) cross_track=0.00 frame_id=px4_ned path_points=0 odom_source=/race/odom cloud_source=/saved_map mavros_connected=true
[ego_planner_node-10] [FSM]: state: WAIT_TARGET
[ego_planner_node-10] wait for goal or trigger.
[offboard_waypoint_node-1] [INFO] [1786826984.610703441] [offboard_waypoint_node]: [HOLD_ERROR] position_error=0.006 velocity=0.006 state=IDLE_HOLD
[race_ego_cloud_bridge-8] [INFO] [1786826984.630149680] [race_ego_cloud_bridge]: [EGO_MAP_FUSION] static_points=11417 live_raw_points=17800 confirmed_live_voxels=6184 min_observations=2 memory_sec=1.00 fused_points=17601
[race_ego_cloud_bridge-8] [INFO] [1786826984.631614105] [race_ego_cloud_bridge]: [EGO_MAP_INPUT] topic=/race/ego/cloud frame=map points=17601 source=static_live_px4 refresh_period=0.00s
[race_ego_trajectory_bridge-12] [INFO] [1786826984.643959192] [race_ego_trajectory_bridge]: [EGO_OCCUPANCY_MAP] topic=/race/ego/cloud frame=map raw_points=17601 map_age=0.013
[race_ego_cloud_bridge-8] [INFO] [1786826985.027728000] [race_ego_cloud_bridge]: [EGO_STATIC_MAP_READY] topic=/saved_map frame=map points=11417 fused=true
[ego_planner_node-10] [INFO] [1786826985.056576138] [race_ego_planner]: [EGO_OCCUPANCY_UPDATE] input_topic=grid_map/cloud input_frame=map occupancy_frame=map cloud_points=17319 local_points=9590 occupied_voxels=25406 camera=(0.322,-2.502,-0.077) local_index_bounds=[(47,30,0),(117,111,8)]
[offboard_waypoint_node-1] [INFO] [1786826985.214275171] [offboard_waypoint_node]: [CONTROL_ARBITER] selected_source=safety_hold state=IDLE_HOLD
[rviz2-13] [INFO] [1786826985.359561646] [rviz2]: Message Filter dropping message: frame 'odom' at time 1786826984.280 for reason 'discarding message because the queue is full'
[super_planner_ros2_node-6] [INFO] [1786826985.396460078] [super_planner_ros2_node]: SUPER_ROS2 mode=IDLE enable_output=false reason=WAIT_ALTITUDE_REFERENCE odom=(0.32,-2.50,-0.07) goal=none tracking_setpoint_enu=(0.32,-2.50,-0.07) setpoint_ned=none yaw(desired/cmd/rate)=(0.00/0.00/0.00) cross_track=0.00 frame_id=px4_ned path_points=0 odom_source=/race/odom cloud_source=/saved_map mavros_connected=true
[ego_planner_node-10] [FSM]: state: WAIT_TARGET
[ego_planner_node-10] wait for goal or trigger.
[offboard_waypoint_node-1] [INFO] [1786826985.616087566] [offboard_waypoint_node]: [HOLD_ERROR] position_error=0.002 velocity=0.004 state=IDLE_HOLD
[fastlio_bridge_node-2] [INFO] [1786826986.002621374] [fastlio_bridge_node]: 已桥接并转换里程计: ENU(0.32, -2.50, -0.07) -> NED(-2.50, 0.32, 0.07)
[fastlio_bridge_node-2] [INFO] [1786826986.012625875] [fastlio_bridge_node]: 已桥接并转换里程计: ENU(0.32, -2.50, -0.07) -> NED(-2.50, 0.32, 0.07)
[fastlio_bridge_node-2] [INFO] [1786826986.013233036] [fastlio_bridge_node]: 已桥接并转换里程计: ENU(0.32, -2.50, -0.07) -> NED(-2.50, 0.32, 0.07)
[fastlio_bridge_node-2] [INFO] [1786826986.014983182] [fastlio_bridge_node]: 已桥接并转换里程计: ENU(0.32, -2.50, -0.07) -> NED(-2.50, 0.32, 0.07)
[fastlio_bridge_node-2] [INFO] [1786826986.017998229] [fastlio_bridge_node]: 已桥接并转换里程计: ENU(0.32, -2.50, -0.07) -> NED(-2.50, 0.32, 0.07)
[fastlio_bridge_node-2] [INFO] [1786826986.025555096] [fastlio_bridge_node]: 已桥接并转换里程计: ENU(0.32, -2.50, -0.07) -> NED(-2.50, 0.32, 0.07)
[fastlio_bridge_node-2] [INFO] [1786826986.032034377] [fastlio_bridge_node]: 已桥接并转换里程计: ENU(0.32, -2.50, -0.07) -> NED(-2.50, 0.32, 0.07)
[fastlio_bridge_node-2] [INFO] [1786826986.037123022] [fastlio_bridge_node]: 已桥接并转换里程计: ENU(0.32, -2.50, -0.07) -> NED(-2.50, 0.32, 0.07)
[fastlio_bridge_node-2] [INFO] [1786826986.042018215] [fastlio_bridge_node]: 已桥接并转换里程计: ENU(0.32, -2.50, -0.07) -> NED(-2.50, 0.32, 0.07)
[fastlio_bridge_node-2] [INFO] [1786826986.046768926] [fastlio_bridge_node]: 已桥接并转换里程计: ENU(0.32, -2.50, -0.07) -> NED(-2.50, 0.32, 0.07)
[fastlio_bridge_node-2] [INFO] [1786826986.054677959] [fastlio_bridge_node]: 已桥接并转换里程计: ENU(0.32, -2.50, -0.07) -> NED(-2.50, 0.32, 0.07)
[fastlio_bridge_node-2] [INFO] [1786826986.057012720] [fastlio_bridge_node]: 已桥接并转换里程计: ENU(0.32, -2.50, -0.07) -> NED(-2.50, 0.32, 0.07)
[fastlio_bridge_node-2] [INFO] [1786826986.060140514] [fastlio_bridge_node]: 已桥接并转换里程计: ENU(0.32, -2.50, -0.07) -> NED(-2.50, 0.32, 0.07)
[fastlio_bridge_node-2] [INFO] [1786826986.062643383] [fastlio_bridge_node]: 已桥接并转换里程计: ENU(0.32, -2.50, -0.07) -> NED(-2.50, 0.32, 0.07)
[fastlio_bridge_node-2] [INFO] [1786826986.069067234] [fastlio_bridge_node]: 已桥接并转换里程计: ENU(0.32, -2.50, -0.07) -> NED(-2.50, 0.32, 0.07)
[fastlio_bridge_node-2] [INFO] [1786826986.072119942] [fastlio_bridge_node]: 已桥接并转换里程计: ENU(0.32, -2.50, -0.07) -> NED(-2.50, 0.32, 0.07)
[fastlio_bridge_node-2] [INFO] [1786826986.078337996] [fastlio_bridge_node]: 已桥接并转换里程计: ENU(0.32, -2.50, -0.07) -> NED(-2.50, 0.32, 0.07)
[fastlio_bridge_node-2] [INFO] [1786826986.083628169] [fastlio_bridge_node]: 已桥接并转换里程计: ENU(0.32, -2.50, -0.07) -> NED(-2.50, 0.32, 0.07)
[fastlio_bridge_node-2] [INFO] [1786826986.092374078] [fastlio_bridge_node]: 已桥接并转换里程计: ENU(0.32, -2.50, -0.07) -> NED(-2.50, 0.32, 0.07)
[fastlio_bridge_node-2] [INFO] [1786826986.097289346] [fastlio_bridge_node]: 已桥接并转换里程计: ENU(0.32, -2.50, -0.07) -> NED(-2.50, 0.32, 0.07)
[offboard_waypoint_node-1] [INFO] [1786826986.262618529] [offboard_waypoint_node]: [CONTROL_ARBITER] selected_source=safety_hold state=IDLE_HOLD
[super_planner_ros2_node-6] [INFO] [1786826986.397444302] [super_planner_ros2_node]: SUPER_ROS2 mode=IDLE enable_output=false reason=WAIT_ALTITUDE_REFERENCE odom=(0.32,-2.50,-0.07) goal=none tracking_setpoint_enu=(0.32,-2.50,-0.07) setpoint_ned=none yaw(desired/cmd/rate)=(0.00/0.00/0.00) cross_track=0.00 frame_id=px4_ned path_points=0 odom_source=/race/odom cloud_source=/saved_map mavros_connected=true
[offboard_waypoint_node-1] [INFO] [1786826986.662580109] [offboard_waypoint_node]: [HOLD_ERROR] position_error=0.005 velocity=0.004 state=IDLE_HOLD
[race_ego_cloud_bridge-8] [INFO] [1786826986.662873799] [race_ego_cloud_bridge]: [EGO_MAP_FUSION] static_points=11417 live_raw_points=14993 confirmed_live_voxels=5456 min_observations=2 memory_sec=1.00 fused_points=16873
[race_ego_cloud_bridge-8] [INFO] [1786826986.663312942] [race_ego_cloud_bridge]: [EGO_MAP_INPUT] topic=/race/ego/cloud frame=map points=16873 source=static_live_px4 refresh_period=0.00s
[race_ego_trajectory_bridge-12] [INFO] [1786826986.685430982] [race_ego_trajectory_bridge]: [EGO_OCCUPANCY_MAP] topic=/race/ego/cloud frame=map raw_points=16873 map_age=0.022
[ego_planner_node-10] [FSM]: state: WAIT_TARGET
[ego_planner_node-10] wait for goal or trigger.
[race_ego_cloud_bridge-8] [INFO] [1786826987.043422780] [race_ego_cloud_bridge]: [EGO_STATIC_MAP_READY] topic=/saved_map frame=map points=11417 fused=true
[ego_planner_node-10] [INFO] [1786826987.060902153] [race_ego_planner]: [EGO_OCCUPANCY_UPDATE] input_topic=grid_map/cloud input_frame=map occupancy_frame=map cloud_points=17492 local_points=9722 occupied_voxels=25315 camera=(0.323,-2.503,-0.077) local_index_bounds=[(47,30,0),(117,111,8)]
[offboard_waypoint_node-1] [INFO] [1786826987.310791130] [offboard_waypoint_node]: [CONTROL_ARBITER] selected_source=safety_hold state=IDLE_HOLD
[super_planner_ros2_node-6] [INFO] [1786826987.447786753] [super_planner_ros2_node]: SUPER_ROS2 mode=IDLE enable_output=false reason=WAIT_ALTITUDE_REFERENCE odom=(0.32,-2.50,-0.08) goal=none tracking_setpoint_enu=(0.32,-2.50,-0.08) setpoint_ned=none yaw(desired/cmd/rate)=(0.00/0.00/0.00) cross_track=0.00 frame_id=px4_ned path_points=0 odom_source=/race/odom cloud_source=/saved_map mavros_connected=true
[offboard_waypoint_node-1] [INFO] [1786826987.710805245] [offboard_waypoint_node]: [HOLD_ERROR] position_error=0.004 velocity=0.008 state=IDLE_HOLD
[rviz2-13] [INFO] [1786826987.870189346] [rviz2]: Message Filter dropping message: frame 'odom' at time 1786826986.780 for reason 'discarding message because the queue is full'
[ego_planner_node-10] [FSM]: state: WAIT_TARGET
[ego_planner_node-10] wait for goal or trigger.
[fastlio_bridge_node-2] [INFO] [1786826988.001421689] [fastlio_bridge_node]: 已桥接并转换里程计: ENU(0.32, -2.50, -0.08) -> NED(-2.50, 0.32, 0.08)
[fastlio_bridge_node-2] [INFO] [1786826988.005253061] [fastlio_bridge_node]: 已桥接并转换里程计: ENU(0.32, -2.50, -0.08) -> NED(-2.50, 0.32, 0.08)
[fastlio_bridge_node-2] [INFO] [1786826988.011395423] [fastlio_bridge_node]: 已桥接并转换里程计: ENU(0.32, -2.50, -0.08) -> NED(-2.50, 0.32, 0.08)
[fastlio_bridge_node-2] [INFO] [1786826988.015764347] [fastlio_bridge_node]: 已桥接并转换里程计: ENU(0.32, -2.50, -0.08) -> NED(-2.50, 0.32, 0.08)
[fastlio_bridge_node-2] [INFO] [1786826988.022848225] [fastlio_bridge_node]: 已桥接并转换里程计: ENU(0.32, -2.50, -0.08) -> NED(-2.50, 0.32, 0.08)
[fastlio_bridge_node-2] [INFO] [1786826988.025908763] [fastlio_bridge_node]: 已桥接并转换里程计: ENU(0.32, -2.50, -0.08) -> NED(-2.50, 0.32, 0.08)
[fastlio_bridge_node-2] [INFO] [1786826988.028151944] [fastlio_bridge_node]: 已桥接并转换里程计: ENU(0.32, -2.50, -0.08) -> NED(-2.50, 0.32, 0.08)
[fastlio_bridge_node-2] [INFO] [1786826988.039261926] [fastlio_bridge_node]: 已桥接并转换里程计: ENU(0.32, -2.50, -0.08) -> NED(-2.50, 0.32, 0.08)
[fastlio_bridge_node-2] [INFO] [1786826988.039592121] [fastlio_bridge_node]: 已桥接并转换里程计: ENU(0.32, -2.50, -0.08) -> NED(-2.50, 0.32, 0.08)
[fastlio_bridge_node-2] [INFO] [1786826988.042454446] [fastlio_bridge_node]: 已桥接并转换里程计: ENU(0.32, -2.50, -0.08) -> NED(-2.50, 0.32, 0.08)
[fastlio_bridge_node-2] [INFO] [1786826988.050489070] [fastlio_bridge_node]: 已桥接并转换里程计: ENU(0.32, -2.50, -0.08) -> NED(-2.50, 0.32, 0.08)
[fastlio_bridge_node-2] [INFO] [1786826988.051897734] [fastlio_bridge_node]: 已桥接并转换里程计: ENU(0.32, -2.50, -0.08) -> NED(-2.50, 0.32, 0.08)
[fastlio_bridge_node-2] [INFO] [1786826988.061081310] [fastlio_bridge_node]: 已桥接并转换里程计: ENU(0.32, -2.50, -0.08) -> NED(-2.50, 0.32, 0.08)
[fastlio_bridge_node-2] [INFO] [1786826988.064009946] [fastlio_bridge_node]: 已桥接并转换里程计: ENU(0.32, -2.50, -0.08) -> NED(-2.50, 0.32, 0.08)
[fastlio_bridge_node-2] [INFO] [1786826988.070418650] [fastlio_bridge_node]: 已桥接并转换里程计: ENU(0.32, -2.50, -0.08) -> NED(-2.50, 0.32, 0.08)
[fastlio_bridge_node-2] [INFO] [1786826988.077125331] [fastlio_bridge_node]: 已桥接并转换里程计: ENU(0.32, -2.50, -0.08) -> NED(-2.50, 0.32, 0.08)
[fastlio_bridge_node-2] [INFO] [1786826988.079411405] [fastlio_bridge_node]: 已桥接并转换里程计: ENU(0.32, -2.50, -0.08) -> NED(-2.50, 0.32, 0.08)
[fastlio_bridge_node-2] [INFO] [1786826988.082169534] [fastlio_bridge_node]: 已桥接并转换里程计: ENU(0.32, -2.50, -0.08) -> NED(-2.50, 0.32, 0.08)
[fastlio_bridge_node-2] [INFO] [1786826988.093251020] [fastlio_bridge_node]: 已桥接并转换里程计: ENU(0.32, -2.50, -0.08) -> NED(-2.50, 0.32, 0.08)
[fastlio_bridge_node-2] [INFO] [1786826988.099307052] [fastlio_bridge_node]: 已桥接并转换里程计: ENU(0.32, -2.50, -0.08) -> NED(-2.50, 0.32, 0.08)
[offboard_waypoint_node-1] [INFO] [1786826988.311187845] [offboard_waypoint_node]: [CONTROL_ARBITER] selected_source=safety_hold state=IDLE_HOLD
[super_planner_ros2_node-6] [INFO] [1786826988.449785334] [super_planner_ros2_node]: SUPER_ROS2 mode=IDLE enable_output=false reason=WAIT_ALTITUDE_REFERENCE odom=(0.32,-2.50,-0.07) goal=none tracking_setpoint_enu=(0.32,-2.50,-0.07) setpoint_ned=none yaw(desired/cmd/rate)=(0.00/0.00/0.00) cross_track=0.00 frame_id=px4_ned path_points=0 odom_source=/race/odom cloud_source=/saved_map mavros_connected=true
[offboard_waypoint_node-1] [INFO] [1786826988.760901253] [offboard_waypoint_node]: [HOLD_ERROR] position_error=0.002 velocity=0.004 state=IDLE_HOLD
[race_ego_cloud_bridge-8] [INFO] [1786826988.835557255] [race_ego_cloud_bridge]: [EGO_MAP_FUSION] static_points=11417 live_raw_points=17816 confirmed_live_voxels=5791 min_observations=2 memory_sec=1.00 fused_points=17208
[race_ego_cloud_bridge-8] [INFO] [1786826988.835856117] [race_ego_cloud_bridge]: [EGO_MAP_INPUT] topic=/race/ego/cloud frame=map points=17208 source=static_live_px4 refresh_period=0.00s
[race_ego_trajectory_bridge-12] [INFO] [1786826988.844456919] [race_ego_trajectory_bridge]: [EGO_OCCUPANCY_MAP] topic=/race/ego/cloud frame=map raw_points=17208 map_age=0.009
[race_ego_cloud_bridge-8] [INFO] [1786826989.049904341] [race_ego_cloud_bridge]: [EGO_STATIC_MAP_READY] topic=/saved_map frame=map points=11417 fused=true
[ego_planner_node-10] [INFO] [1786826989.160881849] [race_ego_planner]: [EGO_OCCUPANCY_UPDATE] input_topic=grid_map/cloud input_frame=map occupancy_frame=map cloud_points=16613 local_points=9414 occupied_voxels=25226 camera=(0.321,-2.501,-0.076) local_index_bounds=[(47,30,0),(117,111,8)]
[ego_planner_node-10] [FSM]: state: WAIT_TARGET
[ego_planner_node-10] wait for goal or trigger.
[offboard_waypoint_node-1] [INFO] [1786826989.314565881] [offboard_waypoint_node]: [CONTROL_ARBITER] selected_source=safety_hold state=IDLE_HOLD
[super_planner_ros2_node-6] [INFO] [1786826989.467769890] [super_planner_ros2_node]: SUPER_ROS2 mode=IDLE enable_output=false reason=WAIT_ALTITUDE_REFERENCE odom=(0.32,-2.50,-0.07) goal=none tracking_setpoint_enu=(0.32,-2.50,-0.07) setpoint_ned=none yaw(desired/cmd/rate)=(0.00/0.00/0.00) cross_track=0.00 frame_id=px4_ned path_points=0 odom_source=/race/odom cloud_source=/saved_map mavros_connected=true
[offboard_waypoint_node-1] [INFO] [1786826989.589715162] [offboard_waypoint_node]: [EV_HEALTH] state=SUSPECT continuous_healthy=0.00s
[offboard_waypoint_node-1] [INFO] [1786826989.761037556] [offboard_waypoint_node]: [HOLD_ERROR] position_error=0.008 velocity=0.011 state=IDLE_HOLD
[fastlio_bridge_node-2] [INFO] [1786826990.001391090] [fastlio_bridge_node]: 已桥接并转换里程计: ENU(0.32, -2.50, -0.07) -> NED(-2.50, 0.32, 0.07)
[fastlio_bridge_node-2] [INFO] [1786826990.003343072] [fastlio_bridge_node]: 已桥接并转换里程计: ENU(0.32, -2.50, -0.07) -> NED(-2.50, 0.32, 0.07)
[fastlio_bridge_node-2] [INFO] [1786826990.009492008] [fastlio_bridge_node]: 已桥接并转换里程计: ENU(0.32, -2.50, -0.07) -> NED(-2.50, 0.32, 0.07)
[fastlio_bridge_node-2] [INFO] [1786826990.014230366] [fastlio_bridge_node]: 已桥接并转换里程计: ENU(0.32, -2.50, -0.07) -> NED(-2.50, 0.32, 0.07)
[fastlio_bridge_node-2] [INFO] [1786826990.020450980] [fastlio_bridge_node]: 已桥接并转换里程计: ENU(0.32, -2.50, -0.07) -> NED(-2.50, 0.32, 0.07)
[fastlio_bridge_node-2] [INFO] [1786826990.026030665] [fastlio_bridge_node]: 已桥接并转换里程计: ENU(0.32, -2.50, -0.07) -> NED(-2.50, 0.32, 0.07)
[fastlio_bridge_node-2] [INFO] [1786826990.032206444] [fastlio_bridge_node]: 已桥接并转换里程计: ENU(0.32, -2.50, -0.07) -> NED(-2.50, 0.32, 0.07)
[fastlio_bridge_node-2] [INFO] [1786826990.038306526] [fastlio_bridge_node]: 已桥接并转换里程计: ENU(0.32, -2.50, -0.07) -> NED(-2.50, 0.32, 0.07)
[fastlio_bridge_node-2] [INFO] [1786826990.040558589] [fastlio_bridge_node]: 已桥接并转换里程计: ENU(0.32, -2.50, -0.07) -> NED(-2.50, 0.32, 0.07)
[fastlio_bridge_node-2] [INFO] [1786826990.045222337] [fastlio_bridge_node]: 已桥接并转换里程计: ENU(0.32, -2.50, -0.08) -> NED(-2.50, 0.32, 0.08)
[fastlio_bridge_node-2] [INFO] [1786826990.049820598] [fastlio_bridge_node]: 已桥接并转换里程计: ENU(0.32, -2.50, -0.08) -> NED(-2.50, 0.32, 0.08)
[fastlio_bridge_node-2] [INFO] [1786826990.054031365] [fastlio_bridge_node]: 已桥接并转换里程计: ENU(0.32, -2.50, -0.08) -> NED(-2.50, 0.32, 0.08)
[fastlio_bridge_node-2] [INFO] [1786826990.058750288] [fastlio_bridge_node]: 已桥接并转换里程计: ENU(0.32, -2.50, -0.08) -> NED(-2.50, 0.32, 0.08)
[fastlio_bridge_node-2] [INFO] [1786826990.061552342] [fastlio_bridge_node]: 已桥接并转换里程计: ENU(0.32, -2.50, -0.08) -> NED(-2.50, 0.32, 0.08)
[fastlio_bridge_node-2] [INFO] [1786826990.070707597] [fastlio_bridge_node]: 已桥接并转换里程计: ENU(0.32, -2.50, -0.08) -> NED(-2.50, 0.32, 0.08)
[fastlio_bridge_node-2] [INFO] [1786826990.074822741] [fastlio_bridge_node]: 已桥接并转换里程计: ENU(0.32, -2.50, -0.08) -> NED(-2.50, 0.32, 0.08)
[fastlio_bridge_node-2] [INFO] [1786826990.083261353] [fastlio_bridge_node]: 已桥接并转换里程计: ENU(0.32, -2.50, -0.08) -> NED(-2.50, 0.32, 0.08)
[fastlio_bridge_node-2] [INFO] [1786826990.090860358] [fastlio_bridge_node]: 已桥接并转换里程计: ENU(0.32, -2.50, -0.08) -> NED(-2.50, 0.32, 0.08)
[fastlio_bridge_node-2] [INFO] [1786826990.095605488] [fastlio_bridge_node]: 已桥接并转换里程计: ENU(0.32, -2.50, -0.08) -> NED(-2.50, 0.32, 0.08)
[offboard_waypoint_node-1] [INFO] [1786826990.360994512] [offboard_waypoint_node]: [CONTROL_ARBITER] selected_source=safety_hold state=IDLE_HOLD
[rviz2-13] [INFO] [1786826990.459207811] [rviz2]: Message Filter dropping message: frame 'odom' at time 1786826989.280 for reason 'discarding message because the queue is full'
[ego_planner_node-10] [FSM]: state: WAIT_TARGET
[ego_planner_node-10] wait for goal or trigger.
[super_planner_ros2_node-6] [INFO] [1786826990.496306744] [super_planner_ros2_node]: SUPER_ROS2 mode=IDLE enable_output=false reason=WAIT_ALTITUDE_REFERENCE odom=(0.32,-2.50,-0.08) goal=none tracking_setpoint_enu=(0.32,-2.50,-0.08) setpoint_ned=none yaw(desired/cmd/rate)=(0.00/0.00/0.00) cross_track=0.00 frame_id=px4_ned path_points=0 odom_source=/race/odom cloud_source=/saved_map mavros_connected=true
[offboard_waypoint_node-1] [INFO] [1786826990.811082775] [offboard_waypoint_node]: [HOLD_ERROR] position_error=0.019 velocity=0.019 state=IDLE_HOLD
[race_ego_cloud_bridge-8] [INFO] [1786826991.030028035] [race_ego_cloud_bridge]: [EGO_STATIC_MAP_READY] topic=/saved_map frame=map points=11417 fused=true
[race_ego_cloud_bridge-8] [INFO] [1786826991.056995261] [race_ego_cloud_bridge]: [EGO_MAP_FUSION] static_points=11417 live_raw_points=17607 confirmed_live_voxels=6260 min_observations=2 memory_sec=1.00 fused_points=17677
[race_ego_cloud_bridge-8] [INFO] [1786826991.058263092] [race_ego_cloud_bridge]: [EGO_MAP_INPUT] topic=/race/ego/cloud frame=map points=17677 source=static_live_px4 refresh_period=0.00s
[race_ego_trajectory_bridge-12] [INFO] [1786826991.069653692] [race_ego_trajectory_bridge]: [EGO_OCCUPANCY_MAP] topic=/race/ego/cloud frame=map raw_points=17677 map_age=0.012
[ego_planner_node-10] [INFO] [1786826991.238669461] [race_ego_planner]: [EGO_OCCUPANCY_UPDATE] input_topic=grid_map/cloud input_frame=map occupancy_frame=map cloud_points=17591 local_points=9511 occupied_voxels=25286 camera=(0.323,-2.504,-0.075) local_index_bounds=[(47,30,0),(117,111,8)]
[offboard_waypoint_node-1] [INFO] [1786826991.361415285] [offboard_waypoint_node]: [CONTROL_ARBITER] selected_source=safety_hold state=IDLE_HOLD
[super_planner_ros2_node-6] [INFO] [1786826991.497143808] [super_planner_ros2_node]: SUPER_ROS2 mode=IDLE enable_output=false reason=WAIT_ALTITUDE_REFERENCE odom=(0.32,-2.50,-0.08) goal=none tracking_setpoint_enu=(0.32,-2.50,-0.08) setpoint_ned=none yaw(desired/cmd/rate)=(0.00/0.00/0.00) cross_track=0.00 frame_id=px4_ned path_points=0 odom_source=/race/odom cloud_source=/saved_map mavros_connected=true
[ego_planner_node-10] [FSM]: state: WAIT_TARGET
[ego_planner_node-10] wait for goal or trigger.
[offboard_waypoint_node-1] [INFO] [1786826991.637007548] [offboard_waypoint_node]: [EV_HEALTH] state=HEALTHY continuous_healthy=0.00s
[offboard_waypoint_node-1] [INFO] [1786826991.811322639] [offboard_waypoint_node]: [HOLD_ERROR] position_error=0.007 velocity=0.005 state=IDLE_HOLD
[fastlio_bridge_node-2] [INFO] [1786826992.001006836] [fastlio_bridge_node]: 已桥接并转换里程计: ENU(0.32, -2.50, -0.08) -> NED(-2.50, 0.32, 0.08)
[fastlio_bridge_node-2] [INFO] [1786826992.010676111] [fastlio_bridge_node]: 已桥接并转换里程计: ENU(0.32, -2.50, -0.08) -> NED(-2.50, 0.32, 0.08)
[fastlio_bridge_node-2] [INFO] [1786826992.023511419] [fastlio_bridge_node]: 已桥接并转换里程计: ENU(0.32, -2.50, -0.08) -> NED(-2.50, 0.32, 0.08)
[fastlio_bridge_node-2] [INFO] [1786826992.033869070] [fastlio_bridge_node]: 已桥接并转换里程计: ENU(0.32, -2.50, -0.08) -> NED(-2.50, 0.32, 0.08)
[fastlio_bridge_node-2] [INFO] [1786826992.043306727] [fastlio_bridge_node]: 已桥接并转换里程计: ENU(0.32, -2.50, -0.08) -> NED(-2.50, 0.32, 0.08)
[fastlio_bridge_node-2] [INFO] [1786826992.051377579] [fastlio_bridge_node]: 已桥接并转换里程计: ENU(0.32, -2.50, -0.08) -> NED(-2.50, 0.32, 0.08)
[fastlio_bridge_node-2] [INFO] [1786826992.059616166] [fastlio_bridge_node]: 已桥接并转换里程计: ENU(0.32, -2.50, -0.08) -> NED(-2.50, 0.32, 0.08)
[fastlio_bridge_node-2] [INFO] [1786826992.072569482] [fastlio_bridge_node]: 已桥接并转换里程计: ENU(0.32, -2.50, -0.08) -> NED(-2.50, 0.32, 0.08)
[fastlio_bridge_node-2] [INFO] [1786826992.080782562] [fastlio_bridge_node]: 已桥接并转换里程计: ENU(0.32, -2.50, -0.08) -> NED(-2.50, 0.32, 0.08)
[fastlio_bridge_node-2] [INFO] [1786826992.092464929] [fastlio_bridge_node]: 已桥接并转换里程计: ENU(0.32, -2.50, -0.08) -> NED(-2.50, 0.32, 0.08)
[offboard_waypoint_node-1] [INFO] [1786826992.411042105] [offboard_waypoint_node]: [CONTROL_ARBITER] selected_source=safety_hold state=IDLE_HOLD
[super_planner_ros2_node-6] [INFO] [1786826992.499072404] [super_planner_ros2_node]: SUPER_ROS2 mode=IDLE enable_output=false reason=WAIT_ALTITUDE_REFERENCE odom=(0.32,-2.50,-0.07) goal=none tracking_setpoint_enu=(0.32,-2.50,-0.07) setpoint_ned=none yaw(desired/cmd/rate)=(0.00/0.00/0.00) cross_track=0.00 frame_id=px4_ned path_points=0 odom_source=/race/odom cloud_source=/saved_map mavros_connected=true
[offboard_waypoint_node-1] [INFO] [1786826992.861485916] [offboard_waypoint_node]: [HOLD_ERROR] position_error=0.006 velocity=0.001 state=IDLE_HOLD
[ego_planner_node-10] [FSM]: state: WAIT_TARGET
[ego_planner_node-10] wait for goal or trigger.
[race_ego_cloud_bridge-8] [INFO] [1786826993.028086819] [race_ego_cloud_bridge]: [EGO_STATIC_MAP_READY] topic=/saved_map frame=map points=11417 fused=true
[rviz2-13] [INFO] [1786826993.053225858] [rviz2]: Message Filter dropping message: frame 'odom' at time 1786826991.780 for reason 'discarding message because the queue is full'
[race_ego_cloud_bridge-8] [INFO] [1786826993.261411163] [race_ego_cloud_bridge]: [EGO_MAP_FUSION] static_points=11417 live_raw_points=14899 confirmed_live_voxels=5839 min_observations=2 memory_sec=1.00 fused_points=17256
[race_ego_cloud_bridge-8] [INFO] [1786826993.262789448] [race_ego_cloud_bridge]: [EGO_MAP_INPUT] topic=/race/ego/cloud frame=map points=17256 source=static_live_px4 refresh_period=0.00s
[race_ego_trajectory_bridge-12] [INFO] [1786826993.271197256] [race_ego_trajectory_bridge]: [EGO_OCCUPANCY_MAP] topic=/race/ego/cloud frame=map raw_points=17256 map_age=0.009
[ego_planner_node-10] [INFO] [1786826993.274788247] [race_ego_planner]: [EGO_OCCUPANCY_UPDATE] input_topic=grid_map/cloud input_frame=map occupancy_frame=map cloud_points=17256 local_points=9572 occupied_voxels=25398 camera=(0.323,-2.502,-0.077) local_index_bounds=[(47,30,0),(117,111,8)]
[offboard_waypoint_node-1] [INFO] [1786826993.412145944] [offboard_waypoint_node]: [CONTROL_ARBITER] selected_source=safety_hold state=IDLE_HOLD
[super_planner_ros2_node-6] [INFO] [1786826993.546494452] [super_planner_ros2_node]: SUPER_ROS2 mode=IDLE enable_output=false reason=WAIT_ALTITUDE_REFERENCE odom=(0.32,-2.50,-0.08) goal=none tracking_setpoint_enu=(0.32,-2.50,-0.08) setpoint_ned=none yaw(desired/cmd/rate)=(0.00/0.00/0.00) cross_track=0.00 frame_id=px4_ned path_points=0 odom_source=/race/odom cloud_source=/saved_map mavros_connected=true
[offboard_waypoint_node-1] [INFO] [1786826993.911215722] [offboard_waypoint_node]: [HOLD_ERROR] position_error=0.003 velocity=0.004 state=IDLE_HOLD
[ego_planner_node-10] [FSM]: state: WAIT_TARGET
[ego_planner_node-10] wait for goal or trigger.
[fastlio_bridge_node-2] [INFO] [1786826994.000868318] [fastlio_bridge_node]: 已桥接并转换里程计: ENU(0.32, -2.50, -0.08) -> NED(-2.50, 0.32, 0.08)
[fastlio_bridge_node-2] [INFO] [1786826994.004597583] [fastlio_bridge_node]: 已桥接并转换里程计: ENU(0.32, -2.50, -0.08) -> NED(-2.50, 0.32, 0.08)
[fastlio_bridge_node-2] [INFO] [1786826994.017428070] [fastlio_bridge_node]: 已桥接并转换里程计: ENU(0.32, -2.50, -0.08) -> NED(-2.50, 0.32, 0.08)
[fastlio_bridge_node-2] [INFO] [1786826994.017938193] [fastlio_bridge_node]: 已桥接并转换里程计: ENU(0.32, -2.50, -0.08) -> NED(-2.50, 0.32, 0.08)
[fastlio_bridge_node-2] [INFO] [1786826994.024019772] [fastlio_bridge_node]: 已桥接并转换里程计: ENU(0.32, -2.50, -0.08) -> NED(-2.50, 0.32, 0.08)
[fastlio_bridge_node-2] [INFO] [1786826994.030472450] [fastlio_bridge_node]: 已桥接并转换里程计: ENU(0.32, -2.50, -0.08) -> NED(-2.50, 0.32, 0.08)
[fastlio_bridge_node-2] [INFO] [1786826994.030689560] [fastlio_bridge_node]: 已桥接并转换里程计: ENU(0.32, -2.50, -0.08) -> NED(-2.50, 0.32, 0.08)
[fastlio_bridge_node-2] [INFO] [1786826994.035466456] [fastlio_bridge_node]: 已桥接并转换里程计: ENU(0.32, -2.50, -0.08) -> NED(-2.50, 0.32, 0.08)
[fastlio_bridge_node-2] [INFO] [1786826994.038107922] [fastlio_bridge_node]: 已桥接并转换里程计: ENU(0.32, -2.50, -0.08) -> NED(-2.50, 0.32, 0.08)
[fastlio_bridge_node-2] [INFO] [1786826994.049005506] [fastlio_bridge_node]: 已桥接并转换里程计: ENU(0.32, -2.50, -0.08) -> NED(-2.50, 0.32, 0.08)
[fastlio_bridge_node-2] [INFO] [1786826994.051632648] [fastlio_bridge_node]: 已桥接并转换里程计: ENU(0.32, -2.50, -0.08) -> NED(-2.50, 0.32, 0.08)
[fastlio_bridge_node-2] [INFO] [1786826994.057814787] [fastlio_bridge_node]: 已桥接并转换里程计: ENU(0.32, -2.50, -0.08) -> NED(-2.50, 0.32, 0.08)
[fastlio_bridge_node-2] [INFO] [1786826994.060762907] [fastlio_bridge_node]: 已桥接并转换里程计: ENU(0.32, -2.50, -0.08) -> NED(-2.50, 0.32, 0.08)
[fastlio_bridge_node-2] [INFO] [1786826994.063093905] [fastlio_bridge_node]: 已桥接并转换里程计: ENU(0.32, -2.50, -0.08) -> NED(-2.50, 0.32, 0.08)
[fastlio_bridge_node-2] [INFO] [1786826994.071052088] [fastlio_bridge_node]: 已桥接并转换里程计: ENU(0.32, -2.50, -0.08) -> NED(-2.50, 0.32, 0.08)
[fastlio_bridge_node-2] [INFO] [1786826994.074550787] [fastlio_bridge_node]: 已桥接并转换里程计: ENU(0.32, -2.50, -0.08) -> NED(-2.50, 0.32, 0.08)
[fastlio_bridge_node-2] [INFO] [1786826994.079475537] [fastlio_bridge_node]: 已桥接并转换里程计: ENU(0.32, -2.50, -0.08) -> NED(-2.50, 0.32, 0.08)
[fastlio_bridge_node-2] [INFO] [1786826994.083612701] [fastlio_bridge_node]: 已桥接并转换里程计: ENU(0.32, -2.50, -0.08) -> NED(-2.50, 0.32, 0.08)
[fastlio_bridge_node-2] [INFO] [1786826994.089662631] [fastlio_bridge_node]: 已桥接并转换里程计: ENU(0.32, -2.50, -0.08) -> NED(-2.50, 0.32, 0.08)
[fastlio_bridge_node-2] [INFO] [1786826994.093454200] [fastlio_bridge_node]: 已桥接并转换里程计: ENU(0.32, -2.50, -0.08) -> NED(-2.50, 0.32, 0.08)
[fastlio_bridge_node-2] [INFO] [1786826994.099091523] [fastlio_bridge_node]: 已桥接并转换里程计: ENU(0.32, -2.50, -0.08) -> NED(-2.50, 0.32, 0.08)
[offboard_waypoint_node-1] [INFO] [1786826994.413845574] [offboard_waypoint_node]: [CONTROL_ARBITER] selected_source=safety_hold state=IDLE_HOLD
[super_planner_ros2_node-6] [INFO] [1786826994.598412993] [super_planner_ros2_node]: SUPER_ROS2 mode=IDLE enable_output=false reason=WAIT_ALTITUDE_REFERENCE odom=(0.32,-2.50,-0.08) goal=none tracking_setpoint_enu=(0.32,-2.50,-0.08) setpoint_ned=none yaw(desired/cmd/rate)=(0.00/0.00/0.00) cross_track=0.00 frame_id=px4_ned path_points=0 odom_source=/race/odom cloud_source=/saved_map mavros_connected=true
[offboard_waypoint_node-1] [INFO] [1786826994.911425382] [offboard_waypoint_node]: [HOLD_ERROR] position_error=0.003 velocity=0.004 state=IDLE_HOLD
[race_ego_cloud_bridge-8] [INFO] [1786826995.025124848] [race_ego_cloud_bridge]: [EGO_STATIC_MAP_READY] topic=/saved_map frame=map points=11417 fused=true
[ego_planner_node-10] [FSM]: state: WAIT_TARGET
[ego_planner_node-10] wait for goal or trigger.
[race_ego_trajectory_bridge-12] [INFO] [1786826995.284024675] [race_ego_trajectory_bridge]: [EGO_OCCUPANCY_MAP] topic=/race/ego/cloud frame=map raw_points=18579 map_age=0.075
[ego_planner_node-10] [INFO] [1786826995.307417130] [race_ego_planner]: [EGO_OCCUPANCY_UPDATE] input_topic=grid_map/cloud input_frame=map occupancy_frame=map cloud_points=18579 local_points=9971 occupied_voxels=25486 camera=(0.322,-2.502,-0.074) local_index_bounds=[(47,30,0),(117,111,8)]
[race_ego_cloud_bridge-8] [INFO] [1786826995.366815269] [race_ego_cloud_bridge]: [EGO_MAP_FUSION] static_points=11417 live_raw_points=20744 confirmed_live_voxels=7269 min_observations=2 memory_sec=1.00 fused_points=18686
[race_ego_cloud_bridge-8] [INFO] [1786826995.367137531] [race_ego_cloud_bridge]: [EGO_MAP_INPUT] topic=/race/ego/cloud frame=map points=18686 source=static_live_px4 refresh_period=0.00s
[offboard_waypoint_node-1] [INFO] [1786826995.461203000] [offboard_waypoint_node]: [CONTROL_ARBITER] selected_source=safety_hold state=IDLE_HOLD
[rviz2-13] [INFO] [1786826995.576487600] [rviz2]: Message Filter dropping message: frame 'odom' at time 1786826994.480 for reason 'discarding message because the queue is full'
[super_planner_ros2_node-6] [INFO] [1786826995.648629113] [super_planner_ros2_node]: SUPER_ROS2 mode=IDLE enable_output=false reason=WAIT_ALTITUDE_REFERENCE odom=(0.32,-2.50,-0.07) goal=none tracking_setpoint_enu=(0.32,-2.50,-0.07) setpoint_ned=none yaw(desired/cmd/rate)=(0.00/0.00/0.00) cross_track=0.00 frame_id=px4_ned path_points=0 odom_source=/race/odom cloud_source=/saved_map mavros_connected=true
[offboard_waypoint_node-1] [INFO] [1786826995.913686071] [offboard_waypoint_node]: [HOLD_ERROR] position_error=0.008 velocity=0.006 state=IDLE_HOLD
[fastlio_bridge_node-2] [INFO] [1786826996.001370290] [fastlio_bridge_node]: 已桥接并转换里程计: ENU(0.32, -2.50, -0.06) -> NED(-2.50, 0.32, 0.06)
[fastlio_bridge_node-2] [INFO] [1786826996.004098529] [fastlio_bridge_node]: 已桥接并转换里程计: ENU(0.32, -2.50, -0.06) -> NED(-2.50, 0.32, 0.06)
[fastlio_bridge_node-2] [INFO] [1786826996.007967132] [fastlio_bridge_node]: 已桥接并转换里程计: ENU(0.32, -2.50, -0.06) -> NED(-2.50, 0.32, 0.06)
[mapping_manager_node-5] [INFO] [1786826996.018157832] [mapping_manager_node]: Mapping status: in_flight=false, map_loaded=false, map_saved=false
[fastlio_bridge_node-2] [INFO] [1786826996.019426332] [fastlio_bridge_node]: 已桥接并转换里程计: ENU(0.32, -2.50, -0.06) -> NED(-2.50, 0.32, 0.06)
[fastlio_bridge_node-2] [INFO] [1786826996.021356774] [fastlio_bridge_node]: 已桥接并转换里程计: ENU(0.32, -2.50, -0.06) -> NED(-2.50, 0.32, 0.06)
[fastlio_bridge_node-2] [INFO] [1786826996.026224075] [fastlio_bridge_node]: 已桥接并转换里程计: ENU(0.32, -2.50, -0.06) -> NED(-2.50, 0.32, 0.06)
[fastlio_bridge_node-2] [INFO] [1786826996.031873299] [fastlio_bridge_node]: 已桥接并转换里程计: ENU(0.32, -2.50, -0.06) -> NED(-2.50, 0.32, 0.06)
[fastlio_bridge_node-2] [INFO] [1786826996.038865486] [fastlio_bridge_node]: 已桥接并转换里程计: ENU(0.32, -2.50, -0.06) -> NED(-2.50, 0.32, 0.06)
[fastlio_bridge_node-2] [INFO] [1786826996.038987405] [fastlio_bridge_node]: 已桥接并转换里程计: ENU(0.32, -2.50, -0.06) -> NED(-2.50, 0.32, 0.06)
[fastlio_bridge_node-2] [INFO] [1786826996.048799499] [fastlio_bridge_node]: 已桥接并转换里程计: ENU(0.32, -2.50, -0.06) -> NED(-2.50, 0.32, 0.06)
[fastlio_bridge_node-2] [INFO] [1786826996.057926615] [fastlio_bridge_node]: 已桥接并转换里程计: ENU(0.32, -2.50, -0.07) -> NED(-2.50, 0.32, 0.07)
[fastlio_bridge_node-2] [INFO] [1786826996.067857971] [fastlio_bridge_node]: 已桥接并转换里程计: ENU(0.32, -2.50, -0.07) -> NED(-2.50, 0.32, 0.07)
[fastlio_bridge_node-2] [INFO] [1786826996.071252556] [fastlio_bridge_node]: 已桥接并转换里程计: ENU(0.32, -2.50, -0.07) -> NED(-2.50, 0.32, 0.07)
[fastlio_bridge_node-2] [INFO] [1786826996.076603655] [fastlio_bridge_node]: 已桥接并转换里程计: ENU(0.32, -2.50, -0.07) -> NED(-2.50, 0.32, 0.07)
[fastlio_bridge_node-2] [INFO] [1786826996.078818388] [fastlio_bridge_node]: 已桥接并转换里程计: ENU(0.32, -2.50, -0.07) -> NED(-2.50, 0.32, 0.07)
[fastlio_bridge_node-2] [INFO] [1786826996.079094083] [fastlio_bridge_node]: 已桥接并转换里程计: ENU(0.32, -2.50, -0.07) -> NED(-2.50, 0.32, 0.07)
[fastlio_bridge_node-2] [INFO] [1786826996.084581013] [fastlio_bridge_node]: 已桥接并转换里程计: ENU(0.32, -2.50, -0.07) -> NED(-2.50, 0.32, 0.07)
[fastlio_bridge_node-2] [INFO] [1786826996.091901932] [fastlio_bridge_node]: 已桥接并转换里程计: ENU(0.32, -2.50, -0.07) -> NED(-2.50, 0.32, 0.07)
[fastlio_bridge_node-2] [INFO] [1786826996.093577927] [fastlio_bridge_node]: 已桥接并转换里程计: ENU(0.32, -2.50, -0.07) -> NED(-2.50, 0.32, 0.07)
[fastlio_bridge_node-2] [INFO] [1786826996.098956994] [fastlio_bridge_node]: 已桥接并转换里程计: ENU(0.32, -2.50, -0.07) -> NED(-2.50, 0.32, 0.07)
[ego_planner_node-10] [FSM]: state: WAIT_TARGET
[ego_planner_node-10] wait for goal or trigger.
[offboard_waypoint_node-1] [INFO] [1786826996.513687092] [offboard_waypoint_node]: [CONTROL_ARBITER] selected_source=safety_hold state=IDLE_HOLD
[super_planner_ros2_node-6] [INFO] [1786826996.696393480] [super_planner_ros2_node]: SUPER_ROS2 mode=IDLE enable_output=false reason=WAIT_ALTITUDE_REFERENCE odom=(0.32,-2.50,-0.08) goal=none tracking_setpoint_enu=(0.32,-2.50,-0.08) setpoint_ned=none yaw(desired/cmd/rate)=(0.00/0.00/0.00) cross_track=0.00 frame_id=px4_ned path_points=0 odom_source=/race/odom cloud_source=/saved_map mavros_connected=true
[offboard_waypoint_node-1] [INFO] [1786826996.961286398] [offboard_waypoint_node]: [HOLD_ERROR] position_error=0.004 velocity=0.007 state=IDLE_HOLD
[race_ego_cloud_bridge-8] [INFO] [1786826997.025441161] [race_ego_cloud_bridge]: [EGO_STATIC_MAP_READY] topic=/saved_map frame=map points=11417 fused=true
[race_ego_cloud_bridge-8] [INFO] [1786826997.424816939] [race_ego_cloud_bridge]: [EGO_MAP_FUSION] static_points=11417 live_raw_points=20675 confirmed_live_voxels=6678 min_observations=2 memory_sec=1.00 fused_points=18095
[race_ego_cloud_bridge-8] [INFO] [1786826997.425213403] [race_ego_cloud_bridge]: [EGO_MAP_INPUT] topic=/race/ego/cloud frame=map points=18095 source=static_live_px4 refresh_period=0.00s
[race_ego_trajectory_bridge-12] [INFO] [1786826997.434050300] [race_ego_trajectory_bridge]: [EGO_OCCUPANCY_MAP] topic=/race/ego/cloud frame=map raw_points=18095 map_age=0.009
[ego_planner_node-10] [INFO] [1786826997.438863500] [race_ego_planner]: [EGO_OCCUPANCY_UPDATE] input_topic=grid_map/cloud input_frame=map occupancy_frame=map cloud_points=18095 local_points=9751 occupied_voxels=25405 camera=(0.324,-2.503,-0.076) local_index_bounds=[(47,30,0),(117,111,8)]
[ego_planner_node-10] [FSM]: state: WAIT_TARGET
[ego_planner_node-10] wait for goal or trigger.
[offboard_waypoint_node-1] [INFO] [1786826997.561319889] [offboard_waypoint_node]: [CONTROL_ARBITER] selected_source=safety_hold state=IDLE_HOLD
[super_planner_ros2_node-6] [INFO] [1786826997.696625497] [super_planner_ros2_node]: SUPER_ROS2 mode=IDLE enable_output=false reason=WAIT_ALTITUDE_REFERENCE odom=(0.32,-2.50,-0.08) goal=none tracking_setpoint_enu=(0.32,-2.50,-0.08) setpoint_ned=none yaw(desired/cmd/rate)=(0.00/0.00/0.00) cross_track=0.00 frame_id=px4_ned path_points=0 odom_source=/race/odom cloud_source=/saved_map mavros_connected=true
[fastlio_bridge_node-2] [INFO] [1786826998.000998613] [fastlio_bridge_node]: 已桥接并转换里程计: ENU(0.32, -2.50, -0.08) -> NED(-2.50, 0.32, 0.08)
[fastlio_bridge_node-2] [INFO] [1786826998.002919981] [fastlio_bridge_node]: 已桥接并转换里程计: ENU(0.32, -2.50, -0.08) -> NED(-2.50, 0.32, 0.08)
[fastlio_bridge_node-2] [INFO] [1786826998.011123457] [fastlio_bridge_node]: 已桥接并转换里程计: ENU(0.32, -2.50, -0.08) -> NED(-2.50, 0.32, 0.08)
[offboard_waypoint_node-1] [INFO] [1786826998.013171673] [offboard_waypoint_node]: [HOLD_ERROR] position_error=0.002 velocity=0.002 state=IDLE_HOLD
[fastlio_bridge_node-2] [INFO] [1786826998.015336976] [fastlio_bridge_node]: 已桥接并转换里程计: ENU(0.32, -2.50, -0.08) -> NED(-2.50, 0.32, 0.08)
[fastlio_bridge_node-2] [INFO] [1786826998.019689681] [fastlio_bridge_node]: 已桥接并转换里程计: ENU(0.32, -2.50, -0.08) -> NED(-2.50, 0.32, 0.08)
[fastlio_bridge_node-2] [INFO] [1786826998.022119318] [fastlio_bridge_node]: 已桥接并转换里程计: ENU(0.32, -2.50, -0.08) -> NED(-2.50, 0.32, 0.08)
[fastlio_bridge_node-2] [INFO] [1786826998.028214004] [fastlio_bridge_node]: 已桥接并转换里程计: ENU(0.32, -2.50, -0.08) -> NED(-2.50, 0.32, 0.08)
[fastlio_bridge_node-2] [INFO] [1786826998.032482820] [fastlio_bridge_node]: 已桥接并转换里程计: ENU(0.32, -2.50, -0.08) -> NED(-2.50, 0.32, 0.08)
[fastlio_bridge_node-2] [INFO] [1786826998.039303004] [fastlio_bridge_node]: 已桥接并转换里程计: ENU(0.32, -2.50, -0.08) -> NED(-2.50, 0.32, 0.08)
[fastlio_bridge_node-2] [INFO] [1786826998.044603563] [fastlio_bridge_node]: 已桥接并转换里程计: ENU(0.32, -2.50, -0.08) -> NED(-2.50, 0.32, 0.08)
[fastlio_bridge_node-2] [INFO] [1786826998.047840790] [fastlio_bridge_node]: 已桥接并转换里程计: ENU(0.32, -2.50, -0.08) -> NED(-2.50, 0.32, 0.08)
[fastlio_bridge_node-2] [INFO] [1786826998.058379514] [fastlio_bridge_node]: 已桥接并转换里程计: ENU(0.32, -2.50, -0.08) -> NED(-2.50, 0.32, 0.08)
[fastlio_bridge_node-2] [INFO] [1786826998.059749256] [fastlio_bridge_node]: 已桥接并转换里程计: ENU(0.32, -2.50, -0.08) -> NED(-2.50, 0.32, 0.08)
[fastlio_bridge_node-2] [INFO] [1786826998.063012706] [fastlio_bridge_node]: 已桥接并转换里程计: ENU(0.32, -2.50, -0.08) -> NED(-2.50, 0.32, 0.08)
[fastlio_bridge_node-2] [INFO] [1786826998.073850574] [fastlio_bridge_node]: 已桥接并转换里程计: ENU(0.32, -2.50, -0.08) -> NED(-2.50, 0.32, 0.08)
[fastlio_bridge_node-2] [INFO] [1786826998.076349083] [fastlio_bridge_node]: 已桥接并转换里程计: ENU(0.32, -2.50, -0.08) -> NED(-2.50, 0.32, 0.08)
[fastlio_bridge_node-2] [INFO] [1786826998.078353665] [fastlio_bridge_node]: 已桥接并转换里程计: ENU(0.32, -2.50, -0.08) -> NED(-2.50, 0.32, 0.08)
[fastlio_bridge_node-2] [INFO] [1786826998.081966675] [fastlio_bridge_node]: 已桥接并转换里程计: ENU(0.32, -2.50, -0.08) -> NED(-2.50, 0.32, 0.08)
[fastlio_bridge_node-2] [INFO] [1786826998.087342505] [fastlio_bridge_node]: 已桥接并转换里程计: ENU(0.32, -2.50, -0.08) -> NED(-2.50, 0.32, 0.08)
[fastlio_bridge_node-2] [INFO] [1786826998.093103164] [fastlio_bridge_node]: 已桥接并转换里程计: ENU(0.32, -2.50, -0.08) -> NED(-2.50, 0.32, 0.08)
[rviz2-13] [INFO] [1786826998.502640000] [rviz2]: Message Filter dropping message: frame 'odom' at time 1786826997.080 for reason 'discarding message because the queue is full'
[offboard_waypoint_node-1] [INFO] [1786826998.561700846] [offboard_waypoint_node]: [CONTROL_ARBITER] selected_source=safety_hold state=IDLE_HOLD
[super_planner_ros2_node-6] [INFO] [1786826998.698620423] [super_planner_ros2_node]: SUPER_ROS2 mode=IDLE enable_output=false reason=WAIT_ALTITUDE_REFERENCE odom=(0.32,-2.50,-0.07) goal=none tracking_setpoint_enu=(0.32,-2.50,-0.07) setpoint_ned=none yaw(desired/cmd/rate)=(0.00/0.00/0.00) cross_track=0.00 frame_id=px4_ned path_points=0 odom_source=/race/odom cloud_source=/saved_map mavros_connected=true
[ego_planner_node-10] [FSM]: state: WAIT_TARGET
[ego_planner_node-10] wait for goal or trigger.
[race_ego_cloud_bridge-8] [INFO] [1786826999.025726731] [race_ego_cloud_bridge]: [EGO_STATIC_MAP_READY] topic=/saved_map frame=map points=11417 fused=true
[offboard_waypoint_node-1] [INFO] [1786826999.061958255] [offboard_waypoint_node]: [HOLD_ERROR] position_error=0.007 velocity=0.004 state=IDLE_HOLD
[race_ego_cloud_bridge-8] [INFO] [1786826999.535996490] [race_ego_cloud_bridge]: [EGO_MAP_FUSION] static_points=11417 live_raw_points=17778 confirmed_live_voxels=5980 min_observations=2 memory_sec=1.00 fused_points=17397
[race_ego_cloud_bridge-8] [INFO] [1786826999.536486619] [race_ego_cloud_bridge]: [EGO_MAP_INPUT] topic=/race/ego/cloud frame=map points=17397 source=static_live_px4 refresh_period=0.00s
[race_ego_trajectory_bridge-12] [INFO] [1786826999.543404569] [race_ego_trajectory_bridge]: [EGO_OCCUPANCY_MAP] topic=/race/ego/cloud frame=map raw_points=17397 map_age=0.007
[ego_planner_node-10] [INFO] [1786826999.550306810] [race_ego_planner]: [EGO_OCCUPANCY_UPDATE] input_topic=grid_map/cloud input_frame=map occupancy_frame=map cloud_points=17397 local_points=9570 occupied_voxels=25264 camera=(0.322,-2.501,-0.078) local_index_bounds=[(47,30,0),(117,111,8)]
[offboard_waypoint_node-1] [INFO] [1786826999.613369920] [offboard_waypoint_node]: [CONTROL_ARBITER] selected_source=safety_hold state=IDLE_HOLD
[super_planner_ros2_node-6] [INFO] [1786826999.746669384] [super_planner_ros2_node]: SUPER_ROS2 mode=IDLE enable_output=false reason=WAIT_ALTITUDE_REFERENCE odom=(0.32,-2.50,-0.08) goal=none tracking_setpoint_enu=(0.32,-2.50,-0.08) setpoint_ned=none yaw(desired/cmd/rate)=(0.00/0.00/0.00) cross_track=0.00 frame_id=px4_ned path_points=0 odom_source=/race/odom cloud_source=/saved_map mavros_connected=true
[ego_planner_node-10] [FSM]: state: WAIT_TARGET
[ego_planner_node-10] wait for goal or trigger.
[fastlio_bridge_node-2] [INFO] [1786827000.009039932] [fastlio_bridge_node]: 已桥接并转换里程计: ENU(0.32, -2.50, -0.07) -> NED(-2.50, 0.32, 0.07)
[fastlio_bridge_node-2] [INFO] [1786827000.009260678] [fastlio_bridge_node]: 已桥接并转换里程计: ENU(0.32, -2.50, -0.07) -> NED(-2.50, 0.32, 0.07)
[fastlio_bridge_node-2] [INFO] [1786827000.011985577] [fastlio_bridge_node]: 已桥接并转换里程计: ENU(0.32, -2.50, -0.07) -> NED(-2.50, 0.32, 0.07)
[fastlio_bridge_node-2] [INFO] [1786827000.021173776] [fastlio_bridge_node]: 已桥接并转换里程计: ENU(0.32, -2.50, -0.07) -> NED(-2.50, 0.32, 0.07)
[fastlio_bridge_node-2] [INFO] [1786827000.023026666] [fastlio_bridge_node]: 已桥接并转换里程计: ENU(0.32, -2.50, -0.07) -> NED(-2.50, 0.32, 0.07)
[fastlio_bridge_node-2] [INFO] [1786827000.029250135] [fastlio_bridge_node]: 已桥接并转换里程计: ENU(0.32, -2.50, -0.07) -> NED(-2.50, 0.32, 0.07)
[fastlio_bridge_node-2] [INFO] [1786827000.040488554] [fastlio_bridge_node]: 已桥接并转换里程计: ENU(0.32, -2.50, -0.07) -> NED(-2.50, 0.32, 0.07)
[fastlio_bridge_node-2] [INFO] [1786827000.041728646] [fastlio_bridge_node]: 已桥接并转换里程计: ENU(0.32, -2.50, -0.07) -> NED(-2.50, 0.32, 0.07)
[fastlio_bridge_node-2] [INFO] [1786827000.044064279] [fastlio_bridge_node]: 已桥接并转换里程计: ENU(0.32, -2.50, -0.07) -> NED(-2.50, 0.32, 0.07)
[fastlio_bridge_node-2] [INFO] [1786827000.051534058] [fastlio_bridge_node]: 已桥接并转换里程计: ENU(0.32, -2.50, -0.07) -> NED(-2.50, 0.32, 0.07)
[fastlio_bridge_node-2] [INFO] [1786827000.053710036] [fastlio_bridge_node]: 已桥接并转换里程计: ENU(0.32, -2.50, -0.07) -> NED(-2.50, 0.32, 0.07)
[fastlio_bridge_node-2] [INFO] [1786827000.060613714] [fastlio_bridge_node]: 已桥接并转换里程计: ENU(0.32, -2.50, -0.07) -> NED(-2.50, 0.32, 0.07)
[offboard_waypoint_node-1] [INFO] [1786827000.062054358] [offboard_waypoint_node]: [HOLD_ERROR] position_error=0.005 velocity=0.004 state=IDLE_HOLD
[fastlio_bridge_node-2] [INFO] [1786827000.064404206] [fastlio_bridge_node]: 已桥接并转换里程计: ENU(0.32, -2.50, -0.07) -> NED(-2.50, 0.32, 0.07)
[fastlio_bridge_node-2] [INFO] [1786827000.073793271] [fastlio_bridge_node]: 已桥接并转换里程计: ENU(0.32, -2.50, -0.07) -> NED(-2.50, 0.32, 0.07)
[fastlio_bridge_node-2] [INFO] [1786827000.075729618] [fastlio_bridge_node]: 已桥接并转换里程计: ENU(0.32, -2.50, -0.07) -> NED(-2.50, 0.32, 0.07)
[fastlio_bridge_node-2] [INFO] [1786827000.083346343] [fastlio_bridge_node]: 已桥接并转换里程计: ENU(0.32, -2.50, -0.07) -> NED(-2.50, 0.32, 0.07)
[fastlio_bridge_node-2] [INFO] [1786827000.087124724] [fastlio_bridge_node]: 已桥接并转换里程计: ENU(0.32, -2.50, -0.07) -> NED(-2.50, 0.32, 0.07)
[fastlio_bridge_node-2] [INFO] [1786827000.093324347] [fastlio_bridge_node]: 已桥接并转换里程计: ENU(0.32, -2.50, -0.07) -> NED(-2.50, 0.32, 0.07)
[fastlio_bridge_node-2] [INFO] [1786827000.093493828] [fastlio_bridge_node]: 已桥接并转换里程计: ENU(0.32, -2.50, -0.07) -> NED(-2.50, 0.32, 0.07)
[fastlio_bridge_node-2] [INFO] [1786827000.099667323] [fastlio_bridge_node]: 已桥接并转换里程计: ENU(0.32, -2.50, -0.07) -> NED(-2.50, 0.32, 0.07)
[offboard_waypoint_node-1] [INFO] [1786827000.661494201] [offboard_waypoint_node]: [CONTROL_ARBITER] selected_source=safety_hold state=IDLE_HOLD
[super_planner_ros2_node-6] [INFO] [1786827000.746810313] [super_planner_ros2_node]: SUPER_ROS2 mode=IDLE enable_output=false reason=WAIT_ALTITUDE_REFERENCE odom=(0.32,-2.50,-0.07) goal=none tracking_setpoint_enu=(0.32,-2.50,-0.07) setpoint_ned=none yaw(desired/cmd/rate)=(0.00/0.00/0.00) cross_track=0.00 frame_id=px4_ned path_points=0 odom_source=/race/odom cloud_source=/saved_map mavros_connected=true
[rviz2-13] [INFO] [1786827001.023601320] [rviz2]: Message Filter dropping message: frame 'odom' at time 1786826999.980 for reason 'discarding message because the queue is full'
[race_ego_cloud_bridge-8] [INFO] [1786827001.028469959] [race_ego_cloud_bridge]: [EGO_STATIC_MAP_READY] topic=/saved_map frame=map points=11417 fused=true
[ego_planner_node-10] [FSM]: state: WAIT_TARGET
[ego_planner_node-10] wait for goal or trigger.
[offboard_waypoint_node-1] [INFO] [1786827001.112571122] [offboard_waypoint_node]: [HOLD_ERROR] position_error=0.002 velocity=0.003 state=IDLE_HOLD
[race_ego_cloud_bridge-8] [INFO] [1786827001.581475143] [race_ego_cloud_bridge]: [EGO_MAP_FUSION] static_points=11417 live_raw_points=14868 confirmed_live_voxels=6638 min_observations=2 memory_sec=1.00 fused_points=18055
[race_ego_cloud_bridge-8] [INFO] [1786827001.582686100] [race_ego_cloud_bridge]: [EGO_MAP_INPUT] topic=/race/ego/cloud frame=map points=18055 source=static_live_px4 refresh_period=0.00s
[race_ego_trajectory_bridge-12] [INFO] [1786827001.596457102] [race_ego_trajectory_bridge]: [EGO_OCCUPANCY_MAP] topic=/race/ego/cloud frame=map raw_points=18055 map_age=0.014
[ego_planner_node-10] [INFO] [1786827001.597994848] [race_ego_planner]: [EGO_OCCUPANCY_UPDATE] input_topic=grid_map/cloud input_frame=map occupancy_frame=map cloud_points=18055 local_points=9838 occupied_voxels=25515 camera=(0.324,-2.503,-0.073) local_index_bounds=[(47,30,0),(117,111,8)]
[offboard_waypoint_node-1] [INFO] [1786827001.661494307] [offboard_waypoint_node]: [CONTROL_ARBITER] selected_source=safety_hold state=IDLE_HOLD
[super_planner_ros2_node-6] [INFO] [1786827001.746854707] [super_planner_ros2_node]: SUPER_ROS2 mode=IDLE enable_output=false reason=WAIT_ALTITUDE_REFERENCE odom=(0.32,-2.50,-0.07) goal=none tracking_setpoint_enu=(0.32,-2.50,-0.07) setpoint_ned=none yaw(desired/cmd/rate)=(0.00/0.00/0.00) cross_track=0.00 frame_id=px4_ned path_points=0 odom_source=/race/odom cloud_source=/saved_map mavros_connected=true
[fastlio_bridge_node-2] [INFO] [1786827002.008674075] [fastlio_bridge_node]: 已桥接并转换里程计: ENU(0.32, -2.50, -0.07) -> NED(-2.50, 0.32, 0.07)
[fastlio_bridge_node-2] [INFO] [1786827002.027215777] [fastlio_bridge_node]: 已桥接并转换里程计: ENU(0.32, -2.50, -0.07) -> NED(-2.50, 0.32, 0.07)
[fastlio_bridge_node-2] [INFO] [1786827002.028132281] [fastlio_bridge_node]: 已桥接并转换里程计: ENU(0.32, -2.50, -0.07) -> NED(-2.50, 0.32, 0.07)
[fastlio_bridge_node-2] [INFO] [1786827002.031593184] [fastlio_bridge_node]: 已桥接并转换里程计: ENU(0.32, -2.50, -0.07) -> NED(-2.50, 0.32, 0.07)
[fastlio_bridge_node-2] [INFO] [1786827002.032133062] [fastlio_bridge_node]: 已桥接并转换里程计: ENU(0.32, -2.50, -0.07) -> NED(-2.50, 0.32, 0.07)
[fastlio_bridge_node-2] [INFO] [1786827002.043021674] [fastlio_bridge_node]: 已桥接并转换里程计: ENU(0.32, -2.50, -0.07) -> NED(-2.50, 0.32, 0.07)
[fastlio_bridge_node-2] [INFO] [1786827002.046206444] [fastlio_bridge_node]: 已桥接并转换里程计: ENU(0.32, -2.50, -0.07) -> NED(-2.50, 0.32, 0.07)
[fastlio_bridge_node-2] [INFO] [1786827002.049375702] [fastlio_bridge_node]: 已桥接并转换里程计: ENU(0.32, -2.50, -0.07) -> NED(-2.50, 0.32, 0.07)
[fastlio_bridge_node-2] [INFO] [1786827002.052463473] [fastlio_bridge_node]: 已桥接并转换里程计: ENU(0.32, -2.50, -0.07) -> NED(-2.50, 0.32, 0.07)
[fastlio_bridge_node-2] [INFO] [1786827002.059912578] [fastlio_bridge_node]: 已桥接并转换里程计: ENU(0.32, -2.50, -0.07) -> NED(-2.50, 0.32, 0.07)
[fastlio_bridge_node-2] [INFO] [1786827002.065716238] [fastlio_bridge_node]: 已桥接并转换里程计: ENU(0.32, -2.50, -0.07) -> NED(-2.50, 0.32, 0.07)
[fastlio_bridge_node-2] [INFO] [1786827002.071757504] [fastlio_bridge_node]: 已桥接并转换里程计: ENU(0.32, -2.50, -0.07) -> NED(-2.50, 0.32, 0.07)
[fastlio_bridge_node-2] [INFO] [1786827002.073909356] [fastlio_bridge_node]: 已桥接并转换里程计: ENU(0.32, -2.50, -0.07) -> NED(-2.50, 0.32, 0.07)
[fastlio_bridge_node-2] [INFO] [1786827002.081138315] [fastlio_bridge_node]: 已桥接并转换里程计: ENU(0.32, -2.50, -0.07) -> NED(-2.50, 0.32, 0.07)
[fastlio_bridge_node-2] [INFO] [1786827002.083793405] [fastlio_bridge_node]: 已桥接并转换里程计: ENU(0.32, -2.50, -0.07) -> NED(-2.50, 0.32, 0.07)
[fastlio_bridge_node-2] [INFO] [1786827002.088957991] [fastlio_bridge_node]: 已桥接并转换里程计: ENU(0.32, -2.50, -0.07) -> NED(-2.50, 0.32, 0.07)
[fastlio_bridge_node-2] [INFO] [1786827002.092963116] [fastlio_bridge_node]: 已桥接并转换里程计: ENU(0.32, -2.50, -0.07) -> NED(-2.50, 0.32, 0.07)
[offboard_waypoint_node-1] [INFO] [1786827002.164369722] [offboard_waypoint_node]: [HOLD_ERROR] position_error=0.005 velocity=0.008 state=IDLE_HOLD
[ego_planner_node-10] [FSM]: state: WAIT_TARGET
[ego_planner_node-10] wait for goal or trigger.
[offboard_waypoint_node-1] [INFO] [1786827002.661922685] [offboard_waypoint_node]: [CONTROL_ARBITER] selected_source=safety_hold state=IDLE_HOLD
[super_planner_ros2_node-6] [INFO] [1786827002.747260196] [super_planner_ros2_node]: SUPER_ROS2 mode=IDLE enable_output=false reason=WAIT_ALTITUDE_REFERENCE odom=(0.32,-2.50,-0.08) goal=none tracking_setpoint_enu=(0.32,-2.50,-0.08) setpoint_ned=none yaw(desired/cmd/rate)=(0.00/0.00/0.00) cross_track=0.00 frame_id=px4_ned path_points=0 odom_source=/race/odom cloud_source=/saved_map mavros_connected=true
[race_ego_cloud_bridge-8] [INFO] [1786827003.042244927] [race_ego_cloud_bridge]: [EGO_STATIC_MAP_READY] topic=/saved_map frame=map points=11417 fused=true
[offboard_waypoint_node-1] [INFO] [1786827003.212081862] [offboard_waypoint_node]: [HOLD_ERROR] position_error=0.002 velocity=0.002 state=IDLE_HOLD
[ego_planner_node-10] [FSM]: state: WAIT_TARGET
[ego_planner_node-10] wait for goal or trigger.
[rviz2-13] [INFO] [1786827003.580847896] [rviz2]: Message Filter dropping message: frame 'odom' at time 1786827002.480 for reason 'discarding message because the queue is full'
[race_ego_cloud_bridge-8] [INFO] [1786827003.675693238] [race_ego_cloud_bridge]: [EGO_MAP_FUSION] static_points=11417 live_raw_points=14835 confirmed_live_voxels=5421 min_observations=2 memory_sec=1.00 fused_points=16838
[race_ego_cloud_bridge-8] [INFO] [1786827003.677397357] [race_ego_cloud_bridge]: [EGO_MAP_INPUT] topic=/race/ego/cloud frame=map points=16838 source=static_live_px4 refresh_period=0.00s
[race_ego_trajectory_bridge-12] [INFO] [1786827003.686105461] [race_ego_trajectory_bridge]: [EGO_OCCUPANCY_MAP] topic=/race/ego/cloud frame=map raw_points=16838 map_age=0.009
[ego_planner_node-10] [INFO] [1786827003.689975149] [race_ego_planner]: [EGO_OCCUPANCY_UPDATE] input_topic=grid_map/cloud input_frame=map occupancy_frame=map cloud_points=16838 local_points=9537 occupied_voxels=25289 camera=(0.322,-2.502,-0.076) local_index_bounds=[(47,30,0),(117,111,8)]
[offboard_waypoint_node-1] [INFO] [1786827003.711718080] [offboard_waypoint_node]: [CONTROL_ARBITER] selected_source=safety_hold state=IDLE_HOLD
[super_planner_ros2_node-6] [INFO] [1786827003.747586846] [super_planner_ros2_node]: SUPER_ROS2 mode=IDLE enable_output=false reason=WAIT_ALTITUDE_REFERENCE odom=(0.32,-2.50,-0.08) goal=none tracking_setpoint_enu=(0.32,-2.50,-0.08) setpoint_ned=none yaw(desired/cmd/rate)=(0.00/0.00/0.00) cross_track=0.00 frame_id=px4_ned path_points=0 odom_source=/race/odom cloud_source=/saved_map mavros_connected=true
[fastlio_bridge_node-2] [INFO] [1786827004.002210730] [fastlio_bridge_node]: 已桥接并转换里程计: ENU(0.32, -2.50, -0.07) -> NED(-2.50, 0.32, 0.07)
[fastlio_bridge_node-2] [INFO] [1786827004.008493141] [fastlio_bridge_node]: 已桥接并转换里程计: ENU(0.32, -2.50, -0.07) -> NED(-2.50, 0.32, 0.07)
[fastlio_bridge_node-2] [INFO] [1786827004.013256122] [fastlio_bridge_node]: 已桥接并转换里程计: ENU(0.32, -2.50, -0.07) -> NED(-2.50, 0.32, 0.07)
[fastlio_bridge_node-2] [INFO] [1786827004.020913826] [fastlio_bridge_node]: 已桥接并转换里程计: ENU(0.32, -2.50, -0.07) -> NED(-2.50, 0.32, 0.07)
[fastlio_bridge_node-2] [INFO] [1786827004.024504575] [fastlio_bridge_node]: 已桥接并转换里程计: ENU(0.32, -2.50, -0.07) -> NED(-2.50, 0.32, 0.07)
[fastlio_bridge_node-2] [INFO] [1786827004.030055127] [fastlio_bridge_node]: 已桥接并转换里程计: ENU(0.32, -2.50, -0.07) -> NED(-2.50, 0.32, 0.07)
[fastlio_bridge_node-2] [INFO] [1786827004.035367237] [fastlio_bridge_node]: 已桥接并转换里程计: ENU(0.32, -2.50, -0.07) -> NED(-2.50, 0.32, 0.07)
[fastlio_bridge_node-2] [INFO] [1786827004.040985418] [fastlio_bridge_node]: 已桥接并转换里程计: ENU(0.32, -2.50, -0.07) -> NED(-2.50, 0.32, 0.07)
[fastlio_bridge_node-2] [INFO] [1786827004.043044058] [fastlio_bridge_node]: 已桥接并转换里程计: ENU(0.32, -2.50, -0.07) -> NED(-2.50, 0.32, 0.07)
[fastlio_bridge_node-2] [INFO] [1786827004.048933904] [fastlio_bridge_node]: 已桥接并转换里程计: ENU(0.32, -2.50, -0.07) -> NED(-2.50, 0.32, 0.07)
[fastlio_bridge_node-2] [INFO] [1786827004.053725683] [fastlio_bridge_node]: 已桥接并转换里程计: ENU(0.32, -2.50, -0.07) -> NED(-2.50, 0.32, 0.07)
[fastlio_bridge_node-2] [INFO] [1786827004.058728670] [fastlio_bridge_node]: 已桥接并转换里程计: ENU(0.32, -2.50, -0.07) -> NED(-2.50, 0.32, 0.07)
[fastlio_bridge_node-2] [INFO] [1786827004.064556104] [fastlio_bridge_node]: 已桥接并转换里程计: ENU(0.32, -2.50, -0.07) -> NED(-2.50, 0.32, 0.07)
[fastlio_bridge_node-2] [INFO] [1786827004.072007198] [fastlio_bridge_node]: 已桥接并转换里程计: ENU(0.32, -2.50, -0.07) -> NED(-2.50, 0.32, 0.07)
[fastlio_bridge_node-2] [INFO] [1786827004.073279887] [fastlio_bridge_node]: 已桥接并转换里程计: ENU(0.32, -2.50, -0.07) -> NED(-2.50, 0.32, 0.07)
[fastlio_bridge_node-2] [INFO] [1786827004.085373835] [fastlio_bridge_node]: 已桥接并转换里程计: ENU(0.32, -2.50, -0.07) -> NED(-2.50, 0.32, 0.07)
[fastlio_bridge_node-2] [INFO] [1786827004.092100402] [fastlio_bridge_node]: 已桥接并转换里程计: ENU(0.32, -2.50, -0.07) -> NED(-2.50, 0.32, 0.07)
[fastlio_bridge_node-2] [INFO] [1786827004.095172516] [fastlio_bridge_node]: 已桥接并转换里程计: ENU(0.32, -2.50, -0.07) -> NED(-2.50, 0.32, 0.07)
[fastlio_bridge_node-2] [INFO] [1786827004.098966504] [fastlio_bridge_node]: 已桥接并转换里程计: ENU(0.32, -2.50, -0.07) -> NED(-2.50, 0.32, 0.07)
[offboard_waypoint_node-1] [INFO] [1786827004.212115380] [offboard_waypoint_node]: [HOLD_ERROR] position_error=0.002 velocity=0.004 state=IDLE_HOLD
[ego_planner_node-10] [FSM]: state: WAIT_TARGET
[ego_planner_node-10] wait for goal or trigger.
[offboard_waypoint_node-1] [INFO] [1786827004.712209613] [offboard_waypoint_node]: [CONTROL_ARBITER] selected_source=safety_hold state=IDLE_HOLD
[super_planner_ros2_node-6] [INFO] [1786827004.797280413] [super_planner_ros2_node]: SUPER_ROS2 mode=IDLE enable_output=false reason=WAIT_ALTITUDE_REFERENCE odom=(0.32,-2.50,-0.07) goal=none tracking_setpoint_enu=(0.32,-2.50,-0.07) setpoint_ned=none yaw(desired/cmd/rate)=(0.00/0.00/0.00) cross_track=0.00 frame_id=px4_ned path_points=0 odom_source=/race/odom cloud_source=/saved_map mavros_connected=true
[race_ego_cloud_bridge-8] [INFO] [1786827005.083424757] [race_ego_cloud_bridge]: [EGO_STATIC_MAP_READY] topic=/saved_map frame=map points=11417 fused=true
[offboard_waypoint_node-1] [INFO] [1786827005.261742584] [offboard_waypoint_node]: [HOLD_ERROR] position_error=0.006 velocity=0.004 state=IDLE_HOLD
[ego_planner_node-10] [FSM]: state: WAIT_TARGET
[ego_planner_node-10] wait for goal or trigger.
[offboard_waypoint_node-1] [INFO] [1786827005.762039140] [offboard_waypoint_node]: [CONTROL_ARBITER] selected_source=safety_hold state=IDLE_HOLD
[race_ego_cloud_bridge-8] [INFO] [1786827005.826127304] [race_ego_cloud_bridge]: [EGO_MAP_FUSION] static_points=11417 live_raw_points=17860 confirmed_live_voxels=6481 min_observations=2 memory_sec=1.00 fused_points=17898
[race_ego_cloud_bridge-8] [INFO] [1786827005.826494897] [race_ego_cloud_bridge]: [EGO_MAP_INPUT] topic=/race/ego/cloud frame=map points=17898 source=static_live_px4 refresh_period=0.00s
[race_ego_trajectory_bridge-12] [INFO] [1786827005.834703315] [race_ego_trajectory_bridge]: [EGO_OCCUPANCY_MAP] topic=/race/ego/cloud frame=map raw_points=17898 map_age=0.008
[ego_planner_node-10] [INFO] [1786827005.838024781] [race_ego_planner]: [EGO_OCCUPANCY_UPDATE] input_topic=grid_map/cloud input_frame=map occupancy_frame=map cloud_points=17898 local_points=9697 occupied_voxels=25420 camera=(0.322,-2.502,-0.080) local_index_bounds=[(47,30,0),(117,111,8)]
[super_planner_ros2_node-6] [INFO] [1786827005.847057610] [super_planner_ros2_node]: SUPER_ROS2 mode=IDLE enable_output=false reason=WAIT_ALTITUDE_REFERENCE odom=(0.32,-2.50,-0.08) goal=none tracking_setpoint_enu=(0.32,-2.50,-0.08) setpoint_ned=none yaw(desired/cmd/rate)=(0.00/0.00/0.00) cross_track=0.00 frame_id=px4_ned path_points=0 odom_source=/race/odom cloud_source=/saved_map mavros_connected=true
[fastlio_bridge_node-2] [INFO] [1786827006.003933583] [fastlio_bridge_node]: 已桥接并转换里程计: ENU(0.32, -2.50, -0.08) -> NED(-2.50, 0.32, 0.08)
[fastlio_bridge_node-2] [INFO] [1786827006.015773125] [fastlio_bridge_node]: 已桥接并转换里程计: ENU(0.32, -2.50, -0.08) -> NED(-2.50, 0.32, 0.08)
[fastlio_bridge_node-2] [INFO] [1786827006.020156130] [fastlio_bridge_node]: 已桥接并转换里程计: ENU(0.32, -2.50, -0.08) -> NED(-2.50, 0.32, 0.08)
[fastlio_bridge_node-2] [INFO] [1786827006.022811302] [fastlio_bridge_node]: 已桥接并转换里程计: ENU(0.32, -2.50, -0.08) -> NED(-2.50, 0.32, 0.08)
[fastlio_bridge_node-2] [INFO] [1786827006.031679181] [fastlio_bridge_node]: 已桥接并转换里程计: ENU(0.32, -2.50, -0.08) -> NED(-2.50, 0.32, 0.08)
[fastlio_bridge_node-2] [INFO] [1786827006.032699875] [fastlio_bridge_node]: 已桥接并转换里程计: ENU(0.32, -2.50, -0.08) -> NED(-2.50, 0.32, 0.08)
[fastlio_bridge_node-2] [INFO] [1786827006.038069290] [fastlio_bridge_node]: 已桥接并转换里程计: ENU(0.32, -2.50, -0.08) -> NED(-2.50, 0.32, 0.08)
[fastlio_bridge_node-2] [INFO] [1786827006.042509411] [fastlio_bridge_node]: 已桥接并转换里程计: ENU(0.32, -2.50, -0.08) -> NED(-2.50, 0.32, 0.08)
[fastlio_bridge_node-2] [INFO] [1786827006.051249804] [fastlio_bridge_node]: 已桥接并转换里程计: ENU(0.32, -2.50, -0.08) -> NED(-2.50, 0.32, 0.08)
[fastlio_bridge_node-2] [INFO] [1786827006.054311134] [fastlio_bridge_node]: 已桥接并转换里程计: ENU(0.32, -2.50, -0.08) -> NED(-2.50, 0.32, 0.08)
[fastlio_bridge_node-2] [INFO] [1786827006.060053474] [fastlio_bridge_node]: 已桥接并转换里程计: ENU(0.32, -2.50, -0.08) -> NED(-2.50, 0.32, 0.08)
[fastlio_bridge_node-2] [INFO] [1786827006.062885425] [fastlio_bridge_node]: 已桥接并转换里程计: ENU(0.32, -2.50, -0.08) -> NED(-2.50, 0.32, 0.08)
[fastlio_bridge_node-2] [INFO] [1786827006.069209431] [fastlio_bridge_node]: 已桥接并转换里程计: ENU(0.32, -2.50, -0.08) -> NED(-2.50, 0.32, 0.08)
[fastlio_bridge_node-2] [INFO] [1786827006.072913699] [fastlio_bridge_node]: 已桥接并转换里程计: ENU(0.32, -2.50, -0.08) -> NED(-2.50, 0.32, 0.08)
[fastlio_bridge_node-2] [INFO] [1786827006.078876061] [fastlio_bridge_node]: 已桥接并转换里程计: ENU(0.32, -2.50, -0.08) -> NED(-2.50, 0.32, 0.08)
[fastlio_bridge_node-2] [INFO] [1786827006.085472360] [fastlio_bridge_node]: 已桥接并转换里程计: ENU(0.32, -2.50, -0.08) -> NED(-2.50, 0.32, 0.08)
[fastlio_bridge_node-2] [INFO] [1786827006.087966409] [fastlio_bridge_node]: 已桥接并转换里程计: ENU(0.32, -2.50, -0.08) -> NED(-2.50, 0.32, 0.08)
[fastlio_bridge_node-2] [INFO] [1786827006.092463435] [fastlio_bridge_node]: 已桥接并转换里程计: ENU(0.32, -2.50, -0.08) -> NED(-2.50, 0.32, 0.08)
[rviz2-13] [INFO] [1786827006.127499627] [rviz2]: Message Filter dropping message: frame 'odom' at time 1786827005.083 for reason 'discarding message because the queue is full'
[offboard_waypoint_node-1] [INFO] [1786827006.261803385] [offboard_waypoint_node]: [HOLD_ERROR] position_error=0.006 velocity=0.004 state=IDLE_HOLD
[ego_planner_node-10] [FSM]: state: WAIT_TARGET
[ego_planner_node-10] wait for goal or trigger.
[offboard_waypoint_node-1] [INFO] [1786827006.811761775] [offboard_waypoint_node]: [CONTROL_ARBITER] selected_source=safety_hold state=IDLE_HOLD
[super_planner_ros2_node-6] [INFO] [1786827006.847174691] [super_planner_ros2_node]: SUPER_ROS2 mode=IDLE enable_output=false reason=WAIT_ALTITUDE_REFERENCE odom=(0.32,-2.50,-0.08) goal=none tracking_setpoint_enu=(0.32,-2.50,-0.08) setpoint_ned=none yaw(desired/cmd/rate)=(0.00/0.00/0.00) cross_track=0.00 frame_id=px4_ned path_points=0 odom_source=/race/odom cloud_source=/saved_map mavros_connected=true
[race_ego_cloud_bridge-8] [INFO] [1786827007.026699318] [race_ego_cloud_bridge]: [EGO_STATIC_MAP_READY] topic=/saved_map frame=map points=11417 fused=true
[offboard_waypoint_node-1] [INFO] [1786827007.262110806] [offboard_waypoint_node]: [HOLD_ERROR] position_error=0.002 velocity=0.003 state=IDLE_HOLD
[offboard_waypoint_node-1] [INFO] [1786827007.812040601] [offboard_waypoint_node]: [CONTROL_ARBITER] selected_source=safety_hold state=IDLE_HOLD
[super_planner_ros2_node-6] [INFO] [1786827007.896999208] [super_planner_ros2_node]: SUPER_ROS2 mode=IDLE enable_output=false reason=WAIT_ALTITUDE_REFERENCE odom=(0.32,-2.50,-0.07) goal=none tracking_setpoint_enu=(0.32,-2.50,-0.07) setpoint_ned=none yaw(desired/cmd/rate)=(0.00/0.00/0.00) cross_track=0.00 frame_id=px4_ned path_points=0 odom_source=/race/odom cloud_source=/saved_map mavros_connected=true
[race_ego_cloud_bridge-8] [INFO] [1786827007.912721279] [race_ego_cloud_bridge]: [EGO_MAP_FUSION] static_points=11417 live_raw_points=17853 confirmed_live_voxels=6241 min_observations=2 memory_sec=1.00 fused_points=17658
[race_ego_cloud_bridge-8] [INFO] [1786827007.913549402] [race_ego_cloud_bridge]: [EGO_MAP_INPUT] topic=/race/ego/cloud frame=map points=17658 source=static_live_px4 refresh_period=0.00s
[race_ego_trajectory_bridge-12] [INFO] [1786827007.922802695] [race_ego_trajectory_bridge]: [EGO_OCCUPANCY_MAP] topic=/race/ego/cloud frame=map raw_points=17658 map_age=0.010
[ego_planner_node-10] [INFO] [1786827007.927855170] [race_ego_planner]: [EGO_OCCUPANCY_UPDATE] input_topic=grid_map/cloud input_frame=map occupancy_frame=map cloud_points=17658 local_points=9622 occupied_voxels=25409 camera=(0.323,-2.501,-0.070) local_index_bounds=[(47,30,0),(117,111,8)]
[ego_planner_node-10] [FSM]: state: WAIT_TARGET
[ego_planner_node-10] wait for goal or trigger.
[fastlio_bridge_node-2] [INFO] [1786827008.003604082] [fastlio_bridge_node]: 已桥接并转换里程计: ENU(0.32, -2.50, -0.07) -> NED(-2.50, 0.32, 0.07)
[fastlio_bridge_node-2] [INFO] [1786827008.013179003] [fastlio_bridge_node]: 已桥接并转换里程计: ENU(0.32, -2.50, -0.07) -> NED(-2.50, 0.32, 0.07)
[fastlio_bridge_node-2] [INFO] [1786827008.024496074] [fastlio_bridge_node]: 已桥接并转换里程计: ENU(0.32, -2.50, -0.07) -> NED(-2.50, 0.32, 0.07)
[fastlio_bridge_node-2] [INFO] [1786827008.035796663] [fastlio_bridge_node]: 已桥接并转换里程计: ENU(0.32, -2.50, -0.07) -> NED(-2.50, 0.32, 0.07)
[fastlio_bridge_node-2] [INFO] [1786827008.045838420] [fastlio_bridge_node]: 已桥接并转换里程计: ENU(0.32, -2.50, -0.07) -> NED(-2.50, 0.32, 0.07)
[fastlio_bridge_node-2] [INFO] [1786827008.056164670] [fastlio_bridge_node]: 已桥接并转换里程计: ENU(0.32, -2.50, -0.07) -> NED(-2.50, 0.32, 0.07)
[fastlio_bridge_node-2] [INFO] [1786827008.062284848] [fastlio_bridge_node]: 已桥接并转换里程计: ENU(0.32, -2.50, -0.07) -> NED(-2.50, 0.32, 0.07)
[fastlio_bridge_node-2] [INFO] [1786827008.072314096] [fastlio_bridge_node]: 已桥接并转换里程计: ENU(0.32, -2.50, -0.07) -> NED(-2.50, 0.32, 0.07)
[fastlio_bridge_node-2] [INFO] [1786827008.092381873] [fastlio_bridge_node]: 已桥接并转换里程计: ENU(0.32, -2.50, -0.07) -> NED(-2.50, 0.32, 0.07)
[offboard_waypoint_node-1] [INFO] [1786827008.311908512] [offboard_waypoint_node]: [HOLD_ERROR] position_error=0.007 velocity=0.011 state=IDLE_HOLD
[rviz2-13] [INFO] [1786827008.637769294] [rviz2]: Message Filter dropping message: frame 'odom' at time 1786827007.480 for reason 'discarding message because the queue is full'
[offboard_waypoint_node-1] [INFO] [1786827008.813586954] [offboard_waypoint_node]: [CONTROL_ARBITER] selected_source=safety_hold state=IDLE_HOLD
[super_planner_ros2_node-6] [INFO] [1786827008.899601026] [super_planner_ros2_node]: SUPER_ROS2 mode=IDLE enable_output=false reason=WAIT_ALTITUDE_REFERENCE odom=(0.32,-2.50,-0.08) goal=none tracking_setpoint_enu=(0.32,-2.50,-0.08) setpoint_ned=none yaw(desired/cmd/rate)=(0.00/0.00/0.00) cross_track=0.00 frame_id=px4_ned path_points=0 odom_source=/race/odom cloud_source=/saved_map mavros_connected=true
[race_ego_cloud_bridge-8] [INFO] [1786827009.025651179] [race_ego_cloud_bridge]: [EGO_STATIC_MAP_READY] topic=/saved_map frame=map points=11417 fused=true
[ego_planner_node-10] [FSM]: state: WAIT_TARGET
[ego_planner_node-10] wait for goal or trigger.
[offboard_waypoint_node-1] [INFO] [1786827009.362208902] [offboard_waypoint_node]: [HOLD_ERROR] position_error=0.004 velocity=0.003 state=IDLE_HOLD
[offboard_waypoint_node-1] [INFO] [1786827009.861952678] [offboard_waypoint_node]: [CONTROL_ARBITER] selected_source=safety_hold state=IDLE_HOLD
[super_planner_ros2_node-6] [INFO] [1786827009.947295292] [super_planner_ros2_node]: SUPER_ROS2 mode=IDLE enable_output=false reason=WAIT_ALTITUDE_REFERENCE odom=(0.32,-2.50,-0.08) goal=none tracking_setpoint_enu=(0.32,-2.50,-0.08) setpoint_ned=none yaw(desired/cmd/rate)=(0.00/0.00/0.00) cross_track=0.00 frame_id=px4_ned path_points=0 odom_source=/race/odom cloud_source=/saved_map mavros_connected=true
[fastlio_bridge_node-2] [INFO] [1786827010.006605443] [fastlio_bridge_node]: 已桥接并转换里程计: ENU(0.32, -2.50, -0.08) -> NED(-2.50, 0.32, 0.08)
[fastlio_bridge_node-2] [INFO] [1786827010.014630304] [fastlio_bridge_node]: 已桥接并转换里程计: ENU(0.32, -2.50, -0.08) -> NED(-2.50, 0.32, 0.08)
[fastlio_bridge_node-2] [INFO] [1786827010.016751672] [fastlio_bridge_node]: 已桥接并转换里程计: ENU(0.32, -2.50, -0.08) -> NED(-2.50, 0.32, 0.08)
[fastlio_bridge_node-2] [INFO] [1786827010.019704408] [fastlio_bridge_node]: 已桥接并转换里程计: ENU(0.32, -2.50, -0.08) -> NED(-2.50, 0.32, 0.08)
[race_ego_cloud_bridge-8] [INFO] [1786827010.025657640] [race_ego_cloud_bridge]: [EGO_MAP_FUSION] static_points=11417 live_raw_points=17721 confirmed_live_voxels=5506 min_observations=2 memory_sec=1.00 fused_points=16923
[race_ego_cloud_bridge-8] [INFO] [1786827010.026785551] [race_ego_cloud_bridge]: [EGO_MAP_INPUT] topic=/race/ego/cloud frame=map points=16923 source=static_live_px4 refresh_period=0.00s
[fastlio_bridge_node-2] [INFO] [1786827010.027774536] [fastlio_bridge_node]: 已桥接并转换里程计: ENU(0.32, -2.50, -0.08) -> NED(-2.50, 0.32, 0.08)
[fastlio_bridge_node-2] [INFO] [1786827010.032258883] [fastlio_bridge_node]: 已桥接并转换里程计: ENU(0.32, -2.50, -0.08) -> NED(-2.50, 0.32, 0.08)
[fastlio_bridge_node-2] [INFO] [1786827010.035000719] [fastlio_bridge_node]: 已桥接并转换里程计: ENU(0.32, -2.50, -0.08) -> NED(-2.50, 0.32, 0.08)
[ego_planner_node-10] [INFO] [1786827010.038030120] [race_ego_planner]: [EGO_OCCUPANCY_UPDATE] input_topic=grid_map/cloud input_frame=map occupancy_frame=map cloud_points=16923 local_points=9475 occupied_voxels=25208 camera=(0.322,-2.502,-0.077) local_index_bounds=[(47,30,0),(117,111,8)]
[fastlio_bridge_node-2] [INFO] [1786827010.039950859] [fastlio_bridge_node]: 已桥接并转换里程计: ENU(0.32, -2.50, -0.08) -> NED(-2.50, 0.32, 0.08)
[race_ego_trajectory_bridge-12] [INFO] [1786827010.040223875] [race_ego_trajectory_bridge]: [EGO_OCCUPANCY_MAP] topic=/race/ego/cloud frame=map raw_points=16923 map_age=0.014
[fastlio_bridge_node-2] [INFO] [1786827010.044916633] [fastlio_bridge_node]: 已桥接并转换里程计: ENU(0.32, -2.50, -0.08) -> NED(-2.50, 0.32, 0.08)
[fastlio_bridge_node-2] [INFO] [1786827010.054162700] [fastlio_bridge_node]: 已桥接并转换里程计: ENU(0.32, -2.50, -0.08) -> NED(-2.50, 0.32, 0.08)
[fastlio_bridge_node-2] [INFO] [1786827010.058748568] [fastlio_bridge_node]: 已桥接并转换里程计: ENU(0.32, -2.50, -0.08) -> NED(-2.50, 0.32, 0.08)
[fastlio_bridge_node-2] [INFO] [1786827010.060647620] [fastlio_bridge_node]: 已桥接并转换里程计: ENU(0.32, -2.50, -0.08) -> NED(-2.50, 0.32, 0.08)
[fastlio_bridge_node-2] [INFO] [1786827010.066878712] [fastlio_bridge_node]: 已桥接并转换里程计: ENU(0.32, -2.50, -0.08) -> NED(-2.50, 0.32, 0.08)
[fastlio_bridge_node-2] [INFO] [1786827010.068706285] [fastlio_bridge_node]: 已桥接并转换里程计: ENU(0.32, -2.50, -0.08) -> NED(-2.50, 0.32, 0.08)
[fastlio_bridge_node-2] [INFO] [1786827010.074545924] [fastlio_bridge_node]: 已桥接并转换里程计: ENU(0.32, -2.50, -0.08) -> NED(-2.50, 0.32, 0.08)
[fastlio_bridge_node-2] [INFO] [1786827010.078395737] [fastlio_bridge_node]: 已桥接并转换里程计: ENU(0.32, -2.50, -0.08) -> NED(-2.50, 0.32, 0.08)
[fastlio_bridge_node-2] [INFO] [1786827010.087219328] [fastlio_bridge_node]: 已桥接并转换里程计: ENU(0.32, -2.50, -0.08) -> NED(-2.50, 0.32, 0.08)
[fastlio_bridge_node-2] [INFO] [1786827010.089575437] [fastlio_bridge_node]: 已桥接并转换里程计: ENU(0.32, -2.50, -0.08) -> NED(-2.50, 0.32, 0.08)
[fastlio_bridge_node-2] [INFO] [1786827010.094385912] [fastlio_bridge_node]: 已桥接并转换里程计: ENU(0.32, -2.50, -0.08) -> NED(-2.50, 0.32, 0.08)
[ego_planner_node-10] [FSM]: state: WAIT_TARGET
[ego_planner_node-10] wait for goal or trigger.
[offboard_waypoint_node-1] [INFO] [1786827010.413895044] [offboard_waypoint_node]: [HOLD_ERROR] position_error=0.003 velocity=0.004 state=IDLE_HOLD
[offboard_waypoint_node-1] [INFO] [1786827010.875788474] [offboard_waypoint_node]: [CONTROL_ARBITER] selected_source=safety_hold state=IDLE_HOLD
[super_planner_ros2_node-6] [INFO] [1786827010.947659855] [super_planner_ros2_node]: SUPER_ROS2 mode=IDLE enable_output=false reason=WAIT_ALTITUDE_REFERENCE odom=(0.32,-2.50,-0.08) goal=none tracking_setpoint_enu=(0.32,-2.50,-0.08) setpoint_ned=none yaw(desired/cmd/rate)=(0.00/0.00/0.00) cross_track=0.00 frame_id=px4_ned path_points=0 odom_source=/race/odom cloud_source=/saved_map mavros_connected=true
[offboard_waypoint_node-1] [INFO] [1786827010.950138739] [offboard_waypoint_node]: [EV_HEALTH] state=SUSPECT continuous_healthy=0.00s
[race_ego_cloud_bridge-8] [INFO] [1786827011.030149437] [race_ego_cloud_bridge]: [EGO_STATIC_MAP_READY] topic=/saved_map frame=map points=11417 fused=true
[offboard_waypoint_node-1] [INFO] [1786827011.461980456] [offboard_waypoint_node]: [HOLD_ERROR] position_error=0.003 velocity=0.004 state=IDLE_HOLD
[rviz2-13] [INFO] [1786827011.482897707] [rviz2]: Message Filter dropping message: frame 'odom' at time 1786827009.780 for reason 'discarding message because the queue is full'
[ego_planner_node-10] [FSM]: state: WAIT_TARGET
[ego_planner_node-10] wait for goal or trigger.
[offboard_waypoint_node-1] [INFO] [1786827011.912001122] [offboard_waypoint_node]: [CONTROL_ARBITER] selected_source=safety_hold state=IDLE_HOLD
[super_planner_ros2_node-6] [INFO] [1786827011.948505551] [super_planner_ros2_node]: SUPER_ROS2 mode=IDLE enable_output=false reason=WAIT_ALTITUDE_REFERENCE odom=(0.32,-2.50,-0.08) goal=none tracking_setpoint_enu=(0.32,-2.50,-0.08) setpoint_ned=none yaw(desired/cmd/rate)=(0.00/0.00/0.00) cross_track=0.00 frame_id=px4_ned path_points=0 odom_source=/race/odom cloud_source=/saved_map mavros_connected=true
[fastlio_bridge_node-2] [INFO] [1786827012.000216397] [fastlio_bridge_node]: 已桥接并转换里程计: ENU(0.32, -2.50, -0.08) -> NED(-2.50, 0.32, 0.08)
[fastlio_bridge_node-2] [INFO] [1786827012.009377595] [fastlio_bridge_node]: 已桥接并转换里程计: ENU(0.32, -2.50, -0.08) -> NED(-2.50, 0.32, 0.08)
[fastlio_bridge_node-2] [INFO] [1786827012.012032009] [fastlio_bridge_node]: 已桥接并转换里程计: ENU(0.32, -2.50, -0.08) -> NED(-2.50, 0.32, 0.08)
[fastlio_bridge_node-2] [INFO] [1786827012.013934721] [fastlio_bridge_node]: 已桥接并转换里程计: ENU(0.32, -2.50, -0.08) -> NED(-2.50, 0.32, 0.08)
[fastlio_bridge_node-2] [INFO] [1786827012.022470478] [fastlio_bridge_node]: 已桥接并转换里程计: ENU(0.32, -2.50, -0.08) -> NED(-2.50, 0.32, 0.08)
[fastlio_bridge_node-2] [INFO] [1786827012.028560878] [fastlio_bridge_node]: 已桥接并转换里程计: ENU(0.32, -2.50, -0.08) -> NED(-2.50, 0.32, 0.08)
[fastlio_bridge_node-2] [INFO] [1786827012.033807389] [fastlio_bridge_node]: 已桥接并转换里程计: ENU(0.32, -2.50, -0.08) -> NED(-2.50, 0.32, 0.08)
[fastlio_bridge_node-2] [INFO] [1786827012.034113149] [fastlio_bridge_node]: 已桥接并转换里程计: ENU(0.32, -2.50, -0.08) -> NED(-2.50, 0.32, 0.08)
[fastlio_bridge_node-2] [INFO] [1786827012.039613839] [fastlio_bridge_node]: 已桥接并转换里程计: ENU(0.32, -2.50, -0.08) -> NED(-2.50, 0.32, 0.08)
[race_ego_cloud_bridge-8] [INFO] [1786827012.043223965] [race_ego_cloud_bridge]: [EGO_MAP_FUSION] static_points=11417 live_raw_points=14805 confirmed_live_voxels=4586 min_observations=2 memory_sec=1.00 fused_points=16003
[race_ego_cloud_bridge-8] [INFO] [1786827012.043583249] [race_ego_cloud_bridge]: [EGO_MAP_INPUT] topic=/race/ego/cloud frame=map points=16003 source=static_live_px4 refresh_period=0.00s
[fastlio_bridge_node-2] [INFO] [1786827012.043321243] [fastlio_bridge_node]: 已桥接并转换里程计: ENU(0.32, -2.50, -0.08) -> NED(-2.50, 0.32, 0.08)
[fastlio_bridge_node-2] [INFO] [1786827012.052252859] [fastlio_bridge_node]: 已桥接并转换里程计: ENU(0.32, -2.50, -0.08) -> NED(-2.50, 0.32, 0.08)
[race_ego_trajectory_bridge-12] [INFO] [1786827012.052588187] [race_ego_trajectory_bridge]: [EGO_OCCUPANCY_MAP] topic=/race/ego/cloud frame=map raw_points=16003 map_age=0.009
[fastlio_bridge_node-2] [INFO] [1786827012.054693472] [fastlio_bridge_node]: 已桥接并转换里程计: ENU(0.32, -2.50, -0.08) -> NED(-2.50, 0.32, 0.08)
[ego_planner_node-10] [INFO] [1786827012.057195704] [race_ego_planner]: [EGO_OCCUPANCY_UPDATE] input_topic=grid_map/cloud input_frame=map occupancy_frame=map cloud_points=16003 local_points=9151 occupied_voxels=25179 camera=(0.321,-2.503,-0.077) local_index_bounds=[(47,30,0),(117,111,8)]
[fastlio_bridge_node-2] [INFO] [1786827012.061052245] [fastlio_bridge_node]: 已桥接并转换里程计: ENU(0.32, -2.50, -0.08) -> NED(-2.50, 0.32, 0.08)
[fastlio_bridge_node-2] [INFO] [1786827012.070131680] [fastlio_bridge_node]: 已桥接并转换里程计: ENU(0.32, -2.50, -0.08) -> NED(-2.50, 0.32, 0.08)
[fastlio_bridge_node-2] [INFO] [1786827012.070967473] [fastlio_bridge_node]: 已桥接并转换里程计: ENU(0.32, -2.50, -0.08) -> NED(-2.50, 0.32, 0.08)
[fastlio_bridge_node-2] [INFO] [1786827012.077527977] [fastlio_bridge_node]: 已桥接并转换里程计: ENU(0.32, -2.50, -0.08) -> NED(-2.50, 0.32, 0.08)
[fastlio_bridge_node-2] [INFO] [1786827012.080181721] [fastlio_bridge_node]: 已桥接并转换里程计: ENU(0.32, -2.50, -0.08) -> NED(-2.50, 0.32, 0.08)
[fastlio_bridge_node-2] [INFO] [1786827012.086608498] [fastlio_bridge_node]: 已桥接并转换里程计: ENU(0.32, -2.50, -0.08) -> NED(-2.50, 0.32, 0.08)
[fastlio_bridge_node-2] [INFO] [1786827012.091827761] [fastlio_bridge_node]: 已桥接并转换里程计: ENU(0.32, -2.50, -0.08) -> NED(-2.50, 0.32, 0.08)
[offboard_waypoint_node-1] [INFO] [1786827012.462758017] [offboard_waypoint_node]: [HOLD_ERROR] position_error=0.005 velocity=0.008 state=IDLE_HOLD
[ego_planner_node-10] [FSM]: state: WAIT_TARGET
[ego_planner_node-10] wait for goal or trigger.
[offboard_waypoint_node-1] [INFO] [1786827012.912301885] [offboard_waypoint_node]: [CONTROL_ARBITER] selected_source=safety_hold state=IDLE_HOLD
[offboard_waypoint_node-1] [INFO] [1786827012.962812146] [offboard_waypoint_node]: [EV_HEALTH] state=HEALTHY continuous_healthy=0.00s
[super_planner_ros2_node-6] [INFO] [1786827012.997350249] [super_planner_ros2_node]: SUPER_ROS2 mode=IDLE enable_output=false reason=WAIT_ALTITUDE_REFERENCE odom=(0.32,-2.50,-0.08) goal=none tracking_setpoint_enu=(0.32,-2.50,-0.08) setpoint_ned=none yaw(desired/cmd/rate)=(0.00/0.00/0.00) cross_track=0.00 frame_id=px4_ned path_points=0 odom_source=/race/odom cloud_source=/saved_map mavros_connected=true
[race_ego_cloud_bridge-8] [INFO] [1786827013.025978235] [race_ego_cloud_bridge]: [EGO_STATIC_MAP_READY] topic=/saved_map frame=map points=11417 fused=true
[offboard_waypoint_node-1] [INFO] [1786827013.512062290] [offboard_waypoint_node]: [HOLD_ERROR] position_error=0.002 velocity=0.002 state=IDLE_HOLD
[ego_planner_node-10] [FSM]: state: WAIT_TARGET
[ego_planner_node-10] wait for goal or trigger.
[offboard_waypoint_node-1] [INFO] [1786827013.924289652] [offboard_waypoint_node]: [CONTROL_ARBITER] selected_source=safety_hold state=IDLE_HOLD
[fastlio_bridge_node-2] [INFO] [1786827014.000646463] [fastlio_bridge_node]: 已桥接并转换里程计: ENU(0.32, -2.50, -0.08) -> NED(-2.50, 0.32, 0.08)
[super_planner_ros2_node-6] [INFO] [1786827013.997920618] [super_planner_ros2_node]: SUPER_ROS2 mode=IDLE enable_output=false reason=WAIT_ALTITUDE_REFERENCE odom=(0.32,-2.50,-0.08) goal=none tracking_setpoint_enu=(0.32,-2.50,-0.08) setpoint_ned=none yaw(desired/cmd/rate)=(0.00/0.00/0.00) cross_track=0.00 frame_id=px4_ned path_points=0 odom_source=/race/odom cloud_source=/saved_map mavros_connected=true
[fastlio_bridge_node-2] [INFO] [1786827014.011788668] [fastlio_bridge_node]: 已桥接并转换里程计: ENU(0.32, -2.50, -0.08) -> NED(-2.50, 0.32, 0.08)
[fastlio_bridge_node-2] [INFO] [1786827014.020369135] [fastlio_bridge_node]: 已桥接并转换里程计: ENU(0.32, -2.50, -0.08) -> NED(-2.50, 0.32, 0.08)
[fastlio_bridge_node-2] [INFO] [1786827014.027960745] [fastlio_bridge_node]: 已桥接并转换里程计: ENU(0.32, -2.50, -0.08) -> NED(-2.50, 0.32, 0.08)
[fastlio_bridge_node-2] [INFO] [1786827014.031272069] [fastlio_bridge_node]: 已桥接并转换里程计: ENU(0.32, -2.50, -0.08) -> NED(-2.50, 0.32, 0.08)
[fastlio_bridge_node-2] [INFO] [1786827014.033822341] [fastlio_bridge_node]: 已桥接并转换里程计: ENU(0.32, -2.50, -0.08) -> NED(-2.50, 0.32, 0.08)
[fastlio_bridge_node-2] [INFO] [1786827014.036914439] [fastlio_bridge_node]: 已桥接并转换里程计: ENU(0.32, -2.50, -0.08) -> NED(-2.50, 0.32, 0.08)
[fastlio_bridge_node-2] [INFO] [1786827014.040680927] [fastlio_bridge_node]: 已桥接并转换里程计: ENU(0.32, -2.50, -0.08) -> NED(-2.50, 0.32, 0.08)
[race_ego_cloud_bridge-8] [INFO] [1786827014.047473405] [race_ego_cloud_bridge]: [EGO_MAP_INPUT] topic=/race/ego/cloud frame=map points=16497 source=static_live_px4 refresh_period=0.00s
[fastlio_bridge_node-2] [INFO] [1786827014.053017263] [fastlio_bridge_node]: 已桥接并转换里程计: ENU(0.32, -2.50, -0.08) -> NED(-2.50, 0.32, 0.08)
[fastlio_bridge_node-2] [INFO] [1786827014.053232245] [fastlio_bridge_node]: 已桥接并转换里程计: ENU(0.32, -2.50, -0.08) -> NED(-2.50, 0.32, 0.08)
[fastlio_bridge_node-2] [INFO] [1786827014.056622679] [fastlio_bridge_node]: 已桥接并转换里程计: ENU(0.32, -2.50, -0.08) -> NED(-2.50, 0.32, 0.08)
[rviz2-13] [INFO] [1786827014.063249072] [rviz2]: Message Filter dropping message: frame 'odom' at time 1786827012.780 for reason 'discarding message because the queue is full'
[fastlio_bridge_node-2] [INFO] [1786827014.066974455] [fastlio_bridge_node]: 已桥接并转换里程计: ENU(0.32, -2.50, -0.08) -> NED(-2.50, 0.32, 0.08)
[race_ego_trajectory_bridge-12] [INFO] [1786827014.070082163] [race_ego_trajectory_bridge]: [EGO_OCCUPANCY_MAP] topic=/race/ego/cloud frame=map raw_points=16497 map_age=0.027
[fastlio_bridge_node-2] [INFO] [1786827014.070876208] [fastlio_bridge_node]: 已桥接并转换里程计: ENU(0.32, -2.50, -0.08) -> NED(-2.50, 0.32, 0.08)
[ego_planner_node-10] [INFO] [1786827014.071524724] [race_ego_planner]: [EGO_OCCUPANCY_UPDATE] input_topic=grid_map/cloud input_frame=map occupancy_frame=map cloud_points=16497 local_points=9336 occupied_voxels=25154 camera=(0.323,-2.502,-0.076) local_index_bounds=[(47,30,0),(117,111,8)]
[fastlio_bridge_node-2] [INFO] [1786827014.073950463] [fastlio_bridge_node]: 已桥接并转换里程计: ENU(0.32, -2.50, -0.08) -> NED(-2.50, 0.32, 0.08)
[fastlio_bridge_node-2] [INFO] [1786827014.084348751] [fastlio_bridge_node]: 已桥接并转换里程计: ENU(0.32, -2.50, -0.08) -> NED(-2.50, 0.32, 0.08)
[fastlio_bridge_node-2] [INFO] [1786827014.086734302] [fastlio_bridge_node]: 已桥接并转换里程计: ENU(0.32, -2.50, -0.08) -> NED(-2.50, 0.32, 0.08)
[fastlio_bridge_node-2] [INFO] [1786827014.089123103] [fastlio_bridge_node]: 已桥接并转换里程计: ENU(0.32, -2.50, -0.08) -> NED(-2.50, 0.32, 0.08)
[fastlio_bridge_node-2] [INFO] [1786827014.092007413] [fastlio_bridge_node]: 已桥接并转换里程计: ENU(0.32, -2.50, -0.08) -> NED(-2.50, 0.32, 0.08)
[fastlio_bridge_node-2] [INFO] [1786827014.094241282] [fastlio_bridge_node]: 已桥接并转换里程计: ENU(0.32, -2.50, -0.07) -> NED(-2.50, 0.32, 0.07)
[fastlio_bridge_node-2] [INFO] [1786827014.099488324] [fastlio_bridge_node]: 已桥接并转换里程计: ENU(0.32, -2.50, -0.07) -> NED(-2.50, 0.32, 0.07)
[race_ego_cloud_bridge-8] [INFO] [1786827014.288781680] [race_ego_cloud_bridge]: [EGO_MAP_FUSION] static_points=11417 live_raw_points=11818 confirmed_live_voxels=4257 min_observations=2 memory_sec=1.00 fused_points=15674
[offboard_waypoint_node-1] [INFO] [1786827014.512279261] [offboard_waypoint_node]: [HOLD_ERROR] position_error=0.003 velocity=0.008 state=IDLE_HOLD
[offboard_waypoint_node-1] [INFO] [1786827014.962967557] [offboard_waypoint_node]: [CONTROL_ARBITER] selected_source=safety_hold state=IDLE_HOLD
[super_planner_ros2_node-6] [INFO] [1786827014.998096868] [super_planner_ros2_node]: SUPER_ROS2 mode=IDLE enable_output=false reason=WAIT_ALTITUDE_REFERENCE odom=(0.32,-2.50,-0.08) goal=none tracking_setpoint_enu=(0.32,-2.50,-0.08) setpoint_ned=none yaw(desired/cmd/rate)=(0.00/0.00/0.00) cross_track=0.00 frame_id=px4_ned path_points=0 odom_source=/race/odom cloud_source=/saved_map mavros_connected=true
[ego_planner_node-10] [FSM]: state: WAIT_TARGET
[ego_planner_node-10] wait for goal or trigger.
[race_ego_cloud_bridge-8] [INFO] [1786827015.038638374] [race_ego_cloud_bridge]: [EGO_STATIC_MAP_READY] topic=/saved_map frame=map points=11417 fused=true
[offboard_waypoint_node-1] [INFO] [1786827015.562229365] [offboard_waypoint_node]: [HOLD_ERROR] position_error=0.008 velocity=0.014 state=IDLE_HOLD
[fastlio_bridge_node-2] [INFO] [1786827016.004946766] [fastlio_bridge_node]: 已桥接并转换里程计: ENU(0.32, -2.50, -0.08) -> NED(-2.50, 0.32, 0.08)
[fastlio_bridge_node-2] [INFO] [1786827016.010991815] [fastlio_bridge_node]: 已桥接并转换里程计: ENU(0.32, -2.50, -0.08) -> NED(-2.50, 0.32, 0.08)
[fastlio_bridge_node-2] [INFO] [1786827016.013732810] [fastlio_bridge_node]: 已桥接并转换里程计: ENU(0.32, -2.50, -0.08) -> NED(-2.50, 0.32, 0.08)
[fastlio_bridge_node-2] [INFO] [1786827016.014752946] [fastlio_bridge_node]: 已桥接并转换里程计: ENU(0.32, -2.50, -0.08) -> NED(-2.50, 0.32, 0.08)
[fastlio_bridge_node-2] [INFO] [1786827016.018402131] [fastlio_bridge_node]: 已桥接并转换里程计: ENU(0.32, -2.50, -0.08) -> NED(-2.50, 0.32, 0.08)
[offboard_waypoint_node-1] [INFO] [1786827016.026698891] [offboard_waypoint_node]: [CONTROL_ARBITER] selected_source=safety_hold state=IDLE_HOLD
[fastlio_bridge_node-2] [INFO] [1786827016.026882353] [fastlio_bridge_node]: 已桥接并转换里程计: ENU(0.32, -2.50, -0.08) -> NED(-2.50, 0.32, 0.08)
[fastlio_bridge_node-2] [INFO] [1786827016.030797214] [fastlio_bridge_node]: 已桥接并转换里程计: ENU(0.32, -2.50, -0.08) -> NED(-2.50, 0.32, 0.08)
[fastlio_bridge_node-2] [INFO] [1786827016.034678314] [fastlio_bridge_node]: 已桥接并转换里程计: ENU(0.32, -2.50, -0.08) -> NED(-2.50, 0.32, 0.08)
[fastlio_bridge_node-2] [INFO] [1786827016.035572263] [fastlio_bridge_node]: 已桥接并转换里程计: ENU(0.32, -2.50, -0.08) -> NED(-2.50, 0.32, 0.08)
[fastlio_bridge_node-2] [INFO] [1786827016.040742171] [fastlio_bridge_node]: 已桥接并转换里程计: ENU(0.32, -2.50, -0.08) -> NED(-2.50, 0.32, 0.08)
[fastlio_bridge_node-2] [INFO] [1786827016.044827006] [fastlio_bridge_node]: 已桥接并转换里程计: ENU(0.32, -2.50, -0.08) -> NED(-2.50, 0.32, 0.08)
[super_planner_ros2_node-6] [INFO] [1786827016.048058072] [super_planner_ros2_node]: SUPER_ROS2 mode=IDLE enable_output=false reason=WAIT_ALTITUDE_REFERENCE odom=(0.32,-2.50,-0.08) goal=none tracking_setpoint_enu=(0.32,-2.50,-0.08) setpoint_ned=none yaw(desired/cmd/rate)=(0.00/0.00/0.00) cross_track=0.00 frame_id=px4_ned path_points=0 odom_source=/race/odom cloud_source=/saved_map mavros_connected=true
[fastlio_bridge_node-2] [INFO] [1786827016.061538688] [fastlio_bridge_node]: 已桥接并转换里程计: ENU(0.32, -2.50, -0.08) -> NED(-2.50, 0.32, 0.08)
[fastlio_bridge_node-2] [INFO] [1786827016.067028385] [fastlio_bridge_node]: 已桥接并转换里程计: ENU(0.32, -2.50, -0.08) -> NED(-2.50, 0.32, 0.08)
[fastlio_bridge_node-2] [INFO] [1786827016.069655102] [fastlio_bridge_node]: 已桥接并转换里程计: ENU(0.32, -2.50, -0.08) -> NED(-2.50, 0.32, 0.08)
[fastlio_bridge_node-2] [INFO] [1786827016.071751821] [fastlio_bridge_node]: 已桥接并转换里程计: ENU(0.32, -2.50, -0.08) -> NED(-2.50, 0.32, 0.08)
[fastlio_bridge_node-2] [INFO] [1786827016.076858797] [fastlio_bridge_node]: 已桥接并转换里程计: ENU(0.32, -2.50, -0.08) -> NED(-2.50, 0.32, 0.08)
[fastlio_bridge_node-2] [INFO] [1786827016.084079468] [fastlio_bridge_node]: 已桥接并转换里程计: ENU(0.32, -2.50, -0.08) -> NED(-2.50, 0.32, 0.08)
[fastlio_bridge_node-2] [INFO] [1786827016.087947725] [fastlio_bridge_node]: 已桥接并转换里程计: ENU(0.32, -2.50, -0.08) -> NED(-2.50, 0.32, 0.08)
[race_ego_cloud_bridge-8] [INFO] [1786827016.091030551] [race_ego_cloud_bridge]: [EGO_MAP_INPUT] topic=/race/ego/cloud frame=map points=16399 source=static_live_px4 refresh_period=0.00s
[fastlio_bridge_node-2] [INFO] [1786827016.092525604] [fastlio_bridge_node]: 已桥接并转换里程计: ENU(0.32, -2.50, -0.08) -> NED(-2.50, 0.32, 0.08)
[fastlio_bridge_node-2] [INFO] [1786827016.093803516] [fastlio_bridge_node]: 已桥接并转换里程计: ENU(0.32, -2.50, -0.08) -> NED(-2.50, 0.32, 0.08)
[fastlio_bridge_node-2] [INFO] [1786827016.099056486] [fastlio_bridge_node]: 已桥接并转换里程计: ENU(0.32, -2.50, -0.08) -> NED(-2.50, 0.32, 0.08)
[race_ego_trajectory_bridge-12] [INFO] [1786827016.099690043] [race_ego_trajectory_bridge]: [EGO_OCCUPANCY_MAP] topic=/race/ego/cloud frame=map raw_points=16399 map_age=0.009
[ego_planner_node-10] [INFO] [1786827016.102764651] [race_ego_planner]: [EGO_OCCUPANCY_UPDATE] input_topic=grid_map/cloud input_frame=map occupancy_frame=map cloud_points=16399 local_points=9321 occupied_voxels=25212 camera=(0.323,-2.502,-0.077) local_index_bounds=[(47,30,0),(117,111,8)]
[ego_planner_node-10] [FSM]: state: WAIT_TARGET
[ego_planner_node-10] wait for goal or trigger.
[race_ego_cloud_bridge-8] [INFO] [1786827016.432242562] [race_ego_cloud_bridge]: [EGO_MAP_FUSION] static_points=11417 live_raw_points=17728 confirmed_live_voxels=5769 min_observations=2 memory_sec=1.00 fused_points=17186
[offboard_waypoint_node-1] [INFO] [1786827016.562515494] [offboard_waypoint_node]: [HOLD_ERROR] position_error=0.004 velocity=0.008 state=IDLE_HOLD
[rviz2-13] [INFO] [1786827016.568723294] [rviz2]: Message Filter dropping message: frame 'odom' at time 1786827015.481 for reason 'discarding message because the queue is full'
[race_ego_cloud_bridge-8] [INFO] [1786827017.037537108] [race_ego_cloud_bridge]: [EGO_STATIC_MAP_READY] topic=/saved_map frame=map points=11417 fused=true
[offboard_waypoint_node-1] [INFO] [1786827017.062870080] [offboard_waypoint_node]: [CONTROL_ARBITER] selected_source=safety_hold state=IDLE_HOLD
[super_planner_ros2_node-6] [INFO] [1786827017.097965569] [super_planner_ros2_node]: SUPER_ROS2 mode=IDLE enable_output=false reason=WAIT_ALTITUDE_REFERENCE odom=(0.32,-2.50,-0.08) goal=none tracking_setpoint_enu=(0.32,-2.50,-0.08) setpoint_ned=none yaw(desired/cmd/rate)=(0.00/0.00/0.00) cross_track=0.00 frame_id=px4_ned path_points=0 odom_source=/race/odom cloud_source=/saved_map mavros_connected=true
[ego_planner_node-10] [FSM]: state: WAIT_TARGET
[ego_planner_node-10] wait for goal or trigger.
[offboard_waypoint_node-1] [INFO] [1786827017.562801065] [offboard_waypoint_node]: [HOLD_ERROR] position_error=0.002 velocity=0.001 state=IDLE_HOLD
[fastlio_bridge_node-2] [INFO] [1786827018.003190918] [fastlio_bridge_node]: 已桥接并转换里程计: ENU(0.32, -2.50, -0.07) -> NED(-2.50, 0.32, 0.07)
[fastlio_bridge_node-2] [INFO] [1786827018.005634386] [fastlio_bridge_node]: 已桥接并转换里程计: ENU(0.32, -2.50, -0.07) -> NED(-2.50, 0.32, 0.07)
[fastlio_bridge_node-2] [INFO] [1786827018.009693484] [fastlio_bridge_node]: 已桥接并转换里程计: ENU(0.32, -2.50, -0.07) -> NED(-2.50, 0.32, 0.07)
[fastlio_bridge_node-2] [INFO] [1786827018.013453378] [fastlio_bridge_node]: 已桥接并转换里程计: ENU(0.32, -2.50, -0.07) -> NED(-2.50, 0.32, 0.07)
[fastlio_bridge_node-2] [INFO] [1786827018.027368801] [fastlio_bridge_node]: 已桥接并转换里程计: ENU(0.32, -2.50, -0.07) -> NED(-2.50, 0.32, 0.07)
[fastlio_bridge_node-2] [INFO] [1786827018.027631116] [fastlio_bridge_node]: 已桥接并转换里程计: ENU(0.32, -2.50, -0.07) -> NED(-2.50, 0.32, 0.07)
[fastlio_bridge_node-2] [INFO] [1786827018.029557451] [fastlio_bridge_node]: 已桥接并转换里程计: ENU(0.32, -2.50, -0.07) -> NED(-2.50, 0.32, 0.07)
[fastlio_bridge_node-2] [INFO] [1786827018.037453156] [fastlio_bridge_node]: 已桥接并转换里程计: ENU(0.32, -2.50, -0.07) -> NED(-2.50, 0.32, 0.07)
[fastlio_bridge_node-2] [INFO] [1786827018.040105774] [fastlio_bridge_node]: 已桥接并转换里程计: ENU(0.32, -2.50, -0.07) -> NED(-2.50, 0.32, 0.07)
[fastlio_bridge_node-2] [INFO] [1786827018.046317937] [fastlio_bridge_node]: 已桥接并转换里程计: ENU(0.32, -2.50, -0.08) -> NED(-2.50, 0.32, 0.08)
[fastlio_bridge_node-2] [INFO] [1786827018.051882952] [fastlio_bridge_node]: 已桥接并转换里程计: ENU(0.32, -2.50, -0.08) -> NED(-2.50, 0.32, 0.08)
[fastlio_bridge_node-2] [INFO] [1786827018.054628730] [fastlio_bridge_node]: 已桥接并转换里程计: ENU(0.32, -2.50, -0.08) -> NED(-2.50, 0.32, 0.08)
[fastlio_bridge_node-2] [INFO] [1786827018.061254224] [fastlio_bridge_node]: 已桥接并转换里程计: ENU(0.32, -2.50, -0.08) -> NED(-2.50, 0.32, 0.08)
[fastlio_bridge_node-2] [INFO] [1786827018.065088306] [fastlio_bridge_node]: 已桥接并转换里程计: ENU(0.32, -2.50, -0.08) -> NED(-2.50, 0.32, 0.08)
[fastlio_bridge_node-2] [INFO] [1786827018.069591013] [fastlio_bridge_node]: 已桥接并转换里程计: ENU(0.32, -2.50, -0.08) -> NED(-2.50, 0.32, 0.08)
[fastlio_bridge_node-2] [INFO] [1786827018.078179260] [fastlio_bridge_node]: 已桥接并转换里程计: ENU(0.32, -2.50, -0.08) -> NED(-2.50, 0.32, 0.08)
[fastlio_bridge_node-2] [INFO] [1786827018.079579532] [fastlio_bridge_node]: 已桥接并转换里程计: ENU(0.32, -2.50, -0.08) -> NED(-2.50, 0.32, 0.08)
[fastlio_bridge_node-2] [INFO] [1786827018.083010133] [fastlio_bridge_node]: 已桥接并转换里程计: ENU(0.32, -2.50, -0.08) -> NED(-2.50, 0.32, 0.08)
[fastlio_bridge_node-2] [INFO] [1786827018.089197119] [fastlio_bridge_node]: 已桥接并转换里程计: ENU(0.32, -2.50, -0.08) -> NED(-2.50, 0.32, 0.08)
[fastlio_bridge_node-2] [INFO] [1786827018.094543256] [fastlio_bridge_node]: 已桥接并转换里程计: ENU(0.32, -2.50, -0.08) -> NED(-2.50, 0.32, 0.08)
[fastlio_bridge_node-2] [INFO] [1786827018.099220786] [fastlio_bridge_node]: 已桥接并转换里程计: ENU(0.32, -2.50, -0.08) -> NED(-2.50, 0.32, 0.08)
[offboard_waypoint_node-1] [INFO] [1786827018.113020011] [offboard_waypoint_node]: [CONTROL_ARBITER] selected_source=safety_hold state=IDLE_HOLD
[super_planner_ros2_node-6] [INFO] [1786827018.147815975] [super_planner_ros2_node]: SUPER_ROS2 mode=IDLE enable_output=false reason=WAIT_ALTITUDE_REFERENCE odom=(0.32,-2.50,-0.08) goal=none tracking_setpoint_enu=(0.32,-2.50,-0.08) setpoint_ned=none yaw(desired/cmd/rate)=(0.00/0.00/0.00) cross_track=0.00 frame_id=px4_ned path_points=0 odom_source=/race/odom cloud_source=/saved_map mavros_connected=true
[race_ego_cloud_bridge-8] [INFO] [1786827018.233357801] [race_ego_cloud_bridge]: [EGO_MAP_INPUT] topic=/race/ego/cloud frame=map points=15855 source=static_live_px4 refresh_period=0.00s
[race_ego_trajectory_bridge-12] [INFO] [1786827018.242034370] [race_ego_trajectory_bridge]: [EGO_OCCUPANCY_MAP] topic=/race/ego/cloud frame=map raw_points=15855 map_age=0.009
[ego_planner_node-10] [INFO] [1786827018.251708210] [race_ego_planner]: [EGO_OCCUPANCY_UPDATE] input_topic=grid_map/cloud input_frame=map occupancy_frame=map cloud_points=15855 local_points=9029 occupied_voxels=25066 camera=(0.322,-2.502,-0.078) local_index_bounds=[(47,30,0),(117,111,8)]
[ego_planner_node-10] [FSM]: state: WAIT_TARGET
[ego_planner_node-10] wait for goal or trigger.
[race_ego_cloud_bridge-8] [INFO] [1786827018.446600174] [race_ego_cloud_bridge]: [EGO_MAP_FUSION] static_points=11417 live_raw_points=14857 confirmed_live_voxels=4899 min_observations=2 memory_sec=1.00 fused_points=16316
[offboard_waypoint_node-1] [INFO] [1786827018.613882764] [offboard_waypoint_node]: [HOLD_ERROR] position_error=0.004 velocity=0.004 state=IDLE_HOLD
[race_ego_cloud_bridge-8] [INFO] [1786827019.032226455] [race_ego_cloud_bridge]: [EGO_STATIC_MAP_READY] topic=/saved_map frame=map points=11417 fused=true
[offboard_waypoint_node-1] [INFO] [1786827019.114664570] [offboard_waypoint_node]: [CONTROL_ARBITER] selected_source=safety_hold state=IDLE_HOLD
[rviz2-13] [INFO] [1786827019.124259072] [rviz2]: Message Filter dropping message: frame 'odom' at time 1786827018.081 for reason 'discarding message because the queue is full'
[super_planner_ros2_node-6] [INFO] [1786827019.197491390] [super_planner_ros2_node]: SUPER_ROS2 mode=IDLE enable_output=false reason=WAIT_ALTITUDE_REFERENCE odom=(0.32,-2.50,-0.08) goal=none tracking_setpoint_enu=(0.32,-2.50,-0.08) setpoint_ned=none yaw(desired/cmd/rate)=(0.00/0.00/0.00) cross_track=0.00 frame_id=px4_ned path_points=0 odom_source=/race/odom cloud_source=/saved_map mavros_connected=true
[ego_planner_node-10] [FSM]: state: WAIT_TARGET
[ego_planner_node-10] wait for goal or trigger.
[offboard_waypoint_node-1] [INFO] [1786827019.662522087] [offboard_waypoint_node]: [HOLD_ERROR] position_error=0.003 velocity=0.003 state=IDLE_HOLD
[fastlio_bridge_node-2] [INFO] [1786827020.017720233] [fastlio_bridge_node]: 已桥接并转换里程计: ENU(0.32, -2.50, -0.08) -> NED(-2.50, 0.32, 0.08)
[fastlio_bridge_node-2] [INFO] [1786827020.023034124] [fastlio_bridge_node]: 已桥接并转换里程计: ENU(0.32, -2.50, -0.08) -> NED(-2.50, 0.32, 0.08)
[fastlio_bridge_node-2] [INFO] [1786827020.036634333] [fastlio_bridge_node]: 已桥接并转换里程计: ENU(0.32, -2.50, -0.08) -> NED(-2.50, 0.32, 0.08)
[fastlio_bridge_node-2] [INFO] [1786827020.044952959] [fastlio_bridge_node]: 已桥接并转换里程计: ENU(0.32, -2.50, -0.08) -> NED(-2.50, 0.32, 0.08)
[fastlio_bridge_node-2] [INFO] [1786827020.054030892] [fastlio_bridge_node]: 已桥接并转换里程计: ENU(0.32, -2.50, -0.08) -> NED(-2.50, 0.32, 0.08)
[fastlio_bridge_node-2] [INFO] [1786827020.065894354] [fastlio_bridge_node]: 已桥接并转换里程计: ENU(0.32, -2.50, -0.08) -> NED(-2.50, 0.32, 0.08)
[fastlio_bridge_node-2] [INFO] [1786827020.078027010] [fastlio_bridge_node]: 已桥接并转换里程计: ENU(0.32, -2.50, -0.08) -> NED(-2.50, 0.32, 0.08)
[fastlio_bridge_node-2] [INFO] [1786827020.089741255] [fastlio_bridge_node]: 已桥接并转换里程计: ENU(0.32, -2.50, -0.08) -> NED(-2.50, 0.32, 0.08)
[offboard_waypoint_node-1] [INFO] [1786827020.117193034] [offboard_waypoint_node]: [CONTROL_ARBITER] selected_source=safety_hold state=IDLE_HOLD
[super_planner_ros2_node-6] [INFO] [1786827020.205488339] [super_planner_ros2_node]: SUPER_ROS2 mode=IDLE enable_output=false reason=WAIT_ALTITUDE_REFERENCE odom=(0.32,-2.50,-0.08) goal=none tracking_setpoint_enu=(0.32,-2.50,-0.08) setpoint_ned=none yaw(desired/cmd/rate)=(0.00/0.00/0.00) cross_track=0.00 frame_id=px4_ned path_points=0 odom_source=/race/odom cloud_source=/saved_map mavros_connected=true
[race_ego_cloud_bridge-8] [INFO] [1786827020.281149995] [race_ego_cloud_bridge]: [EGO_MAP_INPUT] topic=/race/ego/cloud frame=map points=18043 source=static_live_px4 refresh_period=0.00s
[race_ego_trajectory_bridge-12] [INFO] [1786827020.287460074] [race_ego_trajectory_bridge]: [EGO_OCCUPANCY_MAP] topic=/race/ego/cloud frame=map raw_points=18043 map_age=0.007
[ego_planner_node-10] [INFO] [1786827020.294515986] [race_ego_planner]: [EGO_OCCUPANCY_UPDATE] input_topic=grid_map/cloud input_frame=map occupancy_frame=map cloud_points=18043 local_points=9845 occupied_voxels=25401 camera=(0.324,-2.503,-0.073) local_index_bounds=[(47,30,0),(117,111,8)]
[offboard_waypoint_node-1] [INFO] [1786827020.662813854] [offboard_waypoint_node]: [HOLD_ERROR] position_error=0.003 velocity=0.005 state=IDLE_HOLD
[race_ego_cloud_bridge-8] [INFO] [1786827020.676114557] [race_ego_cloud_bridge]: [EGO_MAP_FUSION] static_points=11417 live_raw_points=17677 confirmed_live_voxels=6782 min_observations=2 memory_sec=1.00 fused_points=18199
[ego_planner_node-10] [FSM]: state: WAIT_TARGET
[ego_planner_node-10] wait for goal or trigger.
[race_ego_cloud_bridge-8] [INFO] [1786827021.026311124] [race_ego_cloud_bridge]: [EGO_STATIC_MAP_READY] topic=/saved_map frame=map points=11417 fused=true
[offboard_waypoint_node-1] [INFO] [1786827021.162594911] [offboard_waypoint_node]: [CONTROL_ARBITER] selected_source=safety_hold state=IDLE_HOLD
[super_planner_ros2_node-6] [INFO] [1786827021.247738689] [super_planner_ros2_node]: SUPER_ROS2 mode=IDLE enable_output=false reason=WAIT_ALTITUDE_REFERENCE odom=(0.32,-2.50,-0.08) goal=none tracking_setpoint_enu=(0.32,-2.50,-0.08) setpoint_ned=none yaw(desired/cmd/rate)=(0.00/0.00/0.00) cross_track=0.00 frame_id=px4_ned path_points=0 odom_source=/race/odom cloud_source=/saved_map mavros_connected=true
[rviz2-13] [INFO] [1786827021.712525036] [rviz2]: Message Filter dropping message: frame 'odom' at time 1786827020.581 for reason 'discarding message because the queue is full'
[offboard_waypoint_node-1] [INFO] [1786827021.712778072] [offboard_waypoint_node]: [HOLD_ERROR] position_error=0.002 velocity=0.001 state=IDLE_HOLD
[ego_planner_node-10] [FSM]: state: WAIT_TARGET
[ego_planner_node-10] wait for goal or trigger.
[fastlio_bridge_node-2] [INFO] [1786827022.000038744] [fastlio_bridge_node]: 已桥接并转换里程计: ENU(0.32, -2.50, -0.08) -> NED(-2.50, 0.32, 0.08)
[fastlio_bridge_node-2] [INFO] [1786827022.007914441] [fastlio_bridge_node]: 已桥接并转换里程计: ENU(0.32, -2.50, -0.08) -> NED(-2.50, 0.32, 0.08)
[fastlio_bridge_node-2] [INFO] [1786827022.012379452] [fastlio_bridge_node]: 已桥接并转换里程计: ENU(0.32, -2.50, -0.08) -> NED(-2.50, 0.32, 0.08)
[fastlio_bridge_node-2] [INFO] [1786827022.014859349] [fastlio_bridge_node]: 已桥接并转换里程计: ENU(0.32, -2.50, -0.08) -> NED(-2.50, 0.32, 0.08)
[fastlio_bridge_node-2] [INFO] [1786827022.019884371] [fastlio_bridge_node]: 已桥接并转换里程计: ENU(0.32, -2.50, -0.08) -> NED(-2.50, 0.32, 0.08)
[fastlio_bridge_node-2] [INFO] [1786827022.029791804] [fastlio_bridge_node]: 已桥接并转换里程计: ENU(0.32, -2.50, -0.08) -> NED(-2.50, 0.32, 0.08)
[fastlio_bridge_node-2] [INFO] [1786827022.030347674] [fastlio_bridge_node]: 已桥接并转换里程计: ENU(0.32, -2.50, -0.08) -> NED(-2.50, 0.32, 0.08)
[fastlio_bridge_node-2] [INFO] [1786827022.037585008] [fastlio_bridge_node]: 已桥接并转换里程计: ENU(0.32, -2.50, -0.08) -> NED(-2.50, 0.32, 0.08)
[fastlio_bridge_node-2] [INFO] [1786827022.041195315] [fastlio_bridge_node]: 已桥接并转换里程计: ENU(0.32, -2.50, -0.08) -> NED(-2.50, 0.32, 0.08)
[fastlio_bridge_node-2] [INFO] [1786827022.045308281] [fastlio_bridge_node]: 已桥接并转换里程计: ENU(0.32, -2.50, -0.08) -> NED(-2.50, 0.32, 0.08)
[fastlio_bridge_node-2] [INFO] [1786827022.052178913] [fastlio_bridge_node]: 已桥接并转换里程计: ENU(0.32, -2.50, -0.08) -> NED(-2.50, 0.32, 0.08)
[fastlio_bridge_node-2] [INFO] [1786827022.054666765] [fastlio_bridge_node]: 已桥接并转换里程计: ENU(0.32, -2.50, -0.08) -> NED(-2.50, 0.32, 0.08)
[fastlio_bridge_node-2] [INFO] [1786827022.060290659] [fastlio_bridge_node]: 已桥接并转换里程计: ENU(0.32, -2.50, -0.08) -> NED(-2.50, 0.32, 0.08)
[fastlio_bridge_node-2] [INFO] [1786827022.063656207] [fastlio_bridge_node]: 已桥接并转换里程计: ENU(0.32, -2.50, -0.08) -> NED(-2.50, 0.32, 0.08)
[fastlio_bridge_node-2] [INFO] [1786827022.075645191] [fastlio_bridge_node]: 已桥接并转换里程计: ENU(0.32, -2.50, -0.08) -> NED(-2.50, 0.32, 0.08)
[fastlio_bridge_node-2] [INFO] [1786827022.076184606] [fastlio_bridge_node]: 已桥接并转换里程计: ENU(0.32, -2.50, -0.08) -> NED(-2.50, 0.32, 0.08)
[fastlio_bridge_node-2] [INFO] [1786827022.078881465] [fastlio_bridge_node]: 已桥接并转换里程计: ENU(0.32, -2.50, -0.08) -> NED(-2.50, 0.32, 0.08)
[fastlio_bridge_node-2] [INFO] [1786827022.086231821] [fastlio_bridge_node]: 已桥接并转换里程计: ENU(0.32, -2.50, -0.08) -> NED(-2.50, 0.32, 0.08)
[fastlio_bridge_node-2] [INFO] [1786827022.089305934] [fastlio_bridge_node]: 已桥接并转换里程计: ENU(0.32, -2.50, -0.08) -> NED(-2.50, 0.32, 0.08)
[fastlio_bridge_node-2] [INFO] [1786827022.099824289] [fastlio_bridge_node]: 已桥接并转换里程计: ENU(0.32, -2.50, -0.08) -> NED(-2.50, 0.32, 0.08)
[offboard_waypoint_node-1] [INFO] [1786827022.162743215] [offboard_waypoint_node]: [CONTROL_ARBITER] selected_source=safety_hold state=IDLE_HOLD
[super_planner_ros2_node-6] [INFO] [1786827022.247979935] [super_planner_ros2_node]: SUPER_ROS2 mode=IDLE enable_output=false reason=WAIT_ALTITUDE_REFERENCE odom=(0.32,-2.50,-0.08) goal=none tracking_setpoint_enu=(0.32,-2.50,-0.08) setpoint_ned=none yaw(desired/cmd/rate)=(0.00/0.00/0.00) cross_track=0.00 frame_id=px4_ned path_points=0 odom_source=/race/odom cloud_source=/saved_map mavros_connected=true
[race_ego_cloud_bridge-8] [INFO] [1786827022.348763095] [race_ego_cloud_bridge]: [EGO_MAP_INPUT] topic=/race/ego/cloud frame=map points=17378 source=static_live_px4 refresh_period=0.00s
[ego_planner_node-10] [INFO] [1786827022.362247832] [race_ego_planner]: [EGO_OCCUPANCY_UPDATE] input_topic=grid_map/cloud input_frame=map occupancy_frame=map cloud_points=17378 local_points=9648 occupied_voxels=25379 camera=(0.323,-2.504,-0.076) local_index_bounds=[(47,30,0),(117,111,8)]
[race_ego_trajectory_bridge-12] [INFO] [1786827022.366742741] [race_ego_trajectory_bridge]: [EGO_OCCUPANCY_MAP] topic=/race/ego/cloud frame=map raw_points=17378 map_age=0.019
[race_ego_cloud_bridge-8] [INFO] [1786827022.725803537] [race_ego_cloud_bridge]: [EGO_MAP_FUSION] static_points=11417 live_raw_points=17761 confirmed_live_voxels=6115 min_observations=2 memory_sec=1.00 fused_points=17532
[offboard_waypoint_node-1] [INFO] [1786827022.762624959] [offboard_waypoint_node]: [HOLD_ERROR] position_error=0.002 velocity=0.004 state=IDLE_HOLD
[race_ego_cloud_bridge-8] [INFO] [1786827023.030802998] [race_ego_cloud_bridge]: [EGO_STATIC_MAP_READY] topic=/saved_map frame=map points=11417 fused=true
[ego_planner_node-10] [FSM]: state: WAIT_TARGET
[ego_planner_node-10] wait for goal or trigger.
[offboard_waypoint_node-1] [INFO] [1786827023.163063452] [offboard_waypoint_node]: [CONTROL_ARBITER] selected_source=safety_hold state=IDLE_HOLD
[super_planner_ros2_node-6] [INFO] [1786827023.252840825] [super_planner_ros2_node]: SUPER_ROS2 mode=IDLE enable_output=false reason=WAIT_ALTITUDE_REFERENCE odom=(0.32,-2.50,-0.07) goal=none tracking_setpoint_enu=(0.32,-2.50,-0.07) setpoint_ned=none yaw(desired/cmd/rate)=(0.00/0.00/0.00) cross_track=0.00 frame_id=px4_ned path_points=0 odom_source=/race/odom cloud_source=/saved_map mavros_connected=true
[offboard_waypoint_node-1] [INFO] [1786827023.763056769] [offboard_waypoint_node]: [HOLD_ERROR] position_error=0.004 velocity=0.009 state=IDLE_HOLD
[fastlio_bridge_node-2] [INFO] [1786827024.010888420] [fastlio_bridge_node]: 已桥接并转换里程计: ENU(0.32, -2.50, -0.07) -> NED(-2.50, 0.32, 0.07)
[fastlio_bridge_node-2] [INFO] [1786827024.012848877] [fastlio_bridge_node]: 已桥接并转换里程计: ENU(0.32, -2.50, -0.07) -> NED(-2.50, 0.32, 0.07)
[fastlio_bridge_node-2] [INFO] [1786827024.019482351] [fastlio_bridge_node]: 已桥接并转换里程计: ENU(0.32, -2.50, -0.07) -> NED(-2.50, 0.32, 0.07)
[fastlio_bridge_node-2] [INFO] [1786827024.023921720] [fastlio_bridge_node]: 已桥接并转换里程计: ENU(0.32, -2.50, -0.07) -> NED(-2.50, 0.32, 0.07)
[fastlio_bridge_node-2] [INFO] [1786827024.026194172] [fastlio_bridge_node]: 已桥接并转换里程计: ENU(0.32, -2.50, -0.07) -> NED(-2.50, 0.32, 0.07)
[fastlio_bridge_node-2] [INFO] [1786827024.031829923] [fastlio_bridge_node]: 已桥接并转换里程计: ENU(0.32, -2.50, -0.07) -> NED(-2.50, 0.32, 0.07)
[fastlio_bridge_node-2] [INFO] [1786827024.035398946] [fastlio_bridge_node]: 已桥接并转换里程计: ENU(0.32, -2.50, -0.07) -> NED(-2.50, 0.32, 0.07)
[fastlio_bridge_node-2] [INFO] [1786827024.039361656] [fastlio_bridge_node]: 已桥接并转换里程计: ENU(0.32, -2.50, -0.07) -> NED(-2.50, 0.32, 0.07)
[fastlio_bridge_node-2] [INFO] [1786827024.047582399] [fastlio_bridge_node]: 已桥接并转换里程计: ENU(0.32, -2.50, -0.07) -> NED(-2.50, 0.32, 0.07)
[fastlio_bridge_node-2] [INFO] [1786827024.049364829] [fastlio_bridge_node]: 已桥接并转换里程计: ENU(0.32, -2.50, -0.07) -> NED(-2.50, 0.32, 0.07)
[fastlio_bridge_node-2] [INFO] [1786827024.053848127] [fastlio_bridge_node]: 已桥接并转换里程计: ENU(0.32, -2.50, -0.07) -> NED(-2.50, 0.32, 0.07)
[fastlio_bridge_node-2] [INFO] [1786827024.061222455] [fastlio_bridge_node]: 已桥接并转换里程计: ENU(0.32, -2.50, -0.07) -> NED(-2.50, 0.32, 0.07)
[fastlio_bridge_node-2] [INFO] [1786827024.064145545] [fastlio_bridge_node]: 已桥接并转换里程计: ENU(0.32, -2.50, -0.07) -> NED(-2.50, 0.32, 0.07)
[fastlio_bridge_node-2] [INFO] [1786827024.074072873] [fastlio_bridge_node]: 已桥接并转换里程计: ENU(0.32, -2.50, -0.07) -> NED(-2.50, 0.32, 0.07)
[fastlio_bridge_node-2] [INFO] [1786827024.082508896] [fastlio_bridge_node]: 已桥接并转换里程计: ENU(0.32, -2.50, -0.07) -> NED(-2.50, 0.32, 0.07)
[fastlio_bridge_node-2] [INFO] [1786827024.084258980] [fastlio_bridge_node]: 已桥接并转换里程计: ENU(0.32, -2.50, -0.07) -> NED(-2.50, 0.32, 0.07)
[fastlio_bridge_node-2] [INFO] [1786827024.086657855] [fastlio_bridge_node]: 已桥接并转换里程计: ENU(0.32, -2.50, -0.07) -> NED(-2.50, 0.32, 0.07)
[fastlio_bridge_node-2] [INFO] [1786827024.095490973] [fastlio_bridge_node]: 已桥接并转换里程计: ENU(0.32, -2.50, -0.07) -> NED(-2.50, 0.32, 0.07)
[fastlio_bridge_node-2] [INFO] [1786827024.099162033] [fastlio_bridge_node]: 已桥接并转换里程计: ENU(0.32, -2.50, -0.07) -> NED(-2.50, 0.32, 0.07)
[offboard_waypoint_node-1] [INFO] [1786827024.213960688] [offboard_waypoint_node]: [CONTROL_ARBITER] selected_source=safety_hold state=IDLE_HOLD
[rviz2-13] [INFO] [1786827024.261050897] [rviz2]: Message Filter dropping message: frame 'odom' at time 1786827023.081 for reason 'discarding message because the queue is full'
[super_planner_ros2_node-6] [INFO] [1786827024.297956856] [super_planner_ros2_node]: SUPER_ROS2 mode=IDLE enable_output=false reason=WAIT_ALTITUDE_REFERENCE odom=(0.32,-2.50,-0.08) goal=none tracking_setpoint_enu=(0.32,-2.50,-0.08) setpoint_ned=none yaw(desired/cmd/rate)=(0.00/0.00/0.00) cross_track=0.00 frame_id=px4_ned path_points=0 odom_source=/race/odom cloud_source=/saved_map mavros_connected=true
[ego_planner_node-10] [FSM]: state: WAIT_TARGET
[ego_planner_node-10] wait for goal or trigger.
[race_ego_cloud_bridge-8] [INFO] [1786827024.444424062] [race_ego_cloud_bridge]: [EGO_MAP_INPUT] topic=/race/ego/cloud frame=map points=17753 source=static_live_px4 refresh_period=0.00s
[race_ego_trajectory_bridge-12] [INFO] [1786827024.452599713] [race_ego_trajectory_bridge]: [EGO_OCCUPANCY_MAP] topic=/race/ego/cloud frame=map raw_points=17753 map_age=0.009
[ego_planner_node-10] [INFO] [1786827024.462095368] [race_ego_planner]: [EGO_OCCUPANCY_UPDATE] input_topic=grid_map/cloud input_frame=map occupancy_frame=map cloud_points=17753 local_points=9750 occupied_voxels=25468 camera=(0.323,-2.504,-0.080) local_index_bounds=[(47,30,0),(117,111,8)]
[offboard_waypoint_node-1] [INFO] [1786827024.812580276] [offboard_waypoint_node]: [HOLD_ERROR] position_error=0.003 velocity=0.003 state=IDLE_HOLD
[race_ego_cloud_bridge-8] [INFO] [1786827024.816520605] [race_ego_cloud_bridge]: [EGO_MAP_FUSION] static_points=11417 live_raw_points=17763 confirmed_live_voxels=6373 min_observations=2 memory_sec=1.00 fused_points=17790
[race_ego_cloud_bridge-8] [INFO] [1786827025.027441402] [race_ego_cloud_bridge]: [EGO_STATIC_MAP_READY] topic=/saved_map frame=map points=11417 fused=true
[offboard_waypoint_node-1] [INFO] [1786827025.262672329] [offboard_waypoint_node]: [CONTROL_ARBITER] selected_source=safety_hold state=IDLE_HOLD
[super_planner_ros2_node-6] [INFO] [1786827025.348086235] [super_planner_ros2_node]: SUPER_ROS2 mode=IDLE enable_output=false reason=WAIT_ALTITUDE_REFERENCE odom=(0.32,-2.50,-0.08) goal=none tracking_setpoint_enu=(0.32,-2.50,-0.08) setpoint_ned=none yaw(desired/cmd/rate)=(0.00/0.00/0.00) cross_track=0.00 frame_id=px4_ned path_points=0 odom_source=/race/odom cloud_source=/saved_map mavros_connected=true
[ego_planner_node-10] [FSM]: state: WAIT_TARGET
[ego_planner_node-10] wait for goal or trigger.
[offboard_waypoint_node-1] [INFO] [1786827025.812739550] [offboard_waypoint_node]: [HOLD_ERROR] position_error=0.003 velocity=0.001 state=IDLE_HOLD
[fastlio_bridge_node-2] [INFO] [1786827026.000131590] [fastlio_bridge_node]: 已桥接并转换里程计: ENU(0.32, -2.50, -0.08) -> NED(-2.50, 0.32, 0.08)
[fastlio_bridge_node-2] [INFO] [1786827026.004337933] [fastlio_bridge_node]: 已桥接并转换里程计: ENU(0.32, -2.50, -0.08) -> NED(-2.50, 0.32, 0.08)
[fastlio_bridge_node-2] [INFO] [1786827026.013073651] [fastlio_bridge_node]: 已桥接并转换里程计: ENU(0.32, -2.50, -0.08) -> NED(-2.50, 0.32, 0.08)
[mapping_manager_node-5] [INFO] [1786827026.013834426] [mapping_manager_node]: Mapping status: in_flight=false, map_loaded=false, map_saved=false
[fastlio_bridge_node-2] [INFO] [1786827026.015511074] [fastlio_bridge_node]: 已桥接并转换里程计: ENU(0.32, -2.50, -0.08) -> NED(-2.50, 0.32, 0.08)
[fastlio_bridge_node-2] [INFO] [1786827026.019339509] [fastlio_bridge_node]: 已桥接并转换里程计: ENU(0.32, -2.50, -0.08) -> NED(-2.50, 0.32, 0.08)
[fastlio_bridge_node-2] [INFO] [1786827026.023651454] [fastlio_bridge_node]: 已桥接并转换里程计: ENU(0.32, -2.50, -0.08) -> NED(-2.50, 0.32, 0.08)
[fastlio_bridge_node-2] [INFO] [1786827026.030779175] [fastlio_bridge_node]: 已桥接并转换里程计: ENU(0.32, -2.50, -0.08) -> NED(-2.50, 0.32, 0.08)
[fastlio_bridge_node-2] [INFO] [1786827026.034024250] [fastlio_bridge_node]: 已桥接并转换里程计: ENU(0.32, -2.50, -0.08) -> NED(-2.50, 0.32, 0.08)
[fastlio_bridge_node-2] [INFO] [1786827026.042817516] [fastlio_bridge_node]: 已桥接并转换里程计: ENU(0.32, -2.50, -0.08) -> NED(-2.50, 0.32, 0.08)
[fastlio_bridge_node-2] [INFO] [1786827026.044440122] [fastlio_bridge_node]: 已桥接并转换里程计: ENU(0.32, -2.50, -0.08) -> NED(-2.50, 0.32, 0.08)
[fastlio_bridge_node-2] [INFO] [1786827026.054584005] [fastlio_bridge_node]: 已桥接并转换里程计: ENU(0.32, -2.50, -0.08) -> NED(-2.50, 0.32, 0.08)
[fastlio_bridge_node-2] [INFO] [1786827026.059276013] [fastlio_bridge_node]: 已桥接并转换里程计: ENU(0.32, -2.50, -0.08) -> NED(-2.50, 0.32, 0.08)
[fastlio_bridge_node-2] [INFO] [1786827026.064847913] [fastlio_bridge_node]: 已桥接并转换里程计: ENU(0.32, -2.50, -0.08) -> NED(-2.50, 0.32, 0.08)
[fastlio_bridge_node-2] [INFO] [1786827026.068216871] [fastlio_bridge_node]: 已桥接并转换里程计: ENU(0.32, -2.50, -0.08) -> NED(-2.50, 0.32, 0.08)
[fastlio_bridge_node-2] [INFO] [1786827026.070694436] [fastlio_bridge_node]: 已桥接并转换里程计: ENU(0.32, -2.50, -0.08) -> NED(-2.50, 0.32, 0.08)
[fastlio_bridge_node-2] [INFO] [1786827026.075439443] [fastlio_bridge_node]: 已桥接并转换里程计: ENU(0.32, -2.50, -0.08) -> NED(-2.50, 0.32, 0.08)
[fastlio_bridge_node-2] [INFO] [1786827026.080545499] [fastlio_bridge_node]: 已桥接并转换里程计: ENU(0.32, -2.50, -0.08) -> NED(-2.50, 0.32, 0.08)
[fastlio_bridge_node-2] [INFO] [1786827026.085944066] [fastlio_bridge_node]: 已桥接并转换里程计: ENU(0.32, -2.50, -0.08) -> NED(-2.50, 0.32, 0.08)
[fastlio_bridge_node-2] [INFO] [1786827026.089709872] [fastlio_bridge_node]: 已桥接并转换里程计: ENU(0.32, -2.50, -0.08) -> NED(-2.50, 0.32, 0.08)
[fastlio_bridge_node-2] [INFO] [1786827026.095107183] [fastlio_bridge_node]: 已桥接并转换里程计: ENU(0.32, -2.50, -0.08) -> NED(-2.50, 0.32, 0.08)
[offboard_waypoint_node-1] [INFO] [1786827026.263197889] [offboard_waypoint_node]: [CONTROL_ARBITER] selected_source=safety_hold state=IDLE_HOLD
[super_planner_ros2_node-6] [INFO] [1786827026.348868817] [super_planner_ros2_node]: SUPER_ROS2 mode=IDLE enable_output=false reason=WAIT_ALTITUDE_REFERENCE odom=(0.32,-2.50,-0.08) goal=none tracking_setpoint_enu=(0.32,-2.50,-0.08) setpoint_ned=none yaw(desired/cmd/rate)=(0.00/0.00/0.00) cross_track=0.00 frame_id=px4_ned path_points=0 odom_source=/race/odom cloud_source=/saved_map mavros_connected=true
[race_ego_cloud_bridge-8] [INFO] [1786827026.474992414] [race_ego_cloud_bridge]: [EGO_MAP_INPUT] topic=/race/ego/cloud frame=map points=17817 source=static_live_px4 refresh_period=0.00s
[race_ego_trajectory_bridge-12] [INFO] [1786827026.481021985] [race_ego_trajectory_bridge]: [EGO_OCCUPANCY_MAP] topic=/race/ego/cloud frame=map raw_points=17817 map_age=0.006
[ego_planner_node-10] [INFO] [1786827026.489022774] [race_ego_planner]: [EGO_OCCUPANCY_UPDATE] input_topic=grid_map/cloud input_frame=map occupancy_frame=map cloud_points=17817 local_points=9798 occupied_voxels=25394 camera=(0.324,-2.502,-0.072) local_index_bounds=[(47,30,0),(117,111,8)]
[ego_planner_node-10] [FSM]: state: WAIT_TARGET
[ego_planner_node-10] wait for goal or trigger.
[offboard_waypoint_node-1] [INFO] [1786827026.813053916] [offboard_waypoint_node]: [HOLD_ERROR] position_error=0.004 velocity=0.006 state=IDLE_HOLD
[race_ego_cloud_bridge-8] [INFO] [1786827026.872437022] [race_ego_cloud_bridge]: [EGO_MAP_FUSION] static_points=11417 live_raw_points=17750 confirmed_live_voxels=6737 min_observations=2 memory_sec=1.00 fused_points=18154
[rviz2-13] [INFO] [1786827026.957127332] [rviz2]: Message Filter dropping message: frame 'odom' at time 1786827025.480 for reason 'discarding message because the queue is full'
[race_ego_cloud_bridge-8] [INFO] [1786827027.028958750] [race_ego_cloud_bridge]: [EGO_STATIC_MAP_READY] topic=/saved_map frame=map points=11417 fused=true
[offboard_waypoint_node-1] [INFO] [1786827027.312955622] [offboard_waypoint_node]: [CONTROL_ARBITER] selected_source=safety_hold state=IDLE_HOLD
[super_planner_ros2_node-6] [INFO] [1786827027.398868998] [super_planner_ros2_node]: SUPER_ROS2 mode=IDLE enable_output=false reason=WAIT_ALTITUDE_REFERENCE odom=(0.32,-2.50,-0.08) goal=none tracking_setpoint_enu=(0.32,-2.50,-0.08) setpoint_ned=none yaw(desired/cmd/rate)=(0.00/0.00/0.00) cross_track=0.00 frame_id=px4_ned path_points=0 odom_source=/race/odom cloud_source=/saved_map mavros_connected=true
[ego_planner_node-10] [FSM]: state: WAIT_TARGET
[ego_planner_node-10] wait for goal or trigger.
[offboard_waypoint_node-1] [INFO] [1786827027.862917166] [offboard_waypoint_node]: [HOLD_ERROR] position_error=0.002 velocity=0.003 state=IDLE_HOLD
[fastlio_bridge_node-2] [INFO] [1786827028.004078666] [fastlio_bridge_node]: 已桥接并转换里程计: ENU(0.32, -2.50, -0.07) -> NED(-2.50, 0.32, 0.07)
[fastlio_bridge_node-2] [INFO] [1786827028.006934747] [fastlio_bridge_node]: 已桥接并转换里程计: ENU(0.32, -2.50, -0.07) -> NED(-2.50, 0.32, 0.07)
[fastlio_bridge_node-2] [INFO] [1786827028.009487564] [fastlio_bridge_node]: 已桥接并转换里程计: ENU(0.32, -2.50, -0.07) -> NED(-2.50, 0.32, 0.07)
[fastlio_bridge_node-2] [INFO] [1786827028.013879729] [fastlio_bridge_node]: 已桥接并转换里程计: ENU(0.32, -2.50, -0.07) -> NED(-2.50, 0.32, 0.07)
[fastlio_bridge_node-2] [INFO] [1786827028.019793135] [fastlio_bridge_node]: 已桥接并转换里程计: ENU(0.32, -2.50, -0.07) -> NED(-2.50, 0.32, 0.07)
[fastlio_bridge_node-2] [INFO] [1786827028.024545433] [fastlio_bridge_node]: 已桥接并转换里程计: ENU(0.32, -2.50, -0.07) -> NED(-2.50, 0.32, 0.07)
[fastlio_bridge_node-2] [INFO] [1786827028.031931593] [fastlio_bridge_node]: 已桥接并转换里程计: ENU(0.32, -2.50, -0.07) -> NED(-2.50, 0.32, 0.07)
[fastlio_bridge_node-2] [INFO] [1786827028.035135630] [fastlio_bridge_node]: 已桥接并转换里程计: ENU(0.32, -2.50, -0.07) -> NED(-2.50, 0.32, 0.07)
[fastlio_bridge_node-2] [INFO] [1786827028.045185205] [fastlio_bridge_node]: 已桥接并转换里程计: ENU(0.32, -2.50, -0.07) -> NED(-2.50, 0.32, 0.07)
[fastlio_bridge_node-2] [INFO] [1786827028.049385521] [fastlio_bridge_node]: 已桥接并转换里程计: ENU(0.32, -2.50, -0.07) -> NED(-2.50, 0.32, 0.07)
[fastlio_bridge_node-2] [INFO] [1786827028.051466816] [fastlio_bridge_node]: 已桥接并转换里程计: ENU(0.32, -2.50, -0.07) -> NED(-2.50, 0.32, 0.07)
[fastlio_bridge_node-2] [INFO] [1786827028.060406331] [fastlio_bridge_node]: 已桥接并转换里程计: ENU(0.32, -2.50, -0.07) -> NED(-2.50, 0.32, 0.07)
[fastlio_bridge_node-2] [INFO] [1786827028.061478219] [fastlio_bridge_node]: 已桥接并转换里程计: ENU(0.32, -2.50, -0.07) -> NED(-2.50, 0.32, 0.07)
[fastlio_bridge_node-2] [INFO] [1786827028.065785533] [fastlio_bridge_node]: 已桥接并转换里程计: ENU(0.32, -2.50, -0.07) -> NED(-2.50, 0.32, 0.07)
[fastlio_bridge_node-2] [INFO] [1786827028.070902567] [fastlio_bridge_node]: 已桥接并转换里程计: ENU(0.32, -2.50, -0.07) -> NED(-2.50, 0.32, 0.07)
[fastlio_bridge_node-2] [INFO] [1786827028.075191122] [fastlio_bridge_node]: 已桥接并转换里程计: ENU(0.32, -2.50, -0.07) -> NED(-2.50, 0.32, 0.07)
[fastlio_bridge_node-2] [INFO] [1786827028.081555308] [fastlio_bridge_node]: 已桥接并转换里程计: ENU(0.32, -2.50, -0.07) -> NED(-2.50, 0.32, 0.07)
[fastlio_bridge_node-2] [INFO] [1786827028.087148982] [fastlio_bridge_node]: 已桥接并转换里程计: ENU(0.32, -2.50, -0.07) -> NED(-2.50, 0.32, 0.07)
[fastlio_bridge_node-2] [INFO] [1786827028.088977584] [fastlio_bridge_node]: 已桥接并转换里程计: ENU(0.32, -2.50, -0.07) -> NED(-2.50, 0.32, 0.07)
[fastlio_bridge_node-2] [INFO] [1786827028.094560306] [fastlio_bridge_node]: 已桥接并转换里程计: ENU(0.32, -2.50, -0.08) -> NED(-2.50, 0.32, 0.08)
[offboard_waypoint_node-1] [INFO] [1786827028.365066711] [offboard_waypoint_node]: [CONTROL_ARBITER] selected_source=safety_hold state=IDLE_HOLD
[super_planner_ros2_node-6] [INFO] [1786827028.398976032] [super_planner_ros2_node]: SUPER_ROS2 mode=IDLE enable_output=false reason=WAIT_ALTITUDE_REFERENCE odom=(0.32,-2.50,-0.08) goal=none tracking_setpoint_enu=(0.32,-2.50,-0.08) setpoint_ned=none yaw(desired/cmd/rate)=(0.00/0.00/0.00) cross_track=0.00 frame_id=px4_ned path_points=0 odom_source=/race/odom cloud_source=/saved_map mavros_connected=true
[race_ego_cloud_bridge-8] [INFO] [1786827028.625128360] [race_ego_cloud_bridge]: [EGO_MAP_INPUT] topic=/race/ego/cloud frame=map points=17175 source=static_live_px4 refresh_period=0.00s
[race_ego_trajectory_bridge-12] [INFO] [1786827028.633056580] [race_ego_trajectory_bridge]: [EGO_OCCUPANCY_MAP] topic=/race/ego/cloud frame=map raw_points=17175 map_age=0.008
[ego_planner_node-10] [INFO] [1786827028.637863923] [race_ego_planner]: [EGO_OCCUPANCY_UPDATE] input_topic=grid_map/cloud input_frame=map occupancy_frame=map cloud_points=17175 local_points=9527 occupied_voxels=25212 camera=(0.323,-2.503,-0.076) local_index_bounds=[(47,30,0),(117,111,8)]
[offboard_waypoint_node-1] [INFO] [1786827028.865278557] [offboard_waypoint_node]: [HOLD_ERROR] position_error=0.002 velocity=0.006 state=IDLE_HOLD
[ego_planner_node-10] [FSM]: state: WAIT_TARGET
[ego_planner_node-10] wait for goal or trigger.
[race_ego_cloud_bridge-8] [INFO] [1786827029.027467257] [race_ego_cloud_bridge]: [EGO_MAP_FUSION] static_points=11417 live_raw_points=14806 confirmed_live_voxels=5573 min_observations=2 memory_sec=1.00 fused_points=16990
[race_ego_cloud_bridge-8] [INFO] [1786827029.028115270] [race_ego_cloud_bridge]: [EGO_STATIC_MAP_READY] topic=/saved_map frame=map points=11417 fused=true
[super_planner_ros2_node-6] [INFO] [1786827029.400905632] [super_planner_ros2_node]: SUPER_ROS2 mode=IDLE enable_output=false reason=WAIT_ALTITUDE_REFERENCE odom=(0.32,-2.50,-0.08) goal=none tracking_setpoint_enu=(0.32,-2.50,-0.08) setpoint_ned=none yaw(desired/cmd/rate)=(0.00/0.00/0.00) cross_track=0.00 frame_id=px4_ned path_points=0 odom_source=/race/odom cloud_source=/saved_map mavros_connected=true
[offboard_waypoint_node-1] [INFO] [1786827029.428008232] [offboard_waypoint_node]: [CONTROL_ARBITER] selected_source=safety_hold state=IDLE_HOLD
[rviz2-13] [INFO] [1786827029.657761786] [rviz2]: Message Filter dropping message: frame 'odom' at time 1786827028.381 for reason 'discarding message because the queue is full'
[offboard_waypoint_node-1] [INFO] [1786827029.913295846] [offboard_waypoint_node]: [HOLD_ERROR] position_error=0.004 velocity=0.007 state=IDLE_HOLD
[fastlio_bridge_node-2] [INFO] [1786827030.009393602] [fastlio_bridge_node]: 已桥接并转换里程计: ENU(0.32, -2.50, -0.07) -> NED(-2.50, 0.32, 0.07)
[fastlio_bridge_node-2] [INFO] [1786827030.027144524] [fastlio_bridge_node]: 已桥接并转换里程计: ENU(0.32, -2.50, -0.07) -> NED(-2.50, 0.32, 0.07)
[fastlio_bridge_node-2] [INFO] [1786827030.044180621] [fastlio_bridge_node]: 已桥接并转换里程计: ENU(0.32, -2.50, -0.07) -> NED(-2.50, 0.32, 0.07)
[fastlio_bridge_node-2] [INFO] [1786827030.060608330] [fastlio_bridge_node]: 已桥接并转换里程计: ENU(0.32, -2.50, -0.07) -> NED(-2.50, 0.32, 0.07)
[fastlio_bridge_node-2] [INFO] [1786827030.061581903] [fastlio_bridge_node]: 已桥接并转换里程计: ENU(0.32, -2.50, -0.07) -> NED(-2.50, 0.32, 0.07)
[fastlio_bridge_node-2] [INFO] [1786827030.061716933] [fastlio_bridge_node]: 已桥接并转换里程计: ENU(0.32, -2.50, -0.07) -> NED(-2.50, 0.32, 0.07)
[fastlio_bridge_node-2] [INFO] [1786827030.064172018] [fastlio_bridge_node]: 已桥接并转换里程计: ENU(0.32, -2.50, -0.07) -> NED(-2.50, 0.32, 0.07)
[fastlio_bridge_node-2] [INFO] [1786827030.070778984] [fastlio_bridge_node]: 已桥接并转换里程计: ENU(0.32, -2.50, -0.07) -> NED(-2.50, 0.32, 0.07)
[fastlio_bridge_node-2] [INFO] [1786827030.078029450] [fastlio_bridge_node]: 已桥接并转换里程计: ENU(0.32, -2.50, -0.07) -> NED(-2.50, 0.32, 0.07)
[fastlio_bridge_node-2] [INFO] [1786827030.084210114] [fastlio_bridge_node]: 已桥接并转换里程计: ENU(0.32, -2.50, -0.07) -> NED(-2.50, 0.32, 0.07)
[fastlio_bridge_node-2] [INFO] [1786827030.088433446] [fastlio_bridge_node]: 已桥接并转换里程计: ENU(0.32, -2.50, -0.07) -> NED(-2.50, 0.32, 0.07)
[fastlio_bridge_node-2] [INFO] [1786827030.092900454] [fastlio_bridge_node]: 已桥接并转换里程计: ENU(0.32, -2.50, -0.07) -> NED(-2.50, 0.32, 0.07)
[fastlio_bridge_node-2] [INFO] [1786827030.094689332] [fastlio_bridge_node]: 已桥接并转换里程计: ENU(0.32, -2.50, -0.07) -> NED(-2.50, 0.32, 0.07)
[ego_planner_node-10] [FSM]: state: WAIT_TARGET
[ego_planner_node-10] wait for goal or trigger.
[super_planner_ros2_node-6] [INFO] [1786827030.448194157] [super_planner_ros2_node]: SUPER_ROS2 mode=IDLE enable_output=false reason=WAIT_ALTITUDE_REFERENCE odom=(0.32,-2.50,-0.07) goal=none tracking_setpoint_enu=(0.32,-2.50,-0.07) setpoint_ned=none yaw(desired/cmd/rate)=(0.00/0.00/0.00) cross_track=0.00 frame_id=px4_ned path_points=0 odom_source=/race/odom cloud_source=/saved_map mavros_connected=true
[offboard_waypoint_node-1] [INFO] [1786827030.463506296] [offboard_waypoint_node]: [CONTROL_ARBITER] selected_source=safety_hold state=IDLE_HOLD
[race_ego_cloud_bridge-8] [INFO] [1786827030.727491487] [race_ego_cloud_bridge]: [EGO_MAP_INPUT] topic=/race/ego/cloud frame=map points=16826 source=static_live_px4 refresh_period=0.00s
[race_ego_trajectory_bridge-12] [INFO] [1786827030.734123417] [race_ego_trajectory_bridge]: [EGO_OCCUPANCY_MAP] topic=/race/ego/cloud frame=map raw_points=16826 map_age=0.007
[ego_planner_node-10] [INFO] [1786827030.740026616] [race_ego_planner]: [EGO_OCCUPANCY_UPDATE] input_topic=grid_map/cloud input_frame=map occupancy_frame=map cloud_points=16826 local_points=9457 occupied_voxels=25236 camera=(0.323,-2.504,-0.078) local_index_bounds=[(47,30,0),(117,111,8)]
[offboard_waypoint_node-1] [INFO] [1786827030.963441952] [offboard_waypoint_node]: [HOLD_ERROR] position_error=0.001 velocity=0.006 state=IDLE_HOLD
[race_ego_cloud_bridge-8] [INFO] [1786827031.028457838] [race_ego_cloud_bridge]: [EGO_STATIC_MAP_READY] topic=/saved_map frame=map points=11417 fused=true
[race_ego_cloud_bridge-8] [INFO] [1786827031.134416911] [race_ego_cloud_bridge]: [EGO_MAP_FUSION] static_points=11417 live_raw_points=17726 confirmed_live_voxels=6178 min_observations=2 memory_sec=1.00 fused_points=17595
[ego_planner_node-10] [FSM]: state: WAIT_TARGET
[ego_planner_node-10] wait for goal or trigger.
[super_planner_ros2_node-6] [INFO] [1786827031.449270160] [super_planner_ros2_node]: SUPER_ROS2 mode=IDLE enable_output=false reason=WAIT_ALTITUDE_REFERENCE odom=(0.32,-2.50,-0.08) goal=none tracking_setpoint_enu=(0.32,-2.50,-0.08) setpoint_ned=none yaw(desired/cmd/rate)=(0.00/0.00/0.00) cross_track=0.00 frame_id=px4_ned path_points=0 odom_source=/race/odom cloud_source=/saved_map mavros_connected=true
[offboard_waypoint_node-1] [INFO] [1786827031.513178478] [offboard_waypoint_node]: [CONTROL_ARBITER] selected_source=safety_hold state=IDLE_HOLD
[fastlio_bridge_node-2] [INFO] [1786827032.000458449] [fastlio_bridge_node]: 已桥接并转换里程计: ENU(0.32, -2.50, -0.08) -> NED(-2.50, 0.32, 0.08)
[fastlio_bridge_node-2] [INFO] [1786827032.008132779] [fastlio_bridge_node]: 已桥接并转换里程计: ENU(0.32, -2.50, -0.08) -> NED(-2.50, 0.32, 0.08)
[fastlio_bridge_node-2] [INFO] [1786827032.012045680] [fastlio_bridge_node]: 已桥接并转换里程计: ENU(0.32, -2.50, -0.08) -> NED(-2.50, 0.32, 0.08)
[offboard_waypoint_node-1] [INFO] [1786827032.013017553] [offboard_waypoint_node]: [HOLD_ERROR] position_error=0.001 velocity=0.001 state=IDLE_HOLD
[fastlio_bridge_node-2] [INFO] [1786827032.015681341] [fastlio_bridge_node]: 已桥接并转换里程计: ENU(0.32, -2.50, -0.08) -> NED(-2.50, 0.32, 0.08)
[fastlio_bridge_node-2] [INFO] [1786827032.019426854] [fastlio_bridge_node]: 已桥接并转换里程计: ENU(0.32, -2.50, -0.08) -> NED(-2.50, 0.32, 0.08)
[fastlio_bridge_node-2] [INFO] [1786827032.023738518] [fastlio_bridge_node]: 已桥接并转换里程计: ENU(0.32, -2.50, -0.08) -> NED(-2.50, 0.32, 0.08)
[fastlio_bridge_node-2] [INFO] [1786827032.034696758] [fastlio_bridge_node]: 已桥接并转换里程计: ENU(0.32, -2.50, -0.08) -> NED(-2.50, 0.32, 0.08)
[fastlio_bridge_node-2] [INFO] [1786827032.042263221] [fastlio_bridge_node]: 已桥接并转换里程计: ENU(0.32, -2.50, -0.08) -> NED(-2.50, 0.32, 0.08)
[fastlio_bridge_node-2] [INFO] [1786827032.047665416] [fastlio_bridge_node]: 已桥接并转换里程计: ENU(0.32, -2.50, -0.08) -> NED(-2.50, 0.32, 0.08)
[fastlio_bridge_node-2] [INFO] [1786827032.049424687] [fastlio_bridge_node]: 已桥接并转换里程计: ENU(0.32, -2.50, -0.08) -> NED(-2.50, 0.32, 0.08)
[fastlio_bridge_node-2] [INFO] [1786827032.057316045] [fastlio_bridge_node]: 已桥接并转换里程计: ENU(0.32, -2.50, -0.08) -> NED(-2.50, 0.32, 0.08)
[fastlio_bridge_node-2] [INFO] [1786827032.061823613] [fastlio_bridge_node]: 已桥接并转换里程计: ENU(0.32, -2.50, -0.08) -> NED(-2.50, 0.32, 0.08)
[fastlio_bridge_node-2] [INFO] [1786827032.064391956] [fastlio_bridge_node]: 已桥接并转换里程计: ENU(0.32, -2.50, -0.08) -> NED(-2.50, 0.32, 0.08)
[fastlio_bridge_node-2] [INFO] [1786827032.072104999] [fastlio_bridge_node]: 已桥接并转换里程计: ENU(0.32, -2.50, -0.08) -> NED(-2.50, 0.32, 0.08)
[fastlio_bridge_node-2] [INFO] [1786827032.074142568] [fastlio_bridge_node]: 已桥接并转换里程计: ENU(0.32, -2.50, -0.08) -> NED(-2.50, 0.32, 0.08)
[fastlio_bridge_node-2] [INFO] [1786827032.082524859] [fastlio_bridge_node]: 已桥接并转换里程计: ENU(0.32, -2.50, -0.08) -> NED(-2.50, 0.32, 0.08)
[fastlio_bridge_node-2] [INFO] [1786827032.084427262] [fastlio_bridge_node]: 已桥接并转换里程计: ENU(0.32, -2.50, -0.08) -> NED(-2.50, 0.32, 0.08)
[fastlio_bridge_node-2] [INFO] [1786827032.089611122] [fastlio_bridge_node]: 已桥接并转换里程计: ENU(0.32, -2.50, -0.08) -> NED(-2.50, 0.32, 0.08)
[fastlio_bridge_node-2] [INFO] [1786827032.094434175] [fastlio_bridge_node]: 已桥接并转换里程计: ENU(0.32, -2.50, -0.08) -> NED(-2.50, 0.32, 0.08)
[ego_planner_node-10] [FSM]: state: WAIT_TARGET
[ego_planner_node-10] wait for goal or trigger.
[rviz2-13] [INFO] [1786827032.254149129] [rviz2]: Message Filter dropping message: frame 'odom' at time 1786827031.180 for reason 'discarding message because the queue is full'
[super_planner_ros2_node-6] [INFO] [1786827032.501496965] [super_planner_ros2_node]: SUPER_ROS2 mode=IDLE enable_output=false reason=WAIT_ALTITUDE_REFERENCE odom=(0.32,-2.50,-0.08) goal=none tracking_setpoint_enu=(0.32,-2.50,-0.08) setpoint_ned=none yaw(desired/cmd/rate)=(0.00/0.00/0.00) cross_track=0.00 frame_id=px4_ned path_points=0 odom_source=/race/odom cloud_source=/saved_map mavros_connected=true
[offboard_waypoint_node-1] [INFO] [1786827032.513650871] [offboard_waypoint_node]: [CONTROL_ARBITER] selected_source=safety_hold state=IDLE_HOLD
[race_ego_cloud_bridge-8] [INFO] [1786827032.831593429] [race_ego_cloud_bridge]: [EGO_MAP_INPUT] topic=/race/ego/cloud frame=map points=16784 source=static_live_px4 refresh_period=0.00s
[race_ego_trajectory_bridge-12] [INFO] [1786827032.838057268] [race_ego_trajectory_bridge]: [EGO_OCCUPANCY_MAP] topic=/race/ego/cloud frame=map raw_points=16784 map_age=0.007
[ego_planner_node-10] [INFO] [1786827032.844308961] [race_ego_planner]: [EGO_OCCUPANCY_UPDATE] input_topic=grid_map/cloud input_frame=map occupancy_frame=map cloud_points=16784 local_points=9429 occupied_voxels=25053 camera=(0.324,-2.503,-0.068) local_index_bounds=[(47,30,0),(117,111,8)]
[offboard_waypoint_node-1] [INFO] [1786827033.017106128] [offboard_waypoint_node]: [HOLD_ERROR] position_error=0.004 velocity=0.003 state=IDLE_HOLD
[race_ego_cloud_bridge-8] [INFO] [1786827033.084209642] [race_ego_cloud_bridge]: [EGO_STATIC_MAP_READY] topic=/saved_map frame=map points=11417 fused=true
[race_ego_cloud_bridge-8] [INFO] [1786827033.221171529] [race_ego_cloud_bridge]: [EGO_MAP_FUSION] static_points=11417 live_raw_points=14912 confirmed_live_voxels=5250 min_observations=2 memory_sec=1.00 fused_points=16667
[ego_planner_node-10] [FSM]: state: WAIT_TARGET
[ego_planner_node-10] wait for goal or trigger.
[super_planner_ros2_node-6] [INFO] [1786827033.548494165] [super_planner_ros2_node]: SUPER_ROS2 mode=IDLE enable_output=false reason=WAIT_ALTITUDE_REFERENCE odom=(0.32,-2.50,-0.07) goal=none tracking_setpoint_enu=(0.32,-2.50,-0.07) setpoint_ned=none yaw(desired/cmd/rate)=(0.00/0.00/0.00) cross_track=0.00 frame_id=px4_ned path_points=0 odom_source=/race/odom cloud_source=/saved_map mavros_connected=true
[offboard_waypoint_node-1] [INFO] [1786827033.563397017] [offboard_waypoint_node]: [CONTROL_ARBITER] selected_source=safety_hold state=IDLE_HOLD
[fastlio_bridge_node-2] [INFO] [1786827034.002560288] [fastlio_bridge_node]: 已桥接并转换里程计: ENU(0.32, -2.50, -0.08) -> NED(-2.50, 0.32, 0.08)
[fastlio_bridge_node-2] [INFO] [1786827034.005601690] [fastlio_bridge_node]: 已桥接并转换里程计: ENU(0.32, -2.50, -0.08) -> NED(-2.50, 0.32, 0.08)
[fastlio_bridge_node-2] [INFO] [1786827034.006243945] [fastlio_bridge_node]: 已桥接并转换里程计: ENU(0.32, -2.50, -0.08) -> NED(-2.50, 0.32, 0.08)
[fastlio_bridge_node-2] [INFO] [1786827034.011451448] [fastlio_bridge_node]: 已桥接并转换里程计: ENU(0.32, -2.50, -0.08) -> NED(-2.50, 0.32, 0.08)
[fastlio_bridge_node-2] [INFO] [1786827034.015540482] [fastlio_bridge_node]: 已桥接并转换里程计: ENU(0.32, -2.50, -0.08) -> NED(-2.50, 0.32, 0.08)
[fastlio_bridge_node-2] [INFO] [1786827034.020863405] [fastlio_bridge_node]: 已桥接并转换里程计: ENU(0.32, -2.50, -0.08) -> NED(-2.50, 0.32, 0.08)
[fastlio_bridge_node-2] [INFO] [1786827034.027955611] [fastlio_bridge_node]: 已桥接并转换里程计: ENU(0.32, -2.50, -0.08) -> NED(-2.50, 0.32, 0.08)
[fastlio_bridge_node-2] [INFO] [1786827034.029970119] [fastlio_bridge_node]: 已桥接并转换里程计: ENU(0.32, -2.50, -0.08) -> NED(-2.50, 0.32, 0.08)
[fastlio_bridge_node-2] [INFO] [1786827034.033224684] [fastlio_bridge_node]: 已桥接并转换里程计: ENU(0.32, -2.50, -0.08) -> NED(-2.50, 0.32, 0.08)
[fastlio_bridge_node-2] [INFO] [1786827034.040632246] [fastlio_bridge_node]: 已桥接并转换里程计: ENU(0.32, -2.50, -0.08) -> NED(-2.50, 0.32, 0.08)
[fastlio_bridge_node-2] [INFO] [1786827034.044568704] [fastlio_bridge_node]: 已桥接并转换里程计: ENU(0.32, -2.50, -0.08) -> NED(-2.50, 0.32, 0.08)
[fastlio_bridge_node-2] [INFO] [1786827034.052547397] [fastlio_bridge_node]: 已桥接并转换里程计: ENU(0.32, -2.50, -0.08) -> NED(-2.50, 0.32, 0.08)
[fastlio_bridge_node-2] [INFO] [1786827034.054354806] [fastlio_bridge_node]: 已桥接并转换里程计: ENU(0.32, -2.50, -0.08) -> NED(-2.50, 0.32, 0.08)
[offboard_waypoint_node-1] [INFO] [1786827034.064520923] [offboard_waypoint_node]: [HOLD_ERROR] position_error=0.001 velocity=0.002 state=IDLE_HOLD
[fastlio_bridge_node-2] [INFO] [1786827034.066660754] [fastlio_bridge_node]: 已桥接并转换里程计: ENU(0.32, -2.50, -0.08) -> NED(-2.50, 0.32, 0.08)
[fastlio_bridge_node-2] [INFO] [1786827034.071286311] [fastlio_bridge_node]: 已桥接并转换里程计: ENU(0.32, -2.50, -0.08) -> NED(-2.50, 0.32, 0.08)
[fastlio_bridge_node-2] [INFO] [1786827034.074595070] [fastlio_bridge_node]: 已桥接并转换里程计: ENU(0.32, -2.50, -0.08) -> NED(-2.50, 0.32, 0.08)
[fastlio_bridge_node-2] [INFO] [1786827034.077948346] [fastlio_bridge_node]: 已桥接并转换里程计: ENU(0.32, -2.50, -0.08) -> NED(-2.50, 0.32, 0.08)
[fastlio_bridge_node-2] [INFO] [1786827034.079602549] [fastlio_bridge_node]: 已桥接并转换里程计: ENU(0.32, -2.50, -0.08) -> NED(-2.50, 0.32, 0.08)
[fastlio_bridge_node-2] [INFO] [1786827034.084962070] [fastlio_bridge_node]: 已桥接并转换里程计: ENU(0.32, -2.50, -0.08) -> NED(-2.50, 0.32, 0.08)
[fastlio_bridge_node-2] [INFO] [1786827034.090652581] [fastlio_bridge_node]: 已桥接并转换里程计: ENU(0.32, -2.50, -0.08) -> NED(-2.50, 0.32, 0.08)
[fastlio_bridge_node-2] [INFO] [1786827034.094870115] [fastlio_bridge_node]: 已桥接并转换里程计: ENU(0.32, -2.50, -0.08) -> NED(-2.50, 0.32, 0.08)
[ego_planner_node-10] [FSM]: state: WAIT_TARGET
[ego_planner_node-10] wait for goal or trigger.
[super_planner_ros2_node-6] [INFO] [1786827034.548726202] [super_planner_ros2_node]: SUPER_ROS2 mode=IDLE enable_output=false reason=WAIT_ALTITUDE_REFERENCE odom=(0.32,-2.50,-0.08) goal=none tracking_setpoint_enu=(0.32,-2.50,-0.08) setpoint_ned=none yaw(desired/cmd/rate)=(0.00/0.00/0.00) cross_track=0.00 frame_id=px4_ned path_points=0 odom_source=/race/odom cloud_source=/saved_map mavros_connected=true
[offboard_waypoint_node-1] [INFO] [1786827034.563440071] [offboard_waypoint_node]: [CONTROL_ARBITER] selected_source=safety_hold state=IDLE_HOLD
[rviz2-13] [INFO] [1786827034.766299633] [rviz2]: Message Filter dropping message: frame 'odom' at time 1786827033.680 for reason 'discarding message because the queue is full'
[race_ego_cloud_bridge-8] [INFO] [1786827034.923841589] [race_ego_cloud_bridge]: [EGO_MAP_INPUT] topic=/race/ego/cloud frame=map points=17274 source=static_live_px4 refresh_period=0.00s
[race_ego_trajectory_bridge-12] [INFO] [1786827034.931321096] [race_ego_trajectory_bridge]: [EGO_OCCUPANCY_MAP] topic=/race/ego/cloud frame=map raw_points=17274 map_age=0.008
[ego_planner_node-10] [INFO] [1786827034.936657839] [race_ego_planner]: [EGO_OCCUPANCY_UPDATE] input_topic=grid_map/cloud input_frame=map occupancy_frame=map cloud_points=17274 local_points=9531 occupied_voxels=25312 camera=(0.324,-2.503,-0.077) local_index_bounds=[(47,30,0),(117,111,8)]
[race_ego_cloud_bridge-8] [INFO] [1786827035.026636368] [race_ego_cloud_bridge]: [EGO_STATIC_MAP_READY] topic=/saved_map frame=map points=11417 fused=true
[offboard_waypoint_node-1] [INFO] [1786827035.113184369] [offboard_waypoint_node]: [HOLD_ERROR] position_error=0.003 velocity=0.003 state=IDLE_HOLD
[race_ego_cloud_bridge-8] [INFO] [1786827035.235528239] [race_ego_cloud_bridge]: [EGO_MAP_FUSION] static_points=11417 live_raw_points=17819 confirmed_live_voxels=6576 min_observations=2 memory_sec=1.00 fused_points=17993
[super_planner_ros2_node-6] [INFO] [1786827035.548892628] [super_planner_ros2_node]: SUPER_ROS2 mode=IDLE enable_output=false reason=WAIT_ALTITUDE_REFERENCE odom=(0.32,-2.50,-0.08) goal=none tracking_setpoint_enu=(0.32,-2.50,-0.08) setpoint_ned=none yaw(desired/cmd/rate)=(0.00/0.00/0.00) cross_track=0.00 frame_id=px4_ned path_points=0 odom_source=/race/odom cloud_source=/saved_map mavros_connected=true
[offboard_waypoint_node-1] [INFO] [1786827035.563879320] [offboard_waypoint_node]: [CONTROL_ARBITER] selected_source=safety_hold state=IDLE_HOLD
[ego_planner_node-10] [FSM]: state: WAIT_TARGET
[ego_planner_node-10] wait for goal or trigger.
[fastlio_bridge_node-2] [INFO] [1786827036.003499848] [fastlio_bridge_node]: 已桥接并转换里程计: ENU(0.32, -2.50, -0.07) -> NED(-2.50, 0.32, 0.07)
[fastlio_bridge_node-2] [INFO] [1786827036.006898058] [fastlio_bridge_node]: 已桥接并转换里程计: ENU(0.32, -2.50, -0.07) -> NED(-2.50, 0.32, 0.07)
[fastlio_bridge_node-2] [INFO] [1786827036.014259136] [fastlio_bridge_node]: 已桥接并转换里程计: ENU(0.32, -2.50, -0.07) -> NED(-2.50, 0.32, 0.07)
[fastlio_bridge_node-2] [INFO] [1786827036.027241331] [fastlio_bridge_node]: 已桥接并转换里程计: ENU(0.32, -2.50, -0.07) -> NED(-2.50, 0.32, 0.07)
[fastlio_bridge_node-2] [INFO] [1786827036.037472624] [fastlio_bridge_node]: 已桥接并转换里程计: ENU(0.32, -2.50, -0.07) -> NED(-2.50, 0.32, 0.07)
[fastlio_bridge_node-2] [INFO] [1786827036.050758674] [fastlio_bridge_node]: 已桥接并转换里程计: ENU(0.32, -2.50, -0.07) -> NED(-2.50, 0.32, 0.07)
[fastlio_bridge_node-2] [INFO] [1786827036.061342724] [fastlio_bridge_node]: 已桥接并转换里程计: ENU(0.32, -2.50, -0.07) -> NED(-2.50, 0.32, 0.07)
[fastlio_bridge_node-2] [INFO] [1786827036.072149981] [fastlio_bridge_node]: 已桥接并转换里程计: ENU(0.32, -2.50, -0.07) -> NED(-2.50, 0.32, 0.07)
[fastlio_bridge_node-2] [INFO] [1786827036.081769309] [fastlio_bridge_node]: 已桥接并转换里程计: ENU(0.32, -2.50, -0.07) -> NED(-2.50, 0.32, 0.07)
[fastlio_bridge_node-2] [INFO] [1786827036.091163246] [fastlio_bridge_node]: 已桥接并转换里程计: ENU(0.32, -2.50, -0.07) -> NED(-2.50, 0.32, 0.07)
[offboard_waypoint_node-1] [INFO] [1786827036.115988495] [offboard_waypoint_node]: [HOLD_ERROR] position_error=0.002 velocity=0.004 state=IDLE_HOLD
[super_planner_ros2_node-6] [INFO] [1786827036.598543589] [super_planner_ros2_node]: SUPER_ROS2 mode=IDLE enable_output=false reason=WAIT_ALTITUDE_REFERENCE odom=(0.32,-2.50,-0.07) goal=none tracking_setpoint_enu=(0.32,-2.50,-0.07) setpoint_ned=none yaw(desired/cmd/rate)=(0.00/0.00/0.00) cross_track=0.00 frame_id=px4_ned path_points=0 odom_source=/race/odom cloud_source=/saved_map mavros_connected=true
[offboard_waypoint_node-1] [INFO] [1786827036.613305891] [offboard_waypoint_node]: [CONTROL_ARBITER] selected_source=safety_hold state=IDLE_HOLD
[ego_planner_node-10] [FSM]: state: WAIT_TARGET
[ego_planner_node-10] wait for goal or trigger.
[race_ego_cloud_bridge-8] [INFO] [1786827037.027055887] [race_ego_cloud_bridge]: [EGO_MAP_INPUT] topic=/race/ego/cloud frame=map points=16950 source=static_live_px4 refresh_period=0.00s
[race_ego_cloud_bridge-8] [INFO] [1786827037.027669792] [race_ego_cloud_bridge]: [EGO_STATIC_MAP_READY] topic=/saved_map frame=map points=11417 fused=true
[race_ego_trajectory_bridge-12] [INFO] [1786827037.033379208] [race_ego_trajectory_bridge]: [EGO_OCCUPANCY_MAP] topic=/race/ego/cloud frame=map raw_points=16950 map_age=0.007
[ego_planner_node-10] [INFO] [1786827037.037160836] [race_ego_planner]: [EGO_OCCUPANCY_UPDATE] input_topic=grid_map/cloud input_frame=map occupancy_frame=map cloud_points=16950 local_points=9364 occupied_voxels=25344 camera=(0.324,-2.502,-0.078) local_index_bounds=[(47,30,0),(117,111,8)]
[offboard_waypoint_node-1] [INFO] [1786827037.163419659] [offboard_waypoint_node]: [HOLD_ERROR] position_error=0.003 velocity=0.006 state=IDLE_HOLD
[rviz2-13] [INFO] [1786827037.322371323] [rviz2]: Message Filter dropping message: frame 'odom' at time 1786827036.280 for reason 'discarding message because the queue is full'
[race_ego_cloud_bridge-8] [INFO] [1786827037.422685294] [race_ego_cloud_bridge]: [EGO_MAP_FUSION] static_points=11417 live_raw_points=17765 confirmed_live_voxels=5891 min_observations=2 memory_sec=1.00 fused_points=17308
[super_planner_ros2_node-6] [INFO] [1786827037.600022476] [super_planner_ros2_node]: SUPER_ROS2 mode=IDLE enable_output=false reason=WAIT_ALTITUDE_REFERENCE odom=(0.32,-2.50,-0.08) goal=none tracking_setpoint_enu=(0.32,-2.50,-0.08) setpoint_ned=none yaw(desired/cmd/rate)=(0.00/0.00/0.00) cross_track=0.00 frame_id=px4_ned path_points=0 odom_source=/race/odom cloud_source=/saved_map mavros_connected=true
[offboard_waypoint_node-1] [INFO] [1786827037.613374759] [offboard_waypoint_node]: [CONTROL_ARBITER] selected_source=safety_hold state=IDLE_HOLD
[ego_planner_node-10] [FSM]: state: WAIT_TARGET
[ego_planner_node-10] wait for goal or trigger.
[fastlio_bridge_node-2] [INFO] [1786827038.001473174] [fastlio_bridge_node]: 已桥接并转换里程计: ENU(0.32, -2.50, -0.08) -> NED(-2.50, 0.32, 0.08)
[fastlio_bridge_node-2] [INFO] [1786827038.005976069] [fastlio_bridge_node]: 已桥接并转换里程计: ENU(0.32, -2.50, -0.08) -> NED(-2.50, 0.32, 0.08)
[fastlio_bridge_node-2] [INFO] [1786827038.013768110] [fastlio_bridge_node]: 已桥接并转换里程计: ENU(0.32, -2.50, -0.08) -> NED(-2.50, 0.32, 0.08)
[fastlio_bridge_node-2] [INFO] [1786827038.018945775] [fastlio_bridge_node]: 已桥接并转换里程计: ENU(0.32, -2.50, -0.08) -> NED(-2.50, 0.32, 0.08)
[fastlio_bridge_node-2] [INFO] [1786827038.024558991] [fastlio_bridge_node]: 已桥接并转换里程计: ENU(0.32, -2.50, -0.08) -> NED(-2.50, 0.32, 0.08)
[fastlio_bridge_node-2] [INFO] [1786827038.030923824] [fastlio_bridge_node]: 已桥接并转换里程计: ENU(0.32, -2.50, -0.08) -> NED(-2.50, 0.32, 0.08)
[fastlio_bridge_node-2] [INFO] [1786827038.033863519] [fastlio_bridge_node]: 已桥接并转换里程计: ENU(0.32, -2.50, -0.08) -> NED(-2.50, 0.32, 0.08)
[fastlio_bridge_node-2] [INFO] [1786827038.036027440] [fastlio_bridge_node]: 已桥接并转换里程计: ENU(0.32, -2.50, -0.08) -> NED(-2.50, 0.32, 0.08)
[fastlio_bridge_node-2] [INFO] [1786827038.044461154] [fastlio_bridge_node]: 已桥接并转换里程计: ENU(0.32, -2.50, -0.08) -> NED(-2.50, 0.32, 0.08)
[fastlio_bridge_node-2] [INFO] [1786827038.046929832] [fastlio_bridge_node]: 已桥接并转换里程计: ENU(0.32, -2.50, -0.08) -> NED(-2.50, 0.32, 0.08)
[fastlio_bridge_node-2] [INFO] [1786827038.050097544] [fastlio_bridge_node]: 已桥接并转换里程计: ENU(0.32, -2.50, -0.08) -> NED(-2.50, 0.32, 0.08)
[fastlio_bridge_node-2] [INFO] [1786827038.056602325] [fastlio_bridge_node]: 已桥接并转换里程计: ENU(0.32, -2.50, -0.08) -> NED(-2.50, 0.32, 0.08)
[fastlio_bridge_node-2] [INFO] [1786827038.062306446] [fastlio_bridge_node]: 已桥接并转换里程计: ENU(0.32, -2.50, -0.08) -> NED(-2.50, 0.32, 0.08)
[fastlio_bridge_node-2] [INFO] [1786827038.063876555] [fastlio_bridge_node]: 已桥接并转换里程计: ENU(0.32, -2.50, -0.08) -> NED(-2.50, 0.32, 0.08)
[fastlio_bridge_node-2] [INFO] [1786827038.071800295] [fastlio_bridge_node]: 已桥接并转换里程计: ENU(0.32, -2.50, -0.08) -> NED(-2.50, 0.32, 0.08)
[fastlio_bridge_node-2] [INFO] [1786827038.074813848] [fastlio_bridge_node]: 已桥接并转换里程计: ENU(0.32, -2.50, -0.08) -> NED(-2.50, 0.32, 0.08)
[fastlio_bridge_node-2] [INFO] [1786827038.086521880] [fastlio_bridge_node]: 已桥接并转换里程计: ENU(0.32, -2.50, -0.08) -> NED(-2.50, 0.32, 0.08)
[fastlio_bridge_node-2] [INFO] [1786827038.093685294] [fastlio_bridge_node]: 已桥接并转换里程计: ENU(0.32, -2.50, -0.08) -> NED(-2.50, 0.32, 0.08)
[fastlio_bridge_node-2] [INFO] [1786827038.095819246] [fastlio_bridge_node]: 已桥接并转换里程计: ENU(0.32, -2.50, -0.08) -> NED(-2.50, 0.32, 0.08)
[offboard_waypoint_node-1] [INFO] [1786827038.163474631] [offboard_waypoint_node]: [HOLD_ERROR] position_error=0.003 velocity=0.005 state=IDLE_HOLD
[offboard_waypoint_node-1] [INFO] [1786827038.613402107] [offboard_waypoint_node]: [CONTROL_ARBITER] selected_source=safety_hold state=IDLE_HOLD
[super_planner_ros2_node-6] [INFO] [1786827038.648659419] [super_planner_ros2_node]: SUPER_ROS2 mode=IDLE enable_output=false reason=WAIT_ALTITUDE_REFERENCE odom=(0.32,-2.50,-0.08) goal=none tracking_setpoint_enu=(0.32,-2.50,-0.08) setpoint_ned=none yaw(desired/cmd/rate)=(0.00/0.00/0.00) cross_track=0.00 frame_id=px4_ned path_points=0 odom_source=/race/odom cloud_source=/saved_map mavros_connected=true
[ego_planner_node-10] [FSM]: state: WAIT_TARGET
[ego_planner_node-10] wait for goal or trigger.
[race_ego_cloud_bridge-8] [INFO] [1786827039.030457062] [race_ego_cloud_bridge]: [EGO_STATIC_MAP_READY] topic=/saved_map frame=map points=11417 fused=true
[race_ego_cloud_bridge-8] [INFO] [1786827039.132082805] [race_ego_cloud_bridge]: [EGO_MAP_INPUT] topic=/race/ego/cloud frame=map points=16758 source=static_live_px4 refresh_period=0.00s
[offboard_waypoint_node-1] [INFO] [1786827039.166837334] [offboard_waypoint_node]: [HOLD_ERROR] position_error=0.006 velocity=0.009 state=IDLE_HOLD
[race_ego_trajectory_bridge-12] [INFO] [1786827039.199504673] [race_ego_trajectory_bridge]: [EGO_OCCUPANCY_MAP] topic=/race/ego/cloud frame=map raw_points=16758 map_age=0.068
[ego_planner_node-10] [INFO] [1786827039.233777757] [race_ego_planner]: [EGO_OCCUPANCY_UPDATE] input_topic=grid_map/cloud input_frame=map occupancy_frame=map cloud_points=16758 local_points=9447 occupied_voxels=25332 camera=(0.323,-2.503,-0.071) local_index_bounds=[(47,30,0),(117,111,8)]
[race_ego_cloud_bridge-8] [INFO] [1786827039.533605638] [race_ego_cloud_bridge]: [EGO_MAP_FUSION] static_points=11417 live_raw_points=14873 confirmed_live_voxels=5227 min_observations=2 memory_sec=1.00 fused_points=16644
[offboard_waypoint_node-1] [INFO] [1786827039.614444064] [offboard_waypoint_node]: [CONTROL_ARBITER] selected_source=safety_hold state=IDLE_HOLD
[super_planner_ros2_node-6] [INFO] [1786827039.649023996] [super_planner_ros2_node]: SUPER_ROS2 mode=IDLE enable_output=false reason=WAIT_ALTITUDE_REFERENCE odom=(0.32,-2.50,-0.07) goal=none tracking_setpoint_enu=(0.32,-2.50,-0.07) setpoint_ned=none yaw(desired/cmd/rate)=(0.00/0.00/0.00) cross_track=0.00 frame_id=px4_ned path_points=0 odom_source=/race/odom cloud_source=/saved_map mavros_connected=true
[rviz2-13] [INFO] [1786827039.826720674] [rviz2]: Message Filter dropping message: frame 'odom' at time 1786827038.480 for reason 'discarding message because the queue is full'
[fastlio_bridge_node-2] [INFO] [1786827040.002960977] [fastlio_bridge_node]: 已桥接并转换里程计: ENU(0.32, -2.50, -0.08) -> NED(-2.50, 0.32, 0.08)
[fastlio_bridge_node-2] [INFO] [1786827040.011812339] [fastlio_bridge_node]: 已桥接并转换里程计: ENU(0.32, -2.50, -0.08) -> NED(-2.50, 0.32, 0.08)
[fastlio_bridge_node-2] [INFO] [1786827040.012706645] [fastlio_bridge_node]: 已桥接并转换里程计: ENU(0.32, -2.50, -0.08) -> NED(-2.50, 0.32, 0.08)
[fastlio_bridge_node-2] [INFO] [1786827040.014629022] [fastlio_bridge_node]: 已桥接并转换里程计: ENU(0.32, -2.50, -0.08) -> NED(-2.50, 0.32, 0.08)
[fastlio_bridge_node-2] [INFO] [1786827040.024846884] [fastlio_bridge_node]: 已桥接并转换里程计: ENU(0.32, -2.50, -0.08) -> NED(-2.50, 0.32, 0.08)
[fastlio_bridge_node-2] [INFO] [1786827040.029631979] [fastlio_bridge_node]: 已桥接并转换里程计: ENU(0.32, -2.50, -0.08) -> NED(-2.50, 0.32, 0.08)
[fastlio_bridge_node-2] [INFO] [1786827040.031188388] [fastlio_bridge_node]: 已桥接并转换里程计: ENU(0.32, -2.50, -0.08) -> NED(-2.50, 0.32, 0.08)
[fastlio_bridge_node-2] [INFO] [1786827040.036220520] [fastlio_bridge_node]: 已桥接并转换里程计: ENU(0.32, -2.50, -0.08) -> NED(-2.50, 0.32, 0.08)
[fastlio_bridge_node-2] [INFO] [1786827040.040867790] [fastlio_bridge_node]: 已桥接并转换里程计: ENU(0.32, -2.50, -0.08) -> NED(-2.50, 0.32, 0.08)
[fastlio_bridge_node-2] [INFO] [1786827040.044453852] [fastlio_bridge_node]: 已桥接并转换里程计: ENU(0.32, -2.50, -0.08) -> NED(-2.50, 0.32, 0.08)
[fastlio_bridge_node-2] [INFO] [1786827040.053209904] [fastlio_bridge_node]: 已桥接并转换里程计: ENU(0.32, -2.50, -0.08) -> NED(-2.50, 0.32, 0.08)
[fastlio_bridge_node-2] [INFO] [1786827040.054457007] [fastlio_bridge_node]: 已桥接并转换里程计: ENU(0.32, -2.50, -0.08) -> NED(-2.50, 0.32, 0.08)
[fastlio_bridge_node-2] [INFO] [1786827040.060385009] [fastlio_bridge_node]: 已桥接并转换里程计: ENU(0.32, -2.50, -0.08) -> NED(-2.50, 0.32, 0.08)
[fastlio_bridge_node-2] [INFO] [1786827040.066261798] [fastlio_bridge_node]: 已桥接并转换里程计: ENU(0.32, -2.50, -0.08) -> NED(-2.50, 0.32, 0.08)
[fastlio_bridge_node-2] [INFO] [1786827040.071229650] [fastlio_bridge_node]: 已桥接并转换里程计: ENU(0.32, -2.50, -0.08) -> NED(-2.50, 0.32, 0.08)
[fastlio_bridge_node-2] [INFO] [1786827040.079978418] [fastlio_bridge_node]: 已桥接并转换里程计: ENU(0.32, -2.50, -0.08) -> NED(-2.50, 0.32, 0.08)
[fastlio_bridge_node-2] [INFO] [1786827040.084999982] [fastlio_bridge_node]: 已桥接并转换里程计: ENU(0.32, -2.50, -0.08) -> NED(-2.50, 0.32, 0.08)
[fastlio_bridge_node-2] [INFO] [1786827040.088188844] [fastlio_bridge_node]: 已桥接并转换里程计: ENU(0.32, -2.50, -0.08) -> NED(-2.50, 0.32, 0.08)
[fastlio_bridge_node-2] [INFO] [1786827040.091637247] [fastlio_bridge_node]: 已桥接并转换里程计: ENU(0.32, -2.50, -0.08) -> NED(-2.50, 0.32, 0.08)
[fastlio_bridge_node-2] [INFO] [1786827040.098836320] [fastlio_bridge_node]: 已桥接并转换里程计: ENU(0.32, -2.50, -0.08) -> NED(-2.50, 0.32, 0.08)
[ego_planner_node-10] [FSM]: state: WAIT_TARGET
[ego_planner_node-10] wait for goal or trigger.
[offboard_waypoint_node-1] [INFO] [1786827040.213956459] [offboard_waypoint_node]: [HOLD_ERROR] position_error=0.004 velocity=0.003 state=IDLE_HOLD
[offboard_waypoint_node-1] [INFO] [1786827040.614546396] [offboard_waypoint_node]: [CONTROL_ARBITER] selected_source=safety_hold state=IDLE_HOLD
[super_planner_ros2_node-6] [INFO] [1786827040.649071495] [super_planner_ros2_node]: SUPER_ROS2 mode=IDLE enable_output=false reason=WAIT_ALTITUDE_REFERENCE odom=(0.32,-2.50,-0.08) goal=none tracking_setpoint_enu=(0.32,-2.50,-0.08) setpoint_ned=none yaw(desired/cmd/rate)=(0.00/0.00/0.00) cross_track=0.00 frame_id=px4_ned path_points=0 odom_source=/race/odom cloud_source=/saved_map mavros_connected=true
[race_ego_cloud_bridge-8] [INFO] [1786827041.030937847] [race_ego_cloud_bridge]: [EGO_STATIC_MAP_READY] topic=/saved_map frame=map points=11417 fused=true
[offboard_waypoint_node-1] [INFO] [1786827041.214095186] [offboard_waypoint_node]: [HOLD_ERROR] position_error=0.004 velocity=0.005 state=IDLE_HOLD
[ego_planner_node-10] [FSM]: state: WAIT_TARGET
[ego_planner_node-10] wait for goal or trigger.
[race_ego_cloud_bridge-8] [INFO] [1786827041.330609131] [race_ego_cloud_bridge]: [EGO_MAP_INPUT] topic=/race/ego/cloud frame=map points=18065 source=static_live_px4 refresh_period=0.00s
[race_ego_trajectory_bridge-12] [INFO] [1786827041.337704455] [race_ego_trajectory_bridge]: [EGO_OCCUPANCY_MAP] topic=/race/ego/cloud frame=map raw_points=18065 map_age=0.007
[ego_planner_node-10] [INFO] [1786827041.342642373] [race_ego_planner]: [EGO_OCCUPANCY_UPDATE] input_topic=grid_map/cloud input_frame=map occupancy_frame=map cloud_points=18065 local_points=9841 occupied_voxels=25555 camera=(0.323,-2.503,-0.076) local_index_bounds=[(47,30,0),(117,111,8)]
[offboard_waypoint_node-1] [INFO] [1786827041.663850511] [offboard_waypoint_node]: [CONTROL_ARBITER] selected_source=safety_hold state=IDLE_HOLD
[super_planner_ros2_node-6] [INFO] [1786827041.698904559] [super_planner_ros2_node]: SUPER_ROS2 mode=IDLE enable_output=false reason=WAIT_ALTITUDE_REFERENCE odom=(0.32,-2.50,-0.08) goal=none tracking_setpoint_enu=(0.32,-2.50,-0.08) setpoint_ned=none yaw(desired/cmd/rate)=(0.00/0.00/0.00) cross_track=0.00 frame_id=px4_ned path_points=0 odom_source=/race/odom cloud_source=/saved_map mavros_connected=true
[race_ego_cloud_bridge-8] [INFO] [1786827041.724226125] [race_ego_cloud_bridge]: [EGO_MAP_FUSION] static_points=11417 live_raw_points=20702 confirmed_live_voxels=6835 min_observations=2 memory_sec=1.00 fused_points=18252
[fastlio_bridge_node-2] [INFO] [1786827042.000161361] [fastlio_bridge_node]: 已桥接并转换里程计: ENU(0.32, -2.50, -0.07) -> NED(-2.50, 0.32, 0.07)
[fastlio_bridge_node-2] [INFO] [1786827042.001355312] [fastlio_bridge_node]: 已桥接并转换里程计: ENU(0.32, -2.50, -0.07) -> NED(-2.50, 0.32, 0.07)
[fastlio_bridge_node-2] [INFO] [1786827042.009214262] [fastlio_bridge_node]: 已桥接并转换里程计: ENU(0.32, -2.50, -0.07) -> NED(-2.50, 0.32, 0.07)
[fastlio_bridge_node-2] [INFO] [1786827042.023505537] [fastlio_bridge_node]: 已桥接并转换里程计: ENU(0.32, -2.50, -0.07) -> NED(-2.50, 0.32, 0.07)
[fastlio_bridge_node-2] [INFO] [1786827042.030782449] [fastlio_bridge_node]: 已桥接并转换里程计: ENU(0.32, -2.50, -0.07) -> NED(-2.50, 0.32, 0.07)
[fastlio_bridge_node-2] [INFO] [1786827042.032064668] [fastlio_bridge_node]: 已桥接并转换里程计: ENU(0.32, -2.50, -0.07) -> NED(-2.50, 0.32, 0.07)
[fastlio_bridge_node-2] [INFO] [1786827042.035033744] [fastlio_bridge_node]: 已桥接并转换里程计: ENU(0.32, -2.50, -0.07) -> NED(-2.50, 0.32, 0.07)
[fastlio_bridge_node-2] [INFO] [1786827042.043195995] [fastlio_bridge_node]: 已桥接并转换里程计: ENU(0.32, -2.50, -0.07) -> NED(-2.50, 0.32, 0.07)
[fastlio_bridge_node-2] [INFO] [1786827042.054539841] [fastlio_bridge_node]: 已桥接并转换里程计: ENU(0.32, -2.50, -0.07) -> NED(-2.50, 0.32, 0.07)
[fastlio_bridge_node-2] [INFO] [1786827042.055886250] [fastlio_bridge_node]: 已桥接并转换里程计: ENU(0.32, -2.50, -0.07) -> NED(-2.50, 0.32, 0.07)
[fastlio_bridge_node-2] [INFO] [1786827042.057898240] [fastlio_bridge_node]: 已桥接并转换里程计: ENU(0.32, -2.50, -0.07) -> NED(-2.50, 0.32, 0.07)
[fastlio_bridge_node-2] [INFO] [1786827042.061184207] [fastlio_bridge_node]: 已桥接并转换里程计: ENU(0.32, -2.50, -0.07) -> NED(-2.50, 0.32, 0.07)
[fastlio_bridge_node-2] [INFO] [1786827042.067365307] [fastlio_bridge_node]: 已桥接并转换里程计: ENU(0.32, -2.50, -0.07) -> NED(-2.50, 0.32, 0.07)
[fastlio_bridge_node-2] [INFO] [1786827042.078607889] [fastlio_bridge_node]: 已桥接并转换里程计: ENU(0.32, -2.50, -0.07) -> NED(-2.50, 0.32, 0.07)
[fastlio_bridge_node-2] [INFO] [1786827042.080141522] [fastlio_bridge_node]: 已桥接并转换里程计: ENU(0.32, -2.50, -0.07) -> NED(-2.50, 0.32, 0.07)
[fastlio_bridge_node-2] [INFO] [1786827042.085305871] [fastlio_bridge_node]: 已桥接并转换里程计: ENU(0.32, -2.50, -0.07) -> NED(-2.50, 0.32, 0.07)
[fastlio_bridge_node-2] [INFO] [1786827042.094351261] [fastlio_bridge_node]: 已桥接并转换里程计: ENU(0.32, -2.50, -0.07) -> NED(-2.50, 0.32, 0.07)
[fastlio_bridge_node-2] [INFO] [1786827042.096273509] [fastlio_bridge_node]: 已桥接并转换里程计: ENU(0.32, -2.50, -0.07) -> NED(-2.50, 0.32, 0.07)
[offboard_waypoint_node-1] [INFO] [1786827042.263817834] [offboard_waypoint_node]: [HOLD_ERROR] position_error=0.002 velocity=0.005 state=IDLE_HOLD
[ego_planner_node-10] [FSM]: state: WAIT_TARGET
[ego_planner_node-10] wait for goal or trigger.
[rviz2-13] [INFO] [1786827042.569747282] [rviz2]: Message Filter dropping message: frame 'odom' at time 1786827041.082 for reason 'discarding message because the queue is full'
[offboard_waypoint_node-1] [INFO] [1786827042.713595294] [offboard_waypoint_node]: [CONTROL_ARBITER] selected_source=safety_hold state=IDLE_HOLD
[super_planner_ros2_node-6] [INFO] [1786827042.748808687] [super_planner_ros2_node]: SUPER_ROS2 mode=IDLE enable_output=false reason=WAIT_ALTITUDE_REFERENCE odom=(0.32,-2.50,-0.07) goal=none tracking_setpoint_enu=(0.32,-2.50,-0.07) setpoint_ned=none yaw(desired/cmd/rate)=(0.00/0.00/0.00) cross_track=0.00 frame_id=px4_ned path_points=0 odom_source=/race/odom cloud_source=/saved_map mavros_connected=true
[race_ego_cloud_bridge-8] [INFO] [1786827043.029235703] [race_ego_cloud_bridge]: [EGO_STATIC_MAP_READY] topic=/saved_map frame=map points=11417 fused=true
[offboard_waypoint_node-1] [INFO] [1786827043.313644909] [offboard_waypoint_node]: [HOLD_ERROR] position_error=0.004 velocity=0.004 state=IDLE_HOLD
[race_ego_cloud_bridge-8] [INFO] [1786827043.576248791] [race_ego_cloud_bridge]: [EGO_MAP_INPUT] topic=/race/ego/cloud frame=map points=17523 source=static_live_px4 refresh_period=0.00s
[ego_planner_node-10] [INFO] [1786827043.588816354] [race_ego_planner]: [EGO_OCCUPANCY_UPDATE] input_topic=grid_map/cloud input_frame=map occupancy_frame=map cloud_points=17523 local_points=9544 occupied_voxels=25455 camera=(0.324,-2.505,-0.076) local_index_bounds=[(47,30,0),(117,111,8)]
[race_ego_trajectory_bridge-12] [INFO] [1786827043.589608276] [race_ego_trajectory_bridge]: [EGO_OCCUPANCY_MAP] topic=/race/ego/cloud frame=map raw_points=17523 map_age=0.015
[ego_planner_node-10] [FSM]: state: WAIT_TARGET
[ego_planner_node-10] wait for goal or trigger.
[offboard_waypoint_node-1] [INFO] [1786827043.715681902] [offboard_waypoint_node]: [CONTROL_ARBITER] selected_source=safety_hold state=IDLE_HOLD
[super_planner_ros2_node-6] [INFO] [1786827043.748938580] [super_planner_ros2_node]: SUPER_ROS2 mode=IDLE enable_output=false reason=WAIT_ALTITUDE_REFERENCE odom=(0.32,-2.50,-0.08) goal=none tracking_setpoint_enu=(0.32,-2.50,-0.08) setpoint_ned=none yaw(desired/cmd/rate)=(0.00/0.00/0.00) cross_track=0.00 frame_id=px4_ned path_points=0 odom_source=/race/odom cloud_source=/saved_map mavros_connected=true
[race_ego_cloud_bridge-8] [INFO] [1786827043.835441553] [race_ego_cloud_bridge]: [EGO_MAP_FUSION] static_points=11417 live_raw_points=17815 confirmed_live_voxels=6339 min_observations=2 memory_sec=1.00 fused_points=17756
[fastlio_bridge_node-2] [INFO] [1786827044.000685214] [fastlio_bridge_node]: 已桥接并转换里程计: ENU(0.32, -2.50, -0.08) -> NED(-2.50, 0.32, 0.08)
[fastlio_bridge_node-2] [INFO] [1786827044.007163622] [fastlio_bridge_node]: 已桥接并转换里程计: ENU(0.32, -2.50, -0.08) -> NED(-2.50, 0.32, 0.08)
[fastlio_bridge_node-2] [INFO] [1786827044.010175759] [fastlio_bridge_node]: 已桥接并转换里程计: ENU(0.32, -2.50, -0.08) -> NED(-2.50, 0.32, 0.08)
[fastlio_bridge_node-2] [INFO] [1786827044.014522531] [fastlio_bridge_node]: 已桥接并转换里程计: ENU(0.32, -2.50, -0.08) -> NED(-2.50, 0.32, 0.08)
[fastlio_bridge_node-2] [INFO] [1786827044.020176585] [fastlio_bridge_node]: 已桥接并转换里程计: ENU(0.32, -2.50, -0.08) -> NED(-2.50, 0.32, 0.08)
[fastlio_bridge_node-2] [INFO] [1786827044.028962031] [fastlio_bridge_node]: 已桥接并转换里程计: ENU(0.32, -2.50, -0.08) -> NED(-2.50, 0.32, 0.08)
[fastlio_bridge_node-2] [INFO] [1786827044.036992718] [fastlio_bridge_node]: 已桥接并转换里程计: ENU(0.32, -2.50, -0.08) -> NED(-2.50, 0.32, 0.08)
[fastlio_bridge_node-2] [INFO] [1786827044.040360813] [fastlio_bridge_node]: 已桥接并转换里程计: ENU(0.32, -2.50, -0.08) -> NED(-2.50, 0.32, 0.08)
[fastlio_bridge_node-2] [INFO] [1786827044.048857960] [fastlio_bridge_node]: 已桥接并转换里程计: ENU(0.32, -2.50, -0.08) -> NED(-2.50, 0.32, 0.08)
[fastlio_bridge_node-2] [INFO] [1786827044.055440456] [fastlio_bridge_node]: 已桥接并转换里程计: ENU(0.32, -2.50, -0.08) -> NED(-2.50, 0.32, 0.08)
[fastlio_bridge_node-2] [INFO] [1786827044.060844160] [fastlio_bridge_node]: 已桥接并转换里程计: ENU(0.32, -2.50, -0.08) -> NED(-2.50, 0.32, 0.08)
[fastlio_bridge_node-2] [INFO] [1786827044.065290170] [fastlio_bridge_node]: 已桥接并转换里程计: ENU(0.32, -2.50, -0.08) -> NED(-2.50, 0.32, 0.08)
[fastlio_bridge_node-2] [INFO] [1786827044.069489615] [fastlio_bridge_node]: 已桥接并转换里程计: ENU(0.32, -2.50, -0.08) -> NED(-2.50, 0.32, 0.08)
[fastlio_bridge_node-2] [INFO] [1786827044.073932871] [fastlio_bridge_node]: 已桥接并转换里程计: ENU(0.32, -2.50, -0.08) -> NED(-2.50, 0.32, 0.08)
[fastlio_bridge_node-2] [INFO] [1786827044.076675704] [fastlio_bridge_node]: 已桥接并转换里程计: ENU(0.32, -2.50, -0.08) -> NED(-2.50, 0.32, 0.08)
[fastlio_bridge_node-2] [INFO] [1786827044.080846986] [fastlio_bridge_node]: 已桥接并转换里程计: ENU(0.32, -2.50, -0.08) -> NED(-2.50, 0.32, 0.08)
[fastlio_bridge_node-2] [INFO] [1786827044.085449946] [fastlio_bridge_node]: 已桥接并转换里程计: ENU(0.32, -2.50, -0.08) -> NED(-2.50, 0.32, 0.08)
[fastlio_bridge_node-2] [INFO] [1786827044.090778356] [fastlio_bridge_node]: 已桥接并转换里程计: ENU(0.32, -2.50, -0.08) -> NED(-2.50, 0.32, 0.08)
[fastlio_bridge_node-2] [INFO] [1786827044.094262950] [fastlio_bridge_node]: 已桥接并转换里程计: ENU(0.32, -2.50, -0.08) -> NED(-2.50, 0.32, 0.08)
[offboard_waypoint_node-1] [INFO] [1786827044.316665097] [offboard_waypoint_node]: [HOLD_ERROR] position_error=0.003 velocity=0.009 state=IDLE_HOLD
[super_planner_ros2_node-6] [INFO] [1786827044.749097052] [super_planner_ros2_node]: SUPER_ROS2 mode=IDLE enable_output=false reason=WAIT_ALTITUDE_REFERENCE odom=(0.32,-2.50,-0.08) goal=none tracking_setpoint_enu=(0.32,-2.50,-0.08) setpoint_ned=none yaw(desired/cmd/rate)=(0.00/0.00/0.00) cross_track=0.00 frame_id=px4_ned path_points=0 odom_source=/race/odom cloud_source=/saved_map mavros_connected=true
[offboard_waypoint_node-1] [INFO] [1786827044.763917552] [offboard_waypoint_node]: [CONTROL_ARBITER] selected_source=safety_hold state=IDLE_HOLD
[ego_planner_node-10] [FSM]: state: WAIT_TARGET
[ego_planner_node-10] wait for goal or trigger.
[race_ego_cloud_bridge-8] [INFO] [1786827045.040728901] [race_ego_cloud_bridge]: [EGO_STATIC_MAP_READY] topic=/saved_map frame=map points=11417 fused=true
[rviz2-13] [INFO] [1786827045.208522364] [rviz2]: Message Filter dropping message: frame 'odom' at time 1786827043.880 for reason 'discarding message because the queue is full'
[offboard_waypoint_node-1] [INFO] [1786827045.364770041] [offboard_waypoint_node]: [HOLD_ERROR] position_error=0.003 velocity=0.007 state=IDLE_HOLD
[race_ego_trajectory_bridge-12] [INFO] [1786827045.618657553] [race_ego_trajectory_bridge]: [EGO_OCCUPANCY_MAP] topic=/race/ego/cloud frame=map raw_points=16689 map_age=0.065
[ego_planner_node-10] [INFO] [1786827045.644230326] [race_ego_planner]: [EGO_OCCUPANCY_UPDATE] input_topic=grid_map/cloud input_frame=map occupancy_frame=map cloud_points=16689 local_points=9356 occupied_voxels=25206 camera=(0.324,-2.502,-0.067) local_index_bounds=[(47,30,0),(117,111,8)]
[race_ego_cloud_bridge-8] [INFO] [1786827045.727473641] [race_ego_cloud_bridge]: [EGO_MAP_INPUT] topic=/race/ego/cloud frame=map points=16746 source=static_live_px4 refresh_period=0.00s
[super_planner_ros2_node-6] [INFO] [1786827045.749540391] [super_planner_ros2_node]: SUPER_ROS2 mode=IDLE enable_output=false reason=WAIT_ALTITUDE_REFERENCE odom=(0.32,-2.50,-0.07) goal=none tracking_setpoint_enu=(0.32,-2.50,-0.07) setpoint_ned=none yaw(desired/cmd/rate)=(0.00/0.00/0.00) cross_track=0.00 frame_id=px4_ned path_points=0 odom_source=/race/odom cloud_source=/saved_map mavros_connected=true
[offboard_waypoint_node-1] [INFO] [1786827045.765915662] [offboard_waypoint_node]: [CONTROL_ARBITER] selected_source=safety_hold state=IDLE_HOLD
[race_ego_cloud_bridge-8] [INFO] [1786827045.857358344] [race_ego_cloud_bridge]: [EGO_MAP_FUSION] static_points=11417 live_raw_points=14928 confirmed_live_voxels=5378 min_observations=2 memory_sec=1.00 fused_points=16795
[fastlio_bridge_node-2] [INFO] [1786827046.006233787] [fastlio_bridge_node]: 已桥接并转换里程计: ENU(0.32, -2.50, -0.07) -> NED(-2.50, 0.32, 0.07)
[fastlio_bridge_node-2] [INFO] [1786827046.009850364] [fastlio_bridge_node]: 已桥接并转换里程计: ENU(0.32, -2.50, -0.07) -> NED(-2.50, 0.32, 0.07)
[fastlio_bridge_node-2] [INFO] [1786827046.011546918] [fastlio_bridge_node]: 已桥接并转换里程计: ENU(0.32, -2.50, -0.07) -> NED(-2.50, 0.32, 0.07)
[fastlio_bridge_node-2] [INFO] [1786827046.014948051] [fastlio_bridge_node]: 已桥接并转换里程计: ENU(0.32, -2.50, -0.07) -> NED(-2.50, 0.32, 0.07)
[fastlio_bridge_node-2] [INFO] [1786827046.024057889] [fastlio_bridge_node]: 已桥接并转换里程计: ENU(0.32, -2.50, -0.07) -> NED(-2.50, 0.32, 0.07)
[fastlio_bridge_node-2] [INFO] [1786827046.026628922] [fastlio_bridge_node]: 已桥接并转换里程计: ENU(0.32, -2.50, -0.07) -> NED(-2.50, 0.32, 0.07)
[fastlio_bridge_node-2] [INFO] [1786827046.038174875] [fastlio_bridge_node]: 已桥接并转换里程计: ENU(0.32, -2.50, -0.07) -> NED(-2.50, 0.32, 0.07)
[fastlio_bridge_node-2] [INFO] [1786827046.042563663] [fastlio_bridge_node]: 已桥接并转换里程计: ENU(0.32, -2.50, -0.07) -> NED(-2.50, 0.32, 0.07)
[fastlio_bridge_node-2] [INFO] [1786827046.044972393] [fastlio_bridge_node]: 已桥接并转换里程计: ENU(0.32, -2.50, -0.07) -> NED(-2.50, 0.32, 0.07)
[fastlio_bridge_node-2] [INFO] [1786827046.046756741] [fastlio_bridge_node]: 已桥接并转换里程计: ENU(0.32, -2.50, -0.07) -> NED(-2.50, 0.32, 0.07)
[fastlio_bridge_node-2] [INFO] [1786827046.052860670] [fastlio_bridge_node]: 已桥接并转换里程计: ENU(0.32, -2.50, -0.07) -> NED(-2.50, 0.32, 0.07)
[ego_planner_node-10] [FSM]: state: WAIT_TARGET
[ego_planner_node-10] wait for goal or trigger.
[fastlio_bridge_node-2] [INFO] [1786827046.057227835] [fastlio_bridge_node]: 已桥接并转换里程计: ENU(0.32, -2.50, -0.07) -> NED(-2.50, 0.32, 0.07)
[fastlio_bridge_node-2] [INFO] [1786827046.060758961] [fastlio_bridge_node]: 已桥接并转换里程计: ENU(0.32, -2.50, -0.07) -> NED(-2.50, 0.32, 0.07)
[fastlio_bridge_node-2] [INFO] [1786827046.066096109] [fastlio_bridge_node]: 已桥接并转换里程计: ENU(0.32, -2.50, -0.07) -> NED(-2.50, 0.32, 0.07)
[fastlio_bridge_node-2] [INFO] [1786827046.070838389] [fastlio_bridge_node]: 已桥接并转换里程计: ENU(0.32, -2.50, -0.07) -> NED(-2.50, 0.32, 0.07)
[fastlio_bridge_node-2] [INFO] [1786827046.075221133] [fastlio_bridge_node]: 已桥接并转换里程计: ENU(0.32, -2.50, -0.07) -> NED(-2.50, 0.32, 0.07)
[fastlio_bridge_node-2] [INFO] [1786827046.081632671] [fastlio_bridge_node]: 已桥接并转换里程计: ENU(0.32, -2.50, -0.08) -> NED(-2.50, 0.32, 0.08)
[fastlio_bridge_node-2] [INFO] [1786827046.089943273] [fastlio_bridge_node]: 已桥接并转换里程计: ENU(0.32, -2.50, -0.08) -> NED(-2.50, 0.32, 0.08)
[fastlio_bridge_node-2] [INFO] [1786827046.094435398] [fastlio_bridge_node]: 已桥接并转换里程计: ENU(0.32, -2.50, -0.08) -> NED(-2.50, 0.32, 0.08)
[fastlio_bridge_node-2] [INFO] [1786827046.097953148] [fastlio_bridge_node]: 已桥接并转换里程计: ENU(0.32, -2.50, -0.08) -> NED(-2.50, 0.32, 0.08)
[offboard_waypoint_node-1] [INFO] [1786827046.413868948] [offboard_waypoint_node]: [HOLD_ERROR] position_error=0.007 velocity=0.005 state=IDLE_HOLD
[super_planner_ros2_node-6] [INFO] [1786827046.799110790] [super_planner_ros2_node]: SUPER_ROS2 mode=IDLE enable_output=false reason=WAIT_ALTITUDE_REFERENCE odom=(0.32,-2.50,-0.08) goal=none tracking_setpoint_enu=(0.32,-2.50,-0.08) setpoint_ned=none yaw(desired/cmd/rate)=(0.00/0.00/0.00) cross_track=0.00 frame_id=px4_ned path_points=0 odom_source=/race/odom cloud_source=/saved_map mavros_connected=true
[offboard_waypoint_node-1] [INFO] [1786827046.816795117] [offboard_waypoint_node]: [CONTROL_ARBITER] selected_source=safety_hold state=IDLE_HOLD
[race_ego_cloud_bridge-8] [INFO] [1786827047.039785745] [race_ego_cloud_bridge]: [EGO_STATIC_MAP_READY] topic=/saved_map frame=map points=11417 fused=true
[ego_planner_node-10] [FSM]: state: WAIT_TARGET
[ego_planner_node-10] wait for goal or trigger.
[offboard_waypoint_node-1] [INFO] [1786827047.415847092] [offboard_waypoint_node]: [HOLD_ERROR] position_error=0.005 velocity=0.005 state=IDLE_HOLD
[ego_planner_node-10] [INFO] [1786827047.649778898] [race_ego_planner]: [EGO_OCCUPANCY_UPDATE] input_topic=grid_map/cloud input_frame=map occupancy_frame=map cloud_points=17136 local_points=9592 occupied_voxels=25257 camera=(0.324,-2.505,-0.076) local_index_bounds=[(47,30,0),(117,111,8)]
[race_ego_trajectory_bridge-12] [INFO] [1786827047.650062453] [race_ego_trajectory_bridge]: [EGO_OCCUPANCY_MAP] topic=/race/ego/cloud frame=map raw_points=17136 map_age=0.014
[rviz2-13] [INFO] [1786827047.755180801] [rviz2]: Message Filter dropping message: frame 'odom' at time 1786827046.679 for reason 'discarding message because the queue is full'
[super_planner_ros2_node-6] [INFO] [1786827047.799566422] [super_planner_ros2_node]: SUPER_ROS2 mode=IDLE enable_output=false reason=WAIT_ALTITUDE_REFERENCE odom=(0.32,-2.50,-0.08) goal=none tracking_setpoint_enu=(0.32,-2.50,-0.08) setpoint_ned=none yaw(desired/cmd/rate)=(0.00/0.00/0.00) cross_track=0.00 frame_id=px4_ned path_points=0 odom_source=/race/odom cloud_source=/saved_map mavros_connected=true
[race_ego_cloud_bridge-8] [INFO] [1786827047.838275888] [race_ego_cloud_bridge]: [EGO_MAP_INPUT] topic=/race/ego/cloud frame=map points=17377 source=static_live_px4 refresh_period=0.00s
[offboard_waypoint_node-1] [INFO] [1786827047.863821925] [offboard_waypoint_node]: [CONTROL_ARBITER] selected_source=safety_hold state=IDLE_HOLD
[fastlio_bridge_node-2] [INFO] [1786827048.010604226] [fastlio_bridge_node]: 已桥接并转换里程计: ENU(0.32, -2.50, -0.08) -> NED(-2.50, 0.32, 0.08)
[fastlio_bridge_node-2] [INFO] [1786827048.016543054] [fastlio_bridge_node]: 已桥接并转换里程计: ENU(0.32, -2.50, -0.08) -> NED(-2.50, 0.32, 0.08)
[fastlio_bridge_node-2] [INFO] [1786827048.017230110] [fastlio_bridge_node]: 已桥接并转换里程计: ENU(0.32, -2.50, -0.08) -> NED(-2.50, 0.32, 0.08)
[fastlio_bridge_node-2] [INFO] [1786827048.050824721] [fastlio_bridge_node]: 已桥接并转换里程计: ENU(0.32, -2.50, -0.08) -> NED(-2.50, 0.32, 0.08)
[fastlio_bridge_node-2] [INFO] [1786827048.058482392] [fastlio_bridge_node]: 已桥接并转换里程计: ENU(0.32, -2.50, -0.08) -> NED(-2.50, 0.32, 0.08)
[fastlio_bridge_node-2] [INFO] [1786827048.069729896] [fastlio_bridge_node]: 已桥接并转换里程计: ENU(0.32, -2.50, -0.08) -> NED(-2.50, 0.32, 0.08)
[fastlio_bridge_node-2] [INFO] [1786827048.075234282] [fastlio_bridge_node]: 已桥接并转换里程计: ENU(0.32, -2.50, -0.08) -> NED(-2.50, 0.32, 0.08)
[fastlio_bridge_node-2] [INFO] [1786827048.075889625] [fastlio_bridge_node]: 已桥接并转换里程计: ENU(0.32, -2.50, -0.08) -> NED(-2.50, 0.32, 0.08)
[fastlio_bridge_node-2] [INFO] [1786827048.076215713] [fastlio_bridge_node]: 已桥接并转换里程计: ENU(0.32, -2.50, -0.08) -> NED(-2.50, 0.32, 0.08)
[fastlio_bridge_node-2] [INFO] [1786827048.087801896] [fastlio_bridge_node]: 已桥接并转换里程计: ENU(0.32, -2.50, -0.08) -> NED(-2.50, 0.32, 0.08)
[race_ego_cloud_bridge-8] [INFO] [1786827048.238365809] [race_ego_cloud_bridge]: [EGO_MAP_FUSION] static_points=11417 live_raw_points=14808 confirmed_live_voxels=5664 min_observations=2 memory_sec=1.00 fused_points=17081
[ego_planner_node-10] [FSM]: state: WAIT_TARGET
[ego_planner_node-10] wait for goal or trigger.
[offboard_waypoint_node-1] [INFO] [1786827048.464189060] [offboard_waypoint_node]: [HOLD_ERROR] position_error=0.003 velocity=0.007 state=IDLE_HOLD
[super_planner_ros2_node-6] [INFO] [1786827048.850143065] [super_planner_ros2_node]: SUPER_ROS2 mode=IDLE enable_output=false reason=WAIT_ALTITUDE_REFERENCE odom=(0.32,-2.50,-0.07) goal=none tracking_setpoint_enu=(0.32,-2.50,-0.07) setpoint_ned=none yaw(desired/cmd/rate)=(0.00/0.00/0.00) cross_track=0.00 frame_id=px4_ned path_points=0 odom_source=/race/odom cloud_source=/saved_map mavros_connected=true
[offboard_waypoint_node-1] [INFO] [1786827048.863887849] [offboard_waypoint_node]: [CONTROL_ARBITER] selected_source=safety_hold state=IDLE_HOLD
[race_ego_cloud_bridge-8] [INFO] [1786827049.041450062] [race_ego_cloud_bridge]: [EGO_STATIC_MAP_READY] topic=/saved_map frame=map points=11417 fused=true
[ego_planner_node-10] [FSM]: state: WAIT_TARGET
[ego_planner_node-10] wait for goal or trigger.
[offboard_waypoint_node-1] [INFO] [1786827049.514143430] [offboard_waypoint_node]: [HOLD_ERROR] position_error=0.006 velocity=0.001 state=IDLE_HOLD
[ego_planner_node-10] [INFO] [1786827049.650055858] [race_ego_planner]: [EGO_OCCUPANCY_UPDATE] input_topic=grid_map/cloud input_frame=map occupancy_frame=map cloud_points=17780 local_points=9623 occupied_voxels=25559 camera=(0.323,-2.503,-0.076) local_index_bounds=[(47,30,0),(117,111,8)]
[super_planner_ros2_node-6] [INFO] [1786827049.853034073] [super_planner_ros2_node]: SUPER_ROS2 mode=IDLE enable_output=false reason=WAIT_ALTITUDE_REFERENCE odom=(0.32,-2.50,-0.08) goal=none tracking_setpoint_enu=(0.32,-2.50,-0.08) setpoint_ned=none yaw(desired/cmd/rate)=(0.00/0.00/0.00) cross_track=0.00 frame_id=px4_ned path_points=0 odom_source=/race/odom cloud_source=/saved_map mavros_connected=true
[race_ego_cloud_bridge-8] [INFO] [1786827049.862836943] [race_ego_cloud_bridge]: [EGO_MAP_INPUT] topic=/race/ego/cloud frame=map points=17559 source=static_live_px4 refresh_period=0.00s
[offboard_waypoint_node-1] [INFO] [1786827049.864096307] [offboard_waypoint_node]: [CONTROL_ARBITER] selected_source=safety_hold state=IDLE_HOLD
[race_ego_trajectory_bridge-12] [INFO] [1786827049.869736514] [race_ego_trajectory_bridge]: [EGO_OCCUPANCY_MAP] topic=/race/ego/cloud frame=map raw_points=17559 map_age=0.007
[fastlio_bridge_node-2] [INFO] [1786827050.001277430] [fastlio_bridge_node]: 已桥接并转换里程计: ENU(0.32, -2.50, -0.08) -> NED(-2.50, 0.32, 0.08)
[fastlio_bridge_node-2] [INFO] [1786827050.005870932] [fastlio_bridge_node]: 已桥接并转换里程计: ENU(0.32, -2.50, -0.08) -> NED(-2.50, 0.32, 0.08)
[fastlio_bridge_node-2] [INFO] [1786827050.010512924] [fastlio_bridge_node]: 已桥接并转换里程计: ENU(0.32, -2.50, -0.08) -> NED(-2.50, 0.32, 0.08)
[fastlio_bridge_node-2] [INFO] [1786827050.015240369] [fastlio_bridge_node]: 已桥接并转换里程计: ENU(0.32, -2.50, -0.08) -> NED(-2.50, 0.32, 0.08)
[fastlio_bridge_node-2] [INFO] [1786827050.025840683] [fastlio_bridge_node]: 已桥接并转换里程计: ENU(0.32, -2.50, -0.08) -> NED(-2.50, 0.32, 0.08)
[fastlio_bridge_node-2] [INFO] [1786827050.029899048] [fastlio_bridge_node]: 已桥接并转换里程计: ENU(0.32, -2.50, -0.08) -> NED(-2.50, 0.32, 0.08)
[fastlio_bridge_node-2] [INFO] [1786827050.033065418] [fastlio_bridge_node]: 已桥接并转换里程计: ENU(0.32, -2.50, -0.08) -> NED(-2.50, 0.32, 0.08)
[fastlio_bridge_node-2] [INFO] [1786827050.036036455] [fastlio_bridge_node]: 已桥接并转换里程计: ENU(0.32, -2.50, -0.08) -> NED(-2.50, 0.32, 0.08)
[fastlio_bridge_node-2] [INFO] [1786827050.042772255] [fastlio_bridge_node]: 已桥接并转换里程计: ENU(0.32, -2.50, -0.08) -> NED(-2.50, 0.32, 0.08)
[fastlio_bridge_node-2] [INFO] [1786827050.048552323] [fastlio_bridge_node]: 已桥接并转换里程计: ENU(0.32, -2.50, -0.08) -> NED(-2.50, 0.32, 0.08)
[fastlio_bridge_node-2] [INFO] [1786827050.051080652] [fastlio_bridge_node]: 已桥接并转换里程计: ENU(0.32, -2.50, -0.08) -> NED(-2.50, 0.32, 0.08)
[fastlio_bridge_node-2] [INFO] [1786827050.056044335] [fastlio_bridge_node]: 已桥接并转换里程计: ENU(0.32, -2.50, -0.08) -> NED(-2.50, 0.32, 0.08)
[fastlio_bridge_node-2] [INFO] [1786827050.065306184] [fastlio_bridge_node]: 已桥接并转换里程计: ENU(0.32, -2.50, -0.08) -> NED(-2.50, 0.32, 0.08)
[fastlio_bridge_node-2] [INFO] [1786827050.066843529] [fastlio_bridge_node]: 已桥接并转换里程计: ENU(0.32, -2.50, -0.08) -> NED(-2.50, 0.32, 0.08)
[fastlio_bridge_node-2] [INFO] [1786827050.071190594] [fastlio_bridge_node]: 已桥接并转换里程计: ENU(0.32, -2.50, -0.08) -> NED(-2.50, 0.32, 0.08)
[fastlio_bridge_node-2] [INFO] [1786827050.074762638] [fastlio_bridge_node]: 已桥接并转换里程计: ENU(0.32, -2.50, -0.08) -> NED(-2.50, 0.32, 0.08)
[fastlio_bridge_node-2] [INFO] [1786827050.083573138] [fastlio_bridge_node]: 已桥接并转换里程计: ENU(0.32, -2.50, -0.08) -> NED(-2.50, 0.32, 0.08)
[fastlio_bridge_node-2] [INFO] [1786827050.089730911] [fastlio_bridge_node]: 已桥接并转换里程计: ENU(0.32, -2.50, -0.08) -> NED(-2.50, 0.32, 0.08)
[fastlio_bridge_node-2] [INFO] [1786827050.092795385] [fastlio_bridge_node]: 已桥接并转换里程计: ENU(0.32, -2.50, -0.08) -> NED(-2.50, 0.32, 0.08)
[fastlio_bridge_node-2] [INFO] [1786827050.099485241] [fastlio_bridge_node]: 已桥接并转换里程计: ENU(0.32, -2.50, -0.08) -> NED(-2.50, 0.32, 0.08)
[rviz2-13] [INFO] [1786827050.353604644] [rviz2]: Message Filter dropping message: frame 'odom' at time 1786827049.280 for reason 'discarding message because the queue is full'
[race_ego_cloud_bridge-8] [INFO] [1786827050.418591958] [race_ego_cloud_bridge]: [EGO_MAP_FUSION] static_points=11417 live_raw_points=17736 confirmed_live_voxels=6214 min_observations=2 memory_sec=1.00 fused_points=17631
[offboard_waypoint_node-1] [INFO] [1786827050.564688947] [offboard_waypoint_node]: [HOLD_ERROR] position_error=0.002 velocity=0.001 state=IDLE_HOLD
[ego_planner_node-10] [FSM]: state: WAIT_TARGET
[ego_planner_node-10] wait for goal or trigger.
[offboard_waypoint_node-1] [INFO] [1786827050.864132798] [offboard_waypoint_node]: [CONTROL_ARBITER] selected_source=safety_hold state=IDLE_HOLD
[super_planner_ros2_node-6] [INFO] [1786827050.899514776] [super_planner_ros2_node]: SUPER_ROS2 mode=IDLE enable_output=false reason=WAIT_ALTITUDE_REFERENCE odom=(0.32,-2.50,-0.08) goal=none tracking_setpoint_enu=(0.32,-2.50,-0.08) setpoint_ned=none yaw(desired/cmd/rate)=(0.00/0.00/0.00) cross_track=0.00 frame_id=px4_ned path_points=0 odom_source=/race/odom cloud_source=/saved_map mavros_connected=true
[race_ego_cloud_bridge-8] [INFO] [1786827051.030680217] [race_ego_cloud_bridge]: [EGO_STATIC_MAP_READY] topic=/saved_map frame=map points=11417 fused=true
[offboard_waypoint_node-1] [INFO] [1786827051.614509324] [offboard_waypoint_node]: [HOLD_ERROR] position_error=0.002 velocity=0.001 state=IDLE_HOLD
[ego_planner_node-10] [INFO] [1786827051.833834845] [race_ego_planner]: [EGO_OCCUPANCY_UPDATE] input_topic=grid_map/cloud input_frame=map occupancy_frame=map cloud_points=16482 local_points=9334 occupied_voxels=25206 camera=(0.324,-2.504,-0.070) local_index_bounds=[(47,30,0),(117,111,8)]
[ego_planner_node-10] [FSM]: state: WAIT_TARGET
[ego_planner_node-10] wait for goal or trigger.
[offboard_waypoint_node-1] [INFO] [1786827051.864517320] [offboard_waypoint_node]: [CONTROL_ARBITER] selected_source=safety_hold state=IDLE_HOLD
[race_ego_cloud_bridge-8] [INFO] [1786827051.905133926] [race_ego_cloud_bridge]: [EGO_MAP_INPUT] topic=/race/ego/cloud frame=map points=16674 source=static_live_px4 refresh_period=0.00s
[race_ego_trajectory_bridge-12] [INFO] [1786827051.913575276] [race_ego_trajectory_bridge]: [EGO_OCCUPANCY_MAP] topic=/race/ego/cloud frame=map raw_points=16674 map_age=0.009
[super_planner_ros2_node-6] [INFO] [1786827051.949353570] [super_planner_ros2_node]: SUPER_ROS2 mode=IDLE enable_output=false reason=WAIT_ALTITUDE_REFERENCE odom=(0.32,-2.50,-0.06) goal=none tracking_setpoint_enu=(0.32,-2.50,-0.06) setpoint_ned=none yaw(desired/cmd/rate)=(0.00/0.00/0.00) cross_track=0.00 frame_id=px4_ned path_points=0 odom_source=/race/odom cloud_source=/saved_map mavros_connected=true
[fastlio_bridge_node-2] [INFO] [1786827052.005492671] [fastlio_bridge_node]: 已桥接并转换里程计: ENU(0.32, -2.50, -0.06) -> NED(-2.50, 0.32, 0.06)
[fastlio_bridge_node-2] [INFO] [1786827052.006619587] [fastlio_bridge_node]: 已桥接并转换里程计: ENU(0.32, -2.50, -0.06) -> NED(-2.50, 0.32, 0.06)
[fastlio_bridge_node-2] [INFO] [1786827052.011676455] [fastlio_bridge_node]: 已桥接并转换里程计: ENU(0.32, -2.50, -0.06) -> NED(-2.50, 0.32, 0.06)
[fastlio_bridge_node-2] [INFO] [1786827052.014509850] [fastlio_bridge_node]: 已桥接并转换里程计: ENU(0.32, -2.50, -0.06) -> NED(-2.50, 0.32, 0.06)
[fastlio_bridge_node-2] [INFO] [1786827052.022864535] [fastlio_bridge_node]: 已桥接并转换里程计: ENU(0.32, -2.50, -0.06) -> NED(-2.50, 0.32, 0.06)
[fastlio_bridge_node-2] [INFO] [1786827052.028434411] [fastlio_bridge_node]: 已桥接并转换里程计: ENU(0.32, -2.50, -0.07) -> NED(-2.50, 0.32, 0.07)
[fastlio_bridge_node-2] [INFO] [1786827052.032211049] [fastlio_bridge_node]: 已桥接并转换里程计: ENU(0.32, -2.50, -0.07) -> NED(-2.50, 0.32, 0.07)
[fastlio_bridge_node-2] [INFO] [1786827052.040145790] [fastlio_bridge_node]: 已桥接并转换里程计: ENU(0.32, -2.50, -0.07) -> NED(-2.50, 0.32, 0.07)
[fastlio_bridge_node-2] [INFO] [1786827052.042834413] [fastlio_bridge_node]: 已桥接并转换里程计: ENU(0.32, -2.50, -0.07) -> NED(-2.50, 0.32, 0.07)
[fastlio_bridge_node-2] [INFO] [1786827052.048923494] [fastlio_bridge_node]: 已桥接并转换里程计: ENU(0.32, -2.50, -0.07) -> NED(-2.50, 0.32, 0.07)
[fastlio_bridge_node-2] [INFO] [1786827052.051148587] [fastlio_bridge_node]: 已桥接并转换里程计: ENU(0.32, -2.50, -0.07) -> NED(-2.50, 0.32, 0.07)
[fastlio_bridge_node-2] [INFO] [1786827052.055524548] [fastlio_bridge_node]: 已桥接并转换里程计: ENU(0.32, -2.50, -0.07) -> NED(-2.50, 0.32, 0.07)
[fastlio_bridge_node-2] [INFO] [1786827052.060523810] [fastlio_bridge_node]: 已桥接并转换里程计: ENU(0.32, -2.50, -0.07) -> NED(-2.50, 0.32, 0.07)
[fastlio_bridge_node-2] [INFO] [1786827052.066965562] [fastlio_bridge_node]: 已桥接并转换里程计: ENU(0.32, -2.50, -0.07) -> NED(-2.50, 0.32, 0.07)
[fastlio_bridge_node-2] [INFO] [1786827052.074907787] [fastlio_bridge_node]: 已桥接并转换里程计: ENU(0.32, -2.50, -0.07) -> NED(-2.50, 0.32, 0.07)
[fastlio_bridge_node-2] [INFO] [1786827052.084178193] [fastlio_bridge_node]: 已桥接并转换里程计: ENU(0.32, -2.50, -0.07) -> NED(-2.50, 0.32, 0.07)
[fastlio_bridge_node-2] [INFO] [1786827052.086664542] [fastlio_bridge_node]: 已桥接并转换里程计: ENU(0.32, -2.50, -0.07) -> NED(-2.50, 0.32, 0.07)
[fastlio_bridge_node-2] [INFO] [1786827052.094199383] [fastlio_bridge_node]: 已桥接并转换里程计: ENU(0.32, -2.50, -0.07) -> NED(-2.50, 0.32, 0.07)
[fastlio_bridge_node-2] [INFO] [1786827052.097995040] [fastlio_bridge_node]: 已桥接并转换里程计: ENU(0.32, -2.50, -0.07) -> NED(-2.50, 0.32, 0.07)
[race_ego_cloud_bridge-8] [INFO] [1786827052.426869640] [race_ego_cloud_bridge]: [EGO_MAP_FUSION] static_points=11417 live_raw_points=17687 confirmed_live_voxels=5639 min_observations=2 memory_sec=1.00 fused_points=17056
[offboard_waypoint_node-1] [INFO] [1786827052.616380692] [offboard_waypoint_node]: [HOLD_ERROR] position_error=0.007 velocity=0.009 state=IDLE_HOLD
[offboard_waypoint_node-1] [INFO] [1786827052.864774340] [offboard_waypoint_node]: [CONTROL_ARBITER] selected_source=safety_hold state=IDLE_HOLD
[ego_planner_node-10] [FSM]: state: WAIT_TARGET
[ego_planner_node-10] wait for goal or trigger.
[super_planner_ros2_node-6] [INFO] [1786827052.949483620] [super_planner_ros2_node]: SUPER_ROS2 mode=IDLE enable_output=false reason=WAIT_ALTITUDE_REFERENCE odom=(0.32,-2.50,-0.08) goal=none tracking_setpoint_enu=(0.32,-2.50,-0.08) setpoint_ned=none yaw(desired/cmd/rate)=(0.00/0.00/0.00) cross_track=0.00 frame_id=px4_ned path_points=0 odom_source=/race/odom cloud_source=/saved_map mavros_connected=true
[rviz2-13] [INFO] [1786827052.974432355] [rviz2]: Message Filter dropping message: frame 'odom' at time 1786827051.880 for reason 'discarding message because the queue is full'
[race_ego_cloud_bridge-8] [INFO] [1786827053.028374668] [race_ego_cloud_bridge]: [EGO_STATIC_MAP_READY] topic=/saved_map frame=map points=11417 fused=true
[offboard_waypoint_node-1] [INFO] [1786827053.664075769] [offboard_waypoint_node]: [HOLD_ERROR] position_error=0.005 velocity=0.004 state=IDLE_HOLD
[ego_planner_node-10] [INFO] [1786827053.858871331] [race_ego_planner]: [EGO_OCCUPANCY_UPDATE] input_topic=grid_map/cloud input_frame=map occupancy_frame=map cloud_points=18220 local_points=9885 occupied_voxels=25323 camera=(0.324,-2.502,-0.077) local_index_bounds=[(47,30,0),(117,111,8)]
[offboard_waypoint_node-1] [INFO] [1786827053.914302283] [offboard_waypoint_node]: [CONTROL_ARBITER] selected_source=safety_hold state=IDLE_HOLD
[super_planner_ros2_node-6] [INFO] [1786827053.950684330] [super_planner_ros2_node]: SUPER_ROS2 mode=IDLE enable_output=false reason=WAIT_ALTITUDE_REFERENCE odom=(0.32,-2.50,-0.08) goal=none tracking_setpoint_enu=(0.32,-2.50,-0.08) setpoint_ned=none yaw(desired/cmd/rate)=(0.00/0.00/0.00) cross_track=0.00 frame_id=px4_ned path_points=0 odom_source=/race/odom cloud_source=/saved_map mavros_connected=true
[ego_planner_node-10] [FSM]: state: WAIT_TARGET
[ego_planner_node-10] wait for goal or trigger.
[fastlio_bridge_node-2] [INFO] [1786827054.000623036] [fastlio_bridge_node]: 已桥接并转换里程计: ENU(0.32, -2.50, -0.08) -> NED(-2.50, 0.32, 0.08)
[fastlio_bridge_node-2] [INFO] [1786827054.001859614] [fastlio_bridge_node]: 已桥接并转换里程计: ENU(0.32, -2.50, -0.08) -> NED(-2.50, 0.32, 0.08)
[fastlio_bridge_node-2] [INFO] [1786827054.009073108] [fastlio_bridge_node]: 已桥接并转换里程计: ENU(0.32, -2.50, -0.08) -> NED(-2.50, 0.32, 0.08)
[fastlio_bridge_node-2] [INFO] [1786827054.014162466] [fastlio_bridge_node]: 已桥接并转换里程计: ENU(0.32, -2.50, -0.08) -> NED(-2.50, 0.32, 0.08)
[fastlio_bridge_node-2] [INFO] [1786827054.017993357] [fastlio_bridge_node]: 已桥接并转换里程计: ENU(0.32, -2.50, -0.08) -> NED(-2.50, 0.32, 0.08)
[fastlio_bridge_node-2] [INFO] [1786827054.022199622] [fastlio_bridge_node]: 已桥接并转换里程计: ENU(0.32, -2.50, -0.08) -> NED(-2.50, 0.32, 0.08)
[fastlio_bridge_node-2] [INFO] [1786827054.030686340] [fastlio_bridge_node]: 已桥接并转换里程计: ENU(0.32, -2.50, -0.08) -> NED(-2.50, 0.32, 0.08)
[fastlio_bridge_node-2] [INFO] [1786827054.033414230] [fastlio_bridge_node]: 已桥接并转换里程计: ENU(0.32, -2.50, -0.08) -> NED(-2.50, 0.32, 0.08)
[fastlio_bridge_node-2] [INFO] [1786827054.037913465] [fastlio_bridge_node]: 已桥接并转换里程计: ENU(0.32, -2.50, -0.08) -> NED(-2.50, 0.32, 0.08)
[fastlio_bridge_node-2] [INFO] [1786827054.040672102] [fastlio_bridge_node]: 已桥接并转换里程计: ENU(0.32, -2.50, -0.08) -> NED(-2.50, 0.32, 0.08)
[race_ego_cloud_bridge-8] [INFO] [1786827054.042742247] [race_ego_cloud_bridge]: [EGO_MAP_INPUT] topic=/race/ego/cloud frame=map points=17968 source=static_live_px4 refresh_period=0.00s
[fastlio_bridge_node-2] [INFO] [1786827054.045139127] [fastlio_bridge_node]: 已桥接并转换里程计: ENU(0.32, -2.50, -0.08) -> NED(-2.50, 0.32, 0.08)
[race_ego_trajectory_bridge-12] [INFO] [1786827054.051361086] [race_ego_trajectory_bridge]: [EGO_OCCUPANCY_MAP] topic=/race/ego/cloud frame=map raw_points=17968 map_age=0.009
[fastlio_bridge_node-2] [INFO] [1786827054.057687489] [fastlio_bridge_node]: 已桥接并转换里程计: ENU(0.32, -2.50, -0.08) -> NED(-2.50, 0.32, 0.08)
[fastlio_bridge_node-2] [INFO] [1786827054.060009362] [fastlio_bridge_node]: 已桥接并转换里程计: ENU(0.32, -2.50, -0.08) -> NED(-2.50, 0.32, 0.08)
[fastlio_bridge_node-2] [INFO] [1786827054.062525918] [fastlio_bridge_node]: 已桥接并转换里程计: ENU(0.32, -2.50, -0.08) -> NED(-2.50, 0.32, 0.08)
[fastlio_bridge_node-2] [INFO] [1786827054.069511934] [fastlio_bridge_node]: 已桥接并转换里程计: ENU(0.32, -2.50, -0.08) -> NED(-2.50, 0.32, 0.08)
[fastlio_bridge_node-2] [INFO] [1786827054.071763806] [fastlio_bridge_node]: 已桥接并转换里程计: ENU(0.32, -2.50, -0.08) -> NED(-2.50, 0.32, 0.08)
[fastlio_bridge_node-2] [INFO] [1786827054.074804979] [fastlio_bridge_node]: 已桥接并转换里程计: ENU(0.32, -2.50, -0.08) -> NED(-2.50, 0.32, 0.08)
[fastlio_bridge_node-2] [INFO] [1786827054.087974827] [fastlio_bridge_node]: 已桥接并转换里程计: ENU(0.32, -2.51, -0.08) -> NED(-2.51, 0.32, 0.08)
[fastlio_bridge_node-2] [INFO] [1786827054.090080994] [fastlio_bridge_node]: 已桥接并转换里程计: ENU(0.32, -2.51, -0.08) -> NED(-2.51, 0.32, 0.08)
[fastlio_bridge_node-2] [INFO] [1786827054.091954866] [fastlio_bridge_node]: 已桥接并转换里程计: ENU(0.32, -2.51, -0.08) -> NED(-2.51, 0.32, 0.08)
[fastlio_bridge_node-2] [INFO] [1786827054.095146342] [fastlio_bridge_node]: 已桥接并转换里程计: ENU(0.32, -2.51, -0.08) -> NED(-2.51, 0.32, 0.08)
[race_ego_cloud_bridge-8] [INFO] [1786827054.500282530] [race_ego_cloud_bridge]: [EGO_MAP_FUSION] static_points=11417 live_raw_points=17730 confirmed_live_voxels=6320 min_observations=2 memory_sec=1.00 fused_points=17737
[offboard_waypoint_node-1] [INFO] [1786827054.664205869] [offboard_waypoint_node]: [HOLD_ERROR] position_error=0.003 velocity=0.004 state=IDLE_HOLD
[offboard_waypoint_node-1] [INFO] [1786827054.917019997] [offboard_waypoint_node]: [CONTROL_ARBITER] selected_source=safety_hold state=IDLE_HOLD
[super_planner_ros2_node-6] [INFO] [1786827054.952870967] [super_planner_ros2_node]: SUPER_ROS2 mode=IDLE enable_output=false reason=WAIT_ALTITUDE_REFERENCE odom=(0.32,-2.50,-0.07) goal=none tracking_setpoint_enu=(0.32,-2.50,-0.07) setpoint_ned=none yaw(desired/cmd/rate)=(0.00/0.00/0.00) cross_track=0.00 frame_id=px4_ned path_points=0 odom_source=/race/odom cloud_source=/saved_map mavros_connected=true
[race_ego_cloud_bridge-8] [INFO] [1786827055.028058287] [race_ego_cloud_bridge]: [EGO_STATIC_MAP_READY] topic=/saved_map frame=map points=11417 fused=true
[ego_planner_node-10] [FSM]: state: WAIT_TARGET
[ego_planner_node-10] wait for goal or trigger.
[rviz2-13] [INFO] [1786827055.514762266] [rviz2]: Message Filter dropping message: frame 'odom' at time 1786827053.680 for reason 'discarding message because the queue is full'
[offboard_waypoint_node-1] [INFO] [1786827055.664395602] [offboard_waypoint_node]: [HOLD_ERROR] position_error=0.009 velocity=0.006 state=IDLE_HOLD
[ego_planner_node-10] [INFO] [1786827055.937572213] [race_ego_planner]: [EGO_OCCUPANCY_UPDATE] input_topic=grid_map/cloud input_frame=map occupancy_frame=map cloud_points=17320 local_points=9538 occupied_voxels=25285 camera=(0.323,-2.503,-0.076) local_index_bounds=[(47,30,0),(117,111,8)]
[offboard_waypoint_node-1] [INFO] [1786827055.964292985] [offboard_waypoint_node]: [CONTROL_ARBITER] selected_source=safety_hold state=IDLE_HOLD
[super_planner_ros2_node-6] [INFO] [1786827055.999987253] [super_planner_ros2_node]: SUPER_ROS2 mode=IDLE enable_output=false reason=WAIT_ALTITUDE_REFERENCE odom=(0.32,-2.50,-0.08) goal=none tracking_setpoint_enu=(0.32,-2.50,-0.08) setpoint_ned=none yaw(desired/cmd/rate)=(0.00/0.00/0.00) cross_track=0.00 frame_id=px4_ned path_points=0 odom_source=/race/odom cloud_source=/saved_map mavros_connected=true
[fastlio_bridge_node-2] [INFO] [1786827056.008881404] [fastlio_bridge_node]: 已桥接并转换里程计: ENU(0.32, -2.50, -0.08) -> NED(-2.50, 0.32, 0.08)
[fastlio_bridge_node-2] [INFO] [1786827056.010640489] [fastlio_bridge_node]: 已桥接并转换里程计: ENU(0.32, -2.50, -0.08) -> NED(-2.50, 0.32, 0.08)
[mapping_manager_node-5] [INFO] [1786827056.015645955] [mapping_manager_node]: Mapping status: in_flight=false, map_loaded=false, map_saved=false
[fastlio_bridge_node-2] [INFO] [1786827056.022682893] [fastlio_bridge_node]: 已桥接并转换里程计: ENU(0.32, -2.50, -0.08) -> NED(-2.50, 0.32, 0.08)
[fastlio_bridge_node-2] [INFO] [1786827056.025960659] [fastlio_bridge_node]: 已桥接并转换里程计: ENU(0.32, -2.50, -0.08) -> NED(-2.50, 0.32, 0.08)
[fastlio_bridge_node-2] [INFO] [1786827056.028375306] [fastlio_bridge_node]: 已桥接并转换里程计: ENU(0.32, -2.50, -0.08) -> NED(-2.50, 0.32, 0.08)
[fastlio_bridge_node-2] [INFO] [1786827056.031761476] [fastlio_bridge_node]: 已桥接并转换里程计: ENU(0.32, -2.50, -0.08) -> NED(-2.50, 0.32, 0.08)
[fastlio_bridge_node-2] [INFO] [1786827056.037394106] [fastlio_bridge_node]: 已桥接并转换里程计: ENU(0.32, -2.50, -0.08) -> NED(-2.50, 0.32, 0.08)
[fastlio_bridge_node-2] [INFO] [1786827056.041028643] [fastlio_bridge_node]: 已桥接并转换里程计: ENU(0.32, -2.50, -0.08) -> NED(-2.50, 0.32, 0.08)
[fastlio_bridge_node-2] [INFO] [1786827056.050548538] [fastlio_bridge_node]: 已桥接并转换里程计: ENU(0.32, -2.50, -0.08) -> NED(-2.50, 0.32, 0.08)
[fastlio_bridge_node-2] [INFO] [1786827056.052706628] [fastlio_bridge_node]: 已桥接并转换里程计: ENU(0.32, -2.50, -0.08) -> NED(-2.50, 0.32, 0.08)
[fastlio_bridge_node-2] [INFO] [1786827056.054913269] [fastlio_bridge_node]: 已桥接并转换里程计: ENU(0.32, -2.50, -0.08) -> NED(-2.50, 0.32, 0.08)
[fastlio_bridge_node-2] [INFO] [1786827056.060802869] [fastlio_bridge_node]: 已桥接并转换里程计: ENU(0.32, -2.50, -0.08) -> NED(-2.50, 0.32, 0.08)
[fastlio_bridge_node-2] [INFO] [1786827056.065418608] [fastlio_bridge_node]: 已桥接并转换里程计: ENU(0.32, -2.50, -0.08) -> NED(-2.50, 0.32, 0.08)
[fastlio_bridge_node-2] [INFO] [1786827056.072475024] [fastlio_bridge_node]: 已桥接并转换里程计: ENU(0.32, -2.50, -0.08) -> NED(-2.50, 0.32, 0.08)
[fastlio_bridge_node-2] [INFO] [1786827056.075912632] [fastlio_bridge_node]: 已桥接并转换里程计: ENU(0.32, -2.50, -0.08) -> NED(-2.50, 0.32, 0.08)
[fastlio_bridge_node-2] [INFO] [1786827056.083272741] [fastlio_bridge_node]: 已桥接并转换里程计: ENU(0.32, -2.50, -0.08) -> NED(-2.50, 0.32, 0.08)
[fastlio_bridge_node-2] [INFO] [1786827056.085556600] [fastlio_bridge_node]: 已桥接并转换里程计: ENU(0.32, -2.50, -0.08) -> NED(-2.50, 0.32, 0.08)
[fastlio_bridge_node-2] [INFO] [1786827056.094734339] [fastlio_bridge_node]: 已桥接并转换里程计: ENU(0.32, -2.50, -0.08) -> NED(-2.50, 0.32, 0.08)
[fastlio_bridge_node-2] [INFO] [1786827056.096698491] [fastlio_bridge_node]: 已桥接并转换里程计: ENU(0.32, -2.50, -0.08) -> NED(-2.50, 0.32, 0.08)
[race_ego_cloud_bridge-8] [INFO] [1786827056.124643038] [race_ego_cloud_bridge]: [EGO_MAP_INPUT] topic=/race/ego/cloud frame=map points=16987 source=static_live_px4 refresh_period=0.00s
[race_ego_trajectory_bridge-12] [INFO] [1786827056.131879731] [race_ego_trajectory_bridge]: [EGO_OCCUPANCY_MAP] topic=/race/ego/cloud frame=map raw_points=16987 map_age=0.008
[ego_planner_node-10] [FSM]: state: WAIT_TARGET
[ego_planner_node-10] wait for goal or trigger.
[race_ego_cloud_bridge-8] [INFO] [1786827056.536172372] [race_ego_cloud_bridge]: [EGO_MAP_FUSION] static_points=11417 live_raw_points=17755 confirmed_live_voxels=5744 min_observations=2 memory_sec=1.00 fused_points=17161
[offboard_waypoint_node-1] [INFO] [1786827056.664464717] [offboard_waypoint_node]: [HOLD_ERROR] position_error=0.005 velocity=0.008 state=IDLE_HOLD
[offboard_waypoint_node-1] [INFO] [1786827056.964918540] [offboard_waypoint_node]: [CONTROL_ARBITER] selected_source=safety_hold state=IDLE_HOLD
[race_ego_cloud_bridge-8] [INFO] [1786827057.027563667] [race_ego_cloud_bridge]: [EGO_STATIC_MAP_READY] topic=/saved_map frame=map points=11417 fused=true
[super_planner_ros2_node-6] [INFO] [1786827057.049426166] [super_planner_ros2_node]: SUPER_ROS2 mode=IDLE enable_output=false reason=WAIT_ALTITUDE_REFERENCE odom=(0.32,-2.50,-0.08) goal=none tracking_setpoint_enu=(0.32,-2.50,-0.08) setpoint_ned=none yaw(desired/cmd/rate)=(0.00/0.00/0.00) cross_track=0.00 frame_id=px4_ned path_points=0 odom_source=/race/odom cloud_source=/saved_map mavros_connected=true
[offboard_waypoint_node-1] [INFO] [1786827057.666148323] [offboard_waypoint_node]: [HOLD_ERROR] position_error=0.003 velocity=0.002 state=IDLE_HOLD
[ego_planner_node-10] [FSM]: state: WAIT_TARGET
[ego_planner_node-10] wait for goal or trigger.
[offboard_waypoint_node-1] [INFO] [1786827057.966500373] [offboard_waypoint_node]: [CONTROL_ARBITER] selected_source=safety_hold state=IDLE_HOLD
[ego_planner_node-10] [INFO] [1786827057.984981168] [race_ego_planner]: [EGO_OCCUPANCY_UPDATE] input_topic=grid_map/cloud input_frame=map occupancy_frame=map cloud_points=18511 local_points=9943 occupied_voxels=25488 camera=(0.323,-2.503,-0.071) local_index_bounds=[(47,30,0),(117,111,8)]
[fastlio_bridge_node-2] [INFO] [1786827058.002946724] [fastlio_bridge_node]: 已桥接并转换里程计: ENU(0.32, -2.50, -0.07) -> NED(-2.50, 0.32, 0.07)
[fastlio_bridge_node-2] [INFO] [1786827058.011395790] [fastlio_bridge_node]: 已桥接并转换里程计: ENU(0.32, -2.50, -0.07) -> NED(-2.50, 0.32, 0.07)
[fastlio_bridge_node-2] [INFO] [1786827058.017776235] [fastlio_bridge_node]: 已桥接并转换里程计: ENU(0.32, -2.50, -0.07) -> NED(-2.50, 0.32, 0.07)
[fastlio_bridge_node-2] [INFO] [1786827058.025507488] [fastlio_bridge_node]: 已桥接并转换里程计: ENU(0.32, -2.50, -0.07) -> NED(-2.50, 0.32, 0.07)
[fastlio_bridge_node-2] [INFO] [1786827058.038288585] [fastlio_bridge_node]: 已桥接并转换里程计: ENU(0.32, -2.50, -0.07) -> NED(-2.50, 0.32, 0.07)
[fastlio_bridge_node-2] [INFO] [1786827058.044244648] [fastlio_bridge_node]: 已桥接并转换里程计: ENU(0.32, -2.50, -0.07) -> NED(-2.50, 0.32, 0.07)
[fastlio_bridge_node-2] [INFO] [1786827058.048097740] [fastlio_bridge_node]: 已桥接并转换里程计: ENU(0.32, -2.50, -0.07) -> NED(-2.50, 0.32, 0.07)
[super_planner_ros2_node-6] [INFO] [1786827058.049751424] [super_planner_ros2_node]: SUPER_ROS2 mode=IDLE enable_output=false reason=WAIT_ALTITUDE_REFERENCE odom=(0.32,-2.50,-0.07) goal=none tracking_setpoint_enu=(0.32,-2.50,-0.07) setpoint_ned=none yaw(desired/cmd/rate)=(0.00/0.00/0.00) cross_track=0.00 frame_id=px4_ned path_points=0 odom_source=/race/odom cloud_source=/saved_map mavros_connected=true
[fastlio_bridge_node-2] [INFO] [1786827058.061288397] [fastlio_bridge_node]: 已桥接并转换里程计: ENU(0.32, -2.50, -0.07) -> NED(-2.50, 0.32, 0.07)
[fastlio_bridge_node-2] [INFO] [1786827058.082039814] [fastlio_bridge_node]: 已桥接并转换里程计: ENU(0.32, -2.50, -0.07) -> NED(-2.50, 0.32, 0.07)
[fastlio_bridge_node-2] [INFO] [1786827058.095756850] [fastlio_bridge_node]: 已桥接并转换里程计: ENU(0.32, -2.50, -0.07) -> NED(-2.50, 0.32, 0.07)
[rviz2-13] [INFO] [1786827058.131391175] [rviz2]: Message Filter dropping message: frame 'odom' at time 1786827056.581 for reason 'discarding message because the queue is full'
[race_ego_cloud_bridge-8] [INFO] [1786827058.228363435] [race_ego_cloud_bridge]: [EGO_MAP_INPUT] topic=/race/ego/cloud frame=map points=17946 source=static_live_px4 refresh_period=0.00s
[race_ego_trajectory_bridge-12] [INFO] [1786827058.236546190] [race_ego_trajectory_bridge]: [EGO_OCCUPANCY_MAP] topic=/race/ego/cloud frame=map raw_points=17946 map_age=0.008
[race_ego_cloud_bridge-8] [INFO] [1786827058.632587072] [race_ego_cloud_bridge]: [EGO_MAP_FUSION] static_points=11417 live_raw_points=17771 confirmed_live_voxels=6335 min_observations=2 memory_sec=1.00 fused_points=17752
[offboard_waypoint_node-1] [INFO] [1786827058.714494749] [offboard_waypoint_node]: [HOLD_ERROR] position_error=0.006 velocity=0.003 state=IDLE_HOLD
[ego_planner_node-10] [FSM]: state: WAIT_TARGET
[ego_planner_node-10] wait for goal or trigger.
[offboard_waypoint_node-1] [INFO] [1786827059.014629679] [offboard_waypoint_node]: [CONTROL_ARBITER] selected_source=safety_hold state=IDLE_HOLD
[race_ego_cloud_bridge-8] [INFO] [1786827059.028375867] [race_ego_cloud_bridge]: [EGO_STATIC_MAP_READY] topic=/saved_map frame=map points=11417 fused=true
[super_planner_ros2_node-6] [INFO] [1786827059.100056573] [super_planner_ros2_node]: SUPER_ROS2 mode=IDLE enable_output=false reason=WAIT_ALTITUDE_REFERENCE odom=(0.32,-2.50,-0.08) goal=none tracking_setpoint_enu=(0.32,-2.50,-0.08) setpoint_ned=none yaw(desired/cmd/rate)=(0.00/0.00/0.00) cross_track=0.00 frame_id=px4_ned path_points=0 odom_source=/race/odom cloud_source=/saved_map mavros_connected=true
[offboard_waypoint_node-1] [INFO] [1786827059.714633404] [offboard_waypoint_node]: [HOLD_ERROR] position_error=0.004 velocity=0.003 state=IDLE_HOLD
[fastlio_bridge_node-2] [INFO] [1786827060.004040323] [fastlio_bridge_node]: 已桥接并转换里程计: ENU(0.32, -2.50, -0.08) -> NED(-2.50, 0.32, 0.08)
[fastlio_bridge_node-2] [INFO] [1786827060.011459903] [fastlio_bridge_node]: 已桥接并转换里程计: ENU(0.32, -2.50, -0.08) -> NED(-2.50, 0.32, 0.08)
[fastlio_bridge_node-2] [INFO] [1786827060.014704745] [fastlio_bridge_node]: 已桥接并转换里程计: ENU(0.32, -2.50, -0.08) -> NED(-2.50, 0.32, 0.08)
[offboard_waypoint_node-1] [INFO] [1786827060.015126523] [offboard_waypoint_node]: [CONTROL_ARBITER] selected_source=safety_hold state=IDLE_HOLD
[fastlio_bridge_node-2] [INFO] [1786827060.016166242] [fastlio_bridge_node]: 已桥接并转换里程计: ENU(0.32, -2.50, -0.08) -> NED(-2.50, 0.32, 0.08)
[fastlio_bridge_node-2] [INFO] [1786827060.024833492] [fastlio_bridge_node]: 已桥接并转换里程计: ENU(0.32, -2.50, -0.08) -> NED(-2.50, 0.32, 0.08)
[fastlio_bridge_node-2] [INFO] [1786827060.030402230] [fastlio_bridge_node]: 已桥接并转换里程计: ENU(0.32, -2.50, -0.08) -> NED(-2.50, 0.32, 0.08)
[fastlio_bridge_node-2] [INFO] [1786827060.035779876] [fastlio_bridge_node]: 已桥接并转换里程计: ENU(0.32, -2.50, -0.08) -> NED(-2.50, 0.32, 0.08)
[fastlio_bridge_node-2] [INFO] [1786827060.038256736] [fastlio_bridge_node]: 已桥接并转换里程计: ENU(0.32, -2.50, -0.08) -> NED(-2.50, 0.32, 0.08)
[fastlio_bridge_node-2] [INFO] [1786827060.041194241] [fastlio_bridge_node]: 已桥接并转换里程计: ENU(0.32, -2.50, -0.08) -> NED(-2.50, 0.32, 0.08)
[ego_planner_node-10] [INFO] [1786827060.045531431] [race_ego_planner]: [EGO_OCCUPANCY_UPDATE] input_topic=grid_map/cloud input_frame=map occupancy_frame=map cloud_points=18475 local_points=9817 occupied_voxels=25544 camera=(0.324,-2.502,-0.076) local_index_bounds=[(47,30,0),(117,111,8)]
[fastlio_bridge_node-2] [INFO] [1786827060.045571990] [fastlio_bridge_node]: 已桥接并转换里程计: ENU(0.32, -2.50, -0.08) -> NED(-2.50, 0.32, 0.08)
[ego_planner_node-10] [FSM]: state: WAIT_TARGET
[ego_planner_node-10] wait for goal or trigger.
[fastlio_bridge_node-2] [INFO] [1786827060.051915276] [fastlio_bridge_node]: 已桥接并转换里程计: ENU(0.32, -2.50, -0.08) -> NED(-2.50, 0.32, 0.08)
[fastlio_bridge_node-2] [INFO] [1786827060.055805951] [fastlio_bridge_node]: 已桥接并转换里程计: ENU(0.32, -2.50, -0.08) -> NED(-2.50, 0.32, 0.08)
[fastlio_bridge_node-2] [INFO] [1786827060.063060347] [fastlio_bridge_node]: 已桥接并转换里程计: ENU(0.32, -2.50, -0.08) -> NED(-2.50, 0.32, 0.08)
[fastlio_bridge_node-2] [INFO] [1786827060.070184542] [fastlio_bridge_node]: 已桥接并转换里程计: ENU(0.32, -2.50, -0.08) -> NED(-2.50, 0.32, 0.08)
[fastlio_bridge_node-2] [INFO] [1786827060.074133691] [fastlio_bridge_node]: 已桥接并转换里程计: ENU(0.32, -2.50, -0.08) -> NED(-2.50, 0.32, 0.08)
[fastlio_bridge_node-2] [INFO] [1786827060.077216758] [fastlio_bridge_node]: 已桥接并转换里程计: ENU(0.32, -2.50, -0.08) -> NED(-2.50, 0.32, 0.08)
[fastlio_bridge_node-2] [INFO] [1786827060.082935312] [fastlio_bridge_node]: 已桥接并转换里程计: ENU(0.32, -2.50, -0.08) -> NED(-2.50, 0.32, 0.08)
[fastlio_bridge_node-2] [INFO] [1786827060.092439350] [fastlio_bridge_node]: 已桥接并转换里程计: ENU(0.32, -2.50, -0.08) -> NED(-2.50, 0.32, 0.08)
[fastlio_bridge_node-2] [INFO] [1786827060.094201189] [fastlio_bridge_node]: 已桥接并转换里程计: ENU(0.32, -2.50, -0.08) -> NED(-2.50, 0.32, 0.08)
[fastlio_bridge_node-2] [INFO] [1786827060.096835358] [fastlio_bridge_node]: 已桥接并转换里程计: ENU(0.32, -2.50, -0.08) -> NED(-2.50, 0.32, 0.08)
[super_planner_ros2_node-6] [INFO] [1786827060.149938302] [super_planner_ros2_node]: SUPER_ROS2 mode=IDLE enable_output=false reason=WAIT_ALTITUDE_REFERENCE odom=(0.32,-2.50,-0.08) goal=none tracking_setpoint_enu=(0.32,-2.50,-0.08) setpoint_ned=none yaw(desired/cmd/rate)=(0.00/0.00/0.00) cross_track=0.00 frame_id=px4_ned path_points=0 odom_source=/race/odom cloud_source=/saved_map mavros_connected=true
[race_ego_cloud_bridge-8] [INFO] [1786827060.230765929] [race_ego_cloud_bridge]: [EGO_MAP_INPUT] topic=/race/ego/cloud frame=map points=18115 source=static_live_px4 refresh_period=0.00s
[race_ego_trajectory_bridge-12] [INFO] [1786827060.238830681] [race_ego_trajectory_bridge]: [EGO_OCCUPANCY_MAP] topic=/race/ego/cloud frame=map raw_points=18115 map_age=0.008
[race_ego_cloud_bridge-8] [INFO] [1786827060.663938552] [race_ego_cloud_bridge]: [EGO_MAP_FUSION] static_points=11417 live_raw_points=17766 confirmed_live_voxels=6503 min_observations=2 memory_sec=1.00 fused_points=17920
[offboard_waypoint_node-1] [INFO] [1786827060.714824426] [offboard_waypoint_node]: [HOLD_ERROR] position_error=0.002 velocity=0.005 state=IDLE_HOLD
[rviz2-13] [INFO] [1786827060.715587992] [rviz2]: Message Filter dropping message: frame 'odom' at time 1786827059.281 for reason 'discarding message because the queue is full'
[offboard_waypoint_node-1] [INFO] [1786827061.016435900] [offboard_waypoint_node]: [CONTROL_ARBITER] selected_source=safety_hold state=IDLE_HOLD
[race_ego_cloud_bridge-8] [INFO] [1786827061.030588258] [race_ego_cloud_bridge]: [EGO_STATIC_MAP_READY] topic=/saved_map frame=map points=11417 fused=true
[super_planner_ros2_node-6] [INFO] [1786827061.150830465] [super_planner_ros2_node]: SUPER_ROS2 mode=IDLE enable_output=false reason=WAIT_ALTITUDE_REFERENCE odom=(0.32,-2.50,-0.07) goal=none tracking_setpoint_enu=(0.32,-2.50,-0.07) setpoint_ned=none yaw(desired/cmd/rate)=(0.00/0.00/0.00) cross_track=0.00 frame_id=px4_ned path_points=0 odom_source=/race/odom cloud_source=/saved_map mavros_connected=true
[ego_planner_node-10] [FSM]: state: WAIT_TARGET
[ego_planner_node-10] wait for goal or trigger.
[offboard_waypoint_node-1] [INFO] [1786827061.766674406] [offboard_waypoint_node]: [HOLD_ERROR] position_error=0.008 velocity=0.004 state=IDLE_HOLD
[fastlio_bridge_node-2] [INFO] [1786827062.003123478] [fastlio_bridge_node]: 已桥接并转换里程计: ENU(0.32, -2.50, -0.08) -> NED(-2.50, 0.32, 0.08)
[fastlio_bridge_node-2] [INFO] [1786827062.008349184] [fastlio_bridge_node]: 已桥接并转换里程计: ENU(0.32, -2.50, -0.08) -> NED(-2.50, 0.32, 0.08)
[fastlio_bridge_node-2] [INFO] [1786827062.014313538] [fastlio_bridge_node]: 已桥接并转换里程计: ENU(0.32, -2.50, -0.08) -> NED(-2.50, 0.32, 0.08)
[fastlio_bridge_node-2] [INFO] [1786827062.017545408] [fastlio_bridge_node]: 已桥接并转换里程计: ENU(0.32, -2.50, -0.08) -> NED(-2.50, 0.32, 0.08)
[fastlio_bridge_node-2] [INFO] [1786827062.021661945] [fastlio_bridge_node]: 已桥接并转换里程计: ENU(0.32, -2.50, -0.08) -> NED(-2.50, 0.32, 0.08)
[fastlio_bridge_node-2] [INFO] [1786827062.027021491] [fastlio_bridge_node]: 已桥接并转换里程计: ENU(0.32, -2.50, -0.08) -> NED(-2.50, 0.32, 0.08)
[fastlio_bridge_node-2] [INFO] [1786827062.035950768] [fastlio_bridge_node]: 已桥接并转换里程计: ENU(0.32, -2.50, -0.08) -> NED(-2.50, 0.32, 0.08)
[fastlio_bridge_node-2] [INFO] [1786827062.037936482] [fastlio_bridge_node]: 已桥接并转换里程计: ENU(0.32, -2.50, -0.08) -> NED(-2.50, 0.32, 0.08)
[fastlio_bridge_node-2] [INFO] [1786827062.041194601] [fastlio_bridge_node]: 已桥接并转换里程计: ENU(0.32, -2.50, -0.08) -> NED(-2.50, 0.32, 0.08)
[fastlio_bridge_node-2] [INFO] [1786827062.044856842] [fastlio_bridge_node]: 已桥接并转换里程计: ENU(0.32, -2.50, -0.08) -> NED(-2.50, 0.32, 0.08)
[fastlio_bridge_node-2] [INFO] [1786827062.052065750] [fastlio_bridge_node]: 已桥接并转换里程计: ENU(0.32, -2.50, -0.08) -> NED(-2.50, 0.32, 0.08)
[fastlio_bridge_node-2] [INFO] [1786827062.055776901] [fastlio_bridge_node]: 已桥接并转换里程计: ENU(0.32, -2.50, -0.08) -> NED(-2.50, 0.32, 0.08)
[fastlio_bridge_node-2] [INFO] [1786827062.064288464] [fastlio_bridge_node]: 已桥接并转换里程计: ENU(0.32, -2.50, -0.08) -> NED(-2.50, 0.32, 0.08)
[offboard_waypoint_node-1] [INFO] [1786827062.064578309] [offboard_waypoint_node]: [CONTROL_ARBITER] selected_source=safety_hold state=IDLE_HOLD
[fastlio_bridge_node-2] [INFO] [1786827062.066341458] [fastlio_bridge_node]: 已桥接并转换里程计: ENU(0.32, -2.50, -0.08) -> NED(-2.50, 0.32, 0.08)
[fastlio_bridge_node-2] [INFO] [1786827062.073933340] [fastlio_bridge_node]: 已桥接并转换里程计: ENU(0.32, -2.50, -0.08) -> NED(-2.50, 0.32, 0.08)
[fastlio_bridge_node-2] [INFO] [1786827062.078578054] [fastlio_bridge_node]: 已桥接并转换里程计: ENU(0.32, -2.50, -0.08) -> NED(-2.50, 0.32, 0.08)
[fastlio_bridge_node-2] [INFO] [1786827062.082082960] [fastlio_bridge_node]: 已桥接并转换里程计: ENU(0.32, -2.50, -0.08) -> NED(-2.50, 0.32, 0.08)
[fastlio_bridge_node-2] [INFO] [1786827062.086339538] [fastlio_bridge_node]: 已桥接并转换里程计: ENU(0.32, -2.50, -0.08) -> NED(-2.50, 0.32, 0.08)
[fastlio_bridge_node-2] [INFO] [1786827062.092716834] [fastlio_bridge_node]: 已桥接并转换里程计: ENU(0.32, -2.50, -0.08) -> NED(-2.50, 0.32, 0.08)
[fastlio_bridge_node-2] [INFO] [1786827062.095972967] [fastlio_bridge_node]: 已桥接并转换里程计: ENU(0.32, -2.50, -0.08) -> NED(-2.50, 0.32, 0.08)
[ego_planner_node-10] [INFO] [1786827062.139074424] [race_ego_planner]: [EGO_OCCUPANCY_UPDATE] input_topic=grid_map/cloud input_frame=map occupancy_frame=map cloud_points=16895 local_points=9369 occupied_voxels=25284 camera=(0.324,-2.505,-0.076) local_index_bounds=[(47,30,0),(117,111,8)]
[super_planner_ros2_node-6] [INFO] [1786827062.200140411] [super_planner_ros2_node]: SUPER_ROS2 mode=IDLE enable_output=false reason=WAIT_ALTITUDE_REFERENCE odom=(0.32,-2.50,-0.08) goal=none tracking_setpoint_enu=(0.32,-2.50,-0.08) setpoint_ned=none yaw(desired/cmd/rate)=(0.00/0.00/0.00) cross_track=0.00 frame_id=px4_ned path_points=0 odom_source=/race/odom cloud_source=/saved_map mavros_connected=true
[race_ego_cloud_bridge-8] [INFO] [1786827062.323459737] [race_ego_cloud_bridge]: [EGO_MAP_INPUT] topic=/race/ego/cloud frame=map points=17217 source=static_live_px4 refresh_period=0.00s
[race_ego_trajectory_bridge-12] [INFO] [1786827062.332688485] [race_ego_trajectory_bridge]: [EGO_OCCUPANCY_MAP] topic=/race/ego/cloud frame=map raw_points=17217 map_age=0.009
[ego_planner_node-10] [FSM]: state: WAIT_TARGET
[ego_planner_node-10] wait for goal or trigger.
[race_ego_cloud_bridge-8] [INFO] [1786827062.706274124] [race_ego_cloud_bridge]: [EGO_MAP_FUSION] static_points=11417 live_raw_points=17761 confirmed_live_voxels=5589 min_observations=2 memory_sec=1.00 fused_points=17006
[offboard_waypoint_node-1] [INFO] [1786827062.814640243] [offboard_waypoint_node]: [HOLD_ERROR] position_error=0.003 velocity=0.007 state=IDLE_HOLD
[race_ego_cloud_bridge-8] [INFO] [1786827063.029913616] [race_ego_cloud_bridge]: [EGO_STATIC_MAP_READY] topic=/saved_map frame=map points=11417 fused=true
[offboard_waypoint_node-1] [INFO] [1786827063.064694365] [offboard_waypoint_node]: [CONTROL_ARBITER] selected_source=safety_hold state=IDLE_HOLD
[rviz2-13] [INFO] [1786827063.221184783] [rviz2]: Message Filter dropping message: frame 'odom' at time 1786827062.081 for reason 'discarding message because the queue is full'
[super_planner_ros2_node-6] [INFO] [1786827063.249766870] [super_planner_ros2_node]: SUPER_ROS2 mode=IDLE enable_output=false reason=WAIT_ALTITUDE_REFERENCE odom=(0.32,-2.50,-0.08) goal=none tracking_setpoint_enu=(0.32,-2.50,-0.08) setpoint_ned=none yaw(desired/cmd/rate)=(0.00/0.00/0.00) cross_track=0.00 frame_id=px4_ned path_points=0 odom_source=/race/odom cloud_source=/saved_map mavros_connected=true
[ego_planner_node-10] [FSM]: state: WAIT_TARGET
[ego_planner_node-10] wait for goal or trigger.
[offboard_waypoint_node-1] [INFO] [1786827063.821112384] [offboard_waypoint_node]: [HOLD_ERROR] position_error=0.002 velocity=0.006 state=IDLE_HOLD
[fastlio_bridge_node-2] [INFO] [1786827064.005316874] [fastlio_bridge_node]: 已桥接并转换里程计: ENU(0.32, -2.50, -0.07) -> NED(-2.50, 0.32, 0.07)
[fastlio_bridge_node-2] [INFO] [1786827064.010840283] [fastlio_bridge_node]: 已桥接并转换里程计: ENU(0.32, -2.50, -0.07) -> NED(-2.50, 0.32, 0.07)
[fastlio_bridge_node-2] [INFO] [1786827064.015556769] [fastlio_bridge_node]: 已桥接并转换里程计: ENU(0.32, -2.50, -0.07) -> NED(-2.50, 0.32, 0.07)
[fastlio_bridge_node-2] [INFO] [1786827064.020148249] [fastlio_bridge_node]: 已桥接并转换里程计: ENU(0.32, -2.50, -0.07) -> NED(-2.50, 0.32, 0.07)
[fastlio_bridge_node-2] [INFO] [1786827064.024192327] [fastlio_bridge_node]: 已桥接并转换里程计: ENU(0.32, -2.50, -0.07) -> NED(-2.50, 0.32, 0.07)
[fastlio_bridge_node-2] [INFO] [1786827064.028910585] [fastlio_bridge_node]: 已桥接并转换里程计: ENU(0.32, -2.50, -0.07) -> NED(-2.50, 0.32, 0.07)
[fastlio_bridge_node-2] [INFO] [1786827064.032432320] [fastlio_bridge_node]: 已桥接并转换里程计: ENU(0.32, -2.50, -0.07) -> NED(-2.50, 0.32, 0.07)
[fastlio_bridge_node-2] [INFO] [1786827064.043875803] [fastlio_bridge_node]: 已桥接并转换里程计: ENU(0.32, -2.50, -0.07) -> NED(-2.50, 0.32, 0.07)
[fastlio_bridge_node-2] [INFO] [1786827064.061985017] [fastlio_bridge_node]: 已桥接并转换里程计: ENU(0.32, -2.50, -0.07) -> NED(-2.50, 0.32, 0.07)
[offboard_waypoint_node-1] [INFO] [1786827064.065530423] [offboard_waypoint_node]: [CONTROL_ARBITER] selected_source=safety_hold state=IDLE_HOLD
[fastlio_bridge_node-2] [INFO] [1786827064.071499233] [fastlio_bridge_node]: 已桥接并转换里程计: ENU(0.32, -2.50, -0.07) -> NED(-2.50, 0.32, 0.07)
[fastlio_bridge_node-2] [INFO] [1786827064.079905103] [fastlio_bridge_node]: 已桥接并转换里程计: ENU(0.32, -2.50, -0.07) -> NED(-2.50, 0.32, 0.07)
[fastlio_bridge_node-2] [INFO] [1786827064.089224651] [fastlio_bridge_node]: 已桥接并转换里程计: ENU(0.32, -2.50, -0.07) -> NED(-2.50, 0.32, 0.07)
[fastlio_bridge_node-2] [INFO] [1786827064.097308949] [fastlio_bridge_node]: 已桥接并转换里程计: ENU(0.32, -2.50, -0.07) -> NED(-2.50, 0.32, 0.07)
[super_planner_ros2_node-6] [INFO] [1786827064.257009656] [super_planner_ros2_node]: SUPER_ROS2 mode=IDLE enable_output=false reason=WAIT_ALTITUDE_REFERENCE odom=(0.32,-2.50,-0.07) goal=none tracking_setpoint_enu=(0.32,-2.50,-0.07) setpoint_ned=none yaw(desired/cmd/rate)=(0.00/0.00/0.00) cross_track=0.00 frame_id=px4_ned path_points=0 odom_source=/race/odom cloud_source=/saved_map mavros_connected=true
[ego_planner_node-10] [INFO] [1786827064.327829300] [race_ego_planner]: [EGO_OCCUPANCY_UPDATE] input_topic=grid_map/cloud input_frame=map occupancy_frame=map cloud_points=17511 local_points=9737 occupied_voxels=25387 camera=(0.323,-2.504,-0.069) local_index_bounds=[(47,30,0),(117,111,8)]
[race_ego_cloud_bridge-8] [INFO] [1786827064.381062048] [race_ego_cloud_bridge]: [EGO_MAP_INPUT] topic=/race/ego/cloud frame=map points=17315 source=static_live_px4 refresh_period=0.00s
[race_ego_trajectory_bridge-12] [INFO] [1786827064.391612158] [race_ego_trajectory_bridge]: [EGO_OCCUPANCY_MAP] topic=/race/ego/cloud frame=map raw_points=17315 map_age=0.012
[race_ego_cloud_bridge-8] [INFO] [1786827064.719599530] [race_ego_cloud_bridge]: [EGO_MAP_FUSION] static_points=11417 live_raw_points=20641 confirmed_live_voxels=6492 min_observations=2 memory_sec=1.00 fused_points=17909
[offboard_waypoint_node-1] [INFO] [1786827064.864849233] [offboard_waypoint_node]: [HOLD_ERROR] position_error=0.010 velocity=0.009 state=IDLE_HOLD
[race_ego_cloud_bridge-8] [INFO] [1786827065.032443348] [race_ego_cloud_bridge]: [EGO_STATIC_MAP_READY] topic=/saved_map frame=map points=11417 fused=true
[ego_planner_node-10] [FSM]: state: WAIT_TARGET
[ego_planner_node-10] wait for goal or trigger.
[offboard_waypoint_node-1] [INFO] [1786827065.114993298] [offboard_waypoint_node]: [CONTROL_ARBITER] selected_source=safety_hold state=IDLE_HOLD
[super_planner_ros2_node-6] [INFO] [1786827065.300654417] [super_planner_ros2_node]: SUPER_ROS2 mode=IDLE enable_output=false reason=WAIT_ALTITUDE_REFERENCE odom=(0.32,-2.50,-0.08) goal=none tracking_setpoint_enu=(0.32,-2.50,-0.08) setpoint_ned=none yaw(desired/cmd/rate)=(0.00/0.00/0.00) cross_track=0.00 frame_id=px4_ned path_points=0 odom_source=/race/odom cloud_source=/saved_map mavros_connected=true
[rviz2-13] [INFO] [1786827065.759248051] [rviz2]: Message Filter dropping message: frame 'odom' at time 1786827064.481 for reason 'discarding message because the queue is full'
[offboard_waypoint_node-1] [INFO] [1786827065.915000916] [offboard_waypoint_node]: [HOLD_ERROR] position_error=0.004 velocity=0.007 state=IDLE_HOLD
[fastlio_bridge_node-2] [INFO] [1786827066.001790621] [fastlio_bridge_node]: 已桥接并转换里程计: ENU(0.32, -2.50, -0.08) -> NED(-2.50, 0.32, 0.08)
[fastlio_bridge_node-2] [INFO] [1786827066.006692877] [fastlio_bridge_node]: 已桥接并转换里程计: ENU(0.32, -2.50, -0.08) -> NED(-2.50, 0.32, 0.08)
[fastlio_bridge_node-2] [INFO] [1786827066.016834892] [fastlio_bridge_node]: 已桥接并转换里程计: ENU(0.32, -2.50, -0.08) -> NED(-2.50, 0.32, 0.08)
[fastlio_bridge_node-2] [INFO] [1786827066.023695772] [fastlio_bridge_node]: 已桥接并转换里程计: ENU(0.32, -2.50, -0.08) -> NED(-2.50, 0.32, 0.08)
[fastlio_bridge_node-2] [INFO] [1786827066.026207344] [fastlio_bridge_node]: 已桥接并转换里程计: ENU(0.32, -2.50, -0.08) -> NED(-2.50, 0.32, 0.08)
[fastlio_bridge_node-2] [INFO] [1786827066.032650848] [fastlio_bridge_node]: 已桥接并转换里程计: ENU(0.32, -2.50, -0.08) -> NED(-2.50, 0.32, 0.08)
[fastlio_bridge_node-2] [INFO] [1786827066.037870951] [fastlio_bridge_node]: 已桥接并转换里程计: ENU(0.32, -2.50, -0.08) -> NED(-2.50, 0.32, 0.08)
[fastlio_bridge_node-2] [INFO] [1786827066.044067727] [fastlio_bridge_node]: 已桥接并转换里程计: ENU(0.32, -2.50, -0.08) -> NED(-2.50, 0.32, 0.08)
[fastlio_bridge_node-2] [INFO] [1786827066.047991027] [fastlio_bridge_node]: 已桥接并转换里程计: ENU(0.32, -2.50, -0.08) -> NED(-2.50, 0.32, 0.08)
[fastlio_bridge_node-2] [INFO] [1786827066.053042677] [fastlio_bridge_node]: 已桥接并转换里程计: ENU(0.32, -2.50, -0.08) -> NED(-2.50, 0.32, 0.08)
[fastlio_bridge_node-2] [INFO] [1786827066.055366339] [fastlio_bridge_node]: 已桥接并转换里程计: ENU(0.32, -2.50, -0.08) -> NED(-2.50, 0.32, 0.08)
[fastlio_bridge_node-2] [INFO] [1786827066.061254565] [fastlio_bridge_node]: 已桥接并转换里程计: ENU(0.32, -2.50, -0.08) -> NED(-2.50, 0.32, 0.08)
[fastlio_bridge_node-2] [INFO] [1786827066.066523112] [fastlio_bridge_node]: 已桥接并转换里程计: ENU(0.32, -2.50, -0.08) -> NED(-2.50, 0.32, 0.08)
[fastlio_bridge_node-2] [INFO] [1786827066.072743106] [fastlio_bridge_node]: 已桥接并转换里程计: ENU(0.32, -2.50, -0.08) -> NED(-2.50, 0.32, 0.08)
[fastlio_bridge_node-2] [INFO] [1786827066.077775483] [fastlio_bridge_node]: 已桥接并转换里程计: ENU(0.32, -2.50, -0.08) -> NED(-2.50, 0.32, 0.08)
[fastlio_bridge_node-2] [INFO] [1786827066.082615828] [fastlio_bridge_node]: 已桥接并转换里程计: ENU(0.32, -2.50, -0.08) -> NED(-2.50, 0.32, 0.08)
[fastlio_bridge_node-2] [INFO] [1786827066.085897269] [fastlio_bridge_node]: 已桥接并转换里程计: ENU(0.32, -2.50, -0.08) -> NED(-2.50, 0.32, 0.08)
[fastlio_bridge_node-2] [INFO] [1786827066.097032539] [fastlio_bridge_node]: 已桥接并转换里程计: ENU(0.32, -2.50, -0.08) -> NED(-2.50, 0.32, 0.08)
[offboard_waypoint_node-1] [INFO] [1786827066.165762236] [offboard_waypoint_node]: [CONTROL_ARBITER] selected_source=safety_hold state=IDLE_HOLD
[ego_planner_node-10] [FSM]: state: WAIT_TARGET
[ego_planner_node-10] wait for goal or trigger.
[ego_planner_node-10] [INFO] [1786827066.336099329] [race_ego_planner]: [EGO_OCCUPANCY_UPDATE] input_topic=grid_map/cloud input_frame=map occupancy_frame=map cloud_points=17904 local_points=9759 occupied_voxels=25491 camera=(0.322,-2.503,-0.076) local_index_bounds=[(47,30,0),(117,111,8)]
[super_planner_ros2_node-6] [INFO] [1786827066.350022987] [super_planner_ros2_node]: SUPER_ROS2 mode=IDLE enable_output=false reason=WAIT_ALTITUDE_REFERENCE odom=(0.32,-2.50,-0.08) goal=none tracking_setpoint_enu=(0.32,-2.50,-0.08) setpoint_ned=none yaw(desired/cmd/rate)=(0.00/0.00/0.00) cross_track=0.00 frame_id=px4_ned path_points=0 odom_source=/race/odom cloud_source=/saved_map mavros_connected=true
[race_ego_cloud_bridge-8] [INFO] [1786827066.529235024] [race_ego_cloud_bridge]: [EGO_MAP_INPUT] topic=/race/ego/cloud frame=map points=17948 source=static_live_px4 refresh_period=0.00s
[race_ego_trajectory_bridge-12] [INFO] [1786827066.538886891] [race_ego_trajectory_bridge]: [EGO_OCCUPANCY_MAP] topic=/race/ego/cloud frame=map raw_points=17948 map_age=0.010
[offboard_waypoint_node-1] [INFO] [1786827066.928030688] [offboard_waypoint_node]: [HOLD_ERROR] position_error=0.002 velocity=0.002 state=IDLE_HOLD
[race_ego_cloud_bridge-8] [INFO] [1786827066.944091599] [race_ego_cloud_bridge]: [EGO_MAP_FUSION] static_points=11417 live_raw_points=14806 confirmed_live_voxels=5677 min_observations=2 memory_sec=1.00 fused_points=17094
[race_ego_cloud_bridge-8] [INFO] [1786827067.031876529] [race_ego_cloud_bridge]: [EGO_STATIC_MAP_READY] topic=/saved_map frame=map points=11417 fused=true
[offboard_waypoint_node-1] [INFO] [1786827067.217085428] [offboard_waypoint_node]: [CONTROL_ARBITER] selected_source=safety_hold state=IDLE_HOLD
[ego_planner_node-10] [FSM]: state: WAIT_TARGET
[ego_planner_node-10] wait for goal or trigger.
[super_planner_ros2_node-6] [INFO] [1786827067.351224042] [super_planner_ros2_node]: SUPER_ROS2 mode=IDLE enable_output=false reason=WAIT_ALTITUDE_REFERENCE odom=(0.32,-2.50,-0.07) goal=none tracking_setpoint_enu=(0.32,-2.50,-0.07) setpoint_ned=none yaw(desired/cmd/rate)=(0.00/0.00/0.00) cross_track=0.00 frame_id=px4_ned path_points=0 odom_source=/race/odom cloud_source=/saved_map mavros_connected=true
[offboard_waypoint_node-1] [INFO] [1786827067.798956443] [offboard_waypoint_node]: [EV_HEALTH] state=SUSPECT continuous_healthy=0.00s
[offboard_waypoint_node-1] [INFO] [1786827067.965457602] [offboard_waypoint_node]: [HOLD_ERROR] position_error=0.006 velocity=0.005 state=IDLE_HOLD
[fastlio_bridge_node-2] [INFO] [1786827068.008135250] [fastlio_bridge_node]: 已桥接并转换里程计: ENU(0.32, -2.50, -0.08) -> NED(-2.50, 0.32, 0.08)
[fastlio_bridge_node-2] [INFO] [1786827068.011151606] [fastlio_bridge_node]: 已桥接并转换里程计: ENU(0.32, -2.50, -0.08) -> NED(-2.50, 0.32, 0.08)
[fastlio_bridge_node-2] [INFO] [1786827068.018036164] [fastlio_bridge_node]: 已桥接并转换里程计: ENU(0.32, -2.50, -0.08) -> NED(-2.50, 0.32, 0.08)
[fastlio_bridge_node-2] [INFO] [1786827068.020760502] [fastlio_bridge_node]: 已桥接并转换里程计: ENU(0.32, -2.50, -0.08) -> NED(-2.50, 0.32, 0.08)
[fastlio_bridge_node-2] [INFO] [1786827068.021760521] [fastlio_bridge_node]: 已桥接并转换里程计: ENU(0.32, -2.50, -0.08) -> NED(-2.50, 0.32, 0.08)
[fastlio_bridge_node-2] [INFO] [1786827068.027594387] [fastlio_bridge_node]: 已桥接并转换里程计: ENU(0.32, -2.50, -0.08) -> NED(-2.50, 0.32, 0.08)
[fastlio_bridge_node-2] [INFO] [1786827068.032408107] [fastlio_bridge_node]: 已桥接并转换里程计: ENU(0.32, -2.50, -0.08) -> NED(-2.50, 0.32, 0.08)
[fastlio_bridge_node-2] [INFO] [1786827068.037270375] [fastlio_bridge_node]: 已桥接并转换里程计: ENU(0.32, -2.50, -0.08) -> NED(-2.50, 0.32, 0.08)
[fastlio_bridge_node-2] [INFO] [1786827068.041925507] [fastlio_bridge_node]: 已桥接并转换里程计: ENU(0.32, -2.50, -0.08) -> NED(-2.50, 0.32, 0.08)
[fastlio_bridge_node-2] [INFO] [1786827068.046681667] [fastlio_bridge_node]: 已桥接并转换里程计: ENU(0.32, -2.50, -0.08) -> NED(-2.50, 0.32, 0.08)
[fastlio_bridge_node-2] [INFO] [1786827068.051861643] [fastlio_bridge_node]: 已桥接并转换里程计: ENU(0.32, -2.50, -0.08) -> NED(-2.50, 0.32, 0.08)
[fastlio_bridge_node-2] [INFO] [1786827068.055950153] [fastlio_bridge_node]: 已桥接并转换里程计: ENU(0.32, -2.50, -0.08) -> NED(-2.50, 0.32, 0.08)
[fastlio_bridge_node-2] [INFO] [1786827068.061640750] [fastlio_bridge_node]: 已桥接并转换里程计: ENU(0.32, -2.50, -0.08) -> NED(-2.50, 0.32, 0.08)
[fastlio_bridge_node-2] [INFO] [1786827068.067127159] [fastlio_bridge_node]: 已桥接并转换里程计: ENU(0.32, -2.50, -0.08) -> NED(-2.50, 0.32, 0.08)
[fastlio_bridge_node-2] [INFO] [1786827068.073365427] [fastlio_bridge_node]: 已桥接并转换里程计: ENU(0.32, -2.50, -0.08) -> NED(-2.50, 0.32, 0.08)
[fastlio_bridge_node-2] [INFO] [1786827068.078004912] [fastlio_bridge_node]: 已桥接并转换里程计: ENU(0.32, -2.50, -0.08) -> NED(-2.50, 0.32, 0.08)
[fastlio_bridge_node-2] [INFO] [1786827068.083903108] [fastlio_bridge_node]: 已桥接并转换里程计: ENU(0.32, -2.50, -0.08) -> NED(-2.50, 0.32, 0.08)
[fastlio_bridge_node-2] [INFO] [1786827068.085859443] [fastlio_bridge_node]: 已桥接并转换里程计: ENU(0.32, -2.50, -0.08) -> NED(-2.50, 0.32, 0.08)
[fastlio_bridge_node-2] [INFO] [1786827068.092934196] [fastlio_bridge_node]: 已桥接并转换里程计: ENU(0.32, -2.50, -0.08) -> NED(-2.50, 0.32, 0.08)
[fastlio_bridge_node-2] [INFO] [1786827068.097722839] [fastlio_bridge_node]: 已桥接并转换里程计: ENU(0.32, -2.50, -0.08) -> NED(-2.50, 0.32, 0.08)
[offboard_waypoint_node-1] [INFO] [1786827068.265017779] [offboard_waypoint_node]: [CONTROL_ARBITER] selected_source=safety_hold state=IDLE_HOLD
[rviz2-13] [INFO] [1786827068.280228136] [rviz2]: Message Filter dropping message: frame 'odom' at time 1786827067.181 for reason 'discarding message because the queue is full'
[super_planner_ros2_node-6] [INFO] [1786827068.400057774] [super_planner_ros2_node]: SUPER_ROS2 mode=IDLE enable_output=false reason=WAIT_ALTITUDE_REFERENCE odom=(0.32,-2.50,-0.08) goal=none tracking_setpoint_enu=(0.32,-2.50,-0.08) setpoint_ned=none yaw(desired/cmd/rate)=(0.00/0.00/0.00) cross_track=0.00 frame_id=px4_ned path_points=0 odom_source=/race/odom cloud_source=/saved_map mavros_connected=true
[ego_planner_node-10] [INFO] [1786827068.437370237] [race_ego_planner]: [EGO_OCCUPANCY_UPDATE] input_topic=grid_map/cloud input_frame=map occupancy_frame=map cloud_points=17295 local_points=9546 occupied_voxels=25339 camera=(0.324,-2.503,-0.076) local_index_bounds=[(47,30,0),(117,111,8)]
[ego_planner_node-10] [FSM]: state: WAIT_TARGET
[ego_planner_node-10] wait for goal or trigger.
[race_ego_cloud_bridge-8] [INFO] [1786827068.620076858] [race_ego_cloud_bridge]: [EGO_MAP_INPUT] topic=/race/ego/cloud frame=map points=17306 source=static_live_px4 refresh_period=0.00s
[race_ego_trajectory_bridge-12] [INFO] [1786827068.627732606] [race_ego_trajectory_bridge]: [EGO_OCCUPANCY_MAP] topic=/race/ego/cloud frame=map raw_points=17306 map_age=0.008
[offboard_waypoint_node-1] [INFO] [1786827069.014941855] [offboard_waypoint_node]: [HOLD_ERROR] position_error=0.008 velocity=0.012 state=IDLE_HOLD
[race_ego_cloud_bridge-8] [INFO] [1786827069.027725035] [race_ego_cloud_bridge]: [EGO_MAP_FUSION] static_points=11417 live_raw_points=14858 confirmed_live_voxels=5454 min_observations=2 memory_sec=1.00 fused_points=16871
[race_ego_cloud_bridge-8] [INFO] [1786827069.028760639] [race_ego_cloud_bridge]: [EGO_STATIC_MAP_READY] topic=/saved_map frame=map points=11417 fused=true
[offboard_waypoint_node-1] [INFO] [1786827069.316685629] [offboard_waypoint_node]: [CONTROL_ARBITER] selected_source=safety_hold state=IDLE_HOLD
[super_planner_ros2_node-6] [INFO] [1786827069.400466630] [super_planner_ros2_node]: SUPER_ROS2 mode=IDLE enable_output=false reason=WAIT_ALTITUDE_REFERENCE odom=(0.32,-2.50,-0.08) goal=none tracking_setpoint_enu=(0.32,-2.50,-0.08) setpoint_ned=none yaw(desired/cmd/rate)=(0.00/0.00/0.00) cross_track=0.00 frame_id=px4_ned path_points=0 odom_source=/race/odom cloud_source=/saved_map mavros_connected=true
[ego_planner_node-10] [FSM]: state: WAIT_TARGET
[ego_planner_node-10] wait for goal or trigger.
[fastlio_bridge_node-2] [INFO] [1786827070.002076911] [fastlio_bridge_node]: 已桥接并转换里程计: ENU(0.32, -2.50, -0.08) -> NED(-2.50, 0.32, 0.08)
[fastlio_bridge_node-2] [INFO] [1786827070.019558471] [fastlio_bridge_node]: 已桥接并转换里程计: ENU(0.32, -2.50, -0.08) -> NED(-2.50, 0.32, 0.08)
[offboard_waypoint_node-1] [INFO] [1786827070.028437710] [offboard_waypoint_node]: [HOLD_ERROR] position_error=0.008 velocity=0.008 state=IDLE_HOLD
[offboard_waypoint_node-1] [INFO] [1786827070.042880616] [offboard_waypoint_node]: [EV_HEALTH] state=HEALTHY continuous_healthy=0.00s
[fastlio_bridge_node-2] [INFO] [1786827070.034750241] [fastlio_bridge_node]: 已桥接并转换里程计: ENU(0.32, -2.50, -0.08) -> NED(-2.50, 0.32, 0.08)
[fastlio_bridge_node-2] [INFO] [1786827070.044639601] [fastlio_bridge_node]: 已桥接并转换里程计: ENU(0.32, -2.50, -0.08) -> NED(-2.50, 0.32, 0.08)
[fastlio_bridge_node-2] [INFO] [1786827070.044976846] [fastlio_bridge_node]: 已桥接并转换里程计: ENU(0.32, -2.50, -0.08) -> NED(-2.50, 0.32, 0.08)
[fastlio_bridge_node-2] [INFO] [1786827070.052868361] [fastlio_bridge_node]: 已桥接并转换里程计: ENU(0.32, -2.50, -0.08) -> NED(-2.50, 0.32, 0.08)
[fastlio_bridge_node-2] [INFO] [1786827070.055574662] [fastlio_bridge_node]: 已桥接并转换里程计: ENU(0.32, -2.50, -0.08) -> NED(-2.50, 0.32, 0.08)
[fastlio_bridge_node-2] [INFO] [1786827070.058756948] [fastlio_bridge_node]: 已桥接并转换里程计: ENU(0.32, -2.50, -0.08) -> NED(-2.50, 0.32, 0.08)
[fastlio_bridge_node-2] [INFO] [1786827070.069694546] [fastlio_bridge_node]: 已桥接并转换里程计: ENU(0.32, -2.50, -0.08) -> NED(-2.50, 0.32, 0.08)
[fastlio_bridge_node-2] [INFO] [1786827070.069968625] [fastlio_bridge_node]: 已桥接并转换里程计: ENU(0.32, -2.50, -0.08) -> NED(-2.50, 0.32, 0.08)
[fastlio_bridge_node-2] [INFO] [1786827070.076509041] [fastlio_bridge_node]: 已桥接并转换里程计: ENU(0.32, -2.50, -0.08) -> NED(-2.50, 0.32, 0.08)
[fastlio_bridge_node-2] [INFO] [1786827070.089342515] [fastlio_bridge_node]: 已桥接并转换里程计: ENU(0.32, -2.50, -0.07) -> NED(-2.50, 0.32, 0.07)
[fastlio_bridge_node-2] [INFO] [1786827070.089707777] [fastlio_bridge_node]: 已桥接并转换里程计: ENU(0.32, -2.50, -0.07) -> NED(-2.50, 0.32, 0.07)
[fastlio_bridge_node-2] [INFO] [1786827070.097650486] [fastlio_bridge_node]: 已桥接并转换里程计: ENU(0.32, -2.50, -0.07) -> NED(-2.50, 0.32, 0.07)
[offboard_waypoint_node-1] [INFO] [1786827070.366197679] [offboard_waypoint_node]: [CONTROL_ARBITER] selected_source=safety_hold state=IDLE_HOLD
[super_planner_ros2_node-6] [INFO] [1786827070.410138719] [super_planner_ros2_node]: SUPER_ROS2 mode=IDLE enable_output=false reason=WAIT_ALTITUDE_REFERENCE odom=(0.32,-2.50,-0.07) goal=none tracking_setpoint_enu=(0.32,-2.50,-0.07) setpoint_ned=none yaw(desired/cmd/rate)=(0.00/0.00/0.00) cross_track=0.00 frame_id=px4_ned path_points=0 odom_source=/race/odom cloud_source=/saved_map mavros_connected=true
[ego_planner_node-10] [INFO] [1786827070.550522748] [race_ego_planner]: [EGO_OCCUPANCY_UPDATE] input_topic=grid_map/cloud input_frame=map occupancy_frame=map cloud_points=17294 local_points=9479 occupied_voxels=25456 camera=(0.325,-2.502,-0.071) local_index_bounds=[(47,30,0),(117,111,8)]
[race_ego_cloud_bridge-8] [INFO] [1786827070.812850287] [race_ego_cloud_bridge]: [EGO_MAP_INPUT] topic=/race/ego/cloud frame=map points=16653 source=static_live_px4 refresh_period=0.00s
[race_ego_trajectory_bridge-12] [INFO] [1786827070.818137603] [race_ego_trajectory_bridge]: [EGO_OCCUPANCY_MAP] topic=/race/ego/cloud frame=map raw_points=16653 map_age=0.005
[ego_planner_node-10] [FSM]: state: WAIT_TARGET
[ego_planner_node-10] wait for goal or trigger.
[rviz2-13] [INFO] [1786827070.838041342] [rviz2]: Message Filter dropping message: frame 'odom' at time 1786827069.381 for reason 'discarding message because the queue is full'
[race_ego_cloud_bridge-8] [INFO] [1786827071.033387976] [race_ego_cloud_bridge]: [EGO_STATIC_MAP_READY] topic=/saved_map frame=map points=11417 fused=true
[offboard_waypoint_node-1] [INFO] [1786827071.065176456] [offboard_waypoint_node]: [HOLD_ERROR] position_error=0.012 velocity=0.008 state=IDLE_HOLD
[offboard_waypoint_node-1] [WARN] [1786827071.098559445] [offboard_waypoint_node]: [FLIGHT_ALTITUDE_REFERENCE_LOCKED] flight_id=1 ground_local_ned=0.067 target_local_ned=-0.683 ground_map=-0.058 target_map=0.692 target_agl=0.750
[offboard_waypoint_node-1] [WARN] [1786827071.098679276] [offboard_waypoint_node]: [HOLD_POSITION] x=-2.499 y=0.328 z=-0.683 yaw=-1.886 reason=takeoff XY lock
[offboard_waypoint_node-1] [INFO] [1786827071.098700298] [offboard_waypoint_node]: [OFFBOARD_TAKEOFF_TRANSITION] from=0 to=1 current_position=(-2.499,0.328,0.067) takeoff_target=(-2.499,0.328,-0.683) reason=takeoff_service
[super_planner_ros2_node-6] [WARN] [1786827071.099156091] [super_planner_ros2_node]: [SUPER_ALTITUDE_REFERENCE_ACCEPTED] flight_id=1 ground_map=-0.058 target_map=0.692 target_agl=0.750
[race_ego_trajectory_bridge-12] [WARN] [1786827071.100167789] [race_ego_trajectory_bridge]: [BRIDGE_ALTITUDE_REFERENCE_ACCEPTED] flight_id=1 ground_map=-0.058 target_map=0.692
[race_ego_goal_bridge-9] [WARN] [1786827071.100165063] [race_ego_goal_bridge]: [GOAL_BRIDGE_ALTITUDE_REFERENCE_ACCEPTED] flight_id=1 ground_map=-0.058 target_map=0.692
[ego_planner_node-10] [WARN] [1786827071.101220482] [race_ego_planner]: [EGO_ALTITUDE_REFERENCE_ACCEPTED] flight_id=1 ground_map=-0.058 target_map=0.692 bounds_z=[0.442,0.842]
[race_ego_trajectory_bridge-12] [INFO] [1786827071.142744661] [race_ego_trajectory_bridge]: [EGO_STATUS] state=WAIT_GOAL control_enabled=true map=ready odom=ready goal=missing trajectory=missing
[race_ego_cloud_bridge-8] [INFO] [1786827071.169736636] [race_ego_cloud_bridge]: [EGO_MAP_FUSION] static_points=11417 live_raw_points=17750 confirmed_live_voxels=5679 min_observations=2 memory_sec=1.00 fused_points=17096
[offboard_waypoint_node-1] [INFO] [1786827071.417401182] [offboard_waypoint_node]: [CONTROL_ARBITER] selected_source=safety_hold state=IDLE_HOLD
[super_planner_ros2_node-6] [INFO] [1786827071.450354222] [super_planner_ros2_node]: SUPER_ROS2 mode=IDLE enable_output=false reason=NO_GOAL odom=(0.32,-2.50,-0.08) goal=none tracking_setpoint_enu=(0.32,-2.50,0.69) setpoint_ned=none yaw(desired/cmd/rate)=(0.00/0.00/0.00) cross_track=0.00 frame_id=px4_ned path_points=0 odom_source=/race/odom cloud_source=/saved_map mavros_connected=true
[ego_planner_node-10] [FSM]: state: WAIT_TARGET
[ego_planner_node-10] wait for goal or trigger.
[fastlio_bridge_node-2] [INFO] [1786827072.000218180] [fastlio_bridge_node]: 已桥接并转换里程计: ENU(0.32, -2.50, -0.08) -> NED(-2.50, 0.32, 0.08)
[fastlio_bridge_node-2] [INFO] [1786827072.004876826] [fastlio_bridge_node]: 已桥接并转换里程计: ENU(0.32, -2.50, -0.08) -> NED(-2.50, 0.32, 0.08)
[fastlio_bridge_node-2] [INFO] [1786827072.008016921] [fastlio_bridge_node]: 已桥接并转换里程计: ENU(0.32, -2.50, -0.08) -> NED(-2.50, 0.32, 0.08)
[fastlio_bridge_node-2] [INFO] [1786827072.016355726] [fastlio_bridge_node]: 已桥接并转换里程计: ENU(0.32, -2.50, -0.08) -> NED(-2.50, 0.32, 0.08)
[fastlio_bridge_node-2] [INFO] [1786827072.018589883] [fastlio_bridge_node]: 已桥接并转换里程计: ENU(0.32, -2.50, -0.08) -> NED(-2.50, 0.32, 0.08)
[fastlio_bridge_node-2] [INFO] [1786827072.021432138] [fastlio_bridge_node]: 已桥接并转换里程计: ENU(0.32, -2.50, -0.08) -> NED(-2.50, 0.32, 0.08)
[fastlio_bridge_node-2] [INFO] [1786827072.026569254] [fastlio_bridge_node]: 已桥接并转换里程计: ENU(0.32, -2.50, -0.08) -> NED(-2.50, 0.32, 0.08)
[fastlio_bridge_node-2] [INFO] [1786827072.034955554] [fastlio_bridge_node]: 已桥接并转换里程计: ENU(0.32, -2.50, -0.08) -> NED(-2.50, 0.32, 0.08)
[fastlio_bridge_node-2] [INFO] [1786827072.039722799] [fastlio_bridge_node]: 已桥接并转换里程计: ENU(0.32, -2.50, -0.08) -> NED(-2.50, 0.32, 0.08)
[fastlio_bridge_node-2] [INFO] [1786827072.046272658] [fastlio_bridge_node]: 已桥接并转换里程计: ENU(0.32, -2.50, -0.08) -> NED(-2.50, 0.32, 0.08)
[fastlio_bridge_node-2] [INFO] [1786827072.048084920] [fastlio_bridge_node]: 已桥接并转换里程计: ENU(0.32, -2.50, -0.08) -> NED(-2.50, 0.32, 0.08)
[fastlio_bridge_node-2] [INFO] [1786827072.053961209] [fastlio_bridge_node]: 已桥接并转换里程计: ENU(0.32, -2.50, -0.08) -> NED(-2.50, 0.32, 0.08)
[fastlio_bridge_node-2] [INFO] [1786827072.062942028] [fastlio_bridge_node]: 已桥接并转换里程计: ENU(0.32, -2.50, -0.08) -> NED(-2.50, 0.32, 0.08)
[fastlio_bridge_node-2] [INFO] [1786827072.065179762] [fastlio_bridge_node]: 已桥接并转换里程计: ENU(0.32, -2.50, -0.08) -> NED(-2.50, 0.32, 0.08)
[offboard_waypoint_node-1] [INFO] [1786827072.068738917] [offboard_waypoint_node]: [HOLD_ERROR] position_error=0.762 velocity=0.004 state=IDLE_HOLD
[fastlio_bridge_node-2] [INFO] [1786827072.070787257] [fastlio_bridge_node]: 已桥接并转换里程计: ENU(0.32, -2.50, -0.08) -> NED(-2.50, 0.32, 0.08)
[fastlio_bridge_node-2] [INFO] [1786827072.086465962] [fastlio_bridge_node]: 已桥接并转换里程计: ENU(0.32, -2.50, -0.08) -> NED(-2.50, 0.32, 0.08)
[fastlio_bridge_node-2] [INFO] [1786827072.086744105] [fastlio_bridge_node]: 已桥接并转换里程计: ENU(0.32, -2.50, -0.08) -> NED(-2.50, 0.32, 0.08)
[fastlio_bridge_node-2] [INFO] [1786827072.094924968] [fastlio_bridge_node]: 已桥接并转换里程计: ENU(0.32, -2.50, -0.08) -> NED(-2.50, 0.32, 0.08)
[offboard_waypoint_node-1] [INFO] [1786827072.465377011] [offboard_waypoint_node]: [CONTROL_ARBITER] selected_source=safety_hold state=IDLE_HOLD
[super_planner_ros2_node-6] [INFO] [1786827072.500990759] [super_planner_ros2_node]: SUPER_ROS2 mode=IDLE enable_output=false reason=NO_GOAL odom=(0.32,-2.50,-0.08) goal=none tracking_setpoint_enu=(0.32,-2.50,0.69) setpoint_ned=none yaw(desired/cmd/rate)=(0.00/0.00/0.00) cross_track=0.00 frame_id=px4_ned path_points=0 odom_source=/race/odom cloud_source=/saved_map mavros_connected=true
[ego_planner_node-10] [INFO] [1786827072.727876262] [race_ego_planner]: [EGO_OCCUPANCY_UPDATE] input_topic=grid_map/cloud input_frame=map occupancy_frame=map cloud_points=17244 local_points=9623 occupied_voxels=25361 camera=(0.323,-2.504,-0.076) local_index_bounds=[(47,30,0),(117,111,8)]
[ego_planner_node-10] [FSM]: state: WAIT_TARGET
[ego_planner_node-10] wait for goal or trigger.
[race_ego_cloud_bridge-8] [INFO] [1786827073.059056227] [race_ego_cloud_bridge]: [EGO_MAP_INPUT] topic=/race/ego/cloud frame=map points=16777 source=static_live_px4 refresh_period=0.00s
[race_ego_cloud_bridge-8] [INFO] [1786827073.061038650] [race_ego_cloud_bridge]: [EGO_STATIC_MAP_READY] topic=/saved_map frame=map points=11417 fused=true
[offboard_waypoint_node-1] [INFO] [1786827073.118863316] [offboard_waypoint_node]: [HOLD_ERROR] position_error=0.760 velocity=0.004 state=IDLE_HOLD
[race_ego_trajectory_bridge-12] [INFO] [1786827073.129315479] [race_ego_trajectory_bridge]: [EGO_OCCUPANCY_MAP] topic=/race/ego/cloud frame=map raw_points=16777 map_age=0.073
[race_ego_cloud_bridge-8] [INFO] [1786827073.199463024] [race_ego_cloud_bridge]: [EGO_MAP_FUSION] static_points=11417 live_raw_points=14771 confirmed_live_voxels=5317 min_observations=2 memory_sec=1.00 fused_points=16734
[super_planner_ros2_node-6] [INFO] [1786827073.550919878] [super_planner_ros2_node]: SUPER_ROS2 mode=IDLE enable_output=false reason=NO_GOAL odom=(0.32,-2.50,-0.07) goal=none tracking_setpoint_enu=(0.32,-2.50,0.69) setpoint_ned=none yaw(desired/cmd/rate)=(0.00/0.00/0.00) cross_track=0.00 frame_id=px4_ned path_points=0 odom_source=/race/odom cloud_source=/saved_map mavros_connected=true
[rviz2-13] [INFO] [1786827073.714581058] [rviz2]: Message Filter dropping message: frame 'odom' at time 1786827071.980 for reason 'discarding message because the queue is full'
[fastlio_bridge_node-2] [INFO] [1786827074.004038221] [fastlio_bridge_node]: 已桥接并转换里程计: ENU(0.32, -2.50, -0.07) -> NED(-2.50, 0.32, 0.07)
[fastlio_bridge_node-2] [INFO] [1786827074.009025433] [fastlio_bridge_node]: 已桥接并转换里程计: ENU(0.32, -2.50, -0.07) -> NED(-2.50, 0.32, 0.07)
[fastlio_bridge_node-2] [INFO] [1786827074.016038050] [fastlio_bridge_node]: 已桥接并转换里程计: ENU(0.32, -2.50, -0.07) -> NED(-2.50, 0.32, 0.07)
[fastlio_bridge_node-2] [INFO] [1786827074.016191865] [fastlio_bridge_node]: 已桥接并转换里程计: ENU(0.32, -2.50, -0.07) -> NED(-2.50, 0.32, 0.07)
[fastlio_bridge_node-2] [INFO] [1786827074.024321713] [fastlio_bridge_node]: 已桥接并转换里程计: ENU(0.32, -2.50, -0.07) -> NED(-2.50, 0.32, 0.07)
[fastlio_bridge_node-2] [INFO] [1786827074.027953247] [fastlio_bridge_node]: 已桥接并转换里程计: ENU(0.32, -2.50, -0.07) -> NED(-2.50, 0.32, 0.07)
[fastlio_bridge_node-2] [INFO] [1786827074.032434687] [fastlio_bridge_node]: 已桥接并转换里程计: ENU(0.32, -2.50, -0.07) -> NED(-2.50, 0.32, 0.07)
[fastlio_bridge_node-2] [INFO] [1786827074.036675187] [fastlio_bridge_node]: 已桥接并转换里程计: ENU(0.32, -2.50, -0.07) -> NED(-2.50, 0.32, 0.07)
[fastlio_bridge_node-2] [INFO] [1786827074.041349667] [fastlio_bridge_node]: 已桥接并转换里程计: ENU(0.32, -2.50, -0.07) -> NED(-2.50, 0.32, 0.07)
[fastlio_bridge_node-2] [INFO] [1786827074.048988569] [fastlio_bridge_node]: 已桥接并转换里程计: ENU(0.32, -2.50, -0.07) -> NED(-2.50, 0.32, 0.07)
[fastlio_bridge_node-2] [INFO] [1786827074.053233794] [fastlio_bridge_node]: 已桥接并转换里程计: ENU(0.32, -2.50, -0.07) -> NED(-2.50, 0.32, 0.07)
[fastlio_bridge_node-2] [INFO] [1786827074.057153689] [fastlio_bridge_node]: 已桥接并转换里程计: ENU(0.32, -2.50, -0.07) -> NED(-2.50, 0.32, 0.07)
[fastlio_bridge_node-2] [INFO] [1786827074.063366962] [fastlio_bridge_node]: 已桥接并转换里程计: ENU(0.32, -2.50, -0.07) -> NED(-2.50, 0.32, 0.07)
[fastlio_bridge_node-2] [INFO] [1786827074.070625643] [fastlio_bridge_node]: 已桥接并转换里程计: ENU(0.32, -2.50, -0.07) -> NED(-2.50, 0.32, 0.07)
[fastlio_bridge_node-2] [INFO] [1786827074.073448472] [fastlio_bridge_node]: 已桥接并转换里程计: ENU(0.32, -2.50, -0.08) -> NED(-2.50, 0.32, 0.08)
[fastlio_bridge_node-2] [INFO] [1786827074.077725495] [fastlio_bridge_node]: 已桥接并转换里程计: ENU(0.32, -2.50, -0.08) -> NED(-2.50, 0.32, 0.08)
[fastlio_bridge_node-2] [INFO] [1786827074.089452765] [fastlio_bridge_node]: 已桥接并转换里程计: ENU(0.32, -2.50, -0.08) -> NED(-2.50, 0.32, 0.08)
[fastlio_bridge_node-2] [INFO] [1786827074.097184084] [fastlio_bridge_node]: 已桥接并转换里程计: ENU(0.32, -2.50, -0.08) -> NED(-2.50, 0.32, 0.08)
[offboard_waypoint_node-1] [INFO] [1786827074.165250118] [offboard_waypoint_node]: [HOLD_ERROR] position_error=0.754 velocity=0.002 state=IDLE_HOLD
[ego_planner_node-10] [FSM]: state: WAIT_TARGET
[ego_planner_node-10] wait for goal or trigger.
[super_planner_ros2_node-6] [INFO] [1786827074.602769349] [super_planner_ros2_node]: SUPER_ROS2 mode=IDLE enable_output=false reason=NO_GOAL odom=(0.32,-2.50,-0.08) goal=none tracking_setpoint_enu=(0.32,-2.50,0.69) setpoint_ned=none yaw(desired/cmd/rate)=(0.00/0.00/0.00) cross_track=0.00 frame_id=px4_ned path_points=0 odom_source=/race/odom cloud_source=/saved_map mavros_connected=true
[ego_planner_node-10] [INFO] [1786827074.745547957] [race_ego_planner]: [EGO_OCCUPANCY_UPDATE] input_topic=grid_map/cloud input_frame=map occupancy_frame=map cloud_points=17379 local_points=9656 occupied_voxels=25426 camera=(0.323,-2.504,-0.076) local_index_bounds=[(47,30,0),(117,111,8)]
[offboard_waypoint_node-1] [INFO] [1786827074.963047271] [offboard_waypoint_node]: [EV_HEALTH] state=SUSPECT continuous_healthy=0.00s
[race_ego_cloud_bridge-8] [INFO] [1786827075.029708884] [race_ego_cloud_bridge]: [EGO_STATIC_MAP_READY] topic=/saved_map frame=map points=11417 fused=true
[offboard_waypoint_node-1] [INFO] [1786827075.215256548] [offboard_waypoint_node]: [HOLD_ERROR] position_error=0.764 velocity=0.000 state=IDLE_HOLD
[race_ego_cloud_bridge-8] [INFO] [1786827075.221315048] [race_ego_cloud_bridge]: [EGO_MAP_FUSION] static_points=11417 live_raw_points=15006 confirmed_live_voxels=5283 min_observations=2 memory_sec=1.00 fused_points=16700
[race_ego_cloud_bridge-8] [INFO] [1786827075.222287788] [race_ego_cloud_bridge]: [EGO_MAP_INPUT] topic=/race/ego/cloud frame=map points=16700 source=static_live_px4 refresh_period=0.00s
[race_ego_trajectory_bridge-12] [INFO] [1786827075.229339703] [race_ego_trajectory_bridge]: [EGO_OCCUPANCY_MAP] topic=/race/ego/cloud frame=map raw_points=16700 map_age=0.008
[ego_planner_node-10] [FSM]: state: WAIT_TARGET
[ego_planner_node-10] wait for goal or trigger.
[super_planner_ros2_node-6] [INFO] [1786827075.650677561] [super_planner_ros2_node]: SUPER_ROS2 mode=IDLE enable_output=false reason=NO_GOAL odom=(0.32,-2.50,-0.08) goal=none tracking_setpoint_enu=(0.32,-2.50,0.69) setpoint_ned=none yaw(desired/cmd/rate)=(0.00/0.00/0.00) cross_track=0.00 frame_id=px4_ned path_points=0 odom_source=/race/odom cloud_source=/saved_map mavros_connected=true
[fastlio_bridge_node-2] [INFO] [1786827076.002093046] [fastlio_bridge_node]: 已桥接并转换里程计: ENU(0.32, -2.50, -0.08) -> NED(-2.50, 0.32, 0.08)
[fastlio_bridge_node-2] [INFO] [1786827076.020173397] [fastlio_bridge_node]: 已桥接并转换里程计: ENU(0.32, -2.50, -0.08) -> NED(-2.50, 0.32, 0.08)
[fastlio_bridge_node-2] [INFO] [1786827076.031432229] [fastlio_bridge_node]: 已桥接并转换里程计: ENU(0.32, -2.50, -0.08) -> NED(-2.50, 0.32, 0.08)
[fastlio_bridge_node-2] [INFO] [1786827076.045408761] [fastlio_bridge_node]: 已桥接并转换里程计: ENU(0.32, -2.50, -0.08) -> NED(-2.50, 0.32, 0.08)
[fastlio_bridge_node-2] [INFO] [1786827076.059571530] [fastlio_bridge_node]: 已桥接并转换里程计: ENU(0.32, -2.50, -0.08) -> NED(-2.50, 0.32, 0.08)
[fastlio_bridge_node-2] [INFO] [1786827076.073360519] [fastlio_bridge_node]: 已桥接并转换里程计: ENU(0.32, -2.50, -0.08) -> NED(-2.50, 0.32, 0.08)
[fastlio_bridge_node-2] [INFO] [1786827076.087036596] [fastlio_bridge_node]: 已桥接并转换里程计: ENU(0.32, -2.50, -0.08) -> NED(-2.50, 0.32, 0.08)
[offboard_waypoint_node-1] [INFO] [1786827076.215679937] [offboard_waypoint_node]: [HOLD_ERROR] position_error=0.763 velocity=0.006 state=IDLE_HOLD
[rviz2-13] [INFO] [1786827076.352612222] [rviz2]: Message Filter dropping message: frame 'odom' at time 1786827074.980 for reason 'discarding message because the queue is full'
[ego_planner_node-10] [FSM]: state: WAIT_TARGET
[ego_planner_node-10] wait for goal or trigger.
[super_planner_ros2_node-6] [INFO] [1786827076.650980763] [super_planner_ros2_node]: SUPER_ROS2 mode=IDLE enable_output=false reason=NO_GOAL odom=(0.32,-2.50,-0.07) goal=none tracking_setpoint_enu=(0.32,-2.50,0.69) setpoint_ned=none yaw(desired/cmd/rate)=(0.00/0.00/0.00) cross_track=0.00 frame_id=px4_ned path_points=0 odom_source=/race/odom cloud_source=/saved_map mavros_connected=true
[ego_planner_node-10] [INFO] [1786827076.747747551] [race_ego_planner]: [EGO_OCCUPANCY_UPDATE] input_topic=grid_map/cloud input_frame=map occupancy_frame=map cloud_points=16340 local_points=9151 occupied_voxels=25353 camera=(0.323,-2.504,-0.069) local_index_bounds=[(47,30,0),(117,111,8)]
[race_ego_cloud_bridge-8] [INFO] [1786827077.029113836] [race_ego_cloud_bridge]: [EGO_STATIC_MAP_READY] topic=/saved_map frame=map points=11417 fused=true
[offboard_waypoint_node-1] [INFO] [1786827077.035115086] [offboard_waypoint_node]: [EV_HEALTH] state=HEALTHY continuous_healthy=0.00s
[offboard_waypoint_node-1] [INFO] [1786827077.265603769] [offboard_waypoint_node]: [HOLD_ERROR] position_error=0.753 velocity=0.006 state=IDLE_HOLD
[race_ego_cloud_bridge-8] [INFO] [1786827077.323921513] [race_ego_cloud_bridge]: [EGO_MAP_FUSION] static_points=11417 live_raw_points=17714 confirmed_live_voxels=6064 min_observations=2 memory_sec=1.00 fused_points=17481
[race_ego_cloud_bridge-8] [INFO] [1786827077.324443155] [race_ego_cloud_bridge]: [EGO_MAP_INPUT] topic=/race/ego/cloud frame=map points=17481 source=static_live_px4 refresh_period=0.00s
[race_ego_trajectory_bridge-12] [INFO] [1786827077.333926466] [race_ego_trajectory_bridge]: [EGO_OCCUPANCY_MAP] topic=/race/ego/cloud frame=map raw_points=17481 map_age=0.010
[super_planner_ros2_node-6] [INFO] [1786827077.651265897] [super_planner_ros2_node]: SUPER_ROS2 mode=IDLE enable_output=false reason=NO_GOAL odom=(0.32,-2.50,-0.08) goal=none tracking_setpoint_enu=(0.32,-2.50,0.69) setpoint_ned=none yaw(desired/cmd/rate)=(0.00/0.00/0.00) cross_track=0.00 frame_id=px4_ned path_points=0 odom_source=/race/odom cloud_source=/saved_map mavros_connected=true
[ego_planner_node-10] [FSM]: state: WAIT_TARGET
[ego_planner_node-10] wait for goal or trigger.
[fastlio_bridge_node-2] [INFO] [1786827078.003001323] [fastlio_bridge_node]: 已桥接并转换里程计: ENU(0.32, -2.50, -0.08) -> NED(-2.50, 0.32, 0.08)
[fastlio_bridge_node-2] [INFO] [1786827078.008361175] [fastlio_bridge_node]: 已桥接并转换里程计: ENU(0.32, -2.50, -0.08) -> NED(-2.50, 0.32, 0.08)
[fastlio_bridge_node-2] [INFO] [1786827078.011691792] [fastlio_bridge_node]: 已桥接并转换里程计: ENU(0.32, -2.50, -0.08) -> NED(-2.50, 0.32, 0.08)
[fastlio_bridge_node-2] [INFO] [1786827078.024187165] [fastlio_bridge_node]: 已桥接并转换里程计: ENU(0.32, -2.50, -0.08) -> NED(-2.50, 0.32, 0.08)
[fastlio_bridge_node-2] [INFO] [1786827078.027918827] [fastlio_bridge_node]: 已桥接并转换里程计: ENU(0.32, -2.50, -0.08) -> NED(-2.50, 0.32, 0.08)
[fastlio_bridge_node-2] [INFO] [1786827078.030871269] [fastlio_bridge_node]: 已桥接并转换里程计: ENU(0.32, -2.50, -0.08) -> NED(-2.50, 0.32, 0.08)
[fastlio_bridge_node-2] [INFO] [1786827078.033618269] [fastlio_bridge_node]: 已桥接并转换里程计: ENU(0.32, -2.50, -0.08) -> NED(-2.50, 0.32, 0.08)
[fastlio_bridge_node-2] [INFO] [1786827078.038877280] [fastlio_bridge_node]: 已桥接并转换里程计: ENU(0.32, -2.50, -0.08) -> NED(-2.50, 0.32, 0.08)
[fastlio_bridge_node-2] [INFO] [1786827078.044269206] [fastlio_bridge_node]: 已桥接并转换里程计: ENU(0.32, -2.50, -0.08) -> NED(-2.50, 0.32, 0.08)
[fastlio_bridge_node-2] [INFO] [1786827078.047818860] [fastlio_bridge_node]: 已桥接并转换里程计: ENU(0.32, -2.50, -0.08) -> NED(-2.50, 0.32, 0.08)
[fastlio_bridge_node-2] [INFO] [1786827078.051977064] [fastlio_bridge_node]: 已桥接并转换里程计: ENU(0.32, -2.50, -0.08) -> NED(-2.50, 0.32, 0.08)
[fastlio_bridge_node-2] [INFO] [1786827078.055415664] [fastlio_bridge_node]: 已桥接并转换里程计: ENU(0.32, -2.50, -0.08) -> NED(-2.50, 0.32, 0.08)
[fastlio_bridge_node-2] [INFO] [1786827078.062133476] [fastlio_bridge_node]: 已桥接并转换里程计: ENU(0.32, -2.50, -0.08) -> NED(-2.50, 0.32, 0.08)
[fastlio_bridge_node-2] [INFO] [1786827078.067643821] [fastlio_bridge_node]: 已桥接并转换里程计: ENU(0.32, -2.50, -0.08) -> NED(-2.50, 0.32, 0.08)
[fastlio_bridge_node-2] [INFO] [1786827078.073893124] [fastlio_bridge_node]: 已桥接并转换里程计: ENU(0.32, -2.50, -0.08) -> NED(-2.50, 0.32, 0.08)
[fastlio_bridge_node-2] [INFO] [1786827078.077999654] [fastlio_bridge_node]: 已桥接并转换里程计: ENU(0.32, -2.50, -0.08) -> NED(-2.50, 0.32, 0.08)
[fastlio_bridge_node-2] [INFO] [1786827078.082841754] [fastlio_bridge_node]: 已桥接并转换里程计: ENU(0.32, -2.50, -0.08) -> NED(-2.50, 0.32, 0.08)
[fastlio_bridge_node-2] [INFO] [1786827078.090872548] [fastlio_bridge_node]: 已桥接并转换里程计: ENU(0.32, -2.50, -0.08) -> NED(-2.50, 0.32, 0.08)
[fastlio_bridge_node-2] [INFO] [1786827078.097699309] [fastlio_bridge_node]: 已桥接并转换里程计: ENU(0.32, -2.50, -0.08) -> NED(-2.50, 0.32, 0.08)
[offboard_waypoint_node-1] [INFO] [1786827078.315774636] [offboard_waypoint_node]: [HOLD_ERROR] position_error=0.764 velocity=0.003 state=IDLE_HOLD
[super_planner_ros2_node-6] [INFO] [1786827078.700686517] [super_planner_ros2_node]: SUPER_ROS2 mode=IDLE enable_output=false reason=NO_GOAL odom=(0.32,-2.50,-0.07) goal=none tracking_setpoint_enu=(0.32,-2.50,0.69) setpoint_ned=none yaw(desired/cmd/rate)=(0.00/0.00/0.00) cross_track=0.00 frame_id=px4_ned path_points=0 odom_source=/race/odom cloud_source=/saved_map mavros_connected=true
[offboard_waypoint_node-1] [INFO] [1786827078.715392640] [offboard_waypoint_node]: Offboard armed; vertical takeoff at NED XY=(-2.50, 0.33), yaw=-1.89 until height 0.55m.
[offboard_waypoint_node-1] [INFO] [1786827078.765605913] [offboard_waypoint_node]: Vertical takeoff: height 0.00/0.55m; planner XY/yaw held back
[ego_planner_node-10] [FSM]: state: WAIT_TARGET
[ego_planner_node-10] wait for goal or trigger.
[ego_planner_node-10] [INFO] [1786827078.857134334] [race_ego_planner]: [EGO_OCCUPANCY_UPDATE] input_topic=grid_map/cloud input_frame=map occupancy_frame=map cloud_points=18437 local_points=9889 occupied_voxels=25555 camera=(0.323,-2.504,-0.071) local_index_bounds=[(47,30,0),(117,111,8)]
[rviz2-13] [INFO] [1786827078.860180873] [rviz2]: Message Filter dropping message: frame 'odom' at time 1786827077.780 for reason 'discarding message because the queue is full'
[race_ego_cloud_bridge-8] [INFO] [1786827079.030453559] [race_ego_cloud_bridge]: [EGO_STATIC_MAP_READY] topic=/saved_map frame=map points=11417 fused=true
[race_ego_cloud_bridge-8] [INFO] [1786827079.325137380] [race_ego_cloud_bridge]: [EGO_MAP_FUSION] static_points=11417 live_raw_points=20916 confirmed_live_voxels=7321 min_observations=2 memory_sec=1.00 fused_points=18738
[race_ego_cloud_bridge-8] [INFO] [1786827079.327565682] [race_ego_cloud_bridge]: [EGO_MAP_INPUT] topic=/race/ego/cloud frame=map points=18738 source=static_live_px4 refresh_period=0.00s
[race_ego_trajectory_bridge-12] [INFO] [1786827079.334827913] [race_ego_trajectory_bridge]: [EGO_OCCUPANCY_MAP] topic=/race/ego/cloud frame=map raw_points=18738 map_age=0.008
[super_planner_ros2_node-6] [INFO] [1786827079.703733946] [super_planner_ros2_node]: SUPER_ROS2 mode=IDLE enable_output=false reason=NO_GOAL odom=(0.33,-2.51,-0.03) goal=none tracking_setpoint_enu=(0.33,-2.51,0.69) setpoint_ned=none yaw(desired/cmd/rate)=(0.00/0.00/0.00) cross_track=0.00 frame_id=px4_ned path_points=0 odom_source=/race/odom cloud_source=/saved_map mavros_connected=true
[offboard_waypoint_node-1] [INFO] [1786827079.766256554] [offboard_waypoint_node]: Vertical takeoff: height 0.01/0.55m; planner XY/yaw held back
[fastlio_bridge_node-2] [INFO] [1786827080.007931948] [fastlio_bridge_node]: 已桥接并转换里程计: ENU(0.33, -2.51, 0.07) -> NED(-2.51, 0.33, -0.07)
[fastlio_bridge_node-2] [INFO] [1786827080.019769027] [fastlio_bridge_node]: 已桥接并转换里程计: ENU(0.33, -2.51, 0.08) -> NED(-2.51, 0.33, -0.08)
[fastlio_bridge_node-2] [INFO] [1786827080.044291362] [fastlio_bridge_node]: 已桥接并转换里程计: ENU(0.33, -2.51, 0.09) -> NED(-2.51, 0.33, -0.09)
[fastlio_bridge_node-2] [INFO] [1786827080.055515384] [fastlio_bridge_node]: 已桥接并转换里程计: ENU(0.33, -2.51, 0.09) -> NED(-2.51, 0.33, -0.09)
[fastlio_bridge_node-2] [INFO] [1786827080.065884742] [fastlio_bridge_node]: 已桥接并转换里程计: ENU(0.33, -2.51, 0.10) -> NED(-2.51, 0.33, -0.10)
[fastlio_bridge_node-2] [INFO] [1786827080.078508962] [fastlio_bridge_node]: 已桥接并转换里程计: ENU(0.33, -2.51, 0.10) -> NED(-2.51, 0.33, -0.10)
[fastlio_bridge_node-2] [INFO] [1786827080.087006730] [fastlio_bridge_node]: 已桥接并转换里程计: ENU(0.33, -2.51, 0.11) -> NED(-2.51, 0.33, -0.11)
[fastlio_bridge_node-2] [INFO] [1786827080.095136068] [fastlio_bridge_node]: 已桥接并转换里程计: ENU(0.33, -2.51, 0.11) -> NED(-2.51, 0.33, -0.11)
[ego_planner_node-10] [FSM]: state: WAIT_TARGET
[ego_planner_node-10] wait for goal or trigger.
[super_planner_ros2_node-6] [INFO] [1786827080.705272122] [super_planner_ros2_node]: SUPER_ROS2 mode=IDLE enable_output=false reason=NO_GOAL odom=(0.36,-2.56,0.33) goal=none tracking_setpoint_enu=(0.36,-2.56,0.69) setpoint_ned=none yaw(desired/cmd/rate)=(0.00/0.00/0.00) cross_track=0.00 frame_id=px4_ned path_points=0 odom_source=/race/odom cloud_source=/saved_map mavros_connected=true
[offboard_waypoint_node-1] [INFO] [1786827080.815982521] [offboard_waypoint_node]: Vertical takeoff: height 0.37/0.55m; planner XY/yaw held back
[ego_planner_node-10] [INFO] [1786827080.901792340] [race_ego_planner]: [EGO_OCCUPANCY_UPDATE] input_topic=grid_map/cloud input_frame=map occupancy_frame=map cloud_points=15424 local_points=9738 occupied_voxels=30180 camera=(0.364,-2.569,0.272) local_index_bounds=[(47,30,0),(117,111,11)]
[race_ego_cloud_bridge-8] [INFO] [1786827081.031184588] [race_ego_cloud_bridge]: [EGO_STATIC_MAP_READY] topic=/saved_map frame=map points=11417 fused=true
[race_ego_cloud_bridge-8] [INFO] [1786827081.382002156] [race_ego_cloud_bridge]: [EGO_MAP_FUSION] static_points=11417 live_raw_points=17775 confirmed_live_voxels=3780 min_observations=2 memory_sec=1.00 fused_points=15197
[race_ego_cloud_bridge-8] [INFO] [1786827081.387323393] [race_ego_cloud_bridge]: [EGO_MAP_INPUT] topic=/race/ego/cloud frame=map points=15197 source=static_live_px4 refresh_period=0.00s
[race_ego_trajectory_bridge-12] [INFO] [1786827081.434299813] [race_ego_trajectory_bridge]: [EGO_OCCUPANCY_MAP] topic=/race/ego/cloud frame=map raw_points=15197 map_age=0.052
[rviz2-13] [INFO] [1786827081.739690226] [rviz2]: Message Filter dropping message: frame 'odom' at time 1786827078.480 for reason 'discarding message because the queue is full'
[super_planner_ros2_node-6] [INFO] [1786827081.751243056] [super_planner_ros2_node]: SUPER_ROS2 mode=IDLE enable_output=false reason=NO_GOAL odom=(0.37,-2.54,0.22) goal=none tracking_setpoint_enu=(0.37,-2.54,0.69) setpoint_ned=none yaw(desired/cmd/rate)=(0.00/0.00/0.00) cross_track=0.00 frame_id=px4_ned path_points=0 odom_source=/race/odom cloud_source=/saved_map mavros_connected=true
[offboard_waypoint_node-1] [INFO] [1786827081.866826587] [offboard_waypoint_node]: Vertical takeoff: height 0.40/0.55m; planner XY/yaw held back
[fastlio_bridge_node-2] [INFO] [1786827082.006813472] [fastlio_bridge_node]: 已桥接并转换里程计: ENU(0.36, -2.52, 0.19) -> NED(-2.52, 0.36, -0.19)
[fastlio_bridge_node-2] [INFO] [1786827082.010795483] [fastlio_bridge_node]: 已桥接并转换里程计: ENU(0.36, -2.52, 0.19) -> NED(-2.52, 0.36, -0.19)
[fastlio_bridge_node-2] [INFO] [1786827082.017919410] [fastlio_bridge_node]: 已桥接并转换里程计: ENU(0.36, -2.52, 0.18) -> NED(-2.52, 0.36, -0.18)
[fastlio_bridge_node-2] [INFO] [1786827082.033720863] [fastlio_bridge_node]: 已桥接并转换里程计: ENU(0.36, -2.52, 0.18) -> NED(-2.52, 0.36, -0.18)
[fastlio_bridge_node-2] [INFO] [1786827082.044022061] [fastlio_bridge_node]: 已桥接并转换里程计: ENU(0.36, -2.52, 0.18) -> NED(-2.52, 0.36, -0.18)
[fastlio_bridge_node-2] [INFO] [1786827082.044848554] [fastlio_bridge_node]: 已桥接并转换里程计: ENU(0.36, -2.52, 0.18) -> NED(-2.52, 0.36, -0.18)
[fastlio_bridge_node-2] [INFO] [1786827082.054843164] [fastlio_bridge_node]: 已桥接并转换里程计: ENU(0.36, -2.52, 0.18) -> NED(-2.52, 0.36, -0.18)
[fastlio_bridge_node-2] [INFO] [1786827082.059950909] [fastlio_bridge_node]: 已桥接并转换里程计: ENU(0.36, -2.52, 0.17) -> NED(-2.52, 0.36, -0.17)
[fastlio_bridge_node-2] [INFO] [1786827082.062997646] [fastlio_bridge_node]: 已桥接并转换里程计: ENU(0.36, -2.52, 0.17) -> NED(-2.52, 0.36, -0.17)
[fastlio_bridge_node-2] [INFO] [1786827082.065744071] [fastlio_bridge_node]: 已桥接并转换里程计: ENU(0.36, -2.52, 0.17) -> NED(-2.52, 0.36, -0.17)
[fastlio_bridge_node-2] [INFO] [1786827082.069209142] [fastlio_bridge_node]: 已桥接并转换里程计: ENU(0.36, -2.52, 0.17) -> NED(-2.52, 0.36, -0.17)
[fastlio_bridge_node-2] [INFO] [1786827082.086301363] [fastlio_bridge_node]: 已桥接并转换里程计: ENU(0.36, -2.52, 0.17) -> NED(-2.52, 0.36, -0.17)
[fastlio_bridge_node-2] [INFO] [1786827082.089275185] [fastlio_bridge_node]: 已桥接并转换里程计: ENU(0.36, -2.52, 0.17) -> NED(-2.52, 0.36, -0.17)
[fastlio_bridge_node-2] [INFO] [1786827082.095219999] [fastlio_bridge_node]: 已桥接并转换里程计: ENU(0.36, -2.52, 0.16) -> NED(-2.52, 0.36, -0.16)
[fastlio_bridge_node-2] [INFO] [1786827082.099394715] [fastlio_bridge_node]: 已桥接并转换里程计: ENU(0.36, -2.51, 0.16) -> NED(-2.51, 0.36, -0.16)
[ego_planner_node-10] [FSM]: state: WAIT_TARGET
[ego_planner_node-10] wait for goal or trigger.
[super_planner_ros2_node-6] [INFO] [1786827082.754372121] [super_planner_ros2_node]: SUPER_ROS2 mode=IDLE enable_output=false reason=NO_GOAL odom=(0.39,-2.49,0.16) goal=none tracking_setpoint_enu=(0.39,-2.49,0.69) setpoint_ned=none yaw(desired/cmd/rate)=(0.00/0.00/0.00) cross_track=0.00 frame_id=px4_ned path_points=0 odom_source=/race/odom cloud_source=/saved_map mavros_connected=true
[offboard_waypoint_node-1] [INFO] [1786827082.916317790] [offboard_waypoint_node]: Vertical takeoff: height 0.30/0.55m; planner XY/yaw held back
[race_ego_cloud_bridge-8] [INFO] [1786827083.029479634] [race_ego_cloud_bridge]: [EGO_STATIC_MAP_READY] topic=/saved_map frame=map points=11417 fused=true
[ego_planner_node-10] [INFO] [1786827083.050146668] [race_ego_planner]: [EGO_OCCUPANCY_UPDATE] input_topic=grid_map/cloud input_frame=map occupancy_frame=map cloud_points=16313 local_points=10076 occupied_voxels=29911 camera=(0.402,-2.490,0.234) local_index_bounds=[(47,30,0),(117,112,10)]
[race_ego_cloud_bridge-8] [INFO] [1786827083.526293246] [race_ego_cloud_bridge]: [EGO_MAP_FUSION] static_points=11417 live_raw_points=17922 confirmed_live_voxels=5251 min_observations=2 memory_sec=1.00 fused_points=16668
[race_ego_cloud_bridge-8] [INFO] [1786827083.527175829] [race_ego_cloud_bridge]: [EGO_MAP_INPUT] topic=/race/ego/cloud frame=map points=16668 source=static_live_px4 refresh_period=0.00s
[race_ego_trajectory_bridge-12] [INFO] [1786827083.566551471] [race_ego_trajectory_bridge]: [EGO_OCCUPANCY_MAP] topic=/race/ego/cloud frame=map raw_points=16668 map_age=0.040
[super_planner_ros2_node-6] [INFO] [1786827083.634147493] [super_planner_ros2_node]: [SUPER_TAKEOFF_PATH_RELEASED] height=0.500 release_height=0.500; later altitude excursions will not reset path progress
[super_planner_ros2_node-6] [INFO] [1786827083.801392880] [super_planner_ros2_node]: SUPER_ROS2 mode=IDLE enable_output=false reason=NO_GOAL odom=(0.41,-2.48,0.47) goal=none tracking_setpoint_enu=(0.41,-2.48,0.69) setpoint_ned=none yaw(desired/cmd/rate)=(0.00/0.00/0.00) cross_track=0.00 frame_id=px4_ned path_points=0 odom_source=/race/odom cloud_source=/saved_map mavros_connected=true
[ego_planner_node-10] [FSM]: state: WAIT_TARGET
[ego_planner_node-10] wait for goal or trigger.
[offboard_waypoint_node-1] [INFO] [1786827083.966407807] [offboard_waypoint_node]: Vertical takeoff: height 0.54/0.55m; planner XY/yaw held back
[fastlio_bridge_node-2] [INFO] [1786827084.001382203] [fastlio_bridge_node]: 已桥接并转换里程计: ENU(0.42, -2.48, 0.49) -> NED(-2.48, 0.42, -0.49)
[fastlio_bridge_node-2] [INFO] [1786827084.003749353] [fastlio_bridge_node]: 已桥接并转换里程计: ENU(0.42, -2.48, 0.49) -> NED(-2.48, 0.42, -0.49)
[fastlio_bridge_node-2] [INFO] [1786827084.010082465] [fastlio_bridge_node]: 已桥接并转换里程计: ENU(0.42, -2.48, 0.49) -> NED(-2.48, 0.42, -0.49)
[fastlio_bridge_node-2] [INFO] [1786827084.011237021] [fastlio_bridge_node]: 已桥接并转换里程计: ENU(0.42, -2.48, 0.49) -> NED(-2.48, 0.42, -0.49)
[offboard_waypoint_node-1] [INFO] [1786827084.016015542] [offboard_waypoint_node]: Takeoff height reached; holding XY until a fresh safe EGO trajectory is ready
[fastlio_bridge_node-2] [INFO] [1786827084.017481836] [fastlio_bridge_node]: 已桥接并转换里程计: ENU(0.42, -2.48, 0.49) -> NED(-2.48, 0.42, -0.49)
[fastlio_bridge_node-2] [INFO] [1786827084.023010689] [fastlio_bridge_node]: 已桥接并转换里程计: ENU(0.42, -2.48, 0.49) -> NED(-2.48, 0.42, -0.49)
[fastlio_bridge_node-2] [INFO] [1786827084.029023476] [fastlio_bridge_node]: 已桥接并转换里程计: ENU(0.42, -2.48, 0.49) -> NED(-2.48, 0.42, -0.49)
[fastlio_bridge_node-2] [INFO] [1786827084.033161242] [fastlio_bridge_node]: 已桥接并转换里程计: ENU(0.42, -2.48, 0.49) -> NED(-2.48, 0.42, -0.49)
[fastlio_bridge_node-2] [INFO] [1786827084.038032984] [fastlio_bridge_node]: 已桥接并转换里程计: ENU(0.42, -2.48, 0.49) -> NED(-2.48, 0.42, -0.49)
[fastlio_bridge_node-2] [INFO] [1786827084.041900080] [fastlio_bridge_node]: 已桥接并转换里程计: ENU(0.42, -2.48, 0.49) -> NED(-2.48, 0.42, -0.49)
[fastlio_bridge_node-2] [INFO] [1786827084.047058657] [fastlio_bridge_node]: 已桥接并转换里程计: ENU(0.42, -2.48, 0.49) -> NED(-2.48, 0.42, -0.49)
[fastlio_bridge_node-2] [INFO] [1786827084.052208169] [fastlio_bridge_node]: 已桥接并转换里程计: ENU(0.42, -2.48, 0.49) -> NED(-2.48, 0.42, -0.49)
[fastlio_bridge_node-2] [INFO] [1786827084.056670591] [fastlio_bridge_node]: 已桥接并转换里程计: ENU(0.42, -2.48, 0.49) -> NED(-2.48, 0.42, -0.49)
[fastlio_bridge_node-2] [INFO] [1786827084.061022611] [fastlio_bridge_node]: 已桥接并转换里程计: ENU(0.42, -2.48, 0.49) -> NED(-2.48, 0.42, -0.49)
[fastlio_bridge_node-2] [INFO] [1786827084.070123827] [fastlio_bridge_node]: 已桥接并转换里程计: ENU(0.42, -2.48, 0.49) -> NED(-2.48, 0.42, -0.49)
[fastlio_bridge_node-2] [INFO] [1786827084.077111434] [fastlio_bridge_node]: 已桥接并转换里程计: ENU(0.42, -2.48, 0.49) -> NED(-2.48, 0.42, -0.49)
[fastlio_bridge_node-2] [INFO] [1786827084.081128350] [fastlio_bridge_node]: 已桥接并转换里程计: ENU(0.42, -2.48, 0.49) -> NED(-2.48, 0.42, -0.49)
[fastlio_bridge_node-2] [INFO] [1786827084.086052009] [fastlio_bridge_node]: 已桥接并转换里程计: ENU(0.42, -2.48, 0.49) -> NED(-2.48, 0.42, -0.49)
[fastlio_bridge_node-2] [INFO] [1786827084.095696895] [fastlio_bridge_node]: 已桥接并转换里程计: ENU(0.42, -2.48, 0.49) -> NED(-2.48, 0.42, -0.49)
[rviz2-13] [INFO] [1786827084.290990616] [rviz2]: Message Filter dropping message: frame 'odom' at time 1786827081.980 for reason 'discarding message because the queue is full'
[super_planner_ros2_node-6] [INFO] [1786827084.803524481] [super_planner_ros2_node]: SUPER_ROS2 mode=IDLE enable_output=false reason=NO_GOAL odom=(0.45,-2.47,0.52) goal=none tracking_setpoint_enu=(0.45,-2.47,0.69) setpoint_ned=none yaw(desired/cmd/rate)=(0.00/0.00/0.00) cross_track=0.00 frame_id=px4_ned path_points=0 odom_source=/race/odom cloud_source=/saved_map mavros_connected=true
[race_ego_cloud_bridge-8] [INFO] [1786827085.036133978] [race_ego_cloud_bridge]: [EGO_STATIC_MAP_READY] topic=/saved_map frame=map points=11417 fused=true
[offboard_waypoint_node-1] [INFO] [1786827085.070674885] [offboard_waypoint_node]: Takeoff height reached; holding XY until a fresh safe EGO trajectory is ready
[ego_planner_node-10] [INFO] [1786827085.124802665] [race_ego_planner]: [EGO_OCCUPANCY_UPDATE] input_topic=grid_map/cloud input_frame=map occupancy_frame=map cloud_points=17704 local_points=11164 occupied_voxels=33128 camera=(0.448,-2.467,0.529) local_index_bounds=[(47,30,0),(117,112,12)]
[ego_planner_node-10] [FSM]: state: WAIT_TARGET
[ego_planner_node-10] wait for goal or trigger.
[race_ego_cloud_bridge-8] [INFO] [1786827085.653911052] [race_ego_cloud_bridge]: [EGO_MAP_FUSION] static_points=11417 live_raw_points=17968 confirmed_live_voxels=6306 min_observations=2 memory_sec=1.00 fused_points=17723
[race_ego_cloud_bridge-8] [INFO] [1786827085.659282453] [race_ego_cloud_bridge]: [EGO_MAP_INPUT] topic=/race/ego/cloud frame=map points=17723 source=static_live_px4 refresh_period=0.00s
[race_ego_trajectory_bridge-12] [INFO] [1786827085.683536068] [race_ego_trajectory_bridge]: [EGO_OCCUPANCY_MAP] topic=/race/ego/cloud frame=map raw_points=17723 map_age=0.025
[super_planner_ros2_node-6] [INFO] [1786827085.851141671] [super_planner_ros2_node]: SUPER_ROS2 mode=IDLE enable_output=false reason=NO_GOAL odom=(0.44,-2.46,0.55) goal=none tracking_setpoint_enu=(0.44,-2.46,0.69) setpoint_ned=none yaw(desired/cmd/rate)=(0.00/0.00/0.00) cross_track=0.00 frame_id=px4_ned path_points=0 odom_source=/race/odom cloud_source=/saved_map mavros_connected=true
[fastlio_bridge_node-2] [INFO] [1786827086.009004700] [fastlio_bridge_node]: 已桥接并转换里程计: ENU(0.44, -2.46, 0.56) -> NED(-2.46, 0.44, -0.56)
[fastlio_bridge_node-2] [INFO] [1786827086.015585781] [fastlio_bridge_node]: 已桥接并转换里程计: ENU(0.44, -2.46, 0.56) -> NED(-2.46, 0.44, -0.56)
[mapping_manager_node-5] [INFO] [1786827086.016896541] [mapping_manager_node]: Mapping status: in_flight=false, map_loaded=false, map_saved=false
[fastlio_bridge_node-2] [INFO] [1786827086.019525455] [fastlio_bridge_node]: 已桥接并转换里程计: ENU(0.44, -2.46, 0.56) -> NED(-2.46, 0.44, -0.56)
[fastlio_bridge_node-2] [INFO] [1786827086.023554126] [fastlio_bridge_node]: 已桥接并转换里程计: ENU(0.44, -2.46, 0.56) -> NED(-2.46, 0.44, -0.56)
[fastlio_bridge_node-2] [INFO] [1786827086.030568539] [fastlio_bridge_node]: 已桥接并转换里程计: ENU(0.44, -2.46, 0.56) -> NED(-2.46, 0.44, -0.56)
[fastlio_bridge_node-2] [INFO] [1786827086.038748632] [fastlio_bridge_node]: 已桥接并转换里程计: ENU(0.44, -2.46, 0.56) -> NED(-2.46, 0.44, -0.56)
[fastlio_bridge_node-2] [INFO] [1786827086.048876224] [fastlio_bridge_node]: 已桥接并转换里程计: ENU(0.44, -2.46, 0.56) -> NED(-2.46, 0.44, -0.56)
[fastlio_bridge_node-2] [INFO] [1786827086.054556999] [fastlio_bridge_node]: 已桥接并转换里程计: ENU(0.44, -2.46, 0.56) -> NED(-2.46, 0.44, -0.56)
[fastlio_bridge_node-2] [INFO] [1786827086.059746979] [fastlio_bridge_node]: 已桥接并转换里程计: ENU(0.44, -2.46, 0.56) -> NED(-2.46, 0.44, -0.56)
[fastlio_bridge_node-2] [INFO] [1786827086.063907728] [fastlio_bridge_node]: 已桥接并转换里程计: ENU(0.44, -2.46, 0.56) -> NED(-2.46, 0.44, -0.56)
[fastlio_bridge_node-2] [INFO] [1786827086.069581661] [fastlio_bridge_node]: 已桥接并转换里程计: ENU(0.43, -2.46, 0.56) -> NED(-2.46, 0.43, -0.56)
[fastlio_bridge_node-2] [INFO] [1786827086.075613815] [fastlio_bridge_node]: 已桥接并转换里程计: ENU(0.43, -2.46, 0.56) -> NED(-2.46, 0.43, -0.56)
[fastlio_bridge_node-2] [INFO] [1786827086.083489973] [fastlio_bridge_node]: 已桥接并转换里程计: ENU(0.43, -2.46, 0.56) -> NED(-2.46, 0.43, -0.56)
[fastlio_bridge_node-2] [INFO] [1786827086.088747573] [fastlio_bridge_node]: 已桥接并转换里程计: ENU(0.43, -2.46, 0.56) -> NED(-2.46, 0.43, -0.56)
[fastlio_bridge_node-2] [INFO] [1786827086.094049424] [fastlio_bridge_node]: 已桥接并转换里程计: ENU(0.43, -2.46, 0.56) -> NED(-2.46, 0.43, -0.56)
[offboard_waypoint_node-1] [INFO] [1786827086.115911314] [offboard_waypoint_node]: Takeoff height reached; holding XY until a fresh safe EGO trajectory is ready
[rviz2-13] [INFO] [1786827086.803721488] [rviz2]: Message Filter dropping message: frame 'odom' at time 1786827084.580 for reason 'discarding message because the queue is full'
[super_planner_ros2_node-6] [INFO] [1786827086.901079593] [super_planner_ros2_node]: SUPER_ROS2 mode=IDLE enable_output=false reason=NO_GOAL odom=(0.41,-2.48,0.58) goal=none tracking_setpoint_enu=(0.41,-2.48,0.69) setpoint_ned=none yaw(desired/cmd/rate)=(0.00/0.00/0.00) cross_track=0.00 frame_id=px4_ned path_points=0 odom_source=/race/odom cloud_source=/saved_map mavros_connected=true
[ego_planner_node-10] [FSM]: state: WAIT_TARGET
[ego_planner_node-10] wait for goal or trigger.
[race_ego_cloud_bridge-8] [INFO] [1786827087.053105140] [race_ego_cloud_bridge]: [EGO_STATIC_MAP_READY] topic=/saved_map frame=map points=11417 fused=true
[offboard_waypoint_node-1] [INFO] [1786827087.116035195] [offboard_waypoint_node]: Takeoff height reached; holding XY until a fresh safe EGO trajectory is ready
[ego_planner_node-10] [INFO] [1786827087.289688417] [race_ego_planner]: [EGO_OCCUPANCY_UPDATE] input_topic=grid_map/cloud input_frame=map occupancy_frame=map cloud_points=17837 local_points=11004 occupied_voxels=34320 camera=(0.404,-2.489,0.576) local_index_bounds=[(47,30,0),(117,112,13)]
[race_ego_cloud_bridge-8] [INFO] [1786827087.762506477] [race_ego_cloud_bridge]: [EGO_MAP_FUSION] static_points=11417 live_raw_points=17957 confirmed_live_voxels=6772 min_observations=2 memory_sec=1.00 fused_points=18189
[race_ego_cloud_bridge-8] [INFO] [1786827087.764267036] [race_ego_cloud_bridge]: [EGO_MAP_INPUT] topic=/race/ego/cloud frame=map points=18189 source=static_live_px4 refresh_period=0.00s
[race_ego_trajectory_bridge-12] [INFO] [1786827087.806675426] [race_ego_trajectory_bridge]: [EGO_OCCUPANCY_MAP] topic=/race/ego/cloud frame=map raw_points=18189 map_age=0.044
[super_planner_ros2_node-6] [INFO] [1786827087.901384936] [super_planner_ros2_node]: SUPER_ROS2 mode=IDLE enable_output=false reason=NO_GOAL odom=(0.40,-2.51,0.59) goal=none tracking_setpoint_enu=(0.40,-2.51,0.69) setpoint_ned=none yaw(desired/cmd/rate)=(0.00/0.00/0.00) cross_track=0.00 frame_id=px4_ned path_points=0 odom_source=/race/odom cloud_source=/saved_map mavros_connected=true
[fastlio_bridge_node-2] [INFO] [1786827088.001980084] [fastlio_bridge_node]: 已桥接并转换里程计: ENU(0.39, -2.51, 0.60) -> NED(-2.51, 0.39, -0.60)
[fastlio_bridge_node-2] [INFO] [1786827088.006135830] [fastlio_bridge_node]: 已桥接并转换里程计: ENU(0.39, -2.51, 0.60) -> NED(-2.51, 0.39, -0.60)
[fastlio_bridge_node-2] [INFO] [1786827088.011315760] [fastlio_bridge_node]: 已桥接并转换里程计: ENU(0.39, -2.51, 0.60) -> NED(-2.51, 0.39, -0.60)
[fastlio_bridge_node-2] [INFO] [1786827088.016551424] [fastlio_bridge_node]: 已桥接并转换里程计: ENU(0.39, -2.51, 0.60) -> NED(-2.51, 0.39, -0.60)
[fastlio_bridge_node-2] [INFO] [1786827088.022371729] [fastlio_bridge_node]: 已桥接并转换里程计: ENU(0.39, -2.51, 0.60) -> NED(-2.51, 0.39, -0.60)
[fastlio_bridge_node-2] [INFO] [1786827088.032545786] [fastlio_bridge_node]: 已桥接并转换里程计: ENU(0.39, -2.51, 0.60) -> NED(-2.51, 0.39, -0.60)
[fastlio_bridge_node-2] [INFO] [1786827088.039087024] [fastlio_bridge_node]: 已桥接并转换里程计: ENU(0.39, -2.51, 0.60) -> NED(-2.51, 0.39, -0.60)
[fastlio_bridge_node-2] [INFO] [1786827088.041575020] [fastlio_bridge_node]: 已桥接并转换里程计: ENU(0.39, -2.51, 0.60) -> NED(-2.51, 0.39, -0.60)
[fastlio_bridge_node-2] [INFO] [1786827088.045514424] [fastlio_bridge_node]: 已桥接并转换里程计: ENU(0.40, -2.51, 0.60) -> NED(-2.51, 0.40, -0.60)
[fastlio_bridge_node-2] [INFO] [1786827088.050695948] [fastlio_bridge_node]: 已桥接并转换里程计: ENU(0.40, -2.51, 0.60) -> NED(-2.51, 0.40, -0.60)
[fastlio_bridge_node-2] [INFO] [1786827088.056693435] [fastlio_bridge_node]: 已桥接并转换里程计: ENU(0.40, -2.51, 0.60) -> NED(-2.51, 0.40, -0.60)
[fastlio_bridge_node-2] [INFO] [1786827088.063921470] [fastlio_bridge_node]: 已桥接并转换里程计: ENU(0.40, -2.51, 0.60) -> NED(-2.51, 0.40, -0.60)
[fastlio_bridge_node-2] [INFO] [1786827088.070199701] [fastlio_bridge_node]: 已桥接并转换里程计: ENU(0.40, -2.51, 0.60) -> NED(-2.51, 0.40, -0.60)
[fastlio_bridge_node-2] [INFO] [1786827088.075778898] [fastlio_bridge_node]: 已桥接并转换里程计: ENU(0.40, -2.51, 0.60) -> NED(-2.51, 0.40, -0.60)
[fastlio_bridge_node-2] [INFO] [1786827088.081044954] [fastlio_bridge_node]: 已桥接并转换里程计: ENU(0.40, -2.51, 0.60) -> NED(-2.51, 0.40, -0.60)
[fastlio_bridge_node-2] [INFO] [1786827088.092897710] [fastlio_bridge_node]: 已桥接并转换里程计: ENU(0.40, -2.51, 0.60) -> NED(-2.51, 0.40, -0.60)
[fastlio_bridge_node-2] [INFO] [1786827088.096960615] [fastlio_bridge_node]: 已桥接并转换里程计: ENU(0.40, -2.51, 0.60) -> NED(-2.51, 0.40, -0.60)
[offboard_waypoint_node-1] [INFO] [1786827088.116620725] [offboard_waypoint_node]: Takeoff height reached; holding XY until a fresh safe EGO trajectory is ready
[ego_planner_node-10] [FSM]: state: WAIT_TARGET
[ego_planner_node-10] wait for goal or trigger.
[super_planner_ros2_node-6] [INFO] [1786827088.951416680] [super_planner_ros2_node]: SUPER_ROS2 mode=IDLE enable_output=false reason=NO_GOAL odom=(0.38,-2.52,0.62) goal=none tracking_setpoint_enu=(0.38,-2.52,0.69) setpoint_ned=none yaw(desired/cmd/rate)=(0.00/0.00/0.00) cross_track=0.00 frame_id=px4_ned path_points=0 odom_source=/race/odom cloud_source=/saved_map mavros_connected=true
[race_ego_cloud_bridge-8] [INFO] [1786827089.036173740] [race_ego_cloud_bridge]: [EGO_STATIC_MAP_READY] topic=/saved_map frame=map points=11417 fused=true
[offboard_waypoint_node-1] [INFO] [1786827089.117377627] [offboard_waypoint_node]: Takeoff height reached; holding XY until a fresh safe EGO trajectory is ready
[rviz2-13] [INFO] [1786827089.331280258] [rviz2]: Message Filter dropping message: frame 'odom' at time 1786827087.180 for reason 'discarding message because the queue is full'
[ego_planner_node-10] [INFO] [1786827089.331538397] [race_ego_planner]: [EGO_OCCUPANCY_UPDATE] input_topic=grid_map/cloud input_frame=map occupancy_frame=map cloud_points=17993 local_points=11186 occupied_voxels=33559 camera=(0.377,-2.522,0.606) local_index_bounds=[(47,30,0),(117,111,13)]
[race_ego_trajectory_bridge-12] [INFO] [1786827089.839204698] [race_ego_trajectory_bridge]: [EGO_OCCUPANCY_MAP] topic=/race/ego/cloud frame=map raw_points=16918 map_age=0.101
[ego_planner_node-10] [FSM]: state: WAIT_TARGET
[ego_planner_node-10] wait for goal or trigger.
[super_planner_ros2_node-6] [INFO] [1786827089.955848849] [super_planner_ros2_node]: SUPER_ROS2 mode=IDLE enable_output=false reason=NO_GOAL odom=(0.37,-2.53,0.61) goal=none tracking_setpoint_enu=(0.37,-2.53,0.69) setpoint_ned=none yaw(desired/cmd/rate)=(0.00/0.00/0.00) cross_track=0.00 frame_id=px4_ned path_points=0 odom_source=/race/odom cloud_source=/saved_map mavros_connected=true
[race_ego_cloud_bridge-8] [INFO] [1786827089.993586835] [race_ego_cloud_bridge]: [EGO_MAP_FUSION] static_points=11417 live_raw_points=15168 confirmed_live_voxels=5247 min_observations=2 memory_sec=1.00 fused_points=16664
[fastlio_bridge_node-2] [INFO] [1786827090.006893149] [fastlio_bridge_node]: 已桥接并转换里程计: ENU(0.37, -2.53, 0.61) -> NED(-2.53, 0.37, -0.61)
[race_ego_cloud_bridge-8] [INFO] [1786827090.008195727] [race_ego_cloud_bridge]: [EGO_MAP_INPUT] topic=/race/ego/cloud frame=map points=16664 source=static_live_px4 refresh_period=0.00s
[offboard_waypoint_node-1] [INFO] [1786827090.014547844] [offboard_waypoint_node]: [EV_HEALTH] state=SUSPECT continuous_healthy=0.00s
[fastlio_bridge_node-2] [INFO] [1786827090.027105363] [fastlio_bridge_node]: 已桥接并转换里程计: ENU(0.37, -2.53, 0.61) -> NED(-2.53, 0.37, -0.61)
[fastlio_bridge_node-2] [INFO] [1786827090.028138141] [fastlio_bridge_node]: 已桥接并转换里程计: ENU(0.37, -2.53, 0.61) -> NED(-2.53, 0.37, -0.61)
[fastlio_bridge_node-2] [INFO] [1786827090.028355232] [fastlio_bridge_node]: 已桥接并转换里程计: ENU(0.37, -2.53, 0.61) -> NED(-2.53, 0.37, -0.61)
[fastlio_bridge_node-2] [INFO] [1786827090.028499088] [fastlio_bridge_node]: 已桥接并转换里程计: ENU(0.37, -2.53, 0.61) -> NED(-2.53, 0.37, -0.61)
[fastlio_bridge_node-2] [INFO] [1786827090.035837422] [fastlio_bridge_node]: 已桥接并转换里程计: ENU(0.37, -2.53, 0.61) -> NED(-2.53, 0.37, -0.61)
[fastlio_bridge_node-2] [INFO] [1786827090.037817679] [fastlio_bridge_node]: 已桥接并转换里程计: ENU(0.37, -2.53, 0.61) -> NED(-2.53, 0.37, -0.61)
[fastlio_bridge_node-2] [INFO] [1786827090.049369362] [fastlio_bridge_node]: 已桥接并转换里程计: ENU(0.37, -2.53, 0.61) -> NED(-2.53, 0.37, -0.61)
[fastlio_bridge_node-2] [INFO] [1786827090.071079537] [fastlio_bridge_node]: 已桥接并转换里程计: ENU(0.37, -2.53, 0.61) -> NED(-2.53, 0.37, -0.61)
[fastlio_bridge_node-2] [INFO] [1786827090.071727628] [fastlio_bridge_node]: 已桥接并转换里程计: ENU(0.37, -2.53, 0.61) -> NED(-2.53, 0.37, -0.61)
[fastlio_bridge_node-2] [INFO] [1786827090.080046279] [fastlio_bridge_node]: 已桥接并转换里程计: ENU(0.37, -2.53, 0.61) -> NED(-2.53, 0.37, -0.61)
[fastlio_bridge_node-2] [INFO] [1786827090.082707942] [fastlio_bridge_node]: 已桥接并转换里程计: ENU(0.37, -2.53, 0.61) -> NED(-2.53, 0.37, -0.61)
[fastlio_bridge_node-2] [INFO] [1786827090.087878107] [fastlio_bridge_node]: 已桥接并转换里程计: ENU(0.37, -2.53, 0.61) -> NED(-2.53, 0.37, -0.61)
[fastlio_bridge_node-2] [INFO] [1786827090.091307144] [fastlio_bridge_node]: 已桥接并转换里程计: ENU(0.37, -2.53, 0.61) -> NED(-2.53, 0.37, -0.61)
[offboard_waypoint_node-1] [INFO] [1786827090.123944716] [offboard_waypoint_node]: Takeoff height reached; holding XY until a fresh safe EGO trajectory is ready
[super_planner_ros2_node-6] [INFO] [1786827091.001966865] [super_planner_ros2_node]: SUPER_ROS2 mode=IDLE enable_output=false reason=NO_GOAL odom=(0.37,-2.53,0.60) goal=none tracking_setpoint_enu=(0.37,-2.53,0.69) setpoint_ned=none yaw(desired/cmd/rate)=(0.00/0.00/0.00) cross_track=0.00 frame_id=px4_ned path_points=0 odom_source=/race/odom cloud_source=/saved_map mavros_connected=true
[race_ego_cloud_bridge-8] [INFO] [1786827091.029939851] [race_ego_cloud_bridge]: [EGO_STATIC_MAP_READY] topic=/saved_map frame=map points=11417 fused=true
[offboard_waypoint_node-1] [INFO] [1786827091.168026466] [offboard_waypoint_node]: Takeoff height reached; holding XY until a fresh safe EGO trajectory is ready
[ego_planner_node-10] [INFO] [1786827091.336599637] [race_ego_planner]: [EGO_OCCUPANCY_UPDATE] input_topic=grid_map/cloud input_frame=map occupancy_frame=map cloud_points=16969 local_points=10859 occupied_voxels=33511 camera=(0.384,-2.528,0.588) local_index_bounds=[(47,30,0),(117,111,13)]
[ego_planner_node-10] [FSM]: state: WAIT_TARGET
[ego_planner_node-10] wait for goal or trigger.
[rviz2-13] [INFO] [1786827091.887716959] [rviz2]: Message Filter dropping message: frame 'odom' at time 1786827090.280 for reason 'discarding message because the queue is full'
[race_ego_trajectory_bridge-12] [INFO] [1786827091.906061957] [race_ego_trajectory_bridge]: [EGO_OCCUPANCY_MAP] topic=/race/ego/cloud frame=map raw_points=16955 map_age=0.044
[fastlio_bridge_node-2] [INFO] [1786827092.005087810] [fastlio_bridge_node]: 已桥接并转换里程计: ENU(0.42, -2.54, 0.53) -> NED(-2.54, 0.42, -0.53)
[fastlio_bridge_node-2] [INFO] [1786827092.010024137] [fastlio_bridge_node]: 已桥接并转换里程计: ENU(0.42, -2.54, 0.53) -> NED(-2.54, 0.42, -0.53)
[fastlio_bridge_node-2] [INFO] [1786827092.018825185] [fastlio_bridge_node]: 已桥接并转换里程计: ENU(0.42, -2.54, 0.53) -> NED(-2.54, 0.42, -0.53)
[fastlio_bridge_node-2] [INFO] [1786827092.026680133] [fastlio_bridge_node]: 已桥接并转换里程计: ENU(0.42, -2.54, 0.53) -> NED(-2.54, 0.42, -0.53)
[fastlio_bridge_node-2] [INFO] [1786827092.030284249] [fastlio_bridge_node]: 已桥接并转换里程计: ENU(0.42, -2.54, 0.53) -> NED(-2.54, 0.42, -0.53)
[fastlio_bridge_node-2] [INFO] [1786827092.038721936] [fastlio_bridge_node]: 已桥接并转换里程计: ENU(0.42, -2.54, 0.53) -> NED(-2.54, 0.42, -0.53)
[fastlio_bridge_node-2] [INFO] [1786827092.042545355] [fastlio_bridge_node]: 已桥接并转换里程计: ENU(0.42, -2.54, 0.53) -> NED(-2.54, 0.42, -0.53)
[fastlio_bridge_node-2] [INFO] [1786827092.046695341] [fastlio_bridge_node]: 已桥接并转换里程计: ENU(0.42, -2.54, 0.53) -> NED(-2.54, 0.42, -0.53)
[fastlio_bridge_node-2] [INFO] [1786827092.051201253] [fastlio_bridge_node]: 已桥接并转换里程计: ENU(0.42, -2.54, 0.53) -> NED(-2.54, 0.42, -0.53)
[super_planner_ros2_node-6] [INFO] [1786827092.051289682] [super_planner_ros2_node]: SUPER_ROS2 mode=IDLE enable_output=false reason=NO_GOAL odom=(0.42,-2.54,0.53) goal=none tracking_setpoint_enu=(0.42,-2.54,0.69) setpoint_ned=none yaw(desired/cmd/rate)=(0.00/0.00/0.00) cross_track=0.00 frame_id=px4_ned path_points=0 odom_source=/race/odom cloud_source=/saved_map mavros_connected=true
[fastlio_bridge_node-2] [INFO] [1786827092.057120781] [fastlio_bridge_node]: 已桥接并转换里程计: ENU(0.42, -2.54, 0.53) -> NED(-2.54, 0.42, -0.53)
[fastlio_bridge_node-2] [INFO] [1786827092.060664862] [fastlio_bridge_node]: 已桥接并转换里程计: ENU(0.42, -2.54, 0.53) -> NED(-2.54, 0.42, -0.53)
[fastlio_bridge_node-2] [INFO] [1786827092.068272142] [fastlio_bridge_node]: 已桥接并转换里程计: ENU(0.42, -2.54, 0.53) -> NED(-2.54, 0.42, -0.53)
[offboard_waypoint_node-1] [INFO] [1786827092.072772073] [offboard_waypoint_node]: [EV_HEALTH] state=HEALTHY continuous_healthy=0.00s
[fastlio_bridge_node-2] [INFO] [1786827092.076311526] [fastlio_bridge_node]: 已桥接并转换里程计: ENU(0.42, -2.54, 0.53) -> NED(-2.54, 0.42, -0.53)
[fastlio_bridge_node-2] [INFO] [1786827092.085485329] [fastlio_bridge_node]: 已桥接并转换里程计: ENU(0.42, -2.54, 0.53) -> NED(-2.54, 0.42, -0.53)
[fastlio_bridge_node-2] [INFO] [1786827092.090086490] [fastlio_bridge_node]: 已桥接并转换里程计: ENU(0.42, -2.54, 0.54) -> NED(-2.54, 0.42, -0.54)
[fastlio_bridge_node-2] [INFO] [1786827092.095904675] [fastlio_bridge_node]: 已桥接并转换里程计: ENU(0.42, -2.54, 0.54) -> NED(-2.54, 0.42, -0.54)
[race_ego_cloud_bridge-8] [INFO] [1786827092.100734833] [race_ego_cloud_bridge]: [EGO_MAP_FUSION] static_points=11417 live_raw_points=15016 confirmed_live_voxels=4869 min_observations=2 memory_sec=1.00 fused_points=16286
[race_ego_cloud_bridge-8] [INFO] [1786827092.101232371] [race_ego_cloud_bridge]: [EGO_MAP_INPUT] topic=/race/ego/cloud frame=map points=16286 source=static_live_px4 refresh_period=0.00s
[offboard_waypoint_node-1] [INFO] [1786827092.216272974] [offboard_waypoint_node]: Takeoff height reached; holding XY until a fresh safe EGO trajectory is ready
[race_ego_cloud_bridge-8] [INFO] [1786827093.032566240] [race_ego_cloud_bridge]: [EGO_STATIC_MAP_READY] topic=/saved_map frame=map points=11417 fused=true
[super_planner_ros2_node-6] [INFO] [1786827093.051469968] [super_planner_ros2_node]: SUPER_ROS2 mode=IDLE enable_output=false reason=NO_GOAL odom=(0.40,-2.52,0.57) goal=none tracking_setpoint_enu=(0.40,-2.52,0.69) setpoint_ned=none yaw(desired/cmd/rate)=(0.00/0.00/0.00) cross_track=0.00 frame_id=px4_ned path_points=0 odom_source=/race/odom cloud_source=/saved_map mavros_connected=true
[ego_planner_node-10] [FSM]: state: WAIT_TARGET
[ego_planner_node-10] wait for goal or trigger.
[offboard_waypoint_node-1] [INFO] [1786827093.218673563] [offboard_waypoint_node]: Takeoff height reached; holding XY until a fresh safe EGO trajectory is ready
[ego_planner_node-10] [INFO] [1786827093.355617494] [race_ego_planner]: [EGO_OCCUPANCY_UPDATE] input_topic=grid_map/cloud input_frame=map occupancy_frame=map cloud_points=16168 local_points=10695 occupied_voxels=33536 camera=(0.394,-2.513,0.604) local_index_bounds=[(47,30,0),(117,111,13)]
[race_ego_trajectory_bridge-12] [INFO] [1786827093.930064048] [race_ego_trajectory_bridge]: [EGO_OCCUPANCY_MAP] topic=/race/ego/cloud frame=map raw_points=16099 map_age=0.024
[fastlio_bridge_node-2] [INFO] [1786827094.006841615] [fastlio_bridge_node]: 已桥接并转换里程计: ENU(0.40, -2.49, 0.59) -> NED(-2.49, 0.40, -0.59)
[fastlio_bridge_node-2] [INFO] [1786827094.009725499] [fastlio_bridge_node]: 已桥接并转换里程计: ENU(0.40, -2.49, 0.59) -> NED(-2.49, 0.40, -0.59)
[fastlio_bridge_node-2] [INFO] [1786827094.023105671] [fastlio_bridge_node]: 已桥接并转换里程计: ENU(0.40, -2.49, 0.59) -> NED(-2.49, 0.40, -0.59)
[fastlio_bridge_node-2] [INFO] [1786827094.028646484] [fastlio_bridge_node]: 已桥接并转换里程计: ENU(0.40, -2.49, 0.59) -> NED(-2.49, 0.40, -0.59)
[fastlio_bridge_node-2] [INFO] [1786827094.033267416] [fastlio_bridge_node]: 已桥接并转换里程计: ENU(0.40, -2.49, 0.59) -> NED(-2.49, 0.40, -0.59)
[fastlio_bridge_node-2] [INFO] [1786827094.038564039] [fastlio_bridge_node]: 已桥接并转换里程计: ENU(0.40, -2.49, 0.59) -> NED(-2.49, 0.40, -0.59)
[fastlio_bridge_node-2] [INFO] [1786827094.043644811] [fastlio_bridge_node]: 已桥接并转换里程计: ENU(0.40, -2.49, 0.59) -> NED(-2.49, 0.40, -0.59)
[fastlio_bridge_node-2] [INFO] [1786827094.050043790] [fastlio_bridge_node]: 已桥接并转换里程计: ENU(0.40, -2.49, 0.59) -> NED(-2.49, 0.40, -0.59)
[super_planner_ros2_node-6] [INFO] [1786827094.052097999] [super_planner_ros2_node]: SUPER_ROS2 mode=IDLE enable_output=false reason=NO_GOAL odom=(0.40,-2.49,0.59) goal=none tracking_setpoint_enu=(0.40,-2.49,0.69) setpoint_ned=none yaw(desired/cmd/rate)=(0.00/0.00/0.00) cross_track=0.00 frame_id=px4_ned path_points=0 odom_source=/race/odom cloud_source=/saved_map mavros_connected=true
[fastlio_bridge_node-2] [INFO] [1786827094.053531010] [fastlio_bridge_node]: 已桥接并转换里程计: ENU(0.40, -2.49, 0.59) -> NED(-2.49, 0.40, -0.59)
[fastlio_bridge_node-2] [INFO] [1786827094.057159231] [fastlio_bridge_node]: 已桥接并转换里程计: ENU(0.40, -2.49, 0.59) -> NED(-2.49, 0.40, -0.59)
[fastlio_bridge_node-2] [INFO] [1786827094.062356311] [fastlio_bridge_node]: 已桥接并转换里程计: ENU(0.40, -2.49, 0.59) -> NED(-2.49, 0.40, -0.59)
[fastlio_bridge_node-2] [INFO] [1786827094.068657256] [fastlio_bridge_node]: 已桥接并转换里程计: ENU(0.40, -2.49, 0.59) -> NED(-2.49, 0.40, -0.59)
[fastlio_bridge_node-2] [INFO] [1786827094.074051301] [fastlio_bridge_node]: 已桥接并转换里程计: ENU(0.40, -2.49, 0.59) -> NED(-2.49, 0.40, -0.59)
[fastlio_bridge_node-2] [INFO] [1786827094.082640580] [fastlio_bridge_node]: 已桥接并转换里程计: ENU(0.40, -2.49, 0.59) -> NED(-2.49, 0.40, -0.59)
[fastlio_bridge_node-2] [INFO] [1786827094.088671259] [fastlio_bridge_node]: 已桥接并转换里程计: ENU(0.40, -2.49, 0.59) -> NED(-2.49, 0.40, -0.59)
[fastlio_bridge_node-2] [INFO] [1786827094.092111176] [fastlio_bridge_node]: 已桥接并转换里程计: ENU(0.40, -2.49, 0.59) -> NED(-2.49, 0.40, -0.59)
[fastlio_bridge_node-2] [INFO] [1786827094.099715949] [fastlio_bridge_node]: 已桥接并转换里程计: ENU(0.40, -2.49, 0.59) -> NED(-2.49, 0.40, -0.59)
[offboard_waypoint_node-1] [INFO] [1786827094.266549730] [offboard_waypoint_node]: Takeoff height reached; holding XY until a fresh safe EGO trajectory is ready
[race_ego_cloud_bridge-8] [INFO] [1786827094.334914827] [race_ego_cloud_bridge]: [EGO_MAP_FUSION] static_points=11417 live_raw_points=17867 confirmed_live_voxels=5445 min_observations=2 memory_sec=1.00 fused_points=16862
[race_ego_cloud_bridge-8] [INFO] [1786827094.335488200] [race_ego_cloud_bridge]: [EGO_MAP_INPUT] topic=/race/ego/cloud frame=map points=16862 source=static_live_px4 refresh_period=0.00s
[rviz2-13] [INFO] [1786827094.403635358] [rviz2]: Message Filter dropping message: frame 'odom' at time 1786827092.181 for reason 'discarding message because the queue is full'
[ego_planner_node-10] [FSM]: state: WAIT_TARGET
[ego_planner_node-10] wait for goal or trigger.
[race_ego_cloud_bridge-8] [INFO] [1786827095.031242240] [race_ego_cloud_bridge]: [EGO_STATIC_MAP_READY] topic=/saved_map frame=map points=11417 fused=true
[super_planner_ros2_node-6] [INFO] [1786827095.101760864] [super_planner_ros2_node]: SUPER_ROS2 mode=IDLE enable_output=false reason=NO_GOAL odom=(0.45,-2.50,0.60) goal=none tracking_setpoint_enu=(0.45,-2.50,0.69) setpoint_ned=none yaw(desired/cmd/rate)=(0.00/0.00/0.00) cross_track=0.00 frame_id=px4_ned path_points=0 odom_source=/race/odom cloud_source=/saved_map mavros_connected=true
[offboard_waypoint_node-1] [INFO] [1786827095.266712320] [offboard_waypoint_node]: Takeoff height reached; holding XY until a fresh safe EGO trajectory is ready
[ego_planner_node-10] [INFO] [1786827095.399028118] [race_ego_planner]: [EGO_OCCUPANCY_UPDATE] input_topic=grid_map/cloud input_frame=map occupancy_frame=map cloud_points=17134 local_points=11030 occupied_voxels=34218 camera=(0.448,-2.500,0.612) local_index_bounds=[(47,30,0),(117,111,13)]
[fastlio_bridge_node-2] [INFO] [1786827096.000741235] [fastlio_bridge_node]: 已桥接并转换里程计: ENU(0.42, -2.49, 0.62) -> NED(-2.49, 0.42, -0.62)
[fastlio_bridge_node-2] [INFO] [1786827096.007488477] [fastlio_bridge_node]: 已桥接并转换里程计: ENU(0.41, -2.49, 0.62) -> NED(-2.49, 0.41, -0.62)
[fastlio_bridge_node-2] [INFO] [1786827096.012140151] [fastlio_bridge_node]: 已桥接并转换里程计: ENU(0.41, -2.49, 0.62) -> NED(-2.49, 0.41, -0.62)
[race_ego_trajectory_bridge-12] [INFO] [1786827096.013744361] [race_ego_trajectory_bridge]: [EGO_OCCUPANCY_MAP] topic=/race/ego/cloud frame=map raw_points=16603 map_age=0.025
[fastlio_bridge_node-2] [INFO] [1786827096.017970545] [fastlio_bridge_node]: 已桥接并转换里程计: ENU(0.41, -2.49, 0.62) -> NED(-2.49, 0.41, -0.62)
[fastlio_bridge_node-2] [INFO] [1786827096.025278520] [fastlio_bridge_node]: 已桥接并转换里程计: ENU(0.41, -2.49, 0.62) -> NED(-2.49, 0.41, -0.62)
[fastlio_bridge_node-2] [INFO] [1786827096.027401660] [fastlio_bridge_node]: 已桥接并转换里程计: ENU(0.41, -2.49, 0.62) -> NED(-2.49, 0.41, -0.62)
[fastlio_bridge_node-2] [INFO] [1786827096.032651953] [fastlio_bridge_node]: 已桥接并转换里程计: ENU(0.41, -2.49, 0.62) -> NED(-2.49, 0.41, -0.62)
[fastlio_bridge_node-2] [INFO] [1786827096.036740401] [fastlio_bridge_node]: 已桥接并转换里程计: ENU(0.41, -2.49, 0.62) -> NED(-2.49, 0.41, -0.62)
[fastlio_bridge_node-2] [INFO] [1786827096.042125858] [fastlio_bridge_node]: 已桥接并转换里程计: ENU(0.41, -2.49, 0.62) -> NED(-2.49, 0.41, -0.62)
[fastlio_bridge_node-2] [INFO] [1786827096.045935913] [fastlio_bridge_node]: 已桥接并转换里程计: ENU(0.41, -2.49, 0.62) -> NED(-2.49, 0.41, -0.62)
[fastlio_bridge_node-2] [INFO] [1786827096.050489235] [fastlio_bridge_node]: 已桥接并转换里程计: ENU(0.41, -2.49, 0.62) -> NED(-2.49, 0.41, -0.62)
[fastlio_bridge_node-2] [INFO] [1786827096.055377397] [fastlio_bridge_node]: 已桥接并转换里程计: ENU(0.41, -2.49, 0.62) -> NED(-2.49, 0.41, -0.62)
[fastlio_bridge_node-2] [INFO] [1786827096.064169274] [fastlio_bridge_node]: 已桥接并转换里程计: ENU(0.41, -2.49, 0.62) -> NED(-2.49, 0.41, -0.62)
[fastlio_bridge_node-2] [INFO] [1786827096.070737845] [fastlio_bridge_node]: 已桥接并转换里程计: ENU(0.41, -2.49, 0.62) -> NED(-2.49, 0.41, -0.62)
[fastlio_bridge_node-2] [INFO] [1786827096.074484946] [fastlio_bridge_node]: 已桥接并转换里程计: ENU(0.41, -2.49, 0.62) -> NED(-2.49, 0.41, -0.62)
[fastlio_bridge_node-2] [INFO] [1786827096.076144893] [fastlio_bridge_node]: 已桥接并转换里程计: ENU(0.41, -2.49, 0.62) -> NED(-2.49, 0.41, -0.62)
[fastlio_bridge_node-2] [INFO] [1786827096.080279738] [fastlio_bridge_node]: 已桥接并转换里程计: ENU(0.41, -2.49, 0.62) -> NED(-2.49, 0.41, -0.62)
[fastlio_bridge_node-2] [INFO] [1786827096.085639515] [fastlio_bridge_node]: 已桥接并转换里程计: ENU(0.41, -2.49, 0.62) -> NED(-2.49, 0.41, -0.62)
[fastlio_bridge_node-2] [INFO] [1786827096.090404701] [fastlio_bridge_node]: 已桥接并转换里程计: ENU(0.41, -2.49, 0.62) -> NED(-2.49, 0.41, -0.62)
[super_planner_ros2_node-6] [INFO] [1786827096.102219420] [super_planner_ros2_node]: SUPER_ROS2 mode=IDLE enable_output=false reason=NO_GOAL odom=(0.41,-2.49,0.62) goal=none tracking_setpoint_enu=(0.41,-2.49,0.69) setpoint_ned=none yaw(desired/cmd/rate)=(0.00/0.00/0.00) cross_track=0.00 frame_id=px4_ned path_points=0 odom_source=/race/odom cloud_source=/saved_map mavros_connected=true
[ego_planner_node-10] [FSM]: state: WAIT_TARGET
[ego_planner_node-10] wait for goal or trigger.
[offboard_waypoint_node-1] [INFO] [1786827096.267752525] [offboard_waypoint_node]: Takeoff height reached; holding XY until a fresh safe EGO trajectory is ready
[race_ego_cloud_bridge-8] [INFO] [1786827096.361942570] [race_ego_cloud_bridge]: [EGO_MAP_FUSION] static_points=11417 live_raw_points=14989 confirmed_live_voxels=5161 min_observations=2 memory_sec=1.00 fused_points=16578
[race_ego_cloud_bridge-8] [INFO] [1786827096.363160705] [race_ego_cloud_bridge]: [EGO_MAP_INPUT] topic=/race/ego/cloud frame=map points=16578 source=static_live_px4 refresh_period=0.00s
[rviz2-13] [INFO] [1786827096.926467494] [rviz2]: Message Filter dropping message: frame 'odom' at time 1786827094.880 for reason 'discarding message because the queue is full'
[race_ego_cloud_bridge-8] [INFO] [1786827097.032167106] [race_ego_cloud_bridge]: [EGO_STATIC_MAP_READY] topic=/saved_map frame=map points=11417 fused=true
[super_planner_ros2_node-6] [INFO] [1786827097.152365092] [super_planner_ros2_node]: SUPER_ROS2 mode=IDLE enable_output=false reason=NO_GOAL odom=(0.30,-2.49,0.61) goal=none tracking_setpoint_enu=(0.30,-2.49,0.69) setpoint_ned=none yaw(desired/cmd/rate)=(0.00/0.00/0.00) cross_track=0.00 frame_id=px4_ned path_points=0 odom_source=/race/odom cloud_source=/saved_map mavros_connected=true
[offboard_waypoint_node-1] [INFO] [1786827097.316500606] [offboard_waypoint_node]: Takeoff height reached; holding XY until a fresh safe EGO trajectory is ready
[ego_planner_node-10] [INFO] [1786827097.448663989] [race_ego_planner]: [EGO_OCCUPANCY_UPDATE] input_topic=grid_map/cloud input_frame=map occupancy_frame=map cloud_points=16061 local_points=10672 occupied_voxels=33945 camera=(0.290,-2.490,0.606) local_index_bounds=[(47,30,0),(117,112,13)]
[ego_planner_node-10] [FSM]: state: WAIT_TARGET
[ego_planner_node-10] wait for goal or trigger.
[fastlio_bridge_node-2] [INFO] [1786827098.004767419] [fastlio_bridge_node]: 已桥接并转换里程计: ENU(0.27, -2.49, 0.62) -> NED(-2.49, 0.27, -0.62)
[fastlio_bridge_node-2] [INFO] [1786827098.009718511] [fastlio_bridge_node]: 已桥接并转换里程计: ENU(0.27, -2.49, 0.62) -> NED(-2.49, 0.27, -0.62)
[fastlio_bridge_node-2] [INFO] [1786827098.014021649] [fastlio_bridge_node]: 已桥接并转换里程计: ENU(0.27, -2.49, 0.62) -> NED(-2.49, 0.27, -0.62)
[race_ego_trajectory_bridge-12] [INFO] [1786827098.018223415] [race_ego_trajectory_bridge]: [EGO_OCCUPANCY_MAP] topic=/race/ego/cloud frame=map raw_points=16614 map_age=0.028
[fastlio_bridge_node-2] [INFO] [1786827098.023098227] [fastlio_bridge_node]: 已桥接并转换里程计: ENU(0.27, -2.49, 0.62) -> NED(-2.49, 0.27, -0.62)
[fastlio_bridge_node-2] [INFO] [1786827098.028431386] [fastlio_bridge_node]: 已桥接并转换里程计: ENU(0.27, -2.49, 0.62) -> NED(-2.49, 0.27, -0.62)
[fastlio_bridge_node-2] [INFO] [1786827098.032897894] [fastlio_bridge_node]: 已桥接并转换里程计: ENU(0.27, -2.49, 0.62) -> NED(-2.49, 0.27, -0.62)
[fastlio_bridge_node-2] [INFO] [1786827098.046673419] [fastlio_bridge_node]: 已桥接并转换里程计: ENU(0.27, -2.49, 0.62) -> NED(-2.49, 0.27, -0.62)
[fastlio_bridge_node-2] [INFO] [1786827098.067269740] [fastlio_bridge_node]: 已桥接并转换里程计: ENU(0.27, -2.49, 0.62) -> NED(-2.49, 0.27, -0.62)
[fastlio_bridge_node-2] [INFO] [1786827098.068114242] [fastlio_bridge_node]: 已桥接并转换里程计: ENU(0.27, -2.49, 0.62) -> NED(-2.49, 0.27, -0.62)
[fastlio_bridge_node-2] [INFO] [1786827098.068539215] [fastlio_bridge_node]: 已桥接并转换里程计: ENU(0.27, -2.49, 0.62) -> NED(-2.49, 0.27, -0.62)
[fastlio_bridge_node-2] [INFO] [1786827098.068852781] [fastlio_bridge_node]: 已桥接并转换里程计: ENU(0.27, -2.49, 0.62) -> NED(-2.49, 0.27, -0.62)
[fastlio_bridge_node-2] [INFO] [1786827098.070544789] [fastlio_bridge_node]: 已桥接并转换里程计: ENU(0.27, -2.49, 0.62) -> NED(-2.49, 0.27, -0.62)
[fastlio_bridge_node-2] [INFO] [1786827098.071283816] [fastlio_bridge_node]: 已桥接并转换里程计: ENU(0.27, -2.49, 0.62) -> NED(-2.49, 0.27, -0.62)
[fastlio_bridge_node-2] [INFO] [1786827098.077487388] [fastlio_bridge_node]: 已桥接并转换里程计: ENU(0.27, -2.49, 0.63) -> NED(-2.49, 0.27, -0.63)
[fastlio_bridge_node-2] [INFO] [1786827098.083731442] [fastlio_bridge_node]: 已桥接并转换里程计: ENU(0.27, -2.49, 0.63) -> NED(-2.49, 0.27, -0.63)
[fastlio_bridge_node-2] [INFO] [1786827098.091866441] [fastlio_bridge_node]: 已桥接并转换里程计: ENU(0.27, -2.49, 0.63) -> NED(-2.49, 0.27, -0.63)
[fastlio_bridge_node-2] [INFO] [1786827098.098970154] [fastlio_bridge_node]: 已桥接并转换里程计: ENU(0.27, -2.49, 0.63) -> NED(-2.49, 0.27, -0.63)
[super_planner_ros2_node-6] [INFO] [1786827098.152716042] [super_planner_ros2_node]: SUPER_ROS2 mode=IDLE enable_output=false reason=NO_GOAL odom=(0.27,-2.49,0.63) goal=none tracking_setpoint_enu=(0.27,-2.49,0.69) setpoint_ned=none yaw(desired/cmd/rate)=(0.00/0.00/0.00) cross_track=0.00 frame_id=px4_ned path_points=0 odom_source=/race/odom cloud_source=/saved_map mavros_connected=true
[offboard_waypoint_node-1] [INFO] [1786827098.317700616] [offboard_waypoint_node]: Takeoff height reached; holding XY until a fresh safe EGO trajectory is ready
[race_ego_cloud_bridge-8] [INFO] [1786827098.570015646] [race_ego_cloud_bridge]: [EGO_MAP_FUSION] static_points=11417 live_raw_points=18107 confirmed_live_voxels=5853 min_observations=2 memory_sec=1.00 fused_points=17270
[race_ego_cloud_bridge-8] [INFO] [1786827098.573696907] [race_ego_cloud_bridge]: [EGO_MAP_INPUT] topic=/race/ego/cloud frame=map points=17270 source=static_live_px4 refresh_period=0.00s
[rviz2-13] [INFO] [1786827098.969497359] [rviz2]: Setting goal pose: Frame:map, Position(1.04102, -2.40553, 0), Orientation(0, 0, -0.949597, 0.313473) = Angle: -2.5039
[offboard_waypoint_node-1] [INFO] [1786827098.970131248] [offboard_waypoint_node]: [OFFBOARD_NEW_GOAL_RESET] old safety latch cleared; waiting for a fresh validated EGO trajectory
[offboard_waypoint_node-1] [WARN] [1786827098.970268371] [offboard_waypoint_node]: [CONTROL_STATE] IDLE_HOLD -> PLANNING: new final goal received
[offboard_waypoint_node-1] [INFO] [1786827098.970290624] [offboard_waypoint_node]: Active final goal id=1 NED=(-2.406,1.041)
[offboard_waypoint_node-1] [INFO] [1786827098.970317447] [offboard_waypoint_node]: [OFFBOARD_TAKEOFF_IGNORED] state=3 reason=new EGO goal; preserve current flight transaction
[super_planner_ros2_node-6] [INFO] [1786827098.970314113] [super_planner_ros2_node]: Received goal id=1 ENU/map=(1.04, -2.41, 0.69)
[super_planner_ros2_node-6] [INFO] [1786827099.001801592] [super_planner_ros2_node]: [FINAL_GOAL_CHECK] global_goal_id=1 distance_to_final=0.715 speed=0.094 confirm=0/10 final_goal_reached=false
[super_planner_ros2_node-6] [WARN] [1786827099.002133131] [super_planner_ros2_node]: [EGO_PROGRESS_STALLED] trajectory_id=-1 trajectory_age=inf lease_remaining=-inf local_goal_seq=0 validated_goal_seq=0 local_goal_reached=false; request one global replan
[super_planner_ros2_node-6] [INFO] [1786827099.002206364] [super_planner_ros2_node]: [SUPER_GOAL_SELECTION] mode=GLOBAL_FULL_GOAL final_goal=(1.041,-2.406,0.692) planning_goal=(1.041,-2.406,0.692) distance=0.715 clipped=false
[super_planner_ros2_node-6] [INFO] [1786827099.002278592] [super_planner_ros2_node]: [SUPER_GLOBAL_GRID] min_x=-2.665 max_x=4.041 min_y=-5.523 max_y=0.594 resolution=0.050 width=135 height=123 start_index=(60,60) goal_index=(74,62)
[race_ego_cloud_bridge-8] [INFO] [1786827099.031369265] [race_ego_cloud_bridge]: [EGO_STATIC_MAP_READY] topic=/saved_map frame=map points=11417 fused=true
[super_planner_ros2_node-6] [INFO] [1786827099.203179966] [super_planner_ros2_node]: [SUPER_CONTINUOUS_PATH_CHECK] source=RAW_ASTAR min_clearance=1.184 required_clearance=0.290 valid=true
[super_planner_ros2_node-6] [INFO] [1786827099.206739590] [super_planner_ros2_node]: [SUPER_ASTAR_VISIBILITY_SIMPLIFY] raw_points=15 simplified_points=15 raw_length=0.752 simplified_length=0.752 minimum_clearance=1.184 accepted=false clearance_preserved=true reason=DISABLED
[super_planner_ros2_node-6] [WARN] [1786827099.207054705] [super_planner_ros2_node]: [SUPER_SMOOTHED_PATH_REJECT] reason=SMOOTHING_VALIDATION no_smoothed_candidate=true (smoothing produced no path; raw path is used unchanged)
[super_planner_ros2_node-6] [WARN] [1786827099.207107683] [super_planner_ros2_node]: [SUPER_PATH_FALLBACK] source=RAW_ASTAR raw_points=15 goal_id=1
[super_planner_ros2_node-6] [INFO] [1786827099.208372804] [super_planner_ros2_node]: [CLEARANCE_PRESERVATION_POLICY] raw_global_min=1.184389709 smoothed_global_min=nan global_clearance_loss=nan local_comparison_method=NORMALIZED_ARC_PROGRESS_0.02M local_maximum_loss=0.000000000 numeric_tolerance=0.000001000
[super_planner_ros2_node-6] [INFO] [1786827099.208469487] [super_planner_ros2_node]: [PATH_TOPOLOGY_GUARD] raw_obstacle_side=BASELINE smoothed_obstacle_side=CONTINUOUS_DEFORMATION same_homotopy=true
[super_planner_ros2_node-6] [INFO] [1786827099.208534043] [super_planner_ros2_node]: [SUPER_PATH_SELECTION] candidate_smoothing_generated=false candidate_smoothing_safe=false clearance_preserved=true accepted_updates=0 accepted_iterations=0 selected=RAW fallback_reason=NO_CLEARANCE_PRESERVING_UPDATE
[super_planner_ros2_node-6] [INFO] [1786827099.211797659] [super_planner_ros2_node]: [FINAL_SELECTED_PATH_VALIDATION] selected_type=RAW min_clearance=1.184389709 inflated_collision=false continuous_clearance_pass=true finite=true maximum_segment_length=0.070711
[super_planner_ros2_node-6] [INFO] [1786827099.212017681] [super_planner_ros2_node]: path_pipeline raw=15 shortcut=15 smoothed=0 smoothing=fallback_raw_astar
[super_planner_ros2_node-6] [INFO] [1786827099.214614205] [super_planner_ros2_node]: [GLOBAL_PATH] id=1 points=15 length=0.752 bounds_x=[0.335,1.041] bounds_y=[-2.523,-2.406] hard_clearance=0.28 soft_radius=0.54
[super_planner_ros2_node-6] [INFO] [1786827099.214885262] [super_planner_ros2_node]: [SUPER_GLOBAL_PATH_COMPLETE] goal_id=1 raw_endpoint=(1.041,-2.406,0.692) published_endpoint=(1.041,-2.406,0.692) final_goal=(1.041,-2.406,0.692) endpoint_error=0.000000
[super_planner_ros2_node-6] [INFO] [1786827099.229453979] [super_planner_ros2_node]: [LOCAL_GOAL] path_id=1 seq=1 index=12 position=(0.892,-2.425,0.692) lookahead=0.60
[super_planner_ros2_node-6] [INFO] [1786827099.229675624] [super_planner_ros2_node]: [SUPER_LOCAL_REFERENCE] global_path_id=1 local_goal_seq=1 points=13 continuation_points=4 arc_length=0.600 minimum_clearance=1.230
[race_ego_goal_bridge-9] [INFO] [1786827099.229587785] [race_ego_goal_bridge]: [GOAL_BRIDGE_TAKEOFF_GATE] goal_seq=1 current_agl=0.688 safety_height=[0.500,0.900] horizontal_speed=0.072 vertical_speed=0.011 velocity_fresh=true stable=false cached=true
[super_planner_ros2_node-6] [INFO] [1786827099.230589882] [super_planner_ros2_node]: SUPER_ROS2 mode=FOLLOWING enable_output=false reason=GLOBAL_PATH_TO_EGO odom=(0.34,-2.52,0.63) goal=set tracking_setpoint_enu=(0.33,-2.52,0.69) setpoint_ned=none yaw(desired/cmd/rate)=(0.00/0.00/0.00) cross_track=0.00 frame_id=px4_ned path_points=15 odom_source=/race/odom cloud_source=/saved_map mavros_connected=true
[ego_planner_node-10] [FSM]: state: WAIT_TARGET
[ego_planner_node-10] wait for goal or trigger.
[offboard_waypoint_node-1] [INFO] [1786827099.319308619] [offboard_waypoint_node]: Takeoff height reached; holding XY until a fresh safe EGO trajectory is ready
[rviz2-13] [INFO] [1786827099.495838252] [rviz2]: Message Filter dropping message: frame 'odom' at time 1786827097.180 for reason 'discarding message because the queue is full'
[super_planner_ros2_node-6] [INFO] [1786827099.502253190] [super_planner_ros2_node]: [FINAL_GOAL_CHECK] global_goal_id=1 distance_to_final=0.682 speed=0.063 confirm=0/10 final_goal_reached=false
[ego_planner_node-10] [INFO] [1786827099.633502518] [race_ego_planner]: [EGO_OCCUPANCY_UPDATE] input_topic=grid_map/cloud input_frame=map occupancy_frame=map cloud_points=16277 local_points=10676 occupied_voxels=33171 camera=(0.376,-2.530,0.622) local_index_bounds=[(47,30,0),(117,111,13)]
[race_ego_goal_bridge-9] [INFO] [1786827099.692544024] [race_ego_goal_bridge]: [GOAL_BRIDGE_RELEASE] goal_seq=1 current_agl=0.684 target=(0.892,-2.425,0.692) reason=SAFETY_HEIGHT_RANGE_STABLE
[race_ego_goal_bridge-9] [INFO] [1786827099.697698087] [race_ego_goal_bridge]: Release EGO goal=(0.89,-2.43,0.69): vehicle stable within safety height range
[ego_planner_node-10] Triggered!
[ego_planner_node-10] [INFO] [1786827099.721271529] [race_ego_planner]: [EGO_REFERENCE_PATH] global_path_id=1 local_goal_seq=1 points=13 arc_length=0.600 start_projection=0.040 local_goal_projection=0.000 minimum_clearance=1.230 bound=true
[ego_planner_node-10] [INFO] [1786827099.721671048] [ego_planner]: [EGO_REFERENCE_PREFIX_TRIM] original_points=13 trimmed_points=13 projection_segment=0 projection_ratio=0.396762 discarded_length=0.024613 remaining_length=0.575387 valid=true
[ego_planner_node-10] [TRIG]: from WAIT_TARGET to GEN_NEW_TRAJ
[ego_planner_node-10] [INFO] [1786827099.723868542] [ego_planner]: [PARAMETERIZATION_INPUT] sample_count=7 sample_path_length=0.577956321 sample_progress_monotonic=true sample_self_intersection=false ts=0.213106325 start_P=(0.381945983,-2.529297900,0.691934003) start_V=(0.048647408,0.013289332,0.000000000) start_A=(0.000000000,0.000000000,0.000000000) end_constraint=PVA initial_interval=0.213106325 final_interval=0.557031672
[ego_planner_node-10] [INFO] [1786827099.723915364] [ego_planner]: [PARAMETERIZATION_DIAGNOSIS] sample_order_valid=true time_monotonic=true ts_valid=true boundary_geometry_consistent=true attempts=6 output_samples=7 matrix_condition=2.038778051 max_control_jump=0.243449461 max_deviation=0.035179352 first_bad_control_point=6 backtrack_segments=0 self_intersections=0 max_heading_jump=0.035408404 feasible=true accepted=true exact_root_cause=FIXED_SAMPLE_COUNT_INTERVAL_SCALING_AMPLIFIED_DYNAMIC_BOUNDARY
[ego_planner_node-10] [INFO] [1786827099.723941593] [ego_planner]: [DYNAMIC_BOUNDARY_MAPPING] degree=3 knot_interval=0.557031672 P_mapping=(Q0+4Q1+Q2)/6 V_mapping=(Q2-Q0)/(2ts) A_mapping=(Q0-2Q1+Q2)/ts^2 units_correct=true sign_correct=true scale_correct=true start_position=(0.381945983,-2.529297900,0.691934003) start_velocity=(0.048647408,0.013289332,0.000000000) start_acceleration=(0.000000000,0.000000000,0.000000000) q0=(0.354847836,-2.536700479,0.691934003) q1=(0.381945983,-2.529297900,0.691934003) q2=(0.409044131,-2.521895321,0.691934003)
[ego_planner_node-10] [INFO] [1786827099.723980280] [ego_planner]: [PREOPT_GEOMETRY_REGRESSION] seed_to_preopt_max_deviation=0.035179352 backtrack_segments=0 self_intersections=0 max_heading_jump=0.035408404 pass=true
[ego_planner_node-10] [INFO] [1786827099.724002438] [ego_planner]: [BSPLINE_START_BOUNDARY] degree=3 interval=0.557031672 position_hard=true velocity_hard=true acceleration_hard=true
[ego_planner_node-10] [47;30m
[ego_planner_node-10] [drone -1 replan 0]==============================================[0m
[ego_planner_node-10] [1;33mmulti-trajs=1[1;0m
[ego_planner_node-10] [INFO] [1786827099.728167532] [rebound_optimize]: [EGO_REBOUND_OPTIMIZATION] iterations=12 termination=0 max_obstacle_gradient_norm=0.000000000 obstacle_signal_nonzero=false success=true
[ego_planner_node-10] [32miter(+1)=12,time(ms)=0.273,total_t(ms)=0.275,cost=0.005
[ego_planner_node-10] [0mtraj 1 success.
[ego_planner_node-10] plan_success=1
[ego_planner_node-10] [INFO] [1786827099.732095147] [ego_planner]: [EGO_CANDIDATE_GENERATION_DEVIATION] preopt=0.035179352 postopt=0.074028118 preopt_backtrack=0 postopt_backtrack=0 preopt_self_intersections=0 postopt_self_intersections=0
[ego_planner_node-10] [INFO] [1786827099.734539047] [ego_planner]: [EGO_PUBLISH_GEOMETRY_GUARD] maximum_deviation=0.074028118 limit=0.800000000 limit_source=manager_default deviation_within_limit=true backtrack_segments=0 self_intersections=0 accepted=true
[ego_planner_node-10] [INFO] [1786827099.734653860] [ego_planner]: [HANDOVER_PRE_POST] preopt_position_error=0.000000000 preopt_velocity_error=0.000000000 preopt_acceleration_error=0.000000000 postopt_position_error=0.000000000 postopt_velocity_error=0.000000000 postopt_acceleration_error=0.000000000
[ego_planner_node-10] [INFO] [1786827099.734839063] [race_ego_planner]: [EGO_CANDIDATE_STAGED] candidate_id=1 active_id=0 active_local_goal_seq=0 candidate_local_goal_seq=1
[ego_planner_node-10] [INFO] [1786827099.735469249] [race_ego_planner]: [EGO_CANDIDATE_CLEARANCE_GATE] trajectory_id=1 candidate=NORMAL start_clearance=1.427 required_publish_clearance=0.340 planning_clearance=0.340 hard_clearance=0.290
[ego_planner_node-10] total time:[42m0.0105248[0m,optimize:0.00664308,refine:0.00388174,avg_time=0.0105248
[ego_planner_node-10] refine_success=1
[ego_planner_node-10] [INFO] [1786827099.741144537] [race_ego_planner]: [EGO_CANDIDATE_COMMIT] candidate_id=1 active_id=1 local_goal_seq=1 all_validations_passed=true
[ego_planner_node-10] [FSM]: from GEN_NEW_TRAJ to EXEC_TRAJ
[race_ego_trajectory_bridge-12] [INFO] [1786827099.748938673] [race_ego_trajectory_bridge]: [EGO_TRAJECTORY] trajectory_id=1 local_goal_seq=1 start_time=1786827099.749 points=169 duration=3.342 start=(0.382,-2.529,0.692) end=(0.885,-2.413,0.692) collision_free=true
[race_ego_trajectory_bridge-12] [INFO] [1786827099.749815603] [race_ego_trajectory_bridge]: [BRIDGE_CANDIDATE_COMMIT] trajectory_id=1 local_goal_seq=1 output_topic=/race/ego/validated_bspline
[race_ego_trajectory_bridge-12] [INFO] [1786827099.750307336] [race_ego_trajectory_bridge]: [EGO_STATUS] state=TRACKING control_enabled=true map=ready odom=ready goal=ready trajectory=ready
[traj_server-11] [WARN] [1786827099.752560035] [traj_server]: [YAW_TIME_GUARD] elapsed_sec=-0.000007476; holding yaw and publishing yaw_dot=0
[race_ego_trajectory_bridge-12] [INFO] [1786827099.756029908] [race_ego_trajectory_bridge]: [EGO_STATUS] state=TRAJECTORY_TIMEOUT control_enabled=true map=ready odom=ready goal=ready trajectory=ready
[race_ego_trajectory_bridge-12] [INFO] [1786827099.756823028] [race_ego_trajectory_bridge]: [SETPOINT_SOURCE] source=EGO trajectory_id=1 control_enabled=true position_enu=(0.383,-2.529,0.692)
[race_ego_trajectory_bridge-12] [INFO] [1786827099.757100912] [race_ego_trajectory_bridge]: [EGO_STATUS] state=TRACKING control_enabled=true map=ready odom=ready goal=ready trajectory=ready
[offboard_waypoint_node-1] [INFO] [1786827099.757770821] [offboard_waypoint_node]: [OFFBOARD_INITIAL_EGO_TRAJECTORY_READY] goal_id=1 wait=0.788s
[offboard_waypoint_node-1] [WARN] [1786827099.766668405] [offboard_waypoint_node]: [CONTROL_STATE] PLANNING -> TRACKING: takeoff complete with active goal
[offboard_waypoint_node-1] [INFO] [1786827099.766744007] [offboard_waypoint_node]: [OFFBOARD_EGO_HANDOVER] trajectory_id=unknown validated=true fresh=true
[offboard_waypoint_node-1] [INFO] [1786827099.766759281] [offboard_waypoint_node]: Takeoff height reached; following planner navigation setpoints.
[offboard_waypoint_node-1] [INFO] [1786827099.817075717] [offboard_waypoint_node]: [CONTROL_ARBITER] selected_source=ego state=TRACKING
[fastlio_bridge_node-2] [INFO] [1786827100.019116384] [fastlio_bridge_node]: 已桥接并转换里程计: ENU(0.39, -2.52, 0.64) -> NED(-2.52, 0.39, -0.64)
[fastlio_bridge_node-2] [INFO] [1786827100.020129585] [fastlio_bridge_node]: 已桥接并转换里程计: ENU(0.39, -2.52, 0.64) -> NED(-2.52, 0.39, -0.64)
[fastlio_bridge_node-2] [INFO] [1786827100.024337503] [fastlio_bridge_node]: 已桥接并转换里程计: ENU(0.39, -2.52, 0.64) -> NED(-2.52, 0.39, -0.64)
[fastlio_bridge_node-2] [INFO] [1786827100.032394764] [fastlio_bridge_node]: 已桥接并转换里程计: ENU(0.39, -2.52, 0.64) -> NED(-2.52, 0.39, -0.64)
[fastlio_bridge_node-2] [INFO] [1786827100.032703293] [fastlio_bridge_node]: 已桥接并转换里程计: ENU(0.39, -2.52, 0.64) -> NED(-2.52, 0.39, -0.64)
[fastlio_bridge_node-2] [INFO] [1786827100.046544114] [fastlio_bridge_node]: 已桥接并转换里程计: ENU(0.39, -2.52, 0.64) -> NED(-2.52, 0.39, -0.64)
[fastlio_bridge_node-2] [INFO] [1786827100.049203232] [fastlio_bridge_node]: 已桥接并转换里程计: ENU(0.39, -2.52, 0.64) -> NED(-2.52, 0.39, -0.64)
[fastlio_bridge_node-2] [INFO] [1786827100.055573102] [fastlio_bridge_node]: 已桥接并转换里程计: ENU(0.39, -2.52, 0.64) -> NED(-2.52, 0.39, -0.64)
[super_planner_ros2_node-6] [INFO] [1786827100.059956857] [super_planner_ros2_node]: [FINAL_GOAL_CHECK] global_goal_id=1 distance_to_final=0.661 speed=0.043 confirm=0/10 final_goal_reached=false
[fastlio_bridge_node-2] [INFO] [1786827100.067312947] [fastlio_bridge_node]: 已桥接并转换里程计: ENU(0.39, -2.52, 0.64) -> NED(-2.52, 0.39, -0.64)
[fastlio_bridge_node-2] [INFO] [1786827100.073047312] [fastlio_bridge_node]: 已桥接并转换里程计: ENU(0.39, -2.52, 0.64) -> NED(-2.52, 0.39, -0.64)
[fastlio_bridge_node-2] [INFO] [1786827100.084927762] [fastlio_bridge_node]: 已桥接并转换里程计: ENU(0.39, -2.52, 0.64) -> NED(-2.52, 0.39, -0.64)
[fastlio_bridge_node-2] [INFO] [1786827100.097448106] [fastlio_bridge_node]: 已桥接并转换里程计: ENU(0.39, -2.52, 0.64) -> NED(-2.52, 0.39, -0.64)
[fastlio_bridge_node-2] [INFO] [1786827100.097832085] [fastlio_bridge_node]: 已桥接并转换里程计: ENU(0.39, -2.52, 0.64) -> NED(-2.52, 0.39, -0.64)
[race_ego_trajectory_bridge-12] [INFO] [1786827100.183674275] [race_ego_trajectory_bridge]: [EGO_OCCUPANCY_MAP] topic=/race/ego/cloud frame=map raw_points=16868 map_age=0.023
[super_planner_ros2_node-6] [INFO] [1786827100.258816419] [super_planner_ros2_node]: SUPER_ROS2 mode=FOLLOWING enable_output=false reason=GLOBAL_PATH_TO_EGO odom=(0.39,-2.51,0.64) goal=set tracking_setpoint_enu=(0.33,-2.52,0.69) setpoint_ned=none yaw(desired/cmd/rate)=(0.00/0.00/0.00) cross_track=0.04 frame_id=px4_ned path_points=15 odom_source=/race/odom cloud_source=/saved_map mavros_connected=true
[ego_planner_node-10] [FSM]: from EXEC_TRAJ to REPLAN_TRAJ
[ego_planner_node-10] [INFO] [1786827100.270493317] [ego_planner]: [EGO_REFERENCE_PREFIX_TRIM] original_points=13 trimmed_points=13 projection_segment=0 projection_ratio=0.844849 discarded_length=0.052410 remaining_length=0.547590 valid=true
[ego_planner_node-10] [INFO] [1786827100.273749493] [ego_planner]: [PARAMETERIZATION_INPUT] sample_count=7 sample_path_length=0.553820675 sample_progress_monotonic=true sample_self_intersection=false ts=0.202811219 start_P=(0.414442203,-2.520098098,0.691934003) start_V=(0.084678414,0.024938644,0.000000000) start_A=(0.134511617,0.043489429,0.000000000) end_constraint=PVA initial_interval=0.202811219 final_interval=0.546474249
[ego_planner_node-10] [INFO] [1786827100.273834263] [ego_planner]: [PARAMETERIZATION_DIAGNOSIS] sample_order_valid=true time_monotonic=true ts_valid=true boundary_geometry_consistent=true attempts=6 output_samples=7 matrix_condition=2.038778051 max_control_jump=0.234611281 max_deviation=0.046754115 first_bad_control_point=6 backtrack_segments=0 self_intersections=0 max_heading_jump=0.044576837 feasible=true accepted=true exact_root_cause=FIXED_SAMPLE_COUNT_INTERVAL_SCALING_AMPLIFIED_DYNAMIC_BOUNDARY
[ego_planner_node-10] [INFO] [1786827100.273860744] [ego_planner]: [DYNAMIC_BOUNDARY_MAPPING] degree=3 knot_interval=0.546474249 P_mapping=(Q0+4Q1+Q2)/6 V_mapping=(Q2-Q0)/(2ts) A_mapping=(Q0-2Q1+Q2)/ts^2 units_correct=true sign_correct=true scale_correct=true start_position=(0.414442203,-2.520098098,0.691934003) start_velocity=(0.084678414,0.024938644,0.000000000) start_acceleration=(0.134511617,0.043489429,0.000000000) q0=(0.381557549,-2.529397282,0.691934003) q1=(0.407747243,-2.522262669,0.691934003) q2=(0.474106694,-2.502140629,0.691934003)
[ego_planner_node-10] [INFO] [1786827100.273900992] [ego_planner]: [PREOPT_GEOMETRY_REGRESSION] seed_to_preopt_max_deviation=0.046754115 backtrack_segments=0 self_intersections=0 max_heading_jump=0.044576837 pass=true
[ego_planner_node-10] [INFO] [1786827100.273926915] [ego_planner]: [BSPLINE_START_BOUNDARY] degree=3 interval=0.546474249 position_hard=true velocity_hard=true acceleration_hard=true
[ego_planner_node-10] [47;30m
[ego_planner_node-10] [drone -1 replan 1]==============================================[0m
[ego_planner_node-10] [1;33mmulti-trajs=1[1;0m
[ego_planner_node-10] [INFO] [1786827100.277589212] [rebound_optimize]: [EGO_REBOUND_OPTIMIZATION] iterations=11 termination=0 max_obstacle_gradient_norm=0.000000000 obstacle_signal_nonzero=false success=true
[ego_planner_node-10] [32miter(+1)=11,time(ms)=0.259,total_t(ms)=0.262,cost=0.001
[ego_planner_node-10] [0mtraj 1 success.
[ego_planner_node-10] plan_success=1
[ego_planner_node-10] [INFO] [1786827100.280422877] [ego_planner]: [EGO_CANDIDATE_GENERATION_DEVIATION] preopt=0.046754115 postopt=0.070600410 preopt_backtrack=0 postopt_backtrack=0 preopt_self_intersections=0 postopt_self_intersections=0
[ego_planner_node-10] [INFO] [1786827100.282775593] [ego_planner]: [EGO_PUBLISH_GEOMETRY_GUARD] maximum_deviation=0.070600410 limit=0.800000000 limit_source=manager_default deviation_within_limit=true backtrack_segments=0 self_intersections=0 accepted=true
[ego_planner_node-10] [INFO] [1786827100.282898107] [ego_planner]: [HANDOVER_PRE_POST] preopt_position_error=0.000000000 preopt_velocity_error=0.000000000 preopt_acceleration_error=0.000000000 postopt_position_error=0.000000000 postopt_velocity_error=0.000000000 postopt_acceleration_error=0.000000000
[ego_planner_node-10] [INFO] [1786827100.283107910] [race_ego_planner]: [EGO_CANDIDATE_STAGED] candidate_id=2 active_id=1 active_local_goal_seq=1 candidate_local_goal_seq=1
[ego_planner_node-10] [INFO] [1786827100.283735326] [race_ego_planner]: [EGO_CANDIDATE_CLEARANCE_GATE] trajectory_id=2 candidate=NORMAL start_clearance=1.451 required_publish_clearance=0.340 planning_clearance=0.340 hard_clearance=0.290
[ego_planner_node-10] total time:[42m0.010094[0m,optimize:0.00718232,refine:0.00291172,avg_time=0.0103094
[ego_planner_node-10] refine_success=1
[ego_planner_node-10] [INFO] [1786827100.290629108] [race_ego_planner]: [EGO_CANDIDATE_COMMIT] candidate_id=2 active_id=2 local_goal_seq=1 all_validations_passed=true
[ego_planner_node-10] [FSM]: from REPLAN_TRAJ to EXEC_TRAJ
[race_ego_trajectory_bridge-12] [INFO] [1786827100.292470050] [race_ego_trajectory_bridge]: [EGO_TRAJECTORY] trajectory_id=2 local_goal_seq=1 start_time=1786827100.292 points=165 duration=3.279 start=(0.414,-2.520,0.692) end=(0.875,-2.418,0.692) collision_free=true
[race_ego_trajectory_bridge-12] [INFO] [1786827100.293010304] [race_ego_trajectory_bridge]: [BRIDGE_CANDIDATE_COMMIT] trajectory_id=2 local_goal_seq=1 output_topic=/race/ego/validated_bspline
[race_ego_trajectory_bridge-12] [WARN] [1786827100.295827126] [race_ego_trajectory_bridge]: Reject unvalidated PositionCommand trajectory_id=1 validated_trajectory_id=2
[race_ego_cloud_bridge-8] [INFO] [1786827100.601113994] [race_ego_cloud_bridge]: [EGO_MAP_FUSION] static_points=11417 live_raw_points=18052 confirmed_live_voxels=5571 min_observations=2 memory_sec=1.00 fused_points=16988
[super_planner_ros2_node-6] [INFO] [1786827100.605374677] [super_planner_ros2_node]: [FINAL_GOAL_CHECK] global_goal_id=1 distance_to_final=0.629 speed=0.108 confirm=0/10 final_goal_reached=false
[race_ego_cloud_bridge-8] [INFO] [1786827100.619673243] [race_ego_cloud_bridge]: [EGO_MAP_INPUT] topic=/race/ego/cloud frame=map points=16988 source=static_live_px4 refresh_period=0.00s
[race_ego_trajectory_bridge-12] [INFO] [1786827100.764142211] [race_ego_trajectory_bridge]: [SETPOINT_SOURCE] source=EGO trajectory_id=2 control_enabled=true position_enu=(0.468,-2.504,0.692)
[ego_planner_node-10] [FSM]: from EXEC_TRAJ to REPLAN_TRAJ
[ego_planner_node-10] [INFO] [1786827100.812848228] [ego_planner]: [EGO_REFERENCE_PREFIX_TRIM] original_points=13 trimmed_points=10 projection_segment=3 projection_ratio=0.001562 discarded_length=0.182823 remaining_length=0.417177 valid=true
[ego_planner_node-10] [INFO] [1786827100.821300538] [ego_planner]: [PARAMETERIZATION_INPUT] sample_count=7 sample_path_length=0.451038695 sample_progress_monotonic=true sample_self_intersection=false ts=0.154509927 start_P=(0.475078106,-2.501520757,0.691934003) start_V=(0.138344859,0.043791321,0.000000000) start_A=(0.068070181,0.027676253,0.000000000) end_constraint=PVA initial_interval=0.154509927 final_interval=0.471526878
[ego_planner_node-10] [INFO] [1786827100.827885685] [ego_planner]: [PARAMETERIZATION_DIAGNOSIS] sample_order_valid=true time_monotonic=true ts_valid=true boundary_geometry_consistent=true attempts=6 output_samples=7 matrix_condition=2.038778051 max_control_jump=0.176283759 max_deviation=0.030309754 first_bad_control_point=6 backtrack_segments=0 self_intersections=0 max_heading_jump=0.036609798 feasible=true accepted=true exact_root_cause=FIXED_SAMPLE_COUNT_INTERVAL_SCALING_AMPLIFIED_DYNAMIC_BOUNDARY
[ego_planner_node-10] [INFO] [1786827100.827993748] [ego_planner]: [DYNAMIC_BOUNDARY_MAPPING] degree=3 knot_interval=0.471526878 P_mapping=(Q0+4Q1+Q2)/6 V_mapping=(Q2-Q0)/(2ts) A_mapping=(Q0-2Q1+Q2)/ts^2 units_correct=true sign_correct=true scale_correct=true start_position=(0.475078106,-2.501520757,0.691934003) start_velocity=(0.138344859,0.043791321,0.000000000) start_acceleration=(0.068070181,0.027676253,0.000000000) q0=(0.414889640,-2.520118385,0.691934003) q1=(0.472555679,-2.502546335,0.691934003) q2=(0.545356279,-2.478820815,0.691934003)
[ego_planner_node-10] [INFO] [1786827100.828114934] [ego_planner]: [PREOPT_GEOMETRY_REGRESSION] seed_to_preopt_max_deviation=0.030309754 backtrack_segments=0 self_intersections=0 max_heading_jump=0.036609798 pass=true
[ego_planner_node-10] [INFO] [1786827100.828195616] [ego_planner]: [BSPLINE_START_BOUNDARY] degree=3 interval=0.471526878 position_hard=true velocity_hard=true acceleration_hard=true
[ego_planner_node-10] [47;30m
[ego_planner_node-10] [drone -1 replan 2]==============================================[0m
[ego_planner_node-10] [1;33mmulti-trajs=1[1;0m
[ego_planner_node-10] [32miter(+1)=11,time(ms)=0.360,total_t(ms)=0.367,cost=0.000
[ego_planner_node-10] [0mtraj 1 success.
[ego_planner_node-10] plan_success=1
[ego_planner_node-10] [INFO] [1786827100.840811938] [rebound_optimize]: [EGO_REBOUND_OPTIMIZATION] iterations=11 termination=0 max_obstacle_gradient_norm=0.000000000 obstacle_signal_nonzero=false success=true
[ego_planner_node-10] [INFO] [1786827100.843951982] [ego_planner]: [EGO_CANDIDATE_GENERATION_DEVIATION] preopt=0.030309754 postopt=0.047841229 preopt_backtrack=0 postopt_backtrack=0 preopt_self_intersections=0 postopt_self_intersections=0
[ego_planner_node-10] [INFO] [1786827100.844690756] [ego_planner]: [EGO_PUBLISH_GEOMETRY_GUARD] maximum_deviation=0.047841229 limit=0.800000000 limit_source=manager_default deviation_within_limit=true backtrack_segments=0 self_intersections=0 accepted=true
[ego_planner_node-10] [INFO] [1786827100.844742611] [ego_planner]: [HANDOVER_PRE_POST] preopt_position_error=0.000000000 preopt_velocity_error=0.000000000 preopt_acceleration_error=0.000000000 postopt_position_error=0.000000000 postopt_velocity_error=0.000000000 postopt_acceleration_error=0.000000000
[ego_planner_node-10] [INFO] [1786827100.844844250] [race_ego_planner]: [EGO_CANDIDATE_STAGED] candidate_id=3 active_id=2 active_local_goal_seq=1 candidate_local_goal_seq=1
[ego_planner_node-10] [INFO] [1786827100.845105658] [race_ego_planner]: [EGO_CANDIDATE_CLEARANCE_GATE] trajectory_id=3 candidate=NORMAL start_clearance=1.420 required_publish_clearance=0.340 planning_clearance=0.340 hard_clearance=0.290
[ego_planner_node-10] total time:[42m0.0311926[0m,optimize:0.0280519,refine:0.00314072,avg_time=0.0172705
[ego_planner_node-10] refine_success=1
[ego_planner_node-10] [INFO] [1786827100.852635072] [race_ego_planner]: [EGO_CANDIDATE_COMMIT] candidate_id=3 active_id=3 local_goal_seq=1 all_validations_passed=true
[ego_planner_node-10] [FSM]: from REPLAN_TRAJ to EXEC_TRAJ
[offboard_waypoint_node-1] [INFO] [1786827100.877484973] [offboard_waypoint_node]: [CONTROL_ARBITER] selected_source=ego state=TRACKING
[race_ego_trajectory_bridge-12] [INFO] [1786827100.910636308] [race_ego_trajectory_bridge]: [EGO_TRAJECTORY] trajectory_id=3 local_goal_seq=1 start_time=1786827100.911 points=143 duration=2.829 start=(0.475,-2.502,0.692) end=(0.881,-2.421,0.692) collision_free=true
[race_ego_trajectory_bridge-12] [INFO] [1786827100.911377766] [race_ego_trajectory_bridge]: [BRIDGE_CANDIDATE_COMMIT] trajectory_id=3 local_goal_seq=1 output_topic=/race/ego/validated_bspline
[race_ego_cloud_bridge-8] [INFO] [1786827101.044195726] [race_ego_cloud_bridge]: [EGO_STATIC_MAP_READY] topic=/saved_map frame=map points=11417 fused=true
[super_planner_ros2_node-6] [INFO] [1786827101.154014578] [super_planner_ros2_node]: [FINAL_GOAL_CHECK] global_goal_id=1 distance_to_final=0.564 speed=0.163 confirm=0/10 final_goal_reached=false
[super_planner_ros2_node-6] [INFO] [1786827101.267287912] [super_planner_ros2_node]: SUPER_ROS2 mode=FOLLOWING enable_output=false reason=GLOBAL_PATH_TO_EGO odom=(0.49,-2.43,0.62) goal=set tracking_setpoint_enu=(0.33,-2.52,0.69) setpoint_ned=none yaw(desired/cmd/rate)=(0.00/0.00/0.00) cross_track=0.00 frame_id=px4_ned path_points=15 odom_source=/race/odom cloud_source=/saved_map mavros_connected=true
[ego_planner_node-10] [FSM]: state: EXEC_TRAJ
[super_planner_ros2_node-6] [INFO] [1786827101.701765567] [super_planner_ros2_node]: [FINAL_GOAL_CHECK] global_goal_id=1 distance_to_final=0.511 speed=0.080 confirm=0/10 final_goal_reached=false
[ego_planner_node-10] [INFO] [1786827101.715736828] [race_ego_planner]: [EGO_OCCUPANCY_UPDATE] input_topic=grid_map/cloud input_frame=map occupancy_frame=map cloud_points=16437 local_points=11003 occupied_voxels=34524 camera=(0.530,-2.390,0.598) local_index_bounds=[(47,30,0),(117,112,13)]
[race_ego_trajectory_bridge-12] [INFO] [1786827101.772273120] [race_ego_trajectory_bridge]: [SETPOINT_SOURCE] source=EGO trajectory_id=3 control_enabled=true position_enu=(0.622,-2.456,0.692)
[offboard_waypoint_node-1] [INFO] [1786827101.916977225] [offboard_waypoint_node]: [CONTROL_ARBITER] selected_source=ego state=TRACKING
[fastlio_bridge_node-2] [INFO] [1786827102.002569590] [fastlio_bridge_node]: 已桥接并转换里程计: ENU(0.54, -2.37, 0.60) -> NED(-2.37, 0.54, -0.60)
[fastlio_bridge_node-2] [INFO] [1786827102.006812624] [fastlio_bridge_node]: 已桥接并转换里程计: ENU(0.54, -2.37, 0.60) -> NED(-2.37, 0.54, -0.60)
[fastlio_bridge_node-2] [INFO] [1786827102.011208044] [fastlio_bridge_node]: 已桥接并转换里程计: ENU(0.54, -2.37, 0.60) -> NED(-2.37, 0.54, -0.60)
[fastlio_bridge_node-2] [INFO] [1786827102.031919076] [fastlio_bridge_node]: 已桥接并转换里程计: ENU(0.54, -2.37, 0.60) -> NED(-2.37, 0.54, -0.60)
[fastlio_bridge_node-2] [INFO] [1786827102.032401353] [fastlio_bridge_node]: 已桥接并转换里程计: ENU(0.54, -2.37, 0.60) -> NED(-2.37, 0.54, -0.60)
[fastlio_bridge_node-2] [INFO] [1786827102.039996461] [fastlio_bridge_node]: 已桥接并转换里程计: ENU(0.54, -2.37, 0.60) -> NED(-2.37, 0.54, -0.60)
[fastlio_bridge_node-2] [INFO] [1786827102.045148121] [fastlio_bridge_node]: 已桥接并转换里程计: ENU(0.54, -2.37, 0.60) -> NED(-2.37, 0.54, -0.60)
[fastlio_bridge_node-2] [INFO] [1786827102.054222550] [fastlio_bridge_node]: 已桥接并转换里程计: ENU(0.54, -2.36, 0.60) -> NED(-2.36, 0.54, -0.60)
[fastlio_bridge_node-2] [INFO] [1786827102.057977152] [fastlio_bridge_node]: 已桥接并转换里程计: ENU(0.54, -2.36, 0.60) -> NED(-2.36, 0.54, -0.60)
[fastlio_bridge_node-2] [INFO] [1786827102.071317332] [fastlio_bridge_node]: 已桥接并转换里程计: ENU(0.54, -2.36, 0.60) -> NED(-2.36, 0.54, -0.60)
[fastlio_bridge_node-2] [INFO] [1786827102.076124020] [fastlio_bridge_node]: 已桥接并转换里程计: ENU(0.54, -2.36, 0.59) -> NED(-2.36, 0.54, -0.59)
[fastlio_bridge_node-2] [INFO] [1786827102.080708119] [fastlio_bridge_node]: 已桥接并转换里程计: ENU(0.54, -2.36, 0.59) -> NED(-2.36, 0.54, -0.59)
[fastlio_bridge_node-2] [INFO] [1786827102.086623641] [fastlio_bridge_node]: 已桥接并转换里程计: ENU(0.54, -2.36, 0.59) -> NED(-2.36, 0.54, -0.59)
[fastlio_bridge_node-2] [INFO] [1786827102.091928501] [fastlio_bridge_node]: 已桥接并转换里程计: ENU(0.54, -2.36, 0.59) -> NED(-2.36, 0.54, -0.59)
[fastlio_bridge_node-2] [INFO] [1786827102.096170835] [fastlio_bridge_node]: 已桥接并转换里程计: ENU(0.54, -2.36, 0.59) -> NED(-2.36, 0.54, -0.59)
[fastlio_bridge_node-2] [INFO] [1786827102.099504652] [fastlio_bridge_node]: 已桥接并转换里程计: ENU(0.54, -2.36, 0.59) -> NED(-2.36, 0.54, -0.59)
[rviz2-13] [INFO] [1786827102.117087141] [rviz2]: Message Filter dropping message: frame 'odom' at time 1786827098.581 for reason 'discarding message because the queue is full'
[super_planner_ros2_node-6] [INFO] [1786827102.201816800] [super_planner_ros2_node]: [FINAL_GOAL_CHECK] global_goal_id=1 distance_to_final=0.508 speed=0.021 confirm=0/10 final_goal_reached=false
[super_planner_ros2_node-6] [INFO] [1786827102.203525375] [super_planner_ros2_node]: [LOCAL_GOAL] path_id=1 seq=2 index=14 position=(1.041,-2.406,0.692) lookahead=1.20
[super_planner_ros2_node-6] [INFO] [1786827102.203611421] [super_planner_ros2_node]: [SUPER_LOCAL_REFERENCE] global_path_id=1 local_goal_seq=2 points=11 continuation_points=1 arc_length=0.508 minimum_clearance=1.184
[race_ego_goal_bridge-9] [INFO] [1786827102.206040855] [race_ego_goal_bridge]: Release EGO goal=(1.04,-2.41,0.69): rolling local goal after takeoff handover
[ego_planner_node-10] Triggered!
[ego_planner_node-10] [INFO] [1786827102.206234505] [race_ego_planner]: [EGO_REFERENCE_PATH] global_path_id=1 local_goal_seq=2 points=12 arc_length=0.508 start_projection=0.000 local_goal_projection=0.000 minimum_clearance=1.184 bound=true
[ego_planner_node-10] [TRIG]: from EXEC_TRAJ to REPLAN_TRAJ
[ego_planner_node-10] [INFO] [1786827102.207581527] [ego_planner]: [EGO_REFERENCE_PREFIX_TRIM] original_points=12 trimmed_points=8 projection_segment=4 projection_ratio=0.397335 discarded_length=0.223243 remaining_length=0.348960 valid=true
[ego_planner_node-10] [INFO] [1786827102.210878564] [ego_planner]: [PARAMETERIZATION_INPUT] sample_count=7 sample_path_length=0.350050160 sample_progress_monotonic=true sample_self_intersection=false ts=0.129244548 start_P=(0.694866773,-2.438053091,0.691934003) start_V=(0.162683709,0.036666195,0.000000000) start_A=(-0.025925972,-0.028911195,0.000000000) end_constraint=PVA initial_interval=0.129244548 final_interval=0.432125994
[ego_planner_node-10] [INFO] [1786827102.211103438] [ego_planner]: [PARAMETERIZATION_DIAGNOSIS] sample_order_valid=true time_monotonic=true ts_valid=true boundary_geometry_consistent=true attempts=7 output_samples=7 matrix_condition=2.038778051 max_control_jump=0.146825047 max_deviation=0.004777893 first_bad_control_point=6 backtrack_segments=0 self_intersections=0 max_heading_jump=0.013732744 feasible=true accepted=true exact_root_cause=FIXED_SAMPLE_COUNT_INTERVAL_SCALING_AMPLIFIED_DYNAMIC_BOUNDARY
[ego_planner_node-10] [INFO] [1786827102.211190928] [ego_planner]: [DYNAMIC_BOUNDARY_MAPPING] degree=3 knot_interval=0.432125994 P_mapping=(Q0+4Q1+Q2)/6 V_mapping=(Q2-Q0)/(2ts) A_mapping=(Q0-2Q1+Q2)/ts^2 units_correct=true sign_correct=true scale_correct=true start_position=(0.694866773,-2.438053091,0.691934003) start_velocity=(0.162683709,0.036666195,0.000000000) start_acceleration=(-0.025925972,-0.028911195,0.000000000) q0=(0.622953170,-2.455697063,0.691934003) q1=(0.695673645,-2.437153312,0.691934003) q2=(0.763552889,-2.424008231,0.691934003)
[ego_planner_node-10] [INFO] [1786827102.211774482] [ego_planner]: [PREOPT_GEOMETRY_REGRESSION] seed_to_preopt_max_deviation=0.004777893 backtrack_segments=0 self_intersections=0 max_heading_jump=0.013732744 pass=true
[ego_planner_node-10] [INFO] [1786827102.211860439] [ego_planner]: [BSPLINE_START_BOUNDARY] degree=3 interval=0.432125994 position_hard=true velocity_hard=true acceleration_hard=true
[ego_planner_node-10] [47;30m
[ego_planner_node-10] [drone -1 replan 3]==============================================[0m
[ego_planner_node-10] [1;33mmulti-trajs=1[1;0m
[ego_planner_node-10] [INFO] [1786827102.221387648] [rebound_optimize]: [EGO_REBOUND_OPTIMIZATION] iterations=10 termination=0 max_obstacle_gradient_norm=0.000000000 obstacle_signal_nonzero=false success=true
[ego_planner_node-10] [32miter(+1)=10,time(ms)=2.118,total_t(ms)=2.125,cost=0.000
[ego_planner_node-10] [0mtraj 1 success.
[ego_planner_node-10] plan_success=1
[ego_planner_node-10] [INFO] [1786827102.223361880] [ego_planner]: [EGO_CANDIDATE_GENERATION_DEVIATION] preopt=0.004777893 postopt=0.006839672 preopt_backtrack=0 postopt_backtrack=0 preopt_self_intersections=0 postopt_self_intersections=0
[ego_planner_node-10] [INFO] [1786827102.223855079] [ego_planner]: [EGO_PUBLISH_GEOMETRY_GUARD] maximum_deviation=0.006839672 limit=0.800000000 limit_source=manager_default deviation_within_limit=true backtrack_segments=0 self_intersections=0 accepted=true
[ego_planner_node-10] [INFO] [1786827102.223894929] [ego_planner]: [HANDOVER_PRE_POST] preopt_position_error=0.000000000 preopt_velocity_error=0.000000000 preopt_acceleration_error=0.000000000 postopt_position_error=0.000000000 postopt_velocity_error=0.000000000 postopt_acceleration_error=0.000000000
[ego_planner_node-10] [INFO] [1786827102.223971535] [race_ego_planner]: [EGO_CANDIDATE_STAGED] candidate_id=4 active_id=3 active_local_goal_seq=1 candidate_local_goal_seq=2
[ego_planner_node-10] [INFO] [1786827102.224124264] [race_ego_planner]: [EGO_CANDIDATE_CLEARANCE_GATE] trajectory_id=4 candidate=NORMAL start_clearance=1.325 required_publish_clearance=0.340 planning_clearance=0.340 hard_clearance=0.290
[ego_planner_node-10] total time:[42m0.0158417[0m,optimize:0.0138837,refine:0.00195804,avg_time=0.0169133
[ego_planner_node-10] refine_success=1
[ego_planner_node-10] [INFO] [1786827102.225668200] [race_ego_planner]: [EGO_CANDIDATE_COMMIT] candidate_id=4 active_id=4 local_goal_seq=2 all_validations_passed=true
[ego_planner_node-10] [FSM]: from REPLAN_TRAJ to EXEC_TRAJ
[race_ego_trajectory_bridge-12] [INFO] [1786827102.227212959] [race_ego_trajectory_bridge]: [EGO_TRAJECTORY] trajectory_id=4 local_goal_seq=2 start_time=1786827102.227 points=131 duration=2.593 start=(0.695,-2.438,0.692) end=(1.030,-2.410,0.692) collision_free=true
[race_ego_trajectory_bridge-12] [INFO] [1786827102.227538337] [race_ego_trajectory_bridge]: [BRIDGE_CANDIDATE_COMMIT] trajectory_id=4 local_goal_seq=2 output_topic=/race/ego/validated_bspline
[race_ego_trajectory_bridge-12] [INFO] [1786827102.287274081] [race_ego_trajectory_bridge]: [EGO_OCCUPANCY_MAP] topic=/race/ego/cloud frame=map raw_points=16561 map_age=0.022
[super_planner_ros2_node-6] [INFO] [1786827102.303184026] [super_planner_ros2_node]: SUPER_ROS2 mode=FOLLOWING enable_output=false reason=GLOBAL_PATH_TO_EGO odom=(0.53,-2.36,0.58) goal=set tracking_setpoint_enu=(0.33,-2.52,0.69) setpoint_ned=none yaw(desired/cmd/rate)=(0.00/0.00/0.00) cross_track=0.06 frame_id=px4_ned path_points=15 odom_source=/race/odom cloud_source=/saved_map mavros_connected=true
[super_planner_ros2_node-6] [INFO] [1786827102.701871635] [super_planner_ros2_node]: [FINAL_GOAL_CHECK] global_goal_id=1 distance_to_final=0.502 speed=0.044 confirm=0/10 final_goal_reached=false
[race_ego_cloud_bridge-8] [INFO] [1786827102.743260830] [race_ego_cloud_bridge]: [EGO_MAP_FUSION] static_points=11417 live_raw_points=18017 confirmed_live_voxels=5514 min_observations=2 memory_sec=1.00 fused_points=16931
[race_ego_cloud_bridge-8] [INFO] [1786827102.744233846] [race_ego_cloud_bridge]: [EGO_MAP_INPUT] topic=/race/ego/cloud frame=map points=16931 source=static_live_px4 refresh_period=0.00s
[race_ego_trajectory_bridge-12] [INFO] [1786827102.781782557] [race_ego_trajectory_bridge]: [SETPOINT_SOURCE] source=EGO trajectory_id=4 control_enabled=true position_enu=(0.773,-2.424,0.692)
[offboard_waypoint_node-1] [INFO] [1786827102.924905073] [offboard_waypoint_node]: [CONTROL_ARBITER] selected_source=ego state=TRACKING
[race_ego_cloud_bridge-8] [INFO] [1786827103.040324684] [race_ego_cloud_bridge]: [EGO_STATIC_MAP_READY] topic=/saved_map frame=map points=11417 fused=true
[ego_planner_node-10] [FSM]: state: EXEC_TRAJ
[super_planner_ros2_node-6] [INFO] [1786827103.202891279] [super_planner_ros2_node]: [FINAL_GOAL_CHECK] global_goal_id=1 distance_to_final=0.466 speed=0.130 confirm=0/10 final_goal_reached=false
[super_planner_ros2_node-6] [INFO] [1786827103.377042815] [super_planner_ros2_node]: SUPER_ROS2 mode=FOLLOWING enable_output=false reason=GLOBAL_PATH_TO_EGO odom=(0.59,-2.41,0.61) goal=set tracking_setpoint_enu=(0.33,-2.52,0.69) setpoint_ned=none yaw(desired/cmd/rate)=(0.00/0.00/0.00) cross_track=0.02 frame_id=px4_ned path_points=15 odom_source=/race/odom cloud_source=/saved_map mavros_connected=true
[super_planner_ros2_node-6] [INFO] [1786827103.702952422] [super_planner_ros2_node]: [FINAL_GOAL_CHECK] global_goal_id=1 distance_to_final=0.405 speed=0.136 confirm=0/10 final_goal_reached=false
[ego_planner_node-10] [INFO] [1786827103.775147526] [race_ego_planner]: [EGO_OCCUPANCY_UPDATE] input_topic=grid_map/cloud input_frame=map occupancy_frame=map cloud_points=16520 local_points=11045 occupied_voxels=34264 camera=(0.624,-2.429,0.619) local_index_bounds=[(47,30,0),(117,112,13)]
[race_ego_trajectory_bridge-12] [INFO] [1786827103.787439216] [race_ego_trajectory_bridge]: [SETPOINT_SOURCE] source=EGO trajectory_id=4 control_enabled=true position_enu=(0.898,-2.419,0.692)
[offboard_waypoint_node-1] [INFO] [1786827103.970570282] [offboard_waypoint_node]: [CONTROL_ARBITER] selected_source=ego state=TRACKING
[fastlio_bridge_node-2] [INFO] [1786827104.000753313] [fastlio_bridge_node]: 已桥接并转换里程计: ENU(0.67, -2.46, 0.64) -> NED(-2.46, 0.67, -0.64)
[fastlio_bridge_node-2] [INFO] [1786827104.013636462] [fastlio_bridge_node]: 已桥接并转换里程计: ENU(0.67, -2.46, 0.64) -> NED(-2.46, 0.67, -0.64)
[fastlio_bridge_node-2] [INFO] [1786827104.017279978] [fastlio_bridge_node]: 已桥接并转换里程计: ENU(0.67, -2.46, 0.64) -> NED(-2.46, 0.67, -0.64)
[fastlio_bridge_node-2] [INFO] [1786827104.025076502] [fastlio_bridge_node]: 已桥接并转换里程计: ENU(0.67, -2.46, 0.64) -> NED(-2.46, 0.67, -0.64)
[fastlio_bridge_node-2] [INFO] [1786827104.029902441] [fastlio_bridge_node]: 已桥接并转换里程计: ENU(0.67, -2.46, 0.64) -> NED(-2.46, 0.67, -0.64)
[fastlio_bridge_node-2] [INFO] [1786827104.039013822] [fastlio_bridge_node]: 已桥接并转换里程计: ENU(0.67, -2.46, 0.64) -> NED(-2.46, 0.67, -0.64)
[fastlio_bridge_node-2] [INFO] [1786827104.044834033] [fastlio_bridge_node]: 已桥接并转换里程计: ENU(0.67, -2.46, 0.64) -> NED(-2.46, 0.67, -0.64)
[fastlio_bridge_node-2] [INFO] [1786827104.047840076] [fastlio_bridge_node]: 已桥接并转换里程计: ENU(0.67, -2.46, 0.64) -> NED(-2.46, 0.67, -0.64)
[fastlio_bridge_node-2] [INFO] [1786827104.053125522] [fastlio_bridge_node]: 已桥接并转换里程计: ENU(0.67, -2.46, 0.64) -> NED(-2.46, 0.67, -0.64)
[fastlio_bridge_node-2] [INFO] [1786827104.065676816] [fastlio_bridge_node]: 已桥接并转换里程计: ENU(0.67, -2.46, 0.64) -> NED(-2.46, 0.67, -0.64)
[fastlio_bridge_node-2] [INFO] [1786827104.072236519] [fastlio_bridge_node]: 已桥接并转换里程计: ENU(0.67, -2.47, 0.64) -> NED(-2.47, 0.67, -0.64)
[fastlio_bridge_node-2] [INFO] [1786827104.080196662] [fastlio_bridge_node]: 已桥接并转换里程计: ENU(0.68, -2.47, 0.65) -> NED(-2.47, 0.68, -0.65)
[fastlio_bridge_node-2] [INFO] [1786827104.089452210] [fastlio_bridge_node]: 已桥接并转换里程计: ENU(0.68, -2.47, 0.65) -> NED(-2.47, 0.68, -0.65)
[fastlio_bridge_node-2] [INFO] [1786827104.089682380] [fastlio_bridge_node]: 已桥接并转换里程计: ENU(0.68, -2.47, 0.65) -> NED(-2.47, 0.68, -0.65)
[fastlio_bridge_node-2] [INFO] [1786827104.091082623] [fastlio_bridge_node]: 已桥接并转换里程计: ENU(0.68, -2.47, 0.65) -> NED(-2.47, 0.68, -0.65)
[super_planner_ros2_node-6] [INFO] [1786827104.252050794] [super_planner_ros2_node]: [FINAL_GOAL_CHECK] global_goal_id=1 distance_to_final=0.358 speed=0.127 confirm=0/10 final_goal_reached=false
[race_ego_trajectory_bridge-12] [INFO] [1786827104.325640690] [race_ego_trajectory_bridge]: [EGO_OCCUPANCY_MAP] topic=/race/ego/cloud frame=map raw_points=15898 map_age=0.036
[super_planner_ros2_node-6] [INFO] [1786827104.403437257] [super_planner_ros2_node]: SUPER_ROS2 mode=FOLLOWING enable_output=false reason=GLOBAL_PATH_TO_EGO odom=(0.69,-2.48,0.66) goal=set tracking_setpoint_enu=(0.33,-2.52,0.69) setpoint_ned=none yaw(desired/cmd/rate)=(0.00/0.00/0.00) cross_track=0.06 frame_id=px4_ned path_points=15 odom_source=/race/odom cloud_source=/saved_map mavros_connected=true
[race_ego_trajectory_bridge-12] [INFO] [1786827104.638666878] [race_ego_trajectory_bridge]: [EGO_STATUS] state=ODOM_UNHEALTHY control_enabled=true map=ready odom=ready goal=ready trajectory=ready
[race_ego_trajectory_bridge-12] [INFO] [1786827104.644021828] [race_ego_trajectory_bridge]: [EGO_STATUS] state=TRACKING control_enabled=true map=ready odom=ready goal=ready trajectory=ready
[race_ego_trajectory_bridge-12] [INFO] [1786827104.794168830] [race_ego_trajectory_bridge]: [SETPOINT_SOURCE] source=EGO trajectory_id=4 control_enabled=true position_enu=(1.025,-2.411,0.692)
[super_planner_ros2_node-6] [INFO] [1786827104.802175464] [super_planner_ros2_node]: [FINAL_GOAL_CHECK] global_goal_id=1 distance_to_final=0.325 speed=0.136 confirm=0/10 final_goal_reached=false
[ego_planner_node-10] [FSM]: from EXEC_TRAJ to WAIT_TARGET
[ego_planner_node-10] [FSM]: state: WAIT_TARGET
[ego_planner_node-10] wait for goal or trigger.
[super_planner_ros2_node-6] [WARN] [1786827104.851877705] [super_planner_ros2_node]: [EGO_PROGRESS_STALLED] trajectory_id=4 trajectory_age=2.623 lease_remaining=-0.035 local_goal_seq=2 validated_goal_seq=2 local_goal_reached=false; request one global replan
[super_planner_ros2_node-6] [INFO] [1786827104.852006983] [super_planner_ros2_node]: [SUPER_GOAL_SELECTION] mode=GLOBAL_FULL_GOAL final_goal=(1.041,-2.406,0.692) planning_goal=(1.041,-2.406,0.692) distance=0.320 clipped=false
[super_planner_ros2_node-6] [INFO] [1786827104.852048123] [super_planner_ros2_node]: [SUPER_GLOBAL_GRID] min_x=-2.255 max_x=4.041 min_y=-5.528 max_y=0.594 resolution=0.050 width=127 height=123 start_index=(60,60) goal_index=(66,62)
[rviz2-13] [INFO] [1786827104.888270507] [rviz2]: Message Filter dropping message: frame 'odom' at time 1786827101.981 for reason 'discarding message because the queue is full'
[super_planner_ros2_node-6] [INFO] [1786827104.899620939] [super_planner_ros2_node]: [SUPER_CONTINUOUS_PATH_CHECK] source=RAW_ASTAR min_clearance=1.184 required_clearance=0.290 valid=true
[super_planner_ros2_node-6] [INFO] [1786827104.900093512] [super_planner_ros2_node]: [SUPER_ASTAR_VISIBILITY_SIMPLIFY] raw_points=7 simplified_points=7 raw_length=0.350 simplified_length=0.350 minimum_clearance=1.184 accepted=false clearance_preserved=true reason=DISABLED
[super_planner_ros2_node-6] [WARN] [1786827104.900186484] [super_planner_ros2_node]: [SUPER_SMOOTHED_PATH_REJECT] reason=SMOOTHING_VALIDATION no_smoothed_candidate=true (smoothing produced no path; raw path is used unchanged)
[super_planner_ros2_node-6] [WARN] [1786827104.900206893] [super_planner_ros2_node]: [SUPER_PATH_FALLBACK] source=RAW_ASTAR raw_points=7 goal_id=1
[super_planner_ros2_node-6] [INFO] [1786827104.900579387] [super_planner_ros2_node]: [CLEARANCE_PRESERVATION_POLICY] raw_global_min=1.184389709 smoothed_global_min=nan global_clearance_loss=nan local_comparison_method=NORMALIZED_ARC_PROGRESS_0.02M local_maximum_loss=0.000000000 numeric_tolerance=0.000001000
[super_planner_ros2_node-6] [INFO] [1786827104.900623903] [super_planner_ros2_node]: [PATH_TOPOLOGY_GUARD] raw_obstacle_side=BASELINE smoothed_obstacle_side=CONTINUOUS_DEFORMATION same_homotopy=true
[super_planner_ros2_node-6] [INFO] [1786827104.900640188] [super_planner_ros2_node]: [SUPER_PATH_SELECTION] candidate_smoothing_generated=false candidate_smoothing_safe=false clearance_preserved=true accepted_updates=0 accepted_iterations=0 selected=RAW fallback_reason=NO_CLEARANCE_PRESERVING_UPDATE
[super_planner_ros2_node-6] [INFO] [1786827104.901779157] [super_planner_ros2_node]: [FINAL_SELECTED_PATH_VALIDATION] selected_type=RAW min_clearance=1.184389709 inflated_collision=false continuous_clearance_pass=true finite=true maximum_segment_length=0.070711
[super_planner_ros2_node-6] [INFO] [1786827104.901852607] [super_planner_ros2_node]: path_pipeline raw=7 shortcut=7 smoothed=0 smoothing=fallback_raw_astar
[super_planner_ros2_node-6] [INFO] [1786827104.902145975] [super_planner_ros2_node]: [GLOBAL_PATH] id=2 points=7 length=0.350 bounds_x=[0.745,1.041] bounds_y=[-2.528,-2.406] hard_clearance=0.28 soft_radius=0.54
[super_planner_ros2_node-6] [INFO] [1786827104.902199188] [super_planner_ros2_node]: [SUPER_GLOBAL_PATH_COMPLETE] goal_id=1 raw_endpoint=(1.041,-2.406,0.692) published_endpoint=(1.041,-2.406,0.692) final_goal=(1.041,-2.406,0.692) endpoint_error=0.000000
[super_planner_ros2_node-6] [INFO] [1786827104.903104211] [super_planner_ros2_node]: [LOCAL_GOAL] path_id=2 seq=3 index=6 position=(1.041,-2.406,0.692) lookahead=0.60
[super_planner_ros2_node-6] [INFO] [1786827104.903162625] [super_planner_ros2_node]: [SUPER_LOCAL_REFERENCE] global_path_id=2 local_goal_seq=3 points=7 continuation_points=1 arc_length=0.350 minimum_clearance=1.184
[race_ego_goal_bridge-9] [INFO] [1786827104.903494560] [race_ego_goal_bridge]: Release EGO goal=(1.04,-2.41,0.69): rolling local goal after takeoff handover
[ego_planner_node-10] Triggered!
[ego_planner_node-10] [TRIG]: from WAIT_TARGET to GEN_NEW_TRAJ
[ego_planner_node-10] [INFO] [1786827104.903704570] [race_ego_planner]: [EGO_REFERENCE_PATH] global_path_id=2 local_goal_seq=3 points=7 arc_length=0.350 start_projection=0.006 local_goal_projection=0.000 minimum_clearance=1.184 bound=true
[ego_planner_node-10] [INFO] [1786827104.903851391] [race_ego_planner]: [EGO_NEW_GLOBAL_PATH_SESSION] old_global_path_id=1 new_global_path_id=2 start=current_odom preempt_old_trajectory=true
[ego_planner_node-10] [INFO] [1786827104.907932976] [ego_planner]: [EGO_REFERENCE_PREFIX_TRIM] original_points=7 trimmed_points=7 projection_segment=0 projection_ratio=0.012435 discarded_length=0.000754 remaining_length=0.349441 valid=true
[ego_planner_node-10] [INFO] [1786827104.910397480] [ego_planner]: [PARAMETERIZATION_INPUT] sample_count=7 sample_path_length=0.346154168 sample_progress_monotonic=true sample_self_intersection=false ts=0.129422414 start_P=(0.751469905,-2.530462546,0.691934003) start_V=(0.112864735,-0.041776327,0.000000000) start_A=(0.000000000,0.000000000,0.000000000) end_constraint=PVA initial_interval=0.129422414 final_interval=0.553786962
[ego_planner_node-10] [INFO] [1786827104.910528858] [ego_planner]: [PARAMETERIZATION_DIAGNOSIS] sample_order_valid=true time_monotonic=true ts_valid=true boundary_geometry_consistent=true attempts=8 output_samples=7 matrix_condition=2.038778051 max_control_jump=0.168977995 max_deviation=0.040871036 first_bad_control_point=3 backtrack_segments=0 self_intersections=0 max_heading_jump=0.062841273 feasible=true accepted=true exact_root_cause=FIXED_SAMPLE_COUNT_INTERVAL_SCALING_AMPLIFIED_DYNAMIC_BOUNDARY
[ego_planner_node-10] [INFO] [1786827104.910559037] [ego_planner]: [DYNAMIC_BOUNDARY_MAPPING] degree=3 knot_interval=0.553786962 P_mapping=(Q0+4Q1+Q2)/6 V_mapping=(Q2-Q0)/(2ts) A_mapping=(Q0-2Q1+Q2)/ts^2 units_correct=true sign_correct=true scale_correct=true start_position=(0.751469905,-2.530462546,0.691934003) start_velocity=(0.112864735,-0.041776327,0.000000000) start_acceleration=(0.000000000,0.000000000,0.000000000) q0=(0.688966887,-2.507327361,0.691934003) q1=(0.751469905,-2.530462546,0.691934003) q2=(0.813972924,-2.553597731,0.691934003)
[ego_planner_node-10] [INFO] [1786827104.910597514] [ego_planner]: [PREOPT_GEOMETRY_REGRESSION] seed_to_preopt_max_deviation=0.040871036 backtrack_segments=0 self_intersections=0 max_heading_jump=0.062841273 pass=true
[ego_planner_node-10] [INFO] [1786827104.910621879] [ego_planner]: [BSPLINE_START_BOUNDARY] degree=3 interval=0.553786962 position_hard=true velocity_hard=true acceleration_hard=true
[ego_planner_node-10] [47;30m
[ego_planner_node-10] [drone -1 replan 4]==============================================[0m
[ego_planner_node-10] [1;33mmulti-trajs=1[1;0m
[ego_planner_node-10] [INFO] [1786827104.912987808] [rebound_optimize]: [EGO_REBOUND_OPTIMIZATION] iterations=13 termination=0 max_obstacle_gradient_norm=0.000000000 obstacle_signal_nonzero=false success=true
[ego_planner_node-10] [32miter(+1)=13,time(ms)=0.266,total_t(ms)=0.271,cost=0.004
[ego_planner_node-10] [0mtraj 1 success.
[ego_planner_node-10] plan_success=1
[ego_planner_node-10] [INFO] [1786827104.914898489] [ego_planner]: [EGO_CANDIDATE_GENERATION_DEVIATION] preopt=0.040871036 postopt=0.105174804 preopt_backtrack=0 postopt_backtrack=0 preopt_self_intersections=0 postopt_self_intersections=0
[ego_planner_node-10] [INFO] [1786827104.916053412] [ego_planner]: [EGO_PUBLISH_GEOMETRY_GUARD] maximum_deviation=0.105174804 limit=0.800000000 limit_source=manager_default deviation_within_limit=true backtrack_segments=0 self_intersections=0 accepted=true
[ego_planner_node-10] [INFO] [1786827104.916142594] [ego_planner]: [HANDOVER_PRE_POST] preopt_position_error=0.000000000 preopt_velocity_error=0.000000000 preopt_acceleration_error=0.000000000 postopt_position_error=0.000000000 postopt_velocity_error=0.000000000 postopt_acceleration_error=0.000000000
[ego_planner_node-10] total time:[42m0.0070519[0m,optimize:0.00517053,refine:0.00188138,avg_time=0.014941
[ego_planner_node-10] refine_success=1
[ego_planner_node-10] [INFO] [1786827104.916252015] [race_ego_planner]: [EGO_CANDIDATE_STAGED] candidate_id=5 active_id=4 active_local_goal_seq=2 candidate_local_goal_seq=3
[ego_planner_node-10] [INFO] [1786827104.916554021] [race_ego_planner]: [EGO_CANDIDATE_CLEARANCE_GATE] trajectory_id=5 candidate=NORMAL start_clearance=1.217 required_publish_clearance=0.340 planning_clearance=0.340 hard_clearance=0.290
[ego_planner_node-10] [INFO] [1786827104.918513136] [race_ego_planner]: [EGO_CANDIDATE_COMMIT] candidate_id=5 active_id=5 local_goal_seq=3 all_validations_passed=true
[ego_planner_node-10] [FSM]: from GEN_NEW_TRAJ to EXEC_TRAJ
[race_ego_cloud_bridge-8] [INFO] [1786827104.926771190] [race_ego_cloud_bridge]: [EGO_MAP_FUSION] static_points=11417 live_raw_points=14969 confirmed_live_voxels=4219 min_observations=2 memory_sec=1.00 fused_points=15636
[race_ego_cloud_bridge-8] [INFO] [1786827104.927682088] [race_ego_cloud_bridge]: [EGO_MAP_INPUT] topic=/race/ego/cloud frame=map points=15636 source=static_live_px4 refresh_period=0.00s
[race_ego_trajectory_bridge-12] [INFO] [1786827104.931355129] [race_ego_trajectory_bridge]: [EGO_TRAJECTORY] trajectory_id=5 local_goal_seq=3 start_time=1786827104.931 points=168 duration=3.323 start=(0.751,-2.530,0.692) end=(1.025,-2.391,0.692) collision_free=true
[race_ego_trajectory_bridge-12] [ERROR] [1786827104.931500200] [race_ego_trajectory_bridge]: [BRIDGE_SWITCH_REJECTED] candidate_id=5 active_id=4 errors=(position=0.302 velocity=0.120 acceleration=0.004) limits=(0.100 0.100 0.200); hold measured position and replan
[race_ego_trajectory_bridge-12] [INFO] [1786827104.931711023] [race_ego_trajectory_bridge]: [EGO_STATUS] state=REPLAN_SWITCH_DISCONTINUITY control_enabled=true map=ready odom=ready goal=ready trajectory=ready
[race_ego_trajectory_bridge-12] [INFO] [1786827104.957239424] [race_ego_trajectory_bridge]: [EGO_STATUS] state=PLANNING_HOLD control_enabled=true map=ready odom=ready goal=ready trajectory=ready
[offboard_waypoint_node-1] [INFO] [1786827105.017801114] [offboard_waypoint_node]: [CONTROL_ARBITER] selected_source=ego state=TRACKING
[race_ego_cloud_bridge-8] [INFO] [1786827105.033660624] [race_ego_cloud_bridge]: [EGO_STATIC_MAP_READY] topic=/saved_map frame=map points=11417 fused=true
[super_planner_ros2_node-6] [INFO] [1786827105.110823415] [super_planner_ros2_node]: [LOCAL_GOAL_REACHED] local_goal_seq=3 distance=0.296
[super_planner_ros2_node-6] [INFO] [1786827105.302669474] [super_planner_ros2_node]: [FINAL_GOAL_CHECK] global_goal_id=1 distance_to_final=0.279 speed=0.062 confirm=0/10 final_goal_reached=false
[super_planner_ros2_node-6] [INFO] [1786827105.408531712] [super_planner_ros2_node]: SUPER_ROS2 mode=FOLLOWING enable_output=false reason=GLOBAL_PATH_TO_EGO odom=(0.80,-2.54,0.65) goal=set tracking_setpoint_enu=(0.33,-2.52,0.69) setpoint_ned=none yaw(desired/cmd/rate)=(0.00/0.00/0.00) cross_track=0.05 frame_id=px4_ned path_points=7 odom_source=/race/odom cloud_source=/saved_map mavros_connected=true
[super_planner_ros2_node-6] [INFO] [1786827105.805089884] [super_planner_ros2_node]: [FINAL_GOAL_CHECK] global_goal_id=1 distance_to_final=0.300 speed=0.096 confirm=0/10 final_goal_reached=false
[ego_planner_node-10] [INFO] [1786827105.853569275] [race_ego_planner]: [EGO_OCCUPANCY_UPDATE] input_topic=grid_map/cloud input_frame=map occupancy_frame=map cloud_points=16092 local_points=10795 occupied_voxels=33767 camera=(0.777,-2.547,0.629) local_index_bounds=[(47,30,0),(118,111,13)]
[fastlio_bridge_node-2] [INFO] [1786827106.006953176] [fastlio_bridge_node]: 已桥接并转换里程计: ENU(0.76, -2.55, 0.62) -> NED(-2.55, 0.76, -0.62)
[fastlio_bridge_node-2] [INFO] [1786827106.010625127] [fastlio_bridge_node]: 已桥接并转换里程计: ENU(0.76, -2.55, 0.62) -> NED(-2.55, 0.76, -0.62)
[offboard_waypoint_node-1] [INFO] [1786827106.018697085] [offboard_waypoint_node]: [CONTROL_ARBITER] selected_source=ego state=TRACKING
[fastlio_bridge_node-2] [INFO] [1786827106.025637619] [fastlio_bridge_node]: 已桥接并转换里程计: ENU(0.76, -2.55, 0.62) -> NED(-2.55, 0.76, -0.62)
[fastlio_bridge_node-2] [INFO] [1786827106.028179241] [fastlio_bridge_node]: 已桥接并转换里程计: ENU(0.75, -2.55, 0.61) -> NED(-2.55, 0.75, -0.61)
[fastlio_bridge_node-2] [INFO] [1786827106.038431890] [fastlio_bridge_node]: 已桥接并转换里程计: ENU(0.75, -2.55, 0.61) -> NED(-2.55, 0.75, -0.61)
[fastlio_bridge_node-2] [INFO] [1786827106.051913418] [fastlio_bridge_node]: 已桥接并转换里程计: ENU(0.75, -2.55, 0.61) -> NED(-2.55, 0.75, -0.61)
[fastlio_bridge_node-2] [INFO] [1786827106.062277757] [fastlio_bridge_node]: 已桥接并转换里程计: ENU(0.75, -2.56, 0.61) -> NED(-2.56, 0.75, -0.61)
[fastlio_bridge_node-2] [INFO] [1786827106.069289577] [fastlio_bridge_node]: 已桥接并转换里程计: ENU(0.75, -2.56, 0.61) -> NED(-2.56, 0.75, -0.61)
[fastlio_bridge_node-2] [INFO] [1786827106.077522139] [fastlio_bridge_node]: 已桥接并转换里程计: ENU(0.75, -2.56, 0.61) -> NED(-2.56, 0.75, -0.61)
[fastlio_bridge_node-2] [INFO] [1786827106.077984108] [fastlio_bridge_node]: 已桥接并转换里程计: ENU(0.75, -2.56, 0.61) -> NED(-2.56, 0.75, -0.61)
[fastlio_bridge_node-2] [INFO] [1786827106.082842876] [fastlio_bridge_node]: 已桥接并转换里程计: ENU(0.75, -2.56, 0.61) -> NED(-2.56, 0.75, -0.61)
[fastlio_bridge_node-2] [INFO] [1786827106.087787826] [fastlio_bridge_node]: 已桥接并转换里程计: ENU(0.75, -2.56, 0.61) -> NED(-2.56, 0.75, -0.61)
[fastlio_bridge_node-2] [INFO] [1786827106.094870241] [fastlio_bridge_node]: 已桥接并转换里程计: ENU(0.75, -2.56, 0.61) -> NED(-2.56, 0.75, -0.61)
[super_planner_ros2_node-6] [INFO] [1786827106.352776462] [super_planner_ros2_node]: [FINAL_GOAL_CHECK] global_goal_id=1 distance_to_final=0.350 speed=0.096 confirm=0/10 final_goal_reached=false
[ego_planner_node-10] [FSM]: state: EXEC_TRAJ
[super_planner_ros2_node-6] [INFO] [1786827106.453139912] [super_planner_ros2_node]: SUPER_ROS2 mode=FOLLOWING enable_output=false reason=GLOBAL_PATH_TO_EGO odom=(0.72,-2.55,0.63) goal=set tracking_setpoint_enu=(0.33,-2.52,0.69) setpoint_ned=none yaw(desired/cmd/rate)=(0.00/0.00/0.00) cross_track=0.04 frame_id=px4_ned path_points=7 odom_source=/race/odom cloud_source=/saved_map mavros_connected=true
[race_ego_trajectory_bridge-12] [INFO] [1786827106.508766001] [race_ego_trajectory_bridge]: [EGO_OCCUPANCY_MAP] topic=/race/ego/cloud frame=map raw_points=16868 map_age=0.019
[super_planner_ros2_node-6] [INFO] [1786827106.902121743] [super_planner_ros2_node]: [FINAL_GOAL_CHECK] global_goal_id=1 distance_to_final=0.390 speed=0.087 confirm=0/10 final_goal_reached=false
[race_ego_cloud_bridge-8] [INFO] [1786827107.016990211] [race_ego_cloud_bridge]: [EGO_MAP_FUSION] static_points=11417 live_raw_points=17857 confirmed_live_voxels=5699 min_observations=2 memory_sec=1.00 fused_points=17116
[race_ego_cloud_bridge-8] [INFO] [1786827107.018248918] [race_ego_cloud_bridge]: [EGO_MAP_INPUT] topic=/race/ego/cloud frame=map points=17116 source=static_live_px4 refresh_period=0.00s
[race_ego_cloud_bridge-8] [INFO] [1786827107.039123023] [race_ego_cloud_bridge]: [EGO_STATIC_MAP_READY] topic=/saved_map frame=map points=11417 fused=true
[offboard_waypoint_node-1] [INFO] [1786827107.068945486] [offboard_waypoint_node]: [CONTROL_ARBITER] selected_source=ego state=TRACKING
[super_planner_ros2_node-6] [INFO] [1786827107.404948549] [super_planner_ros2_node]: [FINAL_GOAL_CHECK] global_goal_id=1 distance_to_final=0.435 speed=0.133 confirm=0/10 final_goal_reached=false
[super_planner_ros2_node-6] [INFO] [1786827107.457061688] [super_planner_ros2_node]: SUPER_ROS2 mode=FOLLOWING enable_output=false reason=GLOBAL_PATH_TO_EGO odom=(0.62,-2.52,0.64) goal=set tracking_setpoint_enu=(0.33,-2.52,0.69) setpoint_ned=none yaw(desired/cmd/rate)=(0.00/0.00/0.00) cross_track=0.13 frame_id=px4_ned path_points=7 odom_source=/race/odom cloud_source=/saved_map mavros_connected=true
[race_ego_trajectory_bridge-12] [INFO] [1786827107.946519004] [race_ego_trajectory_bridge]: [EGO_STATUS] state=TRAJECTORY_TIMEOUT control_enabled=true map=ready odom=ready goal=ready trajectory=ready
[race_ego_trajectory_bridge-12] [INFO] [1786827107.950815982] [race_ego_trajectory_bridge]: [SETPOINT_SOURCE] source=EGO trajectory_id=4 control_enabled=true position_enu=(1.030,-2.410,0.692)
[race_ego_trajectory_bridge-12] [INFO] [1786827107.951145051] [race_ego_trajectory_bridge]: [EGO_STATUS] state=TRACKING control_enabled=true map=ready odom=ready goal=ready trajectory=ready
[super_planner_ros2_node-6] [INFO] [1786827107.952091271] [super_planner_ros2_node]: [FINAL_GOAL_CHECK] global_goal_id=1 distance_to_final=0.495 speed=0.138 confirm=0/10 final_goal_reached=false
[ego_planner_node-10] [INFO] [1786827107.986341830] [race_ego_planner]: [EGO_OCCUPANCY_UPDATE] input_topic=grid_map/cloud input_frame=map occupancy_frame=map cloud_points=17456 local_points=11184 occupied_voxels=34146 camera=(0.559,-2.481,0.632) local_index_bounds=[(47,30,0),(117,112,13)]
[fastlio_bridge_node-2] [INFO] [1786827108.008690078] [fastlio_bridge_node]: 已桥接并转换里程计: ENU(0.54, -2.47, 0.64) -> NED(-2.47, 0.54, -0.64)
[fastlio_bridge_node-2] [INFO] [1786827108.014254419] [fastlio_bridge_node]: 已桥接并转换里程计: ENU(0.54, -2.47, 0.64) -> NED(-2.47, 0.54, -0.64)
[fastlio_bridge_node-2] [INFO] [1786827108.018599919] [fastlio_bridge_node]: 已桥接并转换里程计: ENU(0.54, -2.47, 0.64) -> NED(-2.47, 0.54, -0.64)
[fastlio_bridge_node-2] [INFO] [1786827108.022598927] [fastlio_bridge_node]: 已桥接并转换里程计: ENU(0.54, -2.47, 0.64) -> NED(-2.47, 0.54, -0.64)
[fastlio_bridge_node-2] [INFO] [1786827108.028755052] [fastlio_bridge_node]: 已桥接并转换里程计: ENU(0.54, -2.47, 0.64) -> NED(-2.47, 0.54, -0.64)
[fastlio_bridge_node-2] [INFO] [1786827108.031874600] [fastlio_bridge_node]: 已桥接并转换里程计: ENU(0.54, -2.47, 0.64) -> NED(-2.47, 0.54, -0.64)
[fastlio_bridge_node-2] [INFO] [1786827108.036132641] [fastlio_bridge_node]: 已桥接并转换里程计: ENU(0.54, -2.47, 0.64) -> NED(-2.47, 0.54, -0.64)
[fastlio_bridge_node-2] [INFO] [1786827108.040388556] [fastlio_bridge_node]: 已桥接并转换里程计: ENU(0.54, -2.47, 0.64) -> NED(-2.47, 0.54, -0.64)
[fastlio_bridge_node-2] [INFO] [1786827108.048703816] [fastlio_bridge_node]: 已桥接并转换里程计: ENU(0.54, -2.47, 0.64) -> NED(-2.47, 0.54, -0.64)
[fastlio_bridge_node-2] [INFO] [1786827108.051027090] [fastlio_bridge_node]: 已桥接并转换里程计: ENU(0.54, -2.47, 0.64) -> NED(-2.47, 0.54, -0.64)
[rviz2-13] [INFO] [1786827108.051577385] [rviz2]: Message Filter dropping message: frame 'odom' at time 1786827105.579 for reason 'discarding message because the queue is full'
[fastlio_bridge_node-2] [INFO] [1786827108.056004965] [fastlio_bridge_node]: 已桥接并转换里程计: ENU(0.54, -2.47, 0.64) -> NED(-2.47, 0.54, -0.64)
[fastlio_bridge_node-2] [INFO] [1786827108.062832062] [fastlio_bridge_node]: 已桥接并转换里程计: ENU(0.54, -2.47, 0.64) -> NED(-2.47, 0.54, -0.64)
[fastlio_bridge_node-2] [INFO] [1786827108.067663893] [fastlio_bridge_node]: 已桥接并转换里程计: ENU(0.54, -2.47, 0.64) -> NED(-2.47, 0.54, -0.64)
[offboard_waypoint_node-1] [INFO] [1786827108.069258175] [offboard_waypoint_node]: [CONTROL_ARBITER] selected_source=ego state=TRACKING
[fastlio_bridge_node-2] [INFO] [1786827108.075598086] [fastlio_bridge_node]: 已桥接并转换里程计: ENU(0.54, -2.47, 0.64) -> NED(-2.47, 0.54, -0.64)
[fastlio_bridge_node-2] [INFO] [1786827108.080439119] [fastlio_bridge_node]: 已桥接并转换里程计: ENU(0.54, -2.46, 0.64) -> NED(-2.46, 0.54, -0.64)
[fastlio_bridge_node-2] [INFO] [1786827108.085614479] [fastlio_bridge_node]: 已桥接并转换里程计: ENU(0.54, -2.46, 0.64) -> NED(-2.46, 0.54, -0.64)
[fastlio_bridge_node-2] [INFO] [1786827108.092093217] [fastlio_bridge_node]: 已桥接并转换里程计: ENU(0.54, -2.46, 0.65) -> NED(-2.46, 0.54, -0.65)
[fastlio_bridge_node-2] [INFO] [1786827108.097477814] [fastlio_bridge_node]: 已桥接并转换里程计: ENU(0.53, -2.46, 0.65) -> NED(-2.46, 0.53, -0.65)
[ego_planner_node-10] [FSM]: state: EXEC_TRAJ
[ego_planner_node-10] [FSM]: from EXEC_TRAJ to REPLAN_TRAJ
[ego_planner_node-10] [WARN] [1786827108.243528291] [race_ego_planner]: [EGO_REPLAN_ODOM_DIVERGENCE] predicted_start=(1.025,-2.391,0.692) odom_start=(0.523,-2.449,0.647) horizontal_error=0.505 base_threshold=0.250 effective_threshold=0.256 horizontal_speed=0.119 reason=TRAJECTORY_EXPIRED
[ego_planner_node-10] [INFO] [1786827108.243791460] [race_ego_planner]: [EGO_REPLAN_REANCHOR_REFERENCE] start=(0.523,-2.449,0.692) points=8 trimmed_prefix=0.000 connector_safe=true
[ego_planner_node-10] [WARN] [1786827108.243824216] [race_ego_planner]: [EGO_REPLAN_REANCHOR] source=odom horizontal_error=0.505 base_threshold=0.250 effective_threshold=0.256 start=(0.523,-2.449,0.647) velocity=(-0.037,0.113,-0.012) reason=TRAJECTORY_EXPIRED
[ego_planner_node-10] [INFO] [1786827108.243869940] [ego_planner]: [EGO_REFERENCE_PREFIX_TRIM] original_points=8 trimmed_points=8 projection_segment=0 projection_ratio=0.000000 discarded_length=0.000000 remaining_length=0.586026 valid=true
[ego_planner_node-10] [INFO] [1786827108.247860212] [ego_planner]: [PARAMETERIZATION_INPUT] sample_count=7 sample_path_length=0.557244498 sample_progress_monotonic=true sample_self_intersection=false ts=0.217046606 start_P=(0.523158569,-2.449318810,0.691934003) start_V=(-0.037184355,0.112988750,0.000000000) start_A=(0.000000000,0.000000000,0.000000000) end_constraint=PVA initial_interval=0.217046606 final_interval=0.753319151
[ego_planner_node-10] [INFO] [1786827108.248042541] [ego_planner]: [PARAMETERIZATION_DIAGNOSIS] sample_order_valid=true time_monotonic=true ts_valid=true boundary_geometry_consistent=false attempts=7 output_samples=7 matrix_condition=2.038778051 max_control_jump=0.360139541 max_deviation=0.041707579 first_bad_control_point=3 backtrack_segments=0 self_intersections=0 max_heading_jump=0.091545247 feasible=true accepted=true exact_root_cause=FIXED_SAMPLE_COUNT_INTERVAL_SCALING_AMPLIFIED_DYNAMIC_BOUNDARY
[ego_planner_node-10] [INFO] [1786827108.248073095] [ego_planner]: [DYNAMIC_BOUNDARY_MAPPING] degree=3 knot_interval=0.753319151 P_mapping=(Q0+4Q1+Q2)/6 V_mapping=(Q2-Q0)/(2ts) A_mapping=(Q0-2Q1+Q2)/ts^2 units_correct=true sign_correct=true scale_correct=true start_position=(0.523158569,-2.449318810,0.691934003) start_velocity=(-0.037184355,0.112988750,0.000000000) start_acceleration=(0.000000000,0.000000000,0.000000000) q0=(0.551170255,-2.534435399,0.691934003) q1=(0.523158569,-2.449318810,0.691934003) q2=(0.495146882,-2.364202220,0.691934003)
[ego_planner_node-10] [INFO] [1786827108.248116029] [ego_planner]: [PREOPT_GEOMETRY_REGRESSION] seed_to_preopt_max_deviation=0.041707579 backtrack_segments=0 self_intersections=0 max_heading_jump=0.091545247 pass=true
[ego_planner_node-10] [INFO] [1786827108.248143337] [ego_planner]: [BSPLINE_START_BOUNDARY] degree=3 interval=0.753319151 position_hard=true velocity_hard=true acceleration_hard=true
[ego_planner_node-10] [47;30m
[ego_planner_node-10] [drone -1 replan 5]==============================================[0m
[ego_planner_node-10] [1;33mmulti-trajs=1[1;0m
[ego_planner_node-10] [INFO] [1786827108.258125193] [rebound_optimize]: [EGO_REBOUND_OPTIMIZATION] iterations=18 termination=0 max_obstacle_gradient_norm=0.000000000 obstacle_signal_nonzero=false success=true
[ego_planner_node-10] [32miter(+1)=18,time(ms)=0.516,total_t(ms)=0.519,cost=0.002
[ego_planner_node-10] [0mtraj 1 success.
[ego_planner_node-10] plan_success=1
[ego_planner_node-10] [INFO] [1786827108.265227064] [ego_planner]: [EGO_CANDIDATE_GENERATION_DEVIATION] preopt=0.041707579 postopt=0.213755886 preopt_backtrack=0 postopt_backtrack=0 preopt_self_intersections=0 postopt_self_intersections=0
[ego_planner_node-10] [INFO] [1786827108.266236584] [ego_planner]: [EGO_PUBLISH_GEOMETRY_GUARD] maximum_deviation=0.213755886 limit=0.800000000 limit_source=manager_default deviation_within_limit=true backtrack_segments=0 self_intersections=0 accepted=true
[ego_planner_node-10] [INFO] [1786827108.266284052] [ego_planner]: [HANDOVER_PRE_POST] preopt_position_error=0.000000000 preopt_velocity_error=0.000000000 preopt_acceleration_error=0.000000000 postopt_position_error=0.000000000 postopt_velocity_error=0.000000000 postopt_acceleration_error=0.000000000
[ego_planner_node-10] [INFO] [1786827108.266388647] [race_ego_planner]: [EGO_CANDIDATE_STAGED] candidate_id=6 active_id=5 active_local_goal_seq=3 candidate_local_goal_seq=3
[ego_planner_node-10] [INFO] [1786827108.266742611] [race_ego_planner]: [EGO_CANDIDATE_CLEARANCE_GATE] trajectory_id=6 candidate=NORMAL start_clearance=1.425 required_publish_clearance=0.340 planning_clearance=0.340 hard_clearance=0.290
[ego_planner_node-10] total time:[42m0.0214787[0m,optimize:0.0174398,refine:0.00403894,avg_time=0.0160306
[ego_planner_node-10] refine_success=1
[ego_planner_node-10] [INFO] [1786827108.270655446] [race_ego_planner]: [EGO_CANDIDATE_COMMIT] candidate_id=6 active_id=6 local_goal_seq=3 all_validations_passed=true
[ego_planner_node-10] [FSM]: from REPLAN_TRAJ to EXEC_TRAJ
[race_ego_trajectory_bridge-12] [INFO] [1786827108.275984130] [race_ego_trajectory_bridge]: [EGO_TRAJECTORY] trajectory_id=6 local_goal_seq=3 start_time=1786827108.276 points=227 duration=4.520 start=(0.523,-2.449,0.692) end=(1.038,-2.403,0.692) collision_free=true
[race_ego_trajectory_bridge-12] [ERROR] [1786827108.276245498] [race_ego_trajectory_bridge]: [BRIDGE_SWITCH_REJECTED] candidate_id=6 active_id=4 errors=(position=0.509 velocity=0.119 acceleration=0.001) limits=(0.100 0.100 0.200); hold measured position and replan
[race_ego_trajectory_bridge-12] [INFO] [1786827108.279736003] [race_ego_trajectory_bridge]: [EGO_STATUS] state=REPLAN_SWITCH_DISCONTINUITY control_enabled=true map=ready odom=ready goal=ready trajectory=ready
[race_ego_trajectory_bridge-12] [INFO] [1786827108.344302084] [race_ego_trajectory_bridge]: [EGO_STATUS] state=PLANNING_HOLD control_enabled=true map=ready odom=ready goal=ready trajectory=ready
[super_planner_ros2_node-6] [INFO] [1786827108.452481498] [super_planner_ros2_node]: [FINAL_GOAL_CHECK] global_goal_id=1 distance_to_final=0.518 speed=0.146 confirm=0/10 final_goal_reached=false
[super_planner_ros2_node-6] [INFO] [1786827108.503448185] [super_planner_ros2_node]: SUPER_ROS2 mode=FOLLOWING enable_output=false reason=GLOBAL_PATH_TO_EGO odom=(0.53,-2.42,0.65) goal=set tracking_setpoint_enu=(0.33,-2.52,0.69) setpoint_ned=none yaw(desired/cmd/rate)=(0.00/0.00/0.00) cross_track=0.24 frame_id=px4_ned path_points=7 odom_source=/race/odom cloud_source=/saved_map mavros_connected=true
[race_ego_trajectory_bridge-12] [INFO] [1786827108.514100677] [race_ego_trajectory_bridge]: [EGO_OCCUPANCY_MAP] topic=/race/ego/cloud frame=map raw_points=16188 map_age=0.027
[ego_planner_node-10] [FSM]: from EXEC_TRAJ to REPLAN_TRAJ
[ego_planner_node-10] [INFO] [1786827108.785845164] [ego_planner]: [EGO_REFERENCE_PREFIX_TRIM] original_points=8 trimmed_points=8 projection_segment=0 projection_ratio=0.000000 discarded_length=0.000000 remaining_length=0.586026 valid=true
[ego_planner_node-10] [INFO] [1786827108.790982727] [ego_planner]: [PARAMETERIZATION_INPUT] sample_count=7 sample_path_length=0.601765286 sample_progress_monotonic=true sample_self_intersection=false ts=0.217046606 start_P=(0.505348175,-2.391659883,0.691934003) start_V=(-0.028484260,0.106996161,0.000000000) start_A=(0.033494698,-0.023071010,0.000000000) end_constraint=PVA initial_interval=0.217046606 final_interval=0.869244494
[ego_planner_node-10] [INFO] [1786827108.791199107] [ego_planner]: [PARAMETERIZATION_DIAGNOSIS] sample_order_valid=true time_monotonic=true ts_valid=true boundary_geometry_consistent=false attempts=8 output_samples=7 matrix_condition=2.038778051 max_control_jump=0.435055017 max_deviation=0.049575962 first_bad_control_point=3 backtrack_segments=0 self_intersections=0 max_heading_jump=0.087576560 feasible=true accepted=true exact_root_cause=FIXED_SAMPLE_COUNT_INTERVAL_SCALING_AMPLIFIED_DYNAMIC_BOUNDARY
[ego_planner_node-10] [INFO] [1786827108.791228247] [ego_planner]: [DYNAMIC_BOUNDARY_MAPPING] degree=3 knot_interval=0.869244494 P_mapping=(Q0+4Q1+Q2)/6 V_mapping=(Q2-Q0)/(2ts) A_mapping=(Q0-2Q1+Q2)/ts^2 units_correct=true sign_correct=true scale_correct=true start_position=(0.505348175,-2.391659883,0.691934003) start_velocity=(-0.028484260,0.106996161,0.000000000) start_acceleration=(0.033494698,-0.023071010,0.000000000) q0=(0.538544003,-2.490476417,0.691934003) q1=(0.501130155,-2.388754528,0.691934003) q2=(0.489024431,-2.304464770,0.691934003)
[ego_planner_node-10] [INFO] [1786827108.791277625] [ego_planner]: [PREOPT_GEOMETRY_REGRESSION] seed_to_preopt_max_deviation=0.049575962 backtrack_segments=0 self_intersections=0 max_heading_jump=0.087576560 pass=true
[ego_planner_node-10] [INFO] [1786827108.791318207] [ego_planner]: [BSPLINE_START_BOUNDARY] degree=3 interval=0.869244494 position_hard=true velocity_hard=true acceleration_hard=true
[ego_planner_node-10] [47;30m
[ego_planner_node-10] [drone -1 replan 6]==============================================[0m
[ego_planner_node-10] [1;33mmulti-trajs=1[1;0m
[ego_planner_node-10] [INFO] [1786827108.806207857] [rebound_optimize]: [EGO_REBOUND_OPTIMIZATION] iterations=20 termination=0 max_obstacle_gradient_norm=0.000000000 obstacle_signal_nonzero=false success=true
[ego_planner_node-10] [32miter(+1)=20,time(ms)=0.527,total_t(ms)=0.535,cost=0.000
[ego_planner_node-10] [0mtraj 1 success.
[ego_planner_node-10] plan_success=1
[ego_planner_node-10] [INFO] [1786827108.816223790] [ego_planner]: [EGO_CANDIDATE_GENERATION_DEVIATION] preopt=0.049575962 postopt=0.227590537 preopt_backtrack=0 postopt_backtrack=0 preopt_self_intersections=0 postopt_self_intersections=0
[ego_planner_node-10] [INFO] [1786827108.819421014] [ego_planner]: [EGO_PUBLISH_GEOMETRY_GUARD] maximum_deviation=0.227590537 limit=0.800000000 limit_source=manager_default deviation_within_limit=true backtrack_segments=0 self_intersections=0 accepted=true
[ego_planner_node-10] [INFO] [1786827108.819541232] [ego_planner]: [HANDOVER_PRE_POST] preopt_position_error=0.000000000 preopt_velocity_error=0.000000000 preopt_acceleration_error=0.000000000 postopt_position_error=0.000000000 postopt_velocity_error=0.000000000 postopt_acceleration_error=0.000000000
[ego_planner_node-10] [INFO] [1786827108.819695531] [race_ego_planner]: [EGO_CANDIDATE_STAGED] candidate_id=7 active_id=6 active_local_goal_seq=3 candidate_local_goal_seq=3
[ego_planner_node-10] [INFO] [1786827108.820132768] [race_ego_planner]: [EGO_CANDIDATE_CLEARANCE_GATE] trajectory_id=7 candidate=NORMAL start_clearance=1.480 required_publish_clearance=0.340 planning_clearance=0.340 hard_clearance=0.290
[ego_planner_node-10] total time:[42m0.030523[0m,optimize:0.0204678,refine:0.0100552,avg_time=0.018101
[ego_planner_node-10] refine_success=1
[ego_planner_node-10] [INFO] [1786827108.831277796] [race_ego_planner]: [EGO_CANDIDATE_COMMIT] candidate_id=7 active_id=7 local_goal_seq=3 all_validations_passed=true
[ego_planner_node-10] [FSM]: from REPLAN_TRAJ to EXEC_TRAJ
[race_ego_trajectory_bridge-12] [INFO] [1786827108.841563160] [race_ego_trajectory_bridge]: [EGO_TRAJECTORY] trajectory_id=7 local_goal_seq=3 start_time=1786827108.842 points=262 duration=5.215 start=(0.505,-2.392,0.692) end=(1.040,-2.404,0.692) collision_free=true
[race_ego_trajectory_bridge-12] [INFO] [1786827108.843424518] [race_ego_trajectory_bridge]: [BRIDGE_REANCHOR_WAIT] candidate_id=7 horizontal_speed=0.139 limit=0.080
[super_planner_ros2_node-6] [INFO] [1786827109.003444442] [super_planner_ros2_node]: [FINAL_GOAL_CHECK] global_goal_id=1 distance_to_final=0.492 speed=0.095 confirm=0/10 final_goal_reached=false
[race_ego_cloud_bridge-8] [INFO] [1786827109.035443803] [race_ego_cloud_bridge]: [EGO_STATIC_MAP_READY] topic=/saved_map frame=map points=11417 fused=true
[race_ego_cloud_bridge-8] [INFO] [1786827109.107079122] [race_ego_cloud_bridge]: [EGO_MAP_FUSION] static_points=11417 live_raw_points=14778 confirmed_live_voxels=3274 min_observations=2 memory_sec=1.00 fused_points=14691
[race_ego_cloud_bridge-8] [INFO] [1786827109.107818924] [race_ego_cloud_bridge]: [EGO_MAP_INPUT] topic=/race/ego/cloud frame=map points=14691 source=static_live_px4 refresh_period=0.00s
[offboard_waypoint_node-1] [INFO] [1786827109.117768768] [offboard_waypoint_node]: [CONTROL_ARBITER] selected_source=ego state=TRACKING
[ego_planner_node-10] [FSM]: from EXEC_TRAJ to REPLAN_TRAJ
[ego_planner_node-10] [INFO] [1786827109.333385324] [ego_planner]: [EGO_REFERENCE_PREFIX_TRIM] original_points=8 trimmed_points=8 projection_segment=0 projection_ratio=0.000000 discarded_length=0.000000 remaining_length=0.586026 valid=true
[ego_planner_node-10] [INFO] [1786827109.340939295] [ego_planner]: [PARAMETERIZATION_INPUT] sample_count=7 sample_path_length=0.645188121 sample_progress_monotonic=true sample_self_intersection=false ts=0.217046606 start_P=(0.495461305,-2.340101358,0.691934003) start_V=(-0.009371612,0.093021533,0.000000000) start_A=(0.040913755,-0.031334349,0.000000000) end_constraint=PVA initial_interval=0.217046606 final_interval=0.924663535
[ego_planner_node-10] [INFO] [1786827109.341156441] [ego_planner]: [PARAMETERIZATION_DIAGNOSIS] sample_order_valid=true time_monotonic=true ts_valid=true boundary_geometry_consistent=false attempts=8 output_samples=7 matrix_condition=2.038778051 max_control_jump=0.479663595 max_deviation=0.057329276 first_bad_control_point=3 backtrack_segments=0 self_intersections=0 max_heading_jump=0.074474994 feasible=true accepted=true exact_root_cause=FIXED_SAMPLE_COUNT_INTERVAL_SCALING_AMPLIFIED_DYNAMIC_BOUNDARY
[ego_planner_node-10] [INFO] [1786827109.341202516] [ego_planner]: [DYNAMIC_BOUNDARY_MAPPING] degree=3 knot_interval=0.924663535 P_mapping=(Q0+4Q1+Q2)/6 V_mapping=(Q2-Q0)/(2ts) A_mapping=(Q0-2Q1+Q2)/ts^2 units_correct=true sign_correct=true scale_correct=true start_position=(0.495461305,-2.340101358,0.691934003) start_velocity=(-0.009371612,0.093021533,0.000000000) start_acceleration=(0.040913755,-0.031334349,0.000000000) q0=(0.515787349,-2.435045295,0.691934003) q1=(0.489631077,-2.335636199,0.691934003) q2=(0.498456173,-2.263018056,0.691934003)
[ego_planner_node-10] [INFO] [1786827109.341258184] [ego_planner]: [PREOPT_GEOMETRY_REGRESSION] seed_to_preopt_max_deviation=0.057329276 backtrack_segments=0 self_intersections=0 max_heading_jump=0.074474994 pass=true
[ego_planner_node-10] [INFO] [1786827109.341294140] [ego_planner]: [BSPLINE_START_BOUNDARY] degree=3 interval=0.924663535 position_hard=true velocity_hard=true acceleration_hard=true
[ego_planner_node-10] [47;30m
[ego_planner_node-10] [drone -1 replan 7]==============================================[0m
[ego_planner_node-10] [1;33mmulti-trajs=1[1;0m
[ego_planner_node-10] [INFO] [1786827109.347030517] [rebound_optimize]: [EGO_REBOUND_OPTIMIZATION] iterations=22 termination=0 max_obstacle_gradient_norm=0.000000000 obstacle_signal_nonzero=false success=true
[ego_planner_node-10] [32miter(+1)=22,time(ms)=0.771,total_t(ms)=0.775,cost=0.000
[ego_planner_node-10] [0mtraj 1 success.
[ego_planner_node-10] plan_success=1
[ego_planner_node-10] [INFO] [1786827109.353997445] [ego_planner]: [EGO_CANDIDATE_GENERATION_DEVIATION] preopt=0.057329276 postopt=0.229698114 preopt_backtrack=0 postopt_backtrack=0 preopt_self_intersections=0 postopt_self_intersections=0
[ego_planner_node-10] [INFO] [1786827109.360995121] [ego_planner]: [EGO_PUBLISH_GEOMETRY_GUARD] maximum_deviation=0.229698114 limit=0.800000000 limit_source=manager_default deviation_within_limit=true backtrack_segments=0 self_intersections=0 accepted=true
[ego_planner_node-10] [INFO] [1786827109.361096473] [ego_planner]: [HANDOVER_PRE_POST] preopt_position_error=0.000000000 preopt_velocity_error=0.000000000 preopt_acceleration_error=0.000000000 postopt_position_error=0.000000000 postopt_velocity_error=0.000000000 postopt_acceleration_error=0.000000000
[ego_planner_node-10] [INFO] [1786827109.361195600] [race_ego_planner]: [EGO_CANDIDATE_STAGED] candidate_id=8 active_id=7 active_local_goal_seq=3 candidate_local_goal_seq=3
[ego_planner_node-10] [INFO] [1786827109.361581610] [race_ego_planner]: [EGO_CANDIDATE_CLEARANCE_GATE] trajectory_id=8 candidate=NORMAL start_clearance=1.525 required_publish_clearance=0.340 planning_clearance=0.340 hard_clearance=0.290
[ego_planner_node-10] total time:[42m0.0207855[0m,optimize:0.013794,refine:0.00699148,avg_time=0.0184365
[ego_planner_node-10] refine_success=1
[ego_planner_node-10] [INFO] [1786827109.369899745] [race_ego_planner]: [EGO_CANDIDATE_COMMIT] candidate_id=8 active_id=8 local_goal_seq=3 all_validations_passed=true
[ego_planner_node-10] [FSM]: from REPLAN_TRAJ to EXEC_TRAJ
[race_ego_trajectory_bridge-12] [INFO] [1786827109.372425021] [race_ego_trajectory_bridge]: [EGO_TRAJECTORY] trajectory_id=8 local_goal_seq=3 start_time=1786827109.372 points=279 duration=5.548 start=(0.495,-2.340,0.692) end=(1.041,-2.407,0.692) collision_free=true
[race_ego_trajectory_bridge-12] [INFO] [1786827109.372601460] [race_ego_trajectory_bridge]: [BRIDGE_REANCHOR_WAIT] candidate_id=8 horizontal_speed=0.125 limit=0.080
[super_planner_ros2_node-6] [INFO] [1786827109.505828299] [super_planner_ros2_node]: SUPER_ROS2 mode=FOLLOWING enable_output=false reason=GLOBAL_PATH_TO_EGO odom=(0.50,-2.33,0.63) goal=set tracking_setpoint_enu=(0.33,-2.52,0.69) setpoint_ned=none yaw(desired/cmd/rate)=(0.00/0.00/0.00) cross_track=0.31 frame_id=px4_ned path_points=7 odom_source=/race/odom cloud_source=/saved_map mavros_connected=true
[super_planner_ros2_node-6] [INFO] [1786827109.552565830] [super_planner_ros2_node]: [FINAL_GOAL_CHECK] global_goal_id=1 distance_to_final=0.553 speed=0.113 confirm=0/10 final_goal_reached=false
[ego_planner_node-10] [FSM]: from EXEC_TRAJ to REPLAN_TRAJ
[ego_planner_node-10] [INFO] [1786827109.880525944] [ego_planner]: [EGO_REFERENCE_PREFIX_TRIM] original_points=8 trimmed_points=8 projection_segment=0 projection_ratio=0.000000 discarded_length=0.000000 remaining_length=0.586026 valid=true
[ego_planner_node-10] [INFO] [1786827109.885799901] [ego_planner]: [PARAMETERIZATION_INPUT] sample_count=7 sample_path_length=0.680272889 sample_progress_monotonic=true sample_self_intersection=false ts=0.217046606 start_P=(0.496069605,-2.296137896,0.691934003) start_V=(0.011633685,0.076062499,0.000000000) start_A=(0.039982234,-0.033978594,0.000000000) end_constraint=PVA initial_interval=0.217046606 final_interval=0.960909451
[ego_planner_node-10] [INFO] [1786827109.885935162] [ego_planner]: [PARAMETERIZATION_DIAGNOSIS] sample_order_valid=true time_monotonic=true ts_valid=true boundary_geometry_consistent=false attempts=8 output_samples=7 matrix_condition=2.038778051 max_control_jump=0.503826176 max_deviation=0.061601738 first_bad_control_point=3 backtrack_segments=0 self_intersections=0 max_heading_jump=0.064586809 feasible=true accepted=true exact_root_cause=FIXED_SAMPLE_COUNT_INTERVAL_SCALING_AMPLIFIED_DYNAMIC_BOUNDARY
[ego_planner_node-10] [INFO] [1786827109.886027034] [ego_planner]: [DYNAMIC_BOUNDARY_MAPPING] degree=3 knot_interval=0.960909451 P_mapping=(Q0+4Q1+Q2)/6 V_mapping=(Q2-Q0)/(2ts) A_mapping=(Q0-2Q1+Q2)/ts^2 units_correct=true sign_correct=true scale_correct=true start_position=(0.496069605,-2.296137896,0.691934003) start_velocity=(0.011633685,0.076062499,0.000000000) start_acceleration=(0.039982234,-0.033978594,0.000000000) q0=(0.497196513,-2.379685081,0.691934003) q1=(0.489916693,-2.290908890,0.691934003) q2=(0.519554348,-2.233506731,0.691934003)
[ego_planner_node-10] [INFO] [1786827109.886073151] [ego_planner]: [PREOPT_GEOMETRY_REGRESSION] seed_to_preopt_max_deviation=0.061601738 backtrack_segments=0 self_intersections=0 max_heading_jump=0.064586809 pass=true
[ego_planner_node-10] [INFO] [1786827109.886101997] [ego_planner]: [BSPLINE_START_BOUNDARY] degree=3 interval=0.960909451 position_hard=true velocity_hard=true acceleration_hard=true
[ego_planner_node-10] [47;30m
[ego_planner_node-10] [drone -1 replan 8]==============================================[0m
[ego_planner_node-10] [1;33mmulti-trajs=1[1;0m
[ego_planner_node-10] [INFO] [1786827109.890830351] [rebound_optimize]: [EGO_REBOUND_OPTIMIZATION] iterations=21 termination=0 max_obstacle_gradient_norm=0.000000000 obstacle_signal_nonzero=false success=true
[ego_planner_node-10] [32miter(+1)=21,time(ms)=0.689,total_t(ms)=0.691,cost=0.000
[ego_planner_node-10] [0mtraj 1 success.
[ego_planner_node-10] plan_success=1
[ego_planner_node-10] [INFO] [1786827109.893527386] [ego_planner]: [EGO_CANDIDATE_GENERATION_DEVIATION] preopt=0.061601738 postopt=0.227966933 preopt_backtrack=0 postopt_backtrack=0 preopt_self_intersections=0 postopt_self_intersections=0
[ego_planner_node-10] [INFO] [1786827109.895218221] [ego_planner]: [EGO_PUBLISH_GEOMETRY_GUARD] maximum_deviation=0.227966933 limit=0.800000000 limit_source=manager_default deviation_within_limit=true backtrack_segments=0 self_intersections=0 accepted=true
[ego_planner_node-10] [INFO] [1786827109.895272792] [ego_planner]: [HANDOVER_PRE_POST] preopt_position_error=0.000000000 preopt_velocity_error=0.000000000 preopt_acceleration_error=0.000000000 postopt_position_error=0.000000000 postopt_velocity_error=0.000000000 postopt_acceleration_error=0.000000000
[ego_planner_node-10] [INFO] [1786827109.895387794] [race_ego_planner]: [EGO_CANDIDATE_STAGED] candidate_id=9 active_id=8 active_local_goal_seq=3 candidate_local_goal_seq=3
[ego_planner_node-10] total time:[42m0.0131352[0m,optimize:0.0103988,refine:0.00273637,avg_time=0.0178475
[ego_planner_node-10] refine_success=1
[ego_planner_node-10] [INFO] [1786827109.895755962] [race_ego_planner]: [EGO_CANDIDATE_CLEARANCE_GATE] trajectory_id=9 candidate=NORMAL start_clearance=1.559 required_publish_clearance=0.340 planning_clearance=0.340 hard_clearance=0.290
[ego_planner_node-10] [INFO] [1786827109.899799405] [race_ego_planner]: [EGO_CANDIDATE_COMMIT] candidate_id=9 active_id=9 local_goal_seq=3 all_validations_passed=true
[ego_planner_node-10] [FSM]: from REPLAN_TRAJ to EXEC_TRAJ
[race_ego_trajectory_bridge-12] [INFO] [1786827109.902354237] [race_ego_trajectory_bridge]: [EGO_TRAJECTORY] trajectory_id=9 local_goal_seq=3 start_time=1786827109.902 points=290 duration=5.765 start=(0.496,-2.296,0.692) end=(1.041,-2.406,0.692) collision_free=true
[race_ego_trajectory_bridge-12] [INFO] [1786827109.902497895] [race_ego_trajectory_bridge]: [BRIDGE_REANCHOR_WAIT] candidate_id=9 horizontal_speed=0.103 limit=0.080
[fastlio_bridge_node-2] [INFO] [1786827110.001962991] [fastlio_bridge_node]: 已桥接并转换里程计: ENU(0.45, -2.33, 0.64) -> NED(-2.33, 0.45, -0.64)
[fastlio_bridge_node-2] [INFO] [1786827110.014610801] [fastlio_bridge_node]: 已桥接并转换里程计: ENU(0.45, -2.33, 0.64) -> NED(-2.33, 0.45, -0.64)
[fastlio_bridge_node-2] [INFO] [1786827110.024869101] [fastlio_bridge_node]: 已桥接并转换里程计: ENU(0.45, -2.33, 0.64) -> NED(-2.33, 0.45, -0.64)
[fastlio_bridge_node-2] [INFO] [1786827110.032816717] [fastlio_bridge_node]: 已桥接并转换里程计: ENU(0.45, -2.33, 0.64) -> NED(-2.33, 0.45, -0.64)
[fastlio_bridge_node-2] [INFO] [1786827110.040056411] [fastlio_bridge_node]: 已桥接并转换里程计: ENU(0.45, -2.33, 0.64) -> NED(-2.33, 0.45, -0.64)
[fastlio_bridge_node-2] [INFO] [1786827110.042805100] [fastlio_bridge_node]: 已桥接并转换里程计: ENU(0.44, -2.33, 0.64) -> NED(-2.33, 0.44, -0.64)
[fastlio_bridge_node-2] [INFO] [1786827110.050228082] [fastlio_bridge_node]: 已桥接并转换里程计: ENU(0.44, -2.33, 0.64) -> NED(-2.33, 0.44, -0.64)
[fastlio_bridge_node-2] [INFO] [1786827110.054734514] [fastlio_bridge_node]: 已桥接并转换里程计: ENU(0.44, -2.33, 0.64) -> NED(-2.33, 0.44, -0.64)
[fastlio_bridge_node-2] [INFO] [1786827110.058495005] [fastlio_bridge_node]: 已桥接并转换里程计: ENU(0.44, -2.33, 0.63) -> NED(-2.33, 0.44, -0.63)
[super_planner_ros2_node-6] [INFO] [1786827110.058160539] [super_planner_ros2_node]: [FINAL_GOAL_CHECK] global_goal_id=1 distance_to_final=0.601 speed=0.109 confirm=0/10 final_goal_reached=false
[fastlio_bridge_node-2] [INFO] [1786827110.063811957] [fastlio_bridge_node]: 已桥接并转换里程计: ENU(0.44, -2.33, 0.63) -> NED(-2.33, 0.44, -0.63)
[fastlio_bridge_node-2] [INFO] [1786827110.068597949] [fastlio_bridge_node]: 已桥接并转换里程计: ENU(0.44, -2.33, 0.63) -> NED(-2.33, 0.44, -0.63)
[fastlio_bridge_node-2] [INFO] [1786827110.075773912] [fastlio_bridge_node]: 已桥接并转换里程计: ENU(0.44, -2.33, 0.63) -> NED(-2.33, 0.44, -0.63)
[fastlio_bridge_node-2] [INFO] [1786827110.081366711] [fastlio_bridge_node]: 已桥接并转换里程计: ENU(0.44, -2.33, 0.63) -> NED(-2.33, 0.44, -0.63)
[fastlio_bridge_node-2] [INFO] [1786827110.090703824] [fastlio_bridge_node]: 已桥接并转换里程计: ENU(0.44, -2.33, 0.63) -> NED(-2.33, 0.44, -0.63)
[fastlio_bridge_node-2] [INFO] [1786827110.090930393] [fastlio_bridge_node]: 已桥接并转换里程计: ENU(0.44, -2.33, 0.63) -> NED(-2.33, 0.44, -0.63)
[fastlio_bridge_node-2] [INFO] [1786827110.098745169] [fastlio_bridge_node]: 已桥接并转换里程计: ENU(0.44, -2.33, 0.63) -> NED(-2.33, 0.44, -0.63)
[offboard_waypoint_node-1] [INFO] [1786827110.119384606] [offboard_waypoint_node]: [CONTROL_ARBITER] selected_source=ego state=TRACKING
[ego_planner_node-10] [INFO] [1786827110.143062163] [race_ego_planner]: [EGO_OCCUPANCY_UPDATE] input_topic=grid_map/cloud input_frame=map occupancy_frame=map cloud_points=16880 local_points=11522 occupied_voxels=35251 camera=(0.449,-2.334,0.639) local_index_bounds=[(47,30,0),(117,113,13)]
[ego_planner_node-10] [FSM]: state: EXEC_TRAJ
[ego_planner_node-10] [FSM]: from EXEC_TRAJ to REPLAN_TRAJ
[ego_planner_node-10] [INFO] [1786827110.448035068] [ego_planner]: [EGO_REFERENCE_PREFIX_TRIM] original_points=8 trimmed_points=8 projection_segment=0 projection_ratio=0.000000 discarded_length=0.000000 remaining_length=0.586026 valid=true
[ego_planner_node-10] [INFO] [1786827110.457191828] [ego_planner]: [PARAMETERIZATION_INPUT] sample_count=7 sample_path_length=0.706519254 sample_progress_monotonic=true sample_self_intersection=false ts=0.217046606 start_P=(0.508374527,-2.259273164,0.691934003) start_V=(0.032472931,0.057361856,0.000000000) start_A=(0.035426186,-0.033691130,0.000000000) end_constraint=PVA initial_interval=0.217046606 final_interval=0.983160722
[ego_planner_node-10] [INFO] [1786827110.457348910] [ego_planner]: [PARAMETERIZATION_DIAGNOSIS] sample_order_valid=true time_monotonic=true ts_valid=true boundary_geometry_consistent=false attempts=8 output_samples=7 matrix_condition=2.038778051 max_control_jump=0.512135206 max_deviation=0.062812284 first_bad_control_point=3 backtrack_segments=0 self_intersections=0 max_heading_jump=0.067406221 feasible=true accepted=true exact_root_cause=FIXED_SAMPLE_COUNT_INTERVAL_SCALING_AMPLIFIED_DYNAMIC_BOUNDARY
[ego_planner_node-10] [INFO] [1786827110.457391125] [ego_planner]: [DYNAMIC_BOUNDARY_MAPPING] degree=3 knot_interval=0.983160722 P_mapping=(Q0+4Q1+Q2)/6 V_mapping=(Q2-Q0)/(2ts) A_mapping=(Q0-2Q1+Q2)/ts^2 units_correct=true sign_correct=true scale_correct=true start_position=(0.508374527,-2.259273164,0.691934003) start_velocity=(0.032472931,0.057361856,0.000000000) start_acceleration=(0.035426186,-0.033691130,0.000000000) q0=(0.487862792,-2.326524426,0.691934003) q1=(0.502667338,-2.253845495,0.691934003) q2=(0.551715013,-2.213732579,0.691934003)
[ego_planner_node-10] [INFO] [1786827110.457522246] [ego_planner]: [PREOPT_GEOMETRY_REGRESSION] seed_to_preopt_max_deviation=0.062812284 backtrack_segments=0 self_intersections=0 max_heading_jump=0.067406221 pass=true
[ego_planner_node-10] [INFO] [1786827110.457563458] [ego_planner]: [BSPLINE_START_BOUNDARY] degree=3 interval=0.983160722 position_hard=true velocity_hard=true acceleration_hard=true
[ego_planner_node-10] [47;30m
[ego_planner_node-10] [drone -1 replan 9]==============================================[0m
[ego_planner_node-10] [1;33mmulti-trajs=1[1;0m
[ego_planner_node-10] [INFO] [1786827110.467810899] [rebound_optimize]: [EGO_REBOUND_OPTIMIZATION] iterations=15 termination=0 max_obstacle_gradient_norm=0.000000000 obstacle_signal_nonzero=false success=true
[ego_planner_node-10] [32miter(+1)=15,time(ms)=0.472,total_t(ms)=0.475,cost=0.003
[ego_planner_node-10] [0mtraj 1 success.
[ego_planner_node-10] plan_success=1
[ego_planner_node-10] [INFO] [1786827110.475710211] [ego_planner]: [EGO_CANDIDATE_GENERATION_DEVIATION] preopt=0.062812284 postopt=0.204336314 preopt_backtrack=0 postopt_backtrack=0 preopt_self_intersections=0 postopt_self_intersections=0
[ego_planner_node-10] [INFO] [1786827110.479352517] [ego_planner]: [EGO_PUBLISH_GEOMETRY_GUARD] maximum_deviation=0.204336314 limit=0.800000000 limit_source=manager_default deviation_within_limit=true backtrack_segments=0 self_intersections=0 accepted=true
[ego_planner_node-10] [INFO] [1786827110.479429413] [ego_planner]: [HANDOVER_PRE_POST] preopt_position_error=0.000000000 preopt_velocity_error=0.000000000 preopt_acceleration_error=0.000000000 postopt_position_error=0.000000000 postopt_velocity_error=0.000000000 postopt_acceleration_error=0.000000000
[ego_planner_node-10] [INFO] [1786827110.479523454] [race_ego_planner]: [EGO_CANDIDATE_STAGED] candidate_id=10 active_id=9 active_local_goal_seq=3 candidate_local_goal_seq=3
[ego_planner_node-10] [INFO] [1786827110.479922335] [race_ego_planner]: [EGO_CANDIDATE_CLEARANCE_GATE] trajectory_id=10 candidate=NORMAL start_clearance=1.510 required_publish_clearance=0.340 planning_clearance=0.340 hard_clearance=0.290
[ego_planner_node-10] total time:[42m0.0291528[0m,optimize:0.0215784,refine:0.00757433,avg_time=0.018978
[ego_planner_node-10] refine_success=1
[ego_planner_node-10] [INFO] [1786827110.490184821] [race_ego_planner]: [EGO_CANDIDATE_COMMIT] candidate_id=10 active_id=10 local_goal_seq=3 all_validations_passed=true
[ego_planner_node-10] [FSM]: from REPLAN_TRAJ to EXEC_TRAJ
[race_ego_trajectory_bridge-12] [INFO] [1786827110.494033278] [race_ego_trajectory_bridge]: [EGO_TRAJECTORY] trajectory_id=10 local_goal_seq=3 start_time=1786827110.494 points=296 duration=5.899 start=(0.508,-2.259,0.692) end=(1.040,-2.379,0.692) collision_free=true
[race_ego_trajectory_bridge-12] [INFO] [1786827110.494191474] [race_ego_trajectory_bridge]: [BRIDGE_REANCHOR_WAIT] candidate_id=10 horizontal_speed=0.067 limit=0.080
[super_planner_ros2_node-6] [INFO] [1786827110.508307753] [super_planner_ros2_node]: SUPER_ROS2 mode=FOLLOWING enable_output=false reason=GLOBAL_PATH_TO_EGO odom=(0.41,-2.33,0.61) goal=set tracking_setpoint_enu=(0.33,-2.52,0.69) setpoint_ned=none yaw(desired/cmd/rate)=(0.00/0.00/0.00) cross_track=0.39 frame_id=px4_ned path_points=7 odom_source=/race/odom cloud_source=/saved_map mavros_connected=true
[super_planner_ros2_node-6] [INFO] [1786827110.604290218] [super_planner_ros2_node]: [FINAL_GOAL_CHECK] global_goal_id=1 distance_to_final=0.646 speed=0.049 confirm=0/10 final_goal_reached=false
[race_ego_trajectory_bridge-12] [INFO] [1786827110.626785401] [race_ego_trajectory_bridge]: [EGO_OCCUPANCY_MAP] topic=/race/ego/cloud frame=map raw_points=16994 map_age=0.028
[rviz2-13] [INFO] [1786827110.677801142] [rviz2]: Message Filter dropping message: frame 'odom' at time 1786827107.881 for reason 'discarding message because the queue is full'
[race_ego_trajectory_bridge-12] [WARN] [1786827110.869397001] [race_ego_trajectory_bridge]: [BRIDGE_REPLAN_READY] token=2 position=(0.394,-2.324,0.692) horizontal_speed=0.048 stable_sec=0.509
[ego_planner_node-10] [BRIDGE_READY]: from EXEC_TRAJ to REPLAN_TRAJ
[ego_planner_node-10] [WARN] [1786827110.985124514] [race_ego_planner]: [EGO_REPLAN_READY_ACCEPTED] token=2 source=bridge_switch start=latest_odom
[ego_planner_node-10] [INFO] [1786827110.999386255] [ego_planner]: [EGO_REFERENCE_PREFIX_TRIM] original_points=8 trimmed_points=8 projection_segment=0 projection_ratio=0.000000 discarded_length=0.000000 remaining_length=0.586026 valid=true
[ego_planner_node-10] [INFO] [1786827111.014458505] [ego_planner]: [PARAMETERIZATION_INPUT] sample_count=7 sample_path_length=0.745447371 sample_progress_monotonic=true sample_self_intersection=false ts=0.217046606 start_P=(0.382652341,-2.315680315,0.691934003) start_V=(-0.055428690,0.068326313,0.000000000) start_A=(0.000000000,0.000000000,0.000000000) end_constraint=PVA initial_interval=0.217046606 final_interval=1.164533419
[ego_planner_node-10] [INFO] [1786827111.014624164] [ego_planner]: [PARAMETERIZATION_DIAGNOSIS] sample_order_valid=true time_monotonic=true ts_valid=true boundary_geometry_consistent=false attempts=9 output_samples=7 matrix_condition=2.038778051 max_control_jump=0.708836025 max_deviation=0.080857025 first_bad_control_point=3 backtrack_segments=0 self_intersections=0 max_heading_jump=0.171181267 feasible=true accepted=true exact_root_cause=FIXED_SAMPLE_COUNT_INTERVAL_SCALING_AMPLIFIED_DYNAMIC_BOUNDARY
[ego_planner_node-10] [INFO] [1786827111.014668564] [ego_planner]: [DYNAMIC_BOUNDARY_MAPPING] degree=3 knot_interval=1.164533419 P_mapping=(Q0+4Q1+Q2)/6 V_mapping=(Q2-Q0)/(2ts) A_mapping=(Q0-2Q1+Q2)/ts^2 units_correct=true sign_correct=true scale_correct=true start_position=(0.382652341,-2.315680315,0.691934003) start_velocity=(-0.055428690,0.068326313,0.000000000) start_acceleration=(0.000000000,0.000000000,0.000000000) q0=(0.447200903,-2.395248590,0.691934003) q1=(0.382652341,-2.315680315,0.691934003) q2=(0.318103778,-2.236112041,0.691934003)
[ego_planner_node-10] [INFO] [1786827111.014729609] [ego_planner]: [PREOPT_GEOMETRY_REGRESSION] seed_to_preopt_max_deviation=0.080857025 backtrack_segments=0 self_intersections=0 max_heading_jump=0.171181267 pass=true
[ego_planner_node-10] [INFO] [1786827111.014771191] [ego_planner]: [BSPLINE_START_BOUNDARY] degree=3 interval=1.164533419 position_hard=true velocity_hard=true acceleration_hard=true
[ego_planner_node-10] [47;30m
[ego_planner_node-10] [drone -1 replan 10]==============================================[0m
[ego_planner_node-10] [1;33mmulti-trajs=1[1;0m
[ego_planner_node-10] [INFO] [1786827111.034428697] [rebound_optimize]: [EGO_REBOUND_OPTIMIZATION] iterations=22 termination=0 max_obstacle_gradient_norm=0.000000000 obstacle_signal_nonzero=false success=true
[ego_planner_node-10] [32miter(+1)=22,time(ms)=4.236,total_t(ms)=4.239,cost=0.004
[ego_planner_node-10] [0mtraj 1 success.
[ego_planner_node-10] plan_success=1
[race_ego_cloud_bridge-8] [INFO] [1786827111.037045425] [race_ego_cloud_bridge]: [EGO_STATIC_MAP_READY] topic=/saved_map frame=map points=11417 fused=true
[ego_planner_node-10] [INFO] [1786827111.044184907] [ego_planner]: [EGO_CANDIDATE_GENERATION_DEVIATION] preopt=0.080857025 postopt=0.220140675 preopt_backtrack=0 postopt_backtrack=0 preopt_self_intersections=0 postopt_self_intersections=0
[ego_planner_node-10] [INFO] [1786827111.048621286] [ego_planner]: [EGO_PUBLISH_GEOMETRY_GUARD] maximum_deviation=0.220140675 limit=0.800000000 limit_source=manager_default deviation_within_limit=true backtrack_segments=0 self_intersections=0 accepted=true
[ego_planner_node-10] [INFO] [1786827111.049859691] [ego_planner]: [HANDOVER_PRE_POST] preopt_position_error=0.000000000 preopt_velocity_error=0.000000000 preopt_acceleration_error=0.000000000 postopt_position_error=0.000000000 postopt_velocity_error=0.000000000 postopt_acceleration_error=0.000000000
[ego_planner_node-10] [INFO] [1786827111.049970052] [race_ego_planner]: [EGO_CANDIDATE_STAGED] candidate_id=11 active_id=10 active_local_goal_seq=3 candidate_local_goal_seq=3
[ego_planner_node-10] total time:[42m0.0449849[0m,optimize:0.0352502,refine:0.00973467,avg_time=0.0213423
[ego_planner_node-10] refine_success=1
[ego_planner_node-10] [INFO] [1786827111.050682112] [race_ego_planner]: [EGO_CANDIDATE_CLEARANCE_GATE] trajectory_id=11 candidate=NORMAL start_clearance=1.491 required_publish_clearance=0.340 planning_clearance=0.340 hard_clearance=0.290
[ego_planner_node-10] [INFO] [1786827111.059192030] [race_ego_planner]: [EGO_CANDIDATE_COMMIT] candidate_id=11 active_id=11 local_goal_seq=3 all_validations_passed=true
[ego_planner_node-10] [FSM]: from REPLAN_TRAJ to EXEC_TRAJ
[race_ego_trajectory_bridge-12] [INFO] [1786827111.063967974] [race_ego_trajectory_bridge]: [EGO_TRAJECTORY] trajectory_id=11 local_goal_seq=3 start_time=1786827111.064 points=351 duration=6.987 start=(0.383,-2.316,0.692) end=(1.041,-2.406,0.692) collision_free=true
[race_ego_trajectory_bridge-12] [WARN] [1786827111.064154932] [race_ego_trajectory_bridge]: [BRIDGE_TRAJECTORY_REBASED] trajectory_id=11 old_start=1786827111.050 new_start=1786827111.064 reason=measured_position_hold
[race_ego_trajectory_bridge-12] [INFO] [1786827111.064909661] [race_ego_trajectory_bridge]: [BRIDGE_CANDIDATE_COMMIT] trajectory_id=11 local_goal_seq=3 output_topic=/race/ego/validated_bspline
[race_ego_trajectory_bridge-12] [INFO] [1786827111.065084264] [race_ego_trajectory_bridge]: [EGO_STATUS] state=TRACKING control_enabled=true map=ready odom=ready goal=ready trajectory=ready
[race_ego_trajectory_bridge-12] [WARN] [1786827111.067181541] [race_ego_trajectory_bridge]: Reject unvalidated PositionCommand trajectory_id=4 validated_trajectory_id=11
[race_ego_trajectory_bridge-12] [INFO] [1786827111.074174955] [race_ego_trajectory_bridge]: [SETPOINT_SOURCE] source=EGO trajectory_id=11 control_enabled=true position_enu=(0.382,-2.315,0.692)
[super_planner_ros2_node-6] [INFO] [1786827111.153230739] [super_planner_ros2_node]: [FINAL_GOAL_CHECK] global_goal_id=1 distance_to_final=0.676 speed=0.081 confirm=0/10 final_goal_reached=false
[offboard_waypoint_node-1] [INFO] [1786827111.168477670] [offboard_waypoint_node]: [CONTROL_ARBITER] selected_source=ego state=TRACKING
[race_ego_cloud_bridge-8] [INFO] [1786827111.204344883] [race_ego_cloud_bridge]: [EGO_MAP_FUSION] static_points=11417 live_raw_points=15062 confirmed_live_voxels=5300 min_observations=2 memory_sec=1.00 fused_points=16717
[race_ego_cloud_bridge-8] [INFO] [1786827111.206691009] [race_ego_cloud_bridge]: [EGO_MAP_INPUT] topic=/race/ego/cloud frame=map points=16717 source=static_live_px4 refresh_period=0.00s
[super_planner_ros2_node-6] [INFO] [1786827111.553928485] [super_planner_ros2_node]: SUPER_ROS2 mode=FOLLOWING enable_output=false reason=GLOBAL_PATH_TO_EGO odom=(0.35,-2.28,0.65) goal=set tracking_setpoint_enu=(0.33,-2.52,0.69) setpoint_ned=none yaw(desired/cmd/rate)=(0.00/0.00/0.00) cross_track=0.46 frame_id=px4_ned path_points=7 odom_source=/race/odom cloud_source=/saved_map mavros_connected=true
[ego_planner_node-10] [FSM]: from EXEC_TRAJ to REPLAN_TRAJ
[ego_planner_node-10] [INFO] [1786827111.608856162] [ego_planner]: [EGO_REFERENCE_PREFIX_TRIM] original_points=8 trimmed_points=8 projection_segment=0 projection_ratio=0.000000 discarded_length=0.000000 remaining_length=0.586026 valid=true
[ego_planner_node-10] [INFO] [1786827111.621486811] [ego_planner]: [PARAMETERIZATION_INPUT] sample_count=7 sample_path_length=0.792252396 sample_progress_monotonic=true sample_self_intersection=false ts=0.217046606 start_P=(0.352437649,-2.277908445,0.691934003) start_V=(-0.051327359,0.066097117,0.000000000) start_A=(0.014676598,-0.007977167,0.000000000) end_constraint=PVA initial_interval=0.217046606 final_interval=1.264882529
[ego_planner_node-10] [INFO] [1786827111.623517322] [ego_planner]: [PARAMETERIZATION_DIAGNOSIS] sample_order_valid=true time_monotonic=true ts_valid=true boundary_geometry_consistent=false attempts=9 output_samples=7 matrix_condition=2.038778051 max_control_jump=0.775890721 max_deviation=0.091008806 first_bad_control_point=3 backtrack_segments=0 self_intersections=0 max_heading_jump=0.151312717 feasible=true accepted=true exact_root_cause=FIXED_SAMPLE_COUNT_INTERVAL_SCALING_AMPLIFIED_DYNAMIC_BOUNDARY
[ego_planner_node-10] [INFO] [1786827111.623573071] [ego_planner]: [DYNAMIC_BOUNDARY_MAPPING] degree=3 knot_interval=1.264882529 P_mapping=(Q0+4Q1+Q2)/6 V_mapping=(Q2-Q0)/(2ts) A_mapping=(Q0-2Q1+Q2)/ts^2 units_correct=true sign_correct=true scale_correct=true start_position=(0.352437649,-2.277908445,0.691934003) start_velocity=(-0.051327359,0.066097117,0.000000000) start_acceleration=(0.014676598,-0.007977167,0.000000000) q0=(0.425187895,-2.365767831,0.691934003) q1=(0.348524066,-2.275781296,0.691934003) q2=(0.295341735,-2.198557653,0.691934003)
[ego_planner_node-10] [INFO] [1786827111.623635802] [ego_planner]: [PREOPT_GEOMETRY_REGRESSION] seed_to_preopt_max_deviation=0.091008806 backtrack_segments=0 self_intersections=0 max_heading_jump=0.151312717 pass=true
[ego_planner_node-10] [INFO] [1786827111.623674506] [ego_planner]: [BSPLINE_START_BOUNDARY] degree=3 interval=1.264882529 position_hard=true velocity_hard=true acceleration_hard=true
[ego_planner_node-10] [47;30m
[ego_planner_node-10] [drone -1 replan 11]==============================================[0m
[ego_planner_node-10] [1;33mmulti-trajs=1[1;0m
[ego_planner_node-10] [INFO] [1786827111.632221644] [rebound_optimize]: [EGO_REBOUND_OPTIMIZATION] iterations=22 termination=0 max_obstacle_gradient_norm=0.000000000 obstacle_signal_nonzero=false success=true
[ego_planner_node-10] [32miter(+1)=22,time(ms)=0.793,total_t(ms)=0.796,cost=0.002
[ego_planner_node-10] [0mtraj 1 success.
[ego_planner_node-10] plan_success=1
[ego_planner_node-10] [INFO] [1786827111.637345845] [ego_planner]: [EGO_CANDIDATE_GENERATION_DEVIATION] preopt=0.091008806 postopt=0.227849426 preopt_backtrack=0 postopt_backtrack=0 preopt_self_intersections=0 postopt_self_intersections=0
[ego_planner_node-10] [INFO] [1786827111.639458901] [ego_planner]: [EGO_PUBLISH_GEOMETRY_GUARD] maximum_deviation=0.227849426 limit=0.800000000 limit_source=manager_default deviation_within_limit=true backtrack_segments=0 self_intersections=0 accepted=true
[ego_planner_node-10] [INFO] [1786827111.639595643] [ego_planner]: [HANDOVER_PRE_POST] preopt_position_error=0.000000000 preopt_velocity_error=0.000000000 preopt_acceleration_error=0.000000000 postopt_position_error=0.000000000 postopt_velocity_error=0.000000000 postopt_acceleration_error=0.000000000
[ego_planner_node-10] [INFO] [1786827111.639955074] [race_ego_planner]: [EGO_CANDIDATE_STAGED] candidate_id=12 active_id=11 active_local_goal_seq=3 candidate_local_goal_seq=3
[ego_planner_node-10] [INFO] [1786827111.640316702] [race_ego_planner]: [EGO_CANDIDATE_CLEARANCE_GATE] trajectory_id=12 candidate=NORMAL start_clearance=1.482 required_publish_clearance=0.340 planning_clearance=0.340 hard_clearance=0.290
[ego_planner_node-10] total time:[42m0.0282078[0m,optimize:0.0234687,refine:0.00473911,avg_time=0.0219144
[ego_planner_node-10] refine_success=1
[ego_planner_node-10] [INFO] [1786827111.644681062] [race_ego_planner]: [EGO_CANDIDATE_COMMIT] candidate_id=12 active_id=12 local_goal_seq=3 all_validations_passed=true
[ego_planner_node-10] [FSM]: from REPLAN_TRAJ to EXEC_TRAJ
[race_ego_trajectory_bridge-12] [INFO] [1786827111.648494704] [race_ego_trajectory_bridge]: [EGO_TRAJECTORY] trajectory_id=12 local_goal_seq=3 start_time=1786827111.648 points=381 duration=7.589 start=(0.352,-2.278,0.692) end=(1.040,-2.405,0.692) collision_free=true
[race_ego_trajectory_bridge-12] [INFO] [1786827111.649344171] [race_ego_trajectory_bridge]: [BRIDGE_CANDIDATE_COMMIT] trajectory_id=12 local_goal_seq=3 output_topic=/race/ego/validated_bspline
[super_planner_ros2_node-6] [INFO] [1786827111.702937829] [super_planner_ros2_node]: [FINAL_GOAL_CHECK] global_goal_id=1 distance_to_final=0.711 speed=0.093 confirm=0/10 final_goal_reached=false
[fastlio_bridge_node-2] [INFO] [1786827112.005578201] [fastlio_bridge_node]: 已桥接并转换里程计: ENU(0.31, -2.25, 0.62) -> NED(-2.25, 0.31, -0.62)
[fastlio_bridge_node-2] [INFO] [1786827112.011045221] [fastlio_bridge_node]: 已桥接并转换里程计: ENU(0.31, -2.25, 0.62) -> NED(-2.25, 0.31, -0.62)
[fastlio_bridge_node-2] [INFO] [1786827112.016009174] [fastlio_bridge_node]: 已桥接并转换里程计: ENU(0.31, -2.25, 0.62) -> NED(-2.25, 0.31, -0.62)
[fastlio_bridge_node-2] [INFO] [1786827112.019738872] [fastlio_bridge_node]: 已桥接并转换里程计: ENU(0.31, -2.25, 0.62) -> NED(-2.25, 0.31, -0.62)
[fastlio_bridge_node-2] [INFO] [1786827112.028943605] [fastlio_bridge_node]: 已桥接并转换里程计: ENU(0.31, -2.25, 0.62) -> NED(-2.25, 0.31, -0.62)
[fastlio_bridge_node-2] [INFO] [1786827112.034456452] [fastlio_bridge_node]: 已桥接并转换里程计: ENU(0.31, -2.25, 0.62) -> NED(-2.25, 0.31, -0.62)
[fastlio_bridge_node-2] [INFO] [1786827112.041356467] [fastlio_bridge_node]: 已桥接并转换里程计: ENU(0.31, -2.25, 0.61) -> NED(-2.25, 0.31, -0.61)
[fastlio_bridge_node-2] [INFO] [1786827112.048930468] [fastlio_bridge_node]: 已桥接并转换里程计: ENU(0.31, -2.25, 0.61) -> NED(-2.25, 0.31, -0.61)
[fastlio_bridge_node-2] [INFO] [1786827112.053556268] [fastlio_bridge_node]: 已桥接并转换里程计: ENU(0.31, -2.25, 0.61) -> NED(-2.25, 0.31, -0.61)
[fastlio_bridge_node-2] [INFO] [1786827112.058187043] [fastlio_bridge_node]: 已桥接并转换里程计: ENU(0.31, -2.25, 0.61) -> NED(-2.25, 0.31, -0.61)
[fastlio_bridge_node-2] [INFO] [1786827112.065698235] [fastlio_bridge_node]: 已桥接并转换里程计: ENU(0.31, -2.25, 0.61) -> NED(-2.25, 0.31, -0.61)
[fastlio_bridge_node-2] [INFO] [1786827112.065891042] [fastlio_bridge_node]: 已桥接并转换里程计: ENU(0.31, -2.25, 0.61) -> NED(-2.25, 0.31, -0.61)
[fastlio_bridge_node-2] [INFO] [1786827112.069904727] [fastlio_bridge_node]: 已桥接并转换里程计: ENU(0.31, -2.25, 0.61) -> NED(-2.25, 0.31, -0.61)
[race_ego_trajectory_bridge-12] [INFO] [1786827112.074189249] [race_ego_trajectory_bridge]: [SETPOINT_SOURCE] source=EGO trajectory_id=12 control_enabled=true position_enu=(0.332,-2.250,0.692)
[fastlio_bridge_node-2] [INFO] [1786827112.076855019] [fastlio_bridge_node]: 已桥接并转换里程计: ENU(0.31, -2.25, 0.61) -> NED(-2.25, 0.31, -0.61)
[fastlio_bridge_node-2] [INFO] [1786827112.082787220] [fastlio_bridge_node]: 已桥接并转换里程计: ENU(0.31, -2.25, 0.61) -> NED(-2.25, 0.31, -0.61)
[fastlio_bridge_node-2] [INFO] [1786827112.089839766] [fastlio_bridge_node]: 已桥接并转换里程计: ENU(0.30, -2.25, 0.61) -> NED(-2.25, 0.30, -0.61)
[fastlio_bridge_node-2] [INFO] [1786827112.095918010] [fastlio_bridge_node]: 已桥接并转换里程计: ENU(0.30, -2.25, 0.61) -> NED(-2.25, 0.30, -0.61)
[ego_planner_node-10] [FSM]: from EXEC_TRAJ to REPLAN_TRAJ
[ego_planner_node-10] [FSM]: state: REPLAN_TRAJ
[ego_planner_node-10] [INFO] [1786827112.157984852] [ego_planner]: [EGO_REFERENCE_PREFIX_TRIM] original_points=8 trimmed_points=8 projection_segment=0 projection_ratio=0.000000 discarded_length=0.000000 remaining_length=0.586026 valid=true
[ego_planner_node-10] [INFO] [1786827112.183241242] [ego_planner]: [PARAMETERIZATION_INPUT] sample_count=7 sample_path_length=0.831879591 sample_progress_monotonic=true sample_self_intersection=false ts=0.217046606 start_P=(0.328104400,-2.244903055,0.691934003) start_V=(-0.041987915,0.060905878,0.000000000) start_A=(0.021360740,-0.012053838,0.000000000) end_constraint=PVA initial_interval=0.217046606 final_interval=1.460862979
[ego_planner_node-10] [INFO] [1786827112.183443961] [ego_planner]: [PARAMETERIZATION_DIAGNOSIS] sample_order_valid=true time_monotonic=true ts_valid=true boundary_geometry_consistent=false attempts=10 output_samples=7 matrix_condition=2.038778051 max_control_jump=0.828717035 max_deviation=0.099481823 first_bad_control_point=3 backtrack_segments=0 self_intersections=0 max_heading_jump=0.111223004 feasible=true accepted=true exact_root_cause=FIXED_SAMPLE_COUNT_INTERVAL_SCALING_AMPLIFIED_DYNAMIC_BOUNDARY
[ego_planner_node-10] [INFO] [1786827112.183605031] [ego_planner]: [DYNAMIC_BOUNDARY_MAPPING] degree=3 knot_interval=1.460862979 P_mapping=(Q0+4Q1+Q2)/6 V_mapping=(Q2-Q0)/(2ts) A_mapping=(Q0-2Q1+Q2)/ts^2 units_correct=true sign_correct=true scale_correct=true start_position=(0.328104400,-2.244903055,0.691934003) start_velocity=(-0.041987915,0.060905878,0.000000000) start_acceleration=(0.021360740,-0.012053838,0.000000000) q0=(0.404638457,-2.342452980,0.691934003) q1=(0.320506667,-2.240615664,0.691934003) q2=(0.281961274,-2.164502695,0.691934003)
[ego_planner_node-10] [INFO] [1786827112.183675171] [ego_planner]: [PREOPT_GEOMETRY_REGRESSION] seed_to_preopt_max_deviation=0.099481823 backtrack_segments=0 self_intersections=0 max_heading_jump=0.111223004 pass=true
[ego_planner_node-10] [INFO] [1786827112.183725364] [ego_planner]: [BSPLINE_START_BOUNDARY] degree=3 interval=1.460862979 position_hard=true velocity_hard=true acceleration_hard=true
[ego_planner_node-10] [47;30m
[ego_planner_node-10] [drone -1 replan 12]==============================================[0m
[ego_planner_node-10] [1;33mmulti-trajs=1[1;0m
[ego_planner_node-10] [INFO] [1786827112.200875876] [rebound_optimize]: [EGO_REBOUND_OPTIMIZATION] iterations=21 termination=0 max_obstacle_gradient_norm=0.000000000 obstacle_signal_nonzero=false success=true
[ego_planner_node-10] [32miter(+1)=21,time(ms)=3.830,total_t(ms)=3.850,cost=0.000
[ego_planner_node-10] [0mtraj 1 success.
[ego_planner_node-10] plan_success=1
[super_planner_ros2_node-6] [INFO] [1786827112.203057653] [super_planner_ros2_node]: [FINAL_GOAL_CHECK] global_goal_id=1 distance_to_final=0.766 speed=0.142 confirm=0/10 final_goal_reached=false
[ego_planner_node-10] [INFO] [1786827112.209067834] [ego_planner]: [EGO_CANDIDATE_GENERATION_DEVIATION] preopt=0.099481823 postopt=0.237572200 preopt_backtrack=0 postopt_backtrack=0 preopt_self_intersections=0 postopt_self_intersections=0
[ego_planner_node-10] [INFO] [1786827112.213207832] [ego_planner]: [EGO_PUBLISH_GEOMETRY_GUARD] maximum_deviation=0.237572200 limit=0.800000000 limit_source=manager_default deviation_within_limit=true backtrack_segments=0 self_intersections=0 accepted=true
[ego_planner_node-10] [INFO] [1786827112.213377190] [ego_planner]: [HANDOVER_PRE_POST] preopt_position_error=0.000000000 preopt_velocity_error=0.000000000 preopt_acceleration_error=0.000000000 postopt_position_error=0.000000000 postopt_velocity_error=0.000000000 postopt_acceleration_error=0.000000000
[ego_planner_node-10] [INFO] [1786827112.213527940] [race_ego_planner]: [EGO_CANDIDATE_STAGED] candidate_id=13 active_id=12 active_local_goal_seq=3 candidate_local_goal_seq=3
[ego_planner_node-10] total time:[42m0.0512175[0m,optimize:0.0429981,refine:0.00821946,avg_time=0.0241685
[ego_planner_node-10] refine_success=1
[ego_planner_node-10] [INFO] [1786827112.214078048] [race_ego_planner]: [EGO_CANDIDATE_CLEARANCE_GATE] trajectory_id=13 candidate=NORMAL start_clearance=1.476 required_publish_clearance=0.340 planning_clearance=0.340 hard_clearance=0.290
[offboard_waypoint_node-1] [INFO] [1786827112.220982882] [offboard_waypoint_node]: [CONTROL_ARBITER] selected_source=ego state=TRACKING
[ego_planner_node-10] [INFO] [1786827112.221879931] [race_ego_planner]: [EGO_CANDIDATE_COMMIT] candidate_id=13 active_id=13 local_goal_seq=3 all_validations_passed=true
[ego_planner_node-10] [FSM]: from REPLAN_TRAJ to EXEC_TRAJ
[race_ego_trajectory_bridge-12] [INFO] [1786827112.238100220] [race_ego_trajectory_bridge]: [EGO_TRAJECTORY] trajectory_id=13 local_goal_seq=3 start_time=1786827112.238 points=440 duration=8.765 start=(0.328,-2.245,0.692) end=(1.041,-2.406,0.692) collision_free=true
[race_ego_trajectory_bridge-12] [INFO] [1786827112.239906442] [race_ego_trajectory_bridge]: [BRIDGE_CANDIDATE_COMMIT] trajectory_id=13 local_goal_seq=3 output_topic=/race/ego/validated_bspline
[race_ego_trajectory_bridge-12] [WARN] [1786827112.243362841] [race_ego_trajectory_bridge]: Reject unvalidated PositionCommand trajectory_id=12 validated_trajectory_id=13
[ego_planner_node-10] [INFO] [1786827112.327471065] [race_ego_planner]: [EGO_OCCUPANCY_UPDATE] input_topic=grid_map/cloud input_frame=map occupancy_frame=map cloud_points=17090 local_points=11302 occupied_voxels=34977 camera=(0.281,-2.240,0.579) local_index_bounds=[(47,30,0),(117,113,13)]
[super_planner_ros2_node-6] [INFO] [1786827112.604580146] [super_planner_ros2_node]: SUPER_ROS2 mode=FOLLOWING enable_output=false reason=GLOBAL_PATH_TO_EGO odom=(0.24,-2.22,0.43) goal=set tracking_setpoint_enu=(0.33,-2.52,0.69) setpoint_ned=none yaw(desired/cmd/rate)=(0.00/0.00/0.00) cross_track=0.59 frame_id=px4_ned path_points=7 odom_source=/race/odom cloud_source=/saved_map mavros_connected=true
[race_ego_trajectory_bridge-12] [INFO] [1786827112.686305096] [race_ego_trajectory_bridge]: [EGO_OCCUPANCY_MAP] topic=/race/ego/cloud frame=map raw_points=17193 map_age=0.034
[offboard_waypoint_node-1] [WARN] [1786827112.706808022] [offboard_waypoint_node]: [CONTROL_STATE] TRACKING -> MANUAL_OVERRIDE: pilot left OFFBOARD
[offboard_waypoint_node-1] [ERROR] [1786827112.707006004] [offboard_waypoint_node]: [PILOT_OVERRIDE_LATCHED] reason=pilot left OFFBOARD; no more OFFBOARD/arm requests or setpoints will be sent until the navigation stack is restarted
[ego_planner_node-10] [FSM]: from EXEC_TRAJ to REPLAN_TRAJ
[ego_planner_node-10] [INFO] [1786827112.725004732] [ego_planner]: [EGO_REFERENCE_PREFIX_TRIM] original_points=8 trimmed_points=8 projection_segment=0 projection_ratio=0.000000 discarded_length=0.000000 remaining_length=0.586026 valid=true
[ego_planner_node-10] [INFO] [1786827112.738458135] [ego_planner]: [PARAMETERIZATION_INPUT] sample_count=7 sample_path_length=0.865163413 sample_progress_monotonic=true sample_self_intersection=false ts=0.217046606 start_P=(0.309495963,-2.215392057,0.691934003) start_V=(-0.030619765,0.054343253,0.000000000) start_A=(0.023086160,-0.013604543,0.000000000) end_constraint=PVA initial_interval=0.217046606 final_interval=1.460862979
[ego_planner_node-10] [INFO] [1786827112.738545811] [ego_planner]: [PARAMETERIZATION_DIAGNOSIS] sample_order_valid=true time_monotonic=true ts_valid=true boundary_geometry_consistent=false attempts=10 output_samples=7 matrix_condition=2.038778051 max_control_jump=0.851541583 max_deviation=0.103931742 first_bad_control_point=3 backtrack_segments=0 self_intersections=0 max_heading_jump=0.093666690 feasible=true accepted=true exact_root_cause=FIXED_SAMPLE_COUNT_INTERVAL_SCALING_AMPLIFIED_DYNAMIC_BOUNDARY
[ego_planner_node-10] [INFO] [1786827112.738626731] [ego_planner]: [DYNAMIC_BOUNDARY_MAPPING] degree=3 knot_interval=1.460862979 P_mapping=(Q0+4Q1+Q2)/6 V_mapping=(Q2-Q0)/(2ts) A_mapping=(Q0-2Q1+Q2)/ts^2 units_correct=true sign_correct=true scale_correct=true start_position=(0.309495963,-2.215392057,0.691934003) start_velocity=(-0.030619765,0.054343253,0.000000000) start_acceleration=(0.023086160,-0.013604543,0.000000000) q0=(0.370650128,-2.304458015,0.691934003) q1=(0.301284522,-2.210553101,0.691934003) q2=(0.281187566,-2.145681922,0.691934003)
[ego_planner_node-10] [INFO] [1786827112.738662326] [ego_planner]: [PREOPT_GEOMETRY_REGRESSION] seed_to_preopt_max_deviation=0.103931742 backtrack_segments=0 self_intersections=0 max_heading_jump=0.093666690 pass=true
[ego_planner_node-10] [INFO] [1786827112.738694206] [ego_planner]: [BSPLINE_START_BOUNDARY] degree=3 interval=1.460862979 position_hard=true velocity_hard=true acceleration_hard=true
[ego_planner_node-10] [47;30m
[ego_planner_node-10] [drone -1 replan 13]==============================================[0m
[ego_planner_node-10] [1;33mmulti-trajs=1[1;0m
[ego_planner_node-10] [INFO] [1786827112.753596449] [rebound_optimize]: [EGO_REBOUND_OPTIMIZATION] iterations=22 termination=0 max_obstacle_gradient_norm=0.000000000 obstacle_signal_nonzero=false success=true
[ego_planner_node-10] [32miter(+1)=22,time(ms)=3.267,total_t(ms)=3.273,cost=0.000
[ego_planner_node-10] [0mtraj 1 success.
[ego_planner_node-10] plan_success=1
[super_planner_ros2_node-6] [INFO] [1786827112.754009164] [super_planner_ros2_node]: [FINAL_GOAL_CHECK] global_goal_id=1 distance_to_final=0.844 speed=0.113 confirm=0/10 final_goal_reached=false
[ego_planner_node-10] [INFO] [1786827112.760188593] [ego_planner]: [EGO_CANDIDATE_GENERATION_DEVIATION] preopt=0.103931742 postopt=0.239033917 preopt_backtrack=0 postopt_backtrack=0 preopt_self_intersections=0 postopt_self_intersections=0
[ego_planner_node-10] [INFO] [1786827112.764069994] [ego_planner]: [EGO_PUBLISH_GEOMETRY_GUARD] maximum_deviation=0.239033917 limit=0.800000000 limit_source=manager_default deviation_within_limit=true backtrack_segments=0 self_intersections=0 accepted=true
[ego_planner_node-10] [INFO] [1786827112.764823719] [ego_planner]: [HANDOVER_PRE_POST] preopt_position_error=0.000000000 preopt_velocity_error=0.000000000 preopt_acceleration_error=0.000000000 postopt_position_error=0.000000000 postopt_velocity_error=0.000000000 postopt_acceleration_error=0.000000000
[ego_planner_node-10] [INFO] [1786827112.764894205] [race_ego_planner]: [EGO_CANDIDATE_STAGED] candidate_id=14 active_id=13 active_local_goal_seq=3 candidate_local_goal_seq=3
[ego_planner_node-10] [INFO] [1786827112.766024069] [race_ego_planner]: [EGO_CANDIDATE_CLEARANCE_GATE] trajectory_id=14 candidate=NORMAL start_clearance=1.475 required_publish_clearance=0.340 planning_clearance=0.340 hard_clearance=0.290
[ego_planner_node-10] total time:[42m0.0352704[0m,optimize:0.0286803,refine:0.00659019,avg_time=0.0249615
[ego_planner_node-10] refine_success=1
[ego_planner_node-10] [INFO] [1786827112.774357870] [race_ego_planner]: [EGO_CANDIDATE_COMMIT] candidate_id=14 active_id=14 local_goal_seq=3 all_validations_passed=true
[ego_planner_node-10] [FSM]: from REPLAN_TRAJ to EXEC_TRAJ
[race_ego_trajectory_bridge-12] [INFO] [1786827112.784674815] [race_ego_trajectory_bridge]: [EGO_TRAJECTORY] trajectory_id=14 local_goal_seq=3 start_time=1786827112.785 points=440 duration=8.765 start=(0.309,-2.215,0.692) end=(1.041,-2.405,0.692) collision_free=true
[race_ego_trajectory_bridge-12] [INFO] [1786827112.785693556] [race_ego_trajectory_bridge]: [BRIDGE_CANDIDATE_COMMIT] trajectory_id=14 local_goal_seq=3 output_topic=/race/ego/validated_bspline
[race_ego_cloud_bridge-8] [INFO] [1786827113.037893581] [race_ego_cloud_bridge]: [EGO_STATIC_MAP_READY] topic=/saved_map frame=map points=11417 fused=true
[race_ego_trajectory_bridge-12] [INFO] [1786827113.099373066] [race_ego_trajectory_bridge]: [SETPOINT_SOURCE] source=EGO trajectory_id=14 control_enabled=true position_enu=(0.302,-2.201,0.692)
[super_planner_ros2_node-6] [INFO] [1786827113.254498638] [super_planner_ros2_node]: [FINAL_GOAL_CHECK] global_goal_id=1 distance_to_final=0.887 speed=0.077 confirm=0/10 final_goal_reached=false
[race_ego_cloud_bridge-8] [INFO] [1786827113.262252748] [race_ego_cloud_bridge]: [EGO_MAP_FUSION] static_points=11417 live_raw_points=17930 confirmed_live_voxels=5765 min_observations=2 memory_sec=1.00 fused_points=17182
[race_ego_cloud_bridge-8] [INFO] [1786827113.267110276] [race_ego_cloud_bridge]: [EGO_MAP_INPUT] topic=/race/ego/cloud frame=map points=17182 source=static_live_px4 refresh_period=0.00s
[offboard_waypoint_node-1] [INFO] [1786827113.267594769] [offboard_waypoint_node]: [CONTROL_ARBITER] selected_source=pilot_override state=MANUAL_OVERRIDE
[ego_planner_node-10] [FSM]: from EXEC_TRAJ to REPLAN_TRAJ
[ego_planner_node-10] [INFO] [1786827113.328918684] [ego_planner]: [EGO_REFERENCE_PREFIX_TRIM] original_points=8 trimmed_points=8 projection_segment=0 projection_ratio=0.000000 discarded_length=0.000000 remaining_length=0.586026 valid=true
[ego_planner_node-10] [INFO] [1786827113.344303096] [ego_planner]: [PARAMETERIZATION_INPUT] sample_count=7 sample_path_length=0.894241687 sample_progress_monotonic=true sample_self_intersection=false ts=0.217046606 start_P=(0.295941847,-2.186962825,0.691934003) start_V=(-0.017368646,0.046372695,0.000000000) start_A=(0.023904708,-0.014660501,0.000000000) end_constraint=PVA initial_interval=0.217046606 final_interval=1.460862979
[ego_planner_node-10] [INFO] [1786827113.344437204] [ego_planner]: [PARAMETERIZATION_DIAGNOSIS] sample_order_valid=true time_monotonic=true ts_valid=true boundary_geometry_consistent=false attempts=10 output_samples=7 matrix_condition=2.038778051 max_control_jump=0.863724157 max_deviation=0.107121360 first_bad_control_point=3 backtrack_segments=0 self_intersections=0 max_heading_jump=0.075616827 feasible=true accepted=true exact_root_cause=FIXED_SAMPLE_COUNT_INTERVAL_SCALING_AMPLIFIED_DYNAMIC_BOUNDARY
[ego_planner_node-10] [INFO] [1786827113.344479853] [ego_planner]: [DYNAMIC_BOUNDARY_MAPPING] degree=3 knot_interval=1.460862979 P_mapping=(Q0+4Q1+Q2)/6 V_mapping=(Q2-Q0)/(2ts) A_mapping=(Q0-2Q1+Q2)/ts^2 units_correct=true sign_correct=true scale_correct=true start_position=(0.295941847,-2.186962825,0.691934003) start_velocity=(-0.017368646,0.046372695,0.000000000) start_acceleration=(0.023904708,-0.014660501,0.000000000) q0=(0.338320236,-2.265136071,0.691934003) q1=(0.287439259,-2.181748279,0.691934003) q2=(0.287573811,-2.129647764,0.691934003)
[ego_planner_node-10] [INFO] [1786827113.344533918] [ego_planner]: [PREOPT_GEOMETRY_REGRESSION] seed_to_preopt_max_deviation=0.107121360 backtrack_segments=0 self_intersections=0 max_heading_jump=0.075616827 pass=true
[ego_planner_node-10] [INFO] [1786827113.344640918] [ego_planner]: [BSPLINE_START_BOUNDARY] degree=3 interval=1.460862979 position_hard=true velocity_hard=true acceleration_hard=true
[ego_planner_node-10] [47;30m
[ego_planner_node-10] [drone -1 replan 14]==============================================[0m
[ego_planner_node-10] [1;33mmulti-trajs=1[1;0m
[ego_planner_node-10] [INFO] [1786827113.355960092] [rebound_optimize]: [EGO_REBOUND_OPTIMIZATION] iterations=20 termination=0 max_obstacle_gradient_norm=0.000000000 obstacle_signal_nonzero=false success=true
[ego_planner_node-10] [32miter(+1)=20,time(ms)=0.699,total_t(ms)=0.701,cost=0.000
[ego_planner_node-10] [0mtraj 1 success.
[ego_planner_node-10] plan_success=1
[ego_planner_node-10] [INFO] [1786827113.366598536] [ego_planner]: [EGO_CANDIDATE_GENERATION_DEVIATION] preopt=0.107121360 postopt=0.238522252 preopt_backtrack=0 postopt_backtrack=0 preopt_self_intersections=0 postopt_self_intersections=0
[ego_planner_node-10] [INFO] [1786827113.370862768] [ego_planner]: [EGO_PUBLISH_GEOMETRY_GUARD] maximum_deviation=0.238522252 limit=0.800000000 limit_source=manager_default deviation_within_limit=true backtrack_segments=0 self_intersections=0 accepted=true
[ego_planner_node-10] [INFO] [1786827113.370955188] [ego_planner]: [HANDOVER_PRE_POST] preopt_position_error=0.000000000 preopt_velocity_error=0.000000000 preopt_acceleration_error=0.000000000 postopt_position_error=0.000000000 postopt_velocity_error=0.000000000 postopt_acceleration_error=0.000000000
[ego_planner_node-10] [INFO] [1786827113.371068918] [race_ego_planner]: [EGO_CANDIDATE_STAGED] candidate_id=15 active_id=14 active_local_goal_seq=3 candidate_local_goal_seq=3
[ego_planner_node-10] total time:[42m0.037769[0m,optimize:0.0271592,refine:0.0106098,avg_time=0.0258153
[ego_planner_node-10] refine_success=1
[ego_planner_node-10] [INFO] [1786827113.373594612] [race_ego_planner]: [EGO_CANDIDATE_CLEARANCE_GATE] trajectory_id=15 candidate=NORMAL start_clearance=1.462 required_publish_clearance=0.340 planning_clearance=0.340 hard_clearance=0.290
[ego_planner_node-10] [INFO] [1786827113.383609347] [race_ego_planner]: [EGO_CANDIDATE_COMMIT] candidate_id=15 active_id=15 local_goal_seq=3 all_validations_passed=true
[ego_planner_node-10] [FSM]: from REPLAN_TRAJ to EXEC_TRAJ
[race_ego_trajectory_bridge-12] [INFO] [1786827113.392202450] [race_ego_trajectory_bridge]: [EGO_TRAJECTORY] trajectory_id=15 local_goal_seq=3 start_time=1786827113.392 points=440 duration=8.765 start=(0.296,-2.187,0.692) end=(1.043,-2.408,0.692) collision_free=true
[race_ego_trajectory_bridge-12] [INFO] [1786827113.394695788] [race_ego_trajectory_bridge]: [BRIDGE_CANDIDATE_COMMIT] trajectory_id=15 local_goal_seq=3 output_topic=/race/ego/validated_bspline
[race_ego_trajectory_bridge-12] [WARN] [1786827113.401007280] [race_ego_trajectory_bridge]: Reject unvalidated PositionCommand trajectory_id=14 validated_trajectory_id=15
[super_planner_ros2_node-6] [INFO] [1786827113.653910306] [super_planner_ros2_node]: SUPER_ROS2 mode=FOLLOWING enable_output=false reason=GLOBAL_PATH_TO_EGO odom=(0.15,-2.20,0.09) goal=set tracking_setpoint_enu=(0.33,-2.52,0.69) setpoint_ned=none yaw(desired/cmd/rate)=(0.00/0.00/0.00) cross_track=0.68 frame_id=px4_ned path_points=7 odom_source=/race/odom cloud_source=/saved_map mavros_connected=true
[rviz2-13] [INFO] [1786827113.676139326] [rviz2]: Message Filter dropping message: frame 'odom' at time 1786827111.480 for reason 'discarding message because the queue is full'
[super_planner_ros2_node-6] [INFO] [1786827113.803750476] [super_planner_ros2_node]: [FINAL_GOAL_CHECK] global_goal_id=1 distance_to_final=0.923 speed=0.104 confirm=0/10 final_goal_reached=false
[ego_planner_node-10] [FSM]: from EXEC_TRAJ to REPLAN_TRAJ
[ego_planner_node-10] [INFO] [1786827113.932827815] [ego_planner]: [EGO_REFERENCE_PREFIX_TRIM] original_points=8 trimmed_points=8 projection_segment=0 projection_ratio=0.000000 discarded_length=0.000000 remaining_length=0.586026 valid=true
[ego_planner_node-10] [INFO] [1786827113.957725612] [ego_planner]: [PARAMETERIZATION_INPUT] sample_count=7 sample_path_length=0.914923718 sample_progress_monotonic=true sample_self_intersection=false ts=0.217046606 start_P=(0.289953578,-2.163253798,0.691934003) start_V=(-0.003955089,0.037980000,0.000000000) start_A=(0.023847970,-0.015217754,0.000000000) end_constraint=PVA initial_interval=0.217046606 final_interval=1.460862979
[ego_planner_node-10] [INFO] [1786827113.958006135] [ego_planner]: [PARAMETERIZATION_DIAGNOSIS] sample_order_valid=true time_monotonic=true ts_valid=true boundary_geometry_consistent=false attempts=10 output_samples=7 matrix_condition=2.038778051 max_control_jump=0.862870679 max_deviation=0.108530386 first_bad_control_point=3 backtrack_segments=0 self_intersections=0 max_heading_jump=0.075276263 feasible=true accepted=true exact_root_cause=FIXED_SAMPLE_COUNT_INTERVAL_SCALING_AMPLIFIED_DYNAMIC_BOUNDARY
[ego_planner_node-10] [INFO] [1786827113.958034343] [ego_planner]: [DYNAMIC_BOUNDARY_MAPPING] degree=3 knot_interval=1.460862979 P_mapping=(Q0+4Q1+Q2)/6 V_mapping=(Q2-Q0)/(2ts) A_mapping=(Q0-2Q1+Q2)/ts^2 units_correct=true sign_correct=true scale_correct=true start_position=(0.289953578,-2.163253798,0.691934003) start_velocity=(-0.003955089,0.037980000,0.000000000) start_acceleration=(0.023847970,-0.015217754,0.000000000) q0=(0.312696237,-2.229562881,0.691934003) q1=(0.281471170,-2.157841044,0.691934003) q2=(0.301140549,-2.118595730,0.691934003)
[ego_planner_node-10] [INFO] [1786827113.958081652] [ego_planner]: [PREOPT_GEOMETRY_REGRESSION] seed_to_preopt_max_deviation=0.108530386 backtrack_segments=0 self_intersections=0 max_heading_jump=0.075276263 pass=true
[ego_planner_node-10] [INFO] [1786827113.958130918] [ego_planner]: [BSPLINE_START_BOUNDARY] degree=3 interval=1.460862979 position_hard=true velocity_hard=true acceleration_hard=true
[ego_planner_node-10] [47;30m
[ego_planner_node-10] [drone -1 replan 15]==============================================[0m
[ego_planner_node-10] [1;33mmulti-trajs=1[1;0m
[ego_planner_node-10] [INFO] [1786827113.973249346] [rebound_optimize]: [EGO_REBOUND_OPTIMIZATION] iterations=20 termination=0 max_obstacle_gradient_norm=0.000000000 obstacle_signal_nonzero=false success=true
[ego_planner_node-10] [32miter(+1)=20,time(ms)=0.492,total_t(ms)=0.501,cost=0.000
[ego_planner_node-10] [0mtraj 1 success.
[ego_planner_node-10] plan_success=1
[ego_planner_node-10] [INFO] [1786827113.988596773] [ego_planner]: [EGO_CANDIDATE_GENERATION_DEVIATION] preopt=0.108530386 postopt=0.239665347 preopt_backtrack=0 postopt_backtrack=0 preopt_self_intersections=0 postopt_self_intersections=0
[ego_planner_node-10] [INFO] [1786827113.991451760] [ego_planner]: [EGO_PUBLISH_GEOMETRY_GUARD] maximum_deviation=0.239665347 limit=0.800000000 limit_source=manager_default deviation_within_limit=true backtrack_segments=0 self_intersections=0 accepted=true
[ego_planner_node-10] [INFO] [1786827113.991552842] [ego_planner]: [HANDOVER_PRE_POST] preopt_position_error=0.000000000 preopt_velocity_error=0.000000000 preopt_acceleration_error=0.000000000 postopt_position_error=0.000000000 postopt_velocity_error=0.000000000 postopt_acceleration_error=0.000000000
[ego_planner_node-10] total time:[42m0.0559363[0m,optimize:0.0477075,refine:0.00822883,avg_time=0.0276979
[ego_planner_node-10] refine_success=1
[ego_planner_node-10] [INFO] [1786827113.991644088] [race_ego_planner]: [EGO_CANDIDATE_STAGED] candidate_id=16 active_id=15 active_local_goal_seq=3 candidate_local_goal_seq=3
[ego_planner_node-10] [INFO] [1786827113.992026322] [race_ego_planner]: [EGO_CANDIDATE_CLEARANCE_GATE] trajectory_id=16 candidate=NORMAL start_clearance=1.289 required_publish_clearance=0.340 planning_clearance=0.340 hard_clearance=0.290
[ego_planner_node-10] [INFO] [1786827113.997580772] [race_ego_planner]: [EGO_CANDIDATE_COMMIT] candidate_id=16 active_id=16 local_goal_seq=3 all_validations_passed=true
[ego_planner_node-10] [FSM]: from REPLAN_TRAJ to EXEC_TRAJ
[fastlio_bridge_node-2] [INFO] [1786827114.004786933] [fastlio_bridge_node]: 已桥接并转换里程计: ENU(0.12, -2.20, -0.01) -> NED(-2.20, 0.12, 0.01)
[fastlio_bridge_node-2] [INFO] [1786827114.005174378] [fastlio_bridge_node]: 已桥接并转换里程计: ENU(0.12, -2.20, -0.01) -> NED(-2.20, 0.12, 0.01)
[fastlio_bridge_node-2] [INFO] [1786827114.005296656] [fastlio_bridge_node]: 已桥接并转换里程计: ENU(0.12, -2.20, -0.02) -> NED(-2.20, 0.12, 0.02)
[fastlio_bridge_node-2] [INFO] [1786827114.005397498] [fastlio_bridge_node]: 已桥接并转换里程计: ENU(0.12, -2.20, -0.02) -> NED(-2.20, 0.12, 0.02)
[race_ego_trajectory_bridge-12] [INFO] [1786827114.008591355] [race_ego_trajectory_bridge]: [EGO_TRAJECTORY] trajectory_id=16 local_goal_seq=3 start_time=1786827114.009 points=440 duration=8.765 start=(0.290,-2.163,0.692) end=(1.042,-2.407,0.692) collision_free=true
[fastlio_bridge_node-2] [INFO] [1786827114.009141810] [fastlio_bridge_node]: 已桥接并转换里程计: ENU(0.12, -2.20, -0.02) -> NED(-2.20, 0.12, 0.02)
[race_ego_trajectory_bridge-12] [INFO] [1786827114.009832977] [race_ego_trajectory_bridge]: [BRIDGE_CANDIDATE_COMMIT] trajectory_id=16 local_goal_seq=3 output_topic=/race/ego/validated_bspline
[fastlio_bridge_node-2] [INFO] [1786827114.011603489] [fastlio_bridge_node]: 已桥接并转换里程计: ENU(0.12, -2.20, -0.02) -> NED(-2.20, 0.12, 0.02)
[fastlio_bridge_node-2] [INFO] [1786827114.017795176] [fastlio_bridge_node]: 已桥接并转换里程计: ENU(0.12, -2.20, -0.02) -> NED(-2.20, 0.12, 0.02)
[fastlio_bridge_node-2] [INFO] [1786827114.022126970] [fastlio_bridge_node]: 已桥接并转换里程计: ENU(0.12, -2.20, -0.02) -> NED(-2.20, 0.12, 0.02)
[fastlio_bridge_node-2] [INFO] [1786827114.025430551] [fastlio_bridge_node]: 已桥接并转换里程计: ENU(0.11, -2.20, -0.03) -> NED(-2.20, 0.11, 0.03)
[fastlio_bridge_node-2] [INFO] [1786827114.034384318] [fastlio_bridge_node]: 已桥接并转换里程计: ENU(0.11, -2.20, -0.03) -> NED(-2.20, 0.11, 0.03)
[fastlio_bridge_node-2] [INFO] [1786827114.039911226] [fastlio_bridge_node]: 已桥接并转换里程计: ENU(0.11, -2.20, -0.03) -> NED(-2.20, 0.11, 0.03)
[fastlio_bridge_node-2] [INFO] [1786827114.042278813] [fastlio_bridge_node]: 已桥接并转换里程计: ENU(0.11, -2.20, -0.03) -> NED(-2.20, 0.11, 0.03)
[fastlio_bridge_node-2] [INFO] [1786827114.044760333] [fastlio_bridge_node]: 已桥接并转换里程计: ENU(0.11, -2.20, -0.03) -> NED(-2.20, 0.11, 0.03)
[fastlio_bridge_node-2] [INFO] [1786827114.050779367] [fastlio_bridge_node]: 已桥接并转换里程计: ENU(0.11, -2.20, -0.03) -> NED(-2.20, 0.11, 0.03)
[fastlio_bridge_node-2] [INFO] [1786827114.054931775] [fastlio_bridge_node]: 已桥接并转换里程计: ENU(0.11, -2.20, -0.03) -> NED(-2.20, 0.11, 0.03)
[fastlio_bridge_node-2] [INFO] [1786827114.060300411] [fastlio_bridge_node]: 已桥接并转换里程计: ENU(0.11, -2.20, -0.03) -> NED(-2.20, 0.11, 0.03)
[ego_planner_node-10] [FSM]: state: EXEC_TRAJ
[fastlio_bridge_node-2] [INFO] [1786827114.067368183] [fastlio_bridge_node]: 已桥接并转换里程计: ENU(0.11, -2.20, -0.03) -> NED(-2.20, 0.11, 0.03)
[fastlio_bridge_node-2] [INFO] [1786827114.073317528] [fastlio_bridge_node]: 已桥接并转换里程计: ENU(0.11, -2.20, -0.03) -> NED(-2.20, 0.11, 0.03)
[fastlio_bridge_node-2] [INFO] [1786827114.077046766] [fastlio_bridge_node]: 已桥接并转换里程计: ENU(0.11, -2.20, -0.04) -> NED(-2.20, 0.11, 0.04)
[fastlio_bridge_node-2] [INFO] [1786827114.080021300] [fastlio_bridge_node]: 已桥接并转换里程计: ENU(0.11, -2.20, -0.04) -> NED(-2.20, 0.11, 0.04)
[fastlio_bridge_node-2] [INFO] [1786827114.084676998] [fastlio_bridge_node]: 已桥接并转换里程计: ENU(0.11, -2.20, -0.04) -> NED(-2.20, 0.11, 0.04)
[fastlio_bridge_node-2] [INFO] [1786827114.098698193] [fastlio_bridge_node]: 已桥接并转换里程计: ENU(0.11, -2.20, -0.04) -> NED(-2.20, 0.11, 0.04)
[race_ego_trajectory_bridge-12] [INFO] [1786827114.105610014] [race_ego_trajectory_bridge]: [SETPOINT_SOURCE] source=EGO trajectory_id=16 control_enabled=true position_enu=(0.290,-2.159,0.692)
[offboard_waypoint_node-1] [INFO] [1786827114.268860573] [offboard_waypoint_node]: [CONTROL_ARBITER] selected_source=pilot_override state=MANUAL_OVERRIDE
[super_planner_ros2_node-6] [INFO] [1786827114.352894959] [super_planner_ros2_node]: [FINAL_GOAL_CHECK] global_goal_id=1 distance_to_final=0.974 speed=0.083 confirm=0/10 final_goal_reached=false
[ego_planner_node-10] [INFO] [1786827114.476927885] [race_ego_planner]: [EGO_OCCUPANCY_UPDATE] input_topic=grid_map/cloud input_frame=map occupancy_frame=map cloud_points=15958 local_points=9360 occupied_voxels=26689 camera=(0.080,-2.193,-0.118) local_index_bounds=[(47,30,0),(117,114,8)]
[ego_planner_node-10] [FSM]: from EXEC_TRAJ to REPLAN_TRAJ
[ego_planner_node-10] [INFO] [1786827114.503962630] [ego_planner]: [EGO_REFERENCE_PREFIX_TRIM] original_points=8 trimmed_points=8 projection_segment=0 projection_ratio=0.000000 discarded_length=0.000000 remaining_length=0.586026 valid=true
[ego_planner_node-10] [INFO] [1786827114.520912988] [ego_planner]: [PARAMETERIZATION_INPUT] sample_count=7 sample_path_length=0.926566726 sample_progress_monotonic=true sample_self_intersection=false ts=0.217046606 start_P=(0.291022200,-2.145792446,0.691934003) start_V=(0.008058068,0.030180820,0.000000000) start_A=(0.023046221,-0.015226884,0.000000000) end_constraint=PVA initial_interval=0.217046606 final_interval=1.460862979
[ego_planner_node-10] [INFO] [1786827114.521032157] [ego_planner]: [PARAMETERIZATION_DIAGNOSIS] sample_order_valid=true time_monotonic=true ts_valid=true boundary_geometry_consistent=false attempts=10 output_samples=7 matrix_condition=2.038778051 max_control_jump=0.851919756 max_deviation=0.108375115 first_bad_control_point=3 backtrack_segments=0 self_intersections=0 max_heading_jump=0.074196680 feasible=true accepted=true exact_root_cause=FIXED_SAMPLE_COUNT_INTERVAL_SCALING_AMPLIFIED_DYNAMIC_BOUNDARY
[ego_planner_node-10] [INFO] [1786827114.521066169] [ego_planner]: [DYNAMIC_BOUNDARY_MAPPING] degree=3 knot_interval=1.460862979 P_mapping=(Q0+4Q1+Q2)/6 V_mapping=(Q2-Q0)/(2ts) A_mapping=(Q0-2Q1+Q2)/ts^2 units_correct=true sign_correct=true scale_correct=true start_position=(0.291022200,-2.145792446,0.691934003) start_velocity=(0.008058068,0.030180820,0.000000000) start_acceleration=(0.023046221,-0.015226884,0.000000000) q0=(0.295644940,-2.200714491,0.691934003) q1=(0.282824964,-2.140376444,0.691934003) q2=(0.319188405,-2.112534405,0.691934003)
[ego_planner_node-10] [INFO] [1786827114.521110310] [ego_planner]: [PREOPT_GEOMETRY_REGRESSION] seed_to_preopt_max_deviation=0.108375115 backtrack_segments=0 self_intersections=0 max_heading_jump=0.074196680 pass=true
[ego_planner_node-10] [INFO] [1786827114.521143458] [ego_planner]: [BSPLINE_START_BOUNDARY] degree=3 interval=1.460862979 position_hard=true velocity_hard=true acceleration_hard=true
[ego_planner_node-10] [47;30m
[ego_planner_node-10] [drone -1 replan 16]==============================================[0m
[ego_planner_node-10] [1;33mmulti-trajs=1[1;0m
[ego_planner_node-10] [INFO] [1786827114.527690188] [rebound_optimize]: [EGO_REBOUND_OPTIMIZATION] iterations=22 termination=0 max_obstacle_gradient_norm=0.000000000 obstacle_signal_nonzero=false success=true
[ego_planner_node-10] [32miter(+1)=22,time(ms)=0.590,total_t(ms)=0.595,cost=0.000
[ego_planner_node-10] [0mtraj 1 success.
[ego_planner_node-10] plan_success=1
[ego_planner_node-10] [INFO] [1786827114.534334299] [ego_planner]: [EGO_CANDIDATE_GENERATION_DEVIATION] preopt=0.108375115 postopt=0.240327183 preopt_backtrack=0 postopt_backtrack=0 preopt_self_intersections=0 postopt_self_intersections=0
[ego_planner_node-10] [INFO] [1786827114.537582412] [ego_planner]: [EGO_PUBLISH_GEOMETRY_GUARD] maximum_deviation=0.240327183 limit=0.800000000 limit_source=manager_default deviation_within_limit=true backtrack_segments=0 self_intersections=0 accepted=true
[ego_planner_node-10] [INFO] [1786827114.537643875] [ego_planner]: [HANDOVER_PRE_POST] preopt_position_error=0.000000000 preopt_velocity_error=0.000000000 preopt_acceleration_error=0.000000000 postopt_position_error=0.000000000 postopt_velocity_error=0.000000000 postopt_acceleration_error=0.000000000
[ego_planner_node-10] [INFO] [1786827114.537775002] [race_ego_planner]: [EGO_CANDIDATE_STAGED] candidate_id=17 active_id=16 active_local_goal_seq=3 candidate_local_goal_seq=3
[ego_planner_node-10] [INFO] [1786827114.538188032] [race_ego_planner]: [EGO_CANDIDATE_CLEARANCE_GATE] trajectory_id=17 candidate=NORMAL start_clearance=1.200 required_publish_clearance=0.340 planning_clearance=0.340 hard_clearance=0.290
[ego_planner_node-10] total time:[42m0.0304242[0m,optimize:0.0238157,refine:0.00660854,avg_time=0.0278583
[ego_planner_node-10] refine_success=1
[ego_planner_node-10] [INFO] [1786827114.550201261] [race_ego_planner]: [EGO_CANDIDATE_COMMIT] candidate_id=17 active_id=17 local_goal_seq=3 all_validations_passed=true
[ego_planner_node-10] [FSM]: from REPLAN_TRAJ to EXEC_TRAJ
[race_ego_trajectory_bridge-12] [INFO] [1786827114.553433334] [race_ego_trajectory_bridge]: [EGO_TRAJECTORY] trajectory_id=17 local_goal_seq=3 start_time=1786827114.553 points=440 duration=8.765 start=(0.291,-2.146,0.692) end=(1.042,-2.407,0.692) collision_free=true
[race_ego_trajectory_bridge-12] [INFO] [1786827114.557346920] [race_ego_trajectory_bridge]: [BRIDGE_CANDIDATE_COMMIT] trajectory_id=17 local_goal_seq=3 output_topic=/race/ego/validated_bspline
[race_ego_trajectory_bridge-12] [WARN] [1786827114.557853308] [race_ego_trajectory_bridge]: Reject unvalidated PositionCommand trajectory_id=16 validated_trajectory_id=17
[super_planner_ros2_node-6] [INFO] [1786827114.655414291] [super_planner_ros2_node]: SUPER_ROS2 mode=FOLLOWING enable_output=false reason=GLOBAL_PATH_TO_EGO odom=(0.07,-2.20,-0.13) goal=set tracking_setpoint_enu=(0.33,-2.52,0.69) setpoint_ned=none yaw(desired/cmd/rate)=(0.00/0.00/0.00) cross_track=0.75 frame_id=px4_ned path_points=7 odom_source=/race/odom cloud_source=/saved_map mavros_connected=true
[race_ego_trajectory_bridge-12] [INFO] [1786827114.699976042] [race_ego_trajectory_bridge]: [EGO_OCCUPANCY_MAP] topic=/race/ego/cloud frame=map raw_points=15238 map_age=0.022
[super_planner_ros2_node-6] [INFO] [1786827114.903964559] [super_planner_ros2_node]: [FINAL_GOAL_CHECK] global_goal_id=1 distance_to_final=0.991 speed=0.003 confirm=0/10 final_goal_reached=false
[ego_planner_node-10] [FSM]: from EXEC_TRAJ to REPLAN_TRAJ
[race_ego_cloud_bridge-8] [INFO] [1786827115.048254202] [race_ego_cloud_bridge]: [EGO_STATIC_MAP_READY] topic=/saved_map frame=map points=11417 fused=true
[ego_planner_node-10] [INFO] [1786827115.069400791] [ego_planner]: [EGO_REFERENCE_PREFIX_TRIM] original_points=8 trimmed_points=8 projection_segment=0 projection_ratio=0.000000 discarded_length=0.000000 remaining_length=0.586026 valid=true
[ego_planner_node-10] [INFO] [1786827115.074850796] [ego_planner]: [PARAMETERIZATION_INPUT] sample_count=7 sample_path_length=0.931630031 sample_progress_monotonic=true sample_self_intersection=false ts=0.217046606 start_P=(0.298496907,-2.131880177,0.691934003) start_V=(0.019936697,0.022191485,0.000000000) start_A=(0.021640369,-0.014828445,0.000000000) end_constraint=PVA initial_interval=0.217046606 final_interval=1.460862979
[ego_planner_node-10] [INFO] [1786827115.074938206] [ego_planner]: [PARAMETERIZATION_DIAGNOSIS] sample_order_valid=true time_monotonic=true ts_valid=true boundary_geometry_consistent=false attempts=10 output_samples=7 matrix_condition=2.038778051 max_control_jump=0.831545384 max_deviation=0.106866172 first_bad_control_point=3 backtrack_segments=0 self_intersections=0 max_heading_jump=0.072158585 feasible=true accepted=true exact_root_cause=FIXED_SAMPLE_COUNT_INTERVAL_SCALING_AMPLIFIED_DYNAMIC_BOUNDARY
[ego_planner_node-10] [INFO] [1786827115.074957838] [ego_planner]: [DYNAMIC_BOUNDARY_MAPPING] degree=3 knot_interval=1.460862979 P_mapping=(Q0+4Q1+Q2)/6 V_mapping=(Q2-Q0)/(2ts) A_mapping=(Q0-2Q1+Q2)/ts^2 units_correct=true sign_correct=true scale_correct=true start_position=(0.298496907,-2.131880177,0.691934003) start_velocity=(0.019936697,0.022191485,0.000000000) start_acceleration=(0.021640369,-0.014828445,0.000000000) q0=(0.284766510,-2.174847460,0.691934003) q1=(0.290799714,-2.126605895,0.691934003) q2=(0.343016076,-2.110010021,0.691934003)
[ego_planner_node-10] [INFO] [1786827115.074984443] [ego_planner]: [PREOPT_GEOMETRY_REGRESSION] seed_to_preopt_max_deviation=0.106866172 backtrack_segments=0 self_intersections=0 max_heading_jump=0.072158585 pass=true
[ego_planner_node-10] [INFO] [1786827115.075002441] [ego_planner]: [BSPLINE_START_BOUNDARY] degree=3 interval=1.460862979 position_hard=true velocity_hard=true acceleration_hard=true
[ego_planner_node-10] [47;30m
[ego_planner_node-10] [drone -1 replan 17]==============================================[0m
[ego_planner_node-10] [1;33mmulti-trajs=1[1;0m
[ego_planner_node-10] [INFO] [1786827115.078574362] [rebound_optimize]: [EGO_REBOUND_OPTIMIZATION] iterations=22 termination=0 max_obstacle_gradient_norm=0.000000000 obstacle_signal_nonzero=false success=true
[ego_planner_node-10] [32miter(+1)=22,time(ms)=0.381,total_t(ms)=0.383,cost=0.000
[ego_planner_node-10] [0mtraj 1 success.
[ego_planner_node-10] plan_success=1
[ego_planner_node-10] [INFO] [1786827115.081958783] [ego_planner]: [EGO_CANDIDATE_GENERATION_DEVIATION] preopt=0.106866172 postopt=0.240197578 preopt_backtrack=0 postopt_backtrack=0 preopt_self_intersections=0 postopt_self_intersections=0
[ego_planner_node-10] [INFO] [1786827115.084091333] [ego_planner]: [EGO_PUBLISH_GEOMETRY_GUARD] maximum_deviation=0.240197578 limit=0.800000000 limit_source=manager_default deviation_within_limit=true backtrack_segments=0 self_intersections=0 accepted=true
[ego_planner_node-10] [INFO] [1786827115.084176591] [ego_planner]: [HANDOVER_PRE_POST] preopt_position_error=0.000000000 preopt_velocity_error=0.000000000 preopt_acceleration_error=0.000000000 postopt_position_error=0.000000000 postopt_velocity_error=0.000000000 postopt_acceleration_error=0.000000000
[ego_planner_node-10] [INFO] [1786827115.084255737] [race_ego_planner]: [EGO_CANDIDATE_STAGED] candidate_id=18 active_id=17 active_local_goal_seq=3 candidate_local_goal_seq=3
[ego_planner_node-10] total time:[42m0.01262[0m,optimize:0.00933027,refine:0.00328978,avg_time=0.0270117
[ego_planner_node-10] refine_success=1
[ego_planner_node-10] [INFO] [1786827115.084561035] [race_ego_planner]: [EGO_CANDIDATE_CLEARANCE_GATE] trajectory_id=18 candidate=NORMAL start_clearance=1.204 required_publish_clearance=0.340 planning_clearance=0.340 hard_clearance=0.290
[ego_planner_node-10] [INFO] [1786827115.087688660] [race_ego_planner]: [EGO_CANDIDATE_COMMIT] candidate_id=18 active_id=18 local_goal_seq=3 all_validations_passed=true
[ego_planner_node-10] [FSM]: from REPLAN_TRAJ to EXEC_TRAJ
[race_ego_trajectory_bridge-12] [INFO] [1786827115.104180329] [race_ego_trajectory_bridge]: [EGO_TRAJECTORY] trajectory_id=18 local_goal_seq=3 start_time=1786827115.104 points=440 duration=8.765 start=(0.298,-2.132,0.692) end=(1.042,-2.406,0.692) collision_free=true
[race_ego_trajectory_bridge-12] [INFO] [1786827115.105154162] [race_ego_trajectory_bridge]: [BRIDGE_CANDIDATE_COMMIT] trajectory_id=18 local_goal_seq=3 output_topic=/race/ego/validated_bspline
[race_ego_trajectory_bridge-12] [INFO] [1786827115.117211992] [race_ego_trajectory_bridge]: [SETPOINT_SOURCE] source=EGO trajectory_id=18 control_enabled=true position_enu=(0.299,-2.131,0.692)
[offboard_waypoint_node-1] [INFO] [1786827115.324661540] [offboard_waypoint_node]: [CONTROL_ARBITER] selected_source=pilot_override state=MANUAL_OVERRIDE
[ego_planner_node-10] [FSM]: state: EXEC_TRAJ
[race_ego_cloud_bridge-8] [INFO] [1786827115.448253108] [race_ego_cloud_bridge]: [EGO_MAP_FUSION] static_points=11417 live_raw_points=17532 confirmed_live_voxels=4368 min_observations=2 memory_sec=1.00 fused_points=15785
[race_ego_cloud_bridge-8] [INFO] [1786827115.448811205] [race_ego_cloud_bridge]: [EGO_MAP_INPUT] topic=/race/ego/cloud frame=map points=15785 source=static_live_px4 refresh_period=0.00s
[super_planner_ros2_node-6] [INFO] [1786827115.452531376] [super_planner_ros2_node]: [FINAL_GOAL_CHECK] global_goal_id=1 distance_to_final=1.001 speed=0.043 confirm=0/10 final_goal_reached=false
[ego_planner_node-10] [FSM]: from EXEC_TRAJ to REPLAN_TRAJ
[ego_planner_node-10] [WARN] [1786827115.596059580] [race_ego_planner]: [EGO_REPLAN_ODOM_DIVERGENCE] predicted_start=(0.311,-2.122,0.692) odom_start=(0.066,-2.196,-0.110) horizontal_error=0.256 base_threshold=0.250 effective_threshold=0.251 horizontal_speed=0.026 reason=TRACKING_DIVERGENCE
[ego_planner_node-10] [INFO] [1786827115.597692099] [race_ego_planner]: [EGO_REPLAN_REANCHOR_REFERENCE] start=(0.066,-2.196,0.692) points=9 trimmed_prefix=0.000 connector_safe=true
[ego_planner_node-10] [WARN] [1786827115.597752334] [race_ego_planner]: [EGO_REPLAN_REANCHOR] source=odom horizontal_error=0.256 base_threshold=0.250 effective_threshold=0.251 start=(0.066,-2.196,-0.110) velocity=(0.026,0.003,0.155) reason=TRACKING_DIVERGENCE
[ego_planner_node-10] [INFO] [1786827115.597809473] [ego_planner]: [EGO_REFERENCE_PREFIX_TRIM] original_points=9 trimmed_points=9 projection_segment=0 projection_ratio=0.000000 discarded_length=0.000000 remaining_length=1.108943 valid=true
[ego_planner_node-10] [INFO] [1786827115.599740189] [ego_planner]: [PARAMETERIZATION_INPUT] sample_count=7 sample_path_length=1.085383278 sample_progress_monotonic=true sample_self_intersection=false ts=0.410719468 start_P=(0.065951864,-2.195539512,0.691934003) start_V=(0.026259416,0.003175742,0.000000000) start_A=(0.000000000,0.000000000,0.000000000) end_constraint=PVA initial_interval=0.410719468 final_interval=0.738651284
[ego_planner_node-10] [INFO] [1786827115.599801412] [ego_planner]: [PARAMETERIZATION_DIAGNOSIS] sample_order_valid=true time_monotonic=true ts_valid=true boundary_geometry_consistent=true attempts=4 output_samples=7 matrix_condition=2.038778051 max_control_jump=0.435748544 max_deviation=0.048895253 first_bad_control_point=3 backtrack_segments=0 self_intersections=0 max_heading_jump=0.020846580 feasible=true accepted=true exact_root_cause=FIXED_SAMPLE_COUNT_INTERVAL_SCALING_AMPLIFIED_DYNAMIC_BOUNDARY
[ego_planner_node-10] [INFO] [1786827115.599820357] [ego_planner]: [DYNAMIC_BOUNDARY_MAPPING] degree=3 knot_interval=0.738651284 P_mapping=(Q0+4Q1+Q2)/6 V_mapping=(Q2-Q0)/(2ts) A_mapping=(Q0-2Q1+Q2)/ts^2 units_correct=true sign_correct=true scale_correct=true start_position=(0.065951864,-2.195539512,0.691934003) start_velocity=(0.026259416,0.003175742,0.000000000) start_acceleration=(0.000000000,0.000000000,0.000000000) q0=(0.046555313,-2.197885278,0.691934003) q1=(0.065951864,-2.195539512,0.691934003) q2=(0.085348415,-2.193193747,0.691934003)
[ego_planner_node-10] [INFO] [1786827115.599848036] [ego_planner]: [PREOPT_GEOMETRY_REGRESSION] seed_to_preopt_max_deviation=0.048895253 backtrack_segments=0 self_intersections=0 max_heading_jump=0.020846580 pass=true
[ego_planner_node-10] [INFO] [1786827115.599867083] [ego_planner]: [BSPLINE_START_BOUNDARY] degree=3 interval=0.738651284 position_hard=true velocity_hard=true acceleration_hard=true
[ego_planner_node-10] [47;30m
[ego_planner_node-10] [drone -1 replan 18]==============================================[0m
[ego_planner_node-10] [1;33mmulti-trajs=1[1;0m
[ego_planner_node-10] [INFO] [1786827115.608631341] [rebound_optimize]: [EGO_REBOUND_OPTIMIZATION] iterations=19 termination=0 max_obstacle_gradient_norm=0.000000000 obstacle_signal_nonzero=false success=true
[ego_planner_node-10] [32miter(+1)=19,time(ms)=0.345,total_t(ms)=0.348,cost=0.002
[ego_planner_node-10] [0mtraj 1 success.
[ego_planner_node-10] plan_success=1
[ego_planner_node-10] [INFO] [1786827115.615285228] [ego_planner]: [EGO_CANDIDATE_GENERATION_DEVIATION] preopt=0.048895253 postopt=0.176397853 preopt_backtrack=0 postopt_backtrack=0 preopt_self_intersections=0 postopt_self_intersections=0
[ego_planner_node-10] [INFO] [1786827115.616008236] [ego_planner]: [EGO_PUBLISH_GEOMETRY_GUARD] maximum_deviation=0.176397853 limit=0.800000000 limit_source=manager_default deviation_within_limit=true backtrack_segments=0 self_intersections=0 accepted=true
[ego_planner_node-10] [INFO] [1786827115.616047297] [ego_planner]: [HANDOVER_PRE_POST] preopt_position_error=0.000000000 preopt_velocity_error=0.000000000 preopt_acceleration_error=0.000000000 postopt_position_error=0.000000000 postopt_velocity_error=0.000000000 postopt_acceleration_error=0.000000000
[ego_planner_node-10] [INFO] [1786827115.616102341] [race_ego_planner]: [EGO_CANDIDATE_STAGED] candidate_id=19 active_id=18 active_local_goal_seq=3 candidate_local_goal_seq=3
[ego_planner_node-10] [INFO] [1786827115.616288333] [race_ego_planner]: [EGO_CANDIDATE_CLEARANCE_GATE] trajectory_id=19 candidate=NORMAL start_clearance=1.303 required_publish_clearance=0.340 planning_clearance=0.340 hard_clearance=0.290
[ego_planner_node-10] total time:[42m0.0175422[0m,optimize:0.0110519,refine:0.00649024,avg_time=0.0265133
[ego_planner_node-10] refine_success=1
[ego_planner_node-10] [INFO] [1786827115.621001382] [race_ego_planner]: [EGO_CANDIDATE_COMMIT] candidate_id=19 active_id=19 local_goal_seq=3 all_validations_passed=true
[ego_planner_node-10] [FSM]: from REPLAN_TRAJ to EXEC_TRAJ
[race_ego_trajectory_bridge-12] [INFO] [1786827115.622192611] [race_ego_trajectory_bridge]: [EGO_TRAJECTORY] trajectory_id=19 local_goal_seq=3 start_time=1786827115.622 points=223 duration=4.432 start=(0.066,-2.196,0.692) end=(1.038,-2.404,0.692) collision_free=true
[race_ego_trajectory_bridge-12] [ERROR] [1786827115.622314505] [race_ego_trajectory_bridge]: [BRIDGE_SWITCH_REJECTED] candidate_id=19 active_id=18 errors=(position=0.257 velocity=0.012 acceleration=0.024) limits=(0.100 0.100 0.200); hold measured position and replan
[race_ego_trajectory_bridge-12] [INFO] [1786827115.622669109] [race_ego_trajectory_bridge]: [EGO_STATUS] state=REPLAN_SWITCH_DISCONTINUITY control_enabled=true map=ready odom=ready goal=ready trajectory=ready
[race_ego_trajectory_bridge-12] [INFO] [1786827115.661172181] [race_ego_trajectory_bridge]: [EGO_STATUS] state=PLANNING_HOLD control_enabled=true map=ready odom=ready goal=ready trajectory=ready
[super_planner_ros2_node-6] [INFO] [1786827115.705454472] [super_planner_ros2_node]: SUPER_ROS2 mode=FOLLOWING enable_output=false reason=GLOBAL_PATH_TO_EGO odom=(0.07,-2.20,-0.10) goal=set tracking_setpoint_enu=(0.33,-2.52,0.69) setpoint_ned=none yaw(desired/cmd/rate)=(0.00/0.00/0.00) cross_track=0.75 frame_id=px4_ned path_points=7 odom_source=/race/odom cloud_source=/saved_map mavros_connected=true
[fastlio_bridge_node-2] [INFO] [1786827116.002168478] [fastlio_bridge_node]: 已桥接并转换里程计: ENU(0.07, -2.19, -0.09) -> NED(-2.19, 0.07, 0.09)
[super_planner_ros2_node-6] [INFO] [1786827116.003927149] [super_planner_ros2_node]: [FINAL_GOAL_CHECK] global_goal_id=1 distance_to_final=0.996 speed=0.014 confirm=0/10 final_goal_reached=false
[fastlio_bridge_node-2] [INFO] [1786827116.004899517] [fastlio_bridge_node]: 已桥接并转换里程计: ENU(0.07, -2.19, -0.09) -> NED(-2.19, 0.07, 0.09)
[fastlio_bridge_node-2] [INFO] [1786827116.008544887] [fastlio_bridge_node]: 已桥接并转换里程计: ENU(0.07, -2.19, -0.09) -> NED(-2.19, 0.07, 0.09)
[fastlio_bridge_node-2] [INFO] [1786827116.010569193] [fastlio_bridge_node]: 已桥接并转换里程计: ENU(0.07, -2.19, -0.09) -> NED(-2.19, 0.07, 0.09)
[fastlio_bridge_node-2] [INFO] [1786827116.016064967] [fastlio_bridge_node]: 已桥接并转换里程计: ENU(0.07, -2.19, -0.10) -> NED(-2.19, 0.07, 0.10)
[mapping_manager_node-5] [INFO] [1786827116.018447632] [mapping_manager_node]: Mapping status: in_flight=false, map_loaded=false, map_saved=false
[fastlio_bridge_node-2] [INFO] [1786827116.019486932] [fastlio_bridge_node]: 已桥接并转换里程计: ENU(0.07, -2.19, -0.10) -> NED(-2.19, 0.07, 0.10)
[fastlio_bridge_node-2] [INFO] [1786827116.025116040] [fastlio_bridge_node]: 已桥接并转换里程计: ENU(0.07, -2.19, -0.10) -> NED(-2.19, 0.07, 0.10)
[fastlio_bridge_node-2] [INFO] [1786827116.029231149] [fastlio_bridge_node]: 已桥接并转换里程计: ENU(0.07, -2.19, -0.10) -> NED(-2.19, 0.07, 0.10)
[fastlio_bridge_node-2] [INFO] [1786827116.040707488] [fastlio_bridge_node]: 已桥接并转换里程计: ENU(0.07, -2.19, -0.10) -> NED(-2.19, 0.07, 0.10)
[fastlio_bridge_node-2] [INFO] [1786827116.047498778] [fastlio_bridge_node]: 已桥接并转换里程计: ENU(0.07, -2.19, -0.10) -> NED(-2.19, 0.07, 0.10)
[fastlio_bridge_node-2] [INFO] [1786827116.050686160] [fastlio_bridge_node]: 已桥接并转换里程计: ENU(0.07, -2.19, -0.10) -> NED(-2.19, 0.07, 0.10)
[fastlio_bridge_node-2] [INFO] [1786827116.054535931] [fastlio_bridge_node]: 已桥接并转换里程计: ENU(0.07, -2.19, -0.10) -> NED(-2.19, 0.07, 0.10)
[fastlio_bridge_node-2] [INFO] [1786827116.056931754] [fastlio_bridge_node]: 已桥接并转换里程计: ENU(0.07, -2.19, -0.10) -> NED(-2.19, 0.07, 0.10)
[fastlio_bridge_node-2] [INFO] [1786827116.060969047] [fastlio_bridge_node]: 已桥接并转换里程计: ENU(0.07, -2.19, -0.10) -> NED(-2.19, 0.07, 0.10)
[fastlio_bridge_node-2] [INFO] [1786827116.064113876] [fastlio_bridge_node]: 已桥接并转换里程计: ENU(0.07, -2.19, -0.10) -> NED(-2.19, 0.07, 0.10)
[fastlio_bridge_node-2] [INFO] [1786827116.067993901] [fastlio_bridge_node]: 已桥接并转换里程计: ENU(0.07, -2.19, -0.10) -> NED(-2.19, 0.07, 0.10)
[fastlio_bridge_node-2] [INFO] [1786827116.080013535] [fastlio_bridge_node]: 已桥接并转换里程计: ENU(0.07, -2.19, -0.10) -> NED(-2.19, 0.07, 0.10)
[fastlio_bridge_node-2] [INFO] [1786827116.095473860] [fastlio_bridge_node]: 已桥接并转换里程计: ENU(0.07, -2.19, -0.10) -> NED(-2.19, 0.07, 0.10)
[ego_planner_node-10] [FSM]: from EXEC_TRAJ to REPLAN_TRAJ
[ego_planner_node-10] [INFO] [1786827116.135075808] [ego_planner]: [EGO_REFERENCE_PREFIX_TRIM] original_points=9 trimmed_points=9 projection_segment=0 projection_ratio=0.025132 discarded_length=0.013142 remaining_length=1.095801 valid=true
[ego_planner_node-10] [INFO] [1786827116.136726453] [ego_planner]: [PARAMETERIZATION_INPUT] sample_count=7 sample_path_length=1.073903271 sample_progress_monotonic=true sample_self_intersection=false ts=0.405852173 start_P=(0.081588634,-2.194447132,0.691934003) start_V=(0.037870409,-0.000036914,0.000000000) start_A=(0.044745340,-0.012380627,0.000000000) end_constraint=PVA initial_interval=0.405852173 final_interval=0.740698170
[ego_planner_node-10] [INFO] [1786827116.136806867] [ego_planner]: [PARAMETERIZATION_DIAGNOSIS] sample_order_valid=true time_monotonic=true ts_valid=true boundary_geometry_consistent=true attempts=4 output_samples=7 matrix_condition=2.038778051 max_control_jump=0.424658263 max_deviation=0.049034872 first_bad_control_point=6 backtrack_segments=0 self_intersections=0 max_heading_jump=0.018839742 feasible=true accepted=true exact_root_cause=FIXED_SAMPLE_COUNT_INTERVAL_SCALING_AMPLIFIED_DYNAMIC_BOUNDARY
[ego_planner_node-10] [INFO] [1786827116.136825532] [ego_planner]: [DYNAMIC_BOUNDARY_MAPPING] degree=3 knot_interval=0.740698170 P_mapping=(Q0+4Q1+Q2)/6 V_mapping=(Q2-Q0)/(2ts) A_mapping=(Q0-2Q1+Q2)/ts^2 units_correct=true sign_correct=true scale_correct=true start_position=(0.081588634,-2.194447132,0.691934003) start_velocity=(0.037870409,-0.000036914,0.000000000) start_acceleration=(0.044745340,-0.012380627,0.000000000) q0=(0.061721026,-2.196683933,0.691934003) q1=(0.077497166,-2.193315060,0.691934003) q2=(0.117822111,-2.196738617,0.691934003)
[ego_planner_node-10] [INFO] [1786827116.136853671] [ego_planner]: [PREOPT_GEOMETRY_REGRESSION] seed_to_preopt_max_deviation=0.049034872 backtrack_segments=0 self_intersections=0 max_heading_jump=0.018839742 pass=true
[ego_planner_node-10] [INFO] [1786827116.136872588] [ego_planner]: [BSPLINE_START_BOUNDARY] degree=3 interval=0.740698170 position_hard=true velocity_hard=true acceleration_hard=true
[ego_planner_node-10] [47;30m
[ego_planner_node-10] [drone -1 replan 19]==============================================[0m
[ego_planner_node-10] [1;33mmulti-trajs=1[1;0m
[ego_planner_node-10] [INFO] [1786827116.144100671] [rebound_optimize]: [EGO_REBOUND_OPTIMIZATION] iterations=20 termination=0 max_obstacle_gradient_norm=0.000000000 obstacle_signal_nonzero=false success=true
[ego_planner_node-10] [INFO] [1786827116.145345223] [ego_planner]: [EGO_CANDIDATE_GENERATION_DEVIATION] preopt=0.049034872 postopt=0.176083952 preopt_backtrack=0 postopt_backtrack=0 preopt_self_intersections=0 postopt_self_intersections=0
[ego_planner_node-10] [INFO] [1786827116.145933562] [ego_planner]: [EGO_PUBLISH_GEOMETRY_GUARD] maximum_deviation=0.176083952 limit=0.800000000 limit_source=manager_default deviation_within_limit=true backtrack_segments=0 self_intersections=0 accepted=true
[ego_planner_node-10] [INFO] [1786827116.145969546] [ego_planner]: [HANDOVER_PRE_POST] preopt_position_error=0.000000000 preopt_velocity_error=0.000000000 preopt_acceleration_error=0.000000000 postopt_position_error=0.000000000 postopt_velocity_error=0.000000000 postopt_acceleration_error=0.000000000
[ego_planner_node-10] [INFO] [1786827116.146020584] [race_ego_planner]: [EGO_CANDIDATE_STAGED] candidate_id=20 active_id=19 active_local_goal_seq=3 candidate_local_goal_seq=3
[ego_planner_node-10] [INFO] [1786827116.146199481] [race_ego_planner]: [EGO_CANDIDATE_CLEARANCE_GATE] trajectory_id=20 candidate=NORMAL start_clearance=1.315 required_publish_clearance=0.340 planning_clearance=0.340 hard_clearance=0.290
[ego_planner_node-10] [32miter(+1)=20,time(ms)=0.314,total_t(ms)=0.317,cost=0.000
[ego_planner_node-10] [0mtraj 1 success.
[ego_planner_node-10] plan_success=1
[ego_planner_node-10] total time:[42m0.0103119[0m,optimize:0.0091092,refine:0.00120271,avg_time=0.0257032
[ego_planner_node-10] refine_success=1
[ego_planner_node-10] [INFO] [1786827116.152762206] [race_ego_planner]: [EGO_CANDIDATE_COMMIT] candidate_id=20 active_id=20 local_goal_seq=3 all_validations_passed=true
[ego_planner_node-10] [FSM]: from REPLAN_TRAJ to EXEC_TRAJ
[race_ego_trajectory_bridge-12] [INFO] [1786827116.158766430] [race_ego_trajectory_bridge]: [EGO_TRAJECTORY] trajectory_id=20 local_goal_seq=3 start_time=1786827116.159 points=224 duration=4.444 start=(0.082,-2.194,0.692) end=(1.040,-2.406,0.692) collision_free=true
[race_ego_trajectory_bridge-12] [INFO] [1786827116.158891581] [race_ego_trajectory_bridge]: [BRIDGE_REANCHOR_WAIT] candidate_id=20 horizontal_speed=0.009 limit=0.080
[rviz2-13] [INFO] [1786827116.226578924] [rviz2]: Message Filter dropping message: frame 'odom' at time 1786827114.681 for reason 'discarding message because the queue is full'
[race_ego_trajectory_bridge-12] [WARN] [1786827116.245280145] [race_ego_trajectory_bridge]: [BRIDGE_REPLAN_READY] token=3 position=(0.067,-2.195,0.692) horizontal_speed=0.009 stable_sec=0.584
[ego_planner_node-10] [BRIDGE_READY]: from EXEC_TRAJ to REPLAN_TRAJ
[ego_planner_node-10] [WARN] [1786827116.246795594] [race_ego_planner]: [EGO_REPLAN_READY_ACCEPTED] token=3 source=bridge_switch start=latest_odom
[ego_planner_node-10] [INFO] [1786827116.248253227] [ego_planner]: [EGO_REFERENCE_PREFIX_TRIM] original_points=9 trimmed_points=9 projection_segment=0 projection_ratio=0.001455 discarded_length=0.000761 remaining_length=1.108182 valid=true
[ego_planner_node-10] [INFO] [1786827116.249855907] [ego_planner]: [PARAMETERIZATION_INPUT] sample_count=7 sample_path_length=1.084706728 sample_progress_monotonic=true sample_self_intersection=false ts=0.410437606 start_P=(0.066901458,-2.195396838,0.691934003) start_V=(0.003929967,-0.007919852,0.000000000) start_A=(0.000000000,0.000000000,0.000000000) end_constraint=PVA initial_interval=0.410437606 final_interval=0.760605170
[ego_planner_node-10] [INFO] [1786827116.249957904] [ego_planner]: [PARAMETERIZATION_DIAGNOSIS] sample_order_valid=true time_monotonic=true ts_valid=true boundary_geometry_consistent=true attempts=4 output_samples=7 matrix_condition=2.038778051 max_control_jump=0.450506216 max_deviation=0.048837740 first_bad_control_point=3 backtrack_segments=0 self_intersections=0 max_heading_jump=0.030001515 feasible=true accepted=true exact_root_cause=FIXED_SAMPLE_COUNT_INTERVAL_SCALING_AMPLIFIED_DYNAMIC_BOUNDARY
[ego_planner_node-10] [INFO] [1786827116.249978397] [ego_planner]: [DYNAMIC_BOUNDARY_MAPPING] degree=3 knot_interval=0.760605170 P_mapping=(Q0+4Q1+Q2)/6 V_mapping=(Q2-Q0)/(2ts) A_mapping=(Q0-2Q1+Q2)/ts^2 units_correct=true sign_correct=true scale_correct=true start_position=(0.066901458,-2.195396838,0.691934003) start_velocity=(0.003929967,-0.007919852,0.000000000) start_acceleration=(0.000000000,0.000000000,0.000000000) q0=(0.063912305,-2.189372958,0.691934003) q1=(0.066901458,-2.195396838,0.691934003) q2=(0.069890611,-2.201420718,0.691934003)
[ego_planner_node-10] [INFO] [1786827116.250002153] [ego_planner]: [PREOPT_GEOMETRY_REGRESSION] seed_to_preopt_max_deviation=0.048837740 backtrack_segments=0 self_intersections=0 max_heading_jump=0.030001515 pass=true
[ego_planner_node-10] [INFO] [1786827116.250017862] [ego_planner]: [BSPLINE_START_BOUNDARY] degree=3 interval=0.760605170 position_hard=true velocity_hard=true acceleration_hard=true
[ego_planner_node-10] [47;30m
[ego_planner_node-10] [drone -1 replan 20]==============================================[0m
[ego_planner_node-10] [1;33mmulti-trajs=1[1;0m
[ego_planner_node-10] [INFO] [1786827116.252219902] [rebound_optimize]: [EGO_REBOUND_OPTIMIZATION] iterations=20 termination=0 max_obstacle_gradient_norm=0.000000000 obstacle_signal_nonzero=false success=true
[ego_planner_node-10] [32miter(+1)=20,time(ms)=0.339,total_t(ms)=0.341,cost=0.002
[ego_planner_node-10] [0mtraj 1 success.
[ego_planner_node-10] plan_success=1
[ego_planner_node-10] [INFO] [1786827116.253413596] [ego_planner]: [EGO_CANDIDATE_GENERATION_DEVIATION] preopt=0.048837740 postopt=0.162628862 preopt_backtrack=0 postopt_backtrack=0 preopt_self_intersections=0 postopt_self_intersections=0
[ego_planner_node-10] [INFO] [1786827116.253978772] [ego_planner]: [EGO_PUBLISH_GEOMETRY_GUARD] maximum_deviation=0.162628862 limit=0.800000000 limit_source=manager_default deviation_within_limit=true backtrack_segments=0 self_intersections=0 accepted=true
[ego_planner_node-10] [INFO] [1786827116.254005601] [ego_planner]: [HANDOVER_PRE_POST] preopt_position_error=0.000000000 preopt_velocity_error=0.000000000 preopt_acceleration_error=0.000000000 postopt_position_error=0.000000000 postopt_velocity_error=0.000000000 postopt_acceleration_error=0.000000000
[ego_planner_node-10] [INFO] [1786827116.254051060] [race_ego_planner]: [EGO_CANDIDATE_STAGED] candidate_id=21 active_id=20 active_local_goal_seq=3 candidate_local_goal_seq=3
[ego_planner_node-10] total time:[42m0.0051844[0m,optimize:0.00403462,refine:0.00114978,avg_time=0.0247261
[ego_planner_node-10] refine_success=1
[ego_planner_node-10] [INFO] [1786827116.254216492] [race_ego_planner]: [EGO_CANDIDATE_CLEARANCE_GATE] trajectory_id=21 candidate=NORMAL start_clearance=1.304 required_publish_clearance=0.340 planning_clearance=0.340 hard_clearance=0.290
[ego_planner_node-10] [INFO] [1786827116.256028090] [race_ego_planner]: [EGO_CANDIDATE_COMMIT] candidate_id=21 active_id=21 local_goal_seq=3 all_validations_passed=true
[ego_planner_node-10] [FSM]: from REPLAN_TRAJ to EXEC_TRAJ
[race_ego_trajectory_bridge-12] [INFO] [1786827116.256991325] [race_ego_trajectory_bridge]: [EGO_TRAJECTORY] trajectory_id=21 local_goal_seq=3 start_time=1786827116.257 points=230 duration=4.564 start=(0.067,-2.195,0.692) end=(1.039,-2.406,0.692) collision_free=true
[race_ego_trajectory_bridge-12] [WARN] [1786827116.257196885] [race_ego_trajectory_bridge]: [BRIDGE_TRAJECTORY_REBASED] trajectory_id=21 old_start=1786827116.254 new_start=1786827116.257 reason=measured_position_hold
[race_ego_trajectory_bridge-12] [INFO] [1786827116.257744307] [race_ego_trajectory_bridge]: [BRIDGE_CANDIDATE_COMMIT] trajectory_id=21 local_goal_seq=3 output_topic=/race/ego/validated_bspline
[race_ego_trajectory_bridge-12] [INFO] [1786827116.257869399] [race_ego_trajectory_bridge]: [EGO_STATUS] state=TRACKING control_enabled=true map=ready odom=ready goal=ready trajectory=ready
[race_ego_trajectory_bridge-12] [INFO] [1786827116.262850018] [race_ego_trajectory_bridge]: [SETPOINT_SOURCE] source=EGO trajectory_id=21 control_enabled=true position_enu=(0.067,-2.195,0.692)
[offboard_waypoint_node-1] [INFO] [1786827116.367978397] [offboard_waypoint_node]: [CONTROL_ARBITER] selected_source=pilot_override state=MANUAL_OVERRIDE
[super_planner_ros2_node-6] [INFO] [1786827116.552721017] [super_planner_ros2_node]: [FINAL_GOAL_CHECK] global_goal_id=1 distance_to_final=0.995 speed=0.001 confirm=0/10 final_goal_reached=false
[ego_planner_node-10] [INFO] [1786827116.589067578] [race_ego_planner]: [EGO_OCCUPANCY_UPDATE] input_topic=grid_map/cloud input_frame=map occupancy_frame=map cloud_points=17201 local_points=9792 occupied_voxels=26804 camera=(0.068,-2.196,-0.100) local_index_bounds=[(47,30,0),(117,114,8)]
[super_planner_ros2_node-6] [WARN] [1786827116.655944335] [super_planner_ros2_node]: [EGO_PROGRESS_STALLED] trajectory_id=21 trajectory_age=0.398 lease_remaining=4.165 local_goal_seq=3 validated_goal_seq=3 local_goal_reached=true; request one global replan
[super_planner_ros2_node-6] [INFO] [1786827116.656129734] [super_planner_ros2_node]: [SUPER_GOAL_SELECTION] mode=GLOBAL_FULL_GOAL final_goal=(1.041,-2.406,0.692) planning_goal=(1.041,-2.406,0.692) distance=0.996 clipped=false
[super_planner_ros2_node-6] [INFO] [1786827116.656159969] [super_planner_ros2_node]: [SUPER_GLOBAL_GRID] min_x=-2.932 max_x=4.041 min_y=-5.406 max_y=0.805 resolution=0.050 width=140 height=126 start_index=(60,65) goal_index=(79,60)
[ego_planner_node-10] [FSM]: state: EXEC_TRAJ
[race_ego_trajectory_bridge-12] [INFO] [1786827116.719491077] [race_ego_trajectory_bridge]: [EGO_OCCUPANCY_MAP] topic=/race/ego/cloud frame=map raw_points=17454 map_age=0.044
[super_planner_ros2_node-6] [INFO] [1786827116.755952596] [super_planner_ros2_node]: [SUPER_CONTINUOUS_PATH_CHECK] source=RAW_ASTAR min_clearance=1.184 required_clearance=0.290 valid=true
[super_planner_ros2_node-6] [INFO] [1786827116.756475067] [super_planner_ros2_node]: [SUPER_ASTAR_VISIBILITY_SIMPLIFY] raw_points=20 simplified_points=20 raw_length=1.066 simplified_length=1.066 minimum_clearance=1.184 accepted=false clearance_preserved=true reason=DISABLED
[super_planner_ros2_node-6] [WARN] [1786827116.756511598] [super_planner_ros2_node]: [SUPER_SMOOTHED_PATH_REJECT] reason=SMOOTHING_VALIDATION no_smoothed_candidate=true (smoothing produced no path; raw path is used unchanged)
[super_planner_ros2_node-6] [WARN] [1786827116.756528448] [super_planner_ros2_node]: [SUPER_PATH_FALLBACK] source=RAW_ASTAR raw_points=20 goal_id=1
[super_planner_ros2_node-6] [INFO] [1786827116.756893816] [super_planner_ros2_node]: [CLEARANCE_PRESERVATION_POLICY] raw_global_min=1.184389709 smoothed_global_min=nan global_clearance_loss=nan local_comparison_method=NORMALIZED_ARC_PROGRESS_0.02M local_maximum_loss=0.000000000 numeric_tolerance=0.000001000
[super_planner_ros2_node-6] [INFO] [1786827116.756926628] [super_planner_ros2_node]: [PATH_TOPOLOGY_GUARD] raw_obstacle_side=BASELINE smoothed_obstacle_side=CONTINUOUS_DEFORMATION same_homotopy=true
[super_planner_ros2_node-6] [INFO] [1786827116.756941207] [super_planner_ros2_node]: [SUPER_PATH_SELECTION] candidate_smoothing_generated=false candidate_smoothing_safe=false clearance_preserved=true accepted_updates=0 accepted_iterations=0 selected=RAW fallback_reason=NO_CLEARANCE_PRESERVING_UPDATE
[ego_planner_node-10] [FSM]: from EXEC_TRAJ to REPLAN_TRAJ
[super_planner_ros2_node-6] [INFO] [1786827116.759961670] [super_planner_ros2_node]: [FINAL_SELECTED_PATH_VALIDATION] selected_type=RAW min_clearance=1.184389709 inflated_collision=false continuous_clearance_pass=true finite=true maximum_segment_length=0.072733
[super_planner_ros2_node-6] [INFO] [1786827116.760165459] [super_planner_ros2_node]: path_pipeline raw=20 shortcut=20 smoothed=0 smoothing=fallback_raw_astar
[super_planner_ros2_node-6] [INFO] [1786827116.760484820] [super_planner_ros2_node]: [GLOBAL_PATH] id=3 points=20 length=1.066 bounds_x=[0.068,1.041] bounds_y=[-2.406,-2.175] hard_clearance=0.28 soft_radius=0.54
[super_planner_ros2_node-6] [INFO] [1786827116.760537911] [super_planner_ros2_node]: [SUPER_GLOBAL_PATH_COMPLETE] goal_id=1 raw_endpoint=(1.041,-2.406,0.692) published_endpoint=(1.041,-2.406,0.692) final_goal=(1.041,-2.406,0.692) endpoint_error=0.000000
[ego_planner_node-10] [INFO] [1786827116.767484976] [ego_planner]: [EGO_REFERENCE_PREFIX_TRIM] original_points=9 trimmed_points=9 projection_segment=0 projection_ratio=0.012236 discarded_length=0.006399 remaining_length=1.102544 valid=true
[ego_planner_node-10] [INFO] [1786827116.768932814] [ego_planner]: [PARAMETERIZATION_INPUT] sample_count=7 sample_path_length=1.079696581 sample_progress_monotonic=true sample_self_intersection=false ts=0.408349619 start_P=(0.070875738,-2.199853113,0.691934003) start_V=(0.015361665,-0.010198175,0.000000000) start_A=(0.044530041,-0.008874781,0.000000000) end_constraint=PVA initial_interval=0.408349619 final_interval=0.736022223
[ego_planner_node-10] [INFO] [1786827116.768984835] [ego_planner]: [PARAMETERIZATION_DIAGNOSIS] sample_order_valid=true time_monotonic=true ts_valid=true boundary_geometry_consistent=true attempts=4 output_samples=7 matrix_condition=2.038778051 max_control_jump=0.425004403 max_deviation=0.048724845 first_bad_control_point=6 backtrack_segments=0 self_intersections=0 max_heading_jump=0.018296480 feasible=true accepted=true exact_root_cause=FIXED_SAMPLE_COUNT_INTERVAL_SCALING_AMPLIFIED_DYNAMIC_BOUNDARY
[ego_planner_node-10] [INFO] [1786827116.769045252] [ego_planner]: [DYNAMIC_BOUNDARY_MAPPING] degree=3 knot_interval=0.736022223 P_mapping=(Q0+4Q1+Q2)/6 V_mapping=(Q2-Q0)/(2ts) A_mapping=(Q0-2Q1+Q2)/ts^2 units_correct=true sign_correct=true scale_correct=true start_position=(0.070875738,-2.199853113,0.691934003) start_velocity=(0.015361665,-0.010198175,0.000000000) start_acceleration=(0.044530041,-0.008874781,0.000000000) q0=(0.067610279,-2.193949604,0.691934003) q1=(0.066855205,-2.199051825,0.691934003) q2=(0.090223333,-2.208961770,0.691934003)
[ego_planner_node-10] [INFO] [1786827116.769068342] [ego_planner]: [PREOPT_GEOMETRY_REGRESSION] seed_to_preopt_max_deviation=0.048724845 backtrack_segments=0 self_intersections=0 max_heading_jump=0.018296480 pass=true
[ego_planner_node-10] [INFO] [1786827116.769084509] [ego_planner]: [BSPLINE_START_BOUNDARY] degree=3 interval=0.736022223 position_hard=true velocity_hard=true acceleration_hard=true
[ego_planner_node-10] [47;30m
[ego_planner_node-10] [drone -1 replan 21]==============================================[0m
[ego_planner_node-10] [1;33mmulti-trajs=1[1;0m
[super_planner_ros2_node-6] [INFO] [1786827116.769878564] [super_planner_ros2_node]: [LOCAL_GOAL] path_id=3 seq=4 index=15 position=(0.775,-2.175,0.692) lookahead=0.71
[super_planner_ros2_node-6] [INFO] [1786827116.769939827] [super_planner_ros2_node]: [SUPER_LOCAL_REFERENCE] global_path_id=3 local_goal_seq=4 points=15 continuation_points=6 arc_length=0.711 minimum_clearance=1.305
[race_ego_goal_bridge-9] [INFO] [1786827116.770069696] [race_ego_goal_bridge]: Release EGO goal=(0.78,-2.17,0.69): rolling local goal after takeoff handover
[ego_planner_node-10] [INFO] [1786827116.772150645] [rebound_optimize]: [EGO_REBOUND_OPTIMIZATION] iterations=19 termination=0 max_obstacle_gradient_norm=0.000000000 obstacle_signal_nonzero=false success=true
[ego_planner_node-10] [INFO] [1786827116.773321901] [ego_planner]: [EGO_CANDIDATE_GENERATION_DEVIATION] preopt=0.048724845 postopt=0.161917255 preopt_backtrack=0 postopt_backtrack=0 preopt_self_intersections=0 postopt_self_intersections=0
[ego_planner_node-10] [INFO] [1786827116.773859953] [ego_planner]: [EGO_PUBLISH_GEOMETRY_GUARD] maximum_deviation=0.161917255 limit=0.800000000 limit_source=manager_default deviation_within_limit=true backtrack_segments=0 self_intersections=0 accepted=true
[ego_planner_node-10] [INFO] [1786827116.773884332] [ego_planner]: [HANDOVER_PRE_POST] preopt_position_error=0.000000000 preopt_velocity_error=0.000000000 preopt_acceleration_error=0.000000000 postopt_position_error=0.000000000 postopt_velocity_error=0.000000000 postopt_acceleration_error=0.000000000
[ego_planner_node-10] [INFO] [1786827116.773940295] [race_ego_planner]: [EGO_CANDIDATE_STAGED] candidate_id=22 active_id=21 active_local_goal_seq=3 candidate_local_goal_seq=3
[ego_planner_node-10] [INFO] [1786827116.774120078] [race_ego_planner]: [EGO_CANDIDATE_CLEARANCE_GATE] trajectory_id=22 candidate=NORMAL start_clearance=1.306 required_publish_clearance=0.340 planning_clearance=0.340 hard_clearance=0.290
[ego_planner_node-10] [32miter(+1)=19,time(ms)=0.267,total_t(ms)=0.268,cost=0.001
[ego_planner_node-10] [0mtraj 1 success.
[ego_planner_node-10] plan_success=1
[ego_planner_node-10] total time:[42m0.00587988[0m,optimize:0.00482898,refine:0.0010509,avg_time=0.0238695
[ego_planner_node-10] refine_success=1
[super_planner_ros2_node-6] [INFO] [1786827116.772731557] [super_planner_ros2_node]: SUPER_ROS2 mode=FOLLOWING enable_output=false reason=GLOBAL_PATH_TO_EGO odom=(0.07,-2.20,-0.10) goal=set tracking_setpoint_enu=(0.33,-2.52,0.69) setpoint_ned=none yaw(desired/cmd/rate)=(0.00/0.00/0.00) cross_track=0.00 frame_id=px4_ned path_points=20 odom_source=/race/odom cloud_source=/saved_map mavros_connected=true
[ego_planner_node-10] [INFO] [1786827116.775758994] [race_ego_planner]: [EGO_CANDIDATE_COMMIT] candidate_id=22 active_id=22 local_goal_seq=3 all_validations_passed=true
[ego_planner_node-10] [FSM]: from REPLAN_TRAJ to EXEC_TRAJ
[ego_planner_node-10] Triggered!
[ego_planner_node-10] [TRIG]: from EXEC_TRAJ to REPLAN_TRAJ
[ego_planner_node-10] [INFO] [1786827116.776308131] [race_ego_planner]: [EGO_REFERENCE_PATH] global_path_id=3 local_goal_seq=4 points=15 arc_length=0.711 start_projection=0.001 local_goal_projection=0.000 minimum_clearance=1.305 bound=true
[ego_planner_node-10] [INFO] [1786827116.776366546] [race_ego_planner]: [EGO_NEW_GLOBAL_PATH_SESSION] old_global_path_id=2 new_global_path_id=3 start=current_odom preempt_old_trajectory=true
[race_ego_trajectory_bridge-12] [INFO] [1786827116.777758197] [race_ego_trajectory_bridge]: [EGO_TRAJECTORY] trajectory_id=22 local_goal_seq=4 start_time=1786827116.778 points=222 duration=4.416 start=(0.071,-2.200,0.692) end=(1.040,-2.406,0.692) collision_free=true
[race_ego_trajectory_bridge-12] [INFO] [1786827116.778108858] [race_ego_trajectory_bridge]: [BRIDGE_CANDIDATE_COMMIT] trajectory_id=22 local_goal_seq=4 output_topic=/race/ego/validated_bspline
[ego_planner_node-10] [INFO] [1786827116.786153622] [ego_planner]: [EGO_REFERENCE_PREFIX_TRIM] original_points=15 trimmed_points=15 projection_segment=0 projection_ratio=0.000000 discarded_length=0.000000 remaining_length=0.710776 valid=true
[ego_planner_node-10] [INFO] [1786827116.787486249] [ego_planner]: [PARAMETERIZATION_INPUT] sample_count=7 sample_path_length=0.709594695 sample_progress_monotonic=true sample_self_intersection=false ts=0.263250479 start_P=(0.067172752,-2.195284289,0.691934003) start_V=(0.002669709,-0.007791573,0.000000000) start_A=(0.000000000,0.000000000,0.000000000) end_constraint=PVA initial_interval=0.263250479 final_interval=0.611228439
[ego_planner_node-10] [INFO] [1786827116.787709854] [ego_planner]: [PARAMETERIZATION_DIAGNOSIS] sample_order_valid=true time_monotonic=true ts_valid=true boundary_geometry_consistent=true attempts=5 output_samples=7 matrix_condition=2.038778051 max_control_jump=0.293007871 max_deviation=0.008976835 first_bad_control_point=6 backtrack_segments=0 self_intersections=0 max_heading_jump=0.085277405 feasible=true accepted=true exact_root_cause=FIXED_SAMPLE_COUNT_INTERVAL_SCALING_AMPLIFIED_DYNAMIC_BOUNDARY
[ego_planner_node-10] [INFO] [1786827116.787742376] [ego_planner]: [DYNAMIC_BOUNDARY_MAPPING] degree=3 knot_interval=0.611228439 P_mapping=(Q0+4Q1+Q2)/6 V_mapping=(Q2-Q0)/(2ts) A_mapping=(Q0-2Q1+Q2)/ts^2 units_correct=true sign_correct=true scale_correct=true start_position=(0.067172752,-2.195284289,0.691934003) start_velocity=(0.002669709,-0.007791573,0.000000000) start_acceleration=(0.000000000,0.000000000,0.000000000) q0=(0.065540950,-2.190521858,0.691934003) q1=(0.067172752,-2.195284289,0.691934003) q2=(0.068804554,-2.200046720,0.691934003)
[ego_planner_node-10] [INFO] [1786827116.787946855] [ego_planner]: [PREOPT_GEOMETRY_REGRESSION] seed_to_preopt_max_deviation=0.008976835 backtrack_segments=0 self_intersections=0 max_heading_jump=0.085277405 pass=true
[ego_planner_node-10] [INFO] [1786827116.787984377] [ego_planner]: [BSPLINE_START_BOUNDARY] degree=3 interval=0.611228439 position_hard=true velocity_hard=true acceleration_hard=true
[ego_planner_node-10] [47;30m
[ego_planner_node-10] [drone -1 replan 22]==============================================[0m
[ego_planner_node-10] [1;33mmulti-trajs=1[1;0m
[ego_planner_node-10] [INFO] [1786827116.789736049] [rebound_optimize]: [EGO_REBOUND_OPTIMIZATION] iterations=22 termination=0 max_obstacle_gradient_norm=0.000000000 obstacle_signal_nonzero=false success=true
[ego_planner_node-10] [32miter(+1)=22,time(ms)=0.353,total_t(ms)=0.361,cost=0.001
[ego_planner_node-10] [0mtraj 1 success.
[ego_planner_node-10] plan_success=1
[ego_planner_node-10] [INFO] [1786827116.790530888] [ego_planner]: [EGO_CANDIDATE_GENERATION_DEVIATION] preopt=0.008976835 postopt=0.026555074 preopt_backtrack=0 postopt_backtrack=0 preopt_self_intersections=0 postopt_self_intersections=0
[ego_planner_node-10] [INFO] [1786827116.790936478] [ego_planner]: [EGO_PUBLISH_GEOMETRY_GUARD] maximum_deviation=0.026555074 limit=0.800000000 limit_source=manager_default deviation_within_limit=true backtrack_segments=0 self_intersections=0 accepted=true
[ego_planner_node-10] [INFO] [1786827116.790975723] [ego_planner]: [HANDOVER_PRE_POST] preopt_position_error=0.000000000 preopt_velocity_error=0.000000000 preopt_acceleration_error=0.000000000 postopt_position_error=0.000000000 postopt_velocity_error=0.000000000 postopt_acceleration_error=0.000000000
[ego_planner_node-10] [INFO] [1786827116.791047909] [race_ego_planner]: [EGO_CANDIDATE_STAGED] candidate_id=23 active_id=22 active_local_goal_seq=3 candidate_local_goal_seq=4
[ego_planner_node-10] total time:[42m0.00439728[0m,optimize:0.00366242,refine:0.000734868,avg_time=0.0230229
[ego_planner_node-10] refine_success=1
[ego_planner_node-10] [INFO] [1786827116.791337030] [race_ego_planner]: [EGO_CANDIDATE_CLEARANCE_GATE] trajectory_id=23 candidate=NORMAL start_clearance=1.304 required_publish_clearance=0.340 planning_clearance=0.340 hard_clearance=0.290
[ego_planner_node-10] [INFO] [1786827116.792596432] [race_ego_planner]: [EGO_CANDIDATE_COMMIT] candidate_id=23 active_id=23 local_goal_seq=4 all_validations_passed=true
[ego_planner_node-10] [FSM]: from REPLAN_TRAJ to EXEC_TRAJ
[race_ego_trajectory_bridge-12] [INFO] [1786827116.794977824] [race_ego_trajectory_bridge]: [EGO_TRAJECTORY] trajectory_id=23 local_goal_seq=4 start_time=1786827116.795 points=185 duration=3.667 start=(0.067,-2.195,0.692) end=(0.775,-2.175,0.692) collision_free=true
[race_ego_trajectory_bridge-12] [INFO] [1786827116.795523814] [race_ego_trajectory_bridge]: [BRIDGE_CANDIDATE_COMMIT] trajectory_id=23 local_goal_seq=4 output_topic=/race/ego/validated_bspline
[race_ego_trajectory_bridge-12] [WARN] [1786827116.795810244] [race_ego_trajectory_bridge]: Reject unvalidated PositionCommand trajectory_id=22 validated_trajectory_id=23
[race_ego_cloud_bridge-8] [INFO] [1786827117.045140759] [race_ego_cloud_bridge]: [EGO_STATIC_MAP_READY] topic=/saved_map frame=map points=11417 fused=true
[super_planner_ros2_node-6] [INFO] [1786827117.052726722] [super_planner_ros2_node]: [FINAL_GOAL_CHECK] global_goal_id=1 distance_to_final=0.996 speed=0.009 confirm=0/10 final_goal_reached=false
[race_ego_trajectory_bridge-12] [INFO] [1786827117.263192865] [race_ego_trajectory_bridge]: [SETPOINT_SOURCE] source=EGO trajectory_id=23 control_enabled=true position_enu=(0.071,-2.199,0.692)
[ego_planner_node-10] [FSM]: from EXEC_TRAJ to REPLAN_TRAJ
[ego_planner_node-10] [INFO] [1786827117.307446611] [ego_planner]: [EGO_REFERENCE_PREFIX_TRIM] original_points=15 trimmed_points=15 projection_segment=0 projection_ratio=0.035658 discarded_length=0.002167 remaining_length=0.708609 valid=true
[ego_planner_node-10] [INFO] [1786827117.309929434] [ego_planner]: [PARAMETERIZATION_INPUT] sample_count=7 sample_path_length=0.706163409 sample_progress_monotonic=true sample_self_intersection=false ts=0.262447836 start_P=(0.071376105,-2.199103312,0.691934003) start_V=(0.019088811,-0.006611512,0.000000000) start_A=(0.063614238,0.004572032,0.000000000) end_constraint=PVA initial_interval=0.262447836 final_interval=0.611354937
[ego_planner_node-10] [INFO] [1786827117.309985858] [ego_planner]: [PARAMETERIZATION_DIAGNOSIS] sample_order_valid=true time_monotonic=true ts_valid=true boundary_geometry_consistent=true attempts=5 output_samples=7 matrix_condition=2.038778051 max_control_jump=0.293367994 max_deviation=0.010942441 first_bad_control_point=6 backtrack_segments=0 self_intersections=0 max_heading_jump=0.017398267 feasible=true accepted=true exact_root_cause=FIXED_SAMPLE_COUNT_INTERVAL_SCALING_AMPLIFIED_DYNAMIC_BOUNDARY
[ego_planner_node-10] [INFO] [1786827117.310000279] [ego_planner]: [DYNAMIC_BOUNDARY_MAPPING] degree=3 knot_interval=0.611354937 P_mapping=(Q0+4Q1+Q2)/6 V_mapping=(Q2-Q0)/(2ts) A_mapping=(Q0-2Q1+Q2)/ts^2 units_correct=true sign_correct=true scale_correct=true start_position=(0.071376105,-2.199103312,0.691934003) start_velocity=(0.019088811,-0.006611512,0.000000000) start_acceleration=(0.063614238,0.004572032,0.000000000) q0=(0.067631443,-2.194491725,0.691934003) q1=(0.067413416,-2.199388116,0.691934003) q2=(0.090971520,-2.202575687,0.691934003)
[ego_planner_node-10] [INFO] [1786827117.310018664] [ego_planner]: [PREOPT_GEOMETRY_REGRESSION] seed_to_preopt_max_deviation=0.010942441 backtrack_segments=0 self_intersections=0 max_heading_jump=0.017398267 pass=true
[ego_planner_node-10] [INFO] [1786827117.310034039] [ego_planner]: [BSPLINE_START_BOUNDARY] degree=3 interval=0.611354937 position_hard=true velocity_hard=true acceleration_hard=true
[ego_planner_node-10] [47;30m
[ego_planner_node-10] [drone -1 replan 23]==============================================[0m
[ego_planner_node-10] [1;33mmulti-trajs=1[1;0m
[ego_planner_node-10] [INFO] [1786827117.311409743] [rebound_optimize]: [EGO_REBOUND_OPTIMIZATION] iterations=16 termination=0 max_obstacle_gradient_norm=0.000000000 obstacle_signal_nonzero=false success=true
[ego_planner_node-10] [32miter(+1)=16,time(ms)=0.209,total_t(ms)=0.211,cost=0.001
[ego_planner_node-10] [0mtraj 1 success.
[ego_planner_node-10] plan_success=1
[ego_planner_node-10] [INFO] [1786827117.312504431] [ego_planner]: [EGO_CANDIDATE_GENERATION_DEVIATION] preopt=0.010942441 postopt=0.029594238 preopt_backtrack=0 postopt_backtrack=0 preopt_self_intersections=0 postopt_self_intersections=0
[ego_planner_node-10] [INFO] [1786827117.312920250] [ego_planner]: [EGO_PUBLISH_GEOMETRY_GUARD] maximum_deviation=0.029594238 limit=0.800000000 limit_source=manager_default deviation_within_limit=true backtrack_segments=0 self_intersections=0 accepted=true
[ego_planner_node-10] [INFO] [1786827117.312950333] [ego_planner]: [HANDOVER_PRE_POST] preopt_position_error=0.000000000 preopt_velocity_error=0.000000000 preopt_acceleration_error=0.000000000 postopt_position_error=0.000000000 postopt_velocity_error=0.000000000 postopt_acceleration_error=0.000000000
[ego_planner_node-10] [INFO] [1786827117.313065156] [race_ego_planner]: [EGO_CANDIDATE_STAGED] candidate_id=24 active_id=23 active_local_goal_seq=4 candidate_local_goal_seq=4
[ego_planner_node-10] [INFO] [1786827117.313340328] [race_ego_planner]: [EGO_CANDIDATE_CLEARANCE_GATE] trajectory_id=24 candidate=NORMAL start_clearance=1.306 required_publish_clearance=0.340 planning_clearance=0.340 hard_clearance=0.290
[ego_planner_node-10] total time:[42m0.00516356[0m,optimize:0.00402568,refine:0.00113789,avg_time=0.0222787
[ego_planner_node-10] refine_success=1
[ego_planner_node-10] [INFO] [1786827117.314691708] [race_ego_planner]: [EGO_CANDIDATE_COMMIT] candidate_id=24 active_id=24 local_goal_seq=4 all_validations_passed=true
[ego_planner_node-10] [FSM]: from REPLAN_TRAJ to EXEC_TRAJ
[race_ego_trajectory_bridge-12] [INFO] [1786827117.315992577] [race_ego_trajectory_bridge]: [EGO_TRAJECTORY] trajectory_id=24 local_goal_seq=4 start_time=1786827117.316 points=185 duration=3.668 start=(0.071,-2.199,0.692) end=(0.750,-2.183,0.692) collision_free=true
[race_ego_trajectory_bridge-12] [INFO] [1786827117.316665000] [race_ego_trajectory_bridge]: [BRIDGE_CANDIDATE_COMMIT] trajectory_id=24 local_goal_seq=4 output_topic=/race/ego/validated_bspline
[offboard_waypoint_node-1] [INFO] [1786827117.418165030] [offboard_waypoint_node]: [CONTROL_ARBITER] selected_source=pilot_override state=MANUAL_OVERRIDE
[super_planner_ros2_node-6] [INFO] [1786827117.602688099] [super_planner_ros2_node]: [FINAL_GOAL_CHECK] global_goal_id=1 distance_to_final=0.996 speed=0.009 confirm=0/10 final_goal_reached=false
[race_ego_cloud_bridge-8] [INFO] [1786827117.618292222] [race_ego_cloud_bridge]: [EGO_MAP_FUSION] static_points=11417 live_raw_points=17642 confirmed_live_voxels=6388 min_observations=2 memory_sec=1.00 fused_points=17805
[race_ego_cloud_bridge-8] [INFO] [1786827117.618762879] [race_ego_cloud_bridge]: [EGO_MAP_INPUT] topic=/race/ego/cloud frame=map points=17805 source=static_live_px4 refresh_period=0.00s
[super_planner_ros2_node-6] [INFO] [1786827117.805111963] [super_planner_ros2_node]: SUPER_ROS2 mode=FOLLOWING enable_output=false reason=GLOBAL_PATH_TO_EGO odom=(0.07,-2.20,-0.10) goal=set tracking_setpoint_enu=(0.33,-2.52,0.69) setpoint_ned=none yaw(desired/cmd/rate)=(0.00/0.00/0.00) cross_track=0.00 frame_id=px4_ned path_points=20 odom_source=/race/odom cloud_source=/saved_map mavros_connected=true
[ego_planner_node-10] [FSM]: from EXEC_TRAJ to REPLAN_TRAJ
[ego_planner_node-10] [INFO] [1786827117.825357370] [ego_planner]: [EGO_REFERENCE_PREFIX_TRIM] original_points=15 trimmed_points=15 projection_segment=0 projection_ratio=0.312226 discarded_length=0.018976 remaining_length=0.691800 valid=true
[ego_planner_node-10] [INFO] [1786827117.828284794] [ego_planner]: [PARAMETERIZATION_INPUT] sample_count=7 sample_path_length=0.688056364 sample_progress_monotonic=true sample_self_intersection=false ts=0.256222352 start_P=(0.090251089,-2.201962823,0.691934003) start_V=(0.056069777,-0.004694629,0.000000000) start_A=(0.080770971,0.002912079,0.000000000) end_constraint=PVA initial_interval=0.256222352 final_interval=0.605561044
[ego_planner_node-10] [INFO] [1786827117.828543087] [ego_planner]: [PARAMETERIZATION_DIAGNOSIS] sample_order_valid=true time_monotonic=true ts_valid=true boundary_geometry_consistent=true attempts=5 output_samples=7 matrix_condition=2.038778051 max_control_jump=0.288138835 max_deviation=0.013665295 first_bad_control_point=6 backtrack_segments=0 self_intersections=0 max_heading_jump=0.006881843 feasible=true accepted=true exact_root_cause=FIXED_SAMPLE_COUNT_INTERVAL_SCALING_AMPLIFIED_DYNAMIC_BOUNDARY
[ego_planner_node-10] [INFO] [1786827117.828577463] [ego_planner]: [DYNAMIC_BOUNDARY_MAPPING] degree=3 knot_interval=0.605561044 P_mapping=(Q0+4Q1+Q2)/6 V_mapping=(Q2-Q0)/(2ts) A_mapping=(Q0-2Q1+Q2)/ts^2 units_correct=true sign_correct=true scale_correct=true start_position=(0.090251089,-2.201962823,0.691934003) start_velocity=(0.056069777,-0.004694629,0.000000000) start_acceleration=(0.080770971,0.002912079,0.000000000) q0=(0.066170434,-2.198763982,0.691934003) q1=(0.085314581,-2.202140802,0.691934003) q2=(0.134077779,-2.204449750,0.691934003)
[ego_planner_node-10] [INFO] [1786827117.828610344] [ego_planner]: [PREOPT_GEOMETRY_REGRESSION] seed_to_preopt_max_deviation=0.013665295 backtrack_segments=0 self_intersections=0 max_heading_jump=0.006881843 pass=true
[ego_planner_node-10] [INFO] [1786827117.828638993] [ego_planner]: [BSPLINE_START_BOUNDARY] degree=3 interval=0.605561044 position_hard=true velocity_hard=true acceleration_hard=true
[ego_planner_node-10] [47;30m
[ego_planner_node-10] [drone -1 replan 24]==============================================[0m
[ego_planner_node-10] [1;33mmulti-trajs=1[1;0m
[ego_planner_node-10] [INFO] [1786827117.830210917] [rebound_optimize]: [EGO_REBOUND_OPTIMIZATION] iterations=16 termination=0 max_obstacle_gradient_norm=0.000000000 obstacle_signal_nonzero=false success=true
[ego_planner_node-10] [32miter(+1)=16,time(ms)=0.191,total_t(ms)=0.192,cost=0.000
[ego_planner_node-10] [0mtraj 1 success.
[ego_planner_node-10] plan_success=1
[ego_planner_node-10] [INFO] [1786827117.831005769] [ego_planner]: [EGO_CANDIDATE_GENERATION_DEVIATION] preopt=0.013665295 postopt=0.035045708 preopt_backtrack=0 postopt_backtrack=0 preopt_self_intersections=0 postopt_self_intersections=0
[ego_planner_node-10] [INFO] [1786827117.831670898] [ego_planner]: [EGO_PUBLISH_GEOMETRY_GUARD] maximum_deviation=0.035045708 limit=0.800000000 limit_source=manager_default deviation_within_limit=true backtrack_segments=0 self_intersections=0 accepted=true
[ego_planner_node-10] [INFO] [1786827117.831887198] [ego_planner]: [HANDOVER_PRE_POST] preopt_position_error=0.000000000 preopt_velocity_error=0.000000000 preopt_acceleration_error=0.000000000 postopt_position_error=0.000000000 postopt_velocity_error=0.000000000 postopt_acceleration_error=0.000000000
[ego_planner_node-10] [INFO] [1786827117.832018682] [race_ego_planner]: [EGO_CANDIDATE_STAGED] candidate_id=25 active_id=24 active_local_goal_seq=4 candidate_local_goal_seq=4
[ego_planner_node-10] [INFO] [1786827117.832305761] [race_ego_planner]: [EGO_CANDIDATE_CLEARANCE_GATE] trajectory_id=25 candidate=NORMAL start_clearance=1.304 required_publish_clearance=0.340 planning_clearance=0.340 hard_clearance=0.290
[ego_planner_node-10] [INFO] [1786827117.833695368] [race_ego_planner]: [EGO_CANDIDATE_COMMIT] candidate_id=25 active_id=25 local_goal_seq=4 all_validations_passed=true
[ego_planner_node-10] total time:[42m0.00592975[0m,optimize:0.00495832,refine:0.000971433,avg_time=0.0216248
[ego_planner_node-10] refine_success=1
[ego_planner_node-10] [FSM]: from REPLAN_TRAJ to EXEC_TRAJ
[race_ego_trajectory_bridge-12] [INFO] [1786827117.838678346] [race_ego_trajectory_bridge]: [EGO_TRAJECTORY] trajectory_id=25 local_goal_seq=4 start_time=1786827117.839 points=183 duration=3.633 start=(0.090,-2.202,0.692) end=(0.768,-2.182,0.692) collision_free=true
[race_ego_trajectory_bridge-12] [INFO] [1786827117.839494198] [race_ego_trajectory_bridge]: [BRIDGE_CANDIDATE_COMMIT] trajectory_id=25 local_goal_seq=4 output_topic=/race/ego/validated_bspline
[race_ego_trajectory_bridge-12] [WARN] [1786827117.840698371] [race_ego_trajectory_bridge]: Reject unvalidated PositionCommand trajectory_id=24 validated_trajectory_id=25
[ego_planner_node-10] [FSM]: state: EXEC_TRAJ
[fastlio_bridge_node-2] [INFO] [1786827118.005354233] [fastlio_bridge_node]: 已桥接并转换里程计: ENU(0.07, -2.19, -0.10) -> NED(-2.19, 0.07, 0.10)
[fastlio_bridge_node-2] [INFO] [1786827118.012999645] [fastlio_bridge_node]: 已桥接并转换里程计: ENU(0.07, -2.19, -0.10) -> NED(-2.19, 0.07, 0.10)
[fastlio_bridge_node-2] [INFO] [1786827118.019031290] [fastlio_bridge_node]: 已桥接并转换里程计: ENU(0.07, -2.19, -0.10) -> NED(-2.19, 0.07, 0.10)
[fastlio_bridge_node-2] [INFO] [1786827118.021606854] [fastlio_bridge_node]: 已桥接并转换里程计: ENU(0.07, -2.19, -0.10) -> NED(-2.19, 0.07, 0.10)
[fastlio_bridge_node-2] [INFO] [1786827118.025783839] [fastlio_bridge_node]: 已桥接并转换里程计: ENU(0.07, -2.19, -0.10) -> NED(-2.19, 0.07, 0.10)
[fastlio_bridge_node-2] [INFO] [1786827118.032476184] [fastlio_bridge_node]: 已桥接并转换里程计: ENU(0.07, -2.19, -0.10) -> NED(-2.19, 0.07, 0.10)
[fastlio_bridge_node-2] [INFO] [1786827118.037460753] [fastlio_bridge_node]: 已桥接并转换里程计: ENU(0.07, -2.19, -0.10) -> NED(-2.19, 0.07, 0.10)
[fastlio_bridge_node-2] [INFO] [1786827118.039167245] [fastlio_bridge_node]: 已桥接并转换里程计: ENU(0.07, -2.19, -0.10) -> NED(-2.19, 0.07, 0.10)
[fastlio_bridge_node-2] [INFO] [1786827118.047551720] [fastlio_bridge_node]: 已桥接并转换里程计: ENU(0.07, -2.19, -0.10) -> NED(-2.19, 0.07, 0.10)
[fastlio_bridge_node-2] [INFO] [1786827118.049100212] [fastlio_bridge_node]: 已桥接并转换里程计: ENU(0.07, -2.19, -0.10) -> NED(-2.19, 0.07, 0.10)
[fastlio_bridge_node-2] [INFO] [1786827118.055675964] [fastlio_bridge_node]: 已桥接并转换里程计: ENU(0.07, -2.19, -0.10) -> NED(-2.19, 0.07, 0.10)
[fastlio_bridge_node-2] [INFO] [1786827118.058382970] [fastlio_bridge_node]: 已桥接并转换里程计: ENU(0.07, -2.19, -0.10) -> NED(-2.19, 0.07, 0.10)
[fastlio_bridge_node-2] [INFO] [1786827118.065141242] [fastlio_bridge_node]: 已桥接并转换里程计: ENU(0.07, -2.19, -0.10) -> NED(-2.19, 0.07, 0.10)
[fastlio_bridge_node-2] [INFO] [1786827118.069987599] [fastlio_bridge_node]: 已桥接并转换里程计: ENU(0.07, -2.19, -0.10) -> NED(-2.19, 0.07, 0.10)
[fastlio_bridge_node-2] [INFO] [1786827118.081622410] [fastlio_bridge_node]: 已桥接并转换里程计: ENU(0.07, -2.19, -0.10) -> NED(-2.19, 0.07, 0.10)
[fastlio_bridge_node-2] [INFO] [1786827118.085845410] [fastlio_bridge_node]: 已桥接并转换里程计: ENU(0.07, -2.19, -0.10) -> NED(-2.19, 0.07, 0.10)
[fastlio_bridge_node-2] [INFO] [1786827118.093659256] [fastlio_bridge_node]: 已桥接并转换里程计: ENU(0.07, -2.19, -0.10) -> NED(-2.19, 0.07, 0.10)
[fastlio_bridge_node-2] [INFO] [1786827118.099425669] [fastlio_bridge_node]: 已桥接并转换里程计: ENU(0.07, -2.19, -0.10) -> NED(-2.19, 0.07, 0.10)
[super_planner_ros2_node-6] [INFO] [1786827118.102924062] [super_planner_ros2_node]: [FINAL_GOAL_CHECK] global_goal_id=1 distance_to_final=0.997 speed=0.009 confirm=0/10 final_goal_reached=false
[race_ego_trajectory_bridge-12] [INFO] [1786827118.263584561] [race_ego_trajectory_bridge]: [SETPOINT_SOURCE] source=EGO trajectory_id=25 control_enabled=true position_enu=(0.122,-2.204,0.692)
[ego_planner_node-10] [FSM]: from EXEC_TRAJ to REPLAN_TRAJ
[ego_planner_node-10] [INFO] [1786827118.350088248] [ego_planner]: [EGO_REFERENCE_PREFIX_TRIM] original_points=15 trimmed_points=15 projection_segment=0 projection_ratio=0.911165 discarded_length=0.055377 remaining_length=0.655399 valid=true
[ego_planner_node-10] [INFO] [1786827118.351042251] [ego_planner]: [PARAMETERIZATION_INPUT] sample_count=7 sample_path_length=0.649489526 sample_progress_monotonic=true sample_self_intersection=false ts=0.242740390 start_P=(0.129772176,-2.204368472,0.691934003) start_V=(0.095755787,-0.005293524,0.000000000) start_A=(0.072412963,-0.005223754,0.000000000) end_constraint=PVA initial_interval=0.242740390 final_interval=0.590941684
[ego_planner_node-10] [INFO] [1786827118.351082509] [ego_planner]: [PARAMETERIZATION_DIAGNOSIS] sample_order_valid=true time_monotonic=true ts_valid=true boundary_geometry_consistent=true attempts=5 output_samples=7 matrix_condition=2.038778051 max_control_jump=0.274751436 max_deviation=0.018107083 first_bad_control_point=6 backtrack_segments=0 self_intersections=0 max_heading_jump=0.009501617 feasible=true accepted=true exact_root_cause=FIXED_SAMPLE_COUNT_INTERVAL_SCALING_AMPLIFIED_DYNAMIC_BOUNDARY
[ego_planner_node-10] [INFO] [1786827118.351094880] [ego_planner]: [DYNAMIC_BOUNDARY_MAPPING] degree=3 knot_interval=0.590941684 P_mapping=(Q0+4Q1+Q2)/6 V_mapping=(Q2-Q0)/(2ts) A_mapping=(Q0-2Q1+Q2)/ts^2 units_correct=true sign_correct=true scale_correct=true start_position=(0.129772176,-2.204368472,0.691934003) start_velocity=(0.095755787,-0.005293524,0.000000000) start_acceleration=(0.072412963,-0.005223754,0.000000000) q0=(0.081615250,-2.201848374,0.691934003) q1=(0.125557596,-2.204064439,0.691934003) q2=(0.194787422,-2.208104702,0.691934003)
[ego_planner_node-10] [INFO] [1786827118.351112562] [ego_planner]: [PREOPT_GEOMETRY_REGRESSION] seed_to_preopt_max_deviation=0.018107083 backtrack_segments=0 self_intersections=0 max_heading_jump=0.009501617 pass=true
[ego_planner_node-10] [INFO] [1786827118.351125595] [ego_planner]: [BSPLINE_START_BOUNDARY] degree=3 interval=0.590941684 position_hard=true velocity_hard=true acceleration_hard=true
[ego_planner_node-10] [47;30m
[ego_planner_node-10] [drone -1 replan 25]==============================================[0m
[ego_planner_node-10] [1;33mmulti-trajs=1[1;0m
[ego_planner_node-10] [INFO] [1786827118.352231887] [rebound_optimize]: [EGO_REBOUND_OPTIMIZATION] iterations=11 termination=0 max_obstacle_gradient_norm=0.000000000 obstacle_signal_nonzero=false success=true
[ego_planner_node-10] [32miter(+1)=11,time(ms)=0.102,total_t(ms)=0.103,cost=0.002
[ego_planner_node-10] [0mtraj 1 success.
[ego_planner_node-10] plan_success=1
[ego_planner_node-10] [INFO] [1786827118.356365220] [ego_planner]: [EGO_CANDIDATE_GENERATION_DEVIATION] preopt=0.018107083 postopt=0.031874078 preopt_backtrack=0 postopt_backtrack=0 preopt_self_intersections=0 postopt_self_intersections=0
[ego_planner_node-10] [INFO] [1786827118.357753518] [ego_planner]: [EGO_PUBLISH_GEOMETRY_GUARD] maximum_deviation=0.031874078 limit=0.800000000 limit_source=manager_default deviation_within_limit=true backtrack_segments=0 self_intersections=0 accepted=true
[ego_planner_node-10] [INFO] [1786827118.357843813] [ego_planner]: [HANDOVER_PRE_POST] preopt_position_error=0.000000000 preopt_velocity_error=0.000000000 preopt_acceleration_error=0.000000000 postopt_position_error=0.000000000 postopt_velocity_error=0.000000000 postopt_acceleration_error=0.000000000
[ego_planner_node-10] [INFO] [1786827118.357969647] [race_ego_planner]: [EGO_CANDIDATE_STAGED] candidate_id=26 active_id=25 active_local_goal_seq=4 candidate_local_goal_seq=4
[ego_planner_node-10] total time:[42m0.00633242[0m,optimize:0.00222134,refine:0.00411107,avg_time=0.0210366
[ego_planner_node-10] refine_success=1
[ego_planner_node-10] [INFO] [1786827118.358283375] [race_ego_planner]: [EGO_CANDIDATE_CLEARANCE_GATE] trajectory_id=26 candidate=NORMAL start_clearance=1.319 required_publish_clearance=0.340 planning_clearance=0.340 hard_clearance=0.290
[ego_planner_node-10] [INFO] [1786827118.359553695] [race_ego_planner]: [EGO_CANDIDATE_COMMIT] candidate_id=26 active_id=26 local_goal_seq=4 all_validations_passed=true
[ego_planner_node-10] [FSM]: from REPLAN_TRAJ to EXEC_TRAJ
[race_ego_trajectory_bridge-12] [INFO] [1786827118.361376820] [race_ego_trajectory_bridge]: [EGO_TRAJECTORY] trajectory_id=26 local_goal_seq=4 start_time=1786827118.361 points=179 duration=3.546 start=(0.130,-2.204,0.692) end=(0.765,-2.170,0.692) collision_free=true
[race_ego_trajectory_bridge-12] [INFO] [1786827118.361644502] [race_ego_trajectory_bridge]: [BRIDGE_CANDIDATE_COMMIT] trajectory_id=26 local_goal_seq=4 output_topic=/race/ego/validated_bspline
[offboard_waypoint_node-1] [INFO] [1786827118.467792836] [offboard_waypoint_node]: [CONTROL_ARBITER] selected_source=pilot_override state=MANUAL_OVERRIDE
[ego_planner_node-10] [INFO] [1786827118.632421147] [race_ego_planner]: [EGO_OCCUPANCY_UPDATE] input_topic=grid_map/cloud input_frame=map occupancy_frame=map cloud_points=16720 local_points=9759 occupied_voxels=26749 camera=(0.068,-2.196,-0.096) local_index_bounds=[(47,30,0),(117,114,8)]
[super_planner_ros2_node-6] [INFO] [1786827118.652817104] [super_planner_ros2_node]: [FINAL_GOAL_CHECK] global_goal_id=1 distance_to_final=0.995 speed=0.006 confirm=0/10 final_goal_reached=false
[rviz2-13] [INFO] [1786827118.781757277] [rviz2]: Message Filter dropping message: frame 'odom' at time 1786827117.580 for reason 'discarding message because the queue is full'
[super_planner_ros2_node-6] [INFO] [1786827118.807780019] [super_planner_ros2_node]: SUPER_ROS2 mode=FOLLOWING enable_output=false reason=GLOBAL_PATH_TO_EGO odom=(0.07,-2.20,-0.09) goal=set tracking_setpoint_enu=(0.33,-2.52,0.69) setpoint_ned=none yaw(desired/cmd/rate)=(0.00/0.00/0.00) cross_track=0.00 frame_id=px4_ned path_points=20 odom_source=/race/odom cloud_source=/saved_map mavros_connected=true
[race_ego_trajectory_bridge-12] [INFO] [1786827118.834970242] [race_ego_trajectory_bridge]: [EGO_OCCUPANCY_MAP] topic=/race/ego/cloud frame=map raw_points=16906 map_age=0.008
[ego_planner_node-10] [FSM]: from EXEC_TRAJ to REPLAN_TRAJ
[ego_planner_node-10] [INFO] [1786827118.879252204] [ego_planner]: [EGO_REFERENCE_PREFIX_TRIM] original_points=15 trimmed_points=13 projection_segment=2 projection_ratio=0.328018 discarded_length=0.127177 remaining_length=0.583599 valid=true
[ego_planner_node-10] [INFO] [1786827118.880203132] [ego_planner]: [PARAMETERIZATION_INPUT] sample_count=7 sample_path_length=0.588689092 sample_progress_monotonic=true sample_self_intersection=false ts=0.216147815 start_P=(0.191400900,-2.206876003,0.691934003) start_V=(0.144239904,-0.002480236,0.000000000) start_A=(0.113580576,0.016016017,0.000000000) end_constraint=PVA initial_interval=0.216147815 final_interval=0.559818490
[ego_planner_node-10] [INFO] [1786827118.880249957] [ego_planner]: [PARAMETERIZATION_DIAGNOSIS] sample_order_valid=true time_monotonic=true ts_valid=true boundary_geometry_consistent=true attempts=6 output_samples=7 matrix_condition=2.038778051 max_control_jump=0.246148554 max_deviation=0.021024752 first_bad_control_point=6 backtrack_segments=0 self_intersections=0 max_heading_jump=0.012837180 feasible=true accepted=true exact_root_cause=FIXED_SAMPLE_COUNT_INTERVAL_SCALING_AMPLIFIED_DYNAMIC_BOUNDARY
[ego_planner_node-10] [INFO] [1786827118.880260265] [ego_planner]: [DYNAMIC_BOUNDARY_MAPPING] degree=3 knot_interval=0.559818490 P_mapping=(Q0+4Q1+Q2)/6 V_mapping=(Q2-Q0)/(2ts) A_mapping=(Q0-2Q1+Q2)/ts^2 units_correct=true sign_correct=true scale_correct=true start_position=(0.191400900,-2.206876003,0.691934003) start_velocity=(0.144239904,-0.002480236,0.000000000) start_acceleration=(0.113580576,0.016016017,0.000000000) q0=(0.122517996,-2.203814399,0.691934003) q1=(0.185468270,-2.207712565,0.691934003) q2=(0.284014326,-2.206591363,0.691934003)
[ego_planner_node-10] [INFO] [1786827118.880278972] [ego_planner]: [PREOPT_GEOMETRY_REGRESSION] seed_to_preopt_max_deviation=0.021024752 backtrack_segments=0 self_intersections=0 max_heading_jump=0.012837180 pass=true
[ego_planner_node-10] [INFO] [1786827118.880288676] [ego_planner]: [BSPLINE_START_BOUNDARY] degree=3 interval=0.559818490 position_hard=true velocity_hard=true acceleration_hard=true
[ego_planner_node-10] [47;30m
[ego_planner_node-10] [drone -1 replan 26]==============================================[0m
[ego_planner_node-10] [1;33mmulti-trajs=1[1;0m
[ego_planner_node-10] [INFO] [1786827118.885063902] [rebound_optimize]: [EGO_REBOUND_OPTIMIZATION] iterations=11 termination=0 max_obstacle_gradient_norm=0.000000000 obstacle_signal_nonzero=false success=true
[ego_planner_node-10] [INFO] [1786827118.885722065] [ego_planner]: [EGO_CANDIDATE_GENERATION_DEVIATION] preopt=0.021024752 postopt=0.030123208 preopt_backtrack=0 postopt_backtrack=0 preopt_self_intersections=0 postopt_self_intersections=0
[ego_planner_node-10] [INFO] [1786827118.885921758] [ego_planner]: [EGO_PUBLISH_GEOMETRY_GUARD] maximum_deviation=0.030123208 limit=0.800000000 limit_source=manager_default deviation_within_limit=true backtrack_segments=0 self_intersections=0 accepted=true
[ego_planner_node-10] [INFO] [1786827118.885953947] [ego_planner]: [HANDOVER_PRE_POST] preopt_position_error=0.000000000 preopt_velocity_error=0.000000000 preopt_acceleration_error=0.000000000 postopt_position_error=0.000000000 postopt_velocity_error=0.000000000 postopt_acceleration_error=0.000000000
[ego_planner_node-10] [INFO] [1786827118.886050382] [race_ego_planner]: [EGO_CANDIDATE_STAGED] candidate_id=27 active_id=26 active_local_goal_seq=4 candidate_local_goal_seq=4
[ego_planner_node-10] [32miter(+1)=11,time(ms)=0.101,total_t(ms)=0.103,cost=0.001
[ego_planner_node-10] [0mtraj 1 success.
[ego_planner_node-10] plan_success=1
[ego_planner_node-10] total time:[42m0.00646532[0m,optimize:0.00601984,refine:0.000445475,avg_time=0.0204969
[ego_planner_node-10] refine_success=1
[ego_planner_node-10] [INFO] [1786827118.886277927] [race_ego_planner]: [EGO_CANDIDATE_CLEARANCE_GATE] trajectory_id=27 candidate=NORMAL start_clearance=1.275 required_publish_clearance=0.340 planning_clearance=0.340 hard_clearance=0.290
[ego_planner_node-10] [INFO] [1786827118.887314339] [race_ego_planner]: [EGO_CANDIDATE_COMMIT] candidate_id=27 active_id=27 local_goal_seq=4 all_validations_passed=true
[ego_planner_node-10] [FSM]: from REPLAN_TRAJ to EXEC_TRAJ
[race_ego_trajectory_bridge-12] [INFO] [1786827118.888136552] [race_ego_trajectory_bridge]: [EGO_TRAJECTORY] trajectory_id=27 local_goal_seq=4 start_time=1786827118.888 points=169 duration=3.359 start=(0.191,-2.207,0.692) end=(0.760,-2.171,0.692) collision_free=true
[race_ego_trajectory_bridge-12] [INFO] [1786827118.888517698] [race_ego_trajectory_bridge]: [BRIDGE_CANDIDATE_COMMIT] trajectory_id=27 local_goal_seq=4 output_topic=/race/ego/validated_bspline
[ego_planner_node-10] [FSM]: state: EXEC_TRAJ
[race_ego_cloud_bridge-8] [INFO] [1786827119.035193124] [race_ego_cloud_bridge]: [EGO_STATIC_MAP_READY] topic=/saved_map frame=map points=11417 fused=true
[super_planner_ros2_node-6] [INFO] [1786827119.156286183] [super_planner_ros2_node]: [FINAL_GOAL_CHECK] global_goal_id=1 distance_to_final=0.997 speed=0.010 confirm=0/10 final_goal_reached=false
[race_ego_trajectory_bridge-12] [INFO] [1786827119.263789724] [race_ego_trajectory_bridge]: [SETPOINT_SOURCE] source=EGO trajectory_id=27 control_enabled=true position_enu=(0.253,-2.207,0.692)
[ego_planner_node-10] [FSM]: from EXEC_TRAJ to REPLAN_TRAJ
[ego_planner_node-10] [INFO] [1786827119.401512886] [ego_planner]: [EGO_REFERENCE_PREFIX_TRIM] original_points=15 trimmed_points=11 projection_segment=4 projection_ratio=0.063847 discarded_length=0.213969 remaining_length=0.496808 valid=true
[ego_planner_node-10] [INFO] [1786827119.402945293] [ego_planner]: [PARAMETERIZATION_INPUT] sample_count=7 sample_path_length=0.502350240 sample_progress_monotonic=true sample_self_intersection=false ts=0.184002829 start_P=(0.278192363,-2.205799181,0.691934003) start_V=(0.187324111,0.007098785,0.000000000) start_A=(0.053570803,0.021147175,0.000000000) end_constraint=PVA initial_interval=0.184002829 final_interval=0.517657590
[ego_planner_node-10] [INFO] [1786827119.403005267] [ego_planner]: [PARAMETERIZATION_DIAGNOSIS] sample_order_valid=true time_monotonic=true ts_valid=true boundary_geometry_consistent=true attempts=6 output_samples=7 matrix_condition=2.038778051 max_control_jump=0.211036217 max_deviation=0.021126929 first_bad_control_point=6 backtrack_segments=0 self_intersections=0 max_heading_jump=0.016124670 feasible=true accepted=true exact_root_cause=FIXED_SAMPLE_COUNT_INTERVAL_SCALING_AMPLIFIED_DYNAMIC_BOUNDARY
[ego_planner_node-10] [INFO] [1786827119.403015858] [ego_planner]: [DYNAMIC_BOUNDARY_MAPPING] degree=3 knot_interval=0.517657590 P_mapping=(Q0+4Q1+Q2)/6 V_mapping=(Q2-Q0)/(2ts) A_mapping=(Q0-2Q1+Q2)/ts^2 units_correct=true sign_correct=true scale_correct=true start_position=(0.278192363,-2.205799181,0.691934003) start_velocity=(0.187324111,0.007098785,0.000000000) start_acceleration=(0.053570803,0.021147175,0.000000000) q0=(0.186007727,-2.207584989,0.691934003) q1=(0.275799807,-2.206743647,0.691934003) q2=(0.379947222,-2.200235509,0.691934003)
[ego_planner_node-10] [INFO] [1786827119.403032083] [ego_planner]: [PREOPT_GEOMETRY_REGRESSION] seed_to_preopt_max_deviation=0.021126929 backtrack_segments=0 self_intersections=0 max_heading_jump=0.016124670 pass=true
[ego_planner_node-10] [INFO] [1786827119.403047336] [ego_planner]: [BSPLINE_START_BOUNDARY] degree=3 interval=0.517657590 position_hard=true velocity_hard=true acceleration_hard=true
[ego_planner_node-10] [47;30m
[ego_planner_node-10] [drone -1 replan 27]==============================================[0m
[ego_planner_node-10] [1;33mmulti-trajs=1[1;0m
[ego_planner_node-10] [INFO] [1786827119.403819779] [rebound_optimize]: [EGO_REBOUND_OPTIMIZATION] iterations=11 termination=0 max_obstacle_gradient_norm=0.000000000 obstacle_signal_nonzero=false success=true
[ego_planner_node-10] [32miter(+1)=11,time(ms)=0.073,total_t(ms)=0.074,cost=0.001
[ego_planner_node-10] [0mtraj 1 success.
[ego_planner_node-10] plan_success=1
[ego_planner_node-10] [INFO] [1786827119.404132522] [ego_planner]: [EGO_CANDIDATE_GENERATION_DEVIATION] preopt=0.021126929 postopt=0.025822227 preopt_backtrack=0 postopt_backtrack=0 preopt_self_intersections=0 postopt_self_intersections=0
[ego_planner_node-10] [INFO] [1786827119.404276247] [ego_planner]: [EGO_PUBLISH_GEOMETRY_GUARD] maximum_deviation=0.025822227 limit=0.800000000 limit_source=manager_default deviation_within_limit=true backtrack_segments=0 self_intersections=0 accepted=true
[ego_planner_node-10] [INFO] [1786827119.404284201] [ego_planner]: [HANDOVER_PRE_POST] preopt_position_error=0.000000000 preopt_velocity_error=0.000000000 preopt_acceleration_error=0.000000000 postopt_position_error=0.000000000 postopt_velocity_error=0.000000000 postopt_acceleration_error=0.000000000
[ego_planner_node-10] [INFO] [1786827119.404304546] [race_ego_planner]: [EGO_CANDIDATE_STAGED] candidate_id=28 active_id=27 active_local_goal_seq=4 candidate_local_goal_seq=4
[ego_planner_node-10] total time:[42m0.00262824[0m,optimize:0.00233173,refine:0.000296518,avg_time=0.0198588
[ego_planner_node-10] refine_success=1
[ego_planner_node-10] [INFO] [1786827119.404401772] [race_ego_planner]: [EGO_CANDIDATE_CLEARANCE_GATE] trajectory_id=28 candidate=NORMAL start_clearance=1.271 required_publish_clearance=0.340 planning_clearance=0.340 hard_clearance=0.290
[ego_planner_node-10] [INFO] [1786827119.406615364] [race_ego_planner]: [EGO_CANDIDATE_COMMIT] candidate_id=28 active_id=28 local_goal_seq=4 all_validations_passed=true
[ego_planner_node-10] [FSM]: from REPLAN_TRAJ to EXEC_TRAJ
[race_ego_trajectory_bridge-12] [INFO] [1786827119.407168798] [race_ego_trajectory_bridge]: [EGO_TRAJECTORY] trajectory_id=28 local_goal_seq=4 start_time=1786827119.407 points=157 duration=3.106 start=(0.278,-2.206,0.692) end=(0.757,-2.173,0.692) collision_free=true
[race_ego_trajectory_bridge-12] [INFO] [1786827119.407481928] [race_ego_trajectory_bridge]: [BRIDGE_CANDIDATE_COMMIT] trajectory_id=28 local_goal_seq=4 output_topic=/race/ego/validated_bspline
[offboard_waypoint_node-1] [INFO] [1786827119.470436847] [offboard_waypoint_node]: [CONTROL_ARBITER] selected_source=pilot_override state=MANUAL_OVERRIDE
[race_ego_cloud_bridge-8] [INFO] [1786827119.631158831] [race_ego_cloud_bridge]: [EGO_MAP_FUSION] static_points=11417 live_raw_points=14722 confirmed_live_voxels=5122 min_observations=2 memory_sec=1.00 fused_points=16539
[race_ego_cloud_bridge-8] [INFO] [1786827119.636003160] [race_ego_cloud_bridge]: [EGO_MAP_INPUT] topic=/race/ego/cloud frame=map points=16539 source=static_live_px4 refresh_period=0.00s
[super_planner_ros2_node-6] [INFO] [1786827119.702742299] [super_planner_ros2_node]: [FINAL_GOAL_CHECK] global_goal_id=1 distance_to_final=0.997 speed=0.018 confirm=0/10 final_goal_reached=false
[super_planner_ros2_node-6] [INFO] [1786827119.837883189] [super_planner_ros2_node]: SUPER_ROS2 mode=FOLLOWING enable_output=false reason=GLOBAL_PATH_TO_EGO odom=(0.07,-2.19,-0.09) goal=set tracking_setpoint_enu=(0.33,-2.52,0.69) setpoint_ned=none yaw(desired/cmd/rate)=(0.00/0.00/0.00) cross_track=0.00 frame_id=px4_ned path_points=20 odom_source=/race/odom cloud_source=/saved_map mavros_connected=true
[ego_planner_node-10] [FSM]: from EXEC_TRAJ to REPLAN_TRAJ
[ego_planner_node-10] [WARN] [1786827119.975145028] [race_ego_planner]: [EGO_REPLAN_ODOM_DIVERGENCE] predicted_start=(0.389,-2.199,0.692) odom_start=(0.068,-2.195,-0.095) horizontal_error=0.322 base_threshold=0.250 effective_threshold=0.251 horizontal_speed=0.016 reason=TRACKING_DIVERGENCE
[ego_planner_node-10] [INFO] [1786827119.975323773] [race_ego_planner]: [EGO_REPLAN_REANCHOR_REFERENCE] start=(0.068,-2.195,0.692) points=16 trimmed_prefix=0.000 connector_safe=true
[ego_planner_node-10] [WARN] [1786827119.975367491] [race_ego_planner]: [EGO_REPLAN_REANCHOR] source=odom horizontal_error=0.322 base_threshold=0.250 effective_threshold=0.251 start=(0.068,-2.195,-0.095) velocity=(0.012,-0.010,-0.008) reason=TRACKING_DIVERGENCE
[ego_planner_node-10] [INFO] [1786827119.977700802] [ego_planner]: [EGO_REFERENCE_PREFIX_TRIM] original_points=16 trimmed_points=16 projection_segment=0 projection_ratio=0.000000 discarded_length=0.000000 remaining_length=0.711083 valid=true
[ego_planner_node-10] [INFO] [1786827119.979165073] [ego_planner]: [PARAMETERIZATION_INPUT] sample_count=7 sample_path_length=0.709077287 sample_progress_monotonic=true sample_self_intersection=false ts=0.263364172 start_P=(0.067680816,-2.195163701,0.691934003) start_V=(0.011648972,-0.010254432,0.000000000) start_A=(0.000000000,0.000000000,0.000000000) end_constraint=PVA initial_interval=0.263364172 final_interval=0.611732776
[ego_planner_node-10] [INFO] [1786827119.979225561] [ego_planner]: [PARAMETERIZATION_DIAGNOSIS] sample_order_valid=true time_monotonic=true ts_valid=true boundary_geometry_consistent=true attempts=5 output_samples=7 matrix_condition=2.038778051 max_control_jump=0.293547480 max_deviation=0.009792024 first_bad_control_point=6 backtrack_segments=0 self_intersections=0 max_heading_jump=0.036975699 feasible=true accepted=true exact_root_cause=FIXED_SAMPLE_COUNT_INTERVAL_SCALING_AMPLIFIED_DYNAMIC_BOUNDARY
[ego_planner_node-10] [INFO] [1786827119.979240606] [ego_planner]: [DYNAMIC_BOUNDARY_MAPPING] degree=3 knot_interval=0.611732776 P_mapping=(Q0+4Q1+Q2)/6 V_mapping=(Q2-Q0)/(2ts) A_mapping=(Q0-2Q1+Q2)/ts^2 units_correct=true sign_correct=true scale_correct=true start_position=(0.067680816,-2.195163701,0.691934003) start_velocity=(0.011648972,-0.010254432,0.000000000) start_acceleration=(0.000000000,0.000000000,0.000000000) q0=(0.060554758,-2.188890728,0.691934003) q1=(0.067680816,-2.195163701,0.691934003) q2=(0.074806874,-2.201436673,0.691934003)
[ego_planner_node-10] [INFO] [1786827119.979259600] [ego_planner]: [PREOPT_GEOMETRY_REGRESSION] seed_to_preopt_max_deviation=0.009792024 backtrack_segments=0 self_intersections=0 max_heading_jump=0.036975699 pass=true
[ego_planner_node-10] [INFO] [1786827119.979273596] [ego_planner]: [BSPLINE_START_BOUNDARY] degree=3 interval=0.611732776 position_hard=true velocity_hard=true acceleration_hard=true
[ego_planner_node-10] [47;30m
[ego_planner_node-10] [drone -1 replan 28]==============================================[0m
[ego_planner_node-10] [1;33mmulti-trajs=1[1;0m
[ego_planner_node-10] [INFO] [1786827119.980720410] [rebound_optimize]: [EGO_REBOUND_OPTIMIZATION] iterations=16 termination=0 max_obstacle_gradient_norm=0.000000000 obstacle_signal_nonzero=false success=true
[ego_planner_node-10] [32miter(+1)=16,time(ms)=0.267,total_t(ms)=0.269,cost=0.004
[ego_planner_node-10] [0mtraj 1 success.
[ego_planner_node-10] plan_success=1
[ego_planner_node-10] [INFO] [1786827119.981700337] [ego_planner]: [EGO_CANDIDATE_GENERATION_DEVIATION] preopt=0.009792024 postopt=0.031677491 preopt_backtrack=0 postopt_backtrack=0 preopt_self_intersections=0 postopt_self_intersections=0
[ego_planner_node-10] [INFO] [1786827119.982102095] [ego_planner]: [EGO_PUBLISH_GEOMETRY_GUARD] maximum_deviation=0.031677491 limit=0.800000000 limit_source=manager_default deviation_within_limit=true backtrack_segments=0 self_intersections=0 accepted=true
[ego_planner_node-10] [INFO] [1786827119.982134191] [ego_planner]: [HANDOVER_PRE_POST] preopt_position_error=0.000000000 preopt_velocity_error=0.000000000 preopt_acceleration_error=0.000000000 postopt_position_error=0.000000000 postopt_velocity_error=0.000000000 postopt_acceleration_error=0.000000000
[ego_planner_node-10] [INFO] [1786827119.982181770] [race_ego_planner]: [EGO_CANDIDATE_STAGED] candidate_id=29 active_id=28 active_local_goal_seq=4 candidate_local_goal_seq=4
[ego_planner_node-10] [INFO] [1786827119.982344644] [race_ego_planner]: [EGO_CANDIDATE_CLEARANCE_GATE] trajectory_id=29 candidate=NORMAL start_clearance=1.305 required_publish_clearance=0.340 planning_clearance=0.340 hard_clearance=0.290
[ego_planner_node-10] total time:[42m0.00559967[0m,optimize:0.00465141,refine:0.000948261,avg_time=0.0193671
[ego_planner_node-10] refine_success=1
[ego_planner_node-10] [INFO] [1786827119.983607022] [race_ego_planner]: [EGO_CANDIDATE_COMMIT] candidate_id=29 active_id=29 local_goal_seq=4 all_validations_passed=true
[ego_planner_node-10] [FSM]: from REPLAN_TRAJ to EXEC_TRAJ
[race_ego_trajectory_bridge-12] [INFO] [1786827119.986188545] [race_ego_trajectory_bridge]: [EGO_TRAJECTORY] trajectory_id=29 local_goal_seq=4 start_time=1786827119.986 points=185 duration=3.670 start=(0.068,-2.195,0.692) end=(0.732,-2.184,0.692) collision_free=true
[race_ego_trajectory_bridge-12] [ERROR] [1786827119.986348022] [race_ego_trajectory_bridge]: [BRIDGE_SWITCH_REJECTED] candidate_id=29 active_id=28 errors=(position=0.323 velocity=0.185 acceleration=0.025) limits=(0.100 0.100 0.200); hold measured position and replan
[race_ego_trajectory_bridge-12] [INFO] [1786827119.986508690] [race_ego_trajectory_bridge]: [EGO_STATUS] state=REPLAN_SWITCH_DISCONTINUITY control_enabled=true map=ready odom=ready goal=ready trajectory=ready
[fastlio_bridge_node-2] [INFO] [1786827120.000531528] [fastlio_bridge_node]: 已桥接并转换里程计: ENU(0.07, -2.20, -0.10) -> NED(-2.20, 0.07, 0.10)
[fastlio_bridge_node-2] [INFO] [1786827120.007516666] [fastlio_bridge_node]: 已桥接并转换里程计: ENU(0.07, -2.20, -0.10) -> NED(-2.20, 0.07, 0.10)
[fastlio_bridge_node-2] [INFO] [1786827120.013948651] [fastlio_bridge_node]: 已桥接并转换里程计: ENU(0.07, -2.20, -0.10) -> NED(-2.20, 0.07, 0.10)
[fastlio_bridge_node-2] [INFO] [1786827120.019122045] [fastlio_bridge_node]: 已桥接并转换里程计: ENU(0.07, -2.20, -0.10) -> NED(-2.20, 0.07, 0.10)
[fastlio_bridge_node-2] [INFO] [1786827120.019905313] [fastlio_bridge_node]: 已桥接并转换里程计: ENU(0.07, -2.20, -0.10) -> NED(-2.20, 0.07, 0.10)
[fastlio_bridge_node-2] [INFO] [1786827120.023968342] [fastlio_bridge_node]: 已桥接并转换里程计: ENU(0.07, -2.20, -0.10) -> NED(-2.20, 0.07, 0.10)
[fastlio_bridge_node-2] [INFO] [1786827120.033521707] [fastlio_bridge_node]: 已桥接并转换里程计: ENU(0.07, -2.20, -0.10) -> NED(-2.20, 0.07, 0.10)
[fastlio_bridge_node-2] [INFO] [1786827120.036846406] [fastlio_bridge_node]: 已桥接并转换里程计: ENU(0.07, -2.20, -0.10) -> NED(-2.20, 0.07, 0.10)
[fastlio_bridge_node-2] [INFO] [1786827120.043577060] [fastlio_bridge_node]: 已桥接并转换里程计: ENU(0.07, -2.20, -0.10) -> NED(-2.20, 0.07, 0.10)
[race_ego_trajectory_bridge-12] [INFO] [1786827120.048559499] [race_ego_trajectory_bridge]: [EGO_STATUS] state=PLANNING_HOLD control_enabled=true map=ready odom=ready goal=ready trajectory=ready
[fastlio_bridge_node-2] [INFO] [1786827120.049428670] [fastlio_bridge_node]: 已桥接并转换里程计: ENU(0.07, -2.20, -0.10) -> NED(-2.20, 0.07, 0.10)
[fastlio_bridge_node-2] [INFO] [1786827120.056010590] [fastlio_bridge_node]: 已桥接并转换里程计: ENU(0.07, -2.20, -0.10) -> NED(-2.20, 0.07, 0.10)
[fastlio_bridge_node-2] [INFO] [1786827120.058932962] [fastlio_bridge_node]: 已桥接并转换里程计: ENU(0.07, -2.20, -0.10) -> NED(-2.20, 0.07, 0.10)
[fastlio_bridge_node-2] [INFO] [1786827120.065405721] [fastlio_bridge_node]: 已桥接并转换里程计: ENU(0.07, -2.20, -0.10) -> NED(-2.20, 0.07, 0.10)
[fastlio_bridge_node-2] [INFO] [1786827120.071045680] [fastlio_bridge_node]: 已桥接并转换里程计: ENU(0.07, -2.20, -0.10) -> NED(-2.20, 0.07, 0.10)
[fastlio_bridge_node-2] [INFO] [1786827120.071773243] [fastlio_bridge_node]: 已桥接并转换里程计: ENU(0.07, -2.20, -0.10) -> NED(-2.20, 0.07, 0.10)
[fastlio_bridge_node-2] [INFO] [1786827120.075409244] [fastlio_bridge_node]: 已桥接并转换里程计: ENU(0.07, -2.20, -0.10) -> NED(-2.20, 0.07, 0.10)
[fastlio_bridge_node-2] [INFO] [1786827120.078862771] [fastlio_bridge_node]: 已桥接并转换里程计: ENU(0.07, -2.20, -0.10) -> NED(-2.20, 0.07, 0.10)
[fastlio_bridge_node-2] [INFO] [1786827120.092461652] [fastlio_bridge_node]: 已桥接并转换里程计: ENU(0.07, -2.20, -0.10) -> NED(-2.20, 0.07, 0.10)
[ego_planner_node-10] [FSM]: state: EXEC_TRAJ
[super_planner_ros2_node-6] [INFO] [1786827120.202824622] [super_planner_ros2_node]: [FINAL_GOAL_CHECK] global_goal_id=1 distance_to_final=0.996 speed=0.014 confirm=0/10 final_goal_reached=false
[ego_planner_node-10] [FSM]: from EXEC_TRAJ to REPLAN_TRAJ
[ego_planner_node-10] [INFO] [1786827120.497639365] [ego_planner]: [EGO_REFERENCE_PREFIX_TRIM] original_points=16 trimmed_points=15 projection_segment=1 projection_ratio=0.112935 discarded_length=0.007184 remaining_length=0.703899 valid=true
[ego_planner_node-10] [INFO] [1786827120.498461102] [ego_planner]: [PARAMETERIZATION_INPUT] sample_count=7 sample_path_length=0.701024799 sample_progress_monotonic=true sample_self_intersection=false ts=0.260703477 start_P=(0.076807703,-2.200303974,0.691934003) start_V=(0.029821359,-0.009407988,0.000000000) start_A=(0.070509952,0.003284255,0.000000000) end_constraint=PVA initial_interval=0.260703477 final_interval=0.609779848
[ego_planner_node-10] [INFO] [1786827120.498500118] [ego_planner]: [PARAMETERIZATION_DIAGNOSIS] sample_order_valid=true time_monotonic=true ts_valid=true boundary_geometry_consistent=true attempts=5 output_samples=7 matrix_condition=2.038778051 max_control_jump=0.291947619 max_deviation=0.012668936 first_bad_control_point=6 backtrack_segments=0 self_intersections=0 max_heading_jump=0.013135746 feasible=true accepted=true exact_root_cause=FIXED_SAMPLE_COUNT_INTERVAL_SCALING_AMPLIFIED_DYNAMIC_BOUNDARY
[ego_planner_node-10] [INFO] [1786827120.498572592] [ego_planner]: [DYNAMIC_BOUNDARY_MAPPING] degree=3 knot_interval=0.609779848 P_mapping=(Q0+4Q1+Q2)/6 V_mapping=(Q2-Q0)/(2ts) A_mapping=(Q0-2Q1+Q2)/ts^2 units_correct=true sign_correct=true scale_correct=true start_position=(0.076807703,-2.200303974,0.691934003) start_velocity=(0.029821359,-0.009407988,0.000000000) start_acceleration=(0.070509952,0.003284255,0.000000000) q0=(0.067362512,-2.194160110,0.691934003) q1=(0.072438067,-2.200507506,0.691934003) q2=(0.103731440,-2.205633713,0.691934003)
[ego_planner_node-10] [INFO] [1786827120.498591109] [ego_planner]: [PREOPT_GEOMETRY_REGRESSION] seed_to_preopt_max_deviation=0.012668936 backtrack_segments=0 self_intersections=0 max_heading_jump=0.013135746 pass=true
[ego_planner_node-10] [INFO] [1786827120.498606829] [ego_planner]: [BSPLINE_START_BOUNDARY] degree=3 interval=0.609779848 position_hard=true velocity_hard=true acceleration_hard=true
[ego_planner_node-10] [47;30m
[ego_planner_node-10] [drone -1 replan 29]==============================================[0m
[ego_planner_node-10] [1;33mmulti-trajs=1[1;0m
[ego_planner_node-10] [INFO] [1786827120.499659771] [rebound_optimize]: [EGO_REBOUND_OPTIMIZATION] iterations=17 termination=0 max_obstacle_gradient_norm=0.000000000 obstacle_signal_nonzero=false success=true
[ego_planner_node-10] [32miter(+1)=17,time(ms)=0.120,total_t(ms)=0.122,cost=0.001
[ego_planner_node-10] [0mtraj 1 success.
[ego_planner_node-10] plan_success=1
[ego_planner_node-10] [INFO] [1786827120.500103734] [ego_planner]: [EGO_CANDIDATE_GENERATION_DEVIATION] preopt=0.012668936 postopt=0.034240862 preopt_backtrack=0 postopt_backtrack=0 preopt_self_intersections=0 postopt_self_intersections=0
[ego_planner_node-10] [INFO] [1786827120.500285317] [ego_planner]: [EGO_PUBLISH_GEOMETRY_GUARD] maximum_deviation=0.034240862 limit=0.800000000 limit_source=manager_default deviation_within_limit=true backtrack_segments=0 self_intersections=0 accepted=true
[ego_planner_node-10] [INFO] [1786827120.500293628] [ego_planner]: [HANDOVER_PRE_POST] preopt_position_error=0.000000000 preopt_velocity_error=0.000000000 preopt_acceleration_error=0.000000000 postopt_position_error=0.000000000 postopt_velocity_error=0.000000000 postopt_acceleration_error=0.000000000
[ego_planner_node-10] [INFO] [1786827120.500317991] [race_ego_planner]: [EGO_CANDIDATE_STAGED] candidate_id=30 active_id=29 active_local_goal_seq=4 candidate_local_goal_seq=4
[ego_planner_node-10] [INFO] [1786827120.500417117] [race_ego_planner]: [EGO_CANDIDATE_CLEARANCE_GATE] trajectory_id=30 candidate=NORMAL start_clearance=1.309 required_publish_clearance=0.340 planning_clearance=0.340 hard_clearance=0.290
[ego_planner_node-10] total time:[42m0.00247559[0m,optimize:0.0020529,refine:0.000422691,avg_time=0.018804
[ego_planner_node-10] refine_success=1
[ego_planner_node-10] [INFO] [1786827120.501298118] [race_ego_planner]: [EGO_CANDIDATE_COMMIT] candidate_id=30 active_id=30 local_goal_seq=4 all_validations_passed=true
[ego_planner_node-10] [FSM]: from REPLAN_TRAJ to EXEC_TRAJ
[race_ego_trajectory_bridge-12] [INFO] [1786827120.504293698] [race_ego_trajectory_bridge]: [EGO_TRAJECTORY] trajectory_id=30 local_goal_seq=4 start_time=1786827120.504 points=184 duration=3.659 start=(0.077,-2.200,0.692) end=(0.751,-2.186,0.692) collision_free=true
[race_ego_trajectory_bridge-12] [INFO] [1786827120.504438438] [race_ego_trajectory_bridge]: [BRIDGE_REANCHOR_WAIT] candidate_id=30 horizontal_speed=0.009 limit=0.080
[offboard_waypoint_node-1] [INFO] [1786827120.517826520] [offboard_waypoint_node]: [CONTROL_ARBITER] selected_source=pilot_override state=MANUAL_OVERRIDE
[ego_planner_node-10] [INFO] [1786827120.639524742] [race_ego_planner]: [EGO_OCCUPANCY_UPDATE] input_topic=grid_map/cloud input_frame=map occupancy_frame=map cloud_points=16730 local_points=9785 occupied_voxels=26786 camera=(0.066,-2.196,-0.094) local_index_bounds=[(47,30,0),(117,114,8)]
[race_ego_trajectory_bridge-12] [WARN] [1786827120.645457157] [race_ego_trajectory_bridge]: [BRIDGE_REPLAN_READY] token=4 position=(0.066,-2.196,0.692) horizontal_speed=0.012 stable_sec=0.599
[ego_planner_node-10] [BRIDGE_READY]: from EXEC_TRAJ to REPLAN_TRAJ
[ego_planner_node-10] [WARN] [1786827120.646037355] [race_ego_planner]: [EGO_REPLAN_READY_ACCEPTED] token=4 source=bridge_switch start=latest_odom
[ego_planner_node-10] [INFO] [1786827120.650287779] [ego_planner]: [EGO_REFERENCE_PREFIX_TRIM] original_points=16 trimmed_points=16 projection_segment=0 projection_ratio=0.449766 discarded_length=0.000145 remaining_length=0.710939 valid=true
[ego_planner_node-10] [INFO] [1786827120.651108711] [ego_planner]: [PARAMETERIZATION_INPUT] sample_count=7 sample_path_length=0.711258271 sample_progress_monotonic=true sample_self_intersection=false ts=0.263310573 start_P=(0.065622061,-2.196053901,0.691934003) start_V=(-0.003820990,-0.009875756,0.000000000) start_A=(0.000000000,0.000000000,0.000000000) end_constraint=PVA initial_interval=0.263310573 final_interval=0.617341992
[ego_planner_node-10] [INFO] [1786827120.651141756] [ego_planner]: [PARAMETERIZATION_DIAGNOSIS] sample_order_valid=true time_monotonic=true ts_valid=true boundary_geometry_consistent=false attempts=5 output_samples=7 matrix_condition=2.038778051 max_control_jump=0.297005858 max_deviation=0.009482994 first_bad_control_point=3 backtrack_segments=0 self_intersections=0 max_heading_jump=0.144193783 feasible=true accepted=true exact_root_cause=FIXED_SAMPLE_COUNT_INTERVAL_SCALING_AMPLIFIED_DYNAMIC_BOUNDARY
[ego_planner_node-10] [INFO] [1786827120.651205523] [ego_planner]: [DYNAMIC_BOUNDARY_MAPPING] degree=3 knot_interval=0.617341992 P_mapping=(Q0+4Q1+Q2)/6 V_mapping=(Q2-Q0)/(2ts) A_mapping=(Q0-2Q1+Q2)/ts^2 units_correct=true sign_correct=true scale_correct=true start_position=(0.065622061,-2.196053901,0.691934003) start_velocity=(-0.003820990,-0.009875756,0.000000000) start_acceleration=(0.000000000,0.000000000,0.000000000) q0=(0.067980918,-2.189957182,0.691934003) q1=(0.065622061,-2.196053901,0.691934003) q2=(0.063263203,-2.202150621,0.691934003)
[ego_planner_node-10] [INFO] [1786827120.651218260] [ego_planner]: [PREOPT_GEOMETRY_REGRESSION] seed_to_preopt_max_deviation=0.009482994 backtrack_segments=0 self_intersections=0 max_heading_jump=0.144193783 pass=true
[ego_planner_node-10] [INFO] [1786827120.651224886] [ego_planner]: [BSPLINE_START_BOUNDARY] degree=3 interval=0.617341992 position_hard=true velocity_hard=true acceleration_hard=true
[ego_planner_node-10] [INFO] [1786827120.652119490] [rebound_optimize]: [EGO_REBOUND_OPTIMIZATION] iterations=24 termination=0 max_obstacle_gradient_norm=0.000000000 obstacle_signal_nonzero=false success=true
[ego_planner_node-10] [47;30m
[ego_planner_node-10] [drone -1 replan 30]==============================================[0m
[ego_planner_node-10] [1;33mmulti-trajs=1[1;0m
[ego_planner_node-10] [32miter(+1)=24,time(ms)=0.194,total_t(ms)=0.196,cost=0.001
[ego_planner_node-10] [0mtraj 1 success.
[ego_planner_node-10] plan_success=1
[ego_planner_node-10] [INFO] [1786827120.652558919] [ego_planner]: [EGO_CANDIDATE_GENERATION_DEVIATION] preopt=0.009482994 postopt=0.029637703 preopt_backtrack=0 postopt_backtrack=0 preopt_self_intersections=0 postopt_self_intersections=0
[ego_planner_node-10] [INFO] [1786827120.652740802] [ego_planner]: [EGO_PUBLISH_GEOMETRY_GUARD] maximum_deviation=0.029637703 limit=0.800000000 limit_source=manager_default deviation_within_limit=true backtrack_segments=0 self_intersections=0 accepted=true
[ego_planner_node-10] [INFO] [1786827120.652748083] [ego_planner]: [HANDOVER_PRE_POST] preopt_position_error=0.000000000 preopt_velocity_error=0.000000000 preopt_acceleration_error=0.000000000 postopt_position_error=0.000000000 postopt_velocity_error=0.000000000 postopt_acceleration_error=0.000000000
[ego_planner_node-10] [INFO] [1786827120.652791878] [race_ego_planner]: [EGO_CANDIDATE_STAGED] candidate_id=31 active_id=30 active_local_goal_seq=4 candidate_local_goal_seq=4
[ego_planner_node-10] [INFO] [1786827120.652956076] [race_ego_planner]: [EGO_CANDIDATE_CLEARANCE_GATE] trajectory_id=31 candidate=NORMAL start_clearance=1.303 required_publish_clearance=0.340 planning_clearance=0.340 hard_clearance=0.290
[ego_planner_node-10] total time:[42m0.00226756[0m,optimize:0.00186156,refine:0.000406,avg_time=0.0182706
[ego_planner_node-10] refine_success=1
[ego_planner_node-10] [INFO] [1786827120.654267478] [race_ego_planner]: [EGO_CANDIDATE_COMMIT] candidate_id=31 active_id=31 local_goal_seq=4 all_validations_passed=true
[ego_planner_node-10] [FSM]: from REPLAN_TRAJ to EXEC_TRAJ
[race_ego_trajectory_bridge-12] [INFO] [1786827120.655424059] [race_ego_trajectory_bridge]: [EGO_TRAJECTORY] trajectory_id=31 local_goal_seq=4 start_time=1786827120.655 points=187 duration=3.704 start=(0.066,-2.196,0.692) end=(0.775,-2.175,0.692) collision_free=true
[race_ego_trajectory_bridge-12] [WARN] [1786827120.655600463] [race_ego_trajectory_bridge]: [BRIDGE_TRAJECTORY_REBASED] trajectory_id=31 old_start=1786827120.653 new_start=1786827120.656 reason=measured_position_hold
[race_ego_trajectory_bridge-12] [INFO] [1786827120.655967818] [race_ego_trajectory_bridge]: [BRIDGE_CANDIDATE_COMMIT] trajectory_id=31 local_goal_seq=4 output_topic=/race/ego/validated_bspline
[race_ego_trajectory_bridge-12] [INFO] [1786827120.656073010] [race_ego_trajectory_bridge]: [EGO_STATUS] state=TRACKING control_enabled=true map=ready odom=ready goal=ready trajectory=ready
[race_ego_trajectory_bridge-12] [INFO] [1786827120.663131609] [race_ego_trajectory_bridge]: [SETPOINT_SOURCE] source=EGO trajectory_id=31 control_enabled=true position_enu=(0.066,-2.196,0.692)
[super_planner_ros2_node-6] [INFO] [1786827120.703172887] [super_planner_ros2_node]: [FINAL_GOAL_CHECK] global_goal_id=1 distance_to_final=0.997 speed=0.011 confirm=0/10 final_goal_reached=false
[offboard_waypoint_node-1] [WARN] [1786827120.704361782] [offboard_waypoint_node]: [FLIGHT_ALTITUDE_REFERENCE_RESET] flight_id=1 reason=vehicle disarmed
[race_ego_goal_bridge-9] [WARN] [1786827120.704482011] [race_ego_goal_bridge]: [GOAL_BRIDGE_HANDOVER_RESET] vehicle disarmed; next flight must pass the takeoff gate
[race_ego_trajectory_bridge-12] [INFO] [1786827120.704575612] [race_ego_trajectory_bridge]: [EGO_STATUS] state=WAIT_ALTITUDE_REFERENCE control_enabled=true map=ready odom=ready goal=missing trajectory=missing
[super_planner_ros2_node-6] [INFO] [1786827120.704842596] [super_planner_ros2_node]: [SUPER_TAKEOFF_PATH_RESET] vehicle disarmed; next flight must release the takeoff path
[super_planner_ros2_node-6] [WARN] [1786827120.704929933] [super_planner_ros2_node]: [SUPER_ALTITUDE_REFERENCE_RESET] flight_id=1
[race_ego_trajectory_bridge-12] [WARN] [1786827120.714380430] [race_ego_trajectory_bridge]: Reject unvalidated PositionCommand trajectory_id=31 validated_trajectory_id=-1
[race_ego_trajectory_bridge-12] [INFO] [1786827120.850084619] [race_ego_trajectory_bridge]: [EGO_OCCUPANCY_MAP] topic=/race/ego/cloud frame=map raw_points=16710 map_age=0.023
[super_planner_ros2_node-6] [INFO] [1786827120.853296972] [super_planner_ros2_node]: SUPER_ROS2 mode=IDLE enable_output=false reason=WAIT_ALTITUDE_REFERENCE odom=(0.07,-2.20,-0.09) goal=none tracking_setpoint_enu=(0.07,-2.20,-0.09) setpoint_ned=none yaw(desired/cmd/rate)=(0.00/0.00/0.00) cross_track=0.00 frame_id=px4_ned path_points=20 odom_source=/race/odom cloud_source=/saved_map mavros_connected=true
[race_ego_cloud_bridge-8] [INFO] [1786827121.033609801] [race_ego_cloud_bridge]: [EGO_STATIC_MAP_READY] topic=/saved_map frame=map points=11417 fused=true
[ego_planner_node-10] [FSM]: from EXEC_TRAJ to REPLAN_TRAJ
[ego_planner_node-10] [INFO] [1786827121.167258776] [ego_planner]: [BSPLINE_START_BOUNDARY] degree=3 interval=0.277777778 position_hard=true velocity_hard=true acceleration_hard=true
[ego_planner_node-10] [47;30m
[ego_planner_node-10] [drone -1 replan 31]==============================================[0m
[ego_planner_node-10] [1;33mmulti-trajs=1[1;0m
[ego_planner_node-10] [INFO] [1786827121.168623317] [rebound_optimize]: [EGO_REBOUND_OPTIMIZATION] iterations=39 termination=0 max_obstacle_gradient_norm=0.000000000 obstacle_signal_nonzero=false success=true
[ego_planner_node-10] [INFO] [1786827121.168689618] [ego_planner]: [HANDOVER_PRE_POST] preopt_position_error=0.000000000 preopt_velocity_error=0.000000000 preopt_acceleration_error=0.000000000 postopt_position_error=0.000000000 postopt_velocity_error=0.000000000 postopt_acceleration_error=0.000000000
[ego_planner_node-10] [INFO] [1786827121.168727968] [race_ego_planner]: [EGO_CANDIDATE_STAGED] candidate_id=32 active_id=31 active_local_goal_seq=4 candidate_local_goal_seq=4
[ego_planner_node-10] [INFO] [1786827121.168819300] [race_ego_planner]: [EGO_CANDIDATE_CLEARANCE_GATE] trajectory_id=32 candidate=NORMAL start_clearance=1.302 required_publish_clearance=0.340 planning_clearance=0.340 hard_clearance=0.290
[ego_planner_node-10] [32miter(+1)=39,time(ms)=0.509,total_t(ms)=0.513,cost=0.005
[ego_planner_node-10] [0mtraj 1 success.
[ego_planner_node-10] plan_success=1
[ego_planner_node-10] total time:[42m0.00155806[0m,optimize:0.00155353,refine:4.52e-06,avg_time=0.0177483
[ego_planner_node-10] refine_success=1
[ego_planner_node-10] [INFO] [1786827121.169349528] [race_ego_planner]: [EGO_CANDIDATE_COMMIT] candidate_id=32 active_id=32 local_goal_seq=4 all_validations_passed=true
[ego_planner_node-10] [FSM]: from REPLAN_TRAJ to EXEC_TRAJ
[race_ego_trajectory_bridge-12] [INFO] [1786827121.174242358] [race_ego_trajectory_bridge]: [EGO_TRAJECTORY] trajectory_id=32 local_goal_seq=4 start_time=1786827121.174 points=85 duration=1.667 start=(0.066,-2.201,0.750) end=(0.757,-2.176,0.750) collision_free=true
[race_ego_trajectory_bridge-12] [INFO] [1786827121.174471998] [race_ego_trajectory_bridge]: [BRIDGE_CANDIDATE_COMMIT] trajectory_id=32 local_goal_seq=4 output_topic=/race/ego/validated_bspline
[race_ego_trajectory_bridge-12] [INFO] [1786827121.174514082] [race_ego_trajectory_bridge]: [EGO_STATUS] state=TRACKING control_enabled=true map=ready odom=ready goal=missing trajectory=ready
[race_ego_trajectory_bridge-12] [INFO] [1786827121.183588081] [race_ego_trajectory_bridge]: [EGO_STATUS] state=WAIT_ALTITUDE_REFERENCE control_enabled=true map=ready odom=ready goal=missing trajectory=ready
[ego_planner_node-10] [FSM]: state: EXEC_TRAJ
[ego_planner_node-10] wait for goal or trigger.
[rviz2-13] [INFO] [1786827121.344590543] [rviz2]: Message Filter dropping message: frame 'odom' at time 1786827120.180 for reason 'discarding message because the queue is full'
[offboard_waypoint_node-1] [INFO] [1786827121.567946407] [offboard_waypoint_node]: [CONTROL_ARBITER] selected_source=pilot_override state=MANUAL_OVERRIDE
[ego_planner_node-10] [FSM]: from EXEC_TRAJ to REPLAN_TRAJ
[ego_planner_node-10] [INFO] [1786827121.687261745] [ego_planner]: [BSPLINE_START_BOUNDARY] degree=3 interval=0.625000000 position_hard=true velocity_hard=true acceleration_hard=true
[ego_planner_node-10] [47;30m
[ego_planner_node-10] [drone -1 replan 32]==============================================[0m
[ego_planner_node-10] [1;33mmulti-trajs=1[1;0m
[ego_planner_node-10] [INFO] [1786827121.688502523] [rebound_optimize]: [EGO_REBOUND_OPTIMIZATION] iterations=30 termination=0 max_obstacle_gradient_norm=0.000000000 obstacle_signal_nonzero=false success=true
[ego_planner_node-10] [INFO] [1786827121.688616820] [ego_planner]: [HANDOVER_PRE_POST] preopt_position_error=0.000014152 preopt_velocity_error=0.000035562 preopt_acceleration_error=0.000004727 postopt_position_error=0.000014152 postopt_velocity_error=0.000035562 postopt_acceleration_error=0.000004727
[ego_planner_node-10] [INFO] [1786827121.688695641] [race_ego_planner]: [EGO_CANDIDATE_STAGED] candidate_id=33 active_id=32 active_local_goal_seq=4 candidate_local_goal_seq=4
[ego_planner_node-10] [INFO] [1786827121.688847845] [race_ego_planner]: [EGO_CANDIDATE_CLEARANCE_GATE] trajectory_id=33 candidate=NORMAL start_clearance=1.293 required_publish_clearance=0.340 planning_clearance=0.340 hard_clearance=0.290
[ego_planner_node-10] [INFO] [1786827121.690021567] [race_ego_planner]: [EGO_CANDIDATE_COMMIT] candidate_id=33 active_id=33 local_goal_seq=4 all_validations_passed=true
[ego_planner_node-10] [32miter(+1)=30,time(ms)=0.223,total_t(ms)=0.227,cost=0.102
[ego_planner_node-10] [0mtraj 1 success.
[ego_planner_node-10] plan_success=1
[ego_planner_node-10] total time:[42m0.00148419[0m,optimize:0.00147288,refine:1.1311e-05,avg_time=0.0172555
[ego_planner_node-10] refine_success=1
[ego_planner_node-10] [FSM]: from REPLAN_TRAJ to EXEC_TRAJ
[race_ego_trajectory_bridge-12] [INFO] [1786827121.692456721] [race_ego_trajectory_bridge]: [EGO_TRAJECTORY] trajectory_id=33 local_goal_seq=4 start_time=1786827121.692 points=189 duration=3.750 start=(0.134,-2.201,0.750) end=(0.794,-2.173,0.750) collision_free=true
[race_ego_trajectory_bridge-12] [INFO] [1786827121.692849491] [race_ego_trajectory_bridge]: [BRIDGE_CANDIDATE_COMMIT] trajectory_id=33 local_goal_seq=4 output_topic=/race/ego/validated_bspline
[race_ego_trajectory_bridge-12] [INFO] [1786827121.692979837] [race_ego_trajectory_bridge]: [EGO_STATUS] state=TRACKING control_enabled=true map=ready odom=ready goal=missing trajectory=ready
[race_ego_trajectory_bridge-12] [INFO] [1786827121.706439347] [race_ego_trajectory_bridge]: [EGO_STATUS] state=WAIT_ALTITUDE_REFERENCE control_enabled=true map=ready odom=ready goal=missing trajectory=ready
[race_ego_cloud_bridge-8] [INFO] [1786827121.734030031] [race_ego_cloud_bridge]: [EGO_MAP_FUSION] static_points=11417 live_raw_points=14766 confirmed_live_voxels=5238 min_observations=2 memory_sec=1.00 fused_points=16655
[race_ego_cloud_bridge-8] [INFO] [1786827121.734718184] [race_ego_cloud_bridge]: [EGO_MAP_INPUT] topic=/race/ego/cloud frame=map points=16655 source=static_live_px4 refresh_period=0.00s
[super_planner_ros2_node-6] [INFO] [1786827121.904413841] [super_planner_ros2_node]: SUPER_ROS2 mode=IDLE enable_output=false reason=WAIT_ALTITUDE_REFERENCE odom=(0.07,-2.20,-0.10) goal=none tracking_setpoint_enu=(0.07,-2.20,-0.10) setpoint_ned=none yaw(desired/cmd/rate)=(0.00/0.00/0.00) cross_track=0.00 frame_id=px4_ned path_points=20 odom_source=/race/odom cloud_source=/saved_map mavros_connected=true
[fastlio_bridge_node-2] [INFO] [1786827122.001182436] [fastlio_bridge_node]: 已桥接并转换里程计: ENU(0.07, -2.20, -0.10) -> NED(-2.20, 0.07, 0.10)
[fastlio_bridge_node-2] [INFO] [1786827122.004704177] [fastlio_bridge_node]: 已桥接并转换里程计: ENU(0.07, -2.20, -0.10) -> NED(-2.20, 0.07, 0.10)
[fastlio_bridge_node-2] [INFO] [1786827122.008217007] [fastlio_bridge_node]: 已桥接并转换里程计: ENU(0.07, -2.20, -0.10) -> NED(-2.20, 0.07, 0.10)
[fastlio_bridge_node-2] [INFO] [1786827122.014057096] [fastlio_bridge_node]: 已桥接并转换里程计: ENU(0.07, -2.20, -0.10) -> NED(-2.20, 0.07, 0.10)
[fastlio_bridge_node-2] [INFO] [1786827122.019168551] [fastlio_bridge_node]: 已桥接并转换里程计: ENU(0.07, -2.20, -0.10) -> NED(-2.20, 0.07, 0.10)
[fastlio_bridge_node-2] [INFO] [1786827122.024701607] [fastlio_bridge_node]: 已桥接并转换里程计: ENU(0.07, -2.20, -0.10) -> NED(-2.20, 0.07, 0.10)
[fastlio_bridge_node-2] [INFO] [1786827122.030106739] [fastlio_bridge_node]: 已桥接并转换里程计: ENU(0.07, -2.20, -0.10) -> NED(-2.20, 0.07, 0.10)
[fastlio_bridge_node-2] [INFO] [1786827122.037105111] [fastlio_bridge_node]: 已桥接并转换里程计: ENU(0.07, -2.20, -0.10) -> NED(-2.20, 0.07, 0.10)
[fastlio_bridge_node-2] [INFO] [1786827122.039865394] [fastlio_bridge_node]: 已桥接并转换里程计: ENU(0.07, -2.20, -0.10) -> NED(-2.20, 0.07, 0.10)
[fastlio_bridge_node-2] [INFO] [1786827122.046723839] [fastlio_bridge_node]: 已桥接并转换里程计: ENU(0.07, -2.20, -0.10) -> NED(-2.20, 0.07, 0.10)
[fastlio_bridge_node-2] [INFO] [1786827122.050765246] [fastlio_bridge_node]: 已桥接并转换里程计: ENU(0.07, -2.20, -0.10) -> NED(-2.20, 0.07, 0.10)
[fastlio_bridge_node-2] [INFO] [1786827122.057813117] [fastlio_bridge_node]: 已桥接并转换里程计: ENU(0.07, -2.20, -0.10) -> NED(-2.20, 0.07, 0.10)
[fastlio_bridge_node-2] [INFO] [1786827122.061919837] [fastlio_bridge_node]: 已桥接并转换里程计: ENU(0.07, -2.20, -0.10) -> NED(-2.20, 0.07, 0.10)
[fastlio_bridge_node-2] [INFO] [1786827122.065627787] [fastlio_bridge_node]: 已桥接并转换里程计: ENU(0.07, -2.20, -0.10) -> NED(-2.20, 0.07, 0.10)
[fastlio_bridge_node-2] [INFO] [1786827122.069153249] [fastlio_bridge_node]: 已桥接并转换里程计: ENU(0.07, -2.20, -0.10) -> NED(-2.20, 0.07, 0.10)
[fastlio_bridge_node-2] [INFO] [1786827122.074253985] [fastlio_bridge_node]: 已桥接并转换里程计: ENU(0.07, -2.20, -0.10) -> NED(-2.20, 0.07, 0.10)
[fastlio_bridge_node-2] [INFO] [1786827122.079519682] [fastlio_bridge_node]: 已桥接并转换里程计: ENU(0.07, -2.20, -0.10) -> NED(-2.20, 0.07, 0.10)
[fastlio_bridge_node-2] [INFO] [1786827122.089659394] [fastlio_bridge_node]: 已桥接并转换里程计: ENU(0.07, -2.20, -0.10) -> NED(-2.20, 0.07, 0.10)
[fastlio_bridge_node-2] [INFO] [1786827122.091595843] [fastlio_bridge_node]: 已桥接并转换里程计: ENU(0.07, -2.20, -0.10) -> NED(-2.20, 0.07, 0.10)
[fastlio_bridge_node-2] [INFO] [1786827122.094666557] [fastlio_bridge_node]: 已桥接并转换里程计: ENU(0.07, -2.20, -0.10) -> NED(-2.20, 0.07, 0.10)
[ego_planner_node-10] [FSM]: from EXEC_TRAJ to REPLAN_TRAJ
[ego_planner_node-10] [WARN] [1786827122.208726158] [race_ego_planner]: [EGO_REPLAN_ODOM_DIVERGENCE] predicted_start=(0.375,-2.190,0.692) odom_start=(0.067,-2.197,-0.094) horizontal_error=0.309 base_threshold=0.250 effective_threshold=0.250 horizontal_speed=0.006 reason=TRACKING_DIVERGENCE
[ego_planner_node-10] [WARN] [1786827122.208941473] [race_ego_planner]: [EGO_REPLAN_REANCHOR] source=odom horizontal_error=0.309 base_threshold=0.250 effective_threshold=0.250 start=(0.067,-2.197,-0.094) velocity=(0.002,-0.006,0.008) reason=TRACKING_DIVERGENCE
[ego_planner_node-10] [INFO] [1786827122.209055599] [ego_planner]: [BSPLINE_START_BOUNDARY] degree=3 interval=0.277777778 position_hard=true velocity_hard=true acceleration_hard=true
[ego_planner_node-10] [47;30m
[ego_planner_node-10] [drone -1 replan 33]==============================================[0m
[ego_planner_node-10] [1;33mmulti-trajs=1[1;0m
[ego_planner_node-10] [INFO] [1786827122.210040846] [rebound_optimize]: [EGO_REBOUND_OPTIMIZATION] iterations=41 termination=0 max_obstacle_gradient_norm=0.000000000 obstacle_signal_nonzero=false success=true
[ego_planner_node-10] [INFO] [1786827122.210096608] [ego_planner]: [HANDOVER_PRE_POST] preopt_position_error=0.000000000 preopt_velocity_error=0.000000000 preopt_acceleration_error=0.000000000 postopt_position_error=0.000000000 postopt_velocity_error=0.000000000 postopt_acceleration_error=0.000000000
[ego_planner_node-10] [INFO] [1786827122.210127987] [race_ego_planner]: [EGO_CANDIDATE_STAGED] candidate_id=34 active_id=33 active_local_goal_seq=4 candidate_local_goal_seq=4
[ego_planner_node-10] [INFO] [1786827122.210210644] [race_ego_planner]: [EGO_CANDIDATE_CLEARANCE_GATE] trajectory_id=34 candidate=NORMAL start_clearance=1.304 required_publish_clearance=0.340 planning_clearance=0.340 hard_clearance=0.290
[ego_planner_node-10] [32miter(+1)=41,time(ms)=0.467,total_t(ms)=0.468,cost=0.006
[ego_planner_node-10] [0mtraj 1 success.
[ego_planner_node-10] plan_success=1
[ego_planner_node-10] total time:[42m0.00108083[0m,optimize:0.00107735,refine:3.478e-06,avg_time=0.0167797
[ego_planner_node-10] refine_success=1
[ego_planner_node-10] [INFO] [1786827122.210804096] [race_ego_planner]: [EGO_CANDIDATE_COMMIT] candidate_id=34 active_id=34 local_goal_seq=4 all_validations_passed=true
[ego_planner_node-10] [FSM]: from REPLAN_TRAJ to EXEC_TRAJ
[race_ego_trajectory_bridge-12] [INFO] [1786827122.211231380] [race_ego_trajectory_bridge]: [EGO_TRAJECTORY] trajectory_id=34 local_goal_seq=4 start_time=1786827122.211 points=85 duration=1.667 start=(0.067,-2.197,0.750) end=(0.750,-2.176,0.750) collision_free=true
[race_ego_trajectory_bridge-12] [INFO] [1786827122.211505186] [race_ego_trajectory_bridge]: [BRIDGE_CANDIDATE_COMMIT] trajectory_id=34 local_goal_seq=4 output_topic=/race/ego/validated_bspline
[race_ego_trajectory_bridge-12] [INFO] [1786827122.211573541] [race_ego_trajectory_bridge]: [EGO_STATUS] state=TRACKING control_enabled=true map=ready odom=ready goal=missing trajectory=ready
[race_ego_trajectory_bridge-12] [INFO] [1786827122.213175467] [race_ego_trajectory_bridge]: [EGO_STATUS] state=WAIT_ALTITUDE_REFERENCE control_enabled=true map=ready odom=ready goal=missing trajectory=ready
[ego_planner_node-10] [FSM]: state: EXEC_TRAJ
[ego_planner_node-10] wait for goal or trigger.
[offboard_waypoint_node-1] [INFO] [1786827122.618292460] [offboard_waypoint_node]: [CONTROL_ARBITER] selected_source=pilot_override state=MANUAL_OVERRIDE
[ego_planner_node-10] [INFO] [1786827122.649825707] [race_ego_planner]: [EGO_OCCUPANCY_UPDATE] input_topic=grid_map/cloud input_frame=map occupancy_frame=map cloud_points=18263 local_points=10325 occupied_voxels=27042 camera=(0.067,-2.194,-0.095) local_index_bounds=[(47,30,0),(117,114,8)]
[ego_planner_node-10] [FSM]: from EXEC_TRAJ to REPLAN_TRAJ
[ego_planner_node-10] [INFO] [1786827122.725863986] [ego_planner]: [BSPLINE_START_BOUNDARY] degree=3 interval=0.625000000 position_hard=true velocity_hard=true acceleration_hard=true
[ego_planner_node-10] [47;30m
[ego_planner_node-10] [drone -1 replan 34]==============================================[0m
[ego_planner_node-10] [1;33mmulti-trajs=1[1;0m
[ego_planner_node-10] [INFO] [1786827122.731042436] [rebound_optimize]: [EGO_REBOUND_OPTIMIZATION] iterations=30 termination=0 max_obstacle_gradient_norm=0.000000000 obstacle_signal_nonzero=false success=true
[ego_planner_node-10] [INFO] [1786827122.731216676] [ego_planner]: [HANDOVER_PRE_POST] preopt_position_error=0.000019094 preopt_velocity_error=0.000050489 preopt_acceleration_error=0.000001082 postopt_position_error=0.000019094 postopt_velocity_error=0.000050489 postopt_acceleration_error=0.000001082
[ego_planner_node-10] [INFO] [1786827122.731281106] [race_ego_planner]: [EGO_CANDIDATE_STAGED] candidate_id=35 active_id=34 active_local_goal_seq=4 candidate_local_goal_seq=4
[ego_planner_node-10] [INFO] [1786827122.731458563] [race_ego_planner]: [EGO_CANDIDATE_CLEARANCE_GATE] trajectory_id=35 candidate=NORMAL start_clearance=1.301 required_publish_clearance=0.340 planning_clearance=0.340 hard_clearance=0.290
[ego_planner_node-10] [32miter(+1)=30,time(ms)=0.339,total_t(ms)=0.341,cost=0.106
[ego_planner_node-10] [0mtraj 1 success.
[ego_planner_node-10] plan_success=1
[ego_planner_node-10] total time:[42m0.00547139[0m,optimize:0.00546449,refine:6.895e-06,avg_time=0.0164566
[ego_planner_node-10] refine_success=1
[ego_planner_node-10] [INFO] [1786827122.733346511] [race_ego_planner]: [EGO_CANDIDATE_COMMIT] candidate_id=35 active_id=35 local_goal_seq=4 all_validations_passed=true
[ego_planner_node-10] [FSM]: from REPLAN_TRAJ to EXEC_TRAJ
[race_ego_trajectory_bridge-12] [INFO] [1786827122.734253569] [race_ego_trajectory_bridge]: [EGO_TRAJECTORY] trajectory_id=35 local_goal_seq=4 start_time=1786827122.734 points=189 duration=3.750 start=(0.127,-2.197,0.750) end=(0.798,-2.173,0.750) collision_free=true
[race_ego_trajectory_bridge-12] [INFO] [1786827122.734794048] [race_ego_trajectory_bridge]: [BRIDGE_CANDIDATE_COMMIT] trajectory_id=35 local_goal_seq=4 output_topic=/race/ego/validated_bspline
[race_ego_trajectory_bridge-12] [INFO] [1786827122.734926532] [race_ego_trajectory_bridge]: [EGO_STATUS] state=TRACKING control_enabled=true map=ready odom=ready goal=missing trajectory=ready
[race_ego_trajectory_bridge-12] [INFO] [1786827122.743782882] [race_ego_trajectory_bridge]: [EGO_STATUS] state=WAIT_ALTITUDE_REFERENCE control_enabled=true map=ready odom=ready goal=missing trajectory=ready
[race_ego_trajectory_bridge-12] [INFO] [1786827122.881055060] [race_ego_trajectory_bridge]: [EGO_OCCUPANCY_MAP] topic=/race/ego/cloud frame=map raw_points=18622 map_age=0.014
[super_planner_ros2_node-6] [INFO] [1786827122.953857268] [super_planner_ros2_node]: SUPER_ROS2 mode=IDLE enable_output=false reason=WAIT_ALTITUDE_REFERENCE odom=(0.07,-2.20,-0.09) goal=none tracking_setpoint_enu=(0.07,-2.20,-0.09) setpoint_ned=none yaw(desired/cmd/rate)=(0.00/0.00/0.00) cross_track=0.00 frame_id=px4_ned path_points=20 odom_source=/race/odom cloud_source=/saved_map mavros_connected=true
[race_ego_cloud_bridge-8] [INFO] [1786827123.032710242] [race_ego_cloud_bridge]: [EGO_STATIC_MAP_READY] topic=/saved_map frame=map points=11417 fused=true
[ego_planner_node-10] [FSM]: from EXEC_TRAJ to REPLAN_TRAJ
[ego_planner_node-10] [WARN] [1786827123.243951192] [race_ego_planner]: [EGO_REPLAN_ODOM_DIVERGENCE] predicted_start=(0.363,-2.188,0.692) odom_start=(0.067,-2.197,-0.107) horizontal_error=0.296 base_threshold=0.250 effective_threshold=0.250 horizontal_speed=0.008 reason=TRACKING_DIVERGENCE
[ego_planner_node-10] [WARN] [1786827123.244508087] [race_ego_planner]: [EGO_REPLAN_REANCHOR] source=odom horizontal_error=0.296 base_threshold=0.250 effective_threshold=0.250 start=(0.067,-2.197,-0.107) velocity=(0.008,-0.001,-0.017) reason=TRACKING_DIVERGENCE
[ego_planner_node-10] [INFO] [1786827123.244626398] [ego_planner]: [BSPLINE_START_BOUNDARY] degree=3 interval=0.277777778 position_hard=true velocity_hard=true acceleration_hard=true
[ego_planner_node-10] [47;30m
[ego_planner_node-10] [drone -1 replan 35]==============================================[0m
[ego_planner_node-10] [1;33mmulti-trajs=1[1;0m
[ego_planner_node-10] [INFO] [1786827123.245788762] [rebound_optimize]: [EGO_REBOUND_OPTIMIZATION] iterations=50 termination=0 max_obstacle_gradient_norm=0.000000000 obstacle_signal_nonzero=false success=true
[ego_planner_node-10] [INFO] [1786827123.245855988] [ego_planner]: [HANDOVER_PRE_POST] preopt_position_error=0.000000000 preopt_velocity_error=0.000000000 preopt_acceleration_error=0.000000000 postopt_position_error=0.000000000 postopt_velocity_error=0.000000000 postopt_acceleration_error=0.000000000
[ego_planner_node-10] [32miter(+1)=50,time(ms)=0.595,total_t(ms)=0.596,cost=0.006
[ego_planner_node-10] [0mtraj 1 success.
[ego_planner_node-10] plan_success=1
[ego_planner_node-10] total time:[42m0.00127266[0m,optimize:0.00126944,refine:3.222e-06,avg_time=0.0160349
[ego_planner_node-10] refine_success=1
[ego_planner_node-10] [INFO] [1786827123.245897976] [race_ego_planner]: [EGO_CANDIDATE_STAGED] candidate_id=36 active_id=35 active_local_goal_seq=4 candidate_local_goal_seq=4
[ego_planner_node-10] [INFO] [1786827123.245982633] [race_ego_planner]: [EGO_CANDIDATE_CLEARANCE_GATE] trajectory_id=36 candidate=NORMAL start_clearance=1.304 required_publish_clearance=0.340 planning_clearance=0.340 hard_clearance=0.290
[ego_planner_node-10] [INFO] [1786827123.246572362] [race_ego_planner]: [EGO_CANDIDATE_COMMIT] candidate_id=36 active_id=36 local_goal_seq=4 all_validations_passed=true
[ego_planner_node-10] [FSM]: from REPLAN_TRAJ to EXEC_TRAJ
[race_ego_trajectory_bridge-12] [INFO] [1786827123.247756323] [race_ego_trajectory_bridge]: [EGO_TRAJECTORY] trajectory_id=36 local_goal_seq=4 start_time=1786827123.248 points=85 duration=1.667 start=(0.067,-2.197,0.750) end=(0.753,-2.176,0.750) collision_free=true
[race_ego_trajectory_bridge-12] [INFO] [1786827123.248020029] [race_ego_trajectory_bridge]: [BRIDGE_CANDIDATE_COMMIT] trajectory_id=36 local_goal_seq=4 output_topic=/race/ego/validated_bspline
[race_ego_trajectory_bridge-12] [INFO] [1786827123.248091809] [race_ego_trajectory_bridge]: [EGO_STATUS] state=TRACKING control_enabled=true map=ready odom=ready goal=missing trajectory=ready
[race_ego_trajectory_bridge-12] [INFO] [1786827123.255971983] [race_ego_trajectory_bridge]: [EGO_STATUS] state=WAIT_ALTITUDE_REFERENCE control_enabled=true map=ready odom=ready goal=missing trajectory=ready
[ego_planner_node-10] [FSM]: state: EXEC_TRAJ
[ego_planner_node-10] wait for goal or trigger.
[offboard_waypoint_node-1] [INFO] [1786827123.669814496] [offboard_waypoint_node]: [CONTROL_ARBITER] selected_source=pilot_override state=MANUAL_OVERRIDE
[race_ego_cloud_bridge-8] [INFO] [1786827123.735640435] [race_ego_cloud_bridge]: [EGO_MAP_FUSION] static_points=11417 live_raw_points=14753 confirmed_live_voxels=5819 min_observations=2 memory_sec=1.00 fused_points=17236
[race_ego_cloud_bridge-8] [INFO] [1786827123.736464007] [race_ego_cloud_bridge]: [EGO_MAP_INPUT] topic=/race/ego/cloud frame=map points=17236 source=static_live_px4 refresh_period=0.00s
[ego_planner_node-10] [FSM]: from EXEC_TRAJ to REPLAN_TRAJ
[ego_planner_node-10] [INFO] [1786827123.788687431] [ego_planner]: [BSPLINE_START_BOUNDARY] degree=3 interval=0.625000000 position_hard=true velocity_hard=true acceleration_hard=true
[ego_planner_node-10] [INFO] [1786827123.790516934] [rebound_optimize]: [EGO_REBOUND_OPTIMIZATION] iterations=28 termination=0 max_obstacle_gradient_norm=0.000000000 obstacle_signal_nonzero=false success=true
[ego_planner_node-10] [INFO] [1786827123.790837411] [ego_planner]: [HANDOVER_PRE_POST] preopt_position_error=0.000022041 preopt_velocity_error=0.000053887 preopt_acceleration_error=0.000003178 postopt_position_error=0.000022041 postopt_velocity_error=0.000053887 postopt_acceleration_error=0.000003178
[ego_planner_node-10] [INFO] [1786827123.790963412] [race_ego_planner]: [EGO_CANDIDATE_STAGED] candidate_id=37 active_id=36 active_local_goal_seq=4 candidate_local_goal_seq=4
[ego_planner_node-10] [INFO] [1786827123.791316185] [race_ego_planner]: [EGO_CANDIDATE_CLEARANCE_GATE] trajectory_id=37 candidate=NORMAL start_clearance=1.291 required_publish_clearance=0.340 planning_clearance=0.340 hard_clearance=0.290
[ego_planner_node-10] [47;30m
[ego_planner_node-10] [drone -1 replan 36]==============================================[0m
[ego_planner_node-10] [1;33mmulti-trajs=1[1;0m
[ego_planner_node-10] [32miter(+1)=28,time(ms)=0.309,total_t(ms)=0.311,cost=0.111
[ego_planner_node-10] [0mtraj 1 success.
[ego_planner_node-10] plan_success=1
[ego_planner_node-10] total time:[42m0.00219538[0m,optimize:0.00216864,refine:2.6737e-05,avg_time=0.0156608
[ego_planner_node-10] refine_success=1
[ego_planner_node-10] [INFO] [1786827123.797266531] [race_ego_planner]: [EGO_CANDIDATE_COMMIT] candidate_id=37 active_id=37 local_goal_seq=4 all_validations_passed=true
[ego_planner_node-10] [FSM]: from REPLAN_TRAJ to EXEC_TRAJ
[race_ego_trajectory_bridge-12] [INFO] [1786827123.803420386] [race_ego_trajectory_bridge]: [EGO_TRAJECTORY] trajectory_id=37 local_goal_seq=4 start_time=1786827123.803 points=189 duration=3.750 start=(0.138,-2.195,0.750) end=(0.798,-2.173,0.750) collision_free=true
[race_ego_trajectory_bridge-12] [INFO] [1786827123.805939468] [race_ego_trajectory_bridge]: [BRIDGE_CANDIDATE_COMMIT] trajectory_id=37 local_goal_seq=4 output_topic=/race/ego/validated_bspline
[race_ego_trajectory_bridge-12] [INFO] [1786827123.808264384] [race_ego_trajectory_bridge]: [EGO_STATUS] state=TRACKING control_enabled=true map=ready odom=ready goal=missing trajectory=ready
[race_ego_trajectory_bridge-12] [WARN] [1786827123.809581867] [race_ego_trajectory_bridge]: Reject unvalidated PositionCommand trajectory_id=36 validated_trajectory_id=37
[race_ego_trajectory_bridge-12] [INFO] [1786827123.814844605] [race_ego_trajectory_bridge]: [EGO_STATUS] state=WAIT_ALTITUDE_REFERENCE control_enabled=true map=ready odom=ready goal=missing trajectory=ready
[rviz2-13] [INFO] [1786827123.904569683] [rviz2]: Message Filter dropping message: frame 'odom' at time 1786827122.780 for reason 'discarding message because the queue is full'
[fastlio_bridge_node-2] [INFO] [1786827124.000079558] [fastlio_bridge_node]: 已桥接并转换里程计: ENU(0.07, -2.20, -0.10) -> NED(-2.20, 0.07, 0.10)
[super_planner_ros2_node-6] [INFO] [1786827124.004345430] [super_planner_ros2_node]: SUPER_ROS2 mode=IDLE enable_output=false reason=WAIT_ALTITUDE_REFERENCE odom=(0.07,-2.20,-0.10) goal=none tracking_setpoint_enu=(0.07,-2.20,-0.10) setpoint_ned=none yaw(desired/cmd/rate)=(0.00/0.00/0.00) cross_track=0.00 frame_id=px4_ned path_points=20 odom_source=/race/odom cloud_source=/saved_map mavros_connected=true
[fastlio_bridge_node-2] [INFO] [1786827124.008023104] [fastlio_bridge_node]: 已桥接并转换里程计: ENU(0.07, -2.20, -0.10) -> NED(-2.20, 0.07, 0.10)
[fastlio_bridge_node-2] [INFO] [1786827124.009616982] [fastlio_bridge_node]: 已桥接并转换里程计: ENU(0.07, -2.20, -0.10) -> NED(-2.20, 0.07, 0.10)
[fastlio_bridge_node-2] [INFO] [1786827124.014619923] [fastlio_bridge_node]: 已桥接并转换里程计: ENU(0.07, -2.20, -0.10) -> NED(-2.20, 0.07, 0.10)
[fastlio_bridge_node-2] [INFO] [1786827124.018784274] [fastlio_bridge_node]: 已桥接并转换里程计: ENU(0.07, -2.20, -0.10) -> NED(-2.20, 0.07, 0.10)
[fastlio_bridge_node-2] [INFO] [1786827124.023413759] [fastlio_bridge_node]: 已桥接并转换里程计: ENU(0.07, -2.20, -0.10) -> NED(-2.20, 0.07, 0.10)
[fastlio_bridge_node-2] [INFO] [1786827124.028043648] [fastlio_bridge_node]: 已桥接并转换里程计: ENU(0.07, -2.20, -0.10) -> NED(-2.20, 0.07, 0.10)
[fastlio_bridge_node-2] [INFO] [1786827124.037528186] [fastlio_bridge_node]: 已桥接并转换里程计: ENU(0.07, -2.20, -0.10) -> NED(-2.20, 0.07, 0.10)
[fastlio_bridge_node-2] [INFO] [1786827124.041015235] [fastlio_bridge_node]: 已桥接并转换里程计: ENU(0.07, -2.20, -0.10) -> NED(-2.20, 0.07, 0.10)
[fastlio_bridge_node-2] [INFO] [1786827124.045392727] [fastlio_bridge_node]: 已桥接并转换里程计: ENU(0.07, -2.20, -0.10) -> NED(-2.20, 0.07, 0.10)
[fastlio_bridge_node-2] [INFO] [1786827124.050049345] [fastlio_bridge_node]: 已桥接并转换里程计: ENU(0.07, -2.20, -0.10) -> NED(-2.20, 0.07, 0.10)
[fastlio_bridge_node-2] [INFO] [1786827124.056854996] [fastlio_bridge_node]: 已桥接并转换里程计: ENU(0.07, -2.20, -0.10) -> NED(-2.20, 0.07, 0.10)
[fastlio_bridge_node-2] [INFO] [1786827124.061967853] [fastlio_bridge_node]: 已桥接并转换里程计: ENU(0.07, -2.20, -0.10) -> NED(-2.20, 0.07, 0.10)
[fastlio_bridge_node-2] [INFO] [1786827124.064233037] [fastlio_bridge_node]: 已桥接并转换里程计: ENU(0.07, -2.20, -0.10) -> NED(-2.20, 0.07, 0.10)
[fastlio_bridge_node-2] [INFO] [1786827124.070064796] [fastlio_bridge_node]: 已桥接并转换里程计: ENU(0.07, -2.20, -0.10) -> NED(-2.20, 0.07, 0.10)
[fastlio_bridge_node-2] [INFO] [1786827124.075919161] [fastlio_bridge_node]: 已桥接并转换里程计: ENU(0.07, -2.20, -0.10) -> NED(-2.20, 0.07, 0.10)
[fastlio_bridge_node-2] [INFO] [1786827124.079652951] [fastlio_bridge_node]: 已桥接并转换里程计: ENU(0.07, -2.20, -0.10) -> NED(-2.20, 0.07, 0.10)
[fastlio_bridge_node-2] [INFO] [1786827124.084857601] [fastlio_bridge_node]: 已桥接并转换里程计: ENU(0.07, -2.20, -0.10) -> NED(-2.20, 0.07, 0.10)
[fastlio_bridge_node-2] [INFO] [1786827124.090090107] [fastlio_bridge_node]: 已桥接并转换里程计: ENU(0.07, -2.20, -0.10) -> NED(-2.20, 0.07, 0.10)
[fastlio_bridge_node-2] [INFO] [1786827124.096161742] [fastlio_bridge_node]: 已桥接并转换里程计: ENU(0.07, -2.20, -0.10) -> NED(-2.20, 0.07, 0.10)
[fastlio_bridge_node-2] [INFO] [1786827124.099367534] [fastlio_bridge_node]: 已桥接并转换里程计: ENU(0.07, -2.20, -0.10) -> NED(-2.20, 0.07, 0.10)
[ego_planner_node-10] [FSM]: from EXEC_TRAJ to REPLAN_TRAJ
[ego_planner_node-10] [WARN] [1786827124.301547403] [race_ego_planner]: [EGO_REPLAN_ODOM_DIVERGENCE] predicted_start=(0.384,-2.185,0.692) odom_start=(0.065,-2.197,-0.094) horizontal_error=0.319 base_threshold=0.250 effective_threshold=0.250 horizontal_speed=0.003 reason=TRACKING_DIVERGENCE
[ego_planner_node-10] [WARN] [1786827124.301859648] [race_ego_planner]: [EGO_REPLAN_REANCHOR] source=odom horizontal_error=0.319 base_threshold=0.250 effective_threshold=0.250 start=(0.065,-2.197,-0.094) velocity=(0.001,-0.003,0.008) reason=TRACKING_DIVERGENCE
[ego_planner_node-10] [INFO] [1786827124.302021916] [ego_planner]: [BSPLINE_START_BOUNDARY] degree=3 interval=0.277777778 position_hard=true velocity_hard=true acceleration_hard=true
[ego_planner_node-10] [47;30m
[ego_planner_node-10] [drone -1 replan 37]==============================================[0m
[ego_planner_node-10] [1;33mmulti-trajs=1[1;0m
[ego_planner_node-10] [INFO] [1786827124.303212776] [rebound_optimize]: [EGO_REBOUND_OPTIMIZATION] iterations=52 termination=0 max_obstacle_gradient_norm=0.000000000 obstacle_signal_nonzero=false success=true
[ego_planner_node-10] [INFO] [1786827124.303305192] [ego_planner]: [HANDOVER_PRE_POST] preopt_position_error=0.000000000 preopt_velocity_error=0.000000000 preopt_acceleration_error=0.000000000 postopt_position_error=0.000000000 postopt_velocity_error=0.000000000 postopt_acceleration_error=0.000000000
[ego_planner_node-10] [INFO] [1786827124.303363179] [race_ego_planner]: [EGO_CANDIDATE_STAGED] candidate_id=38 active_id=37 active_local_goal_seq=4 candidate_local_goal_seq=4
[ego_planner_node-10] [INFO] [1786827124.303482286] [race_ego_planner]: [EGO_CANDIDATE_CLEARANCE_GATE] trajectory_id=38 candidate=NORMAL start_clearance=1.302 required_publish_clearance=0.340 planning_clearance=0.340 hard_clearance=0.290
[ego_planner_node-10] [32miter(+1)=52,time(ms)=0.626,total_t(ms)=0.628,cost=0.006
[ego_planner_node-10] [0mtraj 1 success.
[ego_planner_node-10] plan_success=1
[ego_planner_node-10] total time:[42m0.00137206[0m,optimize:0.00136283,refine:9.233e-06,avg_time=0.0152848
[ego_planner_node-10] refine_success=1
[ego_planner_node-10] [INFO] [1786827124.304053912] [race_ego_planner]: [EGO_CANDIDATE_COMMIT] candidate_id=38 active_id=38 local_goal_seq=4 all_validations_passed=true
[ego_planner_node-10] [FSM]: from REPLAN_TRAJ to EXEC_TRAJ
[race_ego_trajectory_bridge-12] [INFO] [1786827124.304549984] [race_ego_trajectory_bridge]: [EGO_TRAJECTORY] trajectory_id=38 local_goal_seq=4 start_time=1786827124.305 points=85 duration=1.667 start=(0.065,-2.197,0.750) end=(0.746,-2.176,0.750) collision_free=true
[race_ego_trajectory_bridge-12] [INFO] [1786827124.304862868] [race_ego_trajectory_bridge]: [BRIDGE_CANDIDATE_COMMIT] trajectory_id=38 local_goal_seq=4 output_topic=/race/ego/validated_bspline
[race_ego_trajectory_bridge-12] [INFO] [1786827124.304917446] [race_ego_trajectory_bridge]: [EGO_STATUS] state=TRACKING control_enabled=true map=ready odom=ready goal=missing trajectory=ready
[race_ego_trajectory_bridge-12] [INFO] [1786827124.313934803] [race_ego_trajectory_bridge]: [EGO_STATUS] state=WAIT_ALTITUDE_REFERENCE control_enabled=true map=ready odom=ready goal=missing trajectory=ready
[ego_planner_node-10] [INFO] [1786827124.652123594] [race_ego_planner]: [EGO_OCCUPANCY_UPDATE] input_topic=grid_map/cloud input_frame=map occupancy_frame=map cloud_points=17073 local_points=9906 occupied_voxels=27000 camera=(0.065,-2.195,-0.093) local_index_bounds=[(47,30,0),(117,114,8)]
[ego_planner_node-10] [FSM]: state: EXEC_TRAJ
[ego_planner_node-10] wait for goal or trigger.
[offboard_waypoint_node-1] [INFO] [1786827124.718041399] [offboard_waypoint_node]: [CONTROL_ARBITER] selected_source=pilot_override state=MANUAL_OVERRIDE
[ego_planner_node-10] [FSM]: from EXEC_TRAJ to REPLAN_TRAJ
[ego_planner_node-10] [INFO] [1786827124.820995964] [ego_planner]: [BSPLINE_START_BOUNDARY] degree=3 interval=0.625000000 position_hard=true velocity_hard=true acceleration_hard=true
[ego_planner_node-10] [47;30m
[ego_planner_node-10] [drone -1 replan 38]==============================================[0m
[ego_planner_node-10] [1;33mmulti-trajs=1[1;0m
[ego_planner_node-10] [INFO] [1786827124.822461170] [rebound_optimize]: [EGO_REBOUND_OPTIMIZATION] iterations=30 termination=0 max_obstacle_gradient_norm=0.000000000 obstacle_signal_nonzero=false success=true
[ego_planner_node-10] [INFO] [1786827124.822569656] [ego_planner]: [HANDOVER_PRE_POST] preopt_position_error=0.000021028 preopt_velocity_error=0.000055486 preopt_acceleration_error=0.000001611 postopt_position_error=0.000021028 postopt_velocity_error=0.000055486 postopt_acceleration_error=0.000001611
[ego_planner_node-10] [INFO] [1786827124.822610883] [race_ego_planner]: [EGO_CANDIDATE_STAGED] candidate_id=39 active_id=38 active_local_goal_seq=4 candidate_local_goal_seq=4
[ego_planner_node-10] [INFO] [1786827124.822700463] [race_ego_planner]: [EGO_CANDIDATE_CLEARANCE_GATE] trajectory_id=39 candidate=NORMAL start_clearance=1.289 required_publish_clearance=0.340 planning_clearance=0.340 hard_clearance=0.290
[ego_planner_node-10] [32miter(+1)=30,time(ms)=0.307,total_t(ms)=0.312,cost=0.106
[ego_planner_node-10] [0mtraj 1 success.
[ego_planner_node-10] plan_success=1
[ego_planner_node-10] total time:[42m0.00174624[0m,optimize:0.00174149,refine:4.754e-06,avg_time=0.0149377
[ego_planner_node-10] refine_success=1
[ego_planner_node-10] [INFO] [1786827124.823599647] [race_ego_planner]: [EGO_CANDIDATE_COMMIT] candidate_id=39 active_id=39 local_goal_seq=4 all_validations_passed=true
[ego_planner_node-10] [FSM]: from REPLAN_TRAJ to EXEC_TRAJ
[race_ego_trajectory_bridge-12] [INFO] [1786827124.824956418] [race_ego_trajectory_bridge]: [EGO_TRAJECTORY] trajectory_id=39 local_goal_seq=4 start_time=1786827124.825 points=189 duration=3.750 start=(0.125,-2.195,0.750) end=(0.793,-2.173,0.750) collision_free=true
[race_ego_trajectory_bridge-12] [INFO] [1786827124.825215875] [race_ego_trajectory_bridge]: [BRIDGE_CANDIDATE_COMMIT] trajectory_id=39 local_goal_seq=4 output_topic=/race/ego/validated_bspline
[race_ego_trajectory_bridge-12] [INFO] [1786827124.825275738] [race_ego_trajectory_bridge]: [EGO_STATUS] state=TRACKING control_enabled=true map=ready odom=ready goal=missing trajectory=ready
[race_ego_trajectory_bridge-12] [INFO] [1786827124.838571910] [race_ego_trajectory_bridge]: [EGO_STATUS] state=WAIT_ALTITUDE_REFERENCE control_enabled=true map=ready odom=ready goal=missing trajectory=ready
[super_planner_ros2_node-6] [INFO] [1786827125.007393645] [super_planner_ros2_node]: SUPER_ROS2 mode=IDLE enable_output=false reason=WAIT_ALTITUDE_REFERENCE odom=(0.07,-2.20,-0.09) goal=none tracking_setpoint_enu=(0.07,-2.20,-0.09) setpoint_ned=none yaw(desired/cmd/rate)=(0.00/0.00/0.00) cross_track=0.00 frame_id=px4_ned path_points=20 odom_source=/race/odom cloud_source=/saved_map mavros_connected=true
[race_ego_cloud_bridge-8] [INFO] [1786827125.032005541] [race_ego_cloud_bridge]: [EGO_STATIC_MAP_READY] topic=/saved_map frame=map points=11417 fused=true
[race_ego_trajectory_bridge-12] [INFO] [1786827125.034567221] [race_ego_trajectory_bridge]: [EGO_OCCUPANCY_MAP] topic=/race/ego/cloud frame=map raw_points=17495 map_age=0.009
[ego_planner_node-10] [FSM]: from EXEC_TRAJ to REPLAN_TRAJ
[ego_planner_node-10] [WARN] [1786827125.343812082] [race_ego_planner]: [EGO_REPLAN_ODOM_DIVERGENCE] predicted_start=(0.366,-2.186,0.692) odom_start=(0.066,-2.195,-0.093) horizontal_error=0.300 base_threshold=0.250 effective_threshold=0.250 horizontal_speed=0.004 reason=TRACKING_DIVERGENCE
[ego_planner_node-10] [WARN] [1786827125.344134092] [race_ego_planner]: [EGO_REPLAN_REANCHOR] source=odom horizontal_error=0.300 base_threshold=0.250 effective_threshold=0.250 start=(0.066,-2.195,-0.093) velocity=(0.000,-0.004,0.002) reason=TRACKING_DIVERGENCE
[ego_planner_node-10] [INFO] [1786827125.344341066] [ego_planner]: [BSPLINE_START_BOUNDARY] degree=3 interval=0.277777778 position_hard=true velocity_hard=true acceleration_hard=true
[ego_planner_node-10] [INFO] [1786827125.345591317] [rebound_optimize]: [EGO_REBOUND_OPTIMIZATION] iterations=39 termination=0 max_obstacle_gradient_norm=0.000000000 obstacle_signal_nonzero=false success=true
[ego_planner_node-10] [INFO] [1786827125.345652647] [ego_planner]: [HANDOVER_PRE_POST] preopt_position_error=0.000000000 preopt_velocity_error=0.000000000 preopt_acceleration_error=0.000000000 postopt_position_error=0.000000000 postopt_velocity_error=0.000000000 postopt_acceleration_error=0.000000000
[ego_planner_node-10] [INFO] [1786827125.345759608] [race_ego_planner]: [EGO_CANDIDATE_STAGED] candidate_id=40 active_id=39 active_local_goal_seq=4 candidate_local_goal_seq=4
[ego_planner_node-10] [INFO] [1786827125.345843686] [race_ego_planner]: [EGO_CANDIDATE_CLEARANCE_GATE] trajectory_id=40 candidate=NORMAL start_clearance=1.303 required_publish_clearance=0.340 planning_clearance=0.340 hard_clearance=0.290
[ego_planner_node-10] [47;30m
[ego_planner_node-10] [drone -1 replan 39]==============================================[0m
[ego_planner_node-10] [1;33mmulti-trajs=1[1;0m
[ego_planner_node-10] [32miter(+1)=39,time(ms)=0.494,total_t(ms)=0.495,cost=0.006
[ego_planner_node-10] [0mtraj 1 success.
[ego_planner_node-10] plan_success=1
[ego_planner_node-10] total time:[42m0.00143855[0m,optimize:0.00143379,refine:4.758e-06,avg_time=0.0146002
[ego_planner_node-10] refine_success=1
[ego_planner_node-10] [INFO] [1786827125.347251838] [race_ego_planner]: [EGO_CANDIDATE_COMMIT] candidate_id=40 active_id=40 local_goal_seq=4 all_validations_passed=true
[ego_planner_node-10] [FSM]: from REPLAN_TRAJ to EXEC_TRAJ
[race_ego_trajectory_bridge-12] [INFO] [1786827125.352127177] [race_ego_trajectory_bridge]: [EGO_TRAJECTORY] trajectory_id=40 local_goal_seq=4 start_time=1786827125.352 points=85 duration=1.667 start=(0.066,-2.195,0.750) end=(0.747,-2.176,0.750) collision_free=true
[race_ego_trajectory_bridge-12] [INFO] [1786827125.352479161] [race_ego_trajectory_bridge]: [BRIDGE_CANDIDATE_COMMIT] trajectory_id=40 local_goal_seq=4 output_topic=/race/ego/validated_bspline
[race_ego_trajectory_bridge-12] [INFO] [1786827125.352566451] [race_ego_trajectory_bridge]: [EGO_STATUS] state=TRACKING control_enabled=true map=ready odom=ready goal=missing trajectory=ready
[race_ego_trajectory_bridge-12] [INFO] [1786827125.353564729] [race_ego_trajectory_bridge]: [EGO_STATUS] state=WAIT_ALTITUDE_REFERENCE control_enabled=true map=ready odom=ready goal=missing trajectory=ready
[offboard_waypoint_node-1] [INFO] [1786827125.718145015] [offboard_waypoint_node]: [CONTROL_ARBITER] selected_source=pilot_override state=MANUAL_OVERRIDE
[ego_planner_node-10] [FSM]: state: EXEC_TRAJ
[ego_planner_node-10] wait for goal or trigger.
[ego_planner_node-10] [FSM]: from EXEC_TRAJ to REPLAN_TRAJ
[ego_planner_node-10] [INFO] [1786827125.859020989] [ego_planner]: [BSPLINE_START_BOUNDARY] degree=3 interval=0.625000000 position_hard=true velocity_hard=true acceleration_hard=true
[ego_planner_node-10] [INFO] [1786827125.860520745] [rebound_optimize]: [EGO_REBOUND_OPTIMIZATION] iterations=32 termination=0 max_obstacle_gradient_norm=0.000000000 obstacle_signal_nonzero=false success=true
[ego_planner_node-10] [INFO] [1786827125.860608280] [ego_planner]: [HANDOVER_PRE_POST] preopt_position_error=0.000009644 preopt_velocity_error=0.000025843 preopt_acceleration_error=0.000000599 postopt_position_error=0.000009644 postopt_velocity_error=0.000025843 postopt_acceleration_error=0.000000599
[ego_planner_node-10] [INFO] [1786827125.860666359] [race_ego_planner]: [EGO_CANDIDATE_STAGED] candidate_id=41 active_id=40 active_local_goal_seq=4 candidate_local_goal_seq=4
[ego_planner_node-10] [INFO] [1786827125.860815624] [race_ego_planner]: [EGO_CANDIDATE_CLEARANCE_GATE] trajectory_id=41 candidate=NORMAL start_clearance=1.298 required_publish_clearance=0.340 planning_clearance=0.340 hard_clearance=0.290
[ego_planner_node-10] [INFO] [1786827125.861956238] [race_ego_planner]: [EGO_CANDIDATE_COMMIT] candidate_id=41 active_id=41 local_goal_seq=4 all_validations_passed=true
[ego_planner_node-10] [47;30m
[ego_planner_node-10] [drone -1 replan 40]==============================================[0m
[ego_planner_node-10] [1;33mmulti-trajs=1[1;0m
[ego_planner_node-10] [32miter(+1)=32,time(ms)=0.375,total_t(ms)=0.377,cost=0.105
[ego_planner_node-10] [0mtraj 1 success.
[ego_planner_node-10] plan_success=1
[ego_planner_node-10] total time:[42m0.0016471[0m,optimize:0.00164202,refine:5.078e-06,avg_time=0.0142843
[ego_planner_node-10] refine_success=1
[ego_planner_node-10] [FSM]: from REPLAN_TRAJ to EXEC_TRAJ
[race_ego_trajectory_bridge-12] [INFO] [1786827125.864906591] [race_ego_trajectory_bridge]: [EGO_TRAJECTORY] trajectory_id=41 local_goal_seq=4 start_time=1786827125.865 points=189 duration=3.750 start=(0.125,-2.194,0.750) end=(0.800,-2.173,0.750) collision_free=true
[race_ego_trajectory_bridge-12] [INFO] [1786827125.865373655] [race_ego_trajectory_bridge]: [BRIDGE_CANDIDATE_COMMIT] trajectory_id=41 local_goal_seq=4 output_topic=/race/ego/validated_bspline
[race_ego_trajectory_bridge-12] [INFO] [1786827125.865493625] [race_ego_trajectory_bridge]: [EGO_STATUS] state=TRACKING control_enabled=true map=ready odom=ready goal=missing trajectory=ready
[race_ego_trajectory_bridge-12] [INFO] [1786827125.873715984] [race_ego_trajectory_bridge]: [EGO_STATUS] state=WAIT_ALTITUDE_REFERENCE control_enabled=true map=ready odom=ready goal=missing trajectory=ready
[race_ego_cloud_bridge-8] [INFO] [1786827125.926846329] [race_ego_cloud_bridge]: [EGO_MAP_FUSION] static_points=11417 live_raw_points=17695 confirmed_live_voxels=6265 min_observations=2 memory_sec=1.00 fused_points=17682
[race_ego_cloud_bridge-8] [INFO] [1786827125.927189495] [race_ego_cloud_bridge]: [EGO_MAP_INPUT] topic=/race/ego/cloud frame=map points=17682 source=static_live_px4 refresh_period=0.00s
[fastlio_bridge_node-2] [INFO] [1786827126.005610448] [fastlio_bridge_node]: 已桥接并转换里程计: ENU(0.07, -2.20, -0.09) -> NED(-2.20, 0.07, 0.09)
[fastlio_bridge_node-2] [INFO] [1786827126.012654357] [fastlio_bridge_node]: 已桥接并转换里程计: ENU(0.07, -2.20, -0.09) -> NED(-2.20, 0.07, 0.09)
[fastlio_bridge_node-2] [INFO] [1786827126.019619507] [fastlio_bridge_node]: 已桥接并转换里程计: ENU(0.07, -2.20, -0.09) -> NED(-2.20, 0.07, 0.09)
[fastlio_bridge_node-2] [INFO] [1786827126.020288438] [fastlio_bridge_node]: 已桥接并转换里程计: ENU(0.07, -2.20, -0.09) -> NED(-2.20, 0.07, 0.09)
[fastlio_bridge_node-2] [INFO] [1786827126.030284257] [fastlio_bridge_node]: 已桥接并转换里程计: ENU(0.07, -2.20, -0.09) -> NED(-2.20, 0.07, 0.09)
[fastlio_bridge_node-2] [INFO] [1786827126.036312812] [fastlio_bridge_node]: 已桥接并转换里程计: ENU(0.07, -2.20, -0.09) -> NED(-2.20, 0.07, 0.09)
[fastlio_bridge_node-2] [INFO] [1786827126.039647065] [fastlio_bridge_node]: 已桥接并转换里程计: ENU(0.07, -2.20, -0.09) -> NED(-2.20, 0.07, 0.09)
[fastlio_bridge_node-2] [INFO] [1786827126.045854056] [fastlio_bridge_node]: 已桥接并转换里程计: ENU(0.07, -2.20, -0.09) -> NED(-2.20, 0.07, 0.09)
[fastlio_bridge_node-2] [INFO] [1786827126.048098781] [fastlio_bridge_node]: 已桥接并转换里程计: ENU(0.07, -2.20, -0.09) -> NED(-2.20, 0.07, 0.09)
[super_planner_ros2_node-6] [INFO] [1786827126.057073804] [super_planner_ros2_node]: SUPER_ROS2 mode=IDLE enable_output=false reason=WAIT_ALTITUDE_REFERENCE odom=(0.07,-2.20,-0.09) goal=none tracking_setpoint_enu=(0.07,-2.20,-0.09) setpoint_ned=none yaw(desired/cmd/rate)=(0.00/0.00/0.00) cross_track=0.00 frame_id=px4_ned path_points=20 odom_source=/race/odom cloud_source=/saved_map mavros_connected=true
[fastlio_bridge_node-2] [INFO] [1786827126.057162701] [fastlio_bridge_node]: 已桥接并转换里程计: ENU(0.07, -2.20, -0.09) -> NED(-2.20, 0.07, 0.09)
[fastlio_bridge_node-2] [INFO] [1786827126.061716424] [fastlio_bridge_node]: 已桥接并转换里程计: ENU(0.07, -2.20, -0.09) -> NED(-2.20, 0.07, 0.09)
[fastlio_bridge_node-2] [INFO] [1786827126.064374007] [fastlio_bridge_node]: 已桥接并转换里程计: ENU(0.07, -2.20, -0.09) -> NED(-2.20, 0.07, 0.09)
[fastlio_bridge_node-2] [INFO] [1786827126.067983225] [fastlio_bridge_node]: 已桥接并转换里程计: ENU(0.07, -2.20, -0.09) -> NED(-2.20, 0.07, 0.09)
[fastlio_bridge_node-2] [INFO] [1786827126.074659956] [fastlio_bridge_node]: 已桥接并转换里程计: ENU(0.07, -2.20, -0.09) -> NED(-2.20, 0.07, 0.09)
[fastlio_bridge_node-2] [INFO] [1786827126.079925459] [fastlio_bridge_node]: 已桥接并转换里程计: ENU(0.07, -2.20, -0.09) -> NED(-2.20, 0.07, 0.09)
[fastlio_bridge_node-2] [INFO] [1786827126.085232327] [fastlio_bridge_node]: 已桥接并转换里程计: ENU(0.07, -2.20, -0.09) -> NED(-2.20, 0.07, 0.09)
[ego_planner_node-10] [FSM]: from EXEC_TRAJ to REPLAN_TRAJ
[ego_planner_node-10] [WARN] [1786827126.399376916] [race_ego_planner]: [EGO_REPLAN_ODOM_DIVERGENCE] predicted_start=(0.373,-2.185,0.692) odom_start=(0.067,-2.197,-0.093) horizontal_error=0.306 base_threshold=0.250 effective_threshold=0.250 horizontal_speed=0.009 reason=TRACKING_DIVERGENCE
[ego_planner_node-10] [WARN] [1786827126.399483972] [race_ego_planner]: [EGO_REPLAN_REANCHOR] source=odom horizontal_error=0.306 base_threshold=0.250 effective_threshold=0.250 start=(0.067,-2.197,-0.093) velocity=(0.007,0.006,0.004) reason=TRACKING_DIVERGENCE
[ego_planner_node-10] [INFO] [1786827126.399573715] [ego_planner]: [BSPLINE_START_BOUNDARY] degree=3 interval=0.277777778 position_hard=true velocity_hard=true acceleration_hard=true
[ego_planner_node-10] [47;30m
[ego_planner_node-10] [drone -1 replan 41]==============================================[0m
[ego_planner_node-10] [1;33mmulti-trajs=1[1;0m
[ego_planner_node-10] [INFO] [1786827126.402581570] [rebound_optimize]: [EGO_REBOUND_OPTIMIZATION] iterations=39 termination=0 max_obstacle_gradient_norm=0.000000000 obstacle_signal_nonzero=false success=true
[ego_planner_node-10] [INFO] [1786827126.402675578] [ego_planner]: [HANDOVER_PRE_POST] preopt_position_error=0.000000000 preopt_velocity_error=0.000000000 preopt_acceleration_error=0.000000000 postopt_position_error=0.000000000 postopt_velocity_error=0.000000000 postopt_acceleration_error=0.000000000
[ego_planner_node-10] [INFO] [1786827126.402708003] [race_ego_planner]: [EGO_CANDIDATE_STAGED] candidate_id=42 active_id=41 active_local_goal_seq=4 candidate_local_goal_seq=4
[ego_planner_node-10] [INFO] [1786827126.402789208] [race_ego_planner]: [EGO_CANDIDATE_CLEARANCE_GATE] trajectory_id=42 candidate=NORMAL start_clearance=1.303 required_publish_clearance=0.340 planning_clearance=0.340 hard_clearance=0.290
[ego_planner_node-10] [INFO] [1786827126.404027594] [race_ego_planner]: [EGO_CANDIDATE_COMMIT] candidate_id=42 active_id=42 local_goal_seq=4 all_validations_passed=true
[ego_planner_node-10] [32miter(+1)=39,time(ms)=2.498,total_t(ms)=2.500,cost=0.006
[ego_planner_node-10] [0mtraj 1 success.
[ego_planner_node-10] plan_success=1
[ego_planner_node-10] total time:[42m0.00313362[0m,optimize:0.00313071,refine:2.906e-06,avg_time=0.0140188
[ego_planner_node-10] refine_success=1
[ego_planner_node-10] [FSM]: from REPLAN_TRAJ to EXEC_TRAJ
[race_ego_trajectory_bridge-12] [INFO] [1786827126.406178520] [race_ego_trajectory_bridge]: [EGO_TRAJECTORY] trajectory_id=42 local_goal_seq=4 start_time=1786827126.406 points=85 duration=1.667 start=(0.067,-2.197,0.750) end=(0.754,-2.175,0.750) collision_free=true
[race_ego_trajectory_bridge-12] [INFO] [1786827126.420282499] [race_ego_trajectory_bridge]: [BRIDGE_CANDIDATE_COMMIT] trajectory_id=42 local_goal_seq=4 output_topic=/race/ego/validated_bspline
[race_ego_trajectory_bridge-12] [INFO] [1786827126.420394523] [race_ego_trajectory_bridge]: [EGO_STATUS] state=TRACKING control_enabled=true map=ready odom=ready goal=missing trajectory=ready
[race_ego_trajectory_bridge-12] [WARN] [1786827126.421016740] [race_ego_trajectory_bridge]: Reject unvalidated PositionCommand trajectory_id=41 validated_trajectory_id=42
[race_ego_trajectory_bridge-12] [INFO] [1786827126.424468983] [race_ego_trajectory_bridge]: [EGO_STATUS] state=WAIT_ALTITUDE_REFERENCE control_enabled=true map=ready odom=ready goal=missing trajectory=ready
[rviz2-13] The X11 connection broke (error 1). Did the X11 server die?
