[navigation stack (prewarm)] starting
[navigation stack (prewarm)] command: env MAP_FILE=/home/robot/rong_ws/ws_offboard_control/maps/fastlio_global_3d_20260810/GlobalMap_去顶端_z3m.pcd PLANNER_BACKEND=astar_ego MISSION_ENABLED=false RECOGNITION_ENABLED=false RVIZ=true ENABLE_OUTPUT=true MANUAL_HANDOVER=true MAP_AUTO_LOAD=true /home/robot/rong_ws/ws_offboard_control/tools/flight/运行导航控制.sh
[navigation stack (prewarm)] pid=25521 pgid=25521 log=/home/robot/rong_ws/ws_offboard_control/flight_records/20260811/flight_20260811_174204/logs/navigation.log
导航后端：    astar_ego
任务序列器：  false
地图文件：    /home/robot/rong_ws/ws_offboard_control/maps/fastlio_global_3d_20260810/GlobalMap_去顶端_z3m.pcd
地图自动加载：true
Recognition:        false
导航输出：    true
人工接管：    true
[INFO] [launch]: All log files can be found below /home/robot/.ros/log/2026-08-11-17-42-10-313712-robot-25521
[INFO] [launch]: Default logging verbosity is set to INFO
[INFO] [launch.user]: [TUNING_FILE]
[INFO] [launch.user]: path=/home/robot/rong_ws/ws_offboard_control/install/race_bringup/share/race_bringup/config/astar_ego_tuning.yaml
[INFO] [launch.user]: schema_version=1
[INFO] [launch.user]: [EGO_MAP_SOURCE]
[INFO] [launch.user]: ego_map_source=static_live_px4
[INFO] [launch.user]: [EGO_MAP_TUNING]
[INFO] [launch.user]: {'live_obstacle_memory_sec': 1.0, 'live_obstacle_voxel_size_m': 0.1, 'live_obstacle_min_observations': 2, 'minimum_reliable_detection_range_m': 0.725, 'pose_sync_max_skew_sec': 0.3, 'pose_buffer_duration_sec': 1.0}
[INFO] [launch.user]: [SHARED_BOUNDS]
[INFO] [launch.user]: x=[-0.85,11.9] y=[-3.2,12.4] z=[0.5,0.85] margin=0.15
[INFO] [launch.user]: [GLOBAL_PLANNER_TUNING]
[INFO] [launch.user]: {'grid_resolution': 0.15, 'planning_resolution': 0.05, 'hard_inflation_radius': 0.28, 'min_planning_inflation_radius': 0.28, 'soft_obstacle_cost_radius': 0.54, 'clearance_cost_weight': 3.0, 'tracking_lookahead_distance': 0.3, 'max_local_goal_distance': 1.7, 'smoothing_min_clearance': 0.1, 'allow_direct_path': False, 'enable_path_shortcut': False}
[INFO] [launch.user]: [EGO_TUNING]
[INFO] [launch.user]: {'planning_horizon': 5.0, 'local_update_range_x': 6.0, 'local_update_range_y': 6.0, 'local_update_range_z': 1.25, 'occupancy_map_size_x': 24.0, 'occupancy_map_size_y': 26.0, 'occupancy_publish_max_height': 2.5, 'max_velocity': 0.6, 'max_acceleration': 0.8, 'control_point_spacing': 0.25, 'planning_clearance_m': 0.34, 'constrained_clearance_enable': False, 'constrained_clearance_m': 0.24, 'constrained_optimization_clearance_m': 0.3, 'far_end_clearance_extra_m': 0.06, 'optimization_clearance_m': 0.42, 'max_reference_deviation_m': 0.8, 'use_distinctive_trajectories': True, 'replan_start_position_error_m': 0.25, 'handover_position_tolerance_m': 0.01, 'handover_velocity_tolerance_mps': 0.005, 'handover_acceleration_tolerance_mps2': 0.01, 'fixed_flight_height': 0.78}
[INFO] [launch.user]: [BRIDGE_TUNING]
[INFO] [launch.user]: {'occupancy_timeout_sec': 1.0, 'active_recheck_history_sec': 0.5, 'bspline_timeout_sec': 0.2, 'command_timeout_sec': 0.2, 'dynamic_invalid_grace_sec': 0.75, 'replan_hold_timeout_sec': 3.0, 'collision_sample_spacing_m': 0.04, 'braking_deceleration_mps2': 0.8, 'reaction_time_sec': 0.15, 'dynamic_limit_margin': 1.1, 'max_yaw_rate_rad_s': 0.8}
[INFO] [launch.user]: [OFFBOARD_TUNING]
[INFO] [launch.user]: {'takeoff_height_m': 0.55, 'ego_goal_release_height_m': 0.5, 'ego_goal_stable_height_tolerance_m': 0.05, 'ego_goal_stable_horizontal_speed_mps': 0.08, 'ego_goal_stable_vertical_speed_mps': 0.05, 'ego_goal_stable_duration_sec': 0.5, 'fixed_flight_height_m': 0.78, 'max_safe_height_m': 0.85, 'goal_tolerance_xy_m': 0.1, 'goal_tolerance_z_m': 0.05, 'setpoint_rate_hz': 20.0, 'trusted_position_max_speed_mps': 4.0, 'trusted_position_jump_allowance_m': 0.4, 'ego_setpoint_max_lead_m': 2.0, 'ego_setpoint_timeout_sec': 2.5, 'same_goal_retry_on_safety_latch': True, 'ego_yaw_rate_limit_rad_s': 0.8, 'initial_position_stabilization_sec': 0.5, 'initial_position_max_spread_m': 0.08, 'initial_position_max_speed_mps': 0.2}
[INFO] [offboard_waypoint_node-1]: process started with pid [25609]
[INFO] [fastlio_bridge_node-2]: process started with pid [25611]
[INFO] [frame_transform_node-3]: process started with pid [25613]
[INFO] [map_io_node-4]: process started with pid [25615]
[INFO] [mapping_manager_node-5]: process started with pid [25617]
[INFO] [super_planner_ros2_node-6]: process started with pid [25619]
[INFO] [race_ego_odom_bridge-7]: process started with pid [25621]
[INFO] [race_ego_cloud_bridge-8]: process started with pid [25623]
[INFO] [race_ego_goal_bridge-9]: process started with pid [25625]
[INFO] [ego_planner_node-10]: process started with pid [25627]
[INFO] [traj_server-11]: process started with pid [25629]
[INFO] [race_ego_trajectory_bridge-12]: process started with pid [25636]
[frame_transform_node-3] [INFO] [1786441330.757266442] [frame_transform_node]: frame_transform_node started
[frame_transform_node-3] [INFO] [1786441330.757524757] [frame_transform_node]:   Published static TF: map -> odom (identity)
[frame_transform_node-3] [INFO] [1786441330.757538633] [frame_transform_node]:   Published static TF: camera_init -> map (identity, RViz display only)
[mapping_manager_node-5] [INFO] [1786441330.760513850] [mapping_manager_node]: mapping_manager_node started
[mapping_manager_node-5] [INFO] [1786441330.760974641] [mapping_manager_node]:   auto_load_on_start: false
[mapping_manager_node-5] [INFO] [1786441330.760992727] [mapping_manager_node]:   auto_save_on_land: true
[race_ego_trajectory_bridge-12] [INFO] [1786441330.792786021] [race_ego_trajectory_bridge]: [BRIDGE_CLEARANCE_THRESHOLD] hard_clearance=0.290000000
[race_ego_trajectory_bridge-12] [INFO] [1786441330.800074315] [race_ego_trajectory_bridge]: [BRIDGE_BRAKING_CONTRACT] max_speed=0.600 deceleration=0.800 reaction=0.150 clearance=0.290 braking_horizon=0.605 detection_range=0.725
[race_ego_cloud_bridge-8] [INFO] [1786441330.820073496] [race_ego_cloud_bridge]: EGO cloud bridge: source=static_live_px4 input=/saved_map+/fast_lio/cloud_registered_body output=/race/ego/cloud required_frame=map frame_transform=px4_pose_projection
[race_ego_odom_bridge-7] [INFO] [1786441330.835915589] [race_ego_odom_bridge]: EGO odom bridge: /mavros/local_position/odom -> /race/ego/odom frame=map pose=enuToMap(-y,x,z) velocity=bodyFLU->ENU->map strict=false
[fastlio_bridge_node-2] [INFO] [1786441330.848775847] [fastlio_bridge_node]: FAST-LIO2 里程计桥接已启动：订阅 /Odometry -> /race/odom, /race/pose
[offboard_waypoint_node-1] [INFO] [1786441330.867425369] [offboard_waypoint_node]: Offboard adapter: control_source=ego navigation_topic=/race/navigation_setpoint ego_topic=/race/ego/trajectory_setpoint frame=px4_ned timeout=0.80s ego_timeout=0.20s height=[0.50, 0.85]m warmup=1.0s stabilization=3.0s takeoff_complete=0.55m strict_health=false
[offboard_waypoint_node-1] [INFO] [1786441330.868030759] [offboard_waypoint_node]: [PLANNER_SOURCE] backend=ego
[offboard_waypoint_node-1] [INFO] [1786441330.868056957] [offboard_waypoint_node]: [TRAJECTORY_SOURCE] selected=ego timeout=2.50s
[race_ego_trajectory_bridge-12] [INFO] [1786441330.871009469] [race_ego_trajectory_bridge]: [EGO_STATUS] state=WAIT_MAP control_enabled=true map=missing odom=missing goal=missing trajectory=missing
[map_io_node-4] [INFO] [1786441330.872788479] [map_io_node]: map_io_node started
[map_io_node-4] [INFO] [1786441330.873198139] [map_io_node]:   map_file: /home/robot/rong_ws/ws_offboard_control/maps/fastlio_global_3d_20260810/GlobalMap_去顶端_z3m.pcd
[map_io_node-4] [INFO] [1786441330.873217107] [map_io_node]:   publish_topic: /saved_map
[map_io_node-4] [INFO] [1786441330.873227692] [map_io_node]:   display_leaf_size: 0.10 m
[map_io_node-4] [INFO] [1786441330.873248179] [map_io_node]:   max_display_points: 3000000
[super_planner_ros2_node-6] [INFO] [1786441330.880950227] [super_planner_ros2_node]: MODE_INIT enable_output=true setpoint_topic=/race/navigation_setpoint setpoint_frame=px4_ned control_rate=20.0 replan_rate=2.0 tracking_lookahead=0.30 heading_lookahead=0.80 max_yaw_rate=1.00 odom_topic=/mavros/local_position/odom odom_input_frame=map_enu require_mavros_connected=false mavros_state_topic=/mavros/state cloud_topic=/saved_map PLANNER_INTERNAL_FRAME=map hard_inflation=0.28 soft_cost_radius=0.54 clearance_cost_weight=3.00 smoothing=true method=chaikin iterations=2 sample_resolution=0.10 allow_direct_path=false enable_path_shortcut=false
[super_planner_ros2_node-6] [INFO] [1786441330.881426881] [super_planner_ros2_node]: GLOBAL_MODE global_only=true control_output=false global_path=/race/global_path local_goal=/race/ego/local_goal
[super_planner_ros2_node-6] [INFO] [1786441330.881445761] [super_planner_ros2_node]: [SUPER_MODE] global_only=true max_planning_distance=9.000 segment_chaining=false
[super_planner_ros2_node-6] [INFO] [1786441330.881451026] [super_planner_ros2_node]: [SUPER_DIRECT_MODE] enabled=false
[super_planner_ros2_node-6] [INFO] [1786441330.881463382] [super_planner_ros2_node]: [SHARED_BOUNDS] x=[-0.85,11.90] y=[-3.20,12.40] z=[0.50,0.85] margin=0.15
[offboard_waypoint_node-1] [INFO] [1786441330.917874577] [offboard_waypoint_node]: [EV_HOLD_WAIT] continuous_healthy=0.00s required=7.50s
[offboard_waypoint_node-1] [INFO] [1786441330.918335962] [offboard_waypoint_node]: [CONTROL_ARBITER] selected_source=waiting_for_ev_ground_reference state=WAITING_FOR_ODOM
[super_planner_ros2_node-6] [INFO] [1786441330.932049521] [super_planner_ros2_node]: SUPER_ROS2 mode=NO_ODOM enable_output=false reason=NO_ODOM odom=(0.00,0.00,0.00) goal=none tracking_setpoint_enu=(0.00,0.00,0.00) setpoint_ned=none yaw(desired/cmd/rate)=(0.00/0.00/0.00) cross_track=0.00 frame_id=px4_ned path_points=0 odom_source=none cloud_source=none mavros_connected=false
[ego_planner_node-10] [INFO] [1786441330.973657842] [race_ego_planner]: [EGO_RECOVERY_GEOMETRY_CONFIG] search_distance=0.600 minimum_forward_progress=0.150 extra_clearance=0.060 max_reference_deviation=0.780 max_lateral_offset=0.750 lateral_offset_step=0.150
[ego_planner_node-10] [INFO] [1786441330.979448988] [race_ego_planner]: [EGO_HANDOVER_TOLERANCE] position_m=0.010 velocity_mps=0.005 acceleration_mps2=0.010
[ego_planner_node-10] [INFO] [1786441330.979511323] [race_ego_planner]: [EGO_REFERENCE_GEOMETRY_LIMIT] max_reference_deviation_m=0.800
[ego_planner_node-10] [INFO] [1786441330.980622300] [race_ego_planner]: [EGO_OCCUPANCY_SAFETY_MODEL] required_center_clearance=0.290 planning_clearance=0.340 resolution=0.150 coarse_inflation_steps=2 coarse_voxel_clearance=0.300 continuous_query=true
[ego_planner_node-10] hit: 0.619039
[ego_planner_node-10] miss: -0.619039
[ego_planner_node-10] min log: -1.99243
[ego_planner_node-10] max: 2.19722
[ego_planner_node-10] thresh log: 1.38629
[ego_planner_node-10] [INFO] [1786441330.991856517] [race_ego_planner]: [EGO_OBSTACLE_CLEARANCE_CONTRACT] required_center_clearance=0.290000000 planning_clearance=0.340000000 optimization_target_clearance=0.420000000 far_end_clearance_extra=0.060000000 far_end_target_clearance=0.480000000 collision_weight=1.200000000 valid=true
[ego_planner_node-10] [INFO] [1786441330.991911357] [race_ego_planner]: [EGO_ACTIVE_OPTIMIZATION_TERMS] smoothness=true obstacle=true feasibility=true reference=false endpoint=true smoothness_weight=1.000000 obstacle_weight=1.200000 feasibility_weight=0.400000 reference_weight=0.000000 configured_fitness_weight=1.000000 obstacle_clearance=0.420000
[ego_planner_node-10] [INFO] [1786441331.034012450] [race_ego_planner]: [EGO_CONSTRAINED_CLEARANCE_CONFIG] enabled=false normal=0.340 constrained=0.240 optimization=0.300
[ego_planner_node-10] [INFO] [1786441331.036042605] [race_ego_planner]: single drone:-1
[traj_server-11] [WARN] [1786441331.870999348] [race_ego_traj_server]: [Traj server]: ready.
[map_io_node-4] [INFO] [1786441331.874277584] [map_io_node]: Loaded 9628 points from /home/robot/rong_ws/ws_offboard_control/maps/fastlio_global_3d_20260810/GlobalMap_去顶端_z3m.pcd
[map_io_node-4] [INFO] [1786441331.888641283] [map_io_node]: Downsampled display map: 9628 -> 9161 points (leaf 0.10 m)
[map_io_node-4] [INFO] [1786441331.889250572] [map_io_node]: Published map to /saved_map (frame: map)
[super_planner_ros2_node-6] [WARN] [1786441331.889740748] [super_planner_ros2_node]: Using cloud source: /saved_map frame_id=map
[race_ego_cloud_bridge-8] [INFO] [1786441331.889775551] [race_ego_cloud_bridge]: [EGO_STATIC_MAP_READY] topic=/saved_map frame=map points=9161 fused=true
[offboard_waypoint_node-1] [INFO] [1786441331.967609320] [offboard_waypoint_node]: [EV_HOLD_WAIT] continuous_healthy=0.00s required=7.50s
[offboard_waypoint_node-1] [INFO] [1786441331.967780709] [offboard_waypoint_node]: [CONTROL_ARBITER] selected_source=waiting_for_ev_ground_reference state=WAITING_FOR_ODOM
[super_planner_ros2_node-6] [INFO] [1786441331.981157958] [super_planner_ros2_node]: SUPER_ROS2 mode=NO_ODOM enable_output=false reason=NO_ODOM odom=(0.00,0.00,0.00) goal=none tracking_setpoint_enu=(0.00,0.00,0.00) setpoint_ned=none yaw(desired/cmd/rate)=(0.00/0.00/0.00) cross_track=0.00 frame_id=px4_ned path_points=0 odom_source=none cloud_source=/saved_map mavros_connected=false
[ego_planner_node-10] [FSM]: state: INIT
[ego_planner_node-10] no odom.
[ego_planner_node-10] wait for goal or trigger.
[offboard_waypoint_node-1] [INFO] [1786441332.967730684] [offboard_waypoint_node]: [EV_HOLD_WAIT] continuous_healthy=0.00s required=7.50s
[offboard_waypoint_node-1] [INFO] [1786441332.967939088] [offboard_waypoint_node]: [CONTROL_ARBITER] selected_source=waiting_for_ev_ground_reference state=WAITING_FOR_ODOM
[super_planner_ros2_node-6] [INFO] [1786441332.981222216] [super_planner_ros2_node]: SUPER_ROS2 mode=NO_ODOM enable_output=false reason=NO_ODOM odom=(0.00,0.00,0.00) goal=none tracking_setpoint_enu=(0.00,0.00,0.00) setpoint_ned=none yaw(desired/cmd/rate)=(0.00/0.00/0.00) cross_track=0.00 frame_id=px4_ned path_points=0 odom_source=none cloud_source=/saved_map mavros_connected=false
[ego_planner_node-10] [FSM]: state: INIT
[ego_planner_node-10] no odom.
[ego_planner_node-10] wait for goal or trigger.
[race_ego_cloud_bridge-8] [INFO] [1786441333.893274003] [race_ego_cloud_bridge]: [EGO_STATIC_MAP_READY] topic=/saved_map frame=map points=9161 fused=true
[offboard_waypoint_node-1] [INFO] [1786441333.967819336] [offboard_waypoint_node]: [EV_HOLD_WAIT] continuous_healthy=0.00s required=7.50s
[offboard_waypoint_node-1] [INFO] [1786441333.968200316] [offboard_waypoint_node]: [CONTROL_ARBITER] selected_source=waiting_for_ev_ground_reference state=WAITING_FOR_ODOM
[super_planner_ros2_node-6] [INFO] [1786441333.981303756] [super_planner_ros2_node]: SUPER_ROS2 mode=NO_ODOM enable_output=false reason=NO_ODOM odom=(0.00,0.00,0.00) goal=none tracking_setpoint_enu=(0.00,0.00,0.00) setpoint_ned=none yaw(desired/cmd/rate)=(0.00/0.00/0.00) cross_track=0.00 frame_id=px4_ned path_points=0 odom_source=none cloud_source=/saved_map mavros_connected=false
[ego_planner_node-10] [FSM]: state: INIT
[ego_planner_node-10] no odom.
[ego_planner_node-10] wait for goal or trigger.
[offboard_waypoint_node-1] [INFO] [1786441334.967955014] [offboard_waypoint_node]: [EV_HOLD_WAIT] continuous_healthy=0.00s required=7.50s
[super_planner_ros2_node-6] [INFO] [1786441334.981373136] [super_planner_ros2_node]: SUPER_ROS2 mode=NO_ODOM enable_output=false reason=NO_ODOM odom=(0.00,0.00,0.00) goal=none tracking_setpoint_enu=(0.00,0.00,0.00) setpoint_ned=none yaw(desired/cmd/rate)=(0.00/0.00/0.00) cross_track=0.00 frame_id=px4_ned path_points=0 odom_source=none cloud_source=/saved_map mavros_connected=false
[offboard_waypoint_node-1] [INFO] [1786441335.017881051] [offboard_waypoint_node]: [CONTROL_ARBITER] selected_source=waiting_for_ev_ground_reference state=WAITING_FOR_ODOM
[ego_planner_node-10] [FSM]: state: INIT
[ego_planner_node-10] no odom.
[ego_planner_node-10] wait for goal or trigger.
[race_ego_cloud_bridge-8] [INFO] [1786441335.890294636] [race_ego_cloud_bridge]: [EGO_STATIC_MAP_READY] topic=/saved_map frame=map points=9161 fused=true
[super_planner_ros2_node-6] [INFO] [1786441335.981508582] [super_planner_ros2_node]: SUPER_ROS2 mode=NO_ODOM enable_output=false reason=NO_ODOM odom=(0.00,0.00,0.00) goal=none tracking_setpoint_enu=(0.00,0.00,0.00) setpoint_ned=none yaw(desired/cmd/rate)=(0.00/0.00/0.00) cross_track=0.00 frame_id=px4_ned path_points=0 odom_source=none cloud_source=/saved_map mavros_connected=false
[offboard_waypoint_node-1] [INFO] [1786441336.017857868] [offboard_waypoint_node]: [EV_HOLD_WAIT] continuous_healthy=0.00s required=7.50s
[offboard_waypoint_node-1] [INFO] [1786441336.018001510] [offboard_waypoint_node]: [CONTROL_ARBITER] selected_source=waiting_for_ev_ground_reference state=WAITING_FOR_ODOM
[ego_planner_node-10] [FSM]: state: INIT
[ego_planner_node-10] no odom.
[ego_planner_node-10] wait for goal or trigger.
[super_planner_ros2_node-6] [INFO] [1786441336.981931720] [super_planner_ros2_node]: SUPER_ROS2 mode=NO_ODOM enable_output=false reason=NO_ODOM odom=(0.00,0.00,0.00) goal=none tracking_setpoint_enu=(0.00,0.00,0.00) setpoint_ned=none yaw(desired/cmd/rate)=(0.00/0.00/0.00) cross_track=0.00 frame_id=px4_ned path_points=0 odom_source=none cloud_source=/saved_map mavros_connected=false
[offboard_waypoint_node-1] [INFO] [1786441337.018028195] [offboard_waypoint_node]: [EV_HOLD_WAIT] continuous_healthy=0.00s required=7.50s
[offboard_waypoint_node-1] [INFO] [1786441337.018203348] [offboard_waypoint_node]: [CONTROL_ARBITER] selected_source=waiting_for_ev_ground_reference state=WAITING_FOR_ODOM
[ego_planner_node-10] [FSM]: state: INIT
[ego_planner_node-10] no odom.
[ego_planner_node-10] wait for goal or trigger.
[race_ego_cloud_bridge-8] [INFO] [1786441337.892224461] [race_ego_cloud_bridge]: [EGO_STATIC_MAP_READY] topic=/saved_map frame=map points=9161 fused=true
[offboard_waypoint_node-1] [INFO] [1786441338.018250622] [offboard_waypoint_node]: [EV_HOLD_WAIT] continuous_healthy=0.00s required=7.50s
[offboard_waypoint_node-1] [INFO] [1786441338.018707957] [offboard_waypoint_node]: [CONTROL_ARBITER] selected_source=waiting_for_ev_ground_reference state=WAITING_FOR_ODOM
[super_planner_ros2_node-6] [INFO] [1786441338.032647881] [super_planner_ros2_node]: SUPER_ROS2 mode=NO_ODOM enable_output=false reason=NO_ODOM odom=(0.00,0.00,0.00) goal=none tracking_setpoint_enu=(0.00,0.00,0.00) setpoint_ned=none yaw(desired/cmd/rate)=(0.00/0.00/0.00) cross_track=0.00 frame_id=px4_ned path_points=0 odom_source=none cloud_source=/saved_map mavros_connected=false
[ego_planner_node-10] [FSM]: state: INIT
[ego_planner_node-10] no odom.
[ego_planner_node-10] wait for goal or trigger.
[offboard_waypoint_node-1] [INFO] [1786441339.068382646] [offboard_waypoint_node]: [EV_HOLD_WAIT] continuous_healthy=0.00s required=7.50s
[offboard_waypoint_node-1] [INFO] [1786441339.068713972] [offboard_waypoint_node]: [CONTROL_ARBITER] selected_source=waiting_for_ev_ground_reference state=WAITING_FOR_ODOM
[super_planner_ros2_node-6] [INFO] [1786441339.082135953] [super_planner_ros2_node]: SUPER_ROS2 mode=NO_ODOM enable_output=false reason=NO_ODOM odom=(0.00,0.00,0.00) goal=none tracking_setpoint_enu=(0.00,0.00,0.00) setpoint_ned=none yaw(desired/cmd/rate)=(0.00/0.00/0.00) cross_track=0.00 frame_id=px4_ned path_points=0 odom_source=none cloud_source=/saved_map mavros_connected=false
[ego_planner_node-10] [FSM]: state: INIT
[ego_planner_node-10] no odom.
[ego_planner_node-10] wait for goal or trigger.
[race_ego_cloud_bridge-8] [INFO] [1786441339.895168227] [race_ego_cloud_bridge]: [EGO_STATIC_MAP_READY] topic=/saved_map frame=map points=9161 fused=true
[super_planner_ros2_node-6] [INFO] [1786441340.082585357] [super_planner_ros2_node]: SUPER_ROS2 mode=NO_ODOM enable_output=false reason=NO_ODOM odom=(0.00,0.00,0.00) goal=none tracking_setpoint_enu=(0.00,0.00,0.00) setpoint_ned=none yaw(desired/cmd/rate)=(0.00/0.00/0.00) cross_track=0.00 frame_id=px4_ned path_points=0 odom_source=none cloud_source=/saved_map mavros_connected=false
[offboard_waypoint_node-1] [INFO] [1786441340.118195681] [offboard_waypoint_node]: [EV_HOLD_WAIT] continuous_healthy=0.00s required=7.50s
[offboard_waypoint_node-1] [INFO] [1786441340.118357250] [offboard_waypoint_node]: [CONTROL_ARBITER] selected_source=waiting_for_ev_ground_reference state=WAITING_FOR_ODOM
[ego_planner_node-10] [FSM]: state: INIT
[ego_planner_node-10] no odom.
[ego_planner_node-10] wait for goal or trigger.
[offboard_waypoint_node-1] [INFO] [1786441341.118339088] [offboard_waypoint_node]: [EV_HOLD_WAIT] continuous_healthy=0.00s required=7.50s
[offboard_waypoint_node-1] [INFO] [1786441341.118526274] [offboard_waypoint_node]: [CONTROL_ARBITER] selected_source=waiting_for_ev_ground_reference state=WAITING_FOR_ODOM
[super_planner_ros2_node-6] [INFO] [1786441341.132386299] [super_planner_ros2_node]: SUPER_ROS2 mode=NO_ODOM enable_output=false reason=NO_ODOM odom=(0.00,0.00,0.00) goal=none tracking_setpoint_enu=(0.00,0.00,0.00) setpoint_ned=none yaw(desired/cmd/rate)=(0.00/0.00/0.00) cross_track=0.00 frame_id=px4_ned path_points=0 odom_source=none cloud_source=/saved_map mavros_connected=false
[ego_planner_node-10] [FSM]: state: INIT
[ego_planner_node-10] no odom.
[ego_planner_node-10] wait for goal or trigger.
[race_ego_cloud_bridge-8] [INFO] [1786441341.890817932] [race_ego_cloud_bridge]: [EGO_STATIC_MAP_READY] topic=/saved_map frame=map points=9161 fused=true
[offboard_waypoint_node-1] [INFO] [1786441342.168361445] [offboard_waypoint_node]: [EV_HOLD_WAIT] continuous_healthy=0.00s required=7.50s
[offboard_waypoint_node-1] [INFO] [1786441342.168520257] [offboard_waypoint_node]: [CONTROL_ARBITER] selected_source=waiting_for_ev_ground_reference state=WAITING_FOR_ODOM
[super_planner_ros2_node-6] [INFO] [1786441342.181900836] [super_planner_ros2_node]: SUPER_ROS2 mode=NO_ODOM enable_output=false reason=NO_ODOM odom=(0.00,0.00,0.00) goal=none tracking_setpoint_enu=(0.00,0.00,0.00) setpoint_ned=none yaw(desired/cmd/rate)=(0.00/0.00/0.00) cross_track=0.00 frame_id=px4_ned path_points=0 odom_source=none cloud_source=/saved_map mavros_connected=false
[ego_planner_node-10] [FSM]: state: INIT
[ego_planner_node-10] no odom.
[ego_planner_node-10] wait for goal or trigger.
[offboard_waypoint_node-1] [INFO] [1786441343.168460844] [offboard_waypoint_node]: [EV_HOLD_WAIT] continuous_healthy=0.00s required=7.50s
[offboard_waypoint_node-1] [INFO] [1786441343.168603421] [offboard_waypoint_node]: [CONTROL_ARBITER] selected_source=waiting_for_ev_ground_reference state=WAITING_FOR_ODOM
[super_planner_ros2_node-6] [INFO] [1786441343.181943625] [super_planner_ros2_node]: SUPER_ROS2 mode=NO_ODOM enable_output=false reason=NO_ODOM odom=(0.00,0.00,0.00) goal=none tracking_setpoint_enu=(0.00,0.00,0.00) setpoint_ned=none yaw(desired/cmd/rate)=(0.00/0.00/0.00) cross_track=0.00 frame_id=px4_ned path_points=0 odom_source=none cloud_source=/saved_map mavros_connected=false
[ego_planner_node-10] [FSM]: state: INIT
[ego_planner_node-10] no odom.
[ego_planner_node-10] wait for goal or trigger.
[race_ego_cloud_bridge-8] [INFO] [1786441343.895405269] [race_ego_cloud_bridge]: [EGO_STATIC_MAP_READY] topic=/saved_map frame=map points=9161 fused=true
[fastlio_bridge_node-2] [INFO] [1786441344.067662239] [fastlio_bridge_node]: 已桥接并转换里程计: ENU(0.02, 0.01, -0.00) -> NED(-0.02, 0.01, 0.00)
[super_planner_ros2_node-6] [INFO] [1786441344.182096580] [super_planner_ros2_node]: SUPER_ROS2 mode=NO_ODOM enable_output=false reason=NO_ODOM odom=(0.00,0.00,0.00) goal=none tracking_setpoint_enu=(0.00,0.00,0.00) setpoint_ned=none yaw(desired/cmd/rate)=(0.00/0.00/0.00) cross_track=0.00 frame_id=px4_ned path_points=0 odom_source=none cloud_source=/saved_map mavros_connected=false
[offboard_waypoint_node-1] [INFO] [1786441344.218532941] [offboard_waypoint_node]: [EV_HOLD_WAIT] continuous_healthy=0.00s required=7.50s
[offboard_waypoint_node-1] [INFO] [1786441344.218691732] [offboard_waypoint_node]: [CONTROL_ARBITER] selected_source=waiting_for_ev_ground_reference state=WAITING_FOR_ODOM
[ego_planner_node-10] [FSM]: state: INIT
[ego_planner_node-10] no odom.
[ego_planner_node-10] wait for goal or trigger.
[super_planner_ros2_node-6] [INFO] [1786441345.182682080] [super_planner_ros2_node]: SUPER_ROS2 mode=NO_ODOM enable_output=false reason=NO_ODOM odom=(0.00,0.00,0.00) goal=none tracking_setpoint_enu=(0.00,0.00,0.00) setpoint_ned=none yaw(desired/cmd/rate)=(0.00/0.00/0.00) cross_track=0.00 frame_id=px4_ned path_points=0 odom_source=none cloud_source=/saved_map mavros_connected=false
[offboard_waypoint_node-1] [INFO] [1786441345.218560139] [offboard_waypoint_node]: [EV_HOLD_WAIT] continuous_healthy=0.00s required=7.50s
[offboard_waypoint_node-1] [INFO] [1786441345.218691787] [offboard_waypoint_node]: [CONTROL_ARBITER] selected_source=waiting_for_ev_ground_reference state=WAITING_FOR_ODOM
[super_planner_ros2_node-6] [WARN] [1786441345.315509297] [super_planner_ros2_node]: MAVROS reports connected=false; FCU link is down.
[offboard_waypoint_node-1] [WARN] [1786441345.392940519] [offboard_waypoint_node]: [POSE_WAIT] no local velocity sample yet on /mavros/local_position/velocity_local
[super_planner_ros2_node-6] [WARN] [1786441345.392986005] [super_planner_ros2_node]: Using odom source: /mavros/local_position/odom odom_input_frame=map_enu planner_enu=(-0.00, -0.01, -0.05)
[ego_planner_node-10] [FSM]: state: INIT
[ego_planner_node-10] wait for goal or trigger.
[ego_planner_node-10] [FSM]: from INIT to WAIT_TARGET
[race_ego_cloud_bridge-8] [INFO] [1786441345.891040924] [race_ego_cloud_bridge]: [EGO_STATIC_MAP_READY] topic=/saved_map frame=map points=9161 fused=true
[offboard_waypoint_node-1] [INFO] [1786441345.928854052] [offboard_waypoint_node]: [POSE_TRUSTED] stable_for=0.50s position_ned=(-0.005,-0.003,0.050)
[offboard_waypoint_node-1] [INFO] [1786441345.969061659] [offboard_waypoint_node]: [EV_HEALTH] state=SUSPECT continuous_healthy=0.00s
[fastlio_bridge_node-2] [INFO] [1786441346.066470639] [fastlio_bridge_node]: 已桥接并转换里程计: ENU(0.03, 0.01, 0.00) -> NED(-0.03, 0.01, -0.00)
[offboard_waypoint_node-1] [INFO] [1786441346.218697940] [offboard_waypoint_node]: [EV_HOLD_WAIT] continuous_healthy=0.00s required=7.50s
[offboard_waypoint_node-1] [INFO] [1786441346.218836236] [offboard_waypoint_node]: [CONTROL_ARBITER] selected_source=waiting_for_ev_ground_reference state=WAITING_FOR_ODOM
[super_planner_ros2_node-6] [INFO] [1786441346.232347808] [super_planner_ros2_node]: SUPER_ROS2 mode=IDLE enable_output=false reason=NO_GOAL odom=(-0.00,-0.01,-0.05) goal=none tracking_setpoint_enu=(-0.00,-0.01,0.78) setpoint_ned=none yaw(desired/cmd/rate)=(0.00/0.00/0.00) cross_track=0.00 frame_id=px4_ned path_points=0 odom_source=/mavros/local_position/odom cloud_source=/saved_map mavros_connected=true
[ego_planner_node-10] [FSM]: state: WAIT_TARGET
[ego_planner_node-10] wait for goal or trigger.
[offboard_waypoint_node-1] [INFO] [1786441347.218724332] [offboard_waypoint_node]: [EV_HOLD_WAIT] continuous_healthy=0.00s required=7.50s
[offboard_waypoint_node-1] [INFO] [1786441347.218942350] [offboard_waypoint_node]: [CONTROL_ARBITER] selected_source=waiting_for_ev_ground_reference state=WAITING_FOR_ODOM
[super_planner_ros2_node-6] [INFO] [1786441347.232709800] [super_planner_ros2_node]: SUPER_ROS2 mode=IDLE enable_output=false reason=NO_GOAL odom=(0.03,0.01,-0.08) goal=none tracking_setpoint_enu=(0.03,0.01,0.78) setpoint_ned=none yaw(desired/cmd/rate)=(0.00/0.00/0.00) cross_track=0.00 frame_id=px4_ned path_points=0 odom_source=/mavros/local_position/odom cloud_source=/saved_map mavros_connected=true
[ego_planner_node-10] [FSM]: state: WAIT_TARGET
[ego_planner_node-10] wait for goal or trigger.
[offboard_waypoint_node-1] [INFO] [1786441347.673996987] [offboard_waypoint_node]: [EV_HEALTH] state=HEALTHY continuous_healthy=0.00s
[race_ego_cloud_bridge-8] [INFO] [1786441347.892617346] [race_ego_cloud_bridge]: [EGO_STATIC_MAP_READY] topic=/saved_map frame=map points=9161 fused=true
[fastlio_bridge_node-2] [INFO] [1786441348.068551806] [fastlio_bridge_node]: 已桥接并转换里程计: ENU(0.03, 0.01, 0.00) -> NED(-0.03, 0.01, -0.00)
[offboard_waypoint_node-1] [INFO] [1786441348.218765945] [offboard_waypoint_node]: [EV_HOLD_WAIT] continuous_healthy=0.54s required=7.50s
[offboard_waypoint_node-1] [INFO] [1786441348.269094814] [offboard_waypoint_node]: [CONTROL_ARBITER] selected_source=waiting_for_ev_ground_reference state=WAITING_FOR_ODOM
[super_planner_ros2_node-6] [INFO] [1786441348.282331801] [super_planner_ros2_node]: SUPER_ROS2 mode=IDLE enable_output=false reason=NO_GOAL odom=(0.04,0.01,-0.08) goal=none tracking_setpoint_enu=(0.04,0.01,0.78) setpoint_ned=none yaw(desired/cmd/rate)=(0.00/0.00/0.00) cross_track=0.00 frame_id=px4_ned path_points=0 odom_source=/mavros/local_position/odom cloud_source=/saved_map mavros_connected=true
[ego_planner_node-10] [FSM]: state: WAIT_TARGET
[ego_planner_node-10] wait for goal or trigger.
[offboard_waypoint_node-1] [INFO] [1786441349.219565217] [offboard_waypoint_node]: [EV_HOLD_WAIT] continuous_healthy=1.55s required=7.50s
[offboard_waypoint_node-1] [INFO] [1786441349.269293610] [offboard_waypoint_node]: [CONTROL_ARBITER] selected_source=waiting_for_ev_ground_reference state=WAITING_FOR_ODOM
[super_planner_ros2_node-6] [INFO] [1786441349.282909446] [super_planner_ros2_node]: SUPER_ROS2 mode=IDLE enable_output=false reason=NO_GOAL odom=(0.03,0.01,-0.08) goal=none tracking_setpoint_enu=(0.03,0.01,0.78) setpoint_ned=none yaw(desired/cmd/rate)=(0.00/0.00/0.00) cross_track=0.00 frame_id=px4_ned path_points=0 odom_source=/mavros/local_position/odom cloud_source=/saved_map mavros_connected=true
[ego_planner_node-10] [FSM]: state: WAIT_TARGET
[ego_planner_node-10] wait for goal or trigger.
[race_ego_cloud_bridge-8] [INFO] [1786441349.894827751] [race_ego_cloud_bridge]: [EGO_STATIC_MAP_READY] topic=/saved_map frame=map points=9161 fused=true
[fastlio_bridge_node-2] [INFO] [1786441350.068158096] [fastlio_bridge_node]: 已桥接并转换里程计: ENU(0.04, 0.01, -0.00) -> NED(-0.04, 0.01, 0.00)
[offboard_waypoint_node-1] [INFO] [1786441350.269416369] [offboard_waypoint_node]: [EV_HOLD_WAIT] continuous_healthy=2.60s required=7.50s
[offboard_waypoint_node-1] [INFO] [1786441350.269741526] [offboard_waypoint_node]: [CONTROL_ARBITER] selected_source=waiting_for_ev_ground_reference state=WAITING_FOR_ODOM
[super_planner_ros2_node-6] [INFO] [1786441350.332634862] [super_planner_ros2_node]: SUPER_ROS2 mode=IDLE enable_output=false reason=NO_GOAL odom=(0.03,0.01,-0.08) goal=none tracking_setpoint_enu=(0.03,0.01,0.78) setpoint_ned=none yaw(desired/cmd/rate)=(0.00/0.00/0.00) cross_track=0.00 frame_id=px4_ned path_points=0 odom_source=/mavros/local_position/odom cloud_source=/saved_map mavros_connected=true
[ego_planner_node-10] [FSM]: state: WAIT_TARGET
[ego_planner_node-10] wait for goal or trigger.
[offboard_waypoint_node-1] [INFO] [1786441351.319035459] [offboard_waypoint_node]: [EV_HOLD_WAIT] continuous_healthy=3.65s required=7.50s
[offboard_waypoint_node-1] [INFO] [1786441351.319185992] [offboard_waypoint_node]: [CONTROL_ARBITER] selected_source=waiting_for_ev_ground_reference state=WAITING_FOR_ODOM
[super_planner_ros2_node-6] [INFO] [1786441351.382567641] [super_planner_ros2_node]: SUPER_ROS2 mode=IDLE enable_output=false reason=NO_GOAL odom=(0.04,0.01,-0.08) goal=none tracking_setpoint_enu=(0.04,0.01,0.78) setpoint_ned=none yaw(desired/cmd/rate)=(0.00/0.00/0.00) cross_track=0.00 frame_id=px4_ned path_points=0 odom_source=/mavros/local_position/odom cloud_source=/saved_map mavros_connected=true
[ego_planner_node-10] [FSM]: state: WAIT_TARGET
[ego_planner_node-10] wait for goal or trigger.
[offboard_waypoint_node-1] [INFO] [1786441351.856947357] [offboard_waypoint_node]: [EV_HEALTH] state=SUSPECT continuous_healthy=0.00s
[race_ego_cloud_bridge-8] [INFO] [1786441351.891454813] [race_ego_cloud_bridge]: [EGO_STATIC_MAP_READY] topic=/saved_map frame=map points=9161 fused=true
[fastlio_bridge_node-2] [INFO] [1786441352.068573928] [fastlio_bridge_node]: 已桥接并转换里程计: ENU(0.04, 0.02, 0.00) -> NED(-0.04, 0.02, -0.00)
[offboard_waypoint_node-1] [INFO] [1786441352.319106605] [offboard_waypoint_node]: [EV_HOLD_WAIT] continuous_healthy=0.00s required=7.50s
[offboard_waypoint_node-1] [INFO] [1786441352.319238765] [offboard_waypoint_node]: [CONTROL_ARBITER] selected_source=waiting_for_ev_ground_reference state=WAITING_FOR_ODOM
[super_planner_ros2_node-6] [INFO] [1786441352.382664210] [super_planner_ros2_node]: SUPER_ROS2 mode=IDLE enable_output=false reason=NO_GOAL odom=(0.04,0.02,-0.08) goal=none tracking_setpoint_enu=(0.04,0.02,0.78) setpoint_ned=none yaw(desired/cmd/rate)=(0.00/0.00/0.00) cross_track=0.00 frame_id=px4_ned path_points=0 odom_source=/mavros/local_position/odom cloud_source=/saved_map mavros_connected=true
[ego_planner_node-10] [FSM]: state: WAIT_TARGET
[ego_planner_node-10] wait for goal or trigger.
[offboard_waypoint_node-1] [INFO] [1786441353.319146756] [offboard_waypoint_node]: [EV_HOLD_WAIT] continuous_healthy=0.00s required=7.50s
[offboard_waypoint_node-1] [INFO] [1786441353.319260760] [offboard_waypoint_node]: [CONTROL_ARBITER] selected_source=waiting_for_ev_ground_reference state=WAITING_FOR_ODOM
[super_planner_ros2_node-6] [INFO] [1786441353.382723859] [super_planner_ros2_node]: SUPER_ROS2 mode=IDLE enable_output=false reason=NO_GOAL odom=(0.04,0.02,-0.08) goal=none tracking_setpoint_enu=(0.04,0.02,0.78) setpoint_ned=none yaw(desired/cmd/rate)=(0.00/0.00/0.00) cross_track=0.00 frame_id=px4_ned path_points=0 odom_source=/mavros/local_position/odom cloud_source=/saved_map mavros_connected=true
[ego_planner_node-10] [FSM]: state: WAIT_TARGET
[ego_planner_node-10] wait for goal or trigger.
[offboard_waypoint_node-1] [INFO] [1786441353.871320487] [offboard_waypoint_node]: [EV_HEALTH] state=HEALTHY continuous_healthy=0.00s
[race_ego_cloud_bridge-8] [INFO] [1786441353.891672735] [race_ego_cloud_bridge]: [EGO_STATIC_MAP_READY] topic=/saved_map frame=map points=9161 fused=true
[fastlio_bridge_node-2] [INFO] [1786441354.067720966] [fastlio_bridge_node]: 已桥接并转换里程计: ENU(0.04, 0.01, -0.00) -> NED(-0.04, 0.01, 0.00)
[offboard_waypoint_node-1] [INFO] [1786441354.319200222] [offboard_waypoint_node]: [EV_HOLD_WAIT] continuous_healthy=0.45s required=7.50s
[offboard_waypoint_node-1] [INFO] [1786441354.319311629] [offboard_waypoint_node]: [CONTROL_ARBITER] selected_source=waiting_for_ev_ground_reference state=WAITING_FOR_ODOM
[super_planner_ros2_node-6] [INFO] [1786441354.382804471] [super_planner_ros2_node]: SUPER_ROS2 mode=IDLE enable_output=false reason=NO_GOAL odom=(0.04,0.01,-0.08) goal=none tracking_setpoint_enu=(0.04,0.01,0.78) setpoint_ned=none yaw(desired/cmd/rate)=(0.00/0.00/0.00) cross_track=0.00 frame_id=px4_ned path_points=0 odom_source=/mavros/local_position/odom cloud_source=/saved_map mavros_connected=true
[ego_planner_node-10] [FSM]: state: WAIT_TARGET
[ego_planner_node-10] wait for goal or trigger.
[offboard_waypoint_node-1] [INFO] [1786441355.319320707] [offboard_waypoint_node]: [EV_HOLD_WAIT] continuous_healthy=1.45s required=7.50s
[offboard_waypoint_node-1] [INFO] [1786441355.319466394] [offboard_waypoint_node]: [CONTROL_ARBITER] selected_source=waiting_for_ev_ground_reference state=WAITING_FOR_ODOM
[super_planner_ros2_node-6] [INFO] [1786441355.383945514] [super_planner_ros2_node]: SUPER_ROS2 mode=IDLE enable_output=false reason=NO_GOAL odom=(0.04,0.01,-0.08) goal=none tracking_setpoint_enu=(0.04,0.01,0.78) setpoint_ned=none yaw(desired/cmd/rate)=(0.00/0.00/0.00) cross_track=0.00 frame_id=px4_ned path_points=0 odom_source=/mavros/local_position/odom cloud_source=/saved_map mavros_connected=true
[ego_planner_node-10] [FSM]: state: WAIT_TARGET
[ego_planner_node-10] wait for goal or trigger.
[race_ego_cloud_bridge-8] [INFO] [1786441355.894290812] [race_ego_cloud_bridge]: [EGO_STATIC_MAP_READY] topic=/saved_map frame=map points=9161 fused=true
[fastlio_bridge_node-2] [INFO] [1786441356.074540137] [fastlio_bridge_node]: 已桥接并转换里程计: ENU(0.05, 0.01, -0.00) -> NED(-0.05, 0.01, 0.00)
[offboard_waypoint_node-1] [INFO] [1786441356.319507515] [offboard_waypoint_node]: [EV_HOLD_WAIT] continuous_healthy=2.45s required=7.50s
[offboard_waypoint_node-1] [INFO] [1786441356.319768794] [offboard_waypoint_node]: [CONTROL_ARBITER] selected_source=waiting_for_ev_ground_reference state=WAITING_FOR_ODOM
[super_planner_ros2_node-6] [INFO] [1786441356.432961882] [super_planner_ros2_node]: SUPER_ROS2 mode=IDLE enable_output=false reason=NO_GOAL odom=(0.04,0.02,-0.08) goal=none tracking_setpoint_enu=(0.04,0.02,0.78) setpoint_ned=none yaw(desired/cmd/rate)=(0.00/0.00/0.00) cross_track=0.00 frame_id=px4_ned path_points=0 odom_source=/mavros/local_position/odom cloud_source=/saved_map mavros_connected=true
[ego_planner_node-10] [FSM]: state: WAIT_TARGET
[ego_planner_node-10] wait for goal or trigger.
[offboard_waypoint_node-1] [INFO] [1786441357.319881806] [offboard_waypoint_node]: [EV_HOLD_WAIT] continuous_healthy=3.45s required=7.50s
[offboard_waypoint_node-1] [INFO] [1786441357.320143966] [offboard_waypoint_node]: [CONTROL_ARBITER] selected_source=waiting_for_ev_ground_reference state=WAITING_FOR_ODOM
[super_planner_ros2_node-6] [INFO] [1786441357.433202917] [super_planner_ros2_node]: SUPER_ROS2 mode=IDLE enable_output=false reason=NO_GOAL odom=(0.05,0.02,-0.08) goal=none tracking_setpoint_enu=(0.05,0.02,0.78) setpoint_ned=none yaw(desired/cmd/rate)=(0.00/0.00/0.00) cross_track=0.00 frame_id=px4_ned path_points=0 odom_source=/mavros/local_position/odom cloud_source=/saved_map mavros_connected=true
[ego_planner_node-10] [FSM]: state: WAIT_TARGET
[ego_planner_node-10] wait for goal or trigger.
[race_ego_cloud_bridge-8] [INFO] [1786441357.894345070] [race_ego_cloud_bridge]: [EGO_STATIC_MAP_READY] topic=/saved_map frame=map points=9161 fused=true
[fastlio_bridge_node-2] [INFO] [1786441358.068058828] [fastlio_bridge_node]: 已桥接并转换里程计: ENU(0.05, 0.01, -0.00) -> NED(-0.05, 0.01, 0.00)
[offboard_waypoint_node-1] [INFO] [1786441358.369450409] [offboard_waypoint_node]: [EV_HOLD_WAIT] continuous_healthy=4.50s required=7.50s
[offboard_waypoint_node-1] [INFO] [1786441358.369683532] [offboard_waypoint_node]: [CONTROL_ARBITER] selected_source=waiting_for_ev_ground_reference state=WAITING_FOR_ODOM
[super_planner_ros2_node-6] [INFO] [1786441358.433236431] [super_planner_ros2_node]: SUPER_ROS2 mode=IDLE enable_output=false reason=NO_GOAL odom=(0.05,0.02,-0.08) goal=none tracking_setpoint_enu=(0.05,0.02,0.78) setpoint_ned=none yaw(desired/cmd/rate)=(0.00/0.00/0.00) cross_track=0.00 frame_id=px4_ned path_points=0 odom_source=/mavros/local_position/odom cloud_source=/saved_map mavros_connected=true
[ego_planner_node-10] [FSM]: state: WAIT_TARGET
[ego_planner_node-10] wait for goal or trigger.
[offboard_waypoint_node-1] [INFO] [1786441359.369564455] [offboard_waypoint_node]: [EV_HOLD_WAIT] continuous_healthy=5.50s required=7.50s
[offboard_waypoint_node-1] [INFO] [1786441359.369704446] [offboard_waypoint_node]: [CONTROL_ARBITER] selected_source=waiting_for_ev_ground_reference state=WAITING_FOR_ODOM
[super_planner_ros2_node-6] [INFO] [1786441359.483171279] [super_planner_ros2_node]: SUPER_ROS2 mode=IDLE enable_output=false reason=NO_GOAL odom=(0.05,0.02,-0.09) goal=none tracking_setpoint_enu=(0.05,0.02,0.78) setpoint_ned=none yaw(desired/cmd/rate)=(0.00/0.00/0.00) cross_track=0.00 frame_id=px4_ned path_points=0 odom_source=/mavros/local_position/odom cloud_source=/saved_map mavros_connected=true
[ego_planner_node-10] [FSM]: state: WAIT_TARGET
[ego_planner_node-10] wait for goal or trigger.
[race_ego_cloud_bridge-8] [INFO] [1786441359.892256525] [race_ego_cloud_bridge]: [EGO_STATIC_MAP_READY] topic=/saved_map frame=map points=9161 fused=true
[fastlio_bridge_node-2] [INFO] [1786441360.067588104] [fastlio_bridge_node]: 已桥接并转换里程计: ENU(0.05, 0.02, -0.00) -> NED(-0.05, 0.02, 0.00)
[offboard_waypoint_node-1] [INFO] [1786441360.369626135] [offboard_waypoint_node]: [EV_HOLD_WAIT] continuous_healthy=6.50s required=7.50s
[offboard_waypoint_node-1] [INFO] [1786441360.369745842] [offboard_waypoint_node]: [CONTROL_ARBITER] selected_source=waiting_for_ev_ground_reference state=WAITING_FOR_ODOM
[super_planner_ros2_node-6] [INFO] [1786441360.483217182] [super_planner_ros2_node]: SUPER_ROS2 mode=IDLE enable_output=false reason=NO_GOAL odom=(0.05,0.02,-0.08) goal=none tracking_setpoint_enu=(0.05,0.02,0.78) setpoint_ned=none yaw(desired/cmd/rate)=(0.00/0.00/0.00) cross_track=0.00 frame_id=px4_ned path_points=0 odom_source=/mavros/local_position/odom cloud_source=/saved_map mavros_connected=true
[mapping_manager_node-5] [INFO] [1786441360.763372773] [mapping_manager_node]: Mapping status: in_flight=false, map_loaded=false, map_saved=false
[ego_planner_node-10] [FSM]: state: WAIT_TARGET
[ego_planner_node-10] wait for goal or trigger.
[offboard_waypoint_node-1] [INFO] [1786441361.369914259] [offboard_waypoint_node]: [EV_HOLD_WAIT] continuous_healthy=7.50s required=7.50s
[offboard_waypoint_node-1] [INFO] [1786441361.370401287] [offboard_waypoint_node]: [CONTROL_ARBITER] selected_source=waiting_for_ev_ground_reference state=WAITING_FOR_ODOM
[offboard_waypoint_node-1] [WARN] [1786441361.419861085] [offboard_waypoint_node]: [HOLD_POSITION] x=0.023 y=0.057 z=0.084 yaw=1.567 reason=EV-ready startup idle hold
[offboard_waypoint_node-1] [WARN] [1786441361.420034543] [offboard_waypoint_node]: [CONTROL_STATE] WAITING_FOR_ODOM -> IDLE_HOLD: no active goal
[offboard_waypoint_node-1] [INFO] [1786441361.420390541] [offboard_waypoint_node]: [HOLD_ERROR] position_error=0.000 velocity=0.013 state=IDLE_HOLD
[super_planner_ros2_node-6] [INFO] [1786441361.483834701] [super_planner_ros2_node]: SUPER_ROS2 mode=IDLE enable_output=false reason=NO_GOAL odom=(0.06,0.02,-0.08) goal=none tracking_setpoint_enu=(0.06,0.02,0.78) setpoint_ned=none yaw(desired/cmd/rate)=(0.00/0.00/0.00) cross_track=0.00 frame_id=px4_ned path_points=0 odom_source=/mavros/local_position/odom cloud_source=/saved_map mavros_connected=true
[ego_planner_node-10] [FSM]: state: WAIT_TARGET
[ego_planner_node-10] wait for goal or trigger.
[race_ego_cloud_bridge-8] [INFO] [1786441361.894172494] [race_ego_cloud_bridge]: [EGO_STATIC_MAP_READY] topic=/saved_map frame=map points=9161 fused=true
[fastlio_bridge_node-2] [INFO] [1786441362.069104794] [fastlio_bridge_node]: 已桥接并转换里程计: ENU(0.05, 0.02, -0.00) -> NED(-0.05, 0.02, 0.00)
[offboard_waypoint_node-1] [INFO] [1786441362.372072022] [offboard_waypoint_node]: [CONTROL_ARBITER] selected_source=safety_hold state=IDLE_HOLD
[offboard_waypoint_node-1] [INFO] [1786441362.422044339] [offboard_waypoint_node]: [HOLD_ERROR] position_error=0.003 velocity=0.007 state=IDLE_HOLD
[super_planner_ros2_node-6] [INFO] [1786441362.533434841] [super_planner_ros2_node]: SUPER_ROS2 mode=IDLE enable_output=false reason=NO_GOAL odom=(0.06,0.02,-0.08) goal=none tracking_setpoint_enu=(0.06,0.02,0.78) setpoint_ned=none yaw(desired/cmd/rate)=(0.00/0.00/0.00) cross_track=0.00 frame_id=px4_ned path_points=0 odom_source=/mavros/local_position/odom cloud_source=/saved_map mavros_connected=true
[ego_planner_node-10] [FSM]: state: WAIT_TARGET
[ego_planner_node-10] wait for goal or trigger.
[offboard_waypoint_node-1] [INFO] [1786441363.420039580] [offboard_waypoint_node]: [CONTROL_ARBITER] selected_source=safety_hold state=IDLE_HOLD
[offboard_waypoint_node-1] [INFO] [1786441363.469902763] [offboard_waypoint_node]: [HOLD_ERROR] position_error=0.008 velocity=0.002 state=IDLE_HOLD
[super_planner_ros2_node-6] [INFO] [1786441363.533448320] [super_planner_ros2_node]: SUPER_ROS2 mode=IDLE enable_output=false reason=NO_GOAL odom=(0.05,0.02,-0.08) goal=none tracking_setpoint_enu=(0.05,0.02,0.78) setpoint_ned=none yaw(desired/cmd/rate)=(0.00/0.00/0.00) cross_track=0.00 frame_id=px4_ned path_points=0 odom_source=/mavros/local_position/odom cloud_source=/saved_map mavros_connected=true
[ego_planner_node-10] [FSM]: state: WAIT_TARGET
[ego_planner_node-10] wait for goal or trigger.
[race_ego_cloud_bridge-8] [INFO] [1786441363.892383625] [race_ego_cloud_bridge]: [EGO_STATIC_MAP_READY] topic=/saved_map frame=map points=9161 fused=true
[fastlio_bridge_node-2] [INFO] [1786441364.067877776] [fastlio_bridge_node]: 已桥接并转换里程计: ENU(0.05, 0.02, -0.00) -> NED(-0.05, 0.02, 0.00)
[offboard_waypoint_node-1] [INFO] [1786441364.420119034] [offboard_waypoint_node]: [CONTROL_ARBITER] selected_source=safety_hold state=IDLE_HOLD
[offboard_waypoint_node-1] [INFO] [1786441364.470079115] [offboard_waypoint_node]: [HOLD_ERROR] position_error=0.013 velocity=0.008 state=IDLE_HOLD
[super_planner_ros2_node-6] [INFO] [1786441364.533541817] [super_planner_ros2_node]: SUPER_ROS2 mode=IDLE enable_output=false reason=NO_GOAL odom=(0.05,0.01,-0.08) goal=none tracking_setpoint_enu=(0.05,0.01,0.78) setpoint_ned=none yaw(desired/cmd/rate)=(0.00/0.00/0.00) cross_track=0.00 frame_id=px4_ned path_points=0 odom_source=/mavros/local_position/odom cloud_source=/saved_map mavros_connected=true
[ego_planner_node-10] [FSM]: state: WAIT_TARGET
[ego_planner_node-10] wait for goal or trigger.
[offboard_waypoint_node-1] [INFO] [1786441365.420197417] [offboard_waypoint_node]: [CONTROL_ARBITER] selected_source=safety_hold state=IDLE_HOLD
[offboard_waypoint_node-1] [INFO] [1786441365.470119410] [offboard_waypoint_node]: [HOLD_ERROR] position_error=0.015 velocity=0.008 state=IDLE_HOLD
[super_planner_ros2_node-6] [INFO] [1786441365.533594445] [super_planner_ros2_node]: SUPER_ROS2 mode=IDLE enable_output=false reason=NO_GOAL odom=(0.06,0.01,-0.08) goal=none tracking_setpoint_enu=(0.06,0.01,0.78) setpoint_ned=none yaw(desired/cmd/rate)=(0.00/0.00/0.00) cross_track=0.00 frame_id=px4_ned path_points=0 odom_source=/mavros/local_position/odom cloud_source=/saved_map mavros_connected=true
[ego_planner_node-10] [FSM]: state: WAIT_TARGET
[ego_planner_node-10] wait for goal or trigger.
[race_ego_cloud_bridge-8] [INFO] [1786441365.892480290] [race_ego_cloud_bridge]: [EGO_STATIC_MAP_READY] topic=/saved_map frame=map points=9161 fused=true
[fastlio_bridge_node-2] [INFO] [1786441366.067611882] [fastlio_bridge_node]: 已桥接并转换里程计: ENU(0.05, 0.02, -0.00) -> NED(-0.05, 0.02, 0.00)
[offboard_waypoint_node-1] [INFO] [1786441366.420200996] [offboard_waypoint_node]: [CONTROL_ARBITER] selected_source=safety_hold state=IDLE_HOLD
[offboard_waypoint_node-1] [INFO] [1786441366.470478437] [offboard_waypoint_node]: [HOLD_ERROR] position_error=0.010 velocity=0.003 state=IDLE_HOLD
[super_planner_ros2_node-6] [INFO] [1786441366.533874406] [super_planner_ros2_node]: SUPER_ROS2 mode=IDLE enable_output=false reason=NO_GOAL odom=(0.05,0.01,-0.09) goal=none tracking_setpoint_enu=(0.05,0.01,0.78) setpoint_ned=none yaw(desired/cmd/rate)=(0.00/0.00/0.00) cross_track=0.00 frame_id=px4_ned path_points=0 odom_source=/mavros/local_position/odom cloud_source=/saved_map mavros_connected=true
[ego_planner_node-10] [FSM]: state: WAIT_TARGET
[ego_planner_node-10] wait for goal or trigger.
[offboard_waypoint_node-1] [INFO] [1786441367.420357721] [offboard_waypoint_node]: [CONTROL_ARBITER] selected_source=safety_hold state=IDLE_HOLD
[offboard_waypoint_node-1] [INFO] [1786441367.520392318] [offboard_waypoint_node]: [HOLD_ERROR] position_error=0.008 velocity=0.002 state=IDLE_HOLD
[super_planner_ros2_node-6] [INFO] [1786441367.584229514] [super_planner_ros2_node]: SUPER_ROS2 mode=IDLE enable_output=false reason=NO_GOAL odom=(0.05,0.02,-0.09) goal=none tracking_setpoint_enu=(0.05,0.02,0.78) setpoint_ned=none yaw(desired/cmd/rate)=(0.00/0.00/0.00) cross_track=0.00 frame_id=px4_ned path_points=0 odom_source=/mavros/local_position/odom cloud_source=/saved_map mavros_connected=true
[race_ego_cloud_bridge-8] [INFO] [1786441367.892648999] [race_ego_cloud_bridge]: [EGO_STATIC_MAP_READY] topic=/saved_map frame=map points=9161 fused=true
[ego_planner_node-10] [FSM]: state: WAIT_TARGET
[ego_planner_node-10] wait for goal or trigger.
[fastlio_bridge_node-2] [INFO] [1786441368.067471669] [fastlio_bridge_node]: 已桥接并转换里程计: ENU(0.06, 0.01, -0.00) -> NED(-0.06, 0.01, 0.00)
[offboard_waypoint_node-1] [INFO] [1786441368.420380641] [offboard_waypoint_node]: [CONTROL_ARBITER] selected_source=safety_hold state=IDLE_HOLD
[offboard_waypoint_node-1] [INFO] [1786441368.520398425] [offboard_waypoint_node]: [HOLD_ERROR] position_error=0.014 velocity=0.010 state=IDLE_HOLD
[super_planner_ros2_node-6] [INFO] [1786441368.633835928] [super_planner_ros2_node]: SUPER_ROS2 mode=IDLE enable_output=false reason=NO_GOAL odom=(0.06,0.01,-0.08) goal=none tracking_setpoint_enu=(0.06,0.01,0.78) setpoint_ned=none yaw(desired/cmd/rate)=(0.00/0.00/0.00) cross_track=0.00 frame_id=px4_ned path_points=0 odom_source=/mavros/local_position/odom cloud_source=/saved_map mavros_connected=true
[ego_planner_node-10] [FSM]: state: WAIT_TARGET
[ego_planner_node-10] wait for goal or trigger.
[offboard_waypoint_node-1] [INFO] [1786441369.068386301] [offboard_waypoint_node]: [EV_HEALTH] state=SUSPECT continuous_healthy=0.00s
[offboard_waypoint_node-1] [WARN] [1786441369.070316865] [offboard_waypoint_node]: [GROUND_REFERENCE_INVALIDATED] EV is no longer continuously healthy while disarmed
[offboard_waypoint_node-1] [WARN] [1786441369.070397462] [offboard_waypoint_node]: [CONTROL_STATE] IDLE_HOLD -> WAITING_FOR_ODOM: waiting for continuous EV health before initial hold
[offboard_waypoint_node-1] [INFO] [1786441369.070422777] [offboard_waypoint_node]: [EV_HOLD_WAIT] continuous_healthy=0.00s required=7.50s
[offboard_waypoint_node-1] [INFO] [1786441369.470428603] [offboard_waypoint_node]: [CONTROL_ARBITER] selected_source=waiting_for_ev_ground_reference state=WAITING_FOR_ODOM
[super_planner_ros2_node-6] [INFO] [1786441369.633874696] [super_planner_ros2_node]: SUPER_ROS2 mode=IDLE enable_output=false reason=NO_GOAL odom=(0.05,0.00,-0.08) goal=none tracking_setpoint_enu=(0.05,0.00,0.78) setpoint_ned=none yaw(desired/cmd/rate)=(0.00/0.00/0.00) cross_track=0.00 frame_id=px4_ned path_points=0 odom_source=/mavros/local_position/odom cloud_source=/saved_map mavros_connected=true
[race_ego_cloud_bridge-8] [INFO] [1786441369.892760901] [race_ego_cloud_bridge]: [EGO_STATIC_MAP_READY] topic=/saved_map frame=map points=9161 fused=true
[ego_planner_node-10] [FSM]: state: WAIT_TARGET
[ego_planner_node-10] wait for goal or trigger.
[fastlio_bridge_node-2] [INFO] [1786441370.067254872] [fastlio_bridge_node]: 已桥接并转换里程计: ENU(0.05, 0.02, -0.01) -> NED(-0.05, 0.02, 0.01)
[offboard_waypoint_node-1] [INFO] [1786441370.120358071] [offboard_waypoint_node]: [EV_HOLD_WAIT] continuous_healthy=0.00s required=7.50s
[offboard_waypoint_node-1] [INFO] [1786441370.520402704] [offboard_waypoint_node]: [CONTROL_ARBITER] selected_source=waiting_for_ev_ground_reference state=WAITING_FOR_ODOM
[super_planner_ros2_node-6] [INFO] [1786441370.633930521] [super_planner_ros2_node]: SUPER_ROS2 mode=IDLE enable_output=false reason=NO_GOAL odom=(0.05,-0.00,-0.08) goal=none tracking_setpoint_enu=(0.05,-0.00,0.78) setpoint_ned=none yaw(desired/cmd/rate)=(0.00/0.00/0.00) cross_track=0.00 frame_id=px4_ned path_points=0 odom_source=/mavros/local_position/odom cloud_source=/saved_map mavros_connected=true
[ego_planner_node-10] [FSM]: state: WAIT_TARGET
[ego_planner_node-10] wait for goal or trigger.
[offboard_waypoint_node-1] [INFO] [1786441371.120442218] [offboard_waypoint_node]: [EV_HOLD_WAIT] continuous_healthy=0.00s required=7.50s
[offboard_waypoint_node-1] [INFO] [1786441371.269374894] [offboard_waypoint_node]: [EV_HEALTH] state=HEALTHY continuous_healthy=0.00s
[offboard_waypoint_node-1] [INFO] [1786441371.520602785] [offboard_waypoint_node]: [CONTROL_ARBITER] selected_source=waiting_for_ev_ground_reference state=WAITING_FOR_ODOM
[super_planner_ros2_node-6] [INFO] [1786441371.634037415] [super_planner_ros2_node]: SUPER_ROS2 mode=IDLE enable_output=false reason=NO_GOAL odom=(0.05,0.01,-0.08) goal=none tracking_setpoint_enu=(0.05,0.01,0.78) setpoint_ned=none yaw(desired/cmd/rate)=(0.00/0.00/0.00) cross_track=0.00 frame_id=px4_ned path_points=0 odom_source=/mavros/local_position/odom cloud_source=/saved_map mavros_connected=true
[race_ego_cloud_bridge-8] [INFO] [1786441371.892927059] [race_ego_cloud_bridge]: [EGO_STATIC_MAP_READY] topic=/saved_map frame=map points=9161 fused=true
[ego_planner_node-10] [FSM]: state: WAIT_TARGET
[ego_planner_node-10] wait for goal or trigger.
[fastlio_bridge_node-2] [INFO] [1786441372.067281363] [fastlio_bridge_node]: 已桥接并转换里程计: ENU(0.06, 0.01, -0.00) -> NED(-0.06, 0.01, 0.00)
[offboard_waypoint_node-1] [INFO] [1786441372.120489867] [offboard_waypoint_node]: [EV_HOLD_WAIT] continuous_healthy=0.85s required=7.50s
[offboard_waypoint_node-1] [INFO] [1786441372.520893882] [offboard_waypoint_node]: [CONTROL_ARBITER] selected_source=waiting_for_ev_ground_reference state=WAITING_FOR_ODOM
[super_planner_ros2_node-6] [INFO] [1786441372.634164579] [super_planner_ros2_node]: SUPER_ROS2 mode=IDLE enable_output=false reason=NO_GOAL odom=(0.06,0.01,-0.08) goal=none tracking_setpoint_enu=(0.06,0.01,0.78) setpoint_ned=none yaw(desired/cmd/rate)=(0.00/0.00/0.00) cross_track=0.00 frame_id=px4_ned path_points=0 odom_source=/mavros/local_position/odom cloud_source=/saved_map mavros_connected=true
[ego_planner_node-10] [FSM]: state: WAIT_TARGET
[ego_planner_node-10] wait for goal or trigger.
[offboard_waypoint_node-1] [INFO] [1786441373.120609222] [offboard_waypoint_node]: [EV_HOLD_WAIT] continuous_healthy=1.85s required=7.50s
[offboard_waypoint_node-1] [INFO] [1786441373.570694112] [offboard_waypoint_node]: [CONTROL_ARBITER] selected_source=waiting_for_ev_ground_reference state=WAITING_FOR_ODOM
[super_planner_ros2_node-6] [INFO] [1786441373.634187251] [super_planner_ros2_node]: SUPER_ROS2 mode=IDLE enable_output=false reason=NO_GOAL odom=(0.06,0.01,-0.08) goal=none tracking_setpoint_enu=(0.06,0.01,0.78) setpoint_ned=none yaw(desired/cmd/rate)=(0.00/0.00/0.00) cross_track=0.00 frame_id=px4_ned path_points=0 odom_source=/mavros/local_position/odom cloud_source=/saved_map mavros_connected=true
[race_ego_cloud_bridge-8] [INFO] [1786441373.893059299] [race_ego_cloud_bridge]: [EGO_STATIC_MAP_READY] topic=/saved_map frame=map points=9161 fused=true
[ego_planner_node-10] [FSM]: state: WAIT_TARGET
[ego_planner_node-10] wait for goal or trigger.
[fastlio_bridge_node-2] [INFO] [1786441374.067759624] [fastlio_bridge_node]: 已桥接并转换里程计: ENU(0.06, 0.01, -0.00) -> NED(-0.06, 0.01, 0.00)
[offboard_waypoint_node-1] [INFO] [1786441374.120659313] [offboard_waypoint_node]: [EV_HOLD_WAIT] continuous_healthy=2.85s required=7.50s
[offboard_waypoint_node-1] [INFO] [1786441374.570703268] [offboard_waypoint_node]: [CONTROL_ARBITER] selected_source=waiting_for_ev_ground_reference state=WAITING_FOR_ODOM
[super_planner_ros2_node-6] [INFO] [1786441374.634242760] [super_planner_ros2_node]: SUPER_ROS2 mode=IDLE enable_output=false reason=NO_GOAL odom=(0.06,0.01,-0.08) goal=none tracking_setpoint_enu=(0.06,0.01,0.78) setpoint_ned=none yaw(desired/cmd/rate)=(0.00/0.00/0.00) cross_track=0.00 frame_id=px4_ned path_points=0 odom_source=/mavros/local_position/odom cloud_source=/saved_map mavros_connected=true
[ego_planner_node-10] [FSM]: state: WAIT_TARGET
[ego_planner_node-10] wait for goal or trigger.
[offboard_waypoint_node-1] [INFO] [1786441375.120709469] [offboard_waypoint_node]: [EV_HOLD_WAIT] continuous_healthy=3.85s required=7.50s
[offboard_waypoint_node-1] [INFO] [1786441375.570775084] [offboard_waypoint_node]: [CONTROL_ARBITER] selected_source=waiting_for_ev_ground_reference state=WAITING_FOR_ODOM
[super_planner_ros2_node-6] [INFO] [1786441375.634303827] [super_planner_ros2_node]: SUPER_ROS2 mode=IDLE enable_output=false reason=NO_GOAL odom=(0.06,0.01,-0.08) goal=none tracking_setpoint_enu=(0.06,0.01,0.78) setpoint_ned=none yaw(desired/cmd/rate)=(0.00/0.00/0.00) cross_track=0.00 frame_id=px4_ned path_points=0 odom_source=/mavros/local_position/odom cloud_source=/saved_map mavros_connected=true
[race_ego_cloud_bridge-8] [INFO] [1786441375.893181316] [race_ego_cloud_bridge]: [EGO_STATIC_MAP_READY] topic=/saved_map frame=map points=9161 fused=true
[ego_planner_node-10] [FSM]: state: WAIT_TARGET
[ego_planner_node-10] wait for goal or trigger.
[fastlio_bridge_node-2] [INFO] [1786441376.066915148] [fastlio_bridge_node]: 已桥接并转换里程计: ENU(0.06, 0.01, -0.00) -> NED(-0.06, 0.01, 0.00)
[offboard_waypoint_node-1] [INFO] [1786441376.120799643] [offboard_waypoint_node]: [EV_HOLD_WAIT] continuous_healthy=4.85s required=7.50s
[offboard_waypoint_node-1] [INFO] [1786441376.571631538] [offboard_waypoint_node]: [CONTROL_ARBITER] selected_source=waiting_for_ev_ground_reference state=WAITING_FOR_ODOM
[super_planner_ros2_node-6] [INFO] [1786441376.634366647] [super_planner_ros2_node]: SUPER_ROS2 mode=IDLE enable_output=false reason=NO_GOAL odom=(0.06,0.02,-0.08) goal=none tracking_setpoint_enu=(0.06,0.02,0.78) setpoint_ned=none yaw(desired/cmd/rate)=(0.00/0.00/0.00) cross_track=0.00 frame_id=px4_ned path_points=0 odom_source=/mavros/local_position/odom cloud_source=/saved_map mavros_connected=true
[ego_planner_node-10] [FSM]: state: WAIT_TARGET
[ego_planner_node-10] wait for goal or trigger.
[offboard_waypoint_node-1] [INFO] [1786441377.120887561] [offboard_waypoint_node]: [EV_HOLD_WAIT] continuous_healthy=5.85s required=7.50s
[offboard_waypoint_node-1] [INFO] [1786441377.621220120] [offboard_waypoint_node]: [CONTROL_ARBITER] selected_source=waiting_for_ev_ground_reference state=WAITING_FOR_ODOM
[super_planner_ros2_node-6] [INFO] [1786441377.634495372] [super_planner_ros2_node]: SUPER_ROS2 mode=IDLE enable_output=false reason=NO_GOAL odom=(0.06,0.02,-0.08) goal=none tracking_setpoint_enu=(0.06,0.02,0.78) setpoint_ned=none yaw(desired/cmd/rate)=(0.00/0.00/0.00) cross_track=0.00 frame_id=px4_ned path_points=0 odom_source=/mavros/local_position/odom cloud_source=/saved_map mavros_connected=true
[race_ego_cloud_bridge-8] [INFO] [1786441377.893348087] [race_ego_cloud_bridge]: [EGO_STATIC_MAP_READY] topic=/saved_map frame=map points=9161 fused=true
[ego_planner_node-10] [FSM]: state: WAIT_TARGET
[ego_planner_node-10] wait for goal or trigger.
[fastlio_bridge_node-2] [INFO] [1786441378.067226038] [fastlio_bridge_node]: 已桥接并转换里程计: ENU(0.06, 0.02, -0.01) -> NED(-0.06, 0.02, 0.01)
[offboard_waypoint_node-1] [INFO] [1786441378.120960931] [offboard_waypoint_node]: [EV_HOLD_WAIT] continuous_healthy=6.85s required=7.50s
[super_planner_ros2_node-6] [INFO] [1786441378.634680668] [super_planner_ros2_node]: SUPER_ROS2 mode=IDLE enable_output=false reason=NO_GOAL odom=(0.06,0.02,-0.09) goal=none tracking_setpoint_enu=(0.06,0.02,0.78) setpoint_ned=none yaw(desired/cmd/rate)=(0.00/0.00/0.00) cross_track=0.00 frame_id=px4_ned path_points=0 odom_source=/mavros/local_position/odom cloud_source=/saved_map mavros_connected=true
[offboard_waypoint_node-1] [INFO] [1786441378.671090598] [offboard_waypoint_node]: [CONTROL_ARBITER] selected_source=waiting_for_ev_ground_reference state=WAITING_FOR_ODOM
[offboard_waypoint_node-1] [WARN] [1786441378.770959338] [offboard_waypoint_node]: [HOLD_POSITION] x=0.018 y=0.063 z=0.086 yaw=1.566 reason=EV-ready startup idle hold
[offboard_waypoint_node-1] [WARN] [1786441378.771034309] [offboard_waypoint_node]: [CONTROL_STATE] WAITING_FOR_ODOM -> IDLE_HOLD: no active goal
[offboard_waypoint_node-1] [INFO] [1786441378.771142905] [offboard_waypoint_node]: [HOLD_ERROR] position_error=0.000 velocity=0.006 state=IDLE_HOLD
[ego_planner_node-10] [FSM]: state: WAIT_TARGET
[ego_planner_node-10] wait for goal or trigger.
[offboard_waypoint_node-1] [INFO] [1786441379.671172991] [offboard_waypoint_node]: [CONTROL_ARBITER] selected_source=safety_hold state=IDLE_HOLD
[super_planner_ros2_node-6] [INFO] [1786441379.684748343] [super_planner_ros2_node]: SUPER_ROS2 mode=IDLE enable_output=false reason=NO_GOAL odom=(0.07,0.01,-0.08) goal=none tracking_setpoint_enu=(0.07,0.01,0.78) setpoint_ned=none yaw(desired/cmd/rate)=(0.00/0.00/0.00) cross_track=0.00 frame_id=px4_ned path_points=0 odom_source=/mavros/local_position/odom cloud_source=/saved_map mavros_connected=true
[offboard_waypoint_node-1] [INFO] [1786441379.821147554] [offboard_waypoint_node]: [HOLD_ERROR] position_error=0.007 velocity=0.005 state=IDLE_HOLD
[race_ego_cloud_bridge-8] [INFO] [1786441379.893550061] [race_ego_cloud_bridge]: [EGO_STATIC_MAP_READY] topic=/saved_map frame=map points=9161 fused=true
[ego_planner_node-10] [FSM]: state: WAIT_TARGET
[ego_planner_node-10] wait for goal or trigger.
[fastlio_bridge_node-2] [INFO] [1786441380.067355514] [fastlio_bridge_node]: 已桥接并转换里程计: ENU(0.06, 0.02, -0.01) -> NED(-0.06, 0.02, 0.01)
[offboard_waypoint_node-1] [INFO] [1786441380.671283479] [offboard_waypoint_node]: [CONTROL_ARBITER] selected_source=safety_hold state=IDLE_HOLD
[super_planner_ros2_node-6] [INFO] [1786441380.734711707] [super_planner_ros2_node]: SUPER_ROS2 mode=IDLE enable_output=false reason=NO_GOAL odom=(0.06,0.02,-0.09) goal=none tracking_setpoint_enu=(0.06,0.02,0.78) setpoint_ned=none yaw(desired/cmd/rate)=(0.00/0.00/0.00) cross_track=0.00 frame_id=px4_ned path_points=0 odom_source=/mavros/local_position/odom cloud_source=/saved_map mavros_connected=true
[offboard_waypoint_node-1] [INFO] [1786441380.821222710] [offboard_waypoint_node]: [HOLD_ERROR] position_error=0.002 velocity=0.001 state=IDLE_HOLD
[ego_planner_node-10] [FSM]: state: WAIT_TARGET
[ego_planner_node-10] wait for goal or trigger.
[offboard_waypoint_node-1] [INFO] [1786441381.671352905] [offboard_waypoint_node]: [CONTROL_ARBITER] selected_source=safety_hold state=IDLE_HOLD
[super_planner_ros2_node-6] [INFO] [1786441381.734778243] [super_planner_ros2_node]: SUPER_ROS2 mode=IDLE enable_output=false reason=NO_GOAL odom=(0.06,0.02,-0.08) goal=none tracking_setpoint_enu=(0.06,0.02,0.78) setpoint_ned=none yaw(desired/cmd/rate)=(0.00/0.00/0.00) cross_track=0.00 frame_id=px4_ned path_points=0 odom_source=/mavros/local_position/odom cloud_source=/saved_map mavros_connected=true
[offboard_waypoint_node-1] [INFO] [1786441381.821292352] [offboard_waypoint_node]: [HOLD_ERROR] position_error=0.002 velocity=0.002 state=IDLE_HOLD
[race_ego_cloud_bridge-8] [INFO] [1786441381.894593470] [race_ego_cloud_bridge]: [EGO_STATIC_MAP_READY] topic=/saved_map frame=map points=9161 fused=true
[fastlio_bridge_node-2] [INFO] [1786441382.067165503] [fastlio_bridge_node]: 已桥接并转换里程计: ENU(0.07, 0.02, -0.00) -> NED(-0.07, 0.02, 0.00)
[ego_planner_node-10] [FSM]: state: WAIT_TARGET
[ego_planner_node-10] wait for goal or trigger.
[offboard_waypoint_node-1] [INFO] [1786441382.671424742] [offboard_waypoint_node]: [CONTROL_ARBITER] selected_source=safety_hold state=IDLE_HOLD
[super_planner_ros2_node-6] [INFO] [1786441382.734872232] [super_planner_ros2_node]: SUPER_ROS2 mode=IDLE enable_output=false reason=NO_GOAL odom=(0.07,0.02,-0.08) goal=none tracking_setpoint_enu=(0.07,0.02,0.78) setpoint_ned=none yaw(desired/cmd/rate)=(0.00/0.00/0.00) cross_track=0.00 frame_id=px4_ned path_points=0 odom_source=/mavros/local_position/odom cloud_source=/saved_map mavros_connected=true
[offboard_waypoint_node-1] [INFO] [1786441382.821313239] [offboard_waypoint_node]: [HOLD_ERROR] position_error=0.003 velocity=0.004 state=IDLE_HOLD
[ego_planner_node-10] [FSM]: state: WAIT_TARGET
[ego_planner_node-10] wait for goal or trigger.
[offboard_waypoint_node-1] [INFO] [1786441383.671515480] [offboard_waypoint_node]: [CONTROL_ARBITER] selected_source=safety_hold state=IDLE_HOLD
[super_planner_ros2_node-6] [INFO] [1786441383.734950402] [super_planner_ros2_node]: SUPER_ROS2 mode=IDLE enable_output=false reason=NO_GOAL odom=(0.07,0.02,-0.09) goal=none tracking_setpoint_enu=(0.07,0.02,0.78) setpoint_ned=none yaw(desired/cmd/rate)=(0.00/0.00/0.00) cross_track=0.00 frame_id=px4_ned path_points=0 odom_source=/mavros/local_position/odom cloud_source=/saved_map mavros_connected=true
[offboard_waypoint_node-1] [INFO] [1786441383.821409282] [offboard_waypoint_node]: [HOLD_ERROR] position_error=0.003 velocity=0.008 state=IDLE_HOLD
[race_ego_cloud_bridge-8] [INFO] [1786441383.893735693] [race_ego_cloud_bridge]: [EGO_STATIC_MAP_READY] topic=/saved_map frame=map points=9161 fused=true
[fastlio_bridge_node-2] [INFO] [1786441384.067441660] [fastlio_bridge_node]: 已桥接并转换里程计: ENU(0.06, 0.01, -0.00) -> NED(-0.06, 0.01, 0.00)
[ego_planner_node-10] [FSM]: state: WAIT_TARGET
[ego_planner_node-10] wait for goal or trigger.
[offboard_waypoint_node-1] [INFO] [1786441384.721584568] [offboard_waypoint_node]: [CONTROL_ARBITER] selected_source=safety_hold state=IDLE_HOLD
[super_planner_ros2_node-6] [INFO] [1786441384.734999946] [super_planner_ros2_node]: SUPER_ROS2 mode=IDLE enable_output=false reason=NO_GOAL odom=(0.06,0.02,-0.09) goal=none tracking_setpoint_enu=(0.06,0.02,0.78) setpoint_ned=none yaw(desired/cmd/rate)=(0.00/0.00/0.00) cross_track=0.00 frame_id=px4_ned path_points=0 odom_source=/mavros/local_position/odom cloud_source=/saved_map mavros_connected=true
[offboard_waypoint_node-1] [INFO] [1786441384.821500500] [offboard_waypoint_node]: [HOLD_ERROR] position_error=0.003 velocity=0.003 state=IDLE_HOLD
[ego_planner_node-10] [FSM]: state: WAIT_TARGET
[ego_planner_node-10] wait for goal or trigger.
[offboard_waypoint_node-1] [INFO] [1786441385.721602459] [offboard_waypoint_node]: [CONTROL_ARBITER] selected_source=safety_hold state=IDLE_HOLD
[super_planner_ros2_node-6] [INFO] [1786441385.735069075] [super_planner_ros2_node]: SUPER_ROS2 mode=IDLE enable_output=false reason=NO_GOAL odom=(0.06,0.01,-0.08) goal=none tracking_setpoint_enu=(0.06,0.01,0.78) setpoint_ned=none yaw(desired/cmd/rate)=(0.00/0.00/0.00) cross_track=0.00 frame_id=px4_ned path_points=0 odom_source=/mavros/local_position/odom cloud_source=/saved_map mavros_connected=true
[offboard_waypoint_node-1] [INFO] [1786441385.821610315] [offboard_waypoint_node]: [HOLD_ERROR] position_error=0.008 velocity=0.010 state=IDLE_HOLD
[race_ego_cloud_bridge-8] [INFO] [1786441385.893953671] [race_ego_cloud_bridge]: [EGO_STATIC_MAP_READY] topic=/saved_map frame=map points=9161 fused=true
[fastlio_bridge_node-2] [INFO] [1786441386.067445932] [fastlio_bridge_node]: 已桥接并转换里程计: ENU(0.06, 0.01, -0.00) -> NED(-0.06, 0.01, 0.00)
[ego_planner_node-10] [FSM]: state: WAIT_TARGET
[ego_planner_node-10] wait for goal or trigger.
[offboard_waypoint_node-1] [INFO] [1786441386.721677660] [offboard_waypoint_node]: [CONTROL_ARBITER] selected_source=safety_hold state=IDLE_HOLD
[super_planner_ros2_node-6] [INFO] [1786441386.735181884] [super_planner_ros2_node]: SUPER_ROS2 mode=IDLE enable_output=false reason=NO_GOAL odom=(0.06,0.01,-0.08) goal=none tracking_setpoint_enu=(0.06,0.01,0.78) setpoint_ned=none yaw(desired/cmd/rate)=(0.00/0.00/0.00) cross_track=0.00 frame_id=px4_ned path_points=0 odom_source=/mavros/local_position/odom cloud_source=/saved_map mavros_connected=true
[offboard_waypoint_node-1] [INFO] [1786441386.821643293] [offboard_waypoint_node]: [HOLD_ERROR] position_error=0.009 velocity=0.008 state=IDLE_HOLD
[ego_planner_node-10] [FSM]: state: WAIT_TARGET
[ego_planner_node-10] wait for goal or trigger.
[offboard_waypoint_node-1] [INFO] [1786441387.721773637] [offboard_waypoint_node]: [CONTROL_ARBITER] selected_source=safety_hold state=IDLE_HOLD
[super_planner_ros2_node-6] [INFO] [1786441387.735275779] [super_planner_ros2_node]: SUPER_ROS2 mode=IDLE enable_output=false reason=NO_GOAL odom=(0.06,0.01,-0.08) goal=none tracking_setpoint_enu=(0.06,0.01,0.78) setpoint_ned=none yaw(desired/cmd/rate)=(0.00/0.00/0.00) cross_track=0.00 frame_id=px4_ned path_points=0 odom_source=/mavros/local_position/odom cloud_source=/saved_map mavros_connected=true
[offboard_waypoint_node-1] [INFO] [1786441387.821716238] [offboard_waypoint_node]: [HOLD_ERROR] position_error=0.005 velocity=0.004 state=IDLE_HOLD
[race_ego_cloud_bridge-8] [INFO] [1786441387.894117385] [race_ego_cloud_bridge]: [EGO_STATIC_MAP_READY] topic=/saved_map frame=map points=9161 fused=true
[fastlio_bridge_node-2] [INFO] [1786441388.066950073] [fastlio_bridge_node]: 已桥接并转换里程计: ENU(0.07, 0.02, -0.00) -> NED(-0.07, 0.02, 0.00)
[ego_planner_node-10] [FSM]: state: WAIT_TARGET
[ego_planner_node-10] wait for goal or trigger.
[offboard_waypoint_node-1] [INFO] [1786441388.721841525] [offboard_waypoint_node]: [CONTROL_ARBITER] selected_source=safety_hold state=IDLE_HOLD
[super_planner_ros2_node-6] [INFO] [1786441388.735333062] [super_planner_ros2_node]: SUPER_ROS2 mode=IDLE enable_output=false reason=NO_GOAL odom=(0.07,0.02,-0.09) goal=none tracking_setpoint_enu=(0.07,0.02,0.78) setpoint_ned=none yaw(desired/cmd/rate)=(0.00/0.00/0.00) cross_track=0.00 frame_id=px4_ned path_points=0 odom_source=/mavros/local_position/odom cloud_source=/saved_map mavros_connected=true
[offboard_waypoint_node-1] [INFO] [1786441388.821848266] [offboard_waypoint_node]: [HOLD_ERROR] position_error=0.005 velocity=0.002 state=IDLE_HOLD
[ego_planner_node-10] [FSM]: state: WAIT_TARGET
[ego_planner_node-10] wait for goal or trigger.
[offboard_waypoint_node-1] [INFO] [1786441389.721856966] [offboard_waypoint_node]: [CONTROL_ARBITER] selected_source=safety_hold state=IDLE_HOLD
[super_planner_ros2_node-6] [INFO] [1786441389.735365072] [super_planner_ros2_node]: SUPER_ROS2 mode=IDLE enable_output=false reason=NO_GOAL odom=(0.07,0.02,-0.09) goal=none tracking_setpoint_enu=(0.07,0.02,0.78) setpoint_ned=none yaw(desired/cmd/rate)=(0.00/0.00/0.00) cross_track=0.00 frame_id=px4_ned path_points=0 odom_source=/mavros/local_position/odom cloud_source=/saved_map mavros_connected=true
[offboard_waypoint_node-1] [INFO] [1786441389.871814748] [offboard_waypoint_node]: [HOLD_ERROR] position_error=0.009 velocity=0.000 state=IDLE_HOLD
[race_ego_cloud_bridge-8] [INFO] [1786441389.894273946] [race_ego_cloud_bridge]: [EGO_STATIC_MAP_READY] topic=/saved_map frame=map points=9161 fused=true
[fastlio_bridge_node-2] [INFO] [1786441390.066407711] [fastlio_bridge_node]: 已桥接并转换里程计: ENU(0.07, 0.02, -0.01) -> NED(-0.07, 0.02, 0.01)
[ego_planner_node-10] [FSM]: state: WAIT_TARGET
[ego_planner_node-10] wait for goal or trigger.
[offboard_waypoint_node-1] [INFO] [1786441390.721990439] [offboard_waypoint_node]: [CONTROL_ARBITER] selected_source=safety_hold state=IDLE_HOLD
[super_planner_ros2_node-6] [INFO] [1786441390.735436013] [super_planner_ros2_node]: SUPER_ROS2 mode=IDLE enable_output=false reason=NO_GOAL odom=(0.07,0.01,-0.09) goal=none tracking_setpoint_enu=(0.07,0.01,0.78) setpoint_ned=none yaw(desired/cmd/rate)=(0.00/0.00/0.00) cross_track=0.00 frame_id=px4_ned path_points=0 odom_source=/mavros/local_position/odom cloud_source=/saved_map mavros_connected=true
[mapping_manager_node-5] [INFO] [1786441390.765543242] [mapping_manager_node]: Mapping status: in_flight=false, map_loaded=false, map_saved=false
[offboard_waypoint_node-1] [INFO] [1786441390.871941636] [offboard_waypoint_node]: [HOLD_ERROR] position_error=0.006 velocity=0.009 state=IDLE_HOLD
[ego_planner_node-10] [FSM]: state: WAIT_TARGET
[ego_planner_node-10] wait for goal or trigger.
[offboard_waypoint_node-1] [INFO] [1786441391.722097661] [offboard_waypoint_node]: [CONTROL_ARBITER] selected_source=safety_hold state=IDLE_HOLD
[super_planner_ros2_node-6] [INFO] [1786441391.735489448] [super_planner_ros2_node]: SUPER_ROS2 mode=IDLE enable_output=false reason=NO_GOAL odom=(0.07,0.01,-0.08) goal=none tracking_setpoint_enu=(0.07,0.01,0.78) setpoint_ned=none yaw(desired/cmd/rate)=(0.00/0.00/0.00) cross_track=0.00 frame_id=px4_ned path_points=0 odom_source=/mavros/local_position/odom cloud_source=/saved_map mavros_connected=true
[offboard_waypoint_node-1] [INFO] [1786441391.872011026] [offboard_waypoint_node]: [HOLD_ERROR] position_error=0.009 velocity=0.010 state=IDLE_HOLD
[race_ego_cloud_bridge-8] [INFO] [1786441391.894975041] [race_ego_cloud_bridge]: [EGO_STATIC_MAP_READY] topic=/saved_map frame=map points=9161 fused=true
[fastlio_bridge_node-2] [INFO] [1786441392.067227137] [fastlio_bridge_node]: 已桥接并转换里程计: ENU(0.07, 0.02, -0.01) -> NED(-0.07, 0.02, 0.01)
[ego_planner_node-10] [FSM]: state: WAIT_TARGET
[ego_planner_node-10] wait for goal or trigger.
[offboard_waypoint_node-1] [INFO] [1786441392.722105754] [offboard_waypoint_node]: [CONTROL_ARBITER] selected_source=safety_hold state=IDLE_HOLD
[super_planner_ros2_node-6] [INFO] [1786441392.735577798] [super_planner_ros2_node]: SUPER_ROS2 mode=IDLE enable_output=false reason=NO_GOAL odom=(0.07,0.01,-0.09) goal=none tracking_setpoint_enu=(0.07,0.01,0.78) setpoint_ned=none yaw(desired/cmd/rate)=(0.00/0.00/0.00) cross_track=0.00 frame_id=px4_ned path_points=0 odom_source=/mavros/local_position/odom cloud_source=/saved_map mavros_connected=true
[offboard_waypoint_node-1] [INFO] [1786441392.872195612] [offboard_waypoint_node]: [HOLD_ERROR] position_error=0.015 velocity=0.013 state=IDLE_HOLD
[ego_planner_node-10] [FSM]: state: WAIT_TARGET
[ego_planner_node-10] wait for goal or trigger.
[offboard_waypoint_node-1] [INFO] [1786441393.722193119] [offboard_waypoint_node]: [CONTROL_ARBITER] selected_source=safety_hold state=IDLE_HOLD
[super_planner_ros2_node-6] [INFO] [1786441393.735708913] [super_planner_ros2_node]: SUPER_ROS2 mode=IDLE enable_output=false reason=NO_GOAL odom=(0.08,0.01,-0.09) goal=none tracking_setpoint_enu=(0.08,0.01,0.78) setpoint_ned=none yaw(desired/cmd/rate)=(0.00/0.00/0.00) cross_track=0.00 frame_id=px4_ned path_points=0 odom_source=/mavros/local_position/odom cloud_source=/saved_map mavros_connected=true
[race_ego_cloud_bridge-8] [INFO] [1786441393.894479702] [race_ego_cloud_bridge]: [EGO_STATIC_MAP_READY] topic=/saved_map frame=map points=9161 fused=true
[offboard_waypoint_node-1] [INFO] [1786441393.922136972] [offboard_waypoint_node]: [HOLD_ERROR] position_error=0.016 velocity=0.011 state=IDLE_HOLD
[fastlio_bridge_node-2] [INFO] [1786441394.066875004] [fastlio_bridge_node]: 已桥接并转换里程计: ENU(0.07, 0.01, -0.00) -> NED(-0.07, 0.01, 0.00)
[ego_planner_node-10] [FSM]: state: WAIT_TARGET
[ego_planner_node-10] wait for goal or trigger.
[offboard_waypoint_node-1] [INFO] [1786441394.722279809] [offboard_waypoint_node]: [CONTROL_ARBITER] selected_source=safety_hold state=IDLE_HOLD
[super_planner_ros2_node-6] [INFO] [1786441394.735734530] [super_planner_ros2_node]: SUPER_ROS2 mode=IDLE enable_output=false reason=NO_GOAL odom=(0.08,0.01,-0.08) goal=none tracking_setpoint_enu=(0.08,0.01,0.78) setpoint_ned=none yaw(desired/cmd/rate)=(0.00/0.00/0.00) cross_track=0.00 frame_id=px4_ned path_points=0 odom_source=/mavros/local_position/odom cloud_source=/saved_map mavros_connected=true
[offboard_waypoint_node-1] [INFO] [1786441394.922253855] [offboard_waypoint_node]: [HOLD_ERROR] position_error=0.014 velocity=0.006 state=IDLE_HOLD
[ego_planner_node-10] [FSM]: state: WAIT_TARGET
[ego_planner_node-10] wait for goal or trigger.
[offboard_waypoint_node-1] [INFO] [1786441395.722309075] [offboard_waypoint_node]: [CONTROL_ARBITER] selected_source=safety_hold state=IDLE_HOLD
[super_planner_ros2_node-6] [INFO] [1786441395.735758337] [super_planner_ros2_node]: SUPER_ROS2 mode=IDLE enable_output=false reason=NO_GOAL odom=(0.07,0.01,-0.08) goal=none tracking_setpoint_enu=(0.07,0.01,0.78) setpoint_ned=none yaw(desired/cmd/rate)=(0.00/0.00/0.00) cross_track=0.00 frame_id=px4_ned path_points=0 odom_source=/mavros/local_position/odom cloud_source=/saved_map mavros_connected=true
[race_ego_cloud_bridge-8] [INFO] [1786441395.894650419] [race_ego_cloud_bridge]: [EGO_STATIC_MAP_READY] topic=/saved_map frame=map points=9161 fused=true
[offboard_waypoint_node-1] [INFO] [1786441395.922316005] [offboard_waypoint_node]: [HOLD_ERROR] position_error=0.011 velocity=0.006 state=IDLE_HOLD
[fastlio_bridge_node-2] [INFO] [1786441396.067500685] [fastlio_bridge_node]: 已桥接并转换里程计: ENU(0.07, 0.02, -0.00) -> NED(-0.07, 0.02, 0.00)
[ego_planner_node-10] [FSM]: state: WAIT_TARGET
[ego_planner_node-10] wait for goal or trigger.
[offboard_waypoint_node-1] [INFO] [1786441396.722353816] [offboard_waypoint_node]: [CONTROL_ARBITER] selected_source=safety_hold state=IDLE_HOLD
[super_planner_ros2_node-6] [INFO] [1786441396.735873874] [super_planner_ros2_node]: SUPER_ROS2 mode=IDLE enable_output=false reason=NO_GOAL odom=(0.07,0.01,-0.08) goal=none tracking_setpoint_enu=(0.07,0.01,0.78) setpoint_ned=none yaw(desired/cmd/rate)=(0.00/0.00/0.00) cross_track=0.00 frame_id=px4_ned path_points=0 odom_source=/mavros/local_position/odom cloud_source=/saved_map mavros_connected=true
[offboard_waypoint_node-1] [INFO] [1786441396.922366778] [offboard_waypoint_node]: [HOLD_ERROR] position_error=0.014 velocity=0.008 state=IDLE_HOLD
[ego_planner_node-10] [FSM]: state: WAIT_TARGET
[ego_planner_node-10] wait for goal or trigger.
[offboard_waypoint_node-1] [INFO] [1786441397.722461438] [offboard_waypoint_node]: [CONTROL_ARBITER] selected_source=safety_hold state=IDLE_HOLD
[super_planner_ros2_node-6] [INFO] [1786441397.735942464] [super_planner_ros2_node]: SUPER_ROS2 mode=IDLE enable_output=false reason=NO_GOAL odom=(0.07,0.01,-0.08) goal=none tracking_setpoint_enu=(0.07,0.01,0.78) setpoint_ned=none yaw(desired/cmd/rate)=(0.00/0.00/0.00) cross_track=0.00 frame_id=px4_ned path_points=0 odom_source=/mavros/local_position/odom cloud_source=/saved_map mavros_connected=true
[race_ego_cloud_bridge-8] [INFO] [1786441397.895009286] [race_ego_cloud_bridge]: [EGO_STATIC_MAP_READY] topic=/saved_map frame=map points=9161 fused=true
[offboard_waypoint_node-1] [INFO] [1786441397.922452862] [offboard_waypoint_node]: [HOLD_ERROR] position_error=0.010 velocity=0.004 state=IDLE_HOLD
[fastlio_bridge_node-2] [INFO] [1786441398.067207716] [fastlio_bridge_node]: 已桥接并转换里程计: ENU(0.07, 0.01, -0.01) -> NED(-0.07, 0.01, 0.01)
[ego_planner_node-10] [FSM]: state: WAIT_TARGET
[ego_planner_node-10] wait for goal or trigger.
[offboard_waypoint_node-1] [INFO] [1786441398.722538307] [offboard_waypoint_node]: [CONTROL_ARBITER] selected_source=safety_hold state=IDLE_HOLD
[super_planner_ros2_node-6] [INFO] [1786441398.736014250] [super_planner_ros2_node]: SUPER_ROS2 mode=IDLE enable_output=false reason=NO_GOAL odom=(0.07,0.02,-0.09) goal=none tracking_setpoint_enu=(0.07,0.02,0.78) setpoint_ned=none yaw(desired/cmd/rate)=(0.00/0.00/0.00) cross_track=0.00 frame_id=px4_ned path_points=0 odom_source=/mavros/local_position/odom cloud_source=/saved_map mavros_connected=true
[offboard_waypoint_node-1] [INFO] [1786441398.922516200] [offboard_waypoint_node]: [HOLD_ERROR] position_error=0.009 velocity=0.009 state=IDLE_HOLD
[ego_planner_node-10] [FSM]: state: WAIT_TARGET
[ego_planner_node-10] wait for goal or trigger.
[offboard_waypoint_node-1] [INFO] [1786441399.722573790] [offboard_waypoint_node]: [CONTROL_ARBITER] selected_source=safety_hold state=IDLE_HOLD
[super_planner_ros2_node-6] [INFO] [1786441399.736085855] [super_planner_ros2_node]: SUPER_ROS2 mode=IDLE enable_output=false reason=NO_GOAL odom=(0.07,0.02,-0.09) goal=none tracking_setpoint_enu=(0.07,0.02,0.78) setpoint_ned=none yaw(desired/cmd/rate)=(0.00/0.00/0.00) cross_track=0.00 frame_id=px4_ned path_points=0 odom_source=/mavros/local_position/odom cloud_source=/saved_map mavros_connected=true
[race_ego_cloud_bridge-8] [INFO] [1786441399.894965704] [race_ego_cloud_bridge]: [EGO_STATIC_MAP_READY] topic=/saved_map frame=map points=9161 fused=true
[offboard_waypoint_node-1] [INFO] [1786441399.922577364] [offboard_waypoint_node]: [HOLD_ERROR] position_error=0.012 velocity=0.008 state=IDLE_HOLD
[fastlio_bridge_node-2] [INFO] [1786441400.067356763] [fastlio_bridge_node]: 已桥接并转换里程计: ENU(0.07, 0.02, -0.00) -> NED(-0.07, 0.02, 0.00)
[ego_planner_node-10] [FSM]: state: WAIT_TARGET
[ego_planner_node-10] wait for goal or trigger.
[offboard_waypoint_node-1] [INFO] [1786441400.722664510] [offboard_waypoint_node]: [CONTROL_ARBITER] selected_source=safety_hold state=IDLE_HOLD
[super_planner_ros2_node-6] [INFO] [1786441400.736186020] [super_planner_ros2_node]: SUPER_ROS2 mode=IDLE enable_output=false reason=NO_GOAL odom=(0.07,0.02,-0.09) goal=none tracking_setpoint_enu=(0.07,0.02,0.78) setpoint_ned=none yaw(desired/cmd/rate)=(0.00/0.00/0.00) cross_track=0.00 frame_id=px4_ned path_points=0 odom_source=/mavros/local_position/odom cloud_source=/saved_map mavros_connected=true
[offboard_waypoint_node-1] [INFO] [1786441400.922664795] [offboard_waypoint_node]: [HOLD_ERROR] position_error=0.009 velocity=0.008 state=IDLE_HOLD
[ego_planner_node-10] [FSM]: state: WAIT_TARGET
[ego_planner_node-10] wait for goal or trigger.
[offboard_waypoint_node-1] [INFO] [1786441401.722779279] [offboard_waypoint_node]: [CONTROL_ARBITER] selected_source=safety_hold state=IDLE_HOLD
[super_planner_ros2_node-6] [INFO] [1786441401.736194493] [super_planner_ros2_node]: SUPER_ROS2 mode=IDLE enable_output=false reason=NO_GOAL odom=(0.07,0.02,-0.08) goal=none tracking_setpoint_enu=(0.07,0.02,0.78) setpoint_ned=none yaw(desired/cmd/rate)=(0.00/0.00/0.00) cross_track=0.00 frame_id=px4_ned path_points=0 odom_source=/mavros/local_position/odom cloud_source=/saved_map mavros_connected=true
[race_ego_cloud_bridge-8] [INFO] [1786441401.895166477] [race_ego_cloud_bridge]: [EGO_STATIC_MAP_READY] topic=/saved_map frame=map points=9161 fused=true
[offboard_waypoint_node-1] [INFO] [1786441401.922746960] [offboard_waypoint_node]: [HOLD_ERROR] position_error=0.005 velocity=0.006 state=IDLE_HOLD
[fastlio_bridge_node-2] [INFO] [1786441402.067527409] [fastlio_bridge_node]: 已桥接并转换里程计: ENU(0.08, 0.02, -0.01) -> NED(-0.08, 0.02, 0.01)
[ego_planner_node-10] [FSM]: state: WAIT_TARGET
[ego_planner_node-10] wait for goal or trigger.
[offboard_waypoint_node-1] [INFO] [1786441402.722869245] [offboard_waypoint_node]: [CONTROL_ARBITER] selected_source=safety_hold state=IDLE_HOLD
[super_planner_ros2_node-6] [INFO] [1786441402.736304734] [super_planner_ros2_node]: SUPER_ROS2 mode=IDLE enable_output=false reason=NO_GOAL odom=(0.08,0.01,-0.09) goal=none tracking_setpoint_enu=(0.08,0.01,0.78) setpoint_ned=none yaw(desired/cmd/rate)=(0.00/0.00/0.00) cross_track=0.00 frame_id=px4_ned path_points=0 odom_source=/mavros/local_position/odom cloud_source=/saved_map mavros_connected=true
[offboard_waypoint_node-1] [INFO] [1786441402.922828108] [offboard_waypoint_node]: [HOLD_ERROR] position_error=0.015 velocity=0.007 state=IDLE_HOLD
[ego_planner_node-10] [FSM]: state: WAIT_TARGET
[ego_planner_node-10] wait for goal or trigger.
[offboard_waypoint_node-1] [INFO] [1786441403.722918559] [offboard_waypoint_node]: [CONTROL_ARBITER] selected_source=safety_hold state=IDLE_HOLD
[super_planner_ros2_node-6] [INFO] [1786441403.736307772] [super_planner_ros2_node]: SUPER_ROS2 mode=IDLE enable_output=false reason=NO_GOAL odom=(0.08,0.01,-0.08) goal=none tracking_setpoint_enu=(0.08,0.01,0.78) setpoint_ned=none yaw(desired/cmd/rate)=(0.00/0.00/0.00) cross_track=0.00 frame_id=px4_ned path_points=0 odom_source=/mavros/local_position/odom cloud_source=/saved_map mavros_connected=true
[race_ego_cloud_bridge-8] [INFO] [1786441403.895259486] [race_ego_cloud_bridge]: [EGO_STATIC_MAP_READY] topic=/saved_map frame=map points=9161 fused=true
[offboard_waypoint_node-1] [INFO] [1786441403.922886489] [offboard_waypoint_node]: [HOLD_ERROR] position_error=0.017 velocity=0.007 state=IDLE_HOLD
[fastlio_bridge_node-2] [INFO] [1786441404.067034207] [fastlio_bridge_node]: 已桥接并转换里程计: ENU(0.08, 0.01, -0.00) -> NED(-0.08, 0.01, 0.00)
[ego_planner_node-10] [FSM]: state: WAIT_TARGET
[ego_planner_node-10] wait for goal or trigger.
[offboard_waypoint_node-1] [INFO] [1786441404.722923748] [offboard_waypoint_node]: [CONTROL_ARBITER] selected_source=safety_hold state=IDLE_HOLD
[super_planner_ros2_node-6] [INFO] [1786441404.736443466] [super_planner_ros2_node]: SUPER_ROS2 mode=IDLE enable_output=false reason=NO_GOAL odom=(0.08,0.01,-0.08) goal=none tracking_setpoint_enu=(0.08,0.01,0.78) setpoint_ned=none yaw(desired/cmd/rate)=(0.00/0.00/0.00) cross_track=0.00 frame_id=px4_ned path_points=0 odom_source=/mavros/local_position/odom cloud_source=/saved_map mavros_connected=true
[offboard_waypoint_node-1] [INFO] [1786441404.922955875] [offboard_waypoint_node]: [HOLD_ERROR] position_error=0.018 velocity=0.005 state=IDLE_HOLD
[ego_planner_node-10] [FSM]: state: WAIT_TARGET
[ego_planner_node-10] wait for goal or trigger.
[offboard_waypoint_node-1] [INFO] [1786441405.723049851] [offboard_waypoint_node]: [CONTROL_ARBITER] selected_source=safety_hold state=IDLE_HOLD
[super_planner_ros2_node-6] [INFO] [1786441405.736546716] [super_planner_ros2_node]: SUPER_ROS2 mode=IDLE enable_output=false reason=NO_GOAL odom=(0.08,0.01,-0.09) goal=none tracking_setpoint_enu=(0.08,0.01,0.78) setpoint_ned=none yaw(desired/cmd/rate)=(0.00/0.00/0.00) cross_track=0.00 frame_id=px4_ned path_points=0 odom_source=/mavros/local_position/odom cloud_source=/saved_map mavros_connected=true
[race_ego_cloud_bridge-8] [INFO] [1786441405.895485709] [race_ego_cloud_bridge]: [EGO_STATIC_MAP_READY] topic=/saved_map frame=map points=9161 fused=true
[offboard_waypoint_node-1] [INFO] [1786441405.923069178] [offboard_waypoint_node]: [HOLD_ERROR] position_error=0.017 velocity=0.005 state=IDLE_HOLD
[fastlio_bridge_node-2] [INFO] [1786441406.067273980] [fastlio_bridge_node]: 已桥接并转换里程计: ENU(0.08, 0.02, -0.00) -> NED(-0.08, 0.02, 0.00)
[ego_planner_node-10] [FSM]: state: WAIT_TARGET
[ego_planner_node-10] wait for goal or trigger.
[offboard_waypoint_node-1] [INFO] [1786441406.723127947] [offboard_waypoint_node]: [CONTROL_ARBITER] selected_source=safety_hold state=IDLE_HOLD
[super_planner_ros2_node-6] [INFO] [1786441406.736605381] [super_planner_ros2_node]: SUPER_ROS2 mode=IDLE enable_output=false reason=NO_GOAL odom=(0.08,0.01,-0.08) goal=none tracking_setpoint_enu=(0.08,0.01,0.78) setpoint_ned=none yaw(desired/cmd/rate)=(0.00/0.00/0.00) cross_track=0.00 frame_id=px4_ned path_points=0 odom_source=/mavros/local_position/odom cloud_source=/saved_map mavros_connected=true
[offboard_waypoint_node-1] [INFO] [1786441406.923226923] [offboard_waypoint_node]: [HOLD_ERROR] position_error=0.014 velocity=0.008 state=IDLE_HOLD
[ego_planner_node-10] [FSM]: state: WAIT_TARGET
[ego_planner_node-10] wait for goal or trigger.
[offboard_waypoint_node-1] [INFO] [1786441407.723191529] [offboard_waypoint_node]: [CONTROL_ARBITER] selected_source=safety_hold state=IDLE_HOLD
[super_planner_ros2_node-6] [INFO] [1786441407.736695599] [super_planner_ros2_node]: SUPER_ROS2 mode=IDLE enable_output=false reason=NO_GOAL odom=(0.08,0.01,-0.09) goal=none tracking_setpoint_enu=(0.08,0.01,0.78) setpoint_ned=none yaw(desired/cmd/rate)=(0.00/0.00/0.00) cross_track=0.00 frame_id=px4_ned path_points=0 odom_source=/mavros/local_position/odom cloud_source=/saved_map mavros_connected=true
[race_ego_cloud_bridge-8] [INFO] [1786441407.895500572] [race_ego_cloud_bridge]: [EGO_STATIC_MAP_READY] topic=/saved_map frame=map points=9161 fused=true
[offboard_waypoint_node-1] [INFO] [1786441407.923261682] [offboard_waypoint_node]: [HOLD_ERROR] position_error=0.015 velocity=0.004 state=IDLE_HOLD
[fastlio_bridge_node-2] [INFO] [1786441408.066859925] [fastlio_bridge_node]: 已桥接并转换里程计: ENU(0.07, 0.01, -0.01) -> NED(-0.07, 0.01, 0.01)
[ego_planner_node-10] [FSM]: state: WAIT_TARGET
[ego_planner_node-10] wait for goal or trigger.
[offboard_waypoint_node-1] [INFO] [1786441408.723238108] [offboard_waypoint_node]: [CONTROL_ARBITER] selected_source=safety_hold state=IDLE_HOLD
[super_planner_ros2_node-6] [INFO] [1786441408.736758698] [super_planner_ros2_node]: SUPER_ROS2 mode=IDLE enable_output=false reason=NO_GOAL odom=(0.08,0.02,-0.09) goal=none tracking_setpoint_enu=(0.08,0.02,0.78) setpoint_ned=none yaw(desired/cmd/rate)=(0.00/0.00/0.00) cross_track=0.00 frame_id=px4_ned path_points=0 odom_source=/mavros/local_position/odom cloud_source=/saved_map mavros_connected=true
[offboard_waypoint_node-1] [INFO] [1786441408.923269440] [offboard_waypoint_node]: [HOLD_ERROR] position_error=0.013 velocity=0.007 state=IDLE_HOLD
[ego_planner_node-10] [FSM]: state: WAIT_TARGET
[ego_planner_node-10] wait for goal or trigger.
[offboard_waypoint_node-1] [INFO] [1786441409.723349484] [offboard_waypoint_node]: [CONTROL_ARBITER] selected_source=safety_hold state=IDLE_HOLD
[super_planner_ros2_node-6] [INFO] [1786441409.736835391] [super_planner_ros2_node]: SUPER_ROS2 mode=IDLE enable_output=false reason=NO_GOAL odom=(0.08,0.02,-0.09) goal=none tracking_setpoint_enu=(0.08,0.02,0.78) setpoint_ned=none yaw(desired/cmd/rate)=(0.00/0.00/0.00) cross_track=0.00 frame_id=px4_ned path_points=0 odom_source=/mavros/local_position/odom cloud_source=/saved_map mavros_connected=true
[race_ego_cloud_bridge-8] [INFO] [1786441409.895715178] [race_ego_cloud_bridge]: [EGO_STATIC_MAP_READY] topic=/saved_map frame=map points=9161 fused=true
[offboard_waypoint_node-1] [INFO] [1786441409.923335295] [offboard_waypoint_node]: [HOLD_ERROR] position_error=0.016 velocity=0.014 state=IDLE_HOLD
[fastlio_bridge_node-2] [INFO] [1786441410.067676255] [fastlio_bridge_node]: 已桥接并转换里程计: ENU(0.08, 0.02, -0.01) -> NED(-0.08, 0.02, 0.01)
[ego_planner_node-10] [FSM]: state: WAIT_TARGET
[ego_planner_node-10] wait for goal or trigger.
[offboard_waypoint_node-1] [INFO] [1786441410.723436869] [offboard_waypoint_node]: [CONTROL_ARBITER] selected_source=safety_hold state=IDLE_HOLD
[super_planner_ros2_node-6] [INFO] [1786441410.736894064] [super_planner_ros2_node]: SUPER_ROS2 mode=IDLE enable_output=false reason=NO_GOAL odom=(0.08,0.02,-0.09) goal=none tracking_setpoint_enu=(0.08,0.02,0.78) setpoint_ned=none yaw(desired/cmd/rate)=(0.00/0.00/0.00) cross_track=0.00 frame_id=px4_ned path_points=0 odom_source=/mavros/local_position/odom cloud_source=/saved_map mavros_connected=true
[offboard_waypoint_node-1] [INFO] [1786441410.923486740] [offboard_waypoint_node]: [HOLD_ERROR] position_error=0.014 velocity=0.013 state=IDLE_HOLD
[ego_planner_node-10] [FSM]: state: WAIT_TARGET
[ego_planner_node-10] wait for goal or trigger.
[offboard_waypoint_node-1] [INFO] [1786441411.723499004] [offboard_waypoint_node]: [CONTROL_ARBITER] selected_source=safety_hold state=IDLE_HOLD
[super_planner_ros2_node-6] [INFO] [1786441411.737060103] [super_planner_ros2_node]: SUPER_ROS2 mode=IDLE enable_output=false reason=NO_GOAL odom=(0.07,0.02,-0.08) goal=none tracking_setpoint_enu=(0.07,0.02,0.78) setpoint_ned=none yaw(desired/cmd/rate)=(0.00/0.00/0.00) cross_track=0.00 frame_id=px4_ned path_points=0 odom_source=/mavros/local_position/odom cloud_source=/saved_map mavros_connected=true
[race_ego_cloud_bridge-8] [INFO] [1786441411.895923569] [race_ego_cloud_bridge]: [EGO_STATIC_MAP_READY] topic=/saved_map frame=map points=9161 fused=true
[offboard_waypoint_node-1] [INFO] [1786441411.973467990] [offboard_waypoint_node]: [HOLD_ERROR] position_error=0.012 velocity=0.012 state=IDLE_HOLD
[fastlio_bridge_node-2] [INFO] [1786441412.067136467] [fastlio_bridge_node]: 已桥接并转换里程计: ENU(0.07, 0.01, 0.00) -> NED(-0.07, 0.01, -0.00)
[ego_planner_node-10] [FSM]: state: WAIT_TARGET
[ego_planner_node-10] wait for goal or trigger.
[offboard_waypoint_node-1] [INFO] [1786441412.723535527] [offboard_waypoint_node]: [CONTROL_ARBITER] selected_source=safety_hold state=IDLE_HOLD
[super_planner_ros2_node-6] [INFO] [1786441412.787296716] [super_planner_ros2_node]: SUPER_ROS2 mode=IDLE enable_output=false reason=NO_GOAL odom=(0.07,0.02,-0.08) goal=none tracking_setpoint_enu=(0.07,0.02,0.78) setpoint_ned=none yaw(desired/cmd/rate)=(0.00/0.00/0.00) cross_track=0.00 frame_id=px4_ned path_points=0 odom_source=/mavros/local_position/odom cloud_source=/saved_map mavros_connected=true
[offboard_waypoint_node-1] [INFO] [1786441412.973681483] [offboard_waypoint_node]: [HOLD_ERROR] position_error=0.010 velocity=0.012 state=IDLE_HOLD
[ego_planner_node-10] [FSM]: state: WAIT_TARGET
[ego_planner_node-10] wait for goal or trigger.
[offboard_waypoint_node-1] [INFO] [1786441413.723649643] [offboard_waypoint_node]: [CONTROL_ARBITER] selected_source=safety_hold state=IDLE_HOLD
[super_planner_ros2_node-6] [INFO] [1786441413.787328603] [super_planner_ros2_node]: SUPER_ROS2 mode=IDLE enable_output=false reason=NO_GOAL odom=(0.07,0.02,-0.08) goal=none tracking_setpoint_enu=(0.07,0.02,0.78) setpoint_ned=none yaw(desired/cmd/rate)=(0.00/0.00/0.00) cross_track=0.00 frame_id=px4_ned path_points=0 odom_source=/mavros/local_position/odom cloud_source=/saved_map mavros_connected=true
[race_ego_cloud_bridge-8] [INFO] [1786441413.896006919] [race_ego_cloud_bridge]: [EGO_STATIC_MAP_READY] topic=/saved_map frame=map points=9161 fused=true
[offboard_waypoint_node-1] [INFO] [1786441414.023647278] [offboard_waypoint_node]: [HOLD_ERROR] position_error=0.012 velocity=0.007 state=IDLE_HOLD
[fastlio_bridge_node-2] [INFO] [1786441414.067032839] [fastlio_bridge_node]: 已桥接并转换里程计: ENU(0.08, 0.02, -0.01) -> NED(-0.08, 0.02, 0.01)
[ego_planner_node-10] [FSM]: state: WAIT_TARGET
[ego_planner_node-10] wait for goal or trigger.
[offboard_waypoint_node-1] [INFO] [1786441414.723666926] [offboard_waypoint_node]: [CONTROL_ARBITER] selected_source=safety_hold state=IDLE_HOLD
[super_planner_ros2_node-6] [INFO] [1786441414.837192752] [super_planner_ros2_node]: SUPER_ROS2 mode=IDLE enable_output=false reason=NO_GOAL odom=(0.08,0.02,-0.08) goal=none tracking_setpoint_enu=(0.08,0.02,0.78) setpoint_ned=none yaw(desired/cmd/rate)=(0.00/0.00/0.00) cross_track=0.00 frame_id=px4_ned path_points=0 odom_source=/mavros/local_position/odom cloud_source=/saved_map mavros_connected=true
[offboard_waypoint_node-1] [INFO] [1786441415.023683088] [offboard_waypoint_node]: [HOLD_ERROR] position_error=0.014 velocity=0.004 state=IDLE_HOLD
[ego_planner_node-10] [FSM]: state: WAIT_TARGET
[ego_planner_node-10] wait for goal or trigger.
[offboard_waypoint_node-1] [INFO] [1786441415.723802620] [offboard_waypoint_node]: [CONTROL_ARBITER] selected_source=safety_hold state=IDLE_HOLD
[super_planner_ros2_node-6] [INFO] [1786441415.837285058] [super_planner_ros2_node]: SUPER_ROS2 mode=IDLE enable_output=false reason=NO_GOAL odom=(0.08,0.02,-0.09) goal=none tracking_setpoint_enu=(0.08,0.02,0.78) setpoint_ned=none yaw(desired/cmd/rate)=(0.00/0.00/0.00) cross_track=0.00 frame_id=px4_ned path_points=0 odom_source=/mavros/local_position/odom cloud_source=/saved_map mavros_connected=true
[race_ego_cloud_bridge-8] [INFO] [1786441415.896124223] [race_ego_cloud_bridge]: [EGO_STATIC_MAP_READY] topic=/saved_map frame=map points=9161 fused=true
[offboard_waypoint_node-1] [INFO] [1786441416.023776617] [offboard_waypoint_node]: [HOLD_ERROR] position_error=0.014 velocity=0.003 state=IDLE_HOLD
[fastlio_bridge_node-2] [INFO] [1786441416.067190250] [fastlio_bridge_node]: 已桥接并转换里程计: ENU(0.08, 0.02, -0.00) -> NED(-0.08, 0.02, 0.00)
[ego_planner_node-10] [FSM]: state: WAIT_TARGET
[ego_planner_node-10] wait for goal or trigger.
[offboard_waypoint_node-1] [INFO] [1786441416.723869266] [offboard_waypoint_node]: [CONTROL_ARBITER] selected_source=safety_hold state=IDLE_HOLD
[super_planner_ros2_node-6] [INFO] [1786441416.837547212] [super_planner_ros2_node]: SUPER_ROS2 mode=IDLE enable_output=false reason=NO_GOAL odom=(0.08,0.01,-0.08) goal=none tracking_setpoint_enu=(0.08,0.01,0.78) setpoint_ned=none yaw(desired/cmd/rate)=(0.00/0.00/0.00) cross_track=0.00 frame_id=px4_ned path_points=0 odom_source=/mavros/local_position/odom cloud_source=/saved_map mavros_connected=true
[offboard_waypoint_node-1] [INFO] [1786441417.023819664] [offboard_waypoint_node]: [HOLD_ERROR] position_error=0.013 velocity=0.008 state=IDLE_HOLD
[ego_planner_node-10] [FSM]: state: WAIT_TARGET
[ego_planner_node-10] wait for goal or trigger.
[offboard_waypoint_node-1] [INFO] [1786441417.723939754] [offboard_waypoint_node]: [CONTROL_ARBITER] selected_source=safety_hold state=IDLE_HOLD
[super_planner_ros2_node-6] [INFO] [1786441417.887511445] [super_planner_ros2_node]: SUPER_ROS2 mode=IDLE enable_output=false reason=NO_GOAL odom=(0.08,0.01,-0.08) goal=none tracking_setpoint_enu=(0.08,0.01,0.78) setpoint_ned=none yaw(desired/cmd/rate)=(0.00/0.00/0.00) cross_track=0.00 frame_id=px4_ned path_points=0 odom_source=/mavros/local_position/odom cloud_source=/saved_map mavros_connected=true
[race_ego_cloud_bridge-8] [INFO] [1786441417.896282937] [race_ego_cloud_bridge]: [EGO_STATIC_MAP_READY] topic=/saved_map frame=map points=9161 fused=true
[offboard_waypoint_node-1] [INFO] [1786441418.023926995] [offboard_waypoint_node]: [HOLD_ERROR] position_error=0.019 velocity=0.006 state=IDLE_HOLD
[fastlio_bridge_node-2] [INFO] [1786441418.067342786] [fastlio_bridge_node]: 已桥接并转换里程计: ENU(0.08, 0.02, -0.01) -> NED(-0.08, 0.02, 0.01)
[ego_planner_node-10] [FSM]: state: WAIT_TARGET
[ego_planner_node-10] wait for goal or trigger.
[offboard_waypoint_node-1] [INFO] [1786441418.723964230] [offboard_waypoint_node]: [CONTROL_ARBITER] selected_source=safety_hold state=IDLE_HOLD
[super_planner_ros2_node-6] [INFO] [1786441418.887601885] [super_planner_ros2_node]: SUPER_ROS2 mode=IDLE enable_output=false reason=NO_GOAL odom=(0.08,0.01,-0.08) goal=none tracking_setpoint_enu=(0.08,0.01,0.78) setpoint_ned=none yaw(desired/cmd/rate)=(0.00/0.00/0.00) cross_track=0.00 frame_id=px4_ned path_points=0 odom_source=/mavros/local_position/odom cloud_source=/saved_map mavros_connected=true
[offboard_waypoint_node-1] [INFO] [1786441419.024007969] [offboard_waypoint_node]: [HOLD_ERROR] position_error=0.022 velocity=0.006 state=IDLE_HOLD
[ego_planner_node-10] [FSM]: state: WAIT_TARGET
[ego_planner_node-10] wait for goal or trigger.
[offboard_waypoint_node-1] [INFO] [1786441419.724032295] [offboard_waypoint_node]: [CONTROL_ARBITER] selected_source=safety_hold state=IDLE_HOLD
[super_planner_ros2_node-6] [INFO] [1786441419.887630461] [super_planner_ros2_node]: SUPER_ROS2 mode=IDLE enable_output=false reason=NO_GOAL odom=(0.08,0.02,-0.08) goal=none tracking_setpoint_enu=(0.08,0.02,0.78) setpoint_ned=none yaw(desired/cmd/rate)=(0.00/0.00/0.00) cross_track=0.00 frame_id=px4_ned path_points=0 odom_source=/mavros/local_position/odom cloud_source=/saved_map mavros_connected=true
[race_ego_cloud_bridge-8] [INFO] [1786441419.896429450] [race_ego_cloud_bridge]: [EGO_STATIC_MAP_READY] topic=/saved_map frame=map points=9161 fused=true
[offboard_waypoint_node-1] [INFO] [1786441420.024041327] [offboard_waypoint_node]: [HOLD_ERROR] position_error=0.020 velocity=0.006 state=IDLE_HOLD
[fastlio_bridge_node-2] [INFO] [1786441420.067586202] [fastlio_bridge_node]: 已桥接并转换里程计: ENU(0.08, 0.02, -0.00) -> NED(-0.08, 0.02, 0.00)
[ego_planner_node-10] [FSM]: state: WAIT_TARGET
[ego_planner_node-10] wait for goal or trigger.
[offboard_waypoint_node-1] [INFO] [1786441420.724150636] [offboard_waypoint_node]: [CONTROL_ARBITER] selected_source=safety_hold state=IDLE_HOLD
[mapping_manager_node-5] [INFO] [1786441420.767780372] [mapping_manager_node]: Mapping status: in_flight=false, map_loaded=false, map_saved=false
[super_planner_ros2_node-6] [INFO] [1786441420.887780210] [super_planner_ros2_node]: SUPER_ROS2 mode=IDLE enable_output=false reason=NO_GOAL odom=(0.09,0.02,-0.08) goal=none tracking_setpoint_enu=(0.09,0.02,0.78) setpoint_ned=none yaw(desired/cmd/rate)=(0.00/0.00/0.00) cross_track=0.00 frame_id=px4_ned path_points=0 odom_source=/mavros/local_position/odom cloud_source=/saved_map mavros_connected=true
[offboard_waypoint_node-1] [INFO] [1786441421.024151723] [offboard_waypoint_node]: [HOLD_ERROR] position_error=0.022 velocity=0.007 state=IDLE_HOLD
[ego_planner_node-10] [FSM]: state: WAIT_TARGET
[ego_planner_node-10] wait for goal or trigger.
[offboard_waypoint_node-1] [INFO] [1786441421.724203851] [offboard_waypoint_node]: [CONTROL_ARBITER] selected_source=safety_hold state=IDLE_HOLD
[super_planner_ros2_node-6] [INFO] [1786441421.887928260] [super_planner_ros2_node]: SUPER_ROS2 mode=IDLE enable_output=false reason=NO_GOAL odom=(0.08,0.01,-0.08) goal=none tracking_setpoint_enu=(0.08,0.01,0.78) setpoint_ned=none yaw(desired/cmd/rate)=(0.00/0.00/0.00) cross_track=0.00 frame_id=px4_ned path_points=0 odom_source=/mavros/local_position/odom cloud_source=/saved_map mavros_connected=true
[race_ego_cloud_bridge-8] [INFO] [1786441421.896618534] [race_ego_cloud_bridge]: [EGO_STATIC_MAP_READY] topic=/saved_map frame=map points=9161 fused=true
[offboard_waypoint_node-1] [INFO] [1786441422.024230027] [offboard_waypoint_node]: [HOLD_ERROR] position_error=0.018 velocity=0.008 state=IDLE_HOLD
[fastlio_bridge_node-2] [INFO] [1786441422.067264141] [fastlio_bridge_node]: 已桥接并转换里程计: ENU(0.09, 0.02, -0.01) -> NED(-0.09, 0.02, 0.01)
[ego_planner_node-10] [FSM]: state: WAIT_TARGET
[ego_planner_node-10] wait for goal or trigger.
[offboard_waypoint_node-1] [INFO] [1786441422.724281946] [offboard_waypoint_node]: [CONTROL_ARBITER] selected_source=safety_hold state=IDLE_HOLD
[super_planner_ros2_node-6] [INFO] [1786441422.937823938] [super_planner_ros2_node]: SUPER_ROS2 mode=IDLE enable_output=false reason=NO_GOAL odom=(0.08,0.01,-0.09) goal=none tracking_setpoint_enu=(0.08,0.01,0.78) setpoint_ned=none yaw(desired/cmd/rate)=(0.00/0.00/0.00) cross_track=0.00 frame_id=px4_ned path_points=0 odom_source=/mavros/local_position/odom cloud_source=/saved_map mavros_connected=true
[offboard_waypoint_node-1] [INFO] [1786441423.024262125] [offboard_waypoint_node]: [HOLD_ERROR] position_error=0.019 velocity=0.008 state=IDLE_HOLD
[ego_planner_node-10] [FSM]: state: WAIT_TARGET
[ego_planner_node-10] wait for goal or trigger.
[offboard_waypoint_node-1] [INFO] [1786441423.724311653] [offboard_waypoint_node]: [CONTROL_ARBITER] selected_source=safety_hold state=IDLE_HOLD
[race_ego_cloud_bridge-8] [INFO] [1786441423.896761505] [race_ego_cloud_bridge]: [EGO_STATIC_MAP_READY] topic=/saved_map frame=map points=9161 fused=true
[super_planner_ros2_node-6] [INFO] [1786441423.937900089] [super_planner_ros2_node]: SUPER_ROS2 mode=IDLE enable_output=false reason=NO_GOAL odom=(0.08,0.01,-0.08) goal=none tracking_setpoint_enu=(0.08,0.01,0.78) setpoint_ned=none yaw(desired/cmd/rate)=(0.00/0.00/0.00) cross_track=0.00 frame_id=px4_ned path_points=0 odom_source=/mavros/local_position/odom cloud_source=/saved_map mavros_connected=true
[offboard_waypoint_node-1] [INFO] [1786441424.024319478] [offboard_waypoint_node]: [HOLD_ERROR] position_error=0.019 velocity=0.009 state=IDLE_HOLD
[fastlio_bridge_node-2] [INFO] [1786441424.067290925] [fastlio_bridge_node]: 已桥接并转换里程计: ENU(0.09, 0.01, -0.01) -> NED(-0.09, 0.01, 0.01)
[ego_planner_node-10] [FSM]: state: WAIT_TARGET
[ego_planner_node-10] wait for goal or trigger.
[offboard_waypoint_node-1] [INFO] [1786441424.724432534] [offboard_waypoint_node]: [CONTROL_ARBITER] selected_source=safety_hold state=IDLE_HOLD
[super_planner_ros2_node-6] [INFO] [1786441424.937906168] [super_planner_ros2_node]: SUPER_ROS2 mode=IDLE enable_output=false reason=NO_GOAL odom=(0.08,0.01,-0.08) goal=none tracking_setpoint_enu=(0.08,0.01,0.78) setpoint_ned=none yaw(desired/cmd/rate)=(0.00/0.00/0.00) cross_track=0.00 frame_id=px4_ned path_points=0 odom_source=/mavros/local_position/odom cloud_source=/saved_map mavros_connected=true
[offboard_waypoint_node-1] [INFO] [1786441425.024428803] [offboard_waypoint_node]: [HOLD_ERROR] position_error=0.023 velocity=0.012 state=IDLE_HOLD
[ego_planner_node-10] [FSM]: state: WAIT_TARGET
[ego_planner_node-10] wait for goal or trigger.
[offboard_waypoint_node-1] [INFO] [1786441425.724432369] [offboard_waypoint_node]: [CONTROL_ARBITER] selected_source=safety_hold state=IDLE_HOLD
[race_ego_cloud_bridge-8] [INFO] [1786441425.896948949] [race_ego_cloud_bridge]: [EGO_STATIC_MAP_READY] topic=/saved_map frame=map points=9161 fused=true
[super_planner_ros2_node-6] [INFO] [1786441425.938011288] [super_planner_ros2_node]: SUPER_ROS2 mode=IDLE enable_output=false reason=NO_GOAL odom=(0.08,0.01,-0.08) goal=none tracking_setpoint_enu=(0.08,0.01,0.78) setpoint_ned=none yaw(desired/cmd/rate)=(0.00/0.00/0.00) cross_track=0.00 frame_id=px4_ned path_points=0 odom_source=/mavros/local_position/odom cloud_source=/saved_map mavros_connected=true
[offboard_waypoint_node-1] [INFO] [1786441426.024511677] [offboard_waypoint_node]: [HOLD_ERROR] position_error=0.023 velocity=0.008 state=IDLE_HOLD
[fastlio_bridge_node-2] [INFO] [1786441426.067101229] [fastlio_bridge_node]: 已桥接并转换里程计: ENU(0.08, 0.02, -0.01) -> NED(-0.08, 0.02, 0.01)
[ego_planner_node-10] [FSM]: state: WAIT_TARGET
[ego_planner_node-10] wait for goal or trigger.
[offboard_waypoint_node-1] [INFO] [1786441426.724571078] [offboard_waypoint_node]: [CONTROL_ARBITER] selected_source=safety_hold state=IDLE_HOLD
[super_planner_ros2_node-6] [INFO] [1786441426.938084277] [super_planner_ros2_node]: SUPER_ROS2 mode=IDLE enable_output=false reason=NO_GOAL odom=(0.09,0.01,-0.08) goal=none tracking_setpoint_enu=(0.09,0.01,0.78) setpoint_ned=none yaw(desired/cmd/rate)=(0.00/0.00/0.00) cross_track=0.00 frame_id=px4_ned path_points=0 odom_source=/mavros/local_position/odom cloud_source=/saved_map mavros_connected=true
[offboard_waypoint_node-1] [INFO] [1786441427.024561601] [offboard_waypoint_node]: [HOLD_ERROR] position_error=0.024 velocity=0.009 state=IDLE_HOLD
[ego_planner_node-10] [FSM]: state: WAIT_TARGET
[ego_planner_node-10] wait for goal or trigger.
[offboard_waypoint_node-1] [INFO] [1786441427.724650319] [offboard_waypoint_node]: [CONTROL_ARBITER] selected_source=safety_hold state=IDLE_HOLD
[race_ego_cloud_bridge-8] [INFO] [1786441427.897158019] [race_ego_cloud_bridge]: [EGO_STATIC_MAP_READY] topic=/saved_map frame=map points=9161 fused=true
[super_planner_ros2_node-6] [INFO] [1786441427.938152218] [super_planner_ros2_node]: SUPER_ROS2 mode=IDLE enable_output=false reason=NO_GOAL odom=(0.08,0.01,-0.09) goal=none tracking_setpoint_enu=(0.08,0.01,0.78) setpoint_ned=none yaw(desired/cmd/rate)=(0.00/0.00/0.00) cross_track=0.00 frame_id=px4_ned path_points=0 odom_source=/mavros/local_position/odom cloud_source=/saved_map mavros_connected=true
[offboard_waypoint_node-1] [INFO] [1786441428.024649033] [offboard_waypoint_node]: [HOLD_ERROR] position_error=0.020 velocity=0.007 state=IDLE_HOLD
[fastlio_bridge_node-2] [INFO] [1786441428.068323005] [fastlio_bridge_node]: 已桥接并转换里程计: ENU(0.07, 0.02, -0.00) -> NED(-0.07, 0.02, 0.00)
[ego_planner_node-10] [FSM]: state: WAIT_TARGET
[ego_planner_node-10] wait for goal or trigger.
[offboard_waypoint_node-1] [INFO] [1786441428.724728672] [offboard_waypoint_node]: [CONTROL_ARBITER] selected_source=safety_hold state=IDLE_HOLD
[super_planner_ros2_node-6] [INFO] [1786441428.938207392] [super_planner_ros2_node]: SUPER_ROS2 mode=IDLE enable_output=false reason=NO_GOAL odom=(0.07,0.01,-0.08) goal=none tracking_setpoint_enu=(0.07,0.01,0.78) setpoint_ned=none yaw(desired/cmd/rate)=(0.00/0.00/0.00) cross_track=0.00 frame_id=px4_ned path_points=0 odom_source=/mavros/local_position/odom cloud_source=/saved_map mavros_connected=true
[offboard_waypoint_node-1] [INFO] [1786441429.025069119] [offboard_waypoint_node]: [HOLD_ERROR] position_error=0.012 velocity=0.008 state=IDLE_HOLD
[ego_planner_node-10] [FSM]: state: WAIT_TARGET
[ego_planner_node-10] wait for goal or trigger.
[offboard_waypoint_node-1] [INFO] [1786441429.724829037] [offboard_waypoint_node]: [CONTROL_ARBITER] selected_source=safety_hold state=IDLE_HOLD
[race_ego_cloud_bridge-8] [INFO] [1786441429.897163047] [race_ego_cloud_bridge]: [EGO_STATIC_MAP_READY] topic=/saved_map frame=map points=9161 fused=true
[super_planner_ros2_node-6] [INFO] [1786441429.938504153] [super_planner_ros2_node]: SUPER_ROS2 mode=IDLE enable_output=false reason=NO_GOAL odom=(0.07,0.02,-0.08) goal=none tracking_setpoint_enu=(0.07,0.02,0.78) setpoint_ned=none yaw(desired/cmd/rate)=(0.00/0.00/0.00) cross_track=0.00 frame_id=px4_ned path_points=0 odom_source=/mavros/local_position/odom cloud_source=/saved_map mavros_connected=true
[fastlio_bridge_node-2] [INFO] [1786441430.067036446] [fastlio_bridge_node]: 已桥接并转换里程计: ENU(0.08, 0.01, -0.01) -> NED(-0.08, 0.01, 0.01)
[offboard_waypoint_node-1] [INFO] [1786441430.074829846] [offboard_waypoint_node]: [HOLD_ERROR] position_error=0.011 velocity=0.010 state=IDLE_HOLD
[ego_planner_node-10] [FSM]: state: WAIT_TARGET
[ego_planner_node-10] wait for goal or trigger.
[offboard_waypoint_node-1] [INFO] [1786441430.724872318] [offboard_waypoint_node]: [CONTROL_ARBITER] selected_source=safety_hold state=IDLE_HOLD
[super_planner_ros2_node-6] [INFO] [1786441430.988383235] [super_planner_ros2_node]: SUPER_ROS2 mode=IDLE enable_output=false reason=NO_GOAL odom=(0.08,0.02,-0.08) goal=none tracking_setpoint_enu=(0.08,0.02,0.78) setpoint_ned=none yaw(desired/cmd/rate)=(0.00/0.00/0.00) cross_track=0.00 frame_id=px4_ned path_points=0 odom_source=/mavros/local_position/odom cloud_source=/saved_map mavros_connected=true
[offboard_waypoint_node-1] [INFO] [1786441431.074879301] [offboard_waypoint_node]: [HOLD_ERROR] position_error=0.020 velocity=0.008 state=IDLE_HOLD
[ego_planner_node-10] [FSM]: state: WAIT_TARGET
[ego_planner_node-10] wait for goal or trigger.
[offboard_waypoint_node-1] [INFO] [1786441431.724941293] [offboard_waypoint_node]: [CONTROL_ARBITER] selected_source=safety_hold state=IDLE_HOLD
[race_ego_cloud_bridge-8] [INFO] [1786441431.897407238] [race_ego_cloud_bridge]: [EGO_STATIC_MAP_READY] topic=/saved_map frame=map points=9161 fused=true
[super_planner_ros2_node-6] [INFO] [1786441431.988587318] [super_planner_ros2_node]: SUPER_ROS2 mode=IDLE enable_output=false reason=NO_GOAL odom=(0.09,0.01,-0.09) goal=none tracking_setpoint_enu=(0.09,0.01,0.78) setpoint_ned=none yaw(desired/cmd/rate)=(0.00/0.00/0.00) cross_track=0.00 frame_id=px4_ned path_points=0 odom_source=/mavros/local_position/odom cloud_source=/saved_map mavros_connected=true
[fastlio_bridge_node-2] [INFO] [1786441432.067003486] [fastlio_bridge_node]: 已桥接并转换里程计: ENU(0.08, 0.01, -0.00) -> NED(-0.08, 0.01, 0.00)
[offboard_waypoint_node-1] [INFO] [1786441432.074910500] [offboard_waypoint_node]: [HOLD_ERROR] position_error=0.023 velocity=0.003 state=IDLE_HOLD
[ego_planner_node-10] [FSM]: state: WAIT_TARGET
[ego_planner_node-10] wait for goal or trigger.
[offboard_waypoint_node-1] [INFO] [1786441432.725016343] [offboard_waypoint_node]: [CONTROL_ARBITER] selected_source=safety_hold state=IDLE_HOLD
[super_planner_ros2_node-6] [INFO] [1786441432.988619630] [super_planner_ros2_node]: SUPER_ROS2 mode=IDLE enable_output=false reason=NO_GOAL odom=(0.08,0.01,-0.08) goal=none tracking_setpoint_enu=(0.08,0.01,0.78) setpoint_ned=none yaw(desired/cmd/rate)=(0.00/0.00/0.00) cross_track=0.00 frame_id=px4_ned path_points=0 odom_source=/mavros/local_position/odom cloud_source=/saved_map mavros_connected=true
[offboard_waypoint_node-1] [INFO] [1786441433.075012837] [offboard_waypoint_node]: [HOLD_ERROR] position_error=0.017 velocity=0.007 state=IDLE_HOLD
[ego_planner_node-10] [FSM]: state: WAIT_TARGET
[ego_planner_node-10] wait for goal or trigger.
[offboard_waypoint_node-1] [INFO] [1786441433.725105186] [offboard_waypoint_node]: [CONTROL_ARBITER] selected_source=safety_hold state=IDLE_HOLD
[race_ego_cloud_bridge-8] [INFO] [1786441433.897446196] [race_ego_cloud_bridge]: [EGO_STATIC_MAP_READY] topic=/saved_map frame=map points=9161 fused=true
[super_planner_ros2_node-6] [INFO] [1786441433.988713065] [super_planner_ros2_node]: SUPER_ROS2 mode=IDLE enable_output=false reason=NO_GOAL odom=(0.08,0.01,-0.08) goal=none tracking_setpoint_enu=(0.08,0.01,0.78) setpoint_ned=none yaw(desired/cmd/rate)=(0.00/0.00/0.00) cross_track=0.00 frame_id=px4_ned path_points=0 odom_source=/mavros/local_position/odom cloud_source=/saved_map mavros_connected=true
[fastlio_bridge_node-2] [INFO] [1786441434.067579235] [fastlio_bridge_node]: 已桥接并转换里程计: ENU(0.08, 0.01, -0.01) -> NED(-0.08, 0.01, 0.01)
[offboard_waypoint_node-1] [INFO] [1786441434.075149362] [offboard_waypoint_node]: [HOLD_ERROR] position_error=0.018 velocity=0.003 state=IDLE_HOLD
[ego_planner_node-10] [FSM]: state: WAIT_TARGET
[ego_planner_node-10] wait for goal or trigger.
[offboard_waypoint_node-1] [INFO] [1786441434.725210104] [offboard_waypoint_node]: [CONTROL_ARBITER] selected_source=safety_hold state=IDLE_HOLD
[super_planner_ros2_node-6] [INFO] [1786441435.038694441] [super_planner_ros2_node]: SUPER_ROS2 mode=IDLE enable_output=false reason=NO_GOAL odom=(0.08,0.02,-0.08) goal=none tracking_setpoint_enu=(0.08,0.02,0.78) setpoint_ned=none yaw(desired/cmd/rate)=(0.00/0.00/0.00) cross_track=0.00 frame_id=px4_ned path_points=0 odom_source=/mavros/local_position/odom cloud_source=/saved_map mavros_connected=true
[offboard_waypoint_node-1] [INFO] [1786441435.075205069] [offboard_waypoint_node]: [HOLD_ERROR] position_error=0.022 velocity=0.007 state=IDLE_HOLD
[ego_planner_node-10] [FSM]: state: WAIT_TARGET
[ego_planner_node-10] wait for goal or trigger.
[offboard_waypoint_node-1] [INFO] [1786441435.725272032] [offboard_waypoint_node]: [CONTROL_ARBITER] selected_source=safety_hold state=IDLE_HOLD
[race_ego_cloud_bridge-8] [INFO] [1786441435.897674725] [race_ego_cloud_bridge]: [EGO_STATIC_MAP_READY] topic=/saved_map frame=map points=9161 fused=true
[super_planner_ros2_node-6] [INFO] [1786441436.038771137] [super_planner_ros2_node]: SUPER_ROS2 mode=IDLE enable_output=false reason=NO_GOAL odom=(0.09,0.02,-0.09) goal=none tracking_setpoint_enu=(0.09,0.02,0.78) setpoint_ned=none yaw(desired/cmd/rate)=(0.00/0.00/0.00) cross_track=0.00 frame_id=px4_ned path_points=0 odom_source=/mavros/local_position/odom cloud_source=/saved_map mavros_connected=true
[fastlio_bridge_node-2] [INFO] [1786441436.068017659] [fastlio_bridge_node]: 已桥接并转换里程计: ENU(0.09, 0.02, -0.01) -> NED(-0.09, 0.02, 0.01)
[offboard_waypoint_node-1] [INFO] [1786441436.075312327] [offboard_waypoint_node]: [HOLD_ERROR] position_error=0.030 velocity=0.015 state=IDLE_HOLD
[offboard_waypoint_node-1] [INFO] [1786441436.725296618] [offboard_waypoint_node]: [CONTROL_ARBITER] selected_source=safety_hold state=IDLE_HOLD
[ego_planner_node-10] [FSM]: state: WAIT_TARGET
[ego_planner_node-10] wait for goal or trigger.
[super_planner_ros2_node-6] [INFO] [1786441437.038828650] [super_planner_ros2_node]: SUPER_ROS2 mode=IDLE enable_output=false reason=NO_GOAL odom=(0.09,0.02,-0.09) goal=none tracking_setpoint_enu=(0.09,0.02,0.78) setpoint_ned=none yaw(desired/cmd/rate)=(0.00/0.00/0.00) cross_track=0.00 frame_id=px4_ned path_points=0 odom_source=/mavros/local_position/odom cloud_source=/saved_map mavros_connected=true
[offboard_waypoint_node-1] [INFO] [1786441437.075362224] [offboard_waypoint_node]: [HOLD_ERROR] position_error=0.028 velocity=0.011 state=IDLE_HOLD
[offboard_waypoint_node-1] [INFO] [1786441437.725376010] [offboard_waypoint_node]: [CONTROL_ARBITER] selected_source=safety_hold state=IDLE_HOLD
[ego_planner_node-10] [FSM]: state: WAIT_TARGET
[ego_planner_node-10] wait for goal or trigger.
[race_ego_cloud_bridge-8] [INFO] [1786441437.897824197] [race_ego_cloud_bridge]: [EGO_STATIC_MAP_READY] topic=/saved_map frame=map points=9161 fused=true
[super_planner_ros2_node-6] [INFO] [1786441438.038891738] [super_planner_ros2_node]: SUPER_ROS2 mode=IDLE enable_output=false reason=NO_GOAL odom=(0.08,0.02,-0.09) goal=none tracking_setpoint_enu=(0.08,0.02,0.78) setpoint_ned=none yaw(desired/cmd/rate)=(0.00/0.00/0.00) cross_track=0.00 frame_id=px4_ned path_points=0 odom_source=/mavros/local_position/odom cloud_source=/saved_map mavros_connected=true
[fastlio_bridge_node-2] [INFO] [1786441438.066029967] [fastlio_bridge_node]: 已桥接并转换里程计: ENU(0.09, 0.01, -0.01) -> NED(-0.09, 0.01, 0.01)
[offboard_waypoint_node-1] [INFO] [1786441438.075376177] [offboard_waypoint_node]: [HOLD_ERROR] position_error=0.022 velocity=0.005 state=IDLE_HOLD
[offboard_waypoint_node-1] [INFO] [1786441438.725417521] [offboard_waypoint_node]: [CONTROL_ARBITER] selected_source=safety_hold state=IDLE_HOLD
[ego_planner_node-10] [FSM]: state: WAIT_TARGET
[ego_planner_node-10] wait for goal or trigger.
[super_planner_ros2_node-6] [INFO] [1786441439.038968545] [super_planner_ros2_node]: SUPER_ROS2 mode=IDLE enable_output=false reason=NO_GOAL odom=(0.09,0.02,-0.09) goal=none tracking_setpoint_enu=(0.09,0.02,0.78) setpoint_ned=none yaw(desired/cmd/rate)=(0.00/0.00/0.00) cross_track=0.00 frame_id=px4_ned path_points=0 odom_source=/mavros/local_position/odom cloud_source=/saved_map mavros_connected=true
[offboard_waypoint_node-1] [INFO] [1786441439.075597538] [offboard_waypoint_node]: [HOLD_ERROR] position_error=0.024 velocity=0.008 state=IDLE_HOLD
[offboard_waypoint_node-1] [INFO] [1786441439.725568541] [offboard_waypoint_node]: [CONTROL_ARBITER] selected_source=safety_hold state=IDLE_HOLD
[ego_planner_node-10] [FSM]: state: WAIT_TARGET
[ego_planner_node-10] wait for goal or trigger.
[race_ego_cloud_bridge-8] [INFO] [1786441439.897942848] [race_ego_cloud_bridge]: [EGO_STATIC_MAP_READY] topic=/saved_map frame=map points=9161 fused=true
[super_planner_ros2_node-6] [INFO] [1786441440.039547474] [super_planner_ros2_node]: SUPER_ROS2 mode=IDLE enable_output=false reason=NO_GOAL odom=(0.08,0.02,-0.08) goal=none tracking_setpoint_enu=(0.08,0.02,0.78) setpoint_ned=none yaw(desired/cmd/rate)=(0.00/0.00/0.00) cross_track=0.00 frame_id=px4_ned path_points=0 odom_source=/mavros/local_position/odom cloud_source=/saved_map mavros_connected=true
[fastlio_bridge_node-2] [INFO] [1786441440.066728102] [fastlio_bridge_node]: 已桥接并转换里程计: ENU(0.09, 0.01, -0.00) -> NED(-0.09, 0.01, 0.00)
[offboard_waypoint_node-1] [INFO] [1786441440.125513015] [offboard_waypoint_node]: [HOLD_ERROR] position_error=0.022 velocity=0.008 state=IDLE_HOLD
[offboard_waypoint_node-1] [INFO] [1786441440.725610038] [offboard_waypoint_node]: [CONTROL_ARBITER] selected_source=safety_hold state=IDLE_HOLD
[ego_planner_node-10] [FSM]: state: WAIT_TARGET
[ego_planner_node-10] wait for goal or trigger.
[super_planner_ros2_node-6] [INFO] [1786441441.089163791] [super_planner_ros2_node]: SUPER_ROS2 mode=IDLE enable_output=false reason=NO_GOAL odom=(0.09,0.02,-0.09) goal=none tracking_setpoint_enu=(0.09,0.02,0.78) setpoint_ned=none yaw(desired/cmd/rate)=(0.00/0.00/0.00) cross_track=0.00 frame_id=px4_ned path_points=0 odom_source=/mavros/local_position/odom cloud_source=/saved_map mavros_connected=true
[offboard_waypoint_node-1] [INFO] [1786441441.125602416] [offboard_waypoint_node]: [HOLD_ERROR] position_error=0.024 velocity=0.004 state=IDLE_HOLD
[offboard_waypoint_node-1] [INFO] [1786441441.725712320] [offboard_waypoint_node]: [CONTROL_ARBITER] selected_source=safety_hold state=IDLE_HOLD
[ego_planner_node-10] [FSM]: state: WAIT_TARGET
[ego_planner_node-10] wait for goal or trigger.
[race_ego_cloud_bridge-8] [INFO] [1786441441.898131095] [race_ego_cloud_bridge]: [EGO_STATIC_MAP_READY] topic=/saved_map frame=map points=9161 fused=true
[fastlio_bridge_node-2] [INFO] [1786441442.066983283] [fastlio_bridge_node]: 已桥接并转换里程计: ENU(0.09, 0.02, -0.01) -> NED(-0.09, 0.02, 0.01)
[super_planner_ros2_node-6] [INFO] [1786441442.089218315] [super_planner_ros2_node]: SUPER_ROS2 mode=IDLE enable_output=false reason=NO_GOAL odom=(0.09,0.01,-0.09) goal=none tracking_setpoint_enu=(0.09,0.01,0.78) setpoint_ned=none yaw(desired/cmd/rate)=(0.00/0.00/0.00) cross_track=0.00 frame_id=px4_ned path_points=0 odom_source=/mavros/local_position/odom cloud_source=/saved_map mavros_connected=true
[offboard_waypoint_node-1] [INFO] [1786441442.125655965] [offboard_waypoint_node]: [HOLD_ERROR] position_error=0.031 velocity=0.007 state=IDLE_HOLD
[offboard_waypoint_node-1] [INFO] [1786441442.725717638] [offboard_waypoint_node]: [CONTROL_ARBITER] selected_source=safety_hold state=IDLE_HOLD
[ego_planner_node-10] [FSM]: state: WAIT_TARGET
[ego_planner_node-10] wait for goal or trigger.
[super_planner_ros2_node-6] [INFO] [1786441443.089521245] [super_planner_ros2_node]: SUPER_ROS2 mode=IDLE enable_output=false reason=NO_GOAL odom=(0.09,0.01,-0.08) goal=none tracking_setpoint_enu=(0.09,0.01,0.78) setpoint_ned=none yaw(desired/cmd/rate)=(0.00/0.00/0.00) cross_track=0.00 frame_id=px4_ned path_points=0 odom_source=/mavros/local_position/odom cloud_source=/saved_map mavros_connected=true
[offboard_waypoint_node-1] [INFO] [1786441443.125797034] [offboard_waypoint_node]: [HOLD_ERROR] position_error=0.028 velocity=0.005 state=IDLE_HOLD
[offboard_waypoint_node-1] [INFO] [1786441443.725807087] [offboard_waypoint_node]: [CONTROL_ARBITER] selected_source=safety_hold state=IDLE_HOLD
[ego_planner_node-10] [FSM]: state: WAIT_TARGET
[ego_planner_node-10] wait for goal or trigger.
[race_ego_cloud_bridge-8] [INFO] [1786441443.898260012] [race_ego_cloud_bridge]: [EGO_STATIC_MAP_READY] topic=/saved_map frame=map points=9161 fused=true
[fastlio_bridge_node-2] [INFO] [1786441444.067002998] [fastlio_bridge_node]: 已桥接并转换里程计: ENU(0.09, 0.01, -0.01) -> NED(-0.09, 0.01, 0.01)
[offboard_waypoint_node-1] [INFO] [1786441444.126103457] [offboard_waypoint_node]: [HOLD_ERROR] position_error=0.027 velocity=0.005 state=IDLE_HOLD
[super_planner_ros2_node-6] [INFO] [1786441444.139341380] [super_planner_ros2_node]: SUPER_ROS2 mode=IDLE enable_output=false reason=NO_GOAL odom=(0.09,0.01,-0.09) goal=none tracking_setpoint_enu=(0.09,0.01,0.78) setpoint_ned=none yaw(desired/cmd/rate)=(0.00/0.00/0.00) cross_track=0.00 frame_id=px4_ned path_points=0 odom_source=/mavros/local_position/odom cloud_source=/saved_map mavros_connected=true
[offboard_waypoint_node-1] [INFO] [1786441444.726240362] [offboard_waypoint_node]: [CONTROL_ARBITER] selected_source=safety_hold state=IDLE_HOLD
[ego_planner_node-10] [FSM]: state: WAIT_TARGET
[ego_planner_node-10] wait for goal or trigger.
[super_planner_ros2_node-6] [INFO] [1786441445.139426484] [super_planner_ros2_node]: SUPER_ROS2 mode=IDLE enable_output=false reason=NO_GOAL odom=(0.09,0.01,-0.09) goal=none tracking_setpoint_enu=(0.09,0.01,0.78) setpoint_ned=none yaw(desired/cmd/rate)=(0.00/0.00/0.00) cross_track=0.00 frame_id=px4_ned path_points=0 odom_source=/mavros/local_position/odom cloud_source=/saved_map mavros_connected=true
[offboard_waypoint_node-1] [INFO] [1786441445.175947532] [offboard_waypoint_node]: [HOLD_ERROR] position_error=0.026 velocity=0.002 state=IDLE_HOLD
[offboard_waypoint_node-1] [INFO] [1786441445.775994700] [offboard_waypoint_node]: [CONTROL_ARBITER] selected_source=safety_hold state=IDLE_HOLD
[ego_planner_node-10] [FSM]: state: WAIT_TARGET
[ego_planner_node-10] wait for goal or trigger.
[race_ego_cloud_bridge-8] [INFO] [1786441445.898431351] [race_ego_cloud_bridge]: [EGO_STATIC_MAP_READY] topic=/saved_map frame=map points=9161 fused=true
[fastlio_bridge_node-2] [INFO] [1786441446.067033148] [fastlio_bridge_node]: 已桥接并转换里程计: ENU(0.09, 0.02, -0.01) -> NED(-0.09, 0.02, 0.01)
[super_planner_ros2_node-6] [INFO] [1786441446.139463410] [super_planner_ros2_node]: SUPER_ROS2 mode=IDLE enable_output=false reason=NO_GOAL odom=(0.09,0.02,-0.09) goal=none tracking_setpoint_enu=(0.09,0.02,0.78) setpoint_ned=none yaw(desired/cmd/rate)=(0.00/0.00/0.00) cross_track=0.00 frame_id=px4_ned path_points=0 odom_source=/mavros/local_position/odom cloud_source=/saved_map mavros_connected=true
[offboard_waypoint_node-1] [INFO] [1786441446.176005990] [offboard_waypoint_node]: [HOLD_ERROR] position_error=0.024 velocity=0.014 state=IDLE_HOLD
[offboard_waypoint_node-1] [INFO] [1786441446.776073364] [offboard_waypoint_node]: [CONTROL_ARBITER] selected_source=safety_hold state=IDLE_HOLD
[ego_planner_node-10] [FSM]: state: WAIT_TARGET
[ego_planner_node-10] wait for goal or trigger.
[super_planner_ros2_node-6] [INFO] [1786441447.139655952] [super_planner_ros2_node]: SUPER_ROS2 mode=IDLE enable_output=false reason=NO_GOAL odom=(0.08,0.02,-0.08) goal=none tracking_setpoint_enu=(0.08,0.02,0.78) setpoint_ned=none yaw(desired/cmd/rate)=(0.00/0.00/0.00) cross_track=0.00 frame_id=px4_ned path_points=0 odom_source=/mavros/local_position/odom cloud_source=/saved_map mavros_connected=true
[offboard_waypoint_node-1] [INFO] [1786441447.176068157] [offboard_waypoint_node]: [HOLD_ERROR] position_error=0.015 velocity=0.022 state=IDLE_HOLD
[offboard_waypoint_node-1] [INFO] [1786441447.776225841] [offboard_waypoint_node]: [CONTROL_ARBITER] selected_source=safety_hold state=IDLE_HOLD
[ego_planner_node-10] [FSM]: state: WAIT_TARGET
[ego_planner_node-10] wait for goal or trigger.
[race_ego_cloud_bridge-8] [INFO] [1786441447.898465657] [race_ego_cloud_bridge]: [EGO_STATIC_MAP_READY] topic=/saved_map frame=map points=9161 fused=true
[fastlio_bridge_node-2] [INFO] [1786441448.067889286] [fastlio_bridge_node]: 已桥接并转换里程计: ENU(0.09, 0.01, -0.00) -> NED(-0.09, 0.01, 0.00)
[offboard_waypoint_node-1] [INFO] [1786441448.176131638] [offboard_waypoint_node]: [HOLD_ERROR] position_error=0.022 velocity=0.018 state=IDLE_HOLD
[super_planner_ros2_node-6] [INFO] [1786441448.189632119] [super_planner_ros2_node]: SUPER_ROS2 mode=IDLE enable_output=false reason=NO_GOAL odom=(0.08,0.02,-0.07) goal=none tracking_setpoint_enu=(0.08,0.02,0.78) setpoint_ned=none yaw(desired/cmd/rate)=(0.00/0.00/0.00) cross_track=0.00 frame_id=px4_ned path_points=0 odom_source=/mavros/local_position/odom cloud_source=/saved_map mavros_connected=true
[offboard_waypoint_node-1] [INFO] [1786441448.776311841] [offboard_waypoint_node]: [CONTROL_ARBITER] selected_source=safety_hold state=IDLE_HOLD
[ego_planner_node-10] [FSM]: state: WAIT_TARGET
[ego_planner_node-10] wait for goal or trigger.
[offboard_waypoint_node-1] [INFO] [1786441449.176261981] [offboard_waypoint_node]: [HOLD_ERROR] position_error=0.027 velocity=0.022 state=IDLE_HOLD
[super_planner_ros2_node-6] [INFO] [1786441449.189720838] [super_planner_ros2_node]: SUPER_ROS2 mode=IDLE enable_output=false reason=NO_GOAL odom=(0.08,0.01,-0.07) goal=none tracking_setpoint_enu=(0.08,0.01,0.78) setpoint_ned=none yaw(desired/cmd/rate)=(0.00/0.00/0.00) cross_track=0.00 frame_id=px4_ned path_points=0 odom_source=/mavros/local_position/odom cloud_source=/saved_map mavros_connected=true
[offboard_waypoint_node-1] [INFO] [1786441449.776973032] [offboard_waypoint_node]: [CONTROL_ARBITER] selected_source=safety_hold state=IDLE_HOLD
[ego_planner_node-10] [FSM]: state: WAIT_TARGET
[ego_planner_node-10] wait for goal or trigger.
[race_ego_cloud_bridge-8] [INFO] [1786441449.898759124] [race_ego_cloud_bridge]: [EGO_STATIC_MAP_READY] topic=/saved_map frame=map points=9161 fused=true
[fastlio_bridge_node-2] [INFO] [1786441450.073916478] [fastlio_bridge_node]: 已桥接并转换里程计: ENU(0.09, 0.01, 0.00) -> NED(-0.09, 0.01, -0.00)
[offboard_waypoint_node-1] [INFO] [1786441450.176873944] [offboard_waypoint_node]: [HOLD_ERROR] position_error=0.047 velocity=0.056 state=IDLE_HOLD
[super_planner_ros2_node-6] [INFO] [1786441450.189870932] [super_planner_ros2_node]: SUPER_ROS2 mode=IDLE enable_output=false reason=NO_GOAL odom=(0.06,0.02,-0.04) goal=none tracking_setpoint_enu=(0.06,0.02,0.78) setpoint_ned=none yaw(desired/cmd/rate)=(0.00/0.00/0.00) cross_track=0.00 frame_id=px4_ned path_points=0 odom_source=/mavros/local_position/odom cloud_source=/saved_map mavros_connected=true
[offboard_waypoint_node-1] [INFO] [1786441450.587001631] [offboard_waypoint_node]: [EV_HEALTH] state=SUSPECT continuous_healthy=0.00s
[mapping_manager_node-5] [INFO] [1786441450.770365594] [mapping_manager_node]: Mapping status: in_flight=false, map_loaded=false, map_saved=false
[offboard_waypoint_node-1] [INFO] [1786441450.777120425] [offboard_waypoint_node]: [CONTROL_ARBITER] selected_source=safety_hold state=IDLE_HOLD
[ego_planner_node-10] [FSM]: state: WAIT_TARGET
[ego_planner_node-10] wait for goal or trigger.
[super_planner_ros2_node-6] [INFO] [1786441451.190399255] [super_planner_ros2_node]: SUPER_ROS2 mode=IDLE enable_output=false reason=NO_GOAL odom=(0.04,0.03,0.03) goal=none tracking_setpoint_enu=(0.04,0.03,0.78) setpoint_ned=none yaw(desired/cmd/rate)=(0.00/0.00/0.00) cross_track=0.00 frame_id=px4_ned path_points=0 odom_source=/mavros/local_position/odom cloud_source=/saved_map mavros_connected=true
[offboard_waypoint_node-1] [INFO] [1786441451.227634515] [offboard_waypoint_node]: [HOLD_ERROR] position_error=0.120 velocity=0.061 state=IDLE_HOLD
[offboard_waypoint_node-1] [INFO] [1786441451.826980967] [offboard_waypoint_node]: [CONTROL_ARBITER] selected_source=safety_hold state=IDLE_HOLD
[race_ego_cloud_bridge-8] [INFO] [1786441451.899643516] [race_ego_cloud_bridge]: [EGO_STATIC_MAP_READY] topic=/saved_map frame=map points=9161 fused=true
[ego_planner_node-10] [FSM]: state: WAIT_TARGET
[ego_planner_node-10] wait for goal or trigger.
[fastlio_bridge_node-2] [INFO] [1786441452.081057846] [fastlio_bridge_node]: 已桥接并转换里程计: ENU(0.04, 0.04, 0.02) -> NED(-0.04, 0.04, -0.02)
[super_planner_ros2_node-6] [INFO] [1786441452.190469264] [super_planner_ros2_node]: SUPER_ROS2 mode=IDLE enable_output=false reason=NO_GOAL odom=(-0.06,0.07,0.13) goal=none tracking_setpoint_enu=(-0.06,0.07,0.78) setpoint_ned=none yaw(desired/cmd/rate)=(0.00/0.00/0.00) cross_track=0.00 frame_id=px4_ned path_points=0 odom_source=/mavros/local_position/odom cloud_source=/saved_map mavros_connected=true
[offboard_waypoint_node-1] [INFO] [1786441452.276866159] [offboard_waypoint_node]: [HOLD_ERROR] position_error=0.261 velocity=0.157 state=IDLE_HOLD
[offboard_waypoint_node-1] [INFO] [1786441452.793732543] [offboard_waypoint_node]: [EV_HEALTH] state=HEALTHY continuous_healthy=0.00s
[offboard_waypoint_node-1] [INFO] [1786441452.827054587] [offboard_waypoint_node]: [CONTROL_ARBITER] selected_source=safety_hold state=IDLE_HOLD
[ego_planner_node-10] [FSM]: state: WAIT_TARGET
[ego_planner_node-10] wait for goal or trigger.
[super_planner_ros2_node-6] [INFO] [1786441453.240616402] [super_planner_ros2_node]: SUPER_ROS2 mode=IDLE enable_output=false reason=NO_GOAL odom=(-0.15,0.14,0.06) goal=none tracking_setpoint_enu=(-0.15,0.14,0.78) setpoint_ned=none yaw(desired/cmd/rate)=(0.00/0.00/0.00) cross_track=0.00 frame_id=px4_ned path_points=0 odom_source=/mavros/local_position/odom cloud_source=/saved_map mavros_connected=true
[offboard_waypoint_node-1] [INFO] [1786441453.276893168] [offboard_waypoint_node]: [HOLD_ERROR] position_error=0.288 velocity=0.174 state=IDLE_HOLD
[offboard_waypoint_node-1] [INFO] [1786441453.876706901] [offboard_waypoint_node]: [CONTROL_ARBITER] selected_source=safety_hold state=IDLE_HOLD
[race_ego_cloud_bridge-8] [INFO] [1786441453.900721845] [race_ego_cloud_bridge]: [EGO_STATIC_MAP_READY] topic=/saved_map frame=map points=9161 fused=true
[ego_planner_node-10] [FSM]: state: WAIT_TARGET
[ego_planner_node-10] wait for goal or trigger.
[fastlio_bridge_node-2] [INFO] [1786441454.070264741] [fastlio_bridge_node]: 已桥接并转换里程计: ENU(-0.26, 0.22, 0.08) -> NED(0.26, 0.22, -0.08)
[offboard_waypoint_node-1] [INFO] [1786441454.277120644] [offboard_waypoint_node]: [HOLD_ERROR] position_error=0.480 velocity=0.428 state=IDLE_HOLD
[super_planner_ros2_node-6] [INFO] [1786441454.290135493] [super_planner_ros2_node]: SUPER_ROS2 mode=IDLE enable_output=false reason=NO_GOAL odom=(-0.34,0.23,0.08) goal=none tracking_setpoint_enu=(-0.34,0.23,0.78) setpoint_ned=none yaw(desired/cmd/rate)=(0.00/0.00/0.00) cross_track=0.00 frame_id=px4_ned path_points=0 odom_source=/mavros/local_position/odom cloud_source=/saved_map mavros_connected=true
[offboard_waypoint_node-1] [INFO] [1786441454.876730978] [offboard_waypoint_node]: [CONTROL_ARBITER] selected_source=safety_hold state=IDLE_HOLD
[ego_planner_node-10] [FSM]: state: WAIT_TARGET
[ego_planner_node-10] wait for goal or trigger.
[super_planner_ros2_node-6] [INFO] [1786441455.290211942] [super_planner_ros2_node]: SUPER_ROS2 mode=IDLE enable_output=false reason=NO_GOAL odom=(-0.60,0.33,0.18) goal=none tracking_setpoint_enu=(-0.60,0.33,0.78) setpoint_ned=none yaw(desired/cmd/rate)=(0.00/0.00/0.00) cross_track=0.00 frame_id=px4_ned path_points=0 odom_source=/mavros/local_position/odom cloud_source=/saved_map mavros_connected=true
[offboard_waypoint_node-1] [INFO] [1786441455.327175004] [offboard_waypoint_node]: [HOLD_ERROR] position_error=0.778 velocity=0.129 state=IDLE_HOLD
[offboard_waypoint_node-1] [INFO] [1786441455.876797938] [offboard_waypoint_node]: [CONTROL_ARBITER] selected_source=safety_hold state=IDLE_HOLD
[race_ego_cloud_bridge-8] [INFO] [1786441455.899232118] [race_ego_cloud_bridge]: [EGO_STATIC_MAP_READY] topic=/saved_map frame=map points=9161 fused=true
[ego_planner_node-10] [FSM]: state: WAIT_TARGET
[ego_planner_node-10] wait for goal or trigger.
[fastlio_bridge_node-2] [INFO] [1786441456.069645769] [fastlio_bridge_node]: 已桥接并转换里程计: ENU(-0.51, 0.26, 0.39) -> NED(0.51, 0.26, -0.39)
[super_planner_ros2_node-6] [INFO] [1786441456.290308321] [super_planner_ros2_node]: SUPER_ROS2 mode=IDLE enable_output=false reason=NO_GOAL odom=(-0.50,0.23,0.46) goal=none tracking_setpoint_enu=(-0.50,0.23,0.78) setpoint_ned=none yaw(desired/cmd/rate)=(0.00/0.00/0.00) cross_track=0.00 frame_id=px4_ned path_points=0 odom_source=/mavros/local_position/odom cloud_source=/saved_map mavros_connected=true
[offboard_waypoint_node-1] [INFO] [1786441456.376840339] [offboard_waypoint_node]: [HOLD_ERROR] position_error=0.839 velocity=0.102 state=IDLE_HOLD
[offboard_waypoint_node-1] [INFO] [1786441456.876886707] [offboard_waypoint_node]: [CONTROL_ARBITER] selected_source=safety_hold state=IDLE_HOLD
[ego_planner_node-10] [FSM]: state: WAIT_TARGET
[ego_planner_node-10] wait for goal or trigger.
[super_planner_ros2_node-6] [INFO] [1786441457.290337263] [super_planner_ros2_node]: SUPER_ROS2 mode=IDLE enable_output=false reason=NO_GOAL odom=(-0.55,0.26,0.65) goal=none tracking_setpoint_enu=(-0.55,0.26,0.78) setpoint_ned=none yaw(desired/cmd/rate)=(0.00/0.00/0.00) cross_track=0.00 frame_id=px4_ned path_points=0 odom_source=/mavros/local_position/odom cloud_source=/saved_map mavros_connected=true
[offboard_waypoint_node-1] [INFO] [1786441457.376840908] [offboard_waypoint_node]: [HOLD_ERROR] position_error=0.998 velocity=0.198 state=IDLE_HOLD
[race_ego_cloud_bridge-8] [INFO] [1786441457.899559419] [race_ego_cloud_bridge]: [EGO_STATIC_MAP_READY] topic=/saved_map frame=map points=9161 fused=true
[offboard_waypoint_node-1] [INFO] [1786441457.926945200] [offboard_waypoint_node]: [CONTROL_ARBITER] selected_source=safety_hold state=IDLE_HOLD
[ego_planner_node-10] [FSM]: state: WAIT_TARGET
[ego_planner_node-10] wait for goal or trigger.
[fastlio_bridge_node-2] [INFO] [1786441458.069806070] [fastlio_bridge_node]: 已桥接并转换里程计: ENU(-0.71, 0.40, 0.54) -> NED(0.71, 0.40, -0.54)
[super_planner_ros2_node-6] [INFO] [1786441458.290418723] [super_planner_ros2_node]: SUPER_ROS2 mode=IDLE enable_output=false reason=NO_GOAL odom=(-0.72,0.41,0.52) goal=none tracking_setpoint_enu=(-0.72,0.41,0.78) setpoint_ned=none yaw(desired/cmd/rate)=(0.00/0.00/0.00) cross_track=0.00 frame_id=px4_ned path_points=0 odom_source=/mavros/local_position/odom cloud_source=/saved_map mavros_connected=true
[offboard_waypoint_node-1] [INFO] [1786441458.376906752] [offboard_waypoint_node]: [HOLD_ERROR] position_error=1.080 velocity=0.152 state=IDLE_HOLD
[offboard_waypoint_node-1] [INFO] [1786441458.927013446] [offboard_waypoint_node]: [CONTROL_ARBITER] selected_source=safety_hold state=IDLE_HOLD
[ego_planner_node-10] [FSM]: state: WAIT_TARGET
[ego_planner_node-10] wait for goal or trigger.
[super_planner_ros2_node-6] [INFO] [1786441459.290985822] [super_planner_ros2_node]: SUPER_ROS2 mode=IDLE enable_output=false reason=NO_GOAL odom=(-0.84,0.50,0.51) goal=none tracking_setpoint_enu=(-0.84,0.50,0.78) setpoint_ned=none yaw(desired/cmd/rate)=(0.00/0.00/0.00) cross_track=0.00 frame_id=px4_ned path_points=0 odom_source=/mavros/local_position/odom cloud_source=/saved_map mavros_connected=true
[offboard_waypoint_node-1] [INFO] [1786441459.376998659] [offboard_waypoint_node]: [HOLD_ERROR] position_error=1.185 velocity=0.060 state=IDLE_HOLD
[race_ego_cloud_bridge-8] [INFO] [1786441459.900108654] [race_ego_cloud_bridge]: [EGO_STATIC_MAP_READY] topic=/saved_map frame=map points=9161 fused=true
[offboard_waypoint_node-1] [INFO] [1786441459.927162219] [offboard_waypoint_node]: [CONTROL_ARBITER] selected_source=safety_hold state=IDLE_HOLD
[fastlio_bridge_node-2] [INFO] [1786441460.069123776] [fastlio_bridge_node]: 已桥接并转换里程计: ENU(-0.87, 0.54, 0.48) -> NED(0.87, 0.54, -0.48)
[ego_planner_node-10] [FSM]: state: WAIT_TARGET
[ego_planner_node-10] wait for goal or trigger.
[super_planner_ros2_node-6] [INFO] [1786441460.340518087] [super_planner_ros2_node]: SUPER_ROS2 mode=IDLE enable_output=false reason=NO_GOAL odom=(-0.85,0.53,0.50) goal=none tracking_setpoint_enu=(-0.85,0.53,0.78) setpoint_ned=none yaw(desired/cmd/rate)=(0.00/0.00/0.00) cross_track=0.00 frame_id=px4_ned path_points=0 odom_source=/mavros/local_position/odom cloud_source=/saved_map mavros_connected=true
[offboard_waypoint_node-1] [INFO] [1786441460.427284526] [offboard_waypoint_node]: [HOLD_ERROR] position_error=1.191 velocity=0.085 state=IDLE_HOLD
[offboard_waypoint_node-1] [INFO] [1786441460.977427508] [offboard_waypoint_node]: [CONTROL_ARBITER] selected_source=safety_hold state=IDLE_HOLD
[ego_planner_node-10] [FSM]: state: WAIT_TARGET
[ego_planner_node-10] wait for goal or trigger.
[super_planner_ros2_node-6] [INFO] [1786441461.340583380] [super_planner_ros2_node]: SUPER_ROS2 mode=IDLE enable_output=false reason=NO_GOAL odom=(-0.80,0.45,0.50) goal=none tracking_setpoint_enu=(-0.80,0.45,0.78) setpoint_ned=none yaw(desired/cmd/rate)=(0.00/0.00/0.00) cross_track=0.00 frame_id=px4_ned path_points=0 odom_source=/mavros/local_position/odom cloud_source=/saved_map mavros_connected=true
[offboard_waypoint_node-1] [INFO] [1786441461.477144624] [offboard_waypoint_node]: [HOLD_ERROR] position_error=1.116 velocity=0.133 state=IDLE_HOLD
[race_ego_cloud_bridge-8] [INFO] [1786441461.899580682] [race_ego_cloud_bridge]: [EGO_STATIC_MAP_READY] topic=/saved_map frame=map points=9161 fused=true
[offboard_waypoint_node-1] [INFO] [1786441462.028324202] [offboard_waypoint_node]: [CONTROL_ARBITER] selected_source=safety_hold state=IDLE_HOLD
[fastlio_bridge_node-2] [INFO] [1786441462.069037953] [fastlio_bridge_node]: 已桥接并转换里程计: ENU(-0.81, 0.39, 0.49) -> NED(0.81, 0.39, -0.49)
[ego_planner_node-10] [FSM]: state: WAIT_TARGET
[ego_planner_node-10] wait for goal or trigger.
[super_planner_ros2_node-6] [INFO] [1786441462.340703292] [super_planner_ros2_node]: SUPER_ROS2 mode=IDLE enable_output=false reason=NO_GOAL odom=(-0.80,0.37,0.50) goal=none tracking_setpoint_enu=(-0.80,0.37,0.78) setpoint_ned=none yaw(desired/cmd/rate)=(0.00/0.00/0.00) cross_track=0.00 frame_id=px4_ned path_points=0 odom_source=/mavros/local_position/odom cloud_source=/saved_map mavros_connected=true
[offboard_waypoint_node-1] [INFO] [1786441462.477552670] [offboard_waypoint_node]: [HOLD_ERROR] position_error=1.099 velocity=0.054 state=IDLE_HOLD
[offboard_waypoint_node-1] [INFO] [1786441463.077486457] [offboard_waypoint_node]: [CONTROL_ARBITER] selected_source=safety_hold state=IDLE_HOLD
[ego_planner_node-10] [FSM]: state: WAIT_TARGET
[ego_planner_node-10] wait for goal or trigger.
[super_planner_ros2_node-6] [INFO] [1786441463.340915569] [super_planner_ros2_node]: SUPER_ROS2 mode=IDLE enable_output=false reason=NO_GOAL odom=(-0.77,0.35,0.52) goal=none tracking_setpoint_enu=(-0.77,0.35,0.78) setpoint_ned=none yaw(desired/cmd/rate)=(0.00/0.00/0.00) cross_track=0.00 frame_id=px4_ned path_points=0 odom_source=/mavros/local_position/odom cloud_source=/saved_map mavros_connected=true
[offboard_waypoint_node-1] [INFO] [1786441463.527283035] [offboard_waypoint_node]: [HOLD_ERROR] position_error=1.075 velocity=0.070 state=IDLE_HOLD
[race_ego_cloud_bridge-8] [INFO] [1786441463.900509318] [race_ego_cloud_bridge]: [EGO_STATIC_MAP_READY] topic=/saved_map frame=map points=9161 fused=true
[fastlio_bridge_node-2] [INFO] [1786441464.069188254] [fastlio_bridge_node]: 已桥接并转换里程计: ENU(-0.74, 0.34, 0.51) -> NED(0.74, 0.34, -0.51)
[offboard_waypoint_node-1] [INFO] [1786441464.127787185] [offboard_waypoint_node]: [CONTROL_ARBITER] selected_source=safety_hold state=IDLE_HOLD
[ego_planner_node-10] [FSM]: state: WAIT_TARGET
[ego_planner_node-10] wait for goal or trigger.
[super_planner_ros2_node-6] [INFO] [1786441464.340932992] [super_planner_ros2_node]: SUPER_ROS2 mode=IDLE enable_output=false reason=NO_GOAL odom=(-0.72,0.33,0.52) goal=none tracking_setpoint_enu=(-0.72,0.33,0.78) setpoint_ned=none yaw(desired/cmd/rate)=(0.00/0.00/0.00) cross_track=0.00 frame_id=px4_ned path_points=0 odom_source=/mavros/local_position/odom cloud_source=/saved_map mavros_connected=true
[offboard_waypoint_node-1] [INFO] [1786441464.527561601] [offboard_waypoint_node]: [HOLD_ERROR] position_error=1.030 velocity=0.039 state=IDLE_HOLD
[ego_planner_node-10] [FSM]: state: WAIT_TARGET
[ego_planner_node-10] wait for goal or trigger.
[offboard_waypoint_node-1] [INFO] [1786441465.177414986] [offboard_waypoint_node]: [CONTROL_ARBITER] selected_source=safety_hold state=IDLE_HOLD
[super_planner_ros2_node-6] [INFO] [1786441465.340987225] [super_planner_ros2_node]: SUPER_ROS2 mode=IDLE enable_output=false reason=NO_GOAL odom=(-0.71,0.35,0.50) goal=none tracking_setpoint_enu=(-0.71,0.35,0.78) setpoint_ned=none yaw(desired/cmd/rate)=(0.00/0.00/0.00) cross_track=0.00 frame_id=px4_ned path_points=0 odom_source=/mavros/local_position/odom cloud_source=/saved_map mavros_connected=true
[offboard_waypoint_node-1] [INFO] [1786441465.577432014] [offboard_waypoint_node]: [HOLD_ERROR] position_error=1.038 velocity=0.051 state=IDLE_HOLD
[race_ego_cloud_bridge-8] [INFO] [1786441465.900522264] [race_ego_cloud_bridge]: [EGO_STATIC_MAP_READY] topic=/saved_map frame=map points=9161 fused=true
[fastlio_bridge_node-2] [INFO] [1786441466.068286606] [fastlio_bridge_node]: 已桥接并转换里程计: ENU(-0.73, 0.38, 0.51) -> NED(0.73, 0.38, -0.51)
[ego_planner_node-10] [FSM]: state: WAIT_TARGET
[ego_planner_node-10] wait for goal or trigger.
[offboard_waypoint_node-1] [INFO] [1786441466.178377950] [offboard_waypoint_node]: [CONTROL_ARBITER] selected_source=safety_hold state=IDLE_HOLD
[super_planner_ros2_node-6] [INFO] [1786441466.391016176] [super_planner_ros2_node]: SUPER_ROS2 mode=IDLE enable_output=false reason=NO_GOAL odom=(-0.73,0.38,0.51) goal=none tracking_setpoint_enu=(-0.73,0.38,0.78) setpoint_ned=none yaw(desired/cmd/rate)=(0.00/0.00/0.00) cross_track=0.00 frame_id=px4_ned path_points=0 odom_source=/mavros/local_position/odom cloud_source=/saved_map mavros_connected=true
[offboard_waypoint_node-1] [INFO] [1786441466.577757421] [offboard_waypoint_node]: [HOLD_ERROR] position_error=1.054 velocity=0.029 state=IDLE_HOLD
[ego_planner_node-10] [FSM]: state: WAIT_TARGET
[ego_planner_node-10] wait for goal or trigger.
[offboard_waypoint_node-1] [INFO] [1786441467.227625766] [offboard_waypoint_node]: [CONTROL_ARBITER] selected_source=safety_hold state=IDLE_HOLD
[super_planner_ros2_node-6] [INFO] [1786441467.391110722] [super_planner_ros2_node]: SUPER_ROS2 mode=IDLE enable_output=false reason=NO_GOAL odom=(-0.71,0.35,0.53) goal=none tracking_setpoint_enu=(-0.71,0.35,0.78) setpoint_ned=none yaw(desired/cmd/rate)=(0.00/0.00/0.00) cross_track=0.00 frame_id=px4_ned path_points=0 odom_source=/mavros/local_position/odom cloud_source=/saved_map mavros_connected=true
[offboard_waypoint_node-1] [INFO] [1786441467.577788932] [offboard_waypoint_node]: [HOLD_ERROR] position_error=1.027 velocity=0.074 state=IDLE_HOLD
[race_ego_cloud_bridge-8] [INFO] [1786441467.901878676] [race_ego_cloud_bridge]: [EGO_STATIC_MAP_READY] topic=/saved_map frame=map points=9161 fused=true
[fastlio_bridge_node-2] [INFO] [1786441468.070591596] [fastlio_bridge_node]: 已桥接并转换里程计: ENU(-0.67, 0.33, 0.43) -> NED(0.67, 0.33, -0.43)
[ego_planner_node-10] [FSM]: state: WAIT_TARGET
[ego_planner_node-10] wait for goal or trigger.
[offboard_waypoint_node-1] [INFO] [1786441468.227730126] [offboard_waypoint_node]: [CONTROL_ARBITER] selected_source=safety_hold state=IDLE_HOLD
[super_planner_ros2_node-6] [INFO] [1786441468.391318287] [super_planner_ros2_node]: SUPER_ROS2 mode=IDLE enable_output=false reason=NO_GOAL odom=(-0.65,0.30,0.35) goal=none tracking_setpoint_enu=(-0.65,0.30,0.78) setpoint_ned=none yaw(desired/cmd/rate)=(0.00/0.00/0.00) cross_track=0.00 frame_id=px4_ned path_points=0 odom_source=/mavros/local_position/odom cloud_source=/saved_map mavros_connected=true
[offboard_waypoint_node-1] [INFO] [1786441468.627762123] [offboard_waypoint_node]: [HOLD_ERROR] position_error=0.839 velocity=0.080 state=IDLE_HOLD
[ego_planner_node-10] [FSM]: state: WAIT_TARGET
[ego_planner_node-10] wait for goal or trigger.
[offboard_waypoint_node-1] [INFO] [1786441469.227767432] [offboard_waypoint_node]: [CONTROL_ARBITER] selected_source=safety_hold state=IDLE_HOLD
[super_planner_ros2_node-6] [INFO] [1786441469.441139377] [super_planner_ros2_node]: SUPER_ROS2 mode=IDLE enable_output=false reason=NO_GOAL odom=(-0.64,0.30,0.09) goal=none tracking_setpoint_enu=(-0.64,0.30,0.78) setpoint_ned=none yaw(desired/cmd/rate)=(0.00/0.00/0.00) cross_track=0.00 frame_id=px4_ned path_points=0 odom_source=/mavros/local_position/odom cloud_source=/saved_map mavros_connected=true
[offboard_waypoint_node-1] [INFO] [1786441469.677639463] [offboard_waypoint_node]: [HOLD_ERROR] position_error=0.788 velocity=0.081 state=IDLE_HOLD
[race_ego_cloud_bridge-8] [INFO] [1786441469.900052649] [race_ego_cloud_bridge]: [EGO_STATIC_MAP_READY] topic=/saved_map frame=map points=9161 fused=true
[fastlio_bridge_node-2] [INFO] [1786441470.067494143] [fastlio_bridge_node]: 已桥接并转换里程计: ENU(-0.68, 0.37, 0.03) -> NED(0.68, 0.37, -0.03)
[ego_planner_node-10] [FSM]: state: WAIT_TARGET
[ego_planner_node-10] wait for goal or trigger.
[offboard_waypoint_node-1] [INFO] [1786441470.277597375] [offboard_waypoint_node]: [CONTROL_ARBITER] selected_source=safety_hold state=IDLE_HOLD
[super_planner_ros2_node-6] [INFO] [1786441470.490955242] [super_planner_ros2_node]: SUPER_ROS2 mode=IDLE enable_output=false reason=NO_GOAL odom=(-0.73,0.33,0.00) goal=none tracking_setpoint_enu=(-0.73,0.33,0.78) setpoint_ned=none yaw(desired/cmd/rate)=(0.00/0.00/0.00) cross_track=0.00 frame_id=px4_ned path_points=0 odom_source=/mavros/local_position/odom cloud_source=/saved_map mavros_connected=true
[offboard_waypoint_node-1] [INFO] [1786441470.727456592] [offboard_waypoint_node]: [HOLD_ERROR] position_error=0.857 velocity=0.056 state=IDLE_HOLD
[ego_planner_node-10] [FSM]: state: WAIT_TARGET
[ego_planner_node-10] wait for goal or trigger.
[offboard_waypoint_node-1] [INFO] [1786441471.327412581] [offboard_waypoint_node]: [CONTROL_ARBITER] selected_source=safety_hold state=IDLE_HOLD
[super_planner_ros2_node-6] [INFO] [1786441471.540780504] [super_planner_ros2_node]: SUPER_ROS2 mode=IDLE enable_output=false reason=NO_GOAL odom=(-0.70,0.32,-0.03) goal=none tracking_setpoint_enu=(-0.70,0.32,0.78) setpoint_ned=none yaw(desired/cmd/rate)=(0.00/0.00/0.00) cross_track=0.00 frame_id=px4_ned path_points=0 odom_source=/mavros/local_position/odom cloud_source=/saved_map mavros_connected=true
[offboard_waypoint_node-1] [INFO] [1786441471.777235581] [offboard_waypoint_node]: [HOLD_ERROR] position_error=0.811 velocity=0.097 state=IDLE_HOLD
[race_ego_cloud_bridge-8] [INFO] [1786441471.900997299] [race_ego_cloud_bridge]: [EGO_STATIC_MAP_READY] topic=/saved_map frame=map points=9161 fused=true
[fastlio_bridge_node-2] [INFO] [1786441472.070035424] [fastlio_bridge_node]: 已桥接并转换里程计: ENU(-0.70, 0.36, 0.03) -> NED(0.70, 0.36, -0.03)
[ego_planner_node-10] [FSM]: state: WAIT_TARGET
[ego_planner_node-10] wait for goal or trigger.
[offboard_waypoint_node-1] [INFO] [1786441472.328802183] [offboard_waypoint_node]: [CONTROL_ARBITER] selected_source=safety_hold state=IDLE_HOLD
[super_planner_ros2_node-6] [INFO] [1786441472.591241118] [super_planner_ros2_node]: SUPER_ROS2 mode=IDLE enable_output=false reason=NO_GOAL odom=(-0.66,0.30,-0.06) goal=none tracking_setpoint_enu=(-0.66,0.30,0.78) setpoint_ned=none yaw(desired/cmd/rate)=(0.00/0.00/0.00) cross_track=0.00 frame_id=px4_ned path_points=0 odom_source=/mavros/local_position/odom cloud_source=/saved_map mavros_connected=true
[offboard_waypoint_node-1] [INFO] [1786441472.777421417] [offboard_waypoint_node]: [HOLD_ERROR] position_error=0.770 velocity=0.121 state=IDLE_HOLD
[ego_planner_node-10] [FSM]: state: WAIT_TARGET
[ego_planner_node-10] wait for goal or trigger.
[offboard_waypoint_node-1] [INFO] [1786441473.377192147] [offboard_waypoint_node]: [CONTROL_ARBITER] selected_source=safety_hold state=IDLE_HOLD
[super_planner_ros2_node-6] [INFO] [1786441473.640793259] [super_planner_ros2_node]: SUPER_ROS2 mode=IDLE enable_output=false reason=NO_GOAL odom=(-0.66,0.29,-0.08) goal=none tracking_setpoint_enu=(-0.66,0.29,0.78) setpoint_ned=none yaw(desired/cmd/rate)=(0.00/0.00/0.00) cross_track=0.00 frame_id=px4_ned path_points=0 odom_source=/mavros/local_position/odom cloud_source=/saved_map mavros_connected=true
[offboard_waypoint_node-1] [INFO] [1786441473.827216193] [offboard_waypoint_node]: [HOLD_ERROR] position_error=0.779 velocity=0.104 state=IDLE_HOLD
[race_ego_cloud_bridge-8] [INFO] [1786441473.900968344] [race_ego_cloud_bridge]: [EGO_STATIC_MAP_READY] topic=/saved_map frame=map points=9161 fused=true
[fastlio_bridge_node-2] [INFO] [1786441474.073031156] [fastlio_bridge_node]: 已桥接并转换里程计: ENU(-0.70, 0.36, 0.03) -> NED(0.70, 0.36, -0.03)
[ego_planner_node-10] [FSM]: state: WAIT_TARGET
[ego_planner_node-10] wait for goal or trigger.
[offboard_waypoint_node-1] [INFO] [1786441474.377579207] [offboard_waypoint_node]: [CONTROL_ARBITER] selected_source=safety_hold state=IDLE_HOLD
[super_planner_ros2_node-6] [INFO] [1786441474.690404917] [super_planner_ros2_node]: SUPER_ROS2 mode=IDLE enable_output=false reason=NO_GOAL odom=(-0.69,0.30,-0.07) goal=none tracking_setpoint_enu=(-0.69,0.30,0.78) setpoint_ned=none yaw(desired/cmd/rate)=(0.00/0.00/0.00) cross_track=0.00 frame_id=px4_ned path_points=0 odom_source=/mavros/local_position/odom cloud_source=/saved_map mavros_connected=true
[offboard_waypoint_node-1] [INFO] [1786441474.876893871] [offboard_waypoint_node]: [HOLD_ERROR] position_error=0.813 velocity=0.071 state=IDLE_HOLD
[ego_planner_node-10] [FSM]: state: WAIT_TARGET
[ego_planner_node-10] wait for goal or trigger.
[offboard_waypoint_node-1] [INFO] [1786441475.427035780] [offboard_waypoint_node]: [CONTROL_ARBITER] selected_source=safety_hold state=IDLE_HOLD
[super_planner_ros2_node-6] [INFO] [1786441475.740260505] [super_planner_ros2_node]: SUPER_ROS2 mode=IDLE enable_output=false reason=NO_GOAL odom=(-0.72,0.32,-0.07) goal=none tracking_setpoint_enu=(-0.72,0.32,0.78) setpoint_ned=none yaw(desired/cmd/rate)=(0.00/0.00/0.00) cross_track=0.00 frame_id=px4_ned path_points=0 odom_source=/mavros/local_position/odom cloud_source=/saved_map mavros_connected=true
[offboard_waypoint_node-1] [INFO] [1786441475.876922397] [offboard_waypoint_node]: [HOLD_ERROR] position_error=0.841 velocity=0.055 state=IDLE_HOLD
[race_ego_cloud_bridge-8] [INFO] [1786441475.900970960] [race_ego_cloud_bridge]: [EGO_STATIC_MAP_READY] topic=/saved_map frame=map points=9161 fused=true
[fastlio_bridge_node-2] [INFO] [1786441476.068207132] [fastlio_bridge_node]: 已桥接并转换里程计: ENU(-0.70, 0.36, 0.03) -> NED(0.70, 0.36, -0.03)
[ego_planner_node-10] [FSM]: state: WAIT_TARGET
[ego_planner_node-10] wait for goal or trigger.
[offboard_waypoint_node-1] [INFO] [1786441476.476797145] [offboard_waypoint_node]: [CONTROL_ARBITER] selected_source=safety_hold state=IDLE_HOLD
[super_planner_ros2_node-6] [INFO] [1786441476.790160895] [super_planner_ros2_node]: SUPER_ROS2 mode=IDLE enable_output=false reason=NO_GOAL odom=(-0.72,0.34,-0.07) goal=none tracking_setpoint_enu=(-0.72,0.34,0.78) setpoint_ned=none yaw(desired/cmd/rate)=(0.00/0.00/0.00) cross_track=0.00 frame_id=px4_ned path_points=0 odom_source=/mavros/local_position/odom cloud_source=/saved_map mavros_connected=true
[offboard_waypoint_node-1] [INFO] [1786441476.926748116] [offboard_waypoint_node]: [HOLD_ERROR] position_error=0.850 velocity=0.043 state=IDLE_HOLD
[ego_planner_node-10] [FSM]: state: WAIT_TARGET
[ego_planner_node-10] wait for goal or trigger.
[offboard_waypoint_node-1] [INFO] [1786441477.527300870] [offboard_waypoint_node]: [CONTROL_ARBITER] selected_source=safety_hold state=IDLE_HOLD
[super_planner_ros2_node-6] [INFO] [1786441477.840040694] [super_planner_ros2_node]: SUPER_ROS2 mode=IDLE enable_output=false reason=NO_GOAL odom=(-0.74,0.36,-0.06) goal=none tracking_setpoint_enu=(-0.74,0.36,0.78) setpoint_ned=none yaw(desired/cmd/rate)=(0.00/0.00/0.00) cross_track=0.00 frame_id=px4_ned path_points=0 odom_source=/mavros/local_position/odom cloud_source=/saved_map mavros_connected=true
[race_ego_cloud_bridge-8] [INFO] [1786441477.899165801] [race_ego_cloud_bridge]: [EGO_STATIC_MAP_READY] topic=/saved_map frame=map points=9161 fused=true
[offboard_waypoint_node-1] [INFO] [1786441477.976595804] [offboard_waypoint_node]: [HOLD_ERROR] position_error=0.879 velocity=0.070 state=IDLE_HOLD
[fastlio_bridge_node-2] [INFO] [1786441478.070191443] [fastlio_bridge_node]: 已桥接并转换里程计: ENU(-0.69, 0.38, 0.04) -> NED(0.69, 0.38, -0.04)
[ego_planner_node-10] [FSM]: state: WAIT_TARGET
[ego_planner_node-10] wait for goal or trigger.
[offboard_waypoint_node-1] [INFO] [1786441478.577264158] [offboard_waypoint_node]: [CONTROL_ARBITER] selected_source=safety_hold state=IDLE_HOLD
[super_planner_ros2_node-6] [INFO] [1786441478.889909650] [super_planner_ros2_node]: SUPER_ROS2 mode=IDLE enable_output=false reason=NO_GOAL odom=(-0.77,0.42,-0.07) goal=none tracking_setpoint_enu=(-0.77,0.42,0.78) setpoint_ned=none yaw(desired/cmd/rate)=(0.00/0.00/0.00) cross_track=0.00 frame_id=px4_ned path_points=0 odom_source=/mavros/local_position/odom cloud_source=/saved_map mavros_connected=true
[offboard_waypoint_node-1] [INFO] [1786441479.026442963] [offboard_waypoint_node]: [HOLD_ERROR] position_error=0.928 velocity=0.112 state=IDLE_HOLD
[ego_planner_node-10] [FSM]: state: WAIT_TARGET
[ego_planner_node-10] wait for goal or trigger.
[offboard_waypoint_node-1] [INFO] [1786441479.626413056] [offboard_waypoint_node]: [CONTROL_ARBITER] selected_source=safety_hold state=IDLE_HOLD
[super_planner_ros2_node-6] [INFO] [1786441479.889994766] [super_planner_ros2_node]: SUPER_ROS2 mode=IDLE enable_output=false reason=NO_GOAL odom=(-0.71,0.38,-0.02) goal=none tracking_setpoint_enu=(-0.71,0.38,0.78) setpoint_ned=none yaw(desired/cmd/rate)=(0.00/0.00/0.00) cross_track=0.00 frame_id=px4_ned path_points=0 odom_source=/mavros/local_position/odom cloud_source=/saved_map mavros_connected=true
[race_ego_cloud_bridge-8] [INFO] [1786441479.898866133] [race_ego_cloud_bridge]: [EGO_STATIC_MAP_READY] topic=/saved_map frame=map points=9161 fused=true
[offboard_waypoint_node-1] [INFO] [1786441480.026477816] [offboard_waypoint_node]: [HOLD_ERROR] position_error=0.850 velocity=0.168 state=IDLE_HOLD
[fastlio_bridge_node-2] [INFO] [1786441480.076419637] [fastlio_bridge_node]: 已桥接并转换里程计: ENU(-0.61, 0.31, 0.21) -> NED(0.61, 0.31, -0.21)
