Navigation backend: ego-shadow
Mission sequencer:  false
Map file:           <disabled for validation>
Map auto-load:      false
Recognition:        false
Navigation output:  false
[INFO] [launch]: All log files can be found below /home/robot/.ros/log/2026-08-09-15-58-06-376521-robot-62061
[INFO] [launch]: Default logging verbosity is set to INFO
[INFO] [launch.user]: [TUNING_FILE]
[INFO] [launch.user]: path=/home/robot/rong_ws/ws_offboard_control/install/race_bringup/share/race_bringup/config/astar_ego_tuning.yaml
[INFO] [launch.user]: schema_version=1
[INFO] [launch.user]: [EGO_MAP_SOURCE]
[INFO] [launch.user]: ego_map_source=static_live_px4
[INFO] [launch.user]: [EGO_MAP_TUNING]
[INFO] [launch.user]: {'live_obstacle_memory_sec': 1.0, 'live_obstacle_voxel_size_m': 0.1, 'live_obstacle_min_observations': 2, 'minimum_reliable_detection_range_m': 0.725, 'pose_sync_max_skew_sec': 0.3, 'pose_buffer_duration_sec': 1.0}
[INFO] [launch.user]: [SHARED_BOUNDS]
[INFO] [launch.user]: x=[-0.85,11.9] y=[-1.3,12.4] z=[0.5,0.85] margin=0.15
[INFO] [launch.user]: [GLOBAL_PLANNER_TUNING]
[INFO] [launch.user]: {'grid_resolution': 0.15, 'planning_resolution': 0.05, 'hard_inflation_radius': 0.28, 'min_planning_inflation_radius': 0.28, 'soft_obstacle_cost_radius': 0.54, 'clearance_cost_weight': 3.0, 'tracking_lookahead_distance': 0.3, 'max_local_goal_distance': 1.7, 'smoothing_min_clearance': 0.1, 'allow_direct_path': False, 'enable_path_shortcut': False}
[INFO] [launch.user]: [EGO_TUNING]
[INFO] [launch.user]: {'planning_horizon': 5.0, 'local_update_range_x': 6.0, 'local_update_range_y': 6.0, 'local_update_range_z': 1.25, 'occupancy_map_size_x': 24.0, 'occupancy_map_size_y': 26.0, 'occupancy_publish_max_height': 2.5, 'max_velocity': 0.6, 'max_acceleration': 0.8, 'control_point_spacing': 0.25, 'planning_clearance_m': 0.34, 'constrained_clearance_enable': False, 'constrained_clearance_m': 0.24, 'constrained_optimization_clearance_m': 0.3, 'far_end_clearance_extra_m': 0.06, 'optimization_clearance_m': 0.42, 'max_reference_deviation_m': 0.8, 'use_distinctive_trajectories': True, 'replan_start_position_error_m': 0.25, 'handover_position_tolerance_m': 0.01, 'handover_velocity_tolerance_mps': 0.005, 'handover_acceleration_tolerance_mps2': 0.01, 'fixed_flight_height': 0.78}
[INFO] [launch.user]: [BRIDGE_TUNING]
[INFO] [launch.user]: {'occupancy_timeout_sec': 1.0, 'active_recheck_history_sec': 0.5, 'bspline_timeout_sec': 0.2, 'command_timeout_sec': 0.2, 'dynamic_invalid_grace_sec': 0.75, 'replan_hold_timeout_sec': 3.0, 'collision_sample_spacing_m': 0.04, 'braking_deceleration_mps2': 0.8, 'reaction_time_sec': 0.15, 'dynamic_limit_margin': 1.1, 'max_yaw_rate_rad_s': 0.8}
[INFO] [launch.user]: [OFFBOARD_TUNING]
[INFO] [launch.user]: {'takeoff_height_m': 0.55, 'ego_goal_release_height_m': 0.5, 'ego_goal_stable_height_tolerance_m': 0.05, 'ego_goal_stable_horizontal_speed_mps': 0.08, 'ego_goal_stable_vertical_speed_mps': 0.05, 'ego_goal_stable_duration_sec': 0.5, 'fixed_flight_height_m': 0.78, 'max_safe_height_m': 0.85, 'goal_tolerance_xy_m': 0.1, 'goal_tolerance_z_m': 0.05, 'setpoint_rate_hz': 20.0, 'trusted_position_max_speed_mps': 4.0, 'trusted_position_jump_allowance_m': 0.4, 'ego_setpoint_max_lead_m': 2.0, 'ego_setpoint_timeout_sec': 2.5, 'same_goal_retry_on_safety_latch': True, 'ego_yaw_rate_limit_rad_s': 0.8, 'initial_position_stabilization_sec': 0.5, 'initial_position_max_spread_m': 0.08, 'initial_position_max_speed_mps': 0.2}
[INFO] [offboard_waypoint_node-1]: process started with pid [62099]
[INFO] [fastlio_bridge_node-2]: process started with pid [62101]
[INFO] [frame_transform_node-3]: process started with pid [62103]
[INFO] [map_io_node-4]: process started with pid [62105]
[INFO] [mapping_manager_node-5]: process started with pid [62107]
[INFO] [super_planner_ros2_node-6]: process started with pid [62109]
[INFO] [race_ego_odom_bridge-7]: process started with pid [62111]
[INFO] [race_ego_cloud_bridge-8]: process started with pid [62113]
[INFO] [race_ego_goal_bridge-9]: process started with pid [62115]
[INFO] [ego_planner_node-10]: process started with pid [62117]
[INFO] [traj_server-11]: process started with pid [62119]
[INFO] [race_ego_trajectory_bridge-12]: process started with pid [62121]
[mapping_manager_node-5] [INFO] [1786262286.554211887] [mapping_manager_node]: mapping_manager_node started
[mapping_manager_node-5] [INFO] [1786262286.554338049] [mapping_manager_node]:   auto_load_on_start: false
[mapping_manager_node-5] [INFO] [1786262286.554348156] [mapping_manager_node]:   auto_save_on_land: true
[race_ego_trajectory_bridge-12] [INFO] [1786262286.580883043] [race_ego_trajectory_bridge]: [BRIDGE_CLEARANCE_THRESHOLD] hard_clearance=0.290000000
[race_ego_trajectory_bridge-12] [INFO] [1786262286.581979356] [race_ego_trajectory_bridge]: [BRIDGE_BRAKING_CONTRACT] max_speed=0.600 deceleration=0.800 reaction=0.150 clearance=0.290 braking_horizon=0.605 detection_range=0.725
[race_ego_cloud_bridge-8] [INFO] [1786262286.583295311] [race_ego_cloud_bridge]: EGO cloud bridge: source=static_live_px4 input=/saved_map+/fast_lio/cloud_registered_body output=/race/ego/cloud required_frame=map frame_transform=px4_pose_projection
[frame_transform_node-3] [INFO] [1786262286.586179128] [frame_transform_node]: frame_transform_node started
[frame_transform_node-3] [INFO] [1786262286.586386706] [frame_transform_node]:   Published static TF: map -> odom (identity)
[frame_transform_node-3] [INFO] [1786262286.586403925] [frame_transform_node]:   Published static TF: camera_init -> map (identity, RViz display only)
[race_ego_odom_bridge-7] [INFO] [1786262286.596263662] [race_ego_odom_bridge]: EGO odom bridge: /mavros/local_position/odom -> /race/ego/odom frame=map conversion=enuToMap(-y,x,z) strict=false
[map_io_node-4] [INFO] [1786262286.598622265] [map_io_node]: map_io_node started
[map_io_node-4] [INFO] [1786262286.598777528] [map_io_node]:   map_file: /home/robot/rong_ws/ws_offboard_control/maps/fastlio_global_3d/GlobalMap.pcd
[map_io_node-4] [INFO] [1786262286.598787662] [map_io_node]:   publish_topic: /saved_map
[map_io_node-4] [INFO] [1786262286.598797688] [map_io_node]:   display_leaf_size: 0.10 m
[map_io_node-4] [INFO] [1786262286.598811245] [map_io_node]:   max_display_points: 3000000
[offboard_waypoint_node-1] [INFO] [1786262286.602187978] [offboard_waypoint_node]: Offboard adapter: control_source=navigation navigation_topic=/race/navigation_setpoint ego_topic=/race/ego/trajectory_setpoint frame=px4_ned timeout=0.80s ego_timeout=0.20s height=[0.50, 0.85]m warmup=1.0s stabilization=3.0s takeoff_complete=0.55m strict_health=false
[offboard_waypoint_node-1] [INFO] [1786262286.602778567] [offboard_waypoint_node]: [PLANNER_SOURCE] backend=navigation
[offboard_waypoint_node-1] [INFO] [1786262286.602799928] [offboard_waypoint_node]: [TRAJECTORY_SOURCE] selected=navigation timeout=2.50s
[race_ego_trajectory_bridge-12] [INFO] [1786262286.609540332] [race_ego_trajectory_bridge]: [EGO_STATUS] state=WAIT_MAP control_enabled=false map=missing odom=missing goal=missing trajectory=missing
[fastlio_bridge_node-2] [INFO] [1786262286.611540467] [fastlio_bridge_node]: FAST-LIO2 里程计桥接已启动：订阅 /Odometry -> /race/odom, /race/pose
[super_planner_ros2_node-6] [INFO] [1786262286.619292463] [super_planner_ros2_node]: MODE_INIT enable_output=false setpoint_topic=/race/navigation_setpoint setpoint_frame=px4_ned control_rate=20.0 replan_rate=2.0 tracking_lookahead=0.30 heading_lookahead=0.80 max_yaw_rate=1.00 odom_topic=/mavros/local_position/odom odom_input_frame=map_enu require_mavros_connected=false mavros_state_topic=/mavros/state cloud_topic=/saved_map PLANNER_INTERNAL_FRAME=map hard_inflation=0.28 soft_cost_radius=0.54 clearance_cost_weight=3.00 smoothing=true method=chaikin iterations=2 sample_resolution=0.10 allow_direct_path=false enable_path_shortcut=false
[super_planner_ros2_node-6] [INFO] [1786262286.619450861] [super_planner_ros2_node]: GLOBAL_MODE global_only=false control_output=false global_path=/race/global_path local_goal=/race/ego/local_goal
[super_planner_ros2_node-6] [INFO] [1786262286.619462250] [super_planner_ros2_node]: [SUPER_MODE] global_only=false max_planning_distance=9.000 segment_chaining=false
[super_planner_ros2_node-6] [INFO] [1786262286.619468668] [super_planner_ros2_node]: [SUPER_DIRECT_MODE] enabled=false
[super_planner_ros2_node-6] [INFO] [1786262286.619473328] [super_planner_ros2_node]: [SHARED_BOUNDS] x=[-0.85,11.90] y=[-1.30,12.40] z=[0.50,0.85] margin=0.15
[ego_planner_node-10] [INFO] [1786262286.630076276] [race_ego_planner]: [EGO_RECOVERY_GEOMETRY_CONFIG] search_distance=0.600 minimum_forward_progress=0.150 extra_clearance=0.060 max_reference_deviation=0.780 max_lateral_offset=0.750 lateral_offset_step=0.150
[ego_planner_node-10] [INFO] [1786262286.632319812] [race_ego_planner]: [EGO_HANDOVER_TOLERANCE] position_m=0.010 velocity_mps=0.005 acceleration_mps2=0.010
[ego_planner_node-10] [INFO] [1786262286.632338480] [race_ego_planner]: [EGO_REFERENCE_GEOMETRY_LIMIT] max_reference_deviation_m=0.800
[ego_planner_node-10] [INFO] [1786262286.632506381] [race_ego_planner]: [EGO_OCCUPANCY_SAFETY_MODEL] required_center_clearance=0.290 planning_clearance=0.340 resolution=0.150 coarse_inflation_steps=2 coarse_voxel_clearance=0.300 continuous_query=true
[ego_planner_node-10] hit: 0.619039
[ego_planner_node-10] miss: -0.619039
[ego_planner_node-10] min log: -1.99243
[ego_planner_node-10] max: 2.19722
[ego_planner_node-10] thresh log: 1.38629
[ego_planner_node-10] [INFO] [1786262286.637044894] [race_ego_planner]: [EGO_OBSTACLE_CLEARANCE_CONTRACT] required_center_clearance=0.290000000 planning_clearance=0.340000000 optimization_target_clearance=0.420000000 far_end_clearance_extra=0.060000000 far_end_target_clearance=0.480000000 collision_weight=1.200000000 valid=true
[ego_planner_node-10] [INFO] [1786262286.637085103] [race_ego_planner]: [EGO_ACTIVE_OPTIMIZATION_TERMS] smoothness=true obstacle=true feasibility=true reference=false endpoint=true smoothness_weight=1.000000 obstacle_weight=1.200000 feasibility_weight=0.400000 reference_weight=0.000000 configured_fitness_weight=1.000000 obstacle_clearance=0.420000
[offboard_waypoint_node-1] [INFO] [1786262286.652357826] [offboard_waypoint_node]: [CONTROL_ARBITER] selected_source=safety_hold state=WAITING_FOR_ODOM
[super_planner_ros2_node-6] [INFO] [1786262286.669503391] [super_planner_ros2_node]: SUPER_ROS2 mode=NO_ODOM enable_output=false reason=NO_ODOM odom=(0.00,0.00,0.00) goal=none tracking_setpoint_enu=(0.00,0.00,0.00) setpoint_ned=none yaw(desired/cmd/rate)=(0.00/0.00/0.00) cross_track=0.00 frame_id=px4_ned path_points=0 odom_source=none cloud_source=none mavros_connected=false
[ego_planner_node-10] [INFO] [1786262286.684392710] [race_ego_planner]: [EGO_CONSTRAINED_CLEARANCE_CONFIG] enabled=false normal=0.340 constrained=0.240 optimization=0.300
[ego_planner_node-10] [INFO] [1786262286.685713750] [race_ego_planner]: single drone:-1
[traj_server-11] [WARN] [1786262287.591449135] [race_ego_traj_server]: [Traj server]: ready.
[super_planner_ros2_node-6] [INFO] [1786262287.669532231] [super_planner_ros2_node]: SUPER_ROS2 mode=NO_ODOM enable_output=false reason=NO_ODOM odom=(0.00,0.00,0.00) goal=none tracking_setpoint_enu=(0.00,0.00,0.00) setpoint_ned=none yaw(desired/cmd/rate)=(0.00/0.00/0.00) cross_track=0.00 frame_id=px4_ned path_points=0 odom_source=none cloud_source=none mavros_connected=false
[ego_planner_node-10] [FSM]: state: INIT
[ego_planner_node-10] no odom.
[ego_planner_node-10] wait for goal or trigger.
[offboard_waypoint_node-1] [INFO] [1786262287.702359174] [offboard_waypoint_node]: [CONTROL_ARBITER] selected_source=safety_hold state=WAITING_FOR_ODOM
[ego_planner_node-10] [FSM]: state: INIT
[ego_planner_node-10] no odom.
[ego_planner_node-10] wait for goal or trigger.
[super_planner_ros2_node-6] [INFO] [1786262288.719466267] [super_planner_ros2_node]: SUPER_ROS2 mode=NO_ODOM enable_output=false reason=NO_ODOM odom=(0.00,0.00,0.00) goal=none tracking_setpoint_enu=(0.00,0.00,0.00) setpoint_ned=none yaw(desired/cmd/rate)=(0.00/0.00/0.00) cross_track=0.00 frame_id=px4_ned path_points=0 odom_source=none cloud_source=none mavros_connected=false
[offboard_waypoint_node-1] [INFO] [1786262288.753004479] [offboard_waypoint_node]: [CONTROL_ARBITER] selected_source=safety_hold state=WAITING_FOR_ODOM
[ego_planner_node-10] [FSM]: state: INIT
[ego_planner_node-10] no odom.
[ego_planner_node-10] wait for goal or trigger.
[super_planner_ros2_node-6] [INFO] [1786262289.769512081] [super_planner_ros2_node]: SUPER_ROS2 mode=NO_ODOM enable_output=false reason=NO_ODOM odom=(0.00,0.00,0.00) goal=none tracking_setpoint_enu=(0.00,0.00,0.00) setpoint_ned=none yaw(desired/cmd/rate)=(0.00/0.00/0.00) cross_track=0.00 frame_id=px4_ned path_points=0 odom_source=none cloud_source=none mavros_connected=false
[offboard_waypoint_node-1] [INFO] [1786262289.802350187] [offboard_waypoint_node]: [CONTROL_ARBITER] selected_source=safety_hold state=WAITING_FOR_ODOM
[ego_planner_node-10] [FSM]: state: INIT
[ego_planner_node-10] no odom.
[ego_planner_node-10] wait for goal or trigger.
[super_planner_ros2_node-6] [INFO] [1786262290.769576284] [super_planner_ros2_node]: SUPER_ROS2 mode=NO_ODOM enable_output=false reason=NO_ODOM odom=(0.00,0.00,0.00) goal=none tracking_setpoint_enu=(0.00,0.00,0.00) setpoint_ned=none yaw(desired/cmd/rate)=(0.00/0.00/0.00) cross_track=0.00 frame_id=px4_ned path_points=0 odom_source=none cloud_source=none mavros_connected=false
[offboard_waypoint_node-1] [INFO] [1786262290.802391999] [offboard_waypoint_node]: [CONTROL_ARBITER] selected_source=safety_hold state=WAITING_FOR_ODOM
[ego_planner_node-10] [FSM]: state: INIT
[ego_planner_node-10] no odom.
[ego_planner_node-10] wait for goal or trigger.
[super_planner_ros2_node-6] [INFO] [1786262291.819541218] [super_planner_ros2_node]: SUPER_ROS2 mode=NO_ODOM enable_output=false reason=NO_ODOM odom=(0.00,0.00,0.00) goal=none tracking_setpoint_enu=(0.00,0.00,0.00) setpoint_ned=none yaw(desired/cmd/rate)=(0.00/0.00/0.00) cross_track=0.00 frame_id=px4_ned path_points=0 odom_source=none cloud_source=none mavros_connected=false
[offboard_waypoint_node-1] [INFO] [1786262291.852362576] [offboard_waypoint_node]: [CONTROL_ARBITER] selected_source=safety_hold state=WAITING_FOR_ODOM
[ego_planner_node-10] [FSM]: state: INIT
[ego_planner_node-10] no odom.
[ego_planner_node-10] wait for goal or trigger.
[super_planner_ros2_node-6] [INFO] [1786262292.819589890] [super_planner_ros2_node]: SUPER_ROS2 mode=NO_ODOM enable_output=false reason=NO_ODOM odom=(0.00,0.00,0.00) goal=none tracking_setpoint_enu=(0.00,0.00,0.00) setpoint_ned=none yaw(desired/cmd/rate)=(0.00/0.00/0.00) cross_track=0.00 frame_id=px4_ned path_points=0 odom_source=none cloud_source=none mavros_connected=false
[offboard_waypoint_node-1] [INFO] [1786262292.852388145] [offboard_waypoint_node]: [CONTROL_ARBITER] selected_source=safety_hold state=WAITING_FOR_ODOM
[ego_planner_node-10] [FSM]: state: INIT
[ego_planner_node-10] no odom.
[ego_planner_node-10] wait for goal or trigger.
[super_planner_ros2_node-6] [INFO] [1786262293.820036655] [super_planner_ros2_node]: SUPER_ROS2 mode=NO_ODOM enable_output=false reason=NO_ODOM odom=(0.00,0.00,0.00) goal=none tracking_setpoint_enu=(0.00,0.00,0.00) setpoint_ned=none yaw(desired/cmd/rate)=(0.00/0.00/0.00) cross_track=0.00 frame_id=px4_ned path_points=0 odom_source=none cloud_source=none mavros_connected=false
[offboard_waypoint_node-1] [INFO] [1786262293.852408756] [offboard_waypoint_node]: [CONTROL_ARBITER] selected_source=safety_hold state=WAITING_FOR_ODOM
[ego_planner_node-10] [FSM]: state: INIT
[ego_planner_node-10] no odom.
[ego_planner_node-10] wait for goal or trigger.
[offboard_waypoint_node-1] [INFO] [1786262294.852424748] [offboard_waypoint_node]: [CONTROL_ARBITER] selected_source=safety_hold state=WAITING_FOR_ODOM
[super_planner_ros2_node-6] [INFO] [1786262294.869572691] [super_planner_ros2_node]: SUPER_ROS2 mode=NO_ODOM enable_output=false reason=NO_ODOM odom=(0.00,0.00,0.00) goal=none tracking_setpoint_enu=(0.00,0.00,0.00) setpoint_ned=none yaw(desired/cmd/rate)=(0.00/0.00/0.00) cross_track=0.00 frame_id=px4_ned path_points=0 odom_source=none cloud_source=none mavros_connected=false
[ego_planner_node-10] [FSM]: state: INIT
[ego_planner_node-10] no odom.
[ego_planner_node-10] wait for goal or trigger.
[offboard_waypoint_node-1] [INFO] [1786262295.852469658] [offboard_waypoint_node]: [CONTROL_ARBITER] selected_source=safety_hold state=WAITING_FOR_ODOM
[super_planner_ros2_node-6] [INFO] [1786262295.869606803] [super_planner_ros2_node]: SUPER_ROS2 mode=NO_ODOM enable_output=false reason=NO_ODOM odom=(0.00,0.00,0.00) goal=none tracking_setpoint_enu=(0.00,0.00,0.00) setpoint_ned=none yaw(desired/cmd/rate)=(0.00/0.00/0.00) cross_track=0.00 frame_id=px4_ned path_points=0 odom_source=none cloud_source=none mavros_connected=false
[ego_planner_node-10] [FSM]: state: INIT
[ego_planner_node-10] no odom.
[ego_planner_node-10] wait for goal or trigger.
[super_planner_ros2_node-6] [INFO] [1786262296.869642463] [super_planner_ros2_node]: SUPER_ROS2 mode=NO_ODOM enable_output=false reason=NO_ODOM odom=(0.00,0.00,0.00) goal=none tracking_setpoint_enu=(0.00,0.00,0.00) setpoint_ned=none yaw(desired/cmd/rate)=(0.00/0.00/0.00) cross_track=0.00 frame_id=px4_ned path_points=0 odom_source=none cloud_source=none mavros_connected=false
[offboard_waypoint_node-1] [INFO] [1786262296.902509118] [offboard_waypoint_node]: [CONTROL_ARBITER] selected_source=safety_hold state=WAITING_FOR_ODOM
[ego_planner_node-10] [FSM]: state: INIT
[ego_planner_node-10] no odom.
[ego_planner_node-10] wait for goal or trigger.
[super_planner_ros2_node-6] [INFO] [1786262297.919731400] [super_planner_ros2_node]: SUPER_ROS2 mode=NO_ODOM enable_output=false reason=NO_ODOM odom=(0.00,0.00,0.00) goal=none tracking_setpoint_enu=(0.00,0.00,0.00) setpoint_ned=none yaw(desired/cmd/rate)=(0.00/0.00/0.00) cross_track=0.00 frame_id=px4_ned path_points=0 odom_source=none cloud_source=none mavros_connected=false
[offboard_waypoint_node-1] [INFO] [1786262297.952480838] [offboard_waypoint_node]: [CONTROL_ARBITER] selected_source=safety_hold state=WAITING_FOR_ODOM
[ego_planner_node-10] [FSM]: state: INIT
[ego_planner_node-10] no odom.
[ego_planner_node-10] wait for goal or trigger.
[offboard_waypoint_node-1] [INFO] [1786262298.952523021] [offboard_waypoint_node]: [CONTROL_ARBITER] selected_source=safety_hold state=WAITING_FOR_ODOM
[super_planner_ros2_node-6] [INFO] [1786262298.969667811] [super_planner_ros2_node]: SUPER_ROS2 mode=NO_ODOM enable_output=false reason=NO_ODOM odom=(0.00,0.00,0.00) goal=none tracking_setpoint_enu=(0.00,0.00,0.00) setpoint_ned=none yaw(desired/cmd/rate)=(0.00/0.00/0.00) cross_track=0.00 frame_id=px4_ned path_points=0 odom_source=none cloud_source=none mavros_connected=false
[ego_planner_node-10] [FSM]: state: INIT
[ego_planner_node-10] no odom.
[ego_planner_node-10] wait for goal or trigger.
[offboard_waypoint_node-1] [INFO] [1786262300.002524712] [offboard_waypoint_node]: [CONTROL_ARBITER] selected_source=safety_hold state=WAITING_FOR_ODOM
[super_planner_ros2_node-6] [INFO] [1786262300.019691262] [super_planner_ros2_node]: SUPER_ROS2 mode=NO_ODOM enable_output=false reason=NO_ODOM odom=(0.00,0.00,0.00) goal=none tracking_setpoint_enu=(0.00,0.00,0.00) setpoint_ned=none yaw(desired/cmd/rate)=(0.00/0.00/0.00) cross_track=0.00 frame_id=px4_ned path_points=0 odom_source=none cloud_source=none mavros_connected=false
[ego_planner_node-10] [FSM]: state: INIT
[ego_planner_node-10] no odom.
[ego_planner_node-10] wait for goal or trigger.
[offboard_waypoint_node-1] [INFO] [1786262301.002759516] [offboard_waypoint_node]: [CONTROL_ARBITER] selected_source=safety_hold state=WAITING_FOR_ODOM
[super_planner_ros2_node-6] [INFO] [1786262301.019797690] [super_planner_ros2_node]: SUPER_ROS2 mode=NO_ODOM enable_output=false reason=NO_ODOM odom=(0.00,0.00,0.00) goal=none tracking_setpoint_enu=(0.00,0.00,0.00) setpoint_ned=none yaw(desired/cmd/rate)=(0.00/0.00/0.00) cross_track=0.00 frame_id=px4_ned path_points=0 odom_source=none cloud_source=none mavros_connected=false
[ego_planner_node-10] [FSM]: state: INIT
[ego_planner_node-10] no odom.
[ego_planner_node-10] wait for goal or trigger.
[offboard_waypoint_node-1] [INFO] [1786262302.052530532] [offboard_waypoint_node]: [CONTROL_ARBITER] selected_source=safety_hold state=WAITING_FOR_ODOM
[super_planner_ros2_node-6] [INFO] [1786262302.069676356] [super_planner_ros2_node]: SUPER_ROS2 mode=NO_ODOM enable_output=false reason=NO_ODOM odom=(0.00,0.00,0.00) goal=none tracking_setpoint_enu=(0.00,0.00,0.00) setpoint_ned=none yaw(desired/cmd/rate)=(0.00/0.00/0.00) cross_track=0.00 frame_id=px4_ned path_points=0 odom_source=none cloud_source=none mavros_connected=false
[ego_planner_node-10] [FSM]: state: INIT
[ego_planner_node-10] no odom.
[ego_planner_node-10] wait for goal or trigger.
[offboard_waypoint_node-1] [INFO] [1786262303.052626148] [offboard_waypoint_node]: [CONTROL_ARBITER] selected_source=safety_hold state=WAITING_FOR_ODOM
[super_planner_ros2_node-6] [INFO] [1786262303.069680123] [super_planner_ros2_node]: SUPER_ROS2 mode=NO_ODOM enable_output=false reason=NO_ODOM odom=(0.00,0.00,0.00) goal=none tracking_setpoint_enu=(0.00,0.00,0.00) setpoint_ned=none yaw(desired/cmd/rate)=(0.00/0.00/0.00) cross_track=0.00 frame_id=px4_ned path_points=0 odom_source=none cloud_source=none mavros_connected=false
[ego_planner_node-10] [FSM]: state: INIT
[ego_planner_node-10] no odom.
[ego_planner_node-10] wait for goal or trigger.
[offboard_waypoint_node-1] [INFO] [1786262304.054146966] [offboard_waypoint_node]: [CONTROL_ARBITER] selected_source=safety_hold state=WAITING_FOR_ODOM
[super_planner_ros2_node-6] [INFO] [1786262304.071197772] [super_planner_ros2_node]: SUPER_ROS2 mode=NO_ODOM enable_output=false reason=NO_ODOM odom=(0.00,0.00,0.00) goal=none tracking_setpoint_enu=(0.00,0.00,0.00) setpoint_ned=none yaw(desired/cmd/rate)=(0.00/0.00/0.00) cross_track=0.00 frame_id=px4_ned path_points=0 odom_source=none cloud_source=none mavros_connected=false
[ego_planner_node-10] [FSM]: state: INIT
[ego_planner_node-10] no odom.
[ego_planner_node-10] wait for goal or trigger.
[offboard_waypoint_node-1] [INFO] [1786262305.102718192] [offboard_waypoint_node]: [CONTROL_ARBITER] selected_source=safety_hold state=WAITING_FOR_ODOM
[super_planner_ros2_node-6] [INFO] [1786262305.119905435] [super_planner_ros2_node]: SUPER_ROS2 mode=NO_ODOM enable_output=false reason=NO_ODOM odom=(0.00,0.00,0.00) goal=none tracking_setpoint_enu=(0.00,0.00,0.00) setpoint_ned=none yaw(desired/cmd/rate)=(0.00/0.00/0.00) cross_track=0.00 frame_id=px4_ned path_points=0 odom_source=none cloud_source=none mavros_connected=false
[offboard_waypoint_node-1] [INFO] [1786262305.138603782] [offboard_waypoint_node]: [EV_HEALTH] state=FAULT continuous_healthy=0.00s
[super_planner_ros2_node-6] [WARN] [1786262305.563337852] [super_planner_ros2_node]: MAVROS reports connected=false; FCU link is down.
[offboard_waypoint_node-1] [WARN] [1786262305.948173415] [offboard_waypoint_node]: [POSE_WAIT] no local velocity sample yet on /mavros/local_position/velocity_local
[super_planner_ros2_node-6] [WARN] [1786262305.948168180] [super_planner_ros2_node]: Using odom source: /mavros/local_position/odom odom_input_frame=map_enu planner_enu=(-0.00, 0.01, -0.45)
[ego_planner_node-10] [FSM]: state: INIT
[ego_planner_node-10] wait for goal or trigger.
[ego_planner_node-10] [FSM]: from INIT to WAIT_TARGET
[fastlio_bridge_node-2] [INFO] [1786262306.022616416] [fastlio_bridge_node]: 已桥接并转换里程计: ENU(0.01, -0.00, -0.02) -> NED(-0.01, -0.00, 0.02)
[fastlio_bridge_node-2] [INFO] [1786262306.031794985] [fastlio_bridge_node]: 已桥接并转换里程计: ENU(0.01, -0.00, -0.02) -> NED(-0.01, -0.00, 0.02)
[fastlio_bridge_node-2] [INFO] [1786262306.072488615] [fastlio_bridge_node]: 已桥接并转换里程计: ENU(0.01, -0.01, -0.02) -> NED(-0.01, -0.01, 0.02)
[offboard_waypoint_node-1] [INFO] [1786262306.152699123] [offboard_waypoint_node]: [CONTROL_ARBITER] selected_source=safety_hold state=WAITING_FOR_ODOM
[super_planner_ros2_node-6] [INFO] [1786262306.169791374] [super_planner_ros2_node]: SUPER_ROS2 mode=IDLE enable_output=false reason=NO_GOAL odom=(-0.00,0.01,-0.45) goal=none tracking_setpoint_enu=(-0.00,0.01,0.78) setpoint_ned=none yaw(desired/cmd/rate)=(0.00/0.00/0.00) cross_track=0.00 frame_id=px4_ned path_points=0 odom_source=/mavros/local_position/odom cloud_source=none mavros_connected=true
[offboard_waypoint_node-1] [INFO] [1786262306.512818854] [offboard_waypoint_node]: [POSE_TRUSTED] stable_for=0.53s position_ned=(0.007,-0.001,0.448)
[offboard_waypoint_node-1] [WARN] [1786262306.552615063] [offboard_waypoint_node]: [HOLD_POSITION] x=0.007 y=-0.001 z=0.448 yaw=1.570 reason=startup idle hold
[offboard_waypoint_node-1] [WARN] [1786262306.552677698] [offboard_waypoint_node]: [CONTROL_STATE] WAITING_FOR_ODOM -> IDLE_HOLD: no active goal
[offboard_waypoint_node-1] [INFO] [1786262306.552776798] [offboard_waypoint_node]: [HOLD_ERROR] position_error=0.000 velocity=0.007 state=IDLE_HOLD
[ego_planner_node-10] [FSM]: state: WAIT_TARGET
[ego_planner_node-10] wait for goal or trigger.
[super_planner_ros2_node-6] [INFO] [1786262307.169823049] [super_planner_ros2_node]: SUPER_ROS2 mode=IDLE enable_output=false reason=NO_GOAL odom=(-0.00,0.01,-0.44) goal=none tracking_setpoint_enu=(-0.00,0.01,0.78) setpoint_ned=none yaw(desired/cmd/rate)=(0.00/0.00/0.00) cross_track=0.00 frame_id=px4_ned path_points=0 odom_source=/mavros/local_position/odom cloud_source=none mavros_connected=true
[offboard_waypoint_node-1] [INFO] [1786262307.202783250] [offboard_waypoint_node]: [CONTROL_ARBITER] selected_source=safety_hold state=IDLE_HOLD
[offboard_waypoint_node-1] [INFO] [1786262307.603004563] [offboard_waypoint_node]: [HOLD_ERROR] position_error=0.006 velocity=0.005 state=IDLE_HOLD
[ego_planner_node-10] [FSM]: state: WAIT_TARGET
[ego_planner_node-10] wait for goal or trigger.
[fastlio_bridge_node-2] [INFO] [1786262308.012674250] [fastlio_bridge_node]: 已桥接并转换里程计: ENU(0.01, 0.01, -0.02) -> NED(-0.01, 0.01, 0.02)
[super_planner_ros2_node-6] [INFO] [1786262308.169843933] [super_planner_ros2_node]: SUPER_ROS2 mode=IDLE enable_output=false reason=NO_GOAL odom=(-0.00,0.01,-0.44) goal=none tracking_setpoint_enu=(-0.00,0.01,0.78) setpoint_ned=none yaw(desired/cmd/rate)=(0.00/0.00/0.00) cross_track=0.00 frame_id=px4_ned path_points=0 odom_source=/mavros/local_position/odom cloud_source=none mavros_connected=true
[offboard_waypoint_node-1] [INFO] [1786262308.252797776] [offboard_waypoint_node]: [CONTROL_ARBITER] selected_source=safety_hold state=IDLE_HOLD
[offboard_waypoint_node-1] [INFO] [1786262308.652765206] [offboard_waypoint_node]: [HOLD_ERROR] position_error=0.013 velocity=0.003 state=IDLE_HOLD
[ego_planner_node-10] [FSM]: state: WAIT_TARGET
[ego_planner_node-10] wait for goal or trigger.
[super_planner_ros2_node-6] [INFO] [1786262309.169883878] [super_planner_ros2_node]: SUPER_ROS2 mode=IDLE enable_output=false reason=NO_GOAL odom=(-0.01,0.01,-0.43) goal=none tracking_setpoint_enu=(-0.01,0.01,0.78) setpoint_ned=none yaw(desired/cmd/rate)=(0.00/0.00/0.00) cross_track=0.00 frame_id=px4_ned path_points=0 odom_source=/mavros/local_position/odom cloud_source=none mavros_connected=true
[offboard_waypoint_node-1] [INFO] [1786262309.302912503] [offboard_waypoint_node]: [CONTROL_ARBITER] selected_source=safety_hold state=IDLE_HOLD
[offboard_waypoint_node-1] [INFO] [1786262309.652836105] [offboard_waypoint_node]: [HOLD_ERROR] position_error=0.022 velocity=0.003 state=IDLE_HOLD
[ego_planner_node-10] [FSM]: state: WAIT_TARGET
[ego_planner_node-10] wait for goal or trigger.
[super_planner_ros2_node-6] [INFO] [1786262310.169919286] [super_planner_ros2_node]: SUPER_ROS2 mode=IDLE enable_output=false reason=NO_GOAL odom=(-0.01,0.01,-0.42) goal=none tracking_setpoint_enu=(-0.01,0.01,0.78) setpoint_ned=none yaw(desired/cmd/rate)=(0.00/0.00/0.00) cross_track=0.00 frame_id=px4_ned path_points=0 odom_source=/mavros/local_position/odom cloud_source=none mavros_connected=true
[offboard_waypoint_node-1] [INFO] [1786262310.352764574] [offboard_waypoint_node]: [CONTROL_ARBITER] selected_source=safety_hold state=IDLE_HOLD
[offboard_waypoint_node-1] [INFO] [1786262310.702757075] [offboard_waypoint_node]: [HOLD_ERROR] position_error=0.027 velocity=0.001 state=IDLE_HOLD
[ego_planner_node-10] [FSM]: state: WAIT_TARGET
[ego_planner_node-10] wait for goal or trigger.
[super_planner_ros2_node-6] [INFO] [1786262311.169959560] [super_planner_ros2_node]: SUPER_ROS2 mode=IDLE enable_output=false reason=NO_GOAL odom=(-0.00,0.01,-0.42) goal=none tracking_setpoint_enu=(-0.00,0.01,0.78) setpoint_ned=none yaw(desired/cmd/rate)=(0.00/0.00/0.00) cross_track=0.00 frame_id=px4_ned path_points=0 odom_source=/mavros/local_position/odom cloud_source=none mavros_connected=true
[offboard_waypoint_node-1] [INFO] [1786262311.352899938] [offboard_waypoint_node]: [CONTROL_ARBITER] selected_source=safety_hold state=IDLE_HOLD
[offboard_waypoint_node-1] [INFO] [1786262311.702835927] [offboard_waypoint_node]: [HOLD_ERROR] position_error=0.032 velocity=0.002 state=IDLE_HOLD
[ego_planner_node-10] [FSM]: state: WAIT_TARGET
[ego_planner_node-10] wait for goal or trigger.
[super_planner_ros2_node-6] [INFO] [1786262312.170080762] [super_planner_ros2_node]: SUPER_ROS2 mode=IDLE enable_output=false reason=NO_GOAL odom=(-0.00,0.01,-0.41) goal=none tracking_setpoint_enu=(-0.00,0.01,0.78) setpoint_ned=none yaw(desired/cmd/rate)=(0.00/0.00/0.00) cross_track=0.00 frame_id=px4_ned path_points=0 odom_source=/mavros/local_position/odom cloud_source=none mavros_connected=true
[offboard_waypoint_node-1] [INFO] [1786262312.352910787] [offboard_waypoint_node]: [CONTROL_ARBITER] selected_source=safety_hold state=IDLE_HOLD
[offboard_waypoint_node-1] [INFO] [1786262312.702912621] [offboard_waypoint_node]: [HOLD_ERROR] position_error=0.037 velocity=0.002 state=IDLE_HOLD
[ego_planner_node-10] [FSM]: state: WAIT_TARGET
[ego_planner_node-10] wait for goal or trigger.
[super_planner_ros2_node-6] [INFO] [1786262313.220022096] [super_planner_ros2_node]: SUPER_ROS2 mode=IDLE enable_output=false reason=NO_GOAL odom=(-0.00,0.01,-0.41) goal=none tracking_setpoint_enu=(-0.00,0.01,0.78) setpoint_ned=none yaw(desired/cmd/rate)=(0.00/0.00/0.00) cross_track=0.00 frame_id=px4_ned path_points=0 odom_source=/mavros/local_position/odom cloud_source=none mavros_connected=true
[offboard_waypoint_node-1] [INFO] [1786262313.402917035] [offboard_waypoint_node]: [CONTROL_ARBITER] selected_source=safety_hold state=IDLE_HOLD
[offboard_waypoint_node-1] [INFO] [1786262313.702932378] [offboard_waypoint_node]: [HOLD_ERROR] position_error=0.047 velocity=0.004 state=IDLE_HOLD
[fastlio_bridge_node-2] [INFO] [1786262314.042476384] [fastlio_bridge_node]: 已桥接并转换里程计: ENU(0.00, 0.01, -0.02) -> NED(-0.00, 0.01, 0.02)
[ego_planner_node-10] [FSM]: state: WAIT_TARGET
[ego_planner_node-10] wait for goal or trigger.
[super_planner_ros2_node-6] [INFO] [1786262314.220051767] [super_planner_ros2_node]: SUPER_ROS2 mode=IDLE enable_output=false reason=NO_GOAL odom=(-0.01,0.01,-0.40) goal=none tracking_setpoint_enu=(-0.01,0.01,0.78) setpoint_ned=none yaw(desired/cmd/rate)=(0.00/0.00/0.00) cross_track=0.00 frame_id=px4_ned path_points=0 odom_source=/mavros/local_position/odom cloud_source=none mavros_connected=true
[offboard_waypoint_node-1] [INFO] [1786262314.402937743] [offboard_waypoint_node]: [CONTROL_ARBITER] selected_source=safety_hold state=IDLE_HOLD
[offboard_waypoint_node-1] [INFO] [1786262314.703015699] [offboard_waypoint_node]: [HOLD_ERROR] position_error=0.058 velocity=0.003 state=IDLE_HOLD
[ego_planner_node-10] [FSM]: state: WAIT_TARGET
[ego_planner_node-10] wait for goal or trigger.
[super_planner_ros2_node-6] [INFO] [1786262315.220131855] [super_planner_ros2_node]: SUPER_ROS2 mode=IDLE enable_output=false reason=NO_GOAL odom=(-0.00,0.01,-0.38) goal=none tracking_setpoint_enu=(-0.00,0.01,0.78) setpoint_ned=none yaw(desired/cmd/rate)=(0.00/0.00/0.00) cross_track=0.00 frame_id=px4_ned path_points=0 odom_source=/mavros/local_position/odom cloud_source=none mavros_connected=true
[offboard_waypoint_node-1] [INFO] [1786262315.403010518] [offboard_waypoint_node]: [CONTROL_ARBITER] selected_source=safety_hold state=IDLE_HOLD
[offboard_waypoint_node-1] [INFO] [1786262315.752934023] [offboard_waypoint_node]: [HOLD_ERROR] position_error=0.070 velocity=0.004 state=IDLE_HOLD
[fastlio_bridge_node-2] [INFO] [1786262316.052335211] [fastlio_bridge_node]: 已桥接并转换里程计: ENU(0.00, 0.01, -0.02) -> NED(-0.00, 0.01, 0.02)
[fastlio_bridge_node-2] [INFO] [1786262316.061331658] [fastlio_bridge_node]: 已桥接并转换里程计: ENU(0.00, 0.01, -0.02) -> NED(-0.00, 0.01, 0.02)
[fastlio_bridge_node-2] [INFO] [1786262316.071420428] [fastlio_bridge_node]: 已桥接并转换里程计: ENU(0.00, 0.01, -0.02) -> NED(-0.00, 0.01, 0.02)
[ego_planner_node-10] [FSM]: state: WAIT_TARGET
[ego_planner_node-10] wait for goal or trigger.
[fastlio_bridge_node-2] [INFO] [1786262316.081915711] [fastlio_bridge_node]: 已桥接并转换里程计: ENU(0.00, 0.01, -0.02) -> NED(-0.00, 0.01, 0.02)
[super_planner_ros2_node-6] [INFO] [1786262316.270099176] [super_planner_ros2_node]: SUPER_ROS2 mode=IDLE enable_output=false reason=NO_GOAL odom=(-0.00,0.01,-0.37) goal=none tracking_setpoint_enu=(-0.00,0.01,0.78) setpoint_ned=none yaw(desired/cmd/rate)=(0.00/0.00/0.00) cross_track=0.00 frame_id=px4_ned path_points=0 odom_source=/mavros/local_position/odom cloud_source=none mavros_connected=true
[offboard_waypoint_node-1] [INFO] [1786262316.452996758] [offboard_waypoint_node]: [CONTROL_ARBITER] selected_source=safety_hold state=IDLE_HOLD
[mapping_manager_node-5] [INFO] [1786262316.555120331] [mapping_manager_node]: Mapping status: in_flight=false, map_loaded=false, map_saved=false
[offboard_waypoint_node-1] [INFO] [1786262316.753048023] [offboard_waypoint_node]: [HOLD_ERROR] position_error=0.076 velocity=0.010 state=IDLE_HOLD
[ego_planner_node-10] [FSM]: state: WAIT_TARGET
[ego_planner_node-10] wait for goal or trigger.
[super_planner_ros2_node-6] [INFO] [1786262317.270206152] [super_planner_ros2_node]: SUPER_ROS2 mode=IDLE enable_output=false reason=NO_GOAL odom=(0.01,0.01,-0.37) goal=none tracking_setpoint_enu=(0.01,0.01,0.78) setpoint_ned=none yaw(desired/cmd/rate)=(0.00/0.00/0.00) cross_track=0.00 frame_id=px4_ned path_points=0 odom_source=/mavros/local_position/odom cloud_source=none mavros_connected=true
[offboard_waypoint_node-1] [INFO] [1786262317.453074572] [offboard_waypoint_node]: [CONTROL_ARBITER] selected_source=safety_hold state=IDLE_HOLD
[offboard_waypoint_node-1] [INFO] [1786262317.753137811] [offboard_waypoint_node]: [HOLD_ERROR] position_error=0.084 velocity=0.042 state=IDLE_HOLD
[ego_planner_node-10] [FSM]: state: WAIT_TARGET
[ego_planner_node-10] wait for goal or trigger.
[super_planner_ros2_node-6] [INFO] [1786262318.270246907] [super_planner_ros2_node]: SUPER_ROS2 mode=IDLE enable_output=false reason=NO_GOAL odom=(0.03,0.03,-0.37) goal=none tracking_setpoint_enu=(0.03,0.03,0.78) setpoint_ned=none yaw(desired/cmd/rate)=(0.00/0.00/0.00) cross_track=0.00 frame_id=px4_ned path_points=0 odom_source=/mavros/local_position/odom cloud_source=none mavros_connected=true
[offboard_waypoint_node-1] [INFO] [1786262318.453105135] [offboard_waypoint_node]: [CONTROL_ARBITER] selected_source=safety_hold state=IDLE_HOLD
[offboard_waypoint_node-1] [INFO] [1786262318.803104133] [offboard_waypoint_node]: [HOLD_ERROR] position_error=0.093 velocity=0.017 state=IDLE_HOLD
[ego_planner_node-10] [FSM]: state: WAIT_TARGET
[ego_planner_node-10] wait for goal or trigger.
[super_planner_ros2_node-6] [INFO] [1786262319.320232764] [super_planner_ros2_node]: SUPER_ROS2 mode=IDLE enable_output=false reason=NO_GOAL odom=(0.03,0.03,-0.36) goal=none tracking_setpoint_enu=(0.03,0.03,0.78) setpoint_ned=none yaw(desired/cmd/rate)=(0.00/0.00/0.00) cross_track=0.00 frame_id=px4_ned path_points=0 odom_source=/mavros/local_position/odom cloud_source=none mavros_connected=true
[offboard_waypoint_node-1] [INFO] [1786262319.453129335] [offboard_waypoint_node]: [CONTROL_ARBITER] selected_source=safety_hold state=IDLE_HOLD
[offboard_waypoint_node-1] [INFO] [1786262319.803106067] [offboard_waypoint_node]: [HOLD_ERROR] position_error=0.099 velocity=0.022 state=IDLE_HOLD
[ego_planner_node-10] [FSM]: state: WAIT_TARGET
[ego_planner_node-10] wait for goal or trigger.
[super_planner_ros2_node-6] [INFO] [1786262320.320251796] [super_planner_ros2_node]: SUPER_ROS2 mode=IDLE enable_output=false reason=NO_GOAL odom=(0.03,0.05,-0.36) goal=none tracking_setpoint_enu=(0.03,0.05,0.78) setpoint_ned=none yaw(desired/cmd/rate)=(0.00/0.00/0.00) cross_track=0.00 frame_id=px4_ned path_points=0 odom_source=/mavros/local_position/odom cloud_source=none mavros_connected=true
[offboard_waypoint_node-1] [INFO] [1786262320.453141415] [offboard_waypoint_node]: [CONTROL_ARBITER] selected_source=safety_hold state=IDLE_HOLD
[offboard_waypoint_node-1] [INFO] [1786262320.803160137] [offboard_waypoint_node]: [HOLD_ERROR] position_error=0.121 velocity=0.054 state=IDLE_HOLD
[ego_planner_node-10] [FSM]: state: WAIT_TARGET
[ego_planner_node-10] wait for goal or trigger.
[super_planner_ros2_node-6] [INFO] [1786262321.320257401] [super_planner_ros2_node]: SUPER_ROS2 mode=IDLE enable_output=false reason=NO_GOAL odom=(0.05,0.08,-0.35) goal=none tracking_setpoint_enu=(0.05,0.08,0.78) setpoint_ned=none yaw(desired/cmd/rate)=(0.00/0.00/0.00) cross_track=0.00 frame_id=px4_ned path_points=0 odom_source=/mavros/local_position/odom cloud_source=none mavros_connected=true
[offboard_waypoint_node-1] [INFO] [1786262321.503182082] [offboard_waypoint_node]: [CONTROL_ARBITER] selected_source=safety_hold state=IDLE_HOLD
[offboard_waypoint_node-1] [INFO] [1786262321.803279071] [offboard_waypoint_node]: [HOLD_ERROR] position_error=0.138 velocity=0.023 state=IDLE_HOLD
[fastlio_bridge_node-2] [INFO] [1786262322.013010951] [fastlio_bridge_node]: 已桥接并转换里程计: ENU(0.01, 0.01, -0.02) -> NED(-0.01, 0.01, 0.02)
[fastlio_bridge_node-2] [INFO] [1786262322.093593922] [fastlio_bridge_node]: 已桥接并转换里程计: ENU(0.01, 0.01, -0.02) -> NED(-0.01, 0.01, 0.02)
[ego_planner_node-10] [FSM]: state: WAIT_TARGET
[ego_planner_node-10] wait for goal or trigger.
[super_planner_ros2_node-6] [INFO] [1786262322.320300626] [super_planner_ros2_node]: SUPER_ROS2 mode=IDLE enable_output=false reason=NO_GOAL odom=(0.05,0.08,-0.34) goal=none tracking_setpoint_enu=(0.05,0.08,0.78) setpoint_ned=none yaw(desired/cmd/rate)=(0.00/0.00/0.00) cross_track=0.00 frame_id=px4_ned path_points=0 odom_source=/mavros/local_position/odom cloud_source=none mavros_connected=true
[offboard_waypoint_node-1] [INFO] [1786262322.503259264] [offboard_waypoint_node]: [CONTROL_ARBITER] selected_source=safety_hold state=IDLE_HOLD
[offboard_waypoint_node-1] [INFO] [1786262322.853301287] [offboard_waypoint_node]: [HOLD_ERROR] position_error=0.145 velocity=0.019 state=IDLE_HOLD
[ego_planner_node-10] [FSM]: state: WAIT_TARGET
[ego_planner_node-10] wait for goal or trigger.
[super_planner_ros2_node-6] [INFO] [1786262323.320353308] [super_planner_ros2_node]: SUPER_ROS2 mode=IDLE enable_output=false reason=NO_GOAL odom=(0.05,0.08,-0.33) goal=none tracking_setpoint_enu=(0.05,0.08,0.78) setpoint_ned=none yaw(desired/cmd/rate)=(0.00/0.00/0.00) cross_track=0.00 frame_id=px4_ned path_points=0 odom_source=/mavros/local_position/odom cloud_source=none mavros_connected=true
[offboard_waypoint_node-1] [INFO] [1786262323.503291032] [offboard_waypoint_node]: [CONTROL_ARBITER] selected_source=safety_hold state=IDLE_HOLD
[offboard_waypoint_node-1] [INFO] [1786262323.903300591] [offboard_waypoint_node]: [HOLD_ERROR] position_error=0.152 velocity=0.030 state=IDLE_HOLD
[fastlio_bridge_node-2] [INFO] [1786262324.001815548] [fastlio_bridge_node]: 已桥接并转换里程计: ENU(0.01, 0.01, -0.02) -> NED(-0.01, 0.01, 0.02)
[ego_planner_node-10] [FSM]: state: WAIT_TARGET
[ego_planner_node-10] wait for goal or trigger.
[super_planner_ros2_node-6] [INFO] [1786262324.320404379] [super_planner_ros2_node]: SUPER_ROS2 mode=IDLE enable_output=false reason=NO_GOAL odom=(0.07,0.09,-0.33) goal=none tracking_setpoint_enu=(0.07,0.09,0.78) setpoint_ned=none yaw(desired/cmd/rate)=(0.00/0.00/0.00) cross_track=0.00 frame_id=px4_ned path_points=0 odom_source=/mavros/local_position/odom cloud_source=none mavros_connected=true
[offboard_waypoint_node-1] [INFO] [1786262324.503293434] [offboard_waypoint_node]: [CONTROL_ARBITER] selected_source=safety_hold state=IDLE_HOLD
[offboard_waypoint_node-1] [INFO] [1786262324.903320485] [offboard_waypoint_node]: [HOLD_ERROR] position_error=0.163 velocity=0.016 state=IDLE_HOLD
[ego_planner_node-10] [FSM]: state: WAIT_TARGET
[ego_planner_node-10] wait for goal or trigger.
[super_planner_ros2_node-6] [INFO] [1786262325.320423760] [super_planner_ros2_node]: SUPER_ROS2 mode=IDLE enable_output=false reason=NO_GOAL odom=(0.07,0.09,-0.33) goal=none tracking_setpoint_enu=(0.07,0.09,0.78) setpoint_ned=none yaw(desired/cmd/rate)=(0.00/0.00/0.00) cross_track=0.00 frame_id=px4_ned path_points=0 odom_source=/mavros/local_position/odom cloud_source=none mavros_connected=true
[offboard_waypoint_node-1] [INFO] [1786262325.503358943] [offboard_waypoint_node]: [CONTROL_ARBITER] selected_source=safety_hold state=IDLE_HOLD
[offboard_waypoint_node-1] [INFO] [1786262325.903366615] [offboard_waypoint_node]: [HOLD_ERROR] position_error=0.168 velocity=0.018 state=IDLE_HOLD
[ego_planner_node-10] [FSM]: state: WAIT_TARGET
[ego_planner_node-10] wait for goal or trigger.
[super_planner_ros2_node-6] [INFO] [1786262326.320461428] [super_planner_ros2_node]: SUPER_ROS2 mode=IDLE enable_output=false reason=NO_GOAL odom=(0.08,0.10,-0.32) goal=none tracking_setpoint_enu=(0.08,0.10,0.78) setpoint_ned=none yaw(desired/cmd/rate)=(0.00/0.00/0.00) cross_track=0.00 frame_id=px4_ned path_points=0 odom_source=/mavros/local_position/odom cloud_source=none mavros_connected=true
[offboard_waypoint_node-1] [INFO] [1786262326.553460434] [offboard_waypoint_node]: [CONTROL_ARBITER] selected_source=safety_hold state=IDLE_HOLD
[offboard_waypoint_node-1] [INFO] [1786262326.903378664] [offboard_waypoint_node]: [HOLD_ERROR] position_error=0.187 velocity=0.047 state=IDLE_HOLD
[ego_planner_node-10] [FSM]: state: WAIT_TARGET
[ego_planner_node-10] wait for goal or trigger.
[super_planner_ros2_node-6] [INFO] [1786262327.320466297] [super_planner_ros2_node]: SUPER_ROS2 mode=IDLE enable_output=false reason=NO_GOAL odom=(0.11,0.13,-0.33) goal=none tracking_setpoint_enu=(0.11,0.13,0.78) setpoint_ned=none yaw(desired/cmd/rate)=(0.00/0.00/0.00) cross_track=0.00 frame_id=px4_ned path_points=0 odom_source=/mavros/local_position/odom cloud_source=none mavros_connected=true
[offboard_waypoint_node-1] [INFO] [1786262327.603362251] [offboard_waypoint_node]: [CONTROL_ARBITER] selected_source=safety_hold state=IDLE_HOLD
[offboard_waypoint_node-1] [INFO] [1786262327.903398754] [offboard_waypoint_node]: [HOLD_ERROR] position_error=0.197 velocity=0.014 state=IDLE_HOLD
[ego_planner_node-10] [FSM]: state: WAIT_TARGET
[ego_planner_node-10] wait for goal or trigger.
[super_planner_ros2_node-6] [INFO] [1786262328.320503924] [super_planner_ros2_node]: SUPER_ROS2 mode=IDLE enable_output=false reason=NO_GOAL odom=(0.11,0.13,-0.34) goal=none tracking_setpoint_enu=(0.11,0.13,0.78) setpoint_ned=none yaw(desired/cmd/rate)=(0.00/0.00/0.00) cross_track=0.00 frame_id=px4_ned path_points=0 odom_source=/mavros/local_position/odom cloud_source=none mavros_connected=true
[offboard_waypoint_node-1] [INFO] [1786262328.603399537] [offboard_waypoint_node]: [CONTROL_ARBITER] selected_source=safety_hold state=IDLE_HOLD
[offboard_waypoint_node-1] [INFO] [1786262328.903426754] [offboard_waypoint_node]: [HOLD_ERROR] position_error=0.195 velocity=0.016 state=IDLE_HOLD
[ego_planner_node-10] [FSM]: state: WAIT_TARGET
[ego_planner_node-10] wait for goal or trigger.
[super_planner_ros2_node-6] [INFO] [1786262329.320557387] [super_planner_ros2_node]: SUPER_ROS2 mode=IDLE enable_output=false reason=NO_GOAL odom=(0.11,0.13,-0.34) goal=none tracking_setpoint_enu=(0.11,0.13,0.78) setpoint_ned=none yaw(desired/cmd/rate)=(0.00/0.00/0.00) cross_track=0.00 frame_id=px4_ned path_points=0 odom_source=/mavros/local_position/odom cloud_source=none mavros_connected=true
[offboard_waypoint_node-1] [INFO] [1786262329.603477247] [offboard_waypoint_node]: [CONTROL_ARBITER] selected_source=safety_hold state=IDLE_HOLD
[offboard_waypoint_node-1] [INFO] [1786262329.903454671] [offboard_waypoint_node]: [HOLD_ERROR] position_error=0.195 velocity=0.016 state=IDLE_HOLD
[ego_planner_node-10] [FSM]: state: WAIT_TARGET
[ego_planner_node-10] wait for goal or trigger.
[super_planner_ros2_node-6] [INFO] [1786262330.320621834] [super_planner_ros2_node]: SUPER_ROS2 mode=NO_ODOM enable_output=false reason=NO_ODOM odom=(0.11,0.13,-0.34) goal=none tracking_setpoint_enu=(0.11,0.13,0.78) setpoint_ned=none yaw(desired/cmd/rate)=(0.00/0.00/0.00) cross_track=0.00 frame_id=px4_ned path_points=0 odom_source=/mavros/local_position/odom cloud_source=none mavros_connected=true
[offboard_waypoint_node-1] [INFO] [1786262330.603496135] [offboard_waypoint_node]: [CONTROL_ARBITER] selected_source=safety_hold state=IDLE_HOLD
[offboard_waypoint_node-1] [INFO] [1786262330.903825878] [offboard_waypoint_node]: [HOLD_ERROR] position_error=0.195 velocity=0.016 state=IDLE_HOLD
[ego_planner_node-10] [FSM]: state: WAIT_TARGET
[ego_planner_node-10] wait for goal or trigger.
[super_planner_ros2_node-6] [INFO] [1786262331.320625343] [super_planner_ros2_node]: SUPER_ROS2 mode=NO_ODOM enable_output=false reason=NO_ODOM odom=(0.11,0.13,-0.34) goal=none tracking_setpoint_enu=(0.11,0.13,0.78) setpoint_ned=none yaw(desired/cmd/rate)=(0.00/0.00/0.00) cross_track=0.00 frame_id=px4_ned path_points=0 odom_source=/mavros/local_position/odom cloud_source=none mavros_connected=true
[offboard_waypoint_node-1] [INFO] [1786262331.603540221] [offboard_waypoint_node]: [CONTROL_ARBITER] selected_source=safety_hold state=IDLE_HOLD
[offboard_waypoint_node-1] [INFO] [1786262331.953550380] [offboard_waypoint_node]: [HOLD_ERROR] position_error=0.195 velocity=0.016 state=IDLE_HOLD
[fastlio_bridge_node-2] [INFO] [1786262332.002694092] [fastlio_bridge_node]: 已桥接并转换里程计: ENU(0.02, -0.00, -0.02) -> NED(-0.02, -0.00, 0.02)
[fastlio_bridge_node-2] [INFO] [1786262332.011515465] [fastlio_bridge_node]: 已桥接并转换里程计: ENU(0.02, -0.00, -0.02) -> NED(-0.02, -0.00, 0.02)
[fastlio_bridge_node-2] [INFO] [1786262332.022106730] [fastlio_bridge_node]: 已桥接并转换里程计: ENU(0.02, -0.00, -0.02) -> NED(-0.02, -0.00, 0.02)
[fastlio_bridge_node-2] [INFO] [1786262332.043574092] [fastlio_bridge_node]: 已桥接并转换里程计: ENU(0.03, -0.00, -0.02) -> NED(-0.03, -0.00, 0.02)
[ego_planner_node-10] [FSM]: state: WAIT_TARGET
[ego_planner_node-10] wait for goal or trigger.
[super_planner_ros2_node-6] [INFO] [1786262332.320629523] [super_planner_ros2_node]: SUPER_ROS2 mode=NO_ODOM enable_output=false reason=NO_ODOM odom=(0.11,0.13,-0.34) goal=none tracking_setpoint_enu=(0.11,0.13,0.78) setpoint_ned=none yaw(desired/cmd/rate)=(0.00/0.00/0.00) cross_track=0.00 frame_id=px4_ned path_points=0 odom_source=/mavros/local_position/odom cloud_source=none mavros_connected=true
[offboard_waypoint_node-1] [INFO] [1786262332.603553319] [offboard_waypoint_node]: [CONTROL_ARBITER] selected_source=safety_hold state=IDLE_HOLD
[offboard_waypoint_node-1] [INFO] [1786262332.953565343] [offboard_waypoint_node]: [HOLD_ERROR] position_error=0.195 velocity=0.016 state=IDLE_HOLD
[ego_planner_node-10] [FSM]: state: WAIT_TARGET
[ego_planner_node-10] wait for goal or trigger.
[super_planner_ros2_node-6] [INFO] [1786262333.320696715] [super_planner_ros2_node]: SUPER_ROS2 mode=NO_ODOM enable_output=false reason=NO_ODOM odom=(0.11,0.13,-0.34) goal=none tracking_setpoint_enu=(0.11,0.13,0.78) setpoint_ned=none yaw(desired/cmd/rate)=(0.00/0.00/0.00) cross_track=0.00 frame_id=px4_ned path_points=0 odom_source=/mavros/local_position/odom cloud_source=none mavros_connected=true
[offboard_waypoint_node-1] [INFO] [1786262333.603626313] [offboard_waypoint_node]: [CONTROL_ARBITER] selected_source=safety_hold state=IDLE_HOLD
[offboard_waypoint_node-1] [INFO] [1786262333.953578334] [offboard_waypoint_node]: [HOLD_ERROR] position_error=0.195 velocity=0.016 state=IDLE_HOLD
[fastlio_bridge_node-2] [INFO] [1786262334.043521598] [fastlio_bridge_node]: 已桥接并转换里程计: ENU(0.01, 0.01, -0.03) -> NED(-0.01, 0.01, 0.03)
[ego_planner_node-10] [FSM]: state: WAIT_TARGET
[ego_planner_node-10] wait for goal or trigger.
[super_planner_ros2_node-6] [INFO] [1786262334.320798126] [super_planner_ros2_node]: SUPER_ROS2 mode=NO_ODOM enable_output=false reason=NO_ODOM odom=(0.11,0.13,-0.34) goal=none tracking_setpoint_enu=(0.11,0.13,0.78) setpoint_ned=none yaw(desired/cmd/rate)=(0.00/0.00/0.00) cross_track=0.00 frame_id=px4_ned path_points=0 odom_source=/mavros/local_position/odom cloud_source=none mavros_connected=true
[offboard_waypoint_node-1] [INFO] [1786262334.603633497] [offboard_waypoint_node]: [CONTROL_ARBITER] selected_source=safety_hold state=IDLE_HOLD
[offboard_waypoint_node-1] [INFO] [1786262334.953685431] [offboard_waypoint_node]: [HOLD_ERROR] position_error=0.195 velocity=0.016 state=IDLE_HOLD
[ego_planner_node-10] [FSM]: state: WAIT_TARGET
[ego_planner_node-10] wait for goal or trigger.
[super_planner_ros2_node-6] [INFO] [1786262335.370822978] [super_planner_ros2_node]: SUPER_ROS2 mode=NO_ODOM enable_output=false reason=NO_ODOM odom=(0.11,0.13,-0.34) goal=none tracking_setpoint_enu=(0.11,0.13,0.78) setpoint_ned=none yaw(desired/cmd/rate)=(0.00/0.00/0.00) cross_track=0.00 frame_id=px4_ned path_points=0 odom_source=/mavros/local_position/odom cloud_source=none mavros_connected=true
[offboard_waypoint_node-1] [INFO] [1786262335.603803446] [offboard_waypoint_node]: [CONTROL_ARBITER] selected_source=safety_hold state=IDLE_HOLD
[offboard_waypoint_node-1] [INFO] [1786262336.003658967] [offboard_waypoint_node]: [HOLD_ERROR] position_error=0.442 velocity=0.015 state=IDLE_HOLD
[ego_planner_node-10] [FSM]: state: WAIT_TARGET
[ego_planner_node-10] wait for goal or trigger.
[super_planner_ros2_node-6] [INFO] [1786262336.420803275] [super_planner_ros2_node]: SUPER_ROS2 mode=IDLE enable_output=false reason=NO_GOAL odom=(-0.01,0.00,-0.01) goal=none tracking_setpoint_enu=(-0.01,0.00,0.78) setpoint_ned=none yaw(desired/cmd/rate)=(0.00/0.00/0.00) cross_track=0.00 frame_id=px4_ned path_points=0 odom_source=/mavros/local_position/odom cloud_source=none mavros_connected=true
[offboard_waypoint_node-1] [INFO] [1786262336.653671150] [offboard_waypoint_node]: [CONTROL_ARBITER] selected_source=safety_hold state=IDLE_HOLD
[offboard_waypoint_node-1] [INFO] [1786262337.003941431] [offboard_waypoint_node]: [HOLD_ERROR] position_error=0.435 velocity=0.004 state=IDLE_HOLD
[ego_planner_node-10] [FSM]: state: WAIT_TARGET
[ego_planner_node-10] wait for goal or trigger.
[super_planner_ros2_node-6] [INFO] [1786262337.420806292] [super_planner_ros2_node]: SUPER_ROS2 mode=IDLE enable_output=false reason=NO_GOAL odom=(0.00,0.00,-0.01) goal=none tracking_setpoint_enu=(0.00,0.00,0.78) setpoint_ned=none yaw(desired/cmd/rate)=(0.00/0.00/0.00) cross_track=0.00 frame_id=px4_ned path_points=0 odom_source=/mavros/local_position/odom cloud_source=none mavros_connected=true
[offboard_waypoint_node-1] [INFO] [1786262337.653800556] [offboard_waypoint_node]: [CONTROL_ARBITER] selected_source=safety_hold state=IDLE_HOLD
[offboard_waypoint_node-1] [INFO] [1786262338.053749098] [offboard_waypoint_node]: [HOLD_ERROR] position_error=0.436 velocity=0.006 state=IDLE_HOLD
[fastlio_bridge_node-2] [INFO] [1786262338.092696971] [fastlio_bridge_node]: 已桥接并转换里程计: ENU(0.01, 0.01, -0.02) -> NED(-0.01, 0.01, 0.02)
[ego_planner_node-10] [FSM]: state: WAIT_TARGET
[ego_planner_node-10] wait for goal or trigger.
[super_planner_ros2_node-6] [INFO] [1786262338.420895458] [super_planner_ros2_node]: SUPER_ROS2 mode=IDLE enable_output=false reason=NO_GOAL odom=(0.00,0.00,-0.01) goal=none tracking_setpoint_enu=(0.00,0.00,0.78) setpoint_ned=none yaw(desired/cmd/rate)=(0.00/0.00/0.00) cross_track=0.00 frame_id=px4_ned path_points=0 odom_source=/mavros/local_position/odom cloud_source=none mavros_connected=true
[offboard_waypoint_node-1] [INFO] [1786262338.653888929] [offboard_waypoint_node]: [CONTROL_ARBITER] selected_source=safety_hold state=IDLE_HOLD
[offboard_waypoint_node-1] [INFO] [1786262339.054021993] [offboard_waypoint_node]: [HOLD_ERROR] position_error=0.443 velocity=0.004 state=IDLE_HOLD
[ego_planner_node-10] [FSM]: state: WAIT_TARGET
[ego_planner_node-10] wait for goal or trigger.
[super_planner_ros2_node-6] [INFO] [1786262339.420900596] [super_planner_ros2_node]: SUPER_ROS2 mode=IDLE enable_output=false reason=NO_GOAL odom=(0.00,-0.00,-0.00) goal=none tracking_setpoint_enu=(0.00,-0.00,0.78) setpoint_ned=none yaw(desired/cmd/rate)=(0.00/0.00/0.00) cross_track=0.00 frame_id=px4_ned path_points=0 odom_source=/mavros/local_position/odom cloud_source=none mavros_connected=true
[offboard_waypoint_node-1] [INFO] [1786262339.703775555] [offboard_waypoint_node]: [CONTROL_ARBITER] selected_source=safety_hold state=IDLE_HOLD
[fastlio_bridge_node-2] [INFO] [1786262340.013036461] [fastlio_bridge_node]: 已桥接并转换里程计: ENU(0.01, 0.01, -0.02) -> NED(-0.01, 0.01, 0.02)
[offboard_waypoint_node-1] [INFO] [1786262340.103854385] [offboard_waypoint_node]: [HOLD_ERROR] position_error=0.447 velocity=0.006 state=IDLE_HOLD
[ego_planner_node-10] [FSM]: state: WAIT_TARGET
[ego_planner_node-10] wait for goal or trigger.
[super_planner_ros2_node-6] [INFO] [1786262340.420950818] [super_planner_ros2_node]: SUPER_ROS2 mode=IDLE enable_output=false reason=NO_GOAL odom=(0.00,-0.00,-0.00) goal=none tracking_setpoint_enu=(0.00,-0.00,0.78) setpoint_ned=none yaw(desired/cmd/rate)=(0.00/0.00/0.00) cross_track=0.00 frame_id=px4_ned path_points=0 odom_source=/mavros/local_position/odom cloud_source=none mavros_connected=true
[offboard_waypoint_node-1] [INFO] [1786262340.703914155] [offboard_waypoint_node]: [CONTROL_ARBITER] selected_source=safety_hold state=IDLE_HOLD
[offboard_waypoint_node-1] [INFO] [1786262341.153846844] [offboard_waypoint_node]: [HOLD_ERROR] position_error=0.445 velocity=0.008 state=IDLE_HOLD
[ego_planner_node-10] [FSM]: state: WAIT_TARGET
[ego_planner_node-10] wait for goal or trigger.
[super_planner_ros2_node-6] [INFO] [1786262341.420978717] [super_planner_ros2_node]: SUPER_ROS2 mode=IDLE enable_output=false reason=NO_GOAL odom=(0.00,-0.00,-0.00) goal=none tracking_setpoint_enu=(0.00,-0.00,0.78) setpoint_ned=none yaw(desired/cmd/rate)=(0.00/0.00/0.00) cross_track=0.00 frame_id=px4_ned path_points=0 odom_source=/mavros/local_position/odom cloud_source=none mavros_connected=true
[offboard_waypoint_node-1] [INFO] [1786262341.753850694] [offboard_waypoint_node]: [CONTROL_ARBITER] selected_source=safety_hold state=IDLE_HOLD
[offboard_waypoint_node-1] [INFO] [1786262342.153986334] [offboard_waypoint_node]: [HOLD_ERROR] position_error=0.439 velocity=0.009 state=IDLE_HOLD
[ego_planner_node-10] [FSM]: state: WAIT_TARGET
[ego_planner_node-10] wait for goal or trigger.
[super_planner_ros2_node-6] [INFO] [1786262342.420980635] [super_planner_ros2_node]: SUPER_ROS2 mode=IDLE enable_output=false reason=NO_GOAL odom=(0.00,-0.00,-0.01) goal=none tracking_setpoint_enu=(0.00,-0.00,0.78) setpoint_ned=none yaw(desired/cmd/rate)=(0.00/0.00/0.00) cross_track=0.00 frame_id=px4_ned path_points=0 odom_source=/mavros/local_position/odom cloud_source=none mavros_connected=true
[offboard_waypoint_node-1] [INFO] [1786262342.753979729] [offboard_waypoint_node]: [CONTROL_ARBITER] selected_source=safety_hold state=IDLE_HOLD
[offboard_waypoint_node-1] [INFO] [1786262343.203900120] [offboard_waypoint_node]: [HOLD_ERROR] position_error=0.430 velocity=0.005 state=IDLE_HOLD
[ego_planner_node-10] [FSM]: state: WAIT_TARGET
[ego_planner_node-10] wait for goal or trigger.
[super_planner_ros2_node-6] [INFO] [1786262343.421199415] [super_planner_ros2_node]: SUPER_ROS2 mode=IDLE enable_output=false reason=NO_GOAL odom=(0.00,-0.00,-0.02) goal=none tracking_setpoint_enu=(0.00,-0.00,0.78) setpoint_ned=none yaw(desired/cmd/rate)=(0.00/0.00/0.00) cross_track=0.00 frame_id=px4_ned path_points=0 odom_source=/mavros/local_position/odom cloud_source=none mavros_connected=true
[offboard_waypoint_node-1] [INFO] [1786262343.753996928] [offboard_waypoint_node]: [CONTROL_ARBITER] selected_source=safety_hold state=IDLE_HOLD
[fastlio_bridge_node-2] [INFO] [1786262344.084081677] [fastlio_bridge_node]: 已桥接并转换里程计: ENU(0.02, 0.01, -0.02) -> NED(-0.02, 0.01, 0.02)
[fastlio_bridge_node-2] [INFO] [1786262344.086498846] [fastlio_bridge_node]: 已桥接并转换里程计: ENU(0.02, 0.01, -0.02) -> NED(-0.02, 0.01, 0.02)
[offboard_waypoint_node-1] [INFO] [1786262344.203930954] [offboard_waypoint_node]: [HOLD_ERROR] position_error=0.423 velocity=0.005 state=IDLE_HOLD
[ego_planner_node-10] [FSM]: state: WAIT_TARGET
[ego_planner_node-10] wait for goal or trigger.
[super_planner_ros2_node-6] [INFO] [1786262344.471046194] [super_planner_ros2_node]: SUPER_ROS2 mode=IDLE enable_output=false reason=NO_GOAL odom=(-0.00,-0.00,-0.02) goal=none tracking_setpoint_enu=(-0.00,-0.00,0.78) setpoint_ned=none yaw(desired/cmd/rate)=(0.00/0.00/0.00) cross_track=0.00 frame_id=px4_ned path_points=0 odom_source=/mavros/local_position/odom cloud_source=none mavros_connected=true
[offboard_waypoint_node-1] [INFO] [1786262344.803939837] [offboard_waypoint_node]: [CONTROL_ARBITER] selected_source=safety_hold state=IDLE_HOLD
[offboard_waypoint_node-1] [INFO] [1786262345.203938508] [offboard_waypoint_node]: [HOLD_ERROR] position_error=0.421 velocity=0.004 state=IDLE_HOLD
[ego_planner_node-10] [FSM]: state: WAIT_TARGET
[ego_planner_node-10] wait for goal or trigger.
[super_planner_ros2_node-6] [INFO] [1786262345.471144767] [super_planner_ros2_node]: SUPER_ROS2 mode=IDLE enable_output=false reason=NO_GOAL odom=(0.00,0.00,-0.03) goal=none tracking_setpoint_enu=(0.00,0.00,0.78) setpoint_ned=none yaw(desired/cmd/rate)=(0.00/0.00/0.00) cross_track=0.00 frame_id=px4_ned path_points=0 odom_source=/mavros/local_position/odom cloud_source=none mavros_connected=true
[offboard_waypoint_node-1] [INFO] [1786262345.803972711] [offboard_waypoint_node]: [CONTROL_ARBITER] selected_source=safety_hold state=IDLE_HOLD
[offboard_waypoint_node-1] [INFO] [1786262346.203991431] [offboard_waypoint_node]: [HOLD_ERROR] position_error=0.423 velocity=0.003 state=IDLE_HOLD
[ego_planner_node-10] [FSM]: state: WAIT_TARGET
[ego_planner_node-10] wait for goal or trigger.
[super_planner_ros2_node-6] [INFO] [1786262346.521111484] [super_planner_ros2_node]: SUPER_ROS2 mode=IDLE enable_output=false reason=NO_GOAL odom=(0.00,0.00,-0.02) goal=none tracking_setpoint_enu=(0.00,0.00,0.78) setpoint_ned=none yaw(desired/cmd/rate)=(0.00/0.00/0.00) cross_track=0.00 frame_id=px4_ned path_points=0 odom_source=/mavros/local_position/odom cloud_source=none mavros_connected=true
[mapping_manager_node-5] [INFO] [1786262346.556066940] [mapping_manager_node]: Mapping status: in_flight=false, map_loaded=false, map_saved=false
[offboard_waypoint_node-1] [INFO] [1786262346.804040691] [offboard_waypoint_node]: [CONTROL_ARBITER] selected_source=safety_hold state=IDLE_HOLD
[offboard_waypoint_node-1] [INFO] [1786262347.206791383] [offboard_waypoint_node]: [HOLD_ERROR] position_error=0.427 velocity=0.009 state=IDLE_HOLD
[ego_planner_node-10] [FSM]: state: WAIT_TARGET
[ego_planner_node-10] wait for goal or trigger.
[super_planner_ros2_node-6] [INFO] [1786262347.521156301] [super_planner_ros2_node]: SUPER_ROS2 mode=IDLE enable_output=false reason=NO_GOAL odom=(0.00,-0.00,-0.02) goal=none tracking_setpoint_enu=(0.00,-0.00,0.78) setpoint_ned=none yaw(desired/cmd/rate)=(0.00/0.00/0.00) cross_track=0.00 frame_id=px4_ned path_points=0 odom_source=/mavros/local_position/odom cloud_source=none mavros_connected=true
[offboard_waypoint_node-1] [INFO] [1786262347.804068939] [offboard_waypoint_node]: [CONTROL_ARBITER] selected_source=safety_hold state=IDLE_HOLD
[fastlio_bridge_node-2] [INFO] [1786262348.002283227] [fastlio_bridge_node]: 已桥接并转换里程计: ENU(0.01, 0.01, -0.02) -> NED(-0.01, 0.01, 0.02)
[offboard_waypoint_node-1] [INFO] [1786262348.254068404] [offboard_waypoint_node]: [HOLD_ERROR] position_error=0.432 velocity=0.003 state=IDLE_HOLD
[ego_planner_node-10] [FSM]: state: WAIT_TARGET
[ego_planner_node-10] wait for goal or trigger.
[super_planner_ros2_node-6] [INFO] [1786262348.521436440] [super_planner_ros2_node]: SUPER_ROS2 mode=IDLE enable_output=false reason=NO_GOAL odom=(0.00,-0.00,-0.01) goal=none tracking_setpoint_enu=(0.00,-0.00,0.78) setpoint_ned=none yaw(desired/cmd/rate)=(0.00/0.00/0.00) cross_track=0.00 frame_id=px4_ned path_points=0 odom_source=/mavros/local_position/odom cloud_source=none mavros_connected=true
[offboard_waypoint_node-1] [INFO] [1786262348.804112863] [offboard_waypoint_node]: [CONTROL_ARBITER] selected_source=safety_hold state=IDLE_HOLD
[offboard_waypoint_node-1] [INFO] [1786262349.254127147] [offboard_waypoint_node]: [HOLD_ERROR] position_error=0.438 velocity=0.005 state=IDLE_HOLD
[ego_planner_node-10] [FSM]: state: WAIT_TARGET
[ego_planner_node-10] wait for goal or trigger.
[super_planner_ros2_node-6] [INFO] [1786262349.571242553] [super_planner_ros2_node]: SUPER_ROS2 mode=IDLE enable_output=false reason=NO_GOAL odom=(-0.00,0.00,-0.01) goal=none tracking_setpoint_enu=(-0.00,0.00,0.78) setpoint_ned=none yaw(desired/cmd/rate)=(0.00/0.00/0.00) cross_track=0.00 frame_id=px4_ned path_points=0 odom_source=/mavros/local_position/odom cloud_source=none mavros_connected=true
[offboard_waypoint_node-1] [INFO] [1786262349.804155237] [offboard_waypoint_node]: [CONTROL_ARBITER] selected_source=safety_hold state=IDLE_HOLD
[fastlio_bridge_node-2] [INFO] [1786262350.001384588] [fastlio_bridge_node]: 已桥接并转换里程计: ENU(0.02, 0.02, -0.02) -> NED(-0.02, 0.02, 0.02)
[fastlio_bridge_node-2] [INFO] [1786262350.011638768] [fastlio_bridge_node]: 已桥接并转换里程计: ENU(0.02, 0.02, -0.02) -> NED(-0.02, 0.02, 0.02)
[fastlio_bridge_node-2] [INFO] [1786262350.022050564] [fastlio_bridge_node]: 已桥接并转换里程计: ENU(0.02, 0.02, -0.02) -> NED(-0.02, 0.02, 0.02)
[fastlio_bridge_node-2] [INFO] [1786262350.032468643] [fastlio_bridge_node]: 已桥接并转换里程计: ENU(0.02, 0.02, -0.02) -> NED(-0.02, 0.02, 0.02)
[offboard_waypoint_node-1] [INFO] [1786262350.255096358] [offboard_waypoint_node]: [HOLD_ERROR] position_error=0.445 velocity=0.005 state=IDLE_HOLD
[ego_planner_node-10] [FSM]: state: WAIT_TARGET
[ego_planner_node-10] wait for goal or trigger.
[super_planner_ros2_node-6] [INFO] [1786262350.571302387] [super_planner_ros2_node]: SUPER_ROS2 mode=IDLE enable_output=false reason=NO_GOAL odom=(-0.00,0.00,0.00) goal=none tracking_setpoint_enu=(-0.00,0.00,0.78) setpoint_ned=none yaw(desired/cmd/rate)=(0.00/0.00/0.00) cross_track=0.00 frame_id=px4_ned path_points=0 odom_source=/mavros/local_position/odom cloud_source=none mavros_connected=true
[offboard_waypoint_node-1] [INFO] [1786262350.804240822] [offboard_waypoint_node]: [CONTROL_ARBITER] selected_source=safety_hold state=IDLE_HOLD
[offboard_waypoint_node-1] [INFO] [1786262351.448735807] [offboard_waypoint_node]: [HOLD_ERROR] position_error=0.456 velocity=0.003 state=IDLE_HOLD
[ego_planner_node-10] [FSM]: state: WAIT_TARGET
[ego_planner_node-10] wait for goal or trigger.
[super_planner_ros2_node-6] [INFO] [1786262351.621269740] [super_planner_ros2_node]: SUPER_ROS2 mode=IDLE enable_output=false reason=NO_GOAL odom=(0.00,0.00,0.01) goal=none tracking_setpoint_enu=(0.00,0.00,0.78) setpoint_ned=none yaw(desired/cmd/rate)=(0.00/0.00/0.00) cross_track=0.00 frame_id=px4_ned path_points=0 odom_source=/mavros/local_position/odom cloud_source=none mavros_connected=true
[offboard_waypoint_node-1] [INFO] [1786262351.854359706] [offboard_waypoint_node]: [CONTROL_ARBITER] selected_source=safety_hold state=IDLE_HOLD
[offboard_waypoint_node-1] [INFO] [1786262352.454235271] [offboard_waypoint_node]: [HOLD_ERROR] position_error=0.473 velocity=0.009 state=IDLE_HOLD
[ego_planner_node-10] [FSM]: state: WAIT_TARGET
[ego_planner_node-10] wait for goal or trigger.
[super_planner_ros2_node-6] [INFO] [1786262352.621368271] [super_planner_ros2_node]: SUPER_ROS2 mode=IDLE enable_output=false reason=NO_GOAL odom=(0.00,0.00,0.03) goal=none tracking_setpoint_enu=(0.00,0.00,0.78) setpoint_ned=none yaw(desired/cmd/rate)=(0.00/0.00/0.00) cross_track=0.00 frame_id=px4_ned path_points=0 odom_source=/mavros/local_position/odom cloud_source=none mavros_connected=true
[offboard_waypoint_node-1] [INFO] [1786262352.904329969] [offboard_waypoint_node]: [CONTROL_ARBITER] selected_source=safety_hold state=IDLE_HOLD
[offboard_waypoint_node-1] [INFO] [1786262353.504232493] [offboard_waypoint_node]: [HOLD_ERROR] position_error=0.486 velocity=0.001 state=IDLE_HOLD
[ego_planner_node-10] [FSM]: state: WAIT_TARGET
[ego_planner_node-10] wait for goal or trigger.
[super_planner_ros2_node-6] [INFO] [1786262353.621419151] [super_planner_ros2_node]: SUPER_ROS2 mode=IDLE enable_output=false reason=NO_GOAL odom=(0.00,-0.00,0.04) goal=none tracking_setpoint_enu=(0.00,-0.00,0.78) setpoint_ned=none yaw(desired/cmd/rate)=(0.00/0.00/0.00) cross_track=0.00 frame_id=px4_ned path_points=0 odom_source=/mavros/local_position/odom cloud_source=none mavros_connected=true
[offboard_waypoint_node-1] [INFO] [1786262353.954267561] [offboard_waypoint_node]: [CONTROL_ARBITER] selected_source=safety_hold state=IDLE_HOLD
[fastlio_bridge_node-2] [INFO] [1786262354.012244210] [fastlio_bridge_node]: 已桥接并转换里程计: ENU(0.01, 0.01, -0.02) -> NED(-0.01, 0.01, 0.02)
[fastlio_bridge_node-2] [INFO] [1786262354.092578145] [fastlio_bridge_node]: 已桥接并转换里程计: ENU(0.02, 0.02, -0.02) -> NED(-0.02, 0.02, 0.02)
[offboard_waypoint_node-1] [INFO] [1786262354.504273433] [offboard_waypoint_node]: [HOLD_ERROR] position_error=0.495 velocity=0.003 state=IDLE_HOLD
[ego_planner_node-10] [FSM]: state: WAIT_TARGET
[ego_planner_node-10] wait for goal or trigger.
[super_planner_ros2_node-6] [INFO] [1786262354.671359095] [super_planner_ros2_node]: SUPER_ROS2 mode=IDLE enable_output=false reason=NO_GOAL odom=(-0.00,-0.00,0.05) goal=none tracking_setpoint_enu=(-0.00,-0.00,0.78) setpoint_ned=none yaw(desired/cmd/rate)=(0.00/0.00/0.00) cross_track=0.00 frame_id=px4_ned path_points=0 odom_source=/mavros/local_position/odom cloud_source=none mavros_connected=true
[offboard_waypoint_node-1] [INFO] [1786262354.954274551] [offboard_waypoint_node]: [CONTROL_ARBITER] selected_source=safety_hold state=IDLE_HOLD
[offboard_waypoint_node-1] [INFO] [1786262355.504297773] [offboard_waypoint_node]: [HOLD_ERROR] position_error=0.507 velocity=0.004 state=IDLE_HOLD
[ego_planner_node-10] [FSM]: state: WAIT_TARGET
[ego_planner_node-10] wait for goal or trigger.
[super_planner_ros2_node-6] [INFO] [1786262355.671412061] [super_planner_ros2_node]: SUPER_ROS2 mode=IDLE enable_output=false reason=NO_GOAL odom=(-0.00,0.00,0.06) goal=none tracking_setpoint_enu=(-0.00,0.00,0.78) setpoint_ned=none yaw(desired/cmd/rate)=(0.00/0.00/0.00) cross_track=0.00 frame_id=px4_ned path_points=0 odom_source=/mavros/local_position/odom cloud_source=none mavros_connected=true
[offboard_waypoint_node-1] [INFO] [1786262355.954288702] [offboard_waypoint_node]: [CONTROL_ARBITER] selected_source=safety_hold state=IDLE_HOLD
[fastlio_bridge_node-2] [INFO] [1786262356.012384822] [fastlio_bridge_node]: 已桥接并转换里程计: ENU(0.02, 0.02, -0.02) -> NED(-0.02, 0.02, 0.02)
[fastlio_bridge_node-2] [INFO] [1786262356.021598360] [fastlio_bridge_node]: 已桥接并转换里程计: ENU(0.02, 0.01, -0.02) -> NED(-0.02, 0.01, 0.02)
[fastlio_bridge_node-2] [INFO] [1786262356.072259077] [fastlio_bridge_node]: 已桥接并转换里程计: ENU(0.02, 0.01, -0.02) -> NED(-0.02, 0.01, 0.02)
[offboard_waypoint_node-1] [INFO] [1786262356.504318800] [offboard_waypoint_node]: [HOLD_ERROR] position_error=0.518 velocity=0.003 state=IDLE_HOLD
[ego_planner_node-10] [FSM]: state: WAIT_TARGET
[ego_planner_node-10] wait for goal or trigger.
[super_planner_ros2_node-6] [INFO] [1786262356.671481584] [super_planner_ros2_node]: SUPER_ROS2 mode=IDLE enable_output=false reason=NO_GOAL odom=(0.00,0.00,0.07) goal=none tracking_setpoint_enu=(0.00,0.00,0.78) setpoint_ned=none yaw(desired/cmd/rate)=(0.00/0.00/0.00) cross_track=0.00 frame_id=px4_ned path_points=0 odom_source=/mavros/local_position/odom cloud_source=none mavros_connected=true
[offboard_waypoint_node-1] [INFO] [1786262356.954350352] [offboard_waypoint_node]: [CONTROL_ARBITER] selected_source=safety_hold state=IDLE_HOLD
[offboard_waypoint_node-1] [INFO] [1786262357.504364043] [offboard_waypoint_node]: [HOLD_ERROR] position_error=0.528 velocity=0.001 state=IDLE_HOLD
[ego_planner_node-10] [FSM]: state: WAIT_TARGET
[ego_planner_node-10] wait for goal or trigger.
[super_planner_ros2_node-6] [INFO] [1786262357.721542286] [super_planner_ros2_node]: SUPER_ROS2 mode=IDLE enable_output=false reason=NO_GOAL odom=(0.00,-0.00,0.08) goal=none tracking_setpoint_enu=(0.00,-0.00,0.78) setpoint_ned=none yaw(desired/cmd/rate)=(0.00/0.00/0.00) cross_track=0.00 frame_id=px4_ned path_points=0 odom_source=/mavros/local_position/odom cloud_source=none mavros_connected=true
[fastlio_bridge_node-2] [INFO] [1786262358.004157320] [fastlio_bridge_node]: 已桥接并转换里程计: ENU(0.02, 0.02, -0.03) -> NED(-0.02, 0.02, 0.03)
[offboard_waypoint_node-1] [INFO] [1786262358.004522745] [offboard_waypoint_node]: [CONTROL_ARBITER] selected_source=safety_hold state=IDLE_HOLD
[offboard_waypoint_node-1] [INFO] [1786262358.554371463] [offboard_waypoint_node]: [HOLD_ERROR] position_error=0.535 velocity=0.001 state=IDLE_HOLD
[ego_planner_node-10] [FSM]: state: WAIT_TARGET
[ego_planner_node-10] wait for goal or trigger.
[super_planner_ros2_node-6] [INFO] [1786262358.721568232] [super_planner_ros2_node]: SUPER_ROS2 mode=IDLE enable_output=false reason=NO_GOAL odom=(-0.00,-0.00,0.09) goal=none tracking_setpoint_enu=(-0.00,-0.00,0.78) setpoint_ned=none yaw(desired/cmd/rate)=(0.00/0.00/0.00) cross_track=0.00 frame_id=px4_ned path_points=0 odom_source=/mavros/local_position/odom cloud_source=none mavros_connected=true
[offboard_waypoint_node-1] [INFO] [1786262359.054460385] [offboard_waypoint_node]: [CONTROL_ARBITER] selected_source=safety_hold state=IDLE_HOLD
[offboard_waypoint_node-1] [INFO] [1786262359.554487533] [offboard_waypoint_node]: [HOLD_ERROR] position_error=0.542 velocity=0.005 state=IDLE_HOLD
[ego_planner_node-10] [FSM]: state: WAIT_TARGET
[ego_planner_node-10] wait for goal or trigger.
[super_planner_ros2_node-6] [INFO] [1786262359.721661554] [super_planner_ros2_node]: SUPER_ROS2 mode=IDLE enable_output=false reason=NO_GOAL odom=(-0.00,0.00,0.10) goal=none tracking_setpoint_enu=(-0.00,0.00,0.78) setpoint_ned=none yaw(desired/cmd/rate)=(0.00/0.00/0.00) cross_track=0.00 frame_id=px4_ned path_points=0 odom_source=/mavros/local_position/odom cloud_source=none mavros_connected=true
[offboard_waypoint_node-1] [INFO] [1786262360.054822214] [offboard_waypoint_node]: [CONTROL_ARBITER] selected_source=safety_hold state=IDLE_HOLD
[fastlio_bridge_node-2] [INFO] [1786262360.064897320] [fastlio_bridge_node]: 已桥接并转换里程计: ENU(0.02, 0.02, -0.02) -> NED(-0.02, 0.02, 0.02)
[fastlio_bridge_node-2] [INFO] [1786262360.086652953] [fastlio_bridge_node]: 已桥接并转换里程计: ENU(0.02, 0.02, -0.02) -> NED(-0.02, 0.02, 0.02)
[offboard_waypoint_node-1] [INFO] [1786262360.604458889] [offboard_waypoint_node]: [HOLD_ERROR] position_error=0.550 velocity=0.005 state=IDLE_HOLD
[ego_planner_node-10] [FSM]: state: WAIT_TARGET
[ego_planner_node-10] wait for goal or trigger.
[super_planner_ros2_node-6] [INFO] [1786262360.771669748] [super_planner_ros2_node]: SUPER_ROS2 mode=IDLE enable_output=false reason=NO_GOAL odom=(-0.00,-0.00,0.10) goal=none tracking_setpoint_enu=(-0.00,-0.00,0.78) setpoint_ned=none yaw(desired/cmd/rate)=(0.00/0.00/0.00) cross_track=0.00 frame_id=px4_ned path_points=0 odom_source=/mavros/local_position/odom cloud_source=none mavros_connected=true
[offboard_waypoint_node-1] [INFO] [1786262361.104489134] [offboard_waypoint_node]: [CONTROL_ARBITER] selected_source=safety_hold state=IDLE_HOLD
[offboard_waypoint_node-1] [INFO] [1786262361.604490126] [offboard_waypoint_node]: [HOLD_ERROR] position_error=0.557 velocity=0.004 state=IDLE_HOLD
[ego_planner_node-10] [FSM]: state: WAIT_TARGET
[ego_planner_node-10] wait for goal or trigger.
[super_planner_ros2_node-6] [INFO] [1786262361.821683026] [super_planner_ros2_node]: SUPER_ROS2 mode=IDLE enable_output=false reason=NO_GOAL odom=(-0.00,0.00,0.11) goal=none tracking_setpoint_enu=(-0.00,0.00,0.78) setpoint_ned=none yaw(desired/cmd/rate)=(0.00/0.00/0.00) cross_track=0.00 frame_id=px4_ned path_points=0 odom_source=/mavros/local_position/odom cloud_source=none mavros_connected=true
[fastlio_bridge_node-2] [INFO] [1786262362.082820954] [fastlio_bridge_node]: 已桥接并转换里程计: ENU(0.01, 0.02, -0.02) -> NED(-0.01, 0.02, 0.02)
[fastlio_bridge_node-2] [INFO] [1786262362.092924306] [fastlio_bridge_node]: 已桥接并转换里程计: ENU(0.01, 0.02, -0.02) -> NED(-0.01, 0.02, 0.02)
[offboard_waypoint_node-1] [INFO] [1786262362.104515610] [offboard_waypoint_node]: [CONTROL_ARBITER] selected_source=safety_hold state=IDLE_HOLD
[offboard_waypoint_node-1] [INFO] [1786262362.604569450] [offboard_waypoint_node]: [HOLD_ERROR] position_error=0.562 velocity=0.005 state=IDLE_HOLD
[ego_planner_node-10] [FSM]: state: WAIT_TARGET
[ego_planner_node-10] wait for goal or trigger.
[super_planner_ros2_node-6] [INFO] [1786262362.871684398] [super_planner_ros2_node]: SUPER_ROS2 mode=IDLE enable_output=false reason=NO_GOAL odom=(0.00,0.00,0.12) goal=none tracking_setpoint_enu=(0.00,0.00,0.78) setpoint_ned=none yaw(desired/cmd/rate)=(0.00/0.00/0.00) cross_track=0.00 frame_id=px4_ned path_points=0 odom_source=/mavros/local_position/odom cloud_source=none mavros_connected=true
[offboard_waypoint_node-1] [INFO] [1786262363.104547732] [offboard_waypoint_node]: [CONTROL_ARBITER] selected_source=safety_hold state=IDLE_HOLD
[offboard_waypoint_node-1] [INFO] [1786262363.604583318] [offboard_waypoint_node]: [HOLD_ERROR] position_error=0.567 velocity=0.002 state=IDLE_HOLD
[ego_planner_node-10] [FSM]: state: WAIT_TARGET
[ego_planner_node-10] wait for goal or trigger.
[super_planner_ros2_node-6] [INFO] [1786262363.871688912] [super_planner_ros2_node]: SUPER_ROS2 mode=IDLE enable_output=false reason=NO_GOAL odom=(-0.00,-0.00,0.12) goal=none tracking_setpoint_enu=(-0.00,-0.00,0.78) setpoint_ned=none yaw(desired/cmd/rate)=(0.00/0.00/0.00) cross_track=0.00 frame_id=px4_ned path_points=0 odom_source=/mavros/local_position/odom cloud_source=none mavros_connected=true
[offboard_waypoint_node-1] [INFO] [1786262364.104710422] [offboard_waypoint_node]: [CONTROL_ARBITER] selected_source=safety_hold state=IDLE_HOLD
[offboard_waypoint_node-1] [INFO] [1786262364.604590048] [offboard_waypoint_node]: [HOLD_ERROR] position_error=0.569 velocity=0.006 state=IDLE_HOLD
[ego_planner_node-10] [FSM]: state: WAIT_TARGET
[ego_planner_node-10] wait for goal or trigger.
[super_planner_ros2_node-6] [INFO] [1786262364.871694114] [super_planner_ros2_node]: SUPER_ROS2 mode=IDLE enable_output=false reason=NO_GOAL odom=(-0.00,-0.00,0.12) goal=none tracking_setpoint_enu=(-0.00,-0.00,0.78) setpoint_ned=none yaw(desired/cmd/rate)=(0.00/0.00/0.00) cross_track=0.00 frame_id=px4_ned path_points=0 odom_source=/mavros/local_position/odom cloud_source=none mavros_connected=true
[offboard_waypoint_node-1] [INFO] [1786262365.154722244] [offboard_waypoint_node]: [CONTROL_ARBITER] selected_source=safety_hold state=IDLE_HOLD
[offboard_waypoint_node-1] [INFO] [1786262365.604611070] [offboard_waypoint_node]: [HOLD_ERROR] position_error=0.572 velocity=0.009 state=IDLE_HOLD
[ego_planner_node-10] [FSM]: state: WAIT_TARGET
[ego_planner_node-10] wait for goal or trigger.
[super_planner_ros2_node-6] [INFO] [1786262365.871765931] [super_planner_ros2_node]: SUPER_ROS2 mode=IDLE enable_output=false reason=NO_GOAL odom=(-0.00,-0.00,0.13) goal=none tracking_setpoint_enu=(-0.00,-0.00,0.78) setpoint_ned=none yaw(desired/cmd/rate)=(0.00/0.00/0.00) cross_track=0.00 frame_id=px4_ned path_points=0 odom_source=/mavros/local_position/odom cloud_source=none mavros_connected=true
[offboard_waypoint_node-1] [INFO] [1786262366.204778083] [offboard_waypoint_node]: [CONTROL_ARBITER] selected_source=safety_hold state=IDLE_HOLD
[offboard_waypoint_node-1] [INFO] [1786262366.604639234] [offboard_waypoint_node]: [HOLD_ERROR] position_error=0.574 velocity=0.004 state=IDLE_HOLD
[ego_planner_node-10] [FSM]: state: WAIT_TARGET
[ego_planner_node-10] wait for goal or trigger.
[super_planner_ros2_node-6] [INFO] [1786262366.871770472] [super_planner_ros2_node]: SUPER_ROS2 mode=IDLE enable_output=false reason=NO_GOAL odom=(0.00,0.00,0.13) goal=none tracking_setpoint_enu=(0.00,0.00,0.78) setpoint_ned=none yaw(desired/cmd/rate)=(0.00/0.00/0.00) cross_track=0.00 frame_id=px4_ned path_points=0 odom_source=/mavros/local_position/odom cloud_source=none mavros_connected=true
[offboard_waypoint_node-1] [INFO] [1786262367.254687877] [offboard_waypoint_node]: [CONTROL_ARBITER] selected_source=safety_hold state=IDLE_HOLD
[offboard_waypoint_node-1] [INFO] [1786262367.604706338] [offboard_waypoint_node]: [HOLD_ERROR] position_error=0.573 velocity=0.003 state=IDLE_HOLD
[ego_planner_node-10] [FSM]: state: WAIT_TARGET
[ego_planner_node-10] wait for goal or trigger.
[super_planner_ros2_node-6] [INFO] [1786262367.871833105] [super_planner_ros2_node]: SUPER_ROS2 mode=IDLE enable_output=false reason=NO_GOAL odom=(0.00,0.00,0.13) goal=none tracking_setpoint_enu=(0.00,0.00,0.78) setpoint_ned=none yaw(desired/cmd/rate)=(0.00/0.00/0.00) cross_track=0.00 frame_id=px4_ned path_points=0 odom_source=/mavros/local_position/odom cloud_source=none mavros_connected=true
[offboard_waypoint_node-1] [INFO] [1786262368.254741855] [offboard_waypoint_node]: [CONTROL_ARBITER] selected_source=safety_hold state=IDLE_HOLD
[offboard_waypoint_node-1] [INFO] [1786262368.604725959] [offboard_waypoint_node]: [HOLD_ERROR] position_error=0.572 velocity=0.001 state=IDLE_HOLD
[ego_planner_node-10] [FSM]: state: WAIT_TARGET
[ego_planner_node-10] wait for goal or trigger.
[super_planner_ros2_node-6] [INFO] [1786262368.871869060] [super_planner_ros2_node]: SUPER_ROS2 mode=IDLE enable_output=false reason=NO_GOAL odom=(0.00,-0.00,0.12) goal=none tracking_setpoint_enu=(0.00,-0.00,0.78) setpoint_ned=none yaw(desired/cmd/rate)=(0.00/0.00/0.00) cross_track=0.00 frame_id=px4_ned path_points=0 odom_source=/mavros/local_position/odom cloud_source=none mavros_connected=true
[offboard_waypoint_node-1] [INFO] [1786262369.254756351] [offboard_waypoint_node]: [CONTROL_ARBITER] selected_source=safety_hold state=IDLE_HOLD
[offboard_waypoint_node-1] [INFO] [1786262369.604789208] [offboard_waypoint_node]: [HOLD_ERROR] position_error=0.569 velocity=0.002 state=IDLE_HOLD
[ego_planner_node-10] [FSM]: state: WAIT_TARGET
[ego_planner_node-10] wait for goal or trigger.
[super_planner_ros2_node-6] [INFO] [1786262369.871890771] [super_planner_ros2_node]: SUPER_ROS2 mode=IDLE enable_output=false reason=NO_GOAL odom=(-0.00,0.00,0.12) goal=none tracking_setpoint_enu=(-0.00,0.00,0.78) setpoint_ned=none yaw(desired/cmd/rate)=(0.00/0.00/0.00) cross_track=0.00 frame_id=px4_ned path_points=0 odom_source=/mavros/local_position/odom cloud_source=none mavros_connected=true
[offboard_waypoint_node-1] [INFO] [1786262370.254762150] [offboard_waypoint_node]: [CONTROL_ARBITER] selected_source=safety_hold state=IDLE_HOLD
[offboard_waypoint_node-1] [INFO] [1786262370.604855813] [offboard_waypoint_node]: [HOLD_ERROR] position_error=0.565 velocity=0.005 state=IDLE_HOLD
[ego_planner_node-10] [FSM]: state: WAIT_TARGET
[ego_planner_node-10] wait for goal or trigger.
[super_planner_ros2_node-6] [INFO] [1786262370.871980967] [super_planner_ros2_node]: SUPER_ROS2 mode=IDLE enable_output=false reason=NO_GOAL odom=(0.00,0.00,0.12) goal=none tracking_setpoint_enu=(0.00,0.00,0.78) setpoint_ned=none yaw(desired/cmd/rate)=(0.00/0.00/0.00) cross_track=0.00 frame_id=px4_ned path_points=0 odom_source=/mavros/local_position/odom cloud_source=none mavros_connected=true
[offboard_waypoint_node-1] [INFO] [1786262371.254863998] [offboard_waypoint_node]: [CONTROL_ARBITER] selected_source=safety_hold state=IDLE_HOLD
[offboard_waypoint_node-1] [INFO] [1786262371.654762402] [offboard_waypoint_node]: [HOLD_ERROR] position_error=0.558 velocity=0.002 state=IDLE_HOLD
[ego_planner_node-10] [FSM]: state: WAIT_TARGET
[ego_planner_node-10] wait for goal or trigger.
[super_planner_ros2_node-6] [INFO] [1786262371.922020110] [super_planner_ros2_node]: SUPER_ROS2 mode=IDLE enable_output=false reason=NO_GOAL odom=(-0.00,0.00,0.11) goal=none tracking_setpoint_enu=(-0.00,0.00,0.78) setpoint_ned=none yaw(desired/cmd/rate)=(0.00/0.00/0.00) cross_track=0.00 frame_id=px4_ned path_points=0 odom_source=/mavros/local_position/odom cloud_source=none mavros_connected=true
[fastlio_bridge_node-2] [INFO] [1786262372.082422876] [fastlio_bridge_node]: 已桥接并转换里程计: ENU(0.01, -0.01, -0.01) -> NED(-0.01, -0.01, 0.01)
[fastlio_bridge_node-2] [INFO] [1786262372.091932794] [fastlio_bridge_node]: 已桥接并转换里程计: ENU(0.00, -0.01, -0.01) -> NED(-0.00, -0.01, 0.01)
[offboard_waypoint_node-1] [INFO] [1786262372.304822752] [offboard_waypoint_node]: [CONTROL_ARBITER] selected_source=safety_hold state=IDLE_HOLD
[offboard_waypoint_node-1] [INFO] [1786262372.654920883] [offboard_waypoint_node]: [HOLD_ERROR] position_error=0.552 velocity=0.003 state=IDLE_HOLD
[ego_planner_node-10] [FSM]: state: WAIT_TARGET
[ego_planner_node-10] wait for goal or trigger.
[super_planner_ros2_node-6] [INFO] [1786262372.971968891] [super_planner_ros2_node]: SUPER_ROS2 mode=IDLE enable_output=false reason=NO_GOAL odom=(0.00,-0.00,0.10) goal=none tracking_setpoint_enu=(0.00,-0.00,0.78) setpoint_ned=none yaw(desired/cmd/rate)=(0.00/0.00/0.00) cross_track=0.00 frame_id=px4_ned path_points=0 odom_source=/mavros/local_position/odom cloud_source=none mavros_connected=true
[offboard_waypoint_node-1] [INFO] [1786262373.304853318] [offboard_waypoint_node]: [CONTROL_ARBITER] selected_source=safety_hold state=IDLE_HOLD
[offboard_waypoint_node-1] [INFO] [1786262373.654927932] [offboard_waypoint_node]: [HOLD_ERROR] position_error=0.547 velocity=0.003 state=IDLE_HOLD
[ego_planner_node-10] [FSM]: state: WAIT_TARGET
[ego_planner_node-10] wait for goal or trigger.
[super_planner_ros2_node-6] [INFO] [1786262374.022006625] [super_planner_ros2_node]: SUPER_ROS2 mode=IDLE enable_output=false reason=NO_GOAL odom=(0.00,-0.00,0.10) goal=none tracking_setpoint_enu=(0.00,-0.00,0.78) setpoint_ned=none yaw(desired/cmd/rate)=(0.00/0.00/0.00) cross_track=0.00 frame_id=px4_ned path_points=0 odom_source=/mavros/local_position/odom cloud_source=none mavros_connected=true
[offboard_waypoint_node-1] [INFO] [1786262374.304889274] [offboard_waypoint_node]: [CONTROL_ARBITER] selected_source=safety_hold state=IDLE_HOLD
[offboard_waypoint_node-1] [INFO] [1786262374.704929629] [offboard_waypoint_node]: [HOLD_ERROR] position_error=0.539 velocity=0.007 state=IDLE_HOLD
[ego_planner_node-10] [FSM]: state: WAIT_TARGET
[ego_planner_node-10] wait for goal or trigger.
[super_planner_ros2_node-6] [INFO] [1786262375.022467355] [super_planner_ros2_node]: SUPER_ROS2 mode=IDLE enable_output=false reason=NO_GOAL odom=(-0.00,-0.00,0.09) goal=none tracking_setpoint_enu=(-0.00,-0.00,0.78) setpoint_ned=none yaw(desired/cmd/rate)=(0.00/0.00/0.00) cross_track=0.00 frame_id=px4_ned path_points=0 odom_source=/mavros/local_position/odom cloud_source=none mavros_connected=true
[offboard_waypoint_node-1] [INFO] [1786262375.304931716] [offboard_waypoint_node]: [CONTROL_ARBITER] selected_source=safety_hold state=IDLE_HOLD
[offboard_waypoint_node-1] [INFO] [1786262375.754955034] [offboard_waypoint_node]: [HOLD_ERROR] position_error=0.529 velocity=0.004 state=IDLE_HOLD
[ego_planner_node-10] [FSM]: state: WAIT_TARGET
[ego_planner_node-10] wait for goal or trigger.
[super_planner_ros2_node-6] [INFO] [1786262376.072085629] [super_planner_ros2_node]: SUPER_ROS2 mode=IDLE enable_output=false reason=NO_GOAL odom=(-0.00,0.00,0.08) goal=none tracking_setpoint_enu=(-0.00,0.00,0.78) setpoint_ned=none yaw(desired/cmd/rate)=(0.00/0.00/0.00) cross_track=0.00 frame_id=px4_ned path_points=0 odom_source=/mavros/local_position/odom cloud_source=none mavros_connected=true
[offboard_waypoint_node-1] [INFO] [1786262376.304953973] [offboard_waypoint_node]: [CONTROL_ARBITER] selected_source=safety_hold state=IDLE_HOLD
[mapping_manager_node-5] [INFO] [1786262376.557076923] [mapping_manager_node]: Mapping status: in_flight=false, map_loaded=false, map_saved=false
[offboard_waypoint_node-1] [INFO] [1786262376.755104589] [offboard_waypoint_node]: [HOLD_ERROR] position_error=0.518 velocity=0.006 state=IDLE_HOLD
[ego_planner_node-10] [FSM]: state: WAIT_TARGET
[ego_planner_node-10] wait for goal or trigger.
[super_planner_ros2_node-6] [INFO] [1786262377.072114648] [super_planner_ros2_node]: SUPER_ROS2 mode=IDLE enable_output=false reason=NO_GOAL odom=(0.00,0.00,0.07) goal=none tracking_setpoint_enu=(0.00,0.00,0.78) setpoint_ned=none yaw(desired/cmd/rate)=(0.00/0.00/0.00) cross_track=0.00 frame_id=px4_ned path_points=0 odom_source=/mavros/local_position/odom cloud_source=none mavros_connected=true
[offboard_waypoint_node-1] [INFO] [1786262377.304987128] [offboard_waypoint_node]: [CONTROL_ARBITER] selected_source=safety_hold state=IDLE_HOLD
[offboard_waypoint_node-1] [INFO] [1786262377.805002162] [offboard_waypoint_node]: [HOLD_ERROR] position_error=0.507 velocity=0.006 state=IDLE_HOLD
[ego_planner_node-10] [FSM]: state: WAIT_TARGET
[ego_planner_node-10] wait for goal or trigger.
[super_planner_ros2_node-6] [INFO] [1786262378.072134671] [super_planner_ros2_node]: SUPER_ROS2 mode=IDLE enable_output=false reason=NO_GOAL odom=(0.00,-0.00,0.06) goal=none tracking_setpoint_enu=(0.00,-0.00,0.78) setpoint_ned=none yaw(desired/cmd/rate)=(0.00/0.00/0.00) cross_track=0.00 frame_id=px4_ned path_points=0 odom_source=/mavros/local_position/odom cloud_source=none mavros_connected=true
[fastlio_bridge_node-2] [INFO] [1786262378.092340392] [fastlio_bridge_node]: 已桥接并转换里程计: ENU(-0.08, 0.01, -0.98) -> NED(0.08, 0.01, 0.98)
[offboard_waypoint_node-1] [INFO] [1786262378.305054940] [offboard_waypoint_node]: [CONTROL_ARBITER] selected_source=safety_hold state=IDLE_HOLD
[offboard_waypoint_node-1] [INFO] [1786262378.805031351] [offboard_waypoint_node]: [HOLD_ERROR] position_error=0.499 velocity=0.007 state=IDLE_HOLD
[ego_planner_node-10] [FSM]: state: WAIT_TARGET
[ego_planner_node-10] wait for goal or trigger.
[super_planner_ros2_node-6] [INFO] [1786262379.072140857] [super_planner_ros2_node]: SUPER_ROS2 mode=IDLE enable_output=false reason=NO_GOAL odom=(-0.00,-0.00,0.05) goal=none tracking_setpoint_enu=(-0.00,-0.00,0.78) setpoint_ned=none yaw(desired/cmd/rate)=(0.00/0.00/0.00) cross_track=0.00 frame_id=px4_ned path_points=0 odom_source=/mavros/local_position/odom cloud_source=none mavros_connected=true
[offboard_waypoint_node-1] [INFO] [1786262379.355034095] [offboard_waypoint_node]: [CONTROL_ARBITER] selected_source=safety_hold state=IDLE_HOLD
[offboard_waypoint_node-1] [INFO] [1786262379.805069389] [offboard_waypoint_node]: [HOLD_ERROR] position_error=0.493 velocity=0.005 state=IDLE_HOLD
[ego_planner_node-10] [FSM]: state: WAIT_TARGET
[ego_planner_node-10] wait for goal or trigger.
[super_planner_ros2_node-6] [INFO] [1786262380.072194196] [super_planner_ros2_node]: SUPER_ROS2 mode=IDLE enable_output=false reason=NO_GOAL odom=(-0.00,0.00,0.04) goal=none tracking_setpoint_enu=(-0.00,0.00,0.78) setpoint_ned=none yaw(desired/cmd/rate)=(0.00/0.00/0.00) cross_track=0.00 frame_id=px4_ned path_points=0 odom_source=/mavros/local_position/odom cloud_source=none mavros_connected=true
[offboard_waypoint_node-1] [INFO] [1786262380.355062184] [offboard_waypoint_node]: [CONTROL_ARBITER] selected_source=safety_hold state=IDLE_HOLD
[offboard_waypoint_node-1] [INFO] [1786262380.855104095] [offboard_waypoint_node]: [HOLD_ERROR] position_error=0.489 velocity=0.005 state=IDLE_HOLD
[ego_planner_node-10] [FSM]: state: WAIT_TARGET
[ego_planner_node-10] wait for goal or trigger.
[super_planner_ros2_node-6] [INFO] [1786262381.072422112] [super_planner_ros2_node]: SUPER_ROS2 mode=IDLE enable_output=false reason=NO_GOAL odom=(-0.00,0.00,0.04) goal=none tracking_setpoint_enu=(-0.00,0.00,0.78) setpoint_ned=none yaw(desired/cmd/rate)=(0.00/0.00/0.00) cross_track=0.00 frame_id=px4_ned path_points=0 odom_source=/mavros/local_position/odom cloud_source=none mavros_connected=true
[offboard_waypoint_node-1] [INFO] [1786262381.355124769] [offboard_waypoint_node]: [CONTROL_ARBITER] selected_source=safety_hold state=IDLE_HOLD
[offboard_waypoint_node-1] [INFO] [1786262381.855170896] [offboard_waypoint_node]: [HOLD_ERROR] position_error=0.485 velocity=0.001 state=IDLE_HOLD
[ego_planner_node-10] [FSM]: state: WAIT_TARGET
[ego_planner_node-10] wait for goal or trigger.
[super_planner_ros2_node-6] [INFO] [1786262382.122267923] [super_planner_ros2_node]: SUPER_ROS2 mode=IDLE enable_output=false reason=NO_GOAL odom=(0.00,0.00,0.04) goal=none tracking_setpoint_enu=(0.00,0.00,0.78) setpoint_ned=none yaw(desired/cmd/rate)=(0.00/0.00/0.00) cross_track=0.00 frame_id=px4_ned path_points=0 odom_source=/mavros/local_position/odom cloud_source=none mavros_connected=true
[offboard_waypoint_node-1] [INFO] [1786262382.355163788] [offboard_waypoint_node]: [CONTROL_ARBITER] selected_source=safety_hold state=IDLE_HOLD
[offboard_waypoint_node-1] [INFO] [1786262382.855227787] [offboard_waypoint_node]: [HOLD_ERROR] position_error=0.484 velocity=0.006 state=IDLE_HOLD
[ego_planner_node-10] [FSM]: state: WAIT_TARGET
[ego_planner_node-10] wait for goal or trigger.
[super_planner_ros2_node-6] [INFO] [1786262383.122363442] [super_planner_ros2_node]: SUPER_ROS2 mode=IDLE enable_output=false reason=NO_GOAL odom=(0.00,-0.00,0.04) goal=none tracking_setpoint_enu=(0.00,-0.00,0.78) setpoint_ned=none yaw(desired/cmd/rate)=(0.00/0.00/0.00) cross_track=0.00 frame_id=px4_ned path_points=0 odom_source=/mavros/local_position/odom cloud_source=none mavros_connected=true
[offboard_waypoint_node-1] [INFO] [1786262383.355180591] [offboard_waypoint_node]: [CONTROL_ARBITER] selected_source=safety_hold state=IDLE_HOLD
[offboard_waypoint_node-1] [INFO] [1786262383.905206001] [offboard_waypoint_node]: [HOLD_ERROR] position_error=0.484 velocity=0.006 state=IDLE_HOLD
[ego_planner_node-10] [FSM]: state: WAIT_TARGET
[ego_planner_node-10] wait for goal or trigger.
[fastlio_bridge_node-2] [INFO] [1786262384.022854465] [fastlio_bridge_node]: 已桥接并转换里程计: ENU(-0.12, 0.07, -0.99) -> NED(0.12, 0.07, 0.99)
[fastlio_bridge_node-2] [INFO] [1786262384.073031881] [fastlio_bridge_node]: 已桥接并转换里程计: ENU(-0.14, 0.09, -0.98) -> NED(0.14, 0.09, 0.98)
[super_planner_ros2_node-6] [INFO] [1786262384.172341995] [super_planner_ros2_node]: SUPER_ROS2 mode=IDLE enable_output=false reason=NO_GOAL odom=(0.00,-0.00,0.04) goal=none tracking_setpoint_enu=(0.00,-0.00,0.78) setpoint_ned=none yaw(desired/cmd/rate)=(0.00/0.00/0.00) cross_track=0.00 frame_id=px4_ned path_points=0 odom_source=/mavros/local_position/odom cloud_source=none mavros_connected=true
[offboard_waypoint_node-1] [INFO] [1786262384.355293711] [offboard_waypoint_node]: [CONTROL_ARBITER] selected_source=safety_hold state=IDLE_HOLD
[offboard_waypoint_node-1] [INFO] [1786262384.905249355] [offboard_waypoint_node]: [HOLD_ERROR] position_error=0.485 velocity=0.004 state=IDLE_HOLD
[ego_planner_node-10] [FSM]: state: WAIT_TARGET
[ego_planner_node-10] wait for goal or trigger.
[super_planner_ros2_node-6] [INFO] [1786262385.172374685] [super_planner_ros2_node]: SUPER_ROS2 mode=IDLE enable_output=false reason=NO_GOAL odom=(0.00,0.00,0.04) goal=none tracking_setpoint_enu=(0.00,0.00,0.78) setpoint_ned=none yaw(desired/cmd/rate)=(0.00/0.00/0.00) cross_track=0.00 frame_id=px4_ned path_points=0 odom_source=/mavros/local_position/odom cloud_source=none mavros_connected=true
[offboard_waypoint_node-1] [INFO] [1786262385.405243014] [offboard_waypoint_node]: [CONTROL_ARBITER] selected_source=safety_hold state=IDLE_HOLD
[offboard_waypoint_node-1] [INFO] [1786262385.905269107] [offboard_waypoint_node]: [HOLD_ERROR] position_error=0.487 velocity=0.009 state=IDLE_HOLD
[ego_planner_node-10] [FSM]: state: WAIT_TARGET
[ego_planner_node-10] wait for goal or trigger.
[super_planner_ros2_node-6] [INFO] [1786262386.172419484] [super_planner_ros2_node]: SUPER_ROS2 mode=IDLE enable_output=false reason=NO_GOAL odom=(-0.00,0.00,0.04) goal=none tracking_setpoint_enu=(-0.00,0.00,0.78) setpoint_ned=none yaw(desired/cmd/rate)=(0.00/0.00/0.00) cross_track=0.00 frame_id=px4_ned path_points=0 odom_source=/mavros/local_position/odom cloud_source=none mavros_connected=true
[offboard_waypoint_node-1] [INFO] [1786262386.405255134] [offboard_waypoint_node]: [CONTROL_ARBITER] selected_source=safety_hold state=IDLE_HOLD
[offboard_waypoint_node-1] [INFO] [1786262386.905295820] [offboard_waypoint_node]: [HOLD_ERROR] position_error=0.488 velocity=0.007 state=IDLE_HOLD
[ego_planner_node-10] [FSM]: state: WAIT_TARGET
[ego_planner_node-10] wait for goal or trigger.
[super_planner_ros2_node-6] [INFO] [1786262387.222477697] [super_planner_ros2_node]: SUPER_ROS2 mode=IDLE enable_output=false reason=NO_GOAL odom=(-0.00,0.00,0.04) goal=none tracking_setpoint_enu=(-0.00,0.00,0.78) setpoint_ned=none yaw(desired/cmd/rate)=(0.00/0.00/0.00) cross_track=0.00 frame_id=px4_ned path_points=0 odom_source=/mavros/local_position/odom cloud_source=none mavros_connected=true
[offboard_waypoint_node-1] [INFO] [1786262387.405288206] [offboard_waypoint_node]: [CONTROL_ARBITER] selected_source=safety_hold state=IDLE_HOLD
[offboard_waypoint_node-1] [INFO] [1786262387.905304917] [offboard_waypoint_node]: [HOLD_ERROR] position_error=0.490 velocity=0.006 state=IDLE_HOLD
[ego_planner_node-10] [FSM]: state: WAIT_TARGET
[ego_planner_node-10] wait for goal or trigger.
[fastlio_bridge_node-2] [INFO] [1786262388.032990516] [fastlio_bridge_node]: 已桥接并转换里程计: ENU(-0.10, 0.10, -0.97) -> NED(0.10, 0.10, 0.97)
[fastlio_bridge_node-2] [INFO] [1786262388.042445499] [fastlio_bridge_node]: 已桥接并转换里程计: ENU(-0.09, 0.12, -0.98) -> NED(0.09, 0.12, 0.98)
[super_planner_ros2_node-6] [INFO] [1786262388.272438569] [super_planner_ros2_node]: SUPER_ROS2 mode=IDLE enable_output=false reason=NO_GOAL odom=(-0.00,-0.00,0.04) goal=none tracking_setpoint_enu=(-0.00,-0.00,0.78) setpoint_ned=none yaw(desired/cmd/rate)=(0.00/0.00/0.00) cross_track=0.00 frame_id=px4_ned path_points=0 odom_source=/mavros/local_position/odom cloud_source=none mavros_connected=true
[offboard_waypoint_node-1] [INFO] [1786262388.405394505] [offboard_waypoint_node]: [CONTROL_ARBITER] selected_source=safety_hold state=IDLE_HOLD
[offboard_waypoint_node-1] [INFO] [1786262388.905432740] [offboard_waypoint_node]: [HOLD_ERROR] position_error=0.493 velocity=0.005 state=IDLE_HOLD
[ego_planner_node-10] [FSM]: state: WAIT_TARGET
[ego_planner_node-10] wait for goal or trigger.
[super_planner_ros2_node-6] [INFO] [1786262389.272476372] [super_planner_ros2_node]: SUPER_ROS2 mode=IDLE enable_output=false reason=NO_GOAL odom=(-0.00,-0.00,0.05) goal=none tracking_setpoint_enu=(-0.00,-0.00,0.78) setpoint_ned=none yaw(desired/cmd/rate)=(0.00/0.00/0.00) cross_track=0.00 frame_id=px4_ned path_points=0 odom_source=/mavros/local_position/odom cloud_source=none mavros_connected=true
[offboard_waypoint_node-1] [INFO] [1786262389.455384853] [offboard_waypoint_node]: [CONTROL_ARBITER] selected_source=safety_hold state=IDLE_HOLD
[offboard_waypoint_node-1] [INFO] [1786262389.955370252] [offboard_waypoint_node]: [HOLD_ERROR] position_error=0.498 velocity=0.003 state=IDLE_HOLD
[ego_planner_node-10] [FSM]: state: WAIT_TARGET
[ego_planner_node-10] wait for goal or trigger.
[super_planner_ros2_node-6] [INFO] [1786262390.272528463] [super_planner_ros2_node]: SUPER_ROS2 mode=IDLE enable_output=false reason=NO_GOAL odom=(0.00,0.00,0.05) goal=none tracking_setpoint_enu=(0.00,0.00,0.78) setpoint_ned=none yaw(desired/cmd/rate)=(0.00/0.00/0.00) cross_track=0.00 frame_id=px4_ned path_points=0 odom_source=/mavros/local_position/odom cloud_source=none mavros_connected=true
[offboard_waypoint_node-1] [INFO] [1786262390.455787294] [offboard_waypoint_node]: [CONTROL_ARBITER] selected_source=safety_hold state=IDLE_HOLD
[offboard_waypoint_node-1] [INFO] [1786262390.955452941] [offboard_waypoint_node]: [HOLD_ERROR] position_error=0.505 velocity=0.004 state=IDLE_HOLD
[ego_planner_node-10] [FSM]: state: WAIT_TARGET
[ego_planner_node-10] wait for goal or trigger.
[super_planner_ros2_node-6] [INFO] [1786262391.272570094] [super_planner_ros2_node]: SUPER_ROS2 mode=IDLE enable_output=false reason=NO_GOAL odom=(-0.00,0.00,0.06) goal=none tracking_setpoint_enu=(-0.00,0.00,0.78) setpoint_ned=none yaw(desired/cmd/rate)=(0.00/0.00/0.00) cross_track=0.00 frame_id=px4_ned path_points=0 odom_source=/mavros/local_position/odom cloud_source=none mavros_connected=true
[offboard_waypoint_node-1] [INFO] [1786262391.505440346] [offboard_waypoint_node]: [CONTROL_ARBITER] selected_source=safety_hold state=IDLE_HOLD
[offboard_waypoint_node-1] [INFO] [1786262391.955454073] [offboard_waypoint_node]: [HOLD_ERROR] position_error=0.513 velocity=0.005 state=IDLE_HOLD
[ego_planner_node-10] [FSM]: state: WAIT_TARGET
[ego_planner_node-10] wait for goal or trigger.
[fastlio_bridge_node-2] [INFO] [1786262392.032633248] [fastlio_bridge_node]: 已桥接并转换里程计: ENU(-0.08, 0.18, -0.98) -> NED(0.08, 0.18, 0.98)
[fastlio_bridge_node-2] [INFO] [1786262392.041883151] [fastlio_bridge_node]: 已桥接并转换里程计: ENU(-0.08, 0.17, -0.98) -> NED(0.08, 0.17, 0.98)
[super_planner_ros2_node-6] [INFO] [1786262392.322611299] [super_planner_ros2_node]: SUPER_ROS2 mode=IDLE enable_output=false reason=NO_GOAL odom=(-0.00,-0.00,0.07) goal=none tracking_setpoint_enu=(-0.00,-0.00,0.78) setpoint_ned=none yaw(desired/cmd/rate)=(0.00/0.00/0.00) cross_track=0.00 frame_id=px4_ned path_points=0 odom_source=/mavros/local_position/odom cloud_source=none mavros_connected=true
[offboard_waypoint_node-1] [INFO] [1786262392.505496139] [offboard_waypoint_node]: [CONTROL_ARBITER] selected_source=safety_hold state=IDLE_HOLD
[offboard_waypoint_node-1] [INFO] [1786262392.955508660] [offboard_waypoint_node]: [HOLD_ERROR] position_error=0.520 velocity=0.002 state=IDLE_HOLD
[ego_planner_node-10] [FSM]: state: WAIT_TARGET
[ego_planner_node-10] wait for goal or trigger.
[super_planner_ros2_node-6] [INFO] [1786262393.322623977] [super_planner_ros2_node]: SUPER_ROS2 mode=IDLE enable_output=false reason=NO_GOAL odom=(0.00,-0.00,0.08) goal=none tracking_setpoint_enu=(0.00,-0.00,0.78) setpoint_ned=none yaw(desired/cmd/rate)=(0.00/0.00/0.00) cross_track=0.00 frame_id=px4_ned path_points=0 odom_source=/mavros/local_position/odom cloud_source=none mavros_connected=true
[offboard_waypoint_node-1] [INFO] [1786262393.505537595] [offboard_waypoint_node]: [CONTROL_ARBITER] selected_source=safety_hold state=IDLE_HOLD
[offboard_waypoint_node-1] [INFO] [1786262393.955520726] [offboard_waypoint_node]: [HOLD_ERROR] position_error=0.528 velocity=0.006 state=IDLE_HOLD
[ego_planner_node-10] [FSM]: state: WAIT_TARGET
[ego_planner_node-10] wait for goal or trigger.
[fastlio_bridge_node-2] [INFO] [1786262394.052948744] [fastlio_bridge_node]: 已桥接并转换里程计: ENU(-0.09, 0.12, -0.98) -> NED(0.09, 0.12, 0.98)
[super_planner_ros2_node-6] [INFO] [1786262394.372630716] [super_planner_ros2_node]: SUPER_ROS2 mode=IDLE enable_output=false reason=NO_GOAL odom=(0.00,-0.00,0.08) goal=none tracking_setpoint_enu=(0.00,-0.00,0.78) setpoint_ned=none yaw(desired/cmd/rate)=(0.00/0.00/0.00) cross_track=0.00 frame_id=px4_ned path_points=0 odom_source=/mavros/local_position/odom cloud_source=none mavros_connected=true
[offboard_waypoint_node-1] [INFO] [1786262394.505798915] [offboard_waypoint_node]: [CONTROL_ARBITER] selected_source=safety_hold state=IDLE_HOLD
[offboard_waypoint_node-1] [INFO] [1786262394.955556859] [offboard_waypoint_node]: [HOLD_ERROR] position_error=0.537 velocity=0.007 state=IDLE_HOLD
[ego_planner_node-10] [FSM]: state: WAIT_TARGET
[ego_planner_node-10] wait for goal or trigger.
[super_planner_ros2_node-6] [INFO] [1786262395.372685290] [super_planner_ros2_node]: SUPER_ROS2 mode=IDLE enable_output=false reason=NO_GOAL odom=(0.00,-0.00,0.09) goal=none tracking_setpoint_enu=(0.00,-0.00,0.78) setpoint_ned=none yaw(desired/cmd/rate)=(0.00/0.00/0.00) cross_track=0.00 frame_id=px4_ned path_points=0 odom_source=/mavros/local_position/odom cloud_source=none mavros_connected=true
[offboard_waypoint_node-1] [INFO] [1786262395.555549022] [offboard_waypoint_node]: [CONTROL_ARBITER] selected_source=safety_hold state=IDLE_HOLD
[offboard_waypoint_node-1] [INFO] [1786262395.957531711] [offboard_waypoint_node]: [HOLD_ERROR] position_error=0.547 velocity=0.003 state=IDLE_HOLD
[ego_planner_node-10] [FSM]: state: WAIT_TARGET
[ego_planner_node-10] wait for goal or trigger.
[super_planner_ros2_node-6] [INFO] [1786262396.372691791] [super_planner_ros2_node]: SUPER_ROS2 mode=IDLE enable_output=false reason=NO_GOAL odom=(-0.00,-0.00,0.10) goal=none tracking_setpoint_enu=(-0.00,-0.00,0.78) setpoint_ned=none yaw(desired/cmd/rate)=(0.00/0.00/0.00) cross_track=0.00 frame_id=px4_ned path_points=0 odom_source=/mavros/local_position/odom cloud_source=none mavros_connected=true
[offboard_waypoint_node-1] [INFO] [1786262396.555605157] [offboard_waypoint_node]: [CONTROL_ARBITER] selected_source=safety_hold state=IDLE_HOLD
[offboard_waypoint_node-1] [INFO] [1786262397.005587240] [offboard_waypoint_node]: [HOLD_ERROR] position_error=0.556 velocity=0.001 state=IDLE_HOLD
[ego_planner_node-10] [FSM]: state: WAIT_TARGET
[ego_planner_node-10] wait for goal or trigger.
[super_planner_ros2_node-6] [INFO] [1786262397.372792012] [super_planner_ros2_node]: SUPER_ROS2 mode=IDLE enable_output=false reason=NO_GOAL odom=(-0.00,0.00,0.11) goal=none tracking_setpoint_enu=(-0.00,0.00,0.78) setpoint_ned=none yaw(desired/cmd/rate)=(0.00/0.00/0.00) cross_track=0.00 frame_id=px4_ned path_points=0 odom_source=/mavros/local_position/odom cloud_source=none mavros_connected=true
[offboard_waypoint_node-1] [INFO] [1786262397.555638916] [offboard_waypoint_node]: [CONTROL_ARBITER] selected_source=safety_hold state=IDLE_HOLD
[offboard_waypoint_node-1] [INFO] [1786262398.005767197] [offboard_waypoint_node]: [HOLD_ERROR] position_error=0.562 velocity=0.003 state=IDLE_HOLD
[ego_planner_node-10] [FSM]: state: WAIT_TARGET
[ego_planner_node-10] wait for goal or trigger.
[super_planner_ros2_node-6] [INFO] [1786262398.422764296] [super_planner_ros2_node]: SUPER_ROS2 mode=IDLE enable_output=false reason=NO_GOAL odom=(0.00,0.00,0.12) goal=none tracking_setpoint_enu=(0.00,0.00,0.78) setpoint_ned=none yaw(desired/cmd/rate)=(0.00/0.00/0.00) cross_track=0.00 frame_id=px4_ned path_points=0 odom_source=/mavros/local_position/odom cloud_source=none mavros_connected=true
[offboard_waypoint_node-1] [INFO] [1786262398.555689430] [offboard_waypoint_node]: [CONTROL_ARBITER] selected_source=safety_hold state=IDLE_HOLD
[offboard_waypoint_node-1] [INFO] [1786262399.055686953] [offboard_waypoint_node]: [HOLD_ERROR] position_error=0.564 velocity=0.003 state=IDLE_HOLD
[ego_planner_node-10] [FSM]: state: WAIT_TARGET
[ego_planner_node-10] wait for goal or trigger.
[super_planner_ros2_node-6] [INFO] [1786262399.422932864] [super_planner_ros2_node]: SUPER_ROS2 mode=IDLE enable_output=false reason=NO_GOAL odom=(0.00,-0.00,0.12) goal=none tracking_setpoint_enu=(0.00,-0.00,0.78) setpoint_ned=none yaw(desired/cmd/rate)=(0.00/0.00/0.00) cross_track=0.00 frame_id=px4_ned path_points=0 odom_source=/mavros/local_position/odom cloud_source=none mavros_connected=true
[offboard_waypoint_node-1] [INFO] [1786262399.605676919] [offboard_waypoint_node]: [CONTROL_ARBITER] selected_source=safety_hold state=IDLE_HOLD
[offboard_waypoint_node-1] [INFO] [1786262400.055702838] [offboard_waypoint_node]: [HOLD_ERROR] position_error=0.563 velocity=0.004 state=IDLE_HOLD
[fastlio_bridge_node-2] [INFO] [1786262400.082524442] [fastlio_bridge_node]: 已桥接并转换里程计: ENU(-0.08, 0.12, -0.97) -> NED(0.08, 0.12, 0.97)
[fastlio_bridge_node-2] [INFO] [1786262400.091525959] [fastlio_bridge_node]: 已桥接并转换里程计: ENU(-0.08, 0.12, -0.97) -> NED(0.08, 0.12, 0.97)
[ego_planner_node-10] [FSM]: state: WAIT_TARGET
[ego_planner_node-10] wait for goal or trigger.
[super_planner_ros2_node-6] [INFO] [1786262400.472809663] [super_planner_ros2_node]: SUPER_ROS2 mode=IDLE enable_output=false reason=NO_GOAL odom=(-0.00,-0.00,0.11) goal=none tracking_setpoint_enu=(-0.00,-0.00,0.78) setpoint_ned=none yaw(desired/cmd/rate)=(0.00/0.00/0.00) cross_track=0.00 frame_id=px4_ned path_points=0 odom_source=/mavros/local_position/odom cloud_source=none mavros_connected=true
[offboard_waypoint_node-1] [INFO] [1786262400.605769520] [offboard_waypoint_node]: [CONTROL_ARBITER] selected_source=safety_hold state=IDLE_HOLD
[offboard_waypoint_node-1] [INFO] [1786262401.055713493] [offboard_waypoint_node]: [HOLD_ERROR] position_error=0.561 velocity=0.004 state=IDLE_HOLD
[ego_planner_node-10] [FSM]: state: WAIT_TARGET
[ego_planner_node-10] wait for goal or trigger.
[super_planner_ros2_node-6] [INFO] [1786262401.472854116] [super_planner_ros2_node]: SUPER_ROS2 mode=IDLE enable_output=false reason=NO_GOAL odom=(-0.00,0.00,0.11) goal=none tracking_setpoint_enu=(-0.00,0.00,0.78) setpoint_ned=none yaw(desired/cmd/rate)=(0.00/0.00/0.00) cross_track=0.00 frame_id=px4_ned path_points=0 odom_source=/mavros/local_position/odom cloud_source=none mavros_connected=true
[offboard_waypoint_node-1] [INFO] [1786262401.605828936] [offboard_waypoint_node]: [CONTROL_ARBITER] selected_source=safety_hold state=IDLE_HOLD
[offboard_waypoint_node-1] [INFO] [1786262402.055819134] [offboard_waypoint_node]: [HOLD_ERROR] position_error=0.553 velocity=0.001 state=IDLE_HOLD
[ego_planner_node-10] [FSM]: state: WAIT_TARGET
[ego_planner_node-10] wait for goal or trigger.
[super_planner_ros2_node-6] [INFO] [1786262402.472864079] [super_planner_ros2_node]: SUPER_ROS2 mode=IDLE enable_output=false reason=NO_GOAL odom=(-0.00,-0.00,0.10) goal=none tracking_setpoint_enu=(-0.00,-0.00,0.78) setpoint_ned=none yaw(desired/cmd/rate)=(0.00/0.00/0.00) cross_track=0.00 frame_id=px4_ned path_points=0 odom_source=/mavros/local_position/odom cloud_source=none mavros_connected=true
[offboard_waypoint_node-1] [INFO] [1786262402.655795601] [offboard_waypoint_node]: [CONTROL_ARBITER] selected_source=safety_hold state=IDLE_HOLD
[offboard_waypoint_node-1] [INFO] [1786262403.105854800] [offboard_waypoint_node]: [HOLD_ERROR] position_error=0.544 velocity=0.002 state=IDLE_HOLD
[ego_planner_node-10] [FSM]: state: WAIT_TARGET
[ego_planner_node-10] wait for goal or trigger.
[super_planner_ros2_node-6] [INFO] [1786262403.472963299] [super_planner_ros2_node]: SUPER_ROS2 mode=IDLE enable_output=false reason=NO_GOAL odom=(-0.00,-0.00,0.09) goal=none tracking_setpoint_enu=(-0.00,-0.00,0.78) setpoint_ned=none yaw(desired/cmd/rate)=(0.00/0.00/0.00) cross_track=0.00 frame_id=px4_ned path_points=0 odom_source=/mavros/local_position/odom cloud_source=none mavros_connected=true
[offboard_waypoint_node-1] [INFO] [1786262403.655838133] [offboard_waypoint_node]: [CONTROL_ARBITER] selected_source=safety_hold state=IDLE_HOLD
