[navigation stack (prewarm)] starting
[navigation stack (prewarm)] command: env MAP_FILE=/home/robot/rong_ws/ws_offboard_control/maps/fastlio_global_3d_20260810/GlobalMap_去顶端_z3m.pcd PLANNER_BACKEND=super TUNING_FILE=/home/robot/rong_ws/ws_offboard_control/src/race_bringup/config/astar_ego_tuning.yaml MISSION_ENABLED=false RECOGNITION_ENABLED=false RVIZ=true ENABLE_OUTPUT=true MANUAL_HANDOVER=true BODY_TO_SENSOR_X_M=0.0 BODY_TO_SENSOR_Y_M=0.0 BODY_TO_SENSOR_Z_M=0.08 BODY_TO_FASTLIO_YAW_RAD=0.0 WORLD_YAW_ALIGNMENT_RAD=1.57079632679 MAP_AUTO_LOAD=true /home/robot/rong_ws/ws_offboard_control/tools/flight/运行导航控制.sh
[navigation stack (prewarm)] pid=15549 pgid=15549 log=/home/robot/rong_ws/ws_offboard_control/flight_records/20260812/flight_20260812_171552/logs/navigation.log
导航后端：    请求=super，实际=super，EGO开关=false
任务序列器：  false
地图文件：    /home/robot/rong_ws/ws_offboard_control/maps/fastlio_global_3d_20260810/GlobalMap_去顶端_z3m.pcd
地图自动加载：true
Recognition:        false
导航输出：    true
人工接管：    true
[INFO] [launch]: All log files can be found below /home/robot/.ros/log/2026-08-12-17-16-07-663874-robot-15549
[INFO] [launch]: Default logging verbosity is set to INFO
[INFO] [launch.user]: [PLANNER_BACKEND] requested=super effective=super ego_enabled=False
[INFO] [launch.user]: [TUNING_FILE]
[INFO] [launch.user]: path=/home/robot/rong_ws/ws_offboard_control/src/race_bringup/config/astar_ego_tuning.yaml
[INFO] [launch.user]: schema_version=1
[INFO] [launch.user]: [EGO_MAP_SOURCE]
[INFO] [launch.user]: ego_map_source=static_live_px4
[INFO] [launch.user]: [EGO_MAP_TUNING]
[INFO] [launch.user]: {'live_topic': '/cloud_registered', 'body_topic': '/cloud_registered_body', 'pose_topic': '/race/pose', 'live_obstacle_memory_sec': 1.0, 'live_obstacle_voxel_size_m': 0.1, 'live_obstacle_min_observations': 2, 'minimum_reliable_detection_range_m': 0.725, 'pose_sync_max_skew_sec': 0.3, 'pose_buffer_duration_sec': 1.0}
[INFO] [launch.user]: [SHARED_BOUNDS]
[INFO] [launch.user]: x=[-0.85,11.9] y=[-3.2,12.4] z=[0.5,0.85] margin=0.15
[INFO] [launch.user]: [GLOBAL_PLANNER_TUNING]
[INFO] [launch.user]: {'grid_resolution': 0.15, 'planning_resolution': 0.05, 'hard_inflation_radius': 0.28, 'min_planning_inflation_radius': 0.28, 'soft_obstacle_cost_radius': 0.54, 'clearance_cost_weight': 3.0, 'tracking_lookahead_distance': 0.3, 'max_local_goal_distance': 1.7, 'smoothing_min_clearance': 0.1, 'allow_direct_path': False, 'enable_path_shortcut': False}
[INFO] [launch.user]: [EGO_TUNING]
[INFO] [launch.user]: {'enable': False, 'planning_horizon': 5.0, 'local_update_range_x': 6.0, 'local_update_range_y': 6.0, 'local_update_range_z': 1.25, 'occupancy_map_size_x': 24.0, 'occupancy_map_size_y': 26.0, 'occupancy_publish_max_height': 2.5, 'max_velocity': 0.6, 'max_acceleration': 0.8, 'control_point_spacing': 0.25, 'planning_clearance_m': 0.34, 'constrained_clearance_enable': False, 'constrained_clearance_m': 0.24, 'constrained_optimization_clearance_m': 0.3, 'far_end_clearance_extra_m': 0.06, 'optimization_clearance_m': 0.42, 'max_reference_deviation_m': 0.8, 'use_distinctive_trajectories': True, 'replan_start_position_error_m': 0.25, 'handover_position_tolerance_m': 0.01, 'handover_velocity_tolerance_mps': 0.005, 'handover_acceleration_tolerance_mps2': 0.01, 'fixed_flight_height': 0.78}
[INFO] [launch.user]: [BRIDGE_TUNING]
[INFO] [launch.user]: {'occupancy_timeout_sec': 1.0, 'active_recheck_history_sec': 0.5, 'bspline_timeout_sec': 0.2, 'command_timeout_sec': 0.2, 'dynamic_invalid_grace_sec': 0.75, 'replan_hold_timeout_sec': 3.0, 'collision_sample_spacing_m': 0.04, 'braking_deceleration_mps2': 0.8, 'reaction_time_sec': 0.15, 'dynamic_limit_margin': 1.1, 'max_yaw_rate_rad_s': 0.8}
[INFO] [launch.user]: [OFFBOARD_TUNING]
[INFO] [launch.user]: {'takeoff_height_m': 0.55, 'ego_goal_release_height_m': 0.5, 'ego_goal_stable_height_tolerance_m': 0.05, 'ego_goal_stable_horizontal_speed_mps': 0.08, 'ego_goal_stable_vertical_speed_mps': 0.05, 'ego_goal_stable_duration_sec': 0.5, 'fixed_flight_height_m': 0.78, 'max_safe_height_m': 0.85, 'goal_tolerance_xy_m': 0.1, 'goal_tolerance_z_m': 0.05, 'setpoint_rate_hz': 20.0, 'trusted_position_max_speed_mps': 4.0, 'trusted_position_jump_allowance_m': 0.4, 'ego_setpoint_max_lead_m': 2.0, 'ego_setpoint_timeout_sec': 2.5, 'same_goal_retry_on_safety_latch': True, 'ego_yaw_rate_limit_rad_s': 0.8, 'initial_position_stabilization_sec': 0.5, 'initial_position_max_spread_m': 0.08, 'initial_position_max_speed_mps': 0.2}
[INFO] [offboard_waypoint_node-1]: process started with pid [15653]
[INFO] [fastlio_bridge_node-2]: process started with pid [15655]
[INFO] [frame_transform_node-3]: process started with pid [15657]
[INFO] [map_io_node-4]: process started with pid [15659]
[INFO] [mapping_manager_node-5]: process started with pid [15661]
[INFO] [super_planner_ros2_node-6]: process started with pid [15663]
[INFO] [rviz2-7]: process started with pid [15665]
[frame_transform_node-3] [INFO] [1786526167.970014212] [frame_transform_node]: frame_transform_node started
[frame_transform_node-3] [INFO] [1786526167.970362918] [frame_transform_node]:   Published static TF: map -> odom (identity)
[frame_transform_node-3] [INFO] [1786526167.970377513] [frame_transform_node]:   Published static TF: map -> camera_init yaw=1.570796 rad
[fastlio_bridge_node-2] [INFO] [1786526167.977862481] [fastlio_bridge_node]: FAST-LIO2 ENU/map -> base_link bridge: /Odometry -> /race/odom, /race/pose lever=(0.000, 0.000, 0.080) installation_yaw=0.000000 world_yaw=1.570796
[mapping_manager_node-5] [INFO] [1786526167.978482890] [mapping_manager_node]: mapping_manager_node started
[mapping_manager_node-5] [INFO] [1786526167.978664360] [mapping_manager_node]:   auto_load_on_start: false
[mapping_manager_node-5] [INFO] [1786526167.978683221] [mapping_manager_node]:   auto_save_on_land: true
[super_planner_ros2_node-6] [INFO] [1786526167.985642004] [super_planner_ros2_node]: MODE_INIT enable_output=true setpoint_topic=/race/navigation_setpoint setpoint_frame=px4_ned control_rate=20.0 replan_rate=2.0 tracking_lookahead=0.30 heading_lookahead=0.80 max_yaw_rate=1.00 odom_topic=/race/odom odom_input_frame=map require_mavros_connected=false mavros_state_topic=/mavros/state cloud_topic=/saved_map PLANNER_INTERNAL_FRAME=map hard_inflation=0.28 soft_cost_radius=0.54 clearance_cost_weight=3.00 smoothing=true method=chaikin iterations=2 sample_resolution=0.10 allow_direct_path=false enable_path_shortcut=false
[super_planner_ros2_node-6] [INFO] [1786526167.986055284] [super_planner_ros2_node]: [SUPER_TRACKING_POLICY] replan_while_tracking=false
[super_planner_ros2_node-6] [INFO] [1786526167.986063476] [super_planner_ros2_node]: GLOBAL_MODE global_only=false control_output=true global_path=disabled local_goal=disabled
[super_planner_ros2_node-6] [INFO] [1786526167.986068831] [super_planner_ros2_node]: [SUPER_MODE] global_only=false max_planning_distance=9.000 segment_chaining=false
[super_planner_ros2_node-6] [INFO] [1786526167.986073099] [super_planner_ros2_node]: [SUPER_DIRECT_MODE] enabled=false
[super_planner_ros2_node-6] [INFO] [1786526167.986077209] [super_planner_ros2_node]: [SHARED_BOUNDS] x=[-0.85,11.90] y=[-3.20,12.40] z=[0.50,0.85] margin=0.15
[offboard_waypoint_node-1] [INFO] [1786526168.013902483] [offboard_waypoint_node]: Offboard adapter: control_source=navigation navigation_topic=/race/navigation_setpoint ego_topic=/race/ego/trajectory_setpoint frame=px4_ned timeout=0.80s ego_timeout=0.20s height=[0.50, 0.85]m warmup=1.0s stabilization=3.0s takeoff_complete=0.55m strict_health=false
[offboard_waypoint_node-1] [INFO] [1786526168.014235315] [offboard_waypoint_node]: [PLANNER_SOURCE] backend=navigation
[offboard_waypoint_node-1] [INFO] [1786526168.014254664] [offboard_waypoint_node]: [TRAJECTORY_SOURCE] selected=navigation timeout=2.50s
[super_planner_ros2_node-6] [INFO] [1786526168.035948960] [super_planner_ros2_node]: SUPER_ROS2 mode=NO_ODOM enable_output=true reason=NO_ODOM odom=(0.00,0.00,0.00) goal=none tracking_setpoint_enu=(0.00,0.00,0.00) setpoint_ned=none yaw(desired/cmd/rate)=(0.00/0.00/0.00) cross_track=0.00 frame_id=px4_ned path_points=0 odom_source=none cloud_source=none mavros_connected=false
[offboard_waypoint_node-1] [INFO] [1786526168.064143418] [offboard_waypoint_node]: [EV_HOLD_WAIT] continuous_healthy=0.00s required=7.50s
[offboard_waypoint_node-1] [INFO] [1786526168.064403080] [offboard_waypoint_node]: [CONTROL_ARBITER] selected_source=waiting_for_ev_ground_reference state=WAITING_FOR_ODOM
[super_planner_ros2_node-6] [INFO] [1786526169.036313314] [super_planner_ros2_node]: SUPER_ROS2 mode=NO_ODOM enable_output=true reason=NO_ODOM odom=(0.00,0.00,0.00) goal=none tracking_setpoint_enu=(0.00,0.00,0.00) setpoint_ned=none yaw(desired/cmd/rate)=(0.00/0.00/0.00) cross_track=0.00 frame_id=px4_ned path_points=0 odom_source=none cloud_source=none mavros_connected=false
[offboard_waypoint_node-1] [INFO] [1786526169.114127784] [offboard_waypoint_node]: [EV_HOLD_WAIT] continuous_healthy=0.00s required=7.50s
[offboard_waypoint_node-1] [INFO] [1786526169.114308310] [offboard_waypoint_node]: [CONTROL_ARBITER] selected_source=waiting_for_ev_ground_reference state=WAITING_FOR_ODOM
[super_planner_ros2_node-6] [INFO] [1786526170.036318600] [super_planner_ros2_node]: SUPER_ROS2 mode=NO_ODOM enable_output=true reason=NO_ODOM odom=(0.00,0.00,0.00) goal=none tracking_setpoint_enu=(0.00,0.00,0.00) setpoint_ned=none yaw(desired/cmd/rate)=(0.00/0.00/0.00) cross_track=0.00 frame_id=px4_ned path_points=0 odom_source=none cloud_source=none mavros_connected=false
[offboard_waypoint_node-1] [INFO] [1786526170.114204816] [offboard_waypoint_node]: [EV_HOLD_WAIT] continuous_healthy=0.00s required=7.50s
[offboard_waypoint_node-1] [INFO] [1786526170.114585813] [offboard_waypoint_node]: [CONTROL_ARBITER] selected_source=waiting_for_ev_ground_reference state=WAITING_FOR_ODOM
[map_io_node-4] [INFO] [1786526170.341123226] [map_io_node]: map_io_node started
[map_io_node-4] [INFO] [1786526170.341696242] [map_io_node]:   map_file: /home/robot/rong_ws/ws_offboard_control/maps/fastlio_global_3d_20260810/GlobalMap_去顶端_z3m.pcd
[map_io_node-4] [INFO] [1786526170.341718365] [map_io_node]:   publish_topic: /saved_map
[map_io_node-4] [INFO] [1786526170.341731830] [map_io_node]:   display_leaf_size: 0.10 m
[map_io_node-4] [INFO] [1786526170.341754359] [map_io_node]:   max_display_points: 3000000
[rviz2-7] [INFO] [1786526170.741796710] [rviz2]: Stereo is NOT SUPPORTED
[rviz2-7] [INFO] [1786526170.742667431] [rviz2]: OpenGl version: 4.6 (GLSL 4.6)
[rviz2-7] [INFO] [1786526170.816945601] [rviz2]: Stereo is NOT SUPPORTED
[super_planner_ros2_node-6] [INFO] [1786526171.037120597] [super_planner_ros2_node]: SUPER_ROS2 mode=NO_ODOM enable_output=true reason=NO_ODOM odom=(0.00,0.00,0.00) goal=none tracking_setpoint_enu=(0.00,0.00,0.00) setpoint_ned=none yaw(desired/cmd/rate)=(0.00/0.00/0.00) cross_track=0.00 frame_id=px4_ned path_points=0 odom_source=none cloud_source=none mavros_connected=false
[offboard_waypoint_node-1] [INFO] [1786526171.114563493] [offboard_waypoint_node]: [EV_HOLD_WAIT] continuous_healthy=0.00s required=7.50s
[offboard_waypoint_node-1] [INFO] [1786526171.115296391] [offboard_waypoint_node]: [CONTROL_ARBITER] selected_source=waiting_for_ev_ground_reference state=WAITING_FOR_ODOM
[map_io_node-4] [INFO] [1786526171.343799065] [map_io_node]: Loaded 9628 points from /home/robot/rong_ws/ws_offboard_control/maps/fastlio_global_3d_20260810/GlobalMap_去顶端_z3m.pcd
[map_io_node-4] [INFO] [1786526171.348154438] [map_io_node]: Downsampled display map: 9628 -> 9161 points (leaf 0.10 m)
[map_io_node-4] [INFO] [1786526171.349601118] [map_io_node]: Published map to /saved_map (frame: camera_init)
[super_planner_ros2_node-6] [WARN] [1786526171.350795594] [super_planner_ros2_node]: Using cloud source: /saved_map frame_id=camera_init
[super_planner_ros2_node-6] [INFO] [1786526172.086380302] [super_planner_ros2_node]: SUPER_ROS2 mode=NO_ODOM enable_output=true reason=NO_ODOM odom=(0.00,0.00,0.00) goal=none tracking_setpoint_enu=(0.00,0.00,0.00) setpoint_ned=none yaw(desired/cmd/rate)=(0.00/0.00/0.00) cross_track=0.00 frame_id=px4_ned path_points=0 odom_source=none cloud_source=/saved_map mavros_connected=false
[offboard_waypoint_node-1] [INFO] [1786526172.164487040] [offboard_waypoint_node]: [EV_HOLD_WAIT] continuous_healthy=0.00s required=7.50s
[offboard_waypoint_node-1] [INFO] [1786526172.165002847] [offboard_waypoint_node]: [CONTROL_ARBITER] selected_source=waiting_for_ev_ground_reference state=WAITING_FOR_ODOM
[super_planner_ros2_node-6] [INFO] [1786526173.136725703] [super_planner_ros2_node]: SUPER_ROS2 mode=NO_ODOM enable_output=true reason=NO_ODOM odom=(0.00,0.00,0.00) goal=none tracking_setpoint_enu=(0.00,0.00,0.00) setpoint_ned=none yaw(desired/cmd/rate)=(0.00/0.00/0.00) cross_track=0.00 frame_id=px4_ned path_points=0 odom_source=none cloud_source=/saved_map mavros_connected=false
[offboard_waypoint_node-1] [INFO] [1786526173.214210365] [offboard_waypoint_node]: [EV_HOLD_WAIT] continuous_healthy=0.00s required=7.50s
[offboard_waypoint_node-1] [INFO] [1786526173.214820198] [offboard_waypoint_node]: [CONTROL_ARBITER] selected_source=waiting_for_ev_ground_reference state=WAITING_FOR_ODOM
[super_planner_ros2_node-6] [INFO] [1786526174.186078940] [super_planner_ros2_node]: SUPER_ROS2 mode=NO_ODOM enable_output=true reason=NO_ODOM odom=(0.00,0.00,0.00) goal=none tracking_setpoint_enu=(0.00,0.00,0.00) setpoint_ned=none yaw(desired/cmd/rate)=(0.00/0.00/0.00) cross_track=0.00 frame_id=px4_ned path_points=0 odom_source=none cloud_source=/saved_map mavros_connected=false
[offboard_waypoint_node-1] [INFO] [1786526174.264095461] [offboard_waypoint_node]: [EV_HOLD_WAIT] continuous_healthy=0.00s required=7.50s
[offboard_waypoint_node-1] [INFO] [1786526174.264322675] [offboard_waypoint_node]: [CONTROL_ARBITER] selected_source=waiting_for_ev_ground_reference state=WAITING_FOR_ODOM
[super_planner_ros2_node-6] [INFO] [1786526175.186117949] [super_planner_ros2_node]: SUPER_ROS2 mode=NO_ODOM enable_output=true reason=NO_ODOM odom=(0.00,0.00,0.00) goal=none tracking_setpoint_enu=(0.00,0.00,0.00) setpoint_ned=none yaw(desired/cmd/rate)=(0.00/0.00/0.00) cross_track=0.00 frame_id=px4_ned path_points=0 odom_source=none cloud_source=/saved_map mavros_connected=false
[offboard_waypoint_node-1] [INFO] [1786526175.313947155] [offboard_waypoint_node]: [EV_HOLD_WAIT] continuous_healthy=0.00s required=7.50s
[offboard_waypoint_node-1] [INFO] [1786526175.314055907] [offboard_waypoint_node]: [CONTROL_ARBITER] selected_source=waiting_for_ev_ground_reference state=WAITING_FOR_ODOM
[super_planner_ros2_node-6] [INFO] [1786526176.236442580] [super_planner_ros2_node]: SUPER_ROS2 mode=NO_ODOM enable_output=true reason=NO_ODOM odom=(0.00,0.00,0.00) goal=none tracking_setpoint_enu=(0.00,0.00,0.00) setpoint_ned=none yaw(desired/cmd/rate)=(0.00/0.00/0.00) cross_track=0.00 frame_id=px4_ned path_points=0 odom_source=none cloud_source=/saved_map mavros_connected=false
[offboard_waypoint_node-1] [INFO] [1786526176.364003615] [offboard_waypoint_node]: [EV_HOLD_WAIT] continuous_healthy=0.00s required=7.50s
[offboard_waypoint_node-1] [INFO] [1786526176.364205213] [offboard_waypoint_node]: [CONTROL_ARBITER] selected_source=waiting_for_ev_ground_reference state=WAITING_FOR_ODOM
[super_planner_ros2_node-6] [INFO] [1786526177.286048752] [super_planner_ros2_node]: SUPER_ROS2 mode=NO_ODOM enable_output=true reason=NO_ODOM odom=(0.00,0.00,0.00) goal=none tracking_setpoint_enu=(0.00,0.00,0.00) setpoint_ned=none yaw(desired/cmd/rate)=(0.00/0.00/0.00) cross_track=0.00 frame_id=px4_ned path_points=0 odom_source=none cloud_source=/saved_map mavros_connected=false
[offboard_waypoint_node-1] [INFO] [1786526177.364005540] [offboard_waypoint_node]: [EV_HOLD_WAIT] continuous_healthy=0.00s required=7.50s
[offboard_waypoint_node-1] [INFO] [1786526177.414184660] [offboard_waypoint_node]: [CONTROL_ARBITER] selected_source=waiting_for_ev_ground_reference state=WAITING_FOR_ODOM
[super_planner_ros2_node-6] [INFO] [1786526178.336443593] [super_planner_ros2_node]: SUPER_ROS2 mode=NO_ODOM enable_output=true reason=NO_ODOM odom=(0.00,0.00,0.00) goal=none tracking_setpoint_enu=(0.00,0.00,0.00) setpoint_ned=none yaw(desired/cmd/rate)=(0.00/0.00/0.00) cross_track=0.00 frame_id=px4_ned path_points=0 odom_source=none cloud_source=/saved_map mavros_connected=false
[offboard_waypoint_node-1] [INFO] [1786526178.414053195] [offboard_waypoint_node]: [EV_HOLD_WAIT] continuous_healthy=0.00s required=7.50s
[offboard_waypoint_node-1] [INFO] [1786526178.414246947] [offboard_waypoint_node]: [CONTROL_ARBITER] selected_source=waiting_for_ev_ground_reference state=WAITING_FOR_ODOM
[super_planner_ros2_node-6] [INFO] [1786526179.336702521] [super_planner_ros2_node]: SUPER_ROS2 mode=NO_ODOM enable_output=true reason=NO_ODOM odom=(0.00,0.00,0.00) goal=none tracking_setpoint_enu=(0.00,0.00,0.00) setpoint_ned=none yaw(desired/cmd/rate)=(0.00/0.00/0.00) cross_track=0.00 frame_id=px4_ned path_points=0 odom_source=none cloud_source=/saved_map mavros_connected=false
[offboard_waypoint_node-1] [INFO] [1786526179.464051892] [offboard_waypoint_node]: [EV_HOLD_WAIT] continuous_healthy=0.00s required=7.50s
[offboard_waypoint_node-1] [INFO] [1786526179.464774712] [offboard_waypoint_node]: [CONTROL_ARBITER] selected_source=waiting_for_ev_ground_reference state=WAITING_FOR_ODOM
[super_planner_ros2_node-6] [INFO] [1786526180.386438569] [super_planner_ros2_node]: SUPER_ROS2 mode=NO_ODOM enable_output=true reason=NO_ODOM odom=(0.00,0.00,0.00) goal=none tracking_setpoint_enu=(0.00,0.00,0.00) setpoint_ned=none yaw(desired/cmd/rate)=(0.00/0.00/0.00) cross_track=0.00 frame_id=px4_ned path_points=0 odom_source=none cloud_source=/saved_map mavros_connected=false
[offboard_waypoint_node-1] [INFO] [1786526180.514416022] [offboard_waypoint_node]: [EV_HOLD_WAIT] continuous_healthy=0.00s required=7.50s
[offboard_waypoint_node-1] [INFO] [1786526180.515164411] [offboard_waypoint_node]: [CONTROL_ARBITER] selected_source=waiting_for_ev_ground_reference state=WAITING_FOR_ODOM
[super_planner_ros2_node-6] [INFO] [1786526181.435722262] [super_planner_ros2_node]: SUPER_ROS2 mode=NO_ODOM enable_output=true reason=NO_ODOM odom=(0.00,0.00,0.00) goal=none tracking_setpoint_enu=(0.00,0.00,0.00) setpoint_ned=none yaw(desired/cmd/rate)=(0.00/0.00/0.00) cross_track=0.00 frame_id=px4_ned path_points=0 odom_source=none cloud_source=/saved_map mavros_connected=false
[offboard_waypoint_node-1] [INFO] [1786526181.514700653] [offboard_waypoint_node]: [EV_HOLD_WAIT] continuous_healthy=0.00s required=7.50s
[offboard_waypoint_node-1] [INFO] [1786526181.564109578] [offboard_waypoint_node]: [CONTROL_ARBITER] selected_source=waiting_for_ev_ground_reference state=WAITING_FOR_ODOM
[super_planner_ros2_node-6] [INFO] [1786526182.436335405] [super_planner_ros2_node]: SUPER_ROS2 mode=NO_ODOM enable_output=true reason=NO_ODOM odom=(0.00,0.00,0.00) goal=none tracking_setpoint_enu=(0.00,0.00,0.00) setpoint_ned=none yaw(desired/cmd/rate)=(0.00/0.00/0.00) cross_track=0.00 frame_id=px4_ned path_points=0 odom_source=none cloud_source=/saved_map mavros_connected=false
[offboard_waypoint_node-1] [INFO] [1786526182.563971736] [offboard_waypoint_node]: [EV_HOLD_WAIT] continuous_healthy=0.00s required=7.50s
[offboard_waypoint_node-1] [INFO] [1786526182.564246933] [offboard_waypoint_node]: [CONTROL_ARBITER] selected_source=waiting_for_ev_ground_reference state=WAITING_FOR_ODOM
[super_planner_ros2_node-6] [INFO] [1786526183.485868539] [super_planner_ros2_node]: SUPER_ROS2 mode=NO_ODOM enable_output=true reason=NO_ODOM odom=(0.00,0.00,0.00) goal=none tracking_setpoint_enu=(0.00,0.00,0.00) setpoint_ned=none yaw(desired/cmd/rate)=(0.00/0.00/0.00) cross_track=0.00 frame_id=px4_ned path_points=0 odom_source=none cloud_source=/saved_map mavros_connected=false
[offboard_waypoint_node-1] [INFO] [1786526183.564079753] [offboard_waypoint_node]: [EV_HOLD_WAIT] continuous_healthy=0.00s required=7.50s
[offboard_waypoint_node-1] [INFO] [1786526183.564501178] [offboard_waypoint_node]: [CONTROL_ARBITER] selected_source=waiting_for_ev_ground_reference state=WAITING_FOR_ODOM
[super_planner_ros2_node-6] [INFO] [1786526184.535749452] [super_planner_ros2_node]: SUPER_ROS2 mode=NO_ODOM enable_output=true reason=NO_ODOM odom=(0.00,0.00,0.00) goal=none tracking_setpoint_enu=(0.00,0.00,0.00) setpoint_ned=none yaw(desired/cmd/rate)=(0.00/0.00/0.00) cross_track=0.00 frame_id=px4_ned path_points=0 odom_source=none cloud_source=/saved_map mavros_connected=false
[offboard_waypoint_node-1] [INFO] [1786526184.613837916] [offboard_waypoint_node]: [EV_HOLD_WAIT] continuous_healthy=0.00s required=7.50s
[offboard_waypoint_node-1] [INFO] [1786526184.613949966] [offboard_waypoint_node]: [CONTROL_ARBITER] selected_source=waiting_for_ev_ground_reference state=WAITING_FOR_ODOM
[super_planner_ros2_node-6] [WARN] [1786526185.420551557] [super_planner_ros2_node]: Using odom source: /race/odom odom_input_frame=map planner_map=(0.00, 0.00, -0.09) current_yaw_ned=0.002
[super_planner_ros2_node-6] [INFO] [1786526185.536302420] [super_planner_ros2_node]: SUPER_ROS2 mode=IDLE enable_output=true reason=NO_GOAL odom=(0.00,0.00,-0.08) goal=none tracking_setpoint_enu=(0.00,0.00,0.78) setpoint_ned=none yaw(desired/cmd/rate)=(0.00/0.00/0.00) cross_track=0.00 frame_id=px4_ned path_points=0 odom_source=/race/odom cloud_source=/saved_map mavros_connected=false
[offboard_waypoint_node-1] [INFO] [1786526185.663892483] [offboard_waypoint_node]: [EV_HOLD_WAIT] continuous_healthy=0.00s required=7.50s
[offboard_waypoint_node-1] [INFO] [1786526185.664132822] [offboard_waypoint_node]: [CONTROL_ARBITER] selected_source=waiting_for_ev_ground_reference state=WAITING_FOR_ODOM
[fastlio_bridge_node-2] [INFO] [1786526186.021573727] [fastlio_bridge_node]: 已桥接并转换里程计: ENU(0.01, 0.00, -0.09) -> NED(0.00, 0.01, 0.09)
[super_planner_ros2_node-6] [INFO] [1786526186.585751648] [super_planner_ros2_node]: SUPER_ROS2 mode=IDLE enable_output=true reason=NO_GOAL odom=(0.01,0.01,-0.09) goal=none tracking_setpoint_enu=(0.01,0.01,0.78) setpoint_ned=none yaw(desired/cmd/rate)=(0.00/0.00/0.00) cross_track=0.00 frame_id=px4_ned path_points=0 odom_source=/race/odom cloud_source=/saved_map mavros_connected=false
[offboard_waypoint_node-1] [INFO] [1786526186.713962501] [offboard_waypoint_node]: [EV_HOLD_WAIT] continuous_healthy=0.00s required=7.50s
[offboard_waypoint_node-1] [INFO] [1786526186.714263486] [offboard_waypoint_node]: [CONTROL_ARBITER] selected_source=waiting_for_ev_ground_reference state=WAITING_FOR_ODOM
[super_planner_ros2_node-6] [INFO] [1786526187.586183452] [super_planner_ros2_node]: SUPER_ROS2 mode=IDLE enable_output=true reason=NO_GOAL odom=(-0.00,0.00,-0.09) goal=none tracking_setpoint_enu=(-0.00,0.00,0.78) setpoint_ned=none yaw(desired/cmd/rate)=(0.00/0.00/0.00) cross_track=0.00 frame_id=px4_ned path_points=0 odom_source=/race/odom cloud_source=/saved_map mavros_connected=false
[offboard_waypoint_node-1] [INFO] [1786526187.714248216] [offboard_waypoint_node]: [EV_HOLD_WAIT] continuous_healthy=0.00s required=7.50s
[offboard_waypoint_node-1] [INFO] [1786526187.714509742] [offboard_waypoint_node]: [CONTROL_ARBITER] selected_source=waiting_for_ev_ground_reference state=WAITING_FOR_ODOM
[fastlio_bridge_node-2] [INFO] [1786526188.018116895] [fastlio_bridge_node]: 已桥接并转换里程计: ENU(-0.00, 0.01, -0.09) -> NED(0.01, -0.00, 0.09)
[super_planner_ros2_node-6] [INFO] [1786526188.586219010] [super_planner_ros2_node]: SUPER_ROS2 mode=IDLE enable_output=true reason=NO_GOAL odom=(-0.00,0.01,-0.09) goal=none tracking_setpoint_enu=(-0.00,0.01,0.78) setpoint_ned=none yaw(desired/cmd/rate)=(0.00/0.00/0.00) cross_track=0.00 frame_id=px4_ned path_points=0 odom_source=/race/odom cloud_source=/saved_map mavros_connected=false
[offboard_waypoint_node-1] [INFO] [1786526188.763807368] [offboard_waypoint_node]: [EV_HOLD_WAIT] continuous_healthy=0.00s required=7.50s
[offboard_waypoint_node-1] [INFO] [1786526188.763991555] [offboard_waypoint_node]: [CONTROL_ARBITER] selected_source=waiting_for_ev_ground_reference state=WAITING_FOR_ODOM
[super_planner_ros2_node-6] [INFO] [1786526189.587900676] [super_planner_ros2_node]: SUPER_ROS2 mode=IDLE enable_output=true reason=NO_GOAL odom=(-0.01,0.01,-0.09) goal=none tracking_setpoint_enu=(-0.01,0.01,0.78) setpoint_ned=none yaw(desired/cmd/rate)=(0.00/0.00/0.00) cross_track=0.00 frame_id=px4_ned path_points=0 odom_source=/race/odom cloud_source=/saved_map mavros_connected=false
[offboard_waypoint_node-1] [INFO] [1786526189.763853627] [offboard_waypoint_node]: [EV_HOLD_WAIT] continuous_healthy=0.00s required=7.50s
[offboard_waypoint_node-1] [INFO] [1786526189.764186579] [offboard_waypoint_node]: [CONTROL_ARBITER] selected_source=waiting_for_ev_ground_reference state=WAITING_FOR_ODOM
[fastlio_bridge_node-2] [INFO] [1786526190.021579060] [fastlio_bridge_node]: 已桥接并转换里程计: ENU(-0.01, 0.01, -0.09) -> NED(0.01, -0.01, 0.09)
[super_planner_ros2_node-6] [WARN] [1786526190.130227214] [super_planner_ros2_node]: MAVROS reports connected=false; FCU link is down.
[offboard_waypoint_node-1] [WARN] [1786526190.315815199] [offboard_waypoint_node]: [POSE_WAIT] no local velocity sample yet on /mavros/local_position/velocity_local
[super_planner_ros2_node-6] [INFO] [1786526190.635900292] [super_planner_ros2_node]: SUPER_ROS2 mode=IDLE enable_output=true reason=NO_GOAL odom=(-0.01,0.01,-0.09) goal=none tracking_setpoint_enu=(-0.01,0.01,0.78) setpoint_ned=none yaw(desired/cmd/rate)=(0.00/0.00/0.00) cross_track=0.00 frame_id=px4_ned path_points=0 odom_source=/race/odom cloud_source=/saved_map mavros_connected=false
[offboard_waypoint_node-1] [INFO] [1786526190.813912966] [offboard_waypoint_node]: [EV_HOLD_WAIT] continuous_healthy=0.00s required=7.50s
[offboard_waypoint_node-1] [INFO] [1786526190.814253477] [offboard_waypoint_node]: [CONTROL_ARBITER] selected_source=waiting_for_ev_ground_reference state=WAITING_FOR_ODOM
[offboard_waypoint_node-1] [INFO] [1786526190.882871330] [offboard_waypoint_node]: [POSE_TRUSTED] stable_for=0.53s position_ned=(-0.017,-0.013,0.133)
[super_planner_ros2_node-6] [INFO] [1786526191.635940460] [super_planner_ros2_node]: SUPER_ROS2 mode=IDLE enable_output=true reason=NO_GOAL odom=(-0.01,0.01,-0.09) goal=none tracking_setpoint_enu=(-0.01,0.01,0.78) setpoint_ned=none yaw(desired/cmd/rate)=(0.00/0.00/0.00) cross_track=0.00 frame_id=px4_ned path_points=0 odom_source=/race/odom cloud_source=/saved_map mavros_connected=true
[offboard_waypoint_node-1] [INFO] [1786526191.813971715] [offboard_waypoint_node]: [EV_HOLD_WAIT] continuous_healthy=0.00s required=7.50s
[offboard_waypoint_node-1] [INFO] [1786526191.864167661] [offboard_waypoint_node]: [CONTROL_ARBITER] selected_source=waiting_for_ev_ground_reference state=WAITING_FOR_ODOM
[fastlio_bridge_node-2] [INFO] [1786526192.020354811] [fastlio_bridge_node]: 已桥接并转换里程计: ENU(-0.00, 0.00, -0.09) -> NED(0.00, -0.00, 0.09)
[super_planner_ros2_node-6] [INFO] [1786526192.686482436] [super_planner_ros2_node]: SUPER_ROS2 mode=IDLE enable_output=true reason=NO_GOAL odom=(-0.00,0.01,-0.09) goal=none tracking_setpoint_enu=(-0.00,0.01,0.78) setpoint_ned=none yaw(desired/cmd/rate)=(0.00/0.00/0.00) cross_track=0.00 frame_id=px4_ned path_points=0 odom_source=/race/odom cloud_source=/saved_map mavros_connected=true
[offboard_waypoint_node-1] [INFO] [1786526192.860130466] [offboard_waypoint_node]: [EV_HEALTH] state=FAULT continuous_healthy=0.00s
[offboard_waypoint_node-1] [INFO] [1786526192.863719165] [offboard_waypoint_node]: [EV_HOLD_WAIT] continuous_healthy=0.00s required=7.50s
[offboard_waypoint_node-1] [INFO] [1786526192.914187418] [offboard_waypoint_node]: [CONTROL_ARBITER] selected_source=waiting_for_ev_ground_reference state=WAITING_FOR_ODOM
[super_planner_ros2_node-6] [INFO] [1786526193.735852467] [super_planner_ros2_node]: SUPER_ROS2 mode=IDLE enable_output=true reason=NO_GOAL odom=(-0.01,0.01,-0.09) goal=none tracking_setpoint_enu=(-0.01,0.01,0.78) setpoint_ned=none yaw(desired/cmd/rate)=(0.00/0.00/0.00) cross_track=0.00 frame_id=px4_ned path_points=0 odom_source=/race/odom cloud_source=/saved_map mavros_connected=true
[offboard_waypoint_node-1] [INFO] [1786526193.863757905] [offboard_waypoint_node]: [EV_HOLD_WAIT] continuous_healthy=0.00s required=7.50s
[offboard_waypoint_node-1] [INFO] [1786526193.963932840] [offboard_waypoint_node]: [CONTROL_ARBITER] selected_source=waiting_for_ev_ground_reference state=WAITING_FOR_ODOM
[fastlio_bridge_node-2] [INFO] [1786526194.029243221] [fastlio_bridge_node]: 已桥接并转换里程计: ENU(-0.01, 0.00, -0.09) -> NED(0.00, -0.01, 0.09)
[super_planner_ros2_node-6] [INFO] [1786526194.785747026] [super_planner_ros2_node]: SUPER_ROS2 mode=IDLE enable_output=true reason=NO_GOAL odom=(-0.01,0.00,-0.09) goal=none tracking_setpoint_enu=(-0.01,0.00,0.78) setpoint_ned=none yaw(desired/cmd/rate)=(0.00/0.00/0.00) cross_track=0.00 frame_id=px4_ned path_points=0 odom_source=/race/odom cloud_source=/saved_map mavros_connected=true
[offboard_waypoint_node-1] [INFO] [1786526194.863831441] [offboard_waypoint_node]: [EV_HOLD_WAIT] continuous_healthy=0.00s required=7.50s
[offboard_waypoint_node-1] [INFO] [1786526194.922292136] [offboard_waypoint_node]: [EV_HEALTH] state=HEALTHY continuous_healthy=0.00s
[offboard_waypoint_node-1] [INFO] [1786526194.963961097] [offboard_waypoint_node]: [CONTROL_ARBITER] selected_source=waiting_for_ev_ground_reference state=WAITING_FOR_ODOM
[super_planner_ros2_node-6] [INFO] [1786526195.786175277] [super_planner_ros2_node]: SUPER_ROS2 mode=IDLE enable_output=true reason=NO_GOAL odom=(-0.01,0.01,-0.09) goal=none tracking_setpoint_enu=(-0.01,0.01,0.78) setpoint_ned=none yaw(desired/cmd/rate)=(0.00/0.00/0.00) cross_track=0.00 frame_id=px4_ned path_points=0 odom_source=/race/odom cloud_source=/saved_map mavros_connected=true
[offboard_waypoint_node-1] [INFO] [1786526195.913854339] [offboard_waypoint_node]: [EV_HOLD_WAIT] continuous_healthy=0.99s required=7.50s
[offboard_waypoint_node-1] [INFO] [1786526196.014172439] [offboard_waypoint_node]: [CONTROL_ARBITER] selected_source=waiting_for_ev_ground_reference state=WAITING_FOR_ODOM
[fastlio_bridge_node-2] [INFO] [1786526196.017333960] [fastlio_bridge_node]: 已桥接并转换里程计: ENU(-0.01, 0.01, -0.09) -> NED(0.01, -0.01, 0.09)
[super_planner_ros2_node-6] [INFO] [1786526196.835632645] [super_planner_ros2_node]: SUPER_ROS2 mode=IDLE enable_output=true reason=NO_GOAL odom=(-0.01,0.01,-0.09) goal=none tracking_setpoint_enu=(-0.01,0.01,0.78) setpoint_ned=none yaw(desired/cmd/rate)=(0.00/0.00/0.00) cross_track=0.00 frame_id=px4_ned path_points=0 odom_source=/race/odom cloud_source=/saved_map mavros_connected=true
[offboard_waypoint_node-1] [INFO] [1786526196.963744482] [offboard_waypoint_node]: [EV_HOLD_WAIT] continuous_healthy=2.04s required=7.50s
[offboard_waypoint_node-1] [INFO] [1786526197.064594125] [offboard_waypoint_node]: [CONTROL_ARBITER] selected_source=waiting_for_ev_ground_reference state=WAITING_FOR_ODOM
[super_planner_ros2_node-6] [INFO] [1786526197.836044274] [super_planner_ros2_node]: SUPER_ROS2 mode=IDLE enable_output=true reason=NO_GOAL odom=(-0.01,0.01,-0.09) goal=none tracking_setpoint_enu=(-0.01,0.01,0.78) setpoint_ned=none yaw(desired/cmd/rate)=(0.00/0.00/0.00) cross_track=0.00 frame_id=px4_ned path_points=0 odom_source=/race/odom cloud_source=/saved_map mavros_connected=true
[offboard_waypoint_node-1] [INFO] [1786526197.963987334] [offboard_waypoint_node]: [EV_HOLD_WAIT] continuous_healthy=3.04s required=7.50s
[mapping_manager_node-5] [INFO] [1786526197.978619305] [mapping_manager_node]: Mapping status: in_flight=false, map_loaded=false, map_saved=false
[fastlio_bridge_node-2] [INFO] [1786526198.016369110] [fastlio_bridge_node]: 已桥接并转换里程计: ENU(-0.01, 0.00, -0.09) -> NED(0.00, -0.01, 0.09)
[offboard_waypoint_node-1] [INFO] [1786526198.113971090] [offboard_waypoint_node]: [CONTROL_ARBITER] selected_source=waiting_for_ev_ground_reference state=WAITING_FOR_ODOM
[super_planner_ros2_node-6] [INFO] [1786526198.885723587] [super_planner_ros2_node]: SUPER_ROS2 mode=IDLE enable_output=true reason=NO_GOAL odom=(-0.01,0.01,-0.09) goal=none tracking_setpoint_enu=(-0.01,0.01,0.78) setpoint_ned=none yaw(desired/cmd/rate)=(0.00/0.00/0.00) cross_track=0.00 frame_id=px4_ned path_points=0 odom_source=/race/odom cloud_source=/saved_map mavros_connected=true
[offboard_waypoint_node-1] [INFO] [1786526199.013877536] [offboard_waypoint_node]: [EV_HOLD_WAIT] continuous_healthy=4.09s required=7.50s
[offboard_waypoint_node-1] [INFO] [1786526199.114055361] [offboard_waypoint_node]: [CONTROL_ARBITER] selected_source=waiting_for_ev_ground_reference state=WAITING_FOR_ODOM
[super_planner_ros2_node-6] [INFO] [1786526199.889857298] [super_planner_ros2_node]: SUPER_ROS2 mode=IDLE enable_output=true reason=NO_GOAL odom=(-0.01,0.01,-0.09) goal=none tracking_setpoint_enu=(-0.01,0.01,0.78) setpoint_ned=none yaw(desired/cmd/rate)=(0.00/0.00/0.00) cross_track=0.00 frame_id=px4_ned path_points=0 odom_source=/race/odom cloud_source=/saved_map mavros_connected=true
[fastlio_bridge_node-2] [INFO] [1786526200.017107426] [fastlio_bridge_node]: 已桥接并转换里程计: ENU(0.00, 0.00, -0.09) -> NED(0.00, 0.00, 0.09)
[offboard_waypoint_node-1] [INFO] [1786526200.063816329] [offboard_waypoint_node]: [EV_HOLD_WAIT] continuous_healthy=5.14s required=7.50s
[offboard_waypoint_node-1] [INFO] [1786526200.115840458] [offboard_waypoint_node]: [CONTROL_ARBITER] selected_source=waiting_for_ev_ground_reference state=WAITING_FOR_ODOM
[super_planner_ros2_node-6] [INFO] [1786526200.935626632] [super_planner_ros2_node]: SUPER_ROS2 mode=IDLE enable_output=true reason=NO_GOAL odom=(-0.01,0.00,-0.09) goal=none tracking_setpoint_enu=(-0.01,0.00,0.78) setpoint_ned=none yaw(desired/cmd/rate)=(0.00/0.00/0.00) cross_track=0.00 frame_id=px4_ned path_points=0 odom_source=/race/odom cloud_source=/saved_map mavros_connected=true
[offboard_waypoint_node-1] [INFO] [1786526201.113772894] [offboard_waypoint_node]: [EV_HOLD_WAIT] continuous_healthy=6.19s required=7.50s
[offboard_waypoint_node-1] [INFO] [1786526201.163859540] [offboard_waypoint_node]: [CONTROL_ARBITER] selected_source=waiting_for_ev_ground_reference state=WAITING_FOR_ODOM
[super_planner_ros2_node-6] [INFO] [1786526201.935641239] [super_planner_ros2_node]: SUPER_ROS2 mode=IDLE enable_output=true reason=NO_GOAL odom=(-0.01,0.01,-0.09) goal=none tracking_setpoint_enu=(-0.01,0.01,0.78) setpoint_ned=none yaw(desired/cmd/rate)=(0.00/0.00/0.00) cross_track=0.00 frame_id=px4_ned path_points=0 odom_source=/race/odom cloud_source=/saved_map mavros_connected=true
[fastlio_bridge_node-2] [INFO] [1786526202.018310520] [fastlio_bridge_node]: 已桥接并转换里程计: ENU(-0.01, 0.01, -0.09) -> NED(0.01, -0.01, 0.09)
[offboard_waypoint_node-1] [INFO] [1786526202.163735453] [offboard_waypoint_node]: [EV_HOLD_WAIT] continuous_healthy=7.24s required=7.50s
[offboard_waypoint_node-1] [INFO] [1786526202.164030326] [offboard_waypoint_node]: [CONTROL_ARBITER] selected_source=waiting_for_ev_ground_reference state=WAITING_FOR_ODOM
[offboard_waypoint_node-1] [WARN] [1786526202.463683623] [offboard_waypoint_node]: [HOLD_POSITION] x=0.004 y=-0.007 z=0.090 yaw=-0.012 reason=EV-ready startup idle hold
[offboard_waypoint_node-1] [WARN] [1786526202.463825087] [offboard_waypoint_node]: [CONTROL_STATE] WAITING_FOR_ODOM -> IDLE_HOLD: no active goal
[offboard_waypoint_node-1] [INFO] [1786526202.464090310] [offboard_waypoint_node]: [HOLD_ERROR] position_error=0.000 velocity=0.004 state=IDLE_HOLD
[super_planner_ros2_node-6] [INFO] [1786526202.935831618] [super_planner_ros2_node]: SUPER_ROS2 mode=IDLE enable_output=true reason=NO_GOAL odom=(-0.01,0.00,-0.09) goal=none tracking_setpoint_enu=(-0.01,0.00,0.78) setpoint_ned=none yaw(desired/cmd/rate)=(0.00/0.00/0.00) cross_track=0.00 frame_id=px4_ned path_points=0 odom_source=/race/odom cloud_source=/saved_map mavros_connected=true
[offboard_waypoint_node-1] [INFO] [1786526203.213813657] [offboard_waypoint_node]: [CONTROL_ARBITER] selected_source=safety_hold state=IDLE_HOLD
[offboard_waypoint_node-1] [INFO] [1786526203.513867817] [offboard_waypoint_node]: [HOLD_ERROR] position_error=0.004 velocity=0.004 state=IDLE_HOLD
[super_planner_ros2_node-6] [INFO] [1786526203.985633695] [super_planner_ros2_node]: SUPER_ROS2 mode=IDLE enable_output=true reason=NO_GOAL odom=(-0.01,0.00,-0.09) goal=none tracking_setpoint_enu=(-0.01,0.00,0.78) setpoint_ned=none yaw(desired/cmd/rate)=(0.00/0.00/0.00) cross_track=0.00 frame_id=px4_ned path_points=0 odom_source=/race/odom cloud_source=/saved_map mavros_connected=true
[fastlio_bridge_node-2] [INFO] [1786526204.018598070] [fastlio_bridge_node]: 已桥接并转换里程计: ENU(-0.01, 0.00, -0.09) -> NED(0.00, -0.01, 0.09)
[offboard_waypoint_node-1] [INFO] [1786526204.213824408] [offboard_waypoint_node]: [CONTROL_ARBITER] selected_source=safety_hold state=IDLE_HOLD
[offboard_waypoint_node-1] [INFO] [1786526204.563782118] [offboard_waypoint_node]: [HOLD_ERROR] position_error=0.007 velocity=0.003 state=IDLE_HOLD
[super_planner_ros2_node-6] [INFO] [1786526204.986117601] [super_planner_ros2_node]: SUPER_ROS2 mode=IDLE enable_output=true reason=NO_GOAL odom=(-0.00,0.01,-0.09) goal=none tracking_setpoint_enu=(-0.00,0.01,0.78) setpoint_ned=none yaw(desired/cmd/rate)=(0.00/0.00/0.00) cross_track=0.00 frame_id=px4_ned path_points=0 odom_source=/race/odom cloud_source=/saved_map mavros_connected=true
[offboard_waypoint_node-1] [INFO] [1786526205.214302411] [offboard_waypoint_node]: [CONTROL_ARBITER] selected_source=safety_hold state=IDLE_HOLD
[offboard_waypoint_node-1] [INFO] [1786526205.564104391] [offboard_waypoint_node]: [HOLD_ERROR] position_error=0.004 velocity=0.004 state=IDLE_HOLD
[fastlio_bridge_node-2] [INFO] [1786526206.020434801] [fastlio_bridge_node]: 已桥接并转换里程计: ENU(-0.01, 0.00, -0.09) -> NED(0.00, -0.01, 0.09)
[super_planner_ros2_node-6] [INFO] [1786526206.035980278] [super_planner_ros2_node]: SUPER_ROS2 mode=IDLE enable_output=true reason=NO_GOAL odom=(-0.01,0.00,-0.09) goal=none tracking_setpoint_enu=(-0.01,0.00,0.78) setpoint_ned=none yaw(desired/cmd/rate)=(0.00/0.00/0.00) cross_track=0.00 frame_id=px4_ned path_points=0 odom_source=/race/odom cloud_source=/saved_map mavros_connected=true
[offboard_waypoint_node-1] [INFO] [1786526206.263841848] [offboard_waypoint_node]: [CONTROL_ARBITER] selected_source=safety_hold state=IDLE_HOLD
[offboard_waypoint_node-1] [INFO] [1786526206.613998307] [offboard_waypoint_node]: [HOLD_ERROR] position_error=0.005 velocity=0.004 state=IDLE_HOLD
[offboard_waypoint_node-1] [INFO] [1786526207.020007307] [offboard_waypoint_node]: [EV_HEALTH] state=SUSPECT continuous_healthy=0.00s
[offboard_waypoint_node-1] [WARN] [1786526207.063665389] [offboard_waypoint_node]: [GROUND_REFERENCE_INVALIDATED] EV is no longer continuously healthy while disarmed
[offboard_waypoint_node-1] [WARN] [1786526207.063729445] [offboard_waypoint_node]: [CONTROL_STATE] IDLE_HOLD -> WAITING_FOR_ODOM: waiting for continuous EV health before initial hold
[offboard_waypoint_node-1] [INFO] [1786526207.063744659] [offboard_waypoint_node]: [EV_HOLD_WAIT] continuous_healthy=0.00s required=7.50s
[super_planner_ros2_node-6] [INFO] [1786526207.085689470] [super_planner_ros2_node]: SUPER_ROS2 mode=IDLE enable_output=true reason=NO_GOAL odom=(-0.01,0.01,-0.09) goal=none tracking_setpoint_enu=(-0.01,0.01,0.78) setpoint_ned=none yaw(desired/cmd/rate)=(0.00/0.00/0.00) cross_track=0.00 frame_id=px4_ned path_points=0 odom_source=/race/odom cloud_source=/saved_map mavros_connected=true
[offboard_waypoint_node-1] [INFO] [1786526207.263900835] [offboard_waypoint_node]: [CONTROL_ARBITER] selected_source=waiting_for_ev_ground_reference state=WAITING_FOR_ODOM
[fastlio_bridge_node-2] [INFO] [1786526208.018020077] [fastlio_bridge_node]: 已桥接并转换里程计: ENU(-0.01, 0.00, -0.09) -> NED(0.00, -0.01, 0.09)
[offboard_waypoint_node-1] [INFO] [1786526208.064045634] [offboard_waypoint_node]: [EV_HOLD_WAIT] continuous_healthy=0.00s required=7.50s
[super_planner_ros2_node-6] [INFO] [1786526208.085743616] [super_planner_ros2_node]: SUPER_ROS2 mode=IDLE enable_output=true reason=NO_GOAL odom=(-0.01,0.00,-0.09) goal=none tracking_setpoint_enu=(-0.01,0.00,0.78) setpoint_ned=none yaw(desired/cmd/rate)=(0.00/0.00/0.00) cross_track=0.00 frame_id=px4_ned path_points=0 odom_source=/race/odom cloud_source=/saved_map mavros_connected=true
[offboard_waypoint_node-1] [INFO] [1786526208.264147758] [offboard_waypoint_node]: [CONTROL_ARBITER] selected_source=waiting_for_ev_ground_reference state=WAITING_FOR_ODOM
[offboard_waypoint_node-1] [INFO] [1786526209.064111338] [offboard_waypoint_node]: [EV_HOLD_WAIT] continuous_healthy=0.00s required=7.50s
[super_planner_ros2_node-6] [INFO] [1786526209.085776471] [super_planner_ros2_node]: SUPER_ROS2 mode=IDLE enable_output=true reason=NO_GOAL odom=(-0.00,0.00,-0.09) goal=none tracking_setpoint_enu=(-0.00,0.00,0.78) setpoint_ned=none yaw(desired/cmd/rate)=(0.00/0.00/0.00) cross_track=0.00 frame_id=px4_ned path_points=0 odom_source=/race/odom cloud_source=/saved_map mavros_connected=true
[offboard_waypoint_node-1] [INFO] [1786526209.313817597] [offboard_waypoint_node]: [CONTROL_ARBITER] selected_source=waiting_for_ev_ground_reference state=WAITING_FOR_ODOM
[offboard_waypoint_node-1] [INFO] [1786526209.329864844] [offboard_waypoint_node]: [EV_HEALTH] state=HEALTHY continuous_healthy=0.00s
[fastlio_bridge_node-2] [INFO] [1786526210.022098358] [fastlio_bridge_node]: 已桥接并转换里程计: ENU(-0.01, 0.01, -0.09) -> NED(0.01, -0.01, 0.09)
[offboard_waypoint_node-1] [INFO] [1786526210.113812748] [offboard_waypoint_node]: [EV_HOLD_WAIT] continuous_healthy=0.78s required=7.50s
[super_planner_ros2_node-6] [INFO] [1786526210.135848565] [super_planner_ros2_node]: SUPER_ROS2 mode=IDLE enable_output=true reason=NO_GOAL odom=(-0.01,0.00,-0.09) goal=none tracking_setpoint_enu=(-0.01,0.00,0.78) setpoint_ned=none yaw(desired/cmd/rate)=(0.00/0.00/0.00) cross_track=0.00 frame_id=px4_ned path_points=0 odom_source=/race/odom cloud_source=/saved_map mavros_connected=true
[offboard_waypoint_node-1] [INFO] [1786526210.314027132] [offboard_waypoint_node]: [CONTROL_ARBITER] selected_source=waiting_for_ev_ground_reference state=WAITING_FOR_ODOM
[offboard_waypoint_node-1] [INFO] [1786526211.163884259] [offboard_waypoint_node]: [EV_HOLD_WAIT] continuous_healthy=1.83s required=7.50s
[super_planner_ros2_node-6] [INFO] [1786526211.187699307] [super_planner_ros2_node]: SUPER_ROS2 mode=IDLE enable_output=true reason=NO_GOAL odom=(-0.00,0.01,-0.09) goal=none tracking_setpoint_enu=(-0.00,0.01,0.78) setpoint_ned=none yaw(desired/cmd/rate)=(0.00/0.00/0.00) cross_track=0.00 frame_id=px4_ned path_points=0 odom_source=/race/odom cloud_source=/saved_map mavros_connected=true
[offboard_waypoint_node-1] [INFO] [1786526211.363912619] [offboard_waypoint_node]: [CONTROL_ARBITER] selected_source=waiting_for_ev_ground_reference state=WAITING_FOR_ODOM
[fastlio_bridge_node-2] [INFO] [1786526212.017068166] [fastlio_bridge_node]: 已桥接并转换里程计: ENU(-0.01, 0.00, -0.09) -> NED(0.00, -0.01, 0.09)
[offboard_waypoint_node-1] [INFO] [1786526212.214086514] [offboard_waypoint_node]: [EV_HOLD_WAIT] continuous_healthy=2.88s required=7.50s
[super_planner_ros2_node-6] [INFO] [1786526212.235894050] [super_planner_ros2_node]: SUPER_ROS2 mode=IDLE enable_output=true reason=NO_GOAL odom=(-0.01,0.01,-0.09) goal=none tracking_setpoint_enu=(-0.01,0.01,0.78) setpoint_ned=none yaw(desired/cmd/rate)=(0.00/0.00/0.00) cross_track=0.00 frame_id=px4_ned path_points=0 odom_source=/race/odom cloud_source=/saved_map mavros_connected=true
[offboard_waypoint_node-1] [INFO] [1786526212.413765131] [offboard_waypoint_node]: [CONTROL_ARBITER] selected_source=waiting_for_ev_ground_reference state=WAITING_FOR_ODOM
[super_planner_ros2_node-6] [INFO] [1786526213.236196303] [super_planner_ros2_node]: SUPER_ROS2 mode=IDLE enable_output=true reason=NO_GOAL odom=(-0.01,0.00,-0.09) goal=none tracking_setpoint_enu=(-0.01,0.00,0.78) setpoint_ned=none yaw(desired/cmd/rate)=(0.00/0.00/0.00) cross_track=0.00 frame_id=px4_ned path_points=0 odom_source=/race/odom cloud_source=/saved_map mavros_connected=true
[offboard_waypoint_node-1] [INFO] [1786526213.263936616] [offboard_waypoint_node]: [EV_HOLD_WAIT] continuous_healthy=3.93s required=7.50s
[offboard_waypoint_node-1] [INFO] [1786526213.413786341] [offboard_waypoint_node]: [CONTROL_ARBITER] selected_source=waiting_for_ev_ground_reference state=WAITING_FOR_ODOM
[fastlio_bridge_node-2] [INFO] [1786526214.017079795] [fastlio_bridge_node]: 已桥接并转换里程计: ENU(-0.01, 0.00, -0.09) -> NED(0.00, -0.01, 0.09)
[super_planner_ros2_node-6] [INFO] [1786526214.285926544] [super_planner_ros2_node]: SUPER_ROS2 mode=IDLE enable_output=true reason=NO_GOAL odom=(-0.01,0.01,-0.09) goal=none tracking_setpoint_enu=(-0.01,0.01,0.78) setpoint_ned=none yaw(desired/cmd/rate)=(0.00/0.00/0.00) cross_track=0.00 frame_id=px4_ned path_points=0 odom_source=/race/odom cloud_source=/saved_map mavros_connected=true
[offboard_waypoint_node-1] [INFO] [1786526214.313743387] [offboard_waypoint_node]: [EV_HOLD_WAIT] continuous_healthy=4.98s required=7.50s
[offboard_waypoint_node-1] [INFO] [1786526214.414019035] [offboard_waypoint_node]: [CONTROL_ARBITER] selected_source=waiting_for_ev_ground_reference state=WAITING_FOR_ODOM
[super_planner_ros2_node-6] [INFO] [1786526215.285996183] [super_planner_ros2_node]: SUPER_ROS2 mode=IDLE enable_output=true reason=NO_GOAL odom=(-0.01,0.00,-0.09) goal=none tracking_setpoint_enu=(-0.01,0.00,0.78) setpoint_ned=none yaw(desired/cmd/rate)=(0.00/0.00/0.00) cross_track=0.00 frame_id=px4_ned path_points=0 odom_source=/race/odom cloud_source=/saved_map mavros_connected=true
[offboard_waypoint_node-1] [INFO] [1786526215.314042306] [offboard_waypoint_node]: [EV_HOLD_WAIT] continuous_healthy=5.98s required=7.50s
[offboard_waypoint_node-1] [INFO] [1786526215.414049147] [offboard_waypoint_node]: [CONTROL_ARBITER] selected_source=waiting_for_ev_ground_reference state=WAITING_FOR_ODOM
[fastlio_bridge_node-2] [INFO] [1786526216.034251372] [fastlio_bridge_node]: 已桥接并转换里程计: ENU(-0.01, 0.00, -0.09) -> NED(0.00, -0.01, 0.09)
[super_planner_ros2_node-6] [INFO] [1786526216.286258863] [super_planner_ros2_node]: SUPER_ROS2 mode=IDLE enable_output=true reason=NO_GOAL odom=(-0.01,-0.00,-0.09) goal=none tracking_setpoint_enu=(-0.01,-0.00,0.78) setpoint_ned=none yaw(desired/cmd/rate)=(0.00/0.00/0.00) cross_track=0.00 frame_id=px4_ned path_points=0 odom_source=/race/odom cloud_source=/saved_map mavros_connected=true
[offboard_waypoint_node-1] [INFO] [1786526216.363943475] [offboard_waypoint_node]: [EV_HOLD_WAIT] continuous_healthy=7.03s required=7.50s
[offboard_waypoint_node-1] [INFO] [1786526216.414119684] [offboard_waypoint_node]: [CONTROL_ARBITER] selected_source=waiting_for_ev_ground_reference state=WAITING_FOR_ODOM
[offboard_waypoint_node-1] [WARN] [1786526216.864028518] [offboard_waypoint_node]: [HOLD_POSITION] x=0.000 y=-0.008 z=0.086 yaw=-0.013 reason=EV-ready startup idle hold
[offboard_waypoint_node-1] [WARN] [1786526216.864301039] [offboard_waypoint_node]: [CONTROL_STATE] WAITING_FOR_ODOM -> IDLE_HOLD: no active goal
[offboard_waypoint_node-1] [INFO] [1786526216.864571099] [offboard_waypoint_node]: [HOLD_ERROR] position_error=0.000 velocity=0.002 state=IDLE_HOLD
[super_planner_ros2_node-6] [INFO] [1786526217.286324338] [super_planner_ros2_node]: SUPER_ROS2 mode=IDLE enable_output=true reason=NO_GOAL odom=(-0.01,0.00,-0.09) goal=none tracking_setpoint_enu=(-0.01,0.00,0.78) setpoint_ned=none yaw(desired/cmd/rate)=(0.00/0.00/0.00) cross_track=0.00 frame_id=px4_ned path_points=0 odom_source=/race/odom cloud_source=/saved_map mavros_connected=true
[offboard_waypoint_node-1] [INFO] [1786526217.414141954] [offboard_waypoint_node]: [CONTROL_ARBITER] selected_source=safety_hold state=IDLE_HOLD
[offboard_waypoint_node-1] [INFO] [1786526217.864704060] [offboard_waypoint_node]: [HOLD_ERROR] position_error=0.007 velocity=0.006 state=IDLE_HOLD
[fastlio_bridge_node-2] [INFO] [1786526218.019917069] [fastlio_bridge_node]: 已桥接并转换里程计: ENU(-0.00, 0.00, -0.09) -> NED(0.00, -0.00, 0.09)
[super_planner_ros2_node-6] [INFO] [1786526218.335993494] [super_planner_ros2_node]: SUPER_ROS2 mode=IDLE enable_output=true reason=NO_GOAL odom=(-0.01,0.00,-0.09) goal=none tracking_setpoint_enu=(-0.01,0.00,0.78) setpoint_ned=none yaw(desired/cmd/rate)=(0.00/0.00/0.00) cross_track=0.00 frame_id=px4_ned path_points=0 odom_source=/race/odom cloud_source=/saved_map mavros_connected=true
[offboard_waypoint_node-1] [INFO] [1786526218.414510352] [offboard_waypoint_node]: [CONTROL_ARBITER] selected_source=safety_hold state=IDLE_HOLD
[offboard_waypoint_node-1] [INFO] [1786526218.914255216] [offboard_waypoint_node]: [HOLD_ERROR] position_error=0.007 velocity=0.006 state=IDLE_HOLD
[super_planner_ros2_node-6] [INFO] [1786526219.337457777] [super_planner_ros2_node]: SUPER_ROS2 mode=IDLE enable_output=true reason=NO_GOAL odom=(-0.01,0.00,-0.09) goal=none tracking_setpoint_enu=(-0.01,0.00,0.78) setpoint_ned=none yaw(desired/cmd/rate)=(0.00/0.00/0.00) cross_track=0.00 frame_id=px4_ned path_points=0 odom_source=/race/odom cloud_source=/saved_map mavros_connected=true
[offboard_waypoint_node-1] [INFO] [1786526219.464562099] [offboard_waypoint_node]: [CONTROL_ARBITER] selected_source=safety_hold state=IDLE_HOLD
[offboard_waypoint_node-1] [INFO] [1786526219.964760381] [offboard_waypoint_node]: [HOLD_ERROR] position_error=0.008 velocity=0.011 state=IDLE_HOLD
[fastlio_bridge_node-2] [INFO] [1786526220.021843652] [fastlio_bridge_node]: 已桥接并转换里程计: ENU(-0.01, -0.00, -0.09) -> NED(-0.00, -0.01, 0.09)
[super_planner_ros2_node-6] [INFO] [1786526220.337665165] [super_planner_ros2_node]: SUPER_ROS2 mode=IDLE enable_output=true reason=NO_GOAL odom=(-0.01,-0.00,-0.09) goal=none tracking_setpoint_enu=(-0.01,-0.00,0.78) setpoint_ned=none yaw(desired/cmd/rate)=(0.00/0.00/0.00) cross_track=0.00 frame_id=px4_ned path_points=0 odom_source=/race/odom cloud_source=/saved_map mavros_connected=true
[offboard_waypoint_node-1] [INFO] [1786526220.514441286] [offboard_waypoint_node]: [CONTROL_ARBITER] selected_source=safety_hold state=IDLE_HOLD
[offboard_waypoint_node-1] [INFO] [1786526221.014268315] [offboard_waypoint_node]: [HOLD_ERROR] position_error=0.009 velocity=0.010 state=IDLE_HOLD
[super_planner_ros2_node-6] [INFO] [1786526221.387136623] [super_planner_ros2_node]: SUPER_ROS2 mode=IDLE enable_output=true reason=NO_GOAL odom=(-0.02,0.00,-0.09) goal=none tracking_setpoint_enu=(-0.02,0.00,0.78) setpoint_ned=none yaw(desired/cmd/rate)=(0.00/0.00/0.00) cross_track=0.00 frame_id=px4_ned path_points=0 odom_source=/race/odom cloud_source=/saved_map mavros_connected=true
[offboard_waypoint_node-1] [INFO] [1786526221.514644347] [offboard_waypoint_node]: [CONTROL_ARBITER] selected_source=safety_hold state=IDLE_HOLD
[offboard_waypoint_node-1] [INFO] [1786526222.014470724] [offboard_waypoint_node]: [HOLD_ERROR] position_error=0.005 velocity=0.008 state=IDLE_HOLD
[fastlio_bridge_node-2] [INFO] [1786526222.017801467] [fastlio_bridge_node]: 已桥接并转换里程计: ENU(-0.01, 0.01, -0.09) -> NED(0.01, -0.01, 0.09)
[super_planner_ros2_node-6] [INFO] [1786526222.436001495] [super_planner_ros2_node]: SUPER_ROS2 mode=IDLE enable_output=true reason=NO_GOAL odom=(-0.01,0.00,-0.09) goal=none tracking_setpoint_enu=(-0.01,0.00,0.78) setpoint_ned=none yaw(desired/cmd/rate)=(0.00/0.00/0.00) cross_track=0.00 frame_id=px4_ned path_points=0 odom_source=/race/odom cloud_source=/saved_map mavros_connected=true
[offboard_waypoint_node-1] [INFO] [1786526222.515925379] [offboard_waypoint_node]: [CONTROL_ARBITER] selected_source=safety_hold state=IDLE_HOLD
[offboard_waypoint_node-1] [INFO] [1786526223.014471956] [offboard_waypoint_node]: [HOLD_ERROR] position_error=0.009 velocity=0.013 state=IDLE_HOLD
[super_planner_ros2_node-6] [INFO] [1786526223.436256795] [super_planner_ros2_node]: SUPER_ROS2 mode=IDLE enable_output=true reason=NO_GOAL odom=(-0.02,0.00,-0.09) goal=none tracking_setpoint_enu=(-0.02,0.00,0.78) setpoint_ned=none yaw(desired/cmd/rate)=(0.00/0.00/0.00) cross_track=0.00 frame_id=px4_ned path_points=0 odom_source=/race/odom cloud_source=/saved_map mavros_connected=true
[offboard_waypoint_node-1] [INFO] [1786526223.564107489] [offboard_waypoint_node]: [CONTROL_ARBITER] selected_source=safety_hold state=IDLE_HOLD
[fastlio_bridge_node-2] [INFO] [1786526224.019370884] [fastlio_bridge_node]: 已桥接并转换里程计: ENU(-0.01, 0.00, -0.09) -> NED(0.00, -0.01, 0.09)
[offboard_waypoint_node-1] [INFO] [1786526224.064157138] [offboard_waypoint_node]: [HOLD_ERROR] position_error=0.004 velocity=0.008 state=IDLE_HOLD
[super_planner_ros2_node-6] [INFO] [1786526224.485822764] [super_planner_ros2_node]: SUPER_ROS2 mode=IDLE enable_output=true reason=NO_GOAL odom=(-0.01,0.00,-0.09) goal=none tracking_setpoint_enu=(-0.01,0.00,0.78) setpoint_ned=none yaw(desired/cmd/rate)=(0.00/0.00/0.00) cross_track=0.00 frame_id=px4_ned path_points=0 odom_source=/race/odom cloud_source=/saved_map mavros_connected=true
[offboard_waypoint_node-1] [INFO] [1786526224.564718601] [offboard_waypoint_node]: [CONTROL_ARBITER] selected_source=safety_hold state=IDLE_HOLD
[offboard_waypoint_node-1] [INFO] [1786526225.064237167] [offboard_waypoint_node]: [HOLD_ERROR] position_error=0.001 velocity=0.008 state=IDLE_HOLD
[super_planner_ros2_node-6] [INFO] [1786526225.485880274] [super_planner_ros2_node]: SUPER_ROS2 mode=IDLE enable_output=true reason=NO_GOAL odom=(-0.01,-0.00,-0.09) goal=none tracking_setpoint_enu=(-0.01,-0.00,0.78) setpoint_ned=none yaw(desired/cmd/rate)=(0.00/0.00/0.00) cross_track=0.00 frame_id=px4_ned path_points=0 odom_source=/race/odom cloud_source=/saved_map mavros_connected=true
[offboard_waypoint_node-1] [INFO] [1786526225.614126344] [offboard_waypoint_node]: [CONTROL_ARBITER] selected_source=safety_hold state=IDLE_HOLD
[fastlio_bridge_node-2] [INFO] [1786526226.016401919] [fastlio_bridge_node]: 已桥接并转换里程计: ENU(-0.00, 0.00, -0.09) -> NED(0.00, -0.00, 0.09)
[offboard_waypoint_node-1] [INFO] [1786526226.064658857] [offboard_waypoint_node]: [HOLD_ERROR] position_error=0.004 velocity=0.006 state=IDLE_HOLD
[super_planner_ros2_node-6] [INFO] [1786526226.486395010] [super_planner_ros2_node]: SUPER_ROS2 mode=IDLE enable_output=true reason=NO_GOAL odom=(-0.01,0.00,-0.09) goal=none tracking_setpoint_enu=(-0.01,0.00,0.78) setpoint_ned=none yaw(desired/cmd/rate)=(0.00/0.00/0.00) cross_track=0.00 frame_id=px4_ned path_points=0 odom_source=/race/odom cloud_source=/saved_map mavros_connected=true
[offboard_waypoint_node-1] [INFO] [1786526226.614688609] [offboard_waypoint_node]: [CONTROL_ARBITER] selected_source=safety_hold state=IDLE_HOLD
[offboard_waypoint_node-1] [INFO] [1786526227.114442114] [offboard_waypoint_node]: [HOLD_ERROR] position_error=0.008 velocity=0.005 state=IDLE_HOLD
[super_planner_ros2_node-6] [INFO] [1786526227.536417486] [super_planner_ros2_node]: SUPER_ROS2 mode=IDLE enable_output=true reason=NO_GOAL odom=(-0.01,-0.00,-0.09) goal=none tracking_setpoint_enu=(-0.01,-0.00,0.78) setpoint_ned=none yaw(desired/cmd/rate)=(0.00/0.00/0.00) cross_track=0.00 frame_id=px4_ned path_points=0 odom_source=/race/odom cloud_source=/saved_map mavros_connected=true
[offboard_waypoint_node-1] [INFO] [1786526227.664182713] [offboard_waypoint_node]: [CONTROL_ARBITER] selected_source=safety_hold state=IDLE_HOLD
[mapping_manager_node-5] [INFO] [1786526227.978845571] [mapping_manager_node]: Mapping status: in_flight=false, map_loaded=false, map_saved=false
[fastlio_bridge_node-2] [INFO] [1786526228.025110949] [fastlio_bridge_node]: 已桥接并转换里程计: ENU(-0.01, -0.00, -0.09) -> NED(-0.00, -0.01, 0.09)
[offboard_waypoint_node-1] [INFO] [1786526228.114492432] [offboard_waypoint_node]: [HOLD_ERROR] position_error=0.013 velocity=0.011 state=IDLE_HOLD
[super_planner_ros2_node-6] [INFO] [1786526228.586137337] [super_planner_ros2_node]: SUPER_ROS2 mode=IDLE enable_output=true reason=NO_GOAL odom=(-0.01,0.00,-0.09) goal=none tracking_setpoint_enu=(-0.01,0.00,0.78) setpoint_ned=none yaw(desired/cmd/rate)=(0.00/0.00/0.00) cross_track=0.00 frame_id=px4_ned path_points=0 odom_source=/race/odom cloud_source=/saved_map mavros_connected=true
[offboard_waypoint_node-1] [INFO] [1786526228.664542709] [offboard_waypoint_node]: [CONTROL_ARBITER] selected_source=safety_hold state=IDLE_HOLD
[offboard_waypoint_node-1] [INFO] [1786526229.164256611] [offboard_waypoint_node]: [HOLD_ERROR] position_error=0.010 velocity=0.003 state=IDLE_HOLD
[super_planner_ros2_node-6] [INFO] [1786526229.586601354] [super_planner_ros2_node]: SUPER_ROS2 mode=IDLE enable_output=true reason=NO_GOAL odom=(-0.01,0.00,-0.09) goal=none tracking_setpoint_enu=(-0.01,0.00,0.78) setpoint_ned=none yaw(desired/cmd/rate)=(0.00/0.00/0.00) cross_track=0.00 frame_id=px4_ned path_points=0 odom_source=/race/odom cloud_source=/saved_map mavros_connected=true
[offboard_waypoint_node-1] [INFO] [1786526229.714328616] [offboard_waypoint_node]: [CONTROL_ARBITER] selected_source=safety_hold state=IDLE_HOLD
[fastlio_bridge_node-2] [INFO] [1786526230.028085615] [fastlio_bridge_node]: 已桥接并转换里程计: ENU(-0.02, 0.00, -0.09) -> NED(0.00, -0.02, 0.09)
[offboard_waypoint_node-1] [INFO] [1786526230.164363214] [offboard_waypoint_node]: [HOLD_ERROR] position_error=0.007 velocity=0.005 state=IDLE_HOLD
[super_planner_ros2_node-6] [INFO] [1786526230.636645334] [super_planner_ros2_node]: SUPER_ROS2 mode=IDLE enable_output=true reason=NO_GOAL odom=(-0.01,0.00,-0.09) goal=none tracking_setpoint_enu=(-0.01,0.00,0.78) setpoint_ned=none yaw(desired/cmd/rate)=(0.00/0.00/0.00) cross_track=0.00 frame_id=px4_ned path_points=0 odom_source=/race/odom cloud_source=/saved_map mavros_connected=true
[offboard_waypoint_node-1] [INFO] [1786526230.714788598] [offboard_waypoint_node]: [CONTROL_ARBITER] selected_source=safety_hold state=IDLE_HOLD
[offboard_waypoint_node-1] [INFO] [1786526231.164972067] [offboard_waypoint_node]: [HOLD_ERROR] position_error=0.007 velocity=0.002 state=IDLE_HOLD
[super_planner_ros2_node-6] [INFO] [1786526231.687611982] [super_planner_ros2_node]: SUPER_ROS2 mode=IDLE enable_output=true reason=NO_GOAL odom=(-0.01,0.00,-0.09) goal=none tracking_setpoint_enu=(-0.01,0.00,0.78) setpoint_ned=none yaw(desired/cmd/rate)=(0.00/0.00/0.00) cross_track=0.00 frame_id=px4_ned path_points=0 odom_source=/race/odom cloud_source=/saved_map mavros_connected=true
[offboard_waypoint_node-1] [INFO] [1786526231.764819259] [offboard_waypoint_node]: [CONTROL_ARBITER] selected_source=safety_hold state=IDLE_HOLD
[fastlio_bridge_node-2] [INFO] [1786526232.017266831] [fastlio_bridge_node]: 已桥接并转换里程计: ENU(-0.01, 0.00, -0.09) -> NED(0.00, -0.01, 0.09)
[offboard_waypoint_node-1] [INFO] [1786526232.214185077] [offboard_waypoint_node]: [HOLD_ERROR] position_error=0.007 velocity=0.007 state=IDLE_HOLD
[super_planner_ros2_node-6] [INFO] [1786526232.736267000] [super_planner_ros2_node]: SUPER_ROS2 mode=IDLE enable_output=true reason=NO_GOAL odom=(-0.01,-0.00,-0.09) goal=none tracking_setpoint_enu=(-0.01,-0.00,0.78) setpoint_ned=none yaw(desired/cmd/rate)=(0.00/0.00/0.00) cross_track=0.00 frame_id=px4_ned path_points=0 odom_source=/race/odom cloud_source=/saved_map mavros_connected=true
[offboard_waypoint_node-1] [INFO] [1786526232.814532179] [offboard_waypoint_node]: [CONTROL_ARBITER] selected_source=safety_hold state=IDLE_HOLD
[offboard_waypoint_node-1] [INFO] [1786526233.214326694] [offboard_waypoint_node]: [HOLD_ERROR] position_error=0.007 velocity=0.007 state=IDLE_HOLD
[super_planner_ros2_node-6] [INFO] [1786526233.786052214] [super_planner_ros2_node]: SUPER_ROS2 mode=IDLE enable_output=true reason=NO_GOAL odom=(-0.00,-0.00,-0.09) goal=none tracking_setpoint_enu=(-0.00,-0.00,0.78) setpoint_ned=none yaw(desired/cmd/rate)=(0.00/0.00/0.00) cross_track=0.00 frame_id=px4_ned path_points=0 odom_source=/race/odom cloud_source=/saved_map mavros_connected=true
[offboard_waypoint_node-1] [INFO] [1786526233.865175845] [offboard_waypoint_node]: [CONTROL_ARBITER] selected_source=safety_hold state=IDLE_HOLD
[fastlio_bridge_node-2] [INFO] [1786526234.023733815] [fastlio_bridge_node]: 已桥接并转换里程计: ENU(-0.01, -0.00, -0.09) -> NED(-0.00, -0.01, 0.09)
[offboard_waypoint_node-1] [INFO] [1786526234.264365701] [offboard_waypoint_node]: [HOLD_ERROR] position_error=0.003 velocity=0.004 state=IDLE_HOLD
[super_planner_ros2_node-6] [INFO] [1786526234.836530076] [super_planner_ros2_node]: SUPER_ROS2 mode=IDLE enable_output=true reason=NO_GOAL odom=(-0.01,0.00,-0.09) goal=none tracking_setpoint_enu=(-0.01,0.00,0.78) setpoint_ned=none yaw(desired/cmd/rate)=(0.00/0.00/0.00) cross_track=0.00 frame_id=px4_ned path_points=0 odom_source=/race/odom cloud_source=/saved_map mavros_connected=true
[offboard_waypoint_node-1] [INFO] [1786526234.914496091] [offboard_waypoint_node]: [CONTROL_ARBITER] selected_source=safety_hold state=IDLE_HOLD
[offboard_waypoint_node-1] [INFO] [1786526235.314122979] [offboard_waypoint_node]: [HOLD_ERROR] position_error=0.004 velocity=0.004 state=IDLE_HOLD
[super_planner_ros2_node-6] [INFO] [1786526235.838188371] [super_planner_ros2_node]: SUPER_ROS2 mode=IDLE enable_output=true reason=NO_GOAL odom=(-0.01,0.00,-0.09) goal=none tracking_setpoint_enu=(-0.01,0.00,0.78) setpoint_ned=none yaw(desired/cmd/rate)=(0.00/0.00/0.00) cross_track=0.00 frame_id=px4_ned path_points=0 odom_source=/race/odom cloud_source=/saved_map mavros_connected=true
[offboard_waypoint_node-1] [INFO] [1786526235.915085112] [offboard_waypoint_node]: [CONTROL_ARBITER] selected_source=safety_hold state=IDLE_HOLD
[fastlio_bridge_node-2] [INFO] [1786526236.018835769] [fastlio_bridge_node]: 已桥接并转换里程计: ENU(-0.01, 0.00, -0.09) -> NED(0.00, -0.01, 0.09)
[offboard_waypoint_node-1] [INFO] [1786526236.314400740] [offboard_waypoint_node]: [HOLD_ERROR] position_error=0.007 velocity=0.005 state=IDLE_HOLD
[super_planner_ros2_node-6] [INFO] [1786526236.886409990] [super_planner_ros2_node]: SUPER_ROS2 mode=IDLE enable_output=true reason=NO_GOAL odom=(-0.00,-0.00,-0.09) goal=none tracking_setpoint_enu=(-0.00,-0.00,0.78) setpoint_ned=none yaw(desired/cmd/rate)=(0.00/0.00/0.00) cross_track=0.00 frame_id=px4_ned path_points=0 odom_source=/race/odom cloud_source=/saved_map mavros_connected=true
[offboard_waypoint_node-1] [INFO] [1786526236.964617463] [offboard_waypoint_node]: [CONTROL_ARBITER] selected_source=safety_hold state=IDLE_HOLD
[offboard_waypoint_node-1] [INFO] [1786526237.316248691] [offboard_waypoint_node]: [HOLD_ERROR] position_error=0.005 velocity=0.001 state=IDLE_HOLD
[super_planner_ros2_node-6] [INFO] [1786526237.886676977] [super_planner_ros2_node]: SUPER_ROS2 mode=IDLE enable_output=true reason=NO_GOAL odom=(-0.00,-0.00,-0.09) goal=none tracking_setpoint_enu=(-0.00,-0.00,0.78) setpoint_ned=none yaw(desired/cmd/rate)=(0.00/0.00/0.00) cross_track=0.00 frame_id=px4_ned path_points=0 odom_source=/race/odom cloud_source=/saved_map mavros_connected=true
[offboard_waypoint_node-1] [INFO] [1786526238.014591230] [offboard_waypoint_node]: [CONTROL_ARBITER] selected_source=safety_hold state=IDLE_HOLD
[fastlio_bridge_node-2] [INFO] [1786526238.022761554] [fastlio_bridge_node]: 已桥接并转换里程计: ENU(-0.01, 0.00, -0.09) -> NED(0.00, -0.01, 0.09)
[offboard_waypoint_node-1] [INFO] [1786526238.364606503] [offboard_waypoint_node]: [HOLD_ERROR] position_error=0.004 velocity=0.002 state=IDLE_HOLD
[super_planner_ros2_node-6] [INFO] [1786526238.886795587] [super_planner_ros2_node]: SUPER_ROS2 mode=IDLE enable_output=true reason=NO_GOAL odom=(-0.01,-0.00,-0.09) goal=none tracking_setpoint_enu=(-0.01,-0.00,0.78) setpoint_ned=none yaw(desired/cmd/rate)=(0.00/0.00/0.00) cross_track=0.00 frame_id=px4_ned path_points=0 odom_source=/race/odom cloud_source=/saved_map mavros_connected=true
[offboard_waypoint_node-1] [INFO] [1786526239.014647865] [offboard_waypoint_node]: [CONTROL_ARBITER] selected_source=safety_hold state=IDLE_HOLD
[offboard_waypoint_node-1] [INFO] [1786526239.414377750] [offboard_waypoint_node]: [HOLD_ERROR] position_error=0.006 velocity=0.003 state=IDLE_HOLD
[super_planner_ros2_node-6] [INFO] [1786526239.936265005] [super_planner_ros2_node]: SUPER_ROS2 mode=IDLE enable_output=true reason=NO_GOAL odom=(-0.01,0.00,-0.09) goal=none tracking_setpoint_enu=(-0.01,0.00,0.78) setpoint_ned=none yaw(desired/cmd/rate)=(0.00/0.00/0.00) cross_track=0.00 frame_id=px4_ned path_points=0 odom_source=/race/odom cloud_source=/saved_map mavros_connected=true
[offboard_waypoint_node-1] [INFO] [1786526240.016755608] [offboard_waypoint_node]: [CONTROL_ARBITER] selected_source=safety_hold state=IDLE_HOLD
[fastlio_bridge_node-2] [INFO] [1786526240.021165562] [fastlio_bridge_node]: 已桥接并转换里程计: ENU(-0.01, 0.00, -0.09) -> NED(0.00, -0.01, 0.09)
[offboard_waypoint_node-1] [INFO] [1786526240.414823584] [offboard_waypoint_node]: [HOLD_ERROR] position_error=0.003 velocity=0.003 state=IDLE_HOLD
[super_planner_ros2_node-6] [INFO] [1786526240.937092663] [super_planner_ros2_node]: SUPER_ROS2 mode=IDLE enable_output=true reason=NO_GOAL odom=(-0.01,0.00,-0.09) goal=none tracking_setpoint_enu=(-0.01,0.00,0.78) setpoint_ned=none yaw(desired/cmd/rate)=(0.00/0.00/0.00) cross_track=0.00 frame_id=px4_ned path_points=0 odom_source=/race/odom cloud_source=/saved_map mavros_connected=true
[offboard_waypoint_node-1] [INFO] [1786526241.064399767] [offboard_waypoint_node]: [CONTROL_ARBITER] selected_source=safety_hold state=IDLE_HOLD
[offboard_waypoint_node-1] [INFO] [1786526241.414857280] [offboard_waypoint_node]: [HOLD_ERROR] position_error=0.003 velocity=0.002 state=IDLE_HOLD
[super_planner_ros2_node-6] [INFO] [1786526241.986252005] [super_planner_ros2_node]: SUPER_ROS2 mode=IDLE enable_output=true reason=NO_GOAL odom=(-0.01,-0.01,-0.09) goal=none tracking_setpoint_enu=(-0.01,-0.01,0.78) setpoint_ned=none yaw(desired/cmd/rate)=(0.00/0.00/0.00) cross_track=0.00 frame_id=px4_ned path_points=0 odom_source=/race/odom cloud_source=/saved_map mavros_connected=true
[fastlio_bridge_node-2] [INFO] [1786526242.018368087] [fastlio_bridge_node]: 已桥接并转换里程计: ENU(-0.01, -0.01, -0.09) -> NED(-0.01, -0.01, 0.09)
[offboard_waypoint_node-1] [INFO] [1786526242.065408843] [offboard_waypoint_node]: [CONTROL_ARBITER] selected_source=safety_hold state=IDLE_HOLD
[offboard_waypoint_node-1] [INFO] [1786526242.414932926] [offboard_waypoint_node]: [HOLD_ERROR] position_error=0.004 velocity=0.006 state=IDLE_HOLD
[super_planner_ros2_node-6] [INFO] [1786526242.986499532] [super_planner_ros2_node]: SUPER_ROS2 mode=IDLE enable_output=true reason=NO_GOAL odom=(-0.02,-0.00,-0.09) goal=none tracking_setpoint_enu=(-0.02,-0.00,0.78) setpoint_ned=none yaw(desired/cmd/rate)=(0.00/0.00/0.00) cross_track=0.00 frame_id=px4_ned path_points=0 odom_source=/race/odom cloud_source=/saved_map mavros_connected=true
[offboard_waypoint_node-1] [INFO] [1786526243.114578247] [offboard_waypoint_node]: [CONTROL_ARBITER] selected_source=safety_hold state=IDLE_HOLD
[offboard_waypoint_node-1] [INFO] [1786526243.464629420] [offboard_waypoint_node]: [HOLD_ERROR] position_error=0.009 velocity=0.008 state=IDLE_HOLD
[super_planner_ros2_node-6] [INFO] [1786526243.986578174] [super_planner_ros2_node]: SUPER_ROS2 mode=IDLE enable_output=true reason=NO_GOAL odom=(-0.01,-0.00,-0.09) goal=none tracking_setpoint_enu=(-0.01,-0.00,0.78) setpoint_ned=none yaw(desired/cmd/rate)=(0.00/0.00/0.00) cross_track=0.00 frame_id=px4_ned path_points=0 odom_source=/race/odom cloud_source=/saved_map mavros_connected=true
[fastlio_bridge_node-2] [INFO] [1786526244.019177803] [fastlio_bridge_node]: 已桥接并转换里程计: ENU(-0.01, -0.00, -0.09) -> NED(-0.00, -0.01, 0.09)
[offboard_waypoint_node-1] [INFO] [1786526244.114900729] [offboard_waypoint_node]: [CONTROL_ARBITER] selected_source=safety_hold state=IDLE_HOLD
[offboard_waypoint_node-1] [INFO] [1786526244.465143105] [offboard_waypoint_node]: [HOLD_ERROR] position_error=0.005 velocity=0.005 state=IDLE_HOLD
[super_planner_ros2_node-6] [INFO] [1786526245.036772131] [super_planner_ros2_node]: SUPER_ROS2 mode=IDLE enable_output=true reason=NO_GOAL odom=(-0.01,-0.00,-0.09) goal=none tracking_setpoint_enu=(-0.01,-0.00,0.78) setpoint_ned=none yaw(desired/cmd/rate)=(0.00/0.00/0.00) cross_track=0.00 frame_id=px4_ned path_points=0 odom_source=/race/odom cloud_source=/saved_map mavros_connected=true
[offboard_waypoint_node-1] [INFO] [1786526245.164723815] [offboard_waypoint_node]: [CONTROL_ARBITER] selected_source=safety_hold state=IDLE_HOLD
[offboard_waypoint_node-1] [INFO] [1786526245.514322013] [offboard_waypoint_node]: [HOLD_ERROR] position_error=0.005 velocity=0.005 state=IDLE_HOLD
[fastlio_bridge_node-2] [INFO] [1786526246.019773042] [fastlio_bridge_node]: 已桥接并转换里程计: ENU(-0.01, -0.00, -0.09) -> NED(-0.00, -0.01, 0.09)
[super_planner_ros2_node-6] [INFO] [1786526246.086043565] [super_planner_ros2_node]: SUPER_ROS2 mode=IDLE enable_output=true reason=NO_GOAL odom=(-0.01,-0.00,-0.09) goal=none tracking_setpoint_enu=(-0.01,-0.00,0.78) setpoint_ned=none yaw(desired/cmd/rate)=(0.00/0.00/0.00) cross_track=0.00 frame_id=px4_ned path_points=0 odom_source=/race/odom cloud_source=/saved_map mavros_connected=true
[offboard_waypoint_node-1] [INFO] [1786526246.167688574] [offboard_waypoint_node]: [CONTROL_ARBITER] selected_source=safety_hold state=IDLE_HOLD
[offboard_waypoint_node-1] [INFO] [1786526246.519823459] [offboard_waypoint_node]: [HOLD_ERROR] position_error=0.004 velocity=0.002 state=IDLE_HOLD
[super_planner_ros2_node-6] [INFO] [1786526247.088641026] [super_planner_ros2_node]: SUPER_ROS2 mode=IDLE enable_output=true reason=NO_GOAL odom=(-0.01,0.00,-0.09) goal=none tracking_setpoint_enu=(-0.01,0.00,0.78) setpoint_ned=none yaw(desired/cmd/rate)=(0.00/0.00/0.00) cross_track=0.00 frame_id=px4_ned path_points=0 odom_source=/race/odom cloud_source=/saved_map mavros_connected=true
[offboard_waypoint_node-1] [INFO] [1786526247.214530887] [offboard_waypoint_node]: [CONTROL_ARBITER] selected_source=safety_hold state=IDLE_HOLD
[offboard_waypoint_node-1] [INFO] [1786526247.348908814] [offboard_waypoint_node]: [EV_HEALTH] state=SUSPECT continuous_healthy=0.00s
[offboard_waypoint_node-1] [WARN] [1786526247.364484363] [offboard_waypoint_node]: [GROUND_REFERENCE_INVALIDATED] EV is no longer continuously healthy while disarmed
[offboard_waypoint_node-1] [WARN] [1786526247.364802323] [offboard_waypoint_node]: [CONTROL_STATE] IDLE_HOLD -> WAITING_FOR_ODOM: waiting for continuous EV health before initial hold
[offboard_waypoint_node-1] [INFO] [1786526247.364854064] [offboard_waypoint_node]: [EV_HOLD_WAIT] continuous_healthy=0.00s required=7.50s
[fastlio_bridge_node-2] [INFO] [1786526248.036797972] [fastlio_bridge_node]: 已桥接并转换里程计: ENU(-0.01, -0.01, -0.09) -> NED(-0.01, -0.01, 0.09)
[super_planner_ros2_node-6] [INFO] [1786526248.136251494] [super_planner_ros2_node]: SUPER_ROS2 mode=IDLE enable_output=true reason=NO_GOAL odom=(-0.01,-0.00,-0.09) goal=none tracking_setpoint_enu=(-0.01,-0.00,0.78) setpoint_ned=none yaw(desired/cmd/rate)=(0.00/0.00/0.00) cross_track=0.00 frame_id=px4_ned path_points=0 odom_source=/race/odom cloud_source=/saved_map mavros_connected=true
[offboard_waypoint_node-1] [INFO] [1786526248.265104076] [offboard_waypoint_node]: [CONTROL_ARBITER] selected_source=waiting_for_ev_ground_reference state=WAITING_FOR_ODOM
[offboard_waypoint_node-1] [INFO] [1786526248.365044300] [offboard_waypoint_node]: [EV_HOLD_WAIT] continuous_healthy=0.00s required=7.50s
[super_planner_ros2_node-6] [INFO] [1786526249.136278699] [super_planner_ros2_node]: SUPER_ROS2 mode=IDLE enable_output=true reason=NO_GOAL odom=(-0.01,-0.00,-0.09) goal=none tracking_setpoint_enu=(-0.01,-0.00,0.78) setpoint_ned=none yaw(desired/cmd/rate)=(0.00/0.00/0.00) cross_track=0.00 frame_id=px4_ned path_points=0 odom_source=/race/odom cloud_source=/saved_map mavros_connected=true
[offboard_waypoint_node-1] [INFO] [1786526249.314314462] [offboard_waypoint_node]: [CONTROL_ARBITER] selected_source=waiting_for_ev_ground_reference state=WAITING_FOR_ODOM
[offboard_waypoint_node-1] [INFO] [1786526249.414201827] [offboard_waypoint_node]: [EV_HOLD_WAIT] continuous_healthy=0.00s required=7.50s
[offboard_waypoint_node-1] [INFO] [1786526249.422385994] [offboard_waypoint_node]: [EV_HEALTH] state=HEALTHY continuous_healthy=0.00s
[fastlio_bridge_node-2] [INFO] [1786526250.017732613] [fastlio_bridge_node]: 已桥接并转换里程计: ENU(-0.01, -0.00, -0.09) -> NED(-0.00, -0.01, 0.09)
[super_planner_ros2_node-6] [INFO] [1786526250.136339823] [super_planner_ros2_node]: SUPER_ROS2 mode=IDLE enable_output=true reason=NO_GOAL odom=(-0.02,-0.00,-0.09) goal=none tracking_setpoint_enu=(-0.02,-0.00,0.78) setpoint_ned=none yaw(desired/cmd/rate)=(0.00/0.00/0.00) cross_track=0.00 frame_id=px4_ned path_points=0 odom_source=/race/odom cloud_source=/saved_map mavros_connected=true
[offboard_waypoint_node-1] [INFO] [1786526250.314565762] [offboard_waypoint_node]: [CONTROL_ARBITER] selected_source=waiting_for_ev_ground_reference state=WAITING_FOR_ODOM
[offboard_waypoint_node-1] [INFO] [1786526250.414250713] [offboard_waypoint_node]: [EV_HOLD_WAIT] continuous_healthy=0.99s required=7.50s
[super_planner_ros2_node-6] [INFO] [1786526251.186423581] [super_planner_ros2_node]: SUPER_ROS2 mode=IDLE enable_output=true reason=NO_GOAL odom=(-0.01,-0.01,-0.09) goal=none tracking_setpoint_enu=(-0.01,-0.01,0.78) setpoint_ned=none yaw(desired/cmd/rate)=(0.00/0.00/0.00) cross_track=0.00 frame_id=px4_ned path_points=0 odom_source=/race/odom cloud_source=/saved_map mavros_connected=true
[offboard_waypoint_node-1] [INFO] [1786526251.364370883] [offboard_waypoint_node]: [CONTROL_ARBITER] selected_source=waiting_for_ev_ground_reference state=WAITING_FOR_ODOM
[offboard_waypoint_node-1] [INFO] [1786526251.414373914] [offboard_waypoint_node]: [EV_HOLD_WAIT] continuous_healthy=1.99s required=7.50s
[fastlio_bridge_node-2] [INFO] [1786526252.017571832] [fastlio_bridge_node]: 已桥接并转换里程计: ENU(-0.01, -0.00, -0.09) -> NED(-0.00, -0.01, 0.09)
[super_planner_ros2_node-6] [INFO] [1786526252.236278429] [super_planner_ros2_node]: SUPER_ROS2 mode=IDLE enable_output=true reason=NO_GOAL odom=(-0.02,-0.00,-0.09) goal=none tracking_setpoint_enu=(-0.02,-0.00,0.78) setpoint_ned=none yaw(desired/cmd/rate)=(0.00/0.00/0.00) cross_track=0.00 frame_id=px4_ned path_points=0 odom_source=/race/odom cloud_source=/saved_map mavros_connected=true
[offboard_waypoint_node-1] [INFO] [1786526252.364880857] [offboard_waypoint_node]: [CONTROL_ARBITER] selected_source=waiting_for_ev_ground_reference state=WAITING_FOR_ODOM
[offboard_waypoint_node-1] [INFO] [1786526252.464671173] [offboard_waypoint_node]: [EV_HOLD_WAIT] continuous_healthy=3.04s required=7.50s
[super_planner_ros2_node-6] [INFO] [1786526253.236424831] [super_planner_ros2_node]: SUPER_ROS2 mode=IDLE enable_output=true reason=NO_GOAL odom=(-0.01,-0.00,-0.09) goal=none tracking_setpoint_enu=(-0.01,-0.00,0.78) setpoint_ned=none yaw(desired/cmd/rate)=(0.00/0.00/0.00) cross_track=0.00 frame_id=px4_ned path_points=0 odom_source=/race/odom cloud_source=/saved_map mavros_connected=true
[offboard_waypoint_node-1] [INFO] [1786526253.367223443] [offboard_waypoint_node]: [CONTROL_ARBITER] selected_source=waiting_for_ev_ground_reference state=WAITING_FOR_ODOM
[offboard_waypoint_node-1] [INFO] [1786526253.514291769] [offboard_waypoint_node]: [EV_HOLD_WAIT] continuous_healthy=4.09s required=7.50s
[fastlio_bridge_node-2] [INFO] [1786526254.022341247] [fastlio_bridge_node]: 已桥接并转换里程计: ENU(-0.01, -0.00, -0.09) -> NED(-0.00, -0.01, 0.09)
[super_planner_ros2_node-6] [INFO] [1786526254.237518841] [super_planner_ros2_node]: SUPER_ROS2 mode=IDLE enable_output=true reason=NO_GOAL odom=(-0.01,-0.00,-0.09) goal=none tracking_setpoint_enu=(-0.01,-0.00,0.78) setpoint_ned=none yaw(desired/cmd/rate)=(0.00/0.00/0.00) cross_track=0.00 frame_id=px4_ned path_points=0 odom_source=/race/odom cloud_source=/saved_map mavros_connected=true
[offboard_waypoint_node-1] [INFO] [1786526254.414726222] [offboard_waypoint_node]: [CONTROL_ARBITER] selected_source=waiting_for_ev_ground_reference state=WAITING_FOR_ODOM
[offboard_waypoint_node-1] [INFO] [1786526254.514378241] [offboard_waypoint_node]: [EV_HOLD_WAIT] continuous_healthy=5.09s required=7.50s
[super_planner_ros2_node-6] [INFO] [1786526255.286909480] [super_planner_ros2_node]: SUPER_ROS2 mode=IDLE enable_output=true reason=NO_GOAL odom=(-0.01,-0.00,-0.09) goal=none tracking_setpoint_enu=(-0.01,-0.00,0.78) setpoint_ned=none yaw(desired/cmd/rate)=(0.00/0.00/0.00) cross_track=0.00 frame_id=px4_ned path_points=0 odom_source=/race/odom cloud_source=/saved_map mavros_connected=true
[offboard_waypoint_node-1] [INFO] [1786526255.415701769] [offboard_waypoint_node]: [CONTROL_ARBITER] selected_source=waiting_for_ev_ground_reference state=WAITING_FOR_ODOM
[offboard_waypoint_node-1] [INFO] [1786526255.515862495] [offboard_waypoint_node]: [EV_HOLD_WAIT] continuous_healthy=6.09s required=7.50s
[fastlio_bridge_node-2] [INFO] [1786526256.021918284] [fastlio_bridge_node]: 已桥接并转换里程计: ENU(-0.01, -0.00, -0.09) -> NED(-0.00, -0.01, 0.09)
[super_planner_ros2_node-6] [INFO] [1786526256.336425872] [super_planner_ros2_node]: SUPER_ROS2 mode=IDLE enable_output=true reason=NO_GOAL odom=(-0.01,-0.01,-0.09) goal=none tracking_setpoint_enu=(-0.01,-0.01,0.78) setpoint_ned=none yaw(desired/cmd/rate)=(0.00/0.00/0.00) cross_track=0.00 frame_id=px4_ned path_points=0 odom_source=/race/odom cloud_source=/saved_map mavros_connected=true
[offboard_waypoint_node-1] [INFO] [1786526256.464541505] [offboard_waypoint_node]: [CONTROL_ARBITER] selected_source=waiting_for_ev_ground_reference state=WAITING_FOR_ODOM
[offboard_waypoint_node-1] [INFO] [1786526256.586454859] [offboard_waypoint_node]: [EV_HOLD_WAIT] continuous_healthy=7.16s required=7.50s
[offboard_waypoint_node-1] [WARN] [1786526256.964358617] [offboard_waypoint_node]: [HOLD_POSITION] x=-0.006 y=-0.006 z=0.089 yaw=-0.018 reason=EV-ready startup idle hold
[offboard_waypoint_node-1] [WARN] [1786526256.964484008] [offboard_waypoint_node]: [CONTROL_STATE] WAITING_FOR_ODOM -> IDLE_HOLD: no active goal
[offboard_waypoint_node-1] [INFO] [1786526256.964602382] [offboard_waypoint_node]: [HOLD_ERROR] position_error=0.000 velocity=0.006 state=IDLE_HOLD
[super_planner_ros2_node-6] [INFO] [1786526257.336471077] [super_planner_ros2_node]: SUPER_ROS2 mode=IDLE enable_output=true reason=NO_GOAL odom=(-0.01,-0.01,-0.09) goal=none tracking_setpoint_enu=(-0.01,-0.01,0.78) setpoint_ned=none yaw(desired/cmd/rate)=(0.00/0.00/0.00) cross_track=0.00 frame_id=px4_ned path_points=0 odom_source=/race/odom cloud_source=/saved_map mavros_connected=true
[offboard_waypoint_node-1] [INFO] [1786526257.464752852] [offboard_waypoint_node]: [CONTROL_ARBITER] selected_source=safety_hold state=IDLE_HOLD
[offboard_waypoint_node-1] [INFO] [1786526257.521306098] [offboard_waypoint_node]: [EV_HEALTH] state=SUSPECT continuous_healthy=0.00s
[offboard_waypoint_node-1] [WARN] [1786526257.564499883] [offboard_waypoint_node]: [GROUND_REFERENCE_INVALIDATED] EV is no longer continuously healthy while disarmed
[offboard_waypoint_node-1] [WARN] [1786526257.564760459] [offboard_waypoint_node]: [CONTROL_STATE] IDLE_HOLD -> WAITING_FOR_ODOM: waiting for continuous EV health before initial hold
[offboard_waypoint_node-1] [INFO] [1786526257.614670130] [offboard_waypoint_node]: [EV_HOLD_WAIT] continuous_healthy=0.00s required=7.50s
[offboard_waypoint_node-1] [INFO] [1786526257.821165696] [offboard_waypoint_node]: [EV_HEALTH] state=FAULT continuous_healthy=0.00s
[mapping_manager_node-5] [INFO] [1786526257.979228319] [mapping_manager_node]: Mapping status: in_flight=false, map_loaded=false, map_saved=false
[fastlio_bridge_node-2] [INFO] [1786526258.019564227] [fastlio_bridge_node]: 已桥接并转换里程计: ENU(-0.01, -0.01, -0.09) -> NED(-0.01, -0.01, 0.09)
[super_planner_ros2_node-6] [INFO] [1786526258.336540960] [super_planner_ros2_node]: SUPER_ROS2 mode=IDLE enable_output=true reason=NO_GOAL odom=(-0.01,-0.01,-0.09) goal=none tracking_setpoint_enu=(-0.01,-0.01,0.78) setpoint_ned=none yaw(desired/cmd/rate)=(0.00/0.00/0.00) cross_track=0.00 frame_id=px4_ned path_points=0 odom_source=/race/odom cloud_source=/saved_map mavros_connected=true
[offboard_waypoint_node-1] [INFO] [1786526258.514533887] [offboard_waypoint_node]: [CONTROL_ARBITER] selected_source=waiting_for_ev_ground_reference state=WAITING_FOR_ODOM
[offboard_waypoint_node-1] [INFO] [1786526258.664551937] [offboard_waypoint_node]: [EV_HOLD_WAIT] continuous_healthy=0.00s required=7.50s
[super_planner_ros2_node-6] [INFO] [1786526259.397601938] [super_planner_ros2_node]: SUPER_ROS2 mode=IDLE enable_output=true reason=NO_GOAL odom=(0.00,-0.01,-0.09) goal=none tracking_setpoint_enu=(0.00,-0.01,0.78) setpoint_ned=none yaw(desired/cmd/rate)=(0.00/0.00/0.00) cross_track=0.00 frame_id=px4_ned path_points=0 odom_source=/race/odom cloud_source=/saved_map mavros_connected=true
[offboard_waypoint_node-1] [INFO] [1786526259.515681201] [offboard_waypoint_node]: [CONTROL_ARBITER] selected_source=waiting_for_ev_ground_reference state=WAITING_FOR_ODOM
[offboard_waypoint_node-1] [INFO] [1786526259.714505137] [offboard_waypoint_node]: [EV_HOLD_WAIT] continuous_healthy=0.00s required=7.50s
[fastlio_bridge_node-2] [INFO] [1786526260.022367280] [fastlio_bridge_node]: 已桥接并转换里程计: ENU(-0.01, -0.01, -0.09) -> NED(-0.01, -0.01, 0.09)
[super_planner_ros2_node-6] [INFO] [1786526260.451197452] [super_planner_ros2_node]: SUPER_ROS2 mode=IDLE enable_output=true reason=NO_GOAL odom=(-0.01,-0.00,-0.09) goal=none tracking_setpoint_enu=(-0.01,-0.00,0.78) setpoint_ned=none yaw(desired/cmd/rate)=(0.00/0.00/0.00) cross_track=0.00 frame_id=px4_ned path_points=0 odom_source=/race/odom cloud_source=/saved_map mavros_connected=true
[offboard_waypoint_node-1] [INFO] [1786526260.564915696] [offboard_waypoint_node]: [CONTROL_ARBITER] selected_source=waiting_for_ev_ground_reference state=WAITING_FOR_ODOM
[offboard_waypoint_node-1] [INFO] [1786526260.715017717] [offboard_waypoint_node]: [EV_HOLD_WAIT] continuous_healthy=0.00s required=7.50s
[super_planner_ros2_node-6] [INFO] [1786526261.486395433] [super_planner_ros2_node]: SUPER_ROS2 mode=IDLE enable_output=true reason=NO_GOAL odom=(0.00,-0.00,-0.09) goal=none tracking_setpoint_enu=(0.00,-0.00,0.78) setpoint_ned=none yaw(desired/cmd/rate)=(0.00/0.00/0.00) cross_track=0.00 frame_id=px4_ned path_points=0 odom_source=/race/odom cloud_source=/saved_map mavros_connected=true
[offboard_waypoint_node-1] [INFO] [1786526261.614789860] [offboard_waypoint_node]: [CONTROL_ARBITER] selected_source=waiting_for_ev_ground_reference state=WAITING_FOR_ODOM
[offboard_waypoint_node-1] [INFO] [1786526261.764497889] [offboard_waypoint_node]: [EV_HOLD_WAIT] continuous_healthy=0.00s required=7.50s
[fastlio_bridge_node-2] [INFO] [1786526262.018016813] [fastlio_bridge_node]: 已桥接并转换里程计: ENU(-0.02, -0.01, -0.09) -> NED(-0.01, -0.02, 0.09)
[super_planner_ros2_node-6] [INFO] [1786526262.490329407] [super_planner_ros2_node]: SUPER_ROS2 mode=IDLE enable_output=true reason=NO_GOAL odom=(-0.02,-0.00,-0.09) goal=none tracking_setpoint_enu=(-0.02,-0.00,0.78) setpoint_ned=none yaw(desired/cmd/rate)=(0.00/0.00/0.00) cross_track=0.00 frame_id=px4_ned path_points=0 odom_source=/race/odom cloud_source=/saved_map mavros_connected=true
[offboard_waypoint_node-1] [INFO] [1786526262.664873197] [offboard_waypoint_node]: [CONTROL_ARBITER] selected_source=waiting_for_ev_ground_reference state=WAITING_FOR_ODOM
[offboard_waypoint_node-1] [INFO] [1786526262.814536300] [offboard_waypoint_node]: [EV_HOLD_WAIT] continuous_healthy=0.00s required=7.50s
[super_planner_ros2_node-6] [INFO] [1786526263.537030932] [super_planner_ros2_node]: SUPER_ROS2 mode=IDLE enable_output=true reason=NO_GOAL odom=(-0.11,-0.01,-0.14) goal=none tracking_setpoint_enu=(-0.11,-0.01,0.78) setpoint_ned=none yaw(desired/cmd/rate)=(0.00/0.00/0.00) cross_track=0.00 frame_id=px4_ned path_points=0 odom_source=/race/odom cloud_source=/saved_map mavros_connected=true
[offboard_waypoint_node-1] [INFO] [1786526263.715124298] [offboard_waypoint_node]: [CONTROL_ARBITER] selected_source=waiting_for_ev_ground_reference state=WAITING_FOR_ODOM
[offboard_waypoint_node-1] [INFO] [1786526263.814552787] [offboard_waypoint_node]: [EV_HOLD_WAIT] continuous_healthy=0.00s required=7.50s
[fastlio_bridge_node-2] [INFO] [1786526264.018498889] [fastlio_bridge_node]: 已桥接并转换里程计: ENU(-0.03, -0.01, -0.10) -> NED(-0.01, -0.03, 0.10)
[super_planner_ros2_node-6] [INFO] [1786526264.586772147] [super_planner_ros2_node]: SUPER_ROS2 mode=IDLE enable_output=true reason=NO_GOAL odom=(-0.01,0.00,-0.09) goal=none tracking_setpoint_enu=(-0.01,0.00,0.78) setpoint_ned=none yaw(desired/cmd/rate)=(0.00/0.00/0.00) cross_track=0.00 frame_id=px4_ned path_points=0 odom_source=/race/odom cloud_source=/saved_map mavros_connected=true
[offboard_waypoint_node-1] [INFO] [1786526264.764618145] [offboard_waypoint_node]: [CONTROL_ARBITER] selected_source=waiting_for_ev_ground_reference state=WAITING_FOR_ODOM
[offboard_waypoint_node-1] [INFO] [1786526264.864667819] [offboard_waypoint_node]: [EV_HOLD_WAIT] continuous_healthy=0.00s required=7.50s
[super_planner_ros2_node-6] [INFO] [1786526265.636743605] [super_planner_ros2_node]: SUPER_ROS2 mode=IDLE enable_output=true reason=NO_GOAL odom=(-0.11,-0.02,-0.15) goal=none tracking_setpoint_enu=(-0.11,-0.02,0.78) setpoint_ned=none yaw(desired/cmd/rate)=(0.00/0.00/0.00) cross_track=0.00 frame_id=px4_ned path_points=0 odom_source=/race/odom cloud_source=/saved_map mavros_connected=true
[offboard_waypoint_node-1] [INFO] [1786526265.815054059] [offboard_waypoint_node]: [CONTROL_ARBITER] selected_source=waiting_for_ev_ground_reference state=WAITING_FOR_ODOM
[offboard_waypoint_node-1] [INFO] [1786526265.914484036] [offboard_waypoint_node]: [EV_HOLD_WAIT] continuous_healthy=0.00s required=7.50s
[fastlio_bridge_node-2] [INFO] [1786526266.022928495] [fastlio_bridge_node]: 已桥接并转换里程计: ENU(-0.01, -0.00, -0.09) -> NED(-0.00, -0.01, 0.09)
[super_planner_ros2_node-6] [INFO] [1786526266.686650709] [super_planner_ros2_node]: SUPER_ROS2 mode=IDLE enable_output=true reason=NO_GOAL odom=(-0.14,-0.03,-0.15) goal=none tracking_setpoint_enu=(-0.14,-0.03,0.78) setpoint_ned=none yaw(desired/cmd/rate)=(0.00/0.00/0.00) cross_track=0.00 frame_id=px4_ned path_points=0 odom_source=/race/odom cloud_source=/saved_map mavros_connected=true
[offboard_waypoint_node-1] [INFO] [1786526266.864844987] [offboard_waypoint_node]: [CONTROL_ARBITER] selected_source=waiting_for_ev_ground_reference state=WAITING_FOR_ODOM
[offboard_waypoint_node-1] [INFO] [1786526266.914648338] [offboard_waypoint_node]: [EV_HOLD_WAIT] continuous_healthy=0.00s required=7.50s
[super_planner_ros2_node-6] [INFO] [1786526267.736569619] [super_planner_ros2_node]: SUPER_ROS2 mode=IDLE enable_output=true reason=NO_GOAL odom=(-0.04,-0.01,-0.10) goal=none tracking_setpoint_enu=(-0.04,-0.01,0.78) setpoint_ned=none yaw(desired/cmd/rate)=(0.00/0.00/0.00) cross_track=0.00 frame_id=px4_ned path_points=0 odom_source=/race/odom cloud_source=/saved_map mavros_connected=true
[offboard_waypoint_node-1] [INFO] [1786526267.914715198] [offboard_waypoint_node]: [CONTROL_ARBITER] selected_source=waiting_for_ev_ground_reference state=WAITING_FOR_ODOM
[offboard_waypoint_node-1] [INFO] [1786526267.964449569] [offboard_waypoint_node]: [EV_HOLD_WAIT] continuous_healthy=0.00s required=7.50s
[fastlio_bridge_node-2] [INFO] [1786526268.015391473] [fastlio_bridge_node]: 已桥接并转换里程计: ENU(-0.04, -0.01, -0.10) -> NED(-0.01, -0.04, 0.10)
[super_planner_ros2_node-6] [INFO] [1786526268.736803962] [super_planner_ros2_node]: SUPER_ROS2 mode=IDLE enable_output=true reason=NO_GOAL odom=(-0.03,-0.01,-0.11) goal=none tracking_setpoint_enu=(-0.03,-0.01,0.78) setpoint_ned=none yaw(desired/cmd/rate)=(0.00/0.00/0.00) cross_track=0.00 frame_id=px4_ned path_points=0 odom_source=/race/odom cloud_source=/saved_map mavros_connected=true
[offboard_waypoint_node-1] [INFO] [1786526268.914750452] [offboard_waypoint_node]: [CONTROL_ARBITER] selected_source=waiting_for_ev_ground_reference state=WAITING_FOR_ODOM
[offboard_waypoint_node-1] [INFO] [1786526268.964749336] [offboard_waypoint_node]: [EV_HOLD_WAIT] continuous_healthy=0.00s required=7.50s
[super_planner_ros2_node-6] [INFO] [1786526269.786773402] [super_planner_ros2_node]: SUPER_ROS2 mode=IDLE enable_output=true reason=NO_GOAL odom=(-0.00,-0.00,-0.08) goal=none tracking_setpoint_enu=(-0.00,-0.00,0.78) setpoint_ned=none yaw(desired/cmd/rate)=(0.00/0.00/0.00) cross_track=0.00 frame_id=px4_ned path_points=0 odom_source=/race/odom cloud_source=/saved_map mavros_connected=true
[offboard_waypoint_node-1] [INFO] [1786526269.916510727] [offboard_waypoint_node]: [CONTROL_ARBITER] selected_source=waiting_for_ev_ground_reference state=WAITING_FOR_ODOM
[offboard_waypoint_node-1] [INFO] [1786526270.014511202] [offboard_waypoint_node]: [EV_HOLD_WAIT] continuous_healthy=0.00s required=7.50s
[fastlio_bridge_node-2] [INFO] [1786526270.017814676] [fastlio_bridge_node]: 已桥接并转换里程计: ENU(-0.05, -0.01, -0.11) -> NED(-0.01, -0.05, 0.11)
[super_planner_ros2_node-6] [INFO] [1786526270.787027700] [super_planner_ros2_node]: SUPER_ROS2 mode=IDLE enable_output=true reason=NO_GOAL odom=(-0.02,-0.01,-0.08) goal=none tracking_setpoint_enu=(-0.02,-0.01,0.78) setpoint_ned=none yaw(desired/cmd/rate)=(0.00/0.00/0.00) cross_track=0.00 frame_id=px4_ned path_points=0 odom_source=/race/odom cloud_source=/saved_map mavros_connected=true
[offboard_waypoint_node-1] [INFO] [1786526270.966003645] [offboard_waypoint_node]: [CONTROL_ARBITER] selected_source=waiting_for_ev_ground_reference state=WAITING_FOR_ODOM
[offboard_waypoint_node-1] [INFO] [1786526271.016214026] [offboard_waypoint_node]: [EV_HOLD_WAIT] continuous_healthy=0.00s required=7.50s
[super_planner_ros2_node-6] [INFO] [1786526271.836628819] [super_planner_ros2_node]: SUPER_ROS2 mode=IDLE enable_output=true reason=NO_GOAL odom=(-0.05,-0.02,-0.15) goal=none tracking_setpoint_enu=(-0.05,-0.02,0.78) setpoint_ned=none yaw(desired/cmd/rate)=(0.00/0.00/0.00) cross_track=0.00 frame_id=px4_ned path_points=0 odom_source=/race/odom cloud_source=/saved_map mavros_connected=true
[offboard_waypoint_node-1] [INFO] [1786526272.014584284] [offboard_waypoint_node]: [CONTROL_ARBITER] selected_source=waiting_for_ev_ground_reference state=WAITING_FOR_ODOM
[fastlio_bridge_node-2] [INFO] [1786526272.028511757] [fastlio_bridge_node]: 已桥接并转换里程计: ENU(-0.06, -0.02, -0.10) -> NED(-0.02, -0.06, 0.10)
[offboard_waypoint_node-1] [INFO] [1786526272.064828251] [offboard_waypoint_node]: [EV_HOLD_WAIT] continuous_healthy=0.00s required=7.50s
[super_planner_ros2_node-6] [INFO] [1786526272.836644964] [super_planner_ros2_node]: SUPER_ROS2 mode=IDLE enable_output=true reason=NO_GOAL odom=(-0.12,-0.02,-0.16) goal=none tracking_setpoint_enu=(-0.12,-0.02,0.78) setpoint_ned=none yaw(desired/cmd/rate)=(0.00/0.00/0.00) cross_track=0.00 frame_id=px4_ned path_points=0 odom_source=/race/odom cloud_source=/saved_map mavros_connected=true
[offboard_waypoint_node-1] [INFO] [1786526273.015877642] [offboard_waypoint_node]: [CONTROL_ARBITER] selected_source=waiting_for_ev_ground_reference state=WAITING_FOR_ODOM
[offboard_waypoint_node-1] [INFO] [1786526273.114907418] [offboard_waypoint_node]: [EV_HOLD_WAIT] continuous_healthy=0.00s required=7.50s
[super_planner_ros2_node-6] [INFO] [1786526273.886778461] [super_planner_ros2_node]: SUPER_ROS2 mode=IDLE enable_output=true reason=NO_GOAL odom=(-0.07,-0.02,-0.13) goal=none tracking_setpoint_enu=(-0.07,-0.02,0.78) setpoint_ned=none yaw(desired/cmd/rate)=(0.00/0.00/0.00) cross_track=0.00 frame_id=px4_ned path_points=0 odom_source=/race/odom cloud_source=/saved_map mavros_connected=true
[fastlio_bridge_node-2] [INFO] [1786526274.022556544] [fastlio_bridge_node]: 已桥接并转换里程计: ENU(-0.08, -0.01, -0.12) -> NED(-0.01, -0.08, 0.12)
[offboard_waypoint_node-1] [INFO] [1786526274.065016745] [offboard_waypoint_node]: [CONTROL_ARBITER] selected_source=waiting_for_ev_ground_reference state=WAITING_FOR_ODOM
[offboard_waypoint_node-1] [INFO] [1786526274.164742918] [offboard_waypoint_node]: [EV_HOLD_WAIT] continuous_healthy=0.00s required=7.50s
[super_planner_ros2_node-6] [INFO] [1786526274.936854941] [super_planner_ros2_node]: SUPER_ROS2 mode=IDLE enable_output=true reason=NO_GOAL odom=(-0.03,-0.01,-0.11) goal=none tracking_setpoint_enu=(-0.03,-0.01,0.78) setpoint_ned=none yaw(desired/cmd/rate)=(0.00/0.00/0.00) cross_track=0.00 frame_id=px4_ned path_points=0 odom_source=/race/odom cloud_source=/saved_map mavros_connected=true
[offboard_waypoint_node-1] [INFO] [1786526275.065110811] [offboard_waypoint_node]: [CONTROL_ARBITER] selected_source=waiting_for_ev_ground_reference state=WAITING_FOR_ODOM
[offboard_waypoint_node-1] [INFO] [1786526275.214760985] [offboard_waypoint_node]: [EV_HOLD_WAIT] continuous_healthy=0.00s required=7.50s
[super_planner_ros2_node-6] [INFO] [1786526275.987123384] [super_planner_ros2_node]: SUPER_ROS2 mode=IDLE enable_output=true reason=NO_GOAL odom=(-0.05,-0.01,-0.11) goal=none tracking_setpoint_enu=(-0.05,-0.01,0.78) setpoint_ned=none yaw(desired/cmd/rate)=(0.00/0.00/0.00) cross_track=0.00 frame_id=px4_ned path_points=0 odom_source=/race/odom cloud_source=/saved_map mavros_connected=true
[offboard_waypoint_node-1] [INFO] [1786526276.114535357] [offboard_waypoint_node]: [CONTROL_ARBITER] selected_source=waiting_for_ev_ground_reference state=WAITING_FOR_ODOM
[offboard_waypoint_node-1] [INFO] [1786526276.214837098] [offboard_waypoint_node]: [EV_HOLD_WAIT] continuous_healthy=0.00s required=7.50s
[super_planner_ros2_node-6] [INFO] [1786526277.036646566] [super_planner_ros2_node]: SUPER_ROS2 mode=IDLE enable_output=true reason=NO_GOAL odom=(-1.58,0.07,-0.26) goal=none tracking_setpoint_enu=(-1.58,0.07,0.78) setpoint_ned=none yaw(desired/cmd/rate)=(0.00/0.00/0.00) cross_track=0.00 frame_id=px4_ned path_points=0 odom_source=/race/odom cloud_source=/saved_map mavros_connected=true
[offboard_waypoint_node-1] [INFO] [1786526277.114860673] [offboard_waypoint_node]: [CONTROL_ARBITER] selected_source=waiting_for_ev_ground_reference state=WAITING_FOR_ODOM
[offboard_waypoint_node-1] [INFO] [1786526277.264726376] [offboard_waypoint_node]: [EV_HOLD_WAIT] continuous_healthy=0.00s required=7.50s
[fastlio_bridge_node-2] [INFO] [1786526278.027264051] [fastlio_bridge_node]: 已桥接并转换里程计: ENU(-1.58, 0.07, -0.24) -> NED(0.07, -1.58, 0.24)
[super_planner_ros2_node-6] [INFO] [1786526278.037431614] [super_planner_ros2_node]: SUPER_ROS2 mode=IDLE enable_output=true reason=NO_GOAL odom=(-1.58,0.07,-0.24) goal=none tracking_setpoint_enu=(-1.58,0.07,0.78) setpoint_ned=none yaw(desired/cmd/rate)=(0.00/0.00/0.00) cross_track=0.00 frame_id=px4_ned path_points=0 odom_source=/race/odom cloud_source=/saved_map mavros_connected=true
[offboard_waypoint_node-1] [INFO] [1786526278.116442581] [offboard_waypoint_node]: [CONTROL_ARBITER] selected_source=waiting_for_ev_ground_reference state=WAITING_FOR_ODOM
[offboard_waypoint_node-1] [INFO] [1786526278.314667597] [offboard_waypoint_node]: [EV_HOLD_WAIT] continuous_healthy=0.00s required=7.50s
[super_planner_ros2_node-6] [INFO] [1786526279.086708758] [super_planner_ros2_node]: SUPER_ROS2 mode=IDLE enable_output=true reason=NO_GOAL odom=(-1.55,0.07,-0.24) goal=none tracking_setpoint_enu=(-1.55,0.07,0.78) setpoint_ned=none yaw(desired/cmd/rate)=(0.00/0.00/0.00) cross_track=0.00 frame_id=px4_ned path_points=0 odom_source=/race/odom cloud_source=/saved_map mavros_connected=true
[offboard_waypoint_node-1] [INFO] [1786526279.164971051] [offboard_waypoint_node]: [CONTROL_ARBITER] selected_source=waiting_for_ev_ground_reference state=WAITING_FOR_ODOM
[offboard_waypoint_node-1] [INFO] [1786526279.364663853] [offboard_waypoint_node]: [EV_HOLD_WAIT] continuous_healthy=0.00s required=7.50s
[fastlio_bridge_node-2] [INFO] [1786526280.018000165] [fastlio_bridge_node]: 已桥接并转换里程计: ENU(-1.52, 0.08, -0.20) -> NED(0.08, -1.52, 0.20)
[super_planner_ros2_node-6] [INFO] [1786526280.086924146] [super_planner_ros2_node]: SUPER_ROS2 mode=IDLE enable_output=true reason=NO_GOAL odom=(-1.52,0.08,-0.20) goal=none tracking_setpoint_enu=(-1.52,0.08,0.78) setpoint_ned=none yaw(desired/cmd/rate)=(0.00/0.00/0.00) cross_track=0.00 frame_id=px4_ned path_points=0 odom_source=/race/odom cloud_source=/saved_map mavros_connected=true
[offboard_waypoint_node-1] [INFO] [1786526280.165121184] [offboard_waypoint_node]: [CONTROL_ARBITER] selected_source=waiting_for_ev_ground_reference state=WAITING_FOR_ODOM
[offboard_waypoint_node-1] [INFO] [1786526280.364823243] [offboard_waypoint_node]: [EV_HOLD_WAIT] continuous_healthy=0.00s required=7.50s
[super_planner_ros2_node-6] [INFO] [1786526281.086947948] [super_planner_ros2_node]: SUPER_ROS2 mode=IDLE enable_output=true reason=NO_GOAL odom=(-1.53,0.08,-0.22) goal=none tracking_setpoint_enu=(-1.53,0.08,0.78) setpoint_ned=none yaw(desired/cmd/rate)=(0.00/0.00/0.00) cross_track=0.00 frame_id=px4_ned path_points=0 odom_source=/race/odom cloud_source=/saved_map mavros_connected=true
[offboard_waypoint_node-1] [INFO] [1786526281.215115882] [offboard_waypoint_node]: [CONTROL_ARBITER] selected_source=waiting_for_ev_ground_reference state=WAITING_FOR_ODOM
[offboard_waypoint_node-1] [INFO] [1786526281.414652844] [offboard_waypoint_node]: [EV_HOLD_WAIT] continuous_healthy=0.00s required=7.50s
[super_planner_ros2_node-6] [INFO] [1786526282.137628944] [super_planner_ros2_node]: SUPER_ROS2 mode=IDLE enable_output=true reason=NO_GOAL odom=(-1.50,0.08,-0.19) goal=none tracking_setpoint_enu=(-1.50,0.08,0.78) setpoint_ned=none yaw(desired/cmd/rate)=(0.00/0.00/0.00) cross_track=0.00 frame_id=px4_ned path_points=0 odom_source=/race/odom cloud_source=/saved_map mavros_connected=true
[offboard_waypoint_node-1] [INFO] [1786526282.265007991] [offboard_waypoint_node]: [CONTROL_ARBITER] selected_source=waiting_for_ev_ground_reference state=WAITING_FOR_ODOM
[offboard_waypoint_node-1] [INFO] [1786526282.414756620] [offboard_waypoint_node]: [EV_HOLD_WAIT] continuous_healthy=0.00s required=7.50s
[super_planner_ros2_node-6] [INFO] [1786526283.186570227] [super_planner_ros2_node]: SUPER_ROS2 mode=IDLE enable_output=true reason=NO_GOAL odom=(-1.51,0.06,-0.19) goal=none tracking_setpoint_enu=(-1.51,0.06,0.78) setpoint_ned=none yaw(desired/cmd/rate)=(0.00/0.00/0.00) cross_track=0.00 frame_id=px4_ned path_points=0 odom_source=/race/odom cloud_source=/saved_map mavros_connected=true
[offboard_waypoint_node-1] [INFO] [1786526283.314891172] [offboard_waypoint_node]: [CONTROL_ARBITER] selected_source=waiting_for_ev_ground_reference state=WAITING_FOR_ODOM
[offboard_waypoint_node-1] [INFO] [1786526283.464758773] [offboard_waypoint_node]: [EV_HOLD_WAIT] continuous_healthy=0.00s required=7.50s
[fastlio_bridge_node-2] [INFO] [1786526284.018017151] [fastlio_bridge_node]: 已桥接并转换里程计: ENU(-2.48, 0.06, -0.23) -> NED(0.06, -2.48, 0.23)
[super_planner_ros2_node-6] [INFO] [1786526284.186718139] [super_planner_ros2_node]: SUPER_ROS2 mode=IDLE enable_output=true reason=NO_GOAL odom=(-2.48,0.06,-0.23) goal=none tracking_setpoint_enu=(-2.48,0.06,0.78) setpoint_ned=none yaw(desired/cmd/rate)=(0.00/0.00/0.00) cross_track=0.00 frame_id=px4_ned path_points=0 odom_source=/race/odom cloud_source=/saved_map mavros_connected=true
[offboard_waypoint_node-1] [INFO] [1786526284.365020627] [offboard_waypoint_node]: [CONTROL_ARBITER] selected_source=waiting_for_ev_ground_reference state=WAITING_FOR_ODOM
[offboard_waypoint_node-1] [INFO] [1786526284.514700756] [offboard_waypoint_node]: [EV_HOLD_WAIT] continuous_healthy=0.00s required=7.50s
[super_planner_ros2_node-6] [INFO] [1786526285.186727813] [super_planner_ros2_node]: SUPER_ROS2 mode=IDLE enable_output=true reason=NO_GOAL odom=(-1.46,0.09,-0.21) goal=none tracking_setpoint_enu=(-1.46,0.09,0.78) setpoint_ned=none yaw(desired/cmd/rate)=(0.00/0.00/0.00) cross_track=0.00 frame_id=px4_ned path_points=0 odom_source=/race/odom cloud_source=/saved_map mavros_connected=true
[offboard_waypoint_node-1] [INFO] [1786526285.365080862] [offboard_waypoint_node]: [CONTROL_ARBITER] selected_source=waiting_for_ev_ground_reference state=WAITING_FOR_ODOM
[offboard_waypoint_node-1] [INFO] [1786526285.564712407] [offboard_waypoint_node]: [EV_HOLD_WAIT] continuous_healthy=0.00s required=7.50s
[fastlio_bridge_node-2] [INFO] [1786526286.019200482] [fastlio_bridge_node]: 已桥接并转换里程计: ENU(-2.41, -0.92, -0.18) -> NED(-0.92, -2.41, 0.18)
[super_planner_ros2_node-6] [INFO] [1786526286.186993075] [super_planner_ros2_node]: SUPER_ROS2 mode=IDLE enable_output=true reason=NO_GOAL odom=(-2.43,-0.88,-0.20) goal=none tracking_setpoint_enu=(-2.43,-0.88,0.78) setpoint_ned=none yaw(desired/cmd/rate)=(0.00/0.00/0.00) cross_track=0.00 frame_id=px4_ned path_points=0 odom_source=/race/odom cloud_source=/saved_map mavros_connected=true
[offboard_waypoint_node-1] [INFO] [1786526286.414820918] [offboard_waypoint_node]: [CONTROL_ARBITER] selected_source=waiting_for_ev_ground_reference state=WAITING_FOR_ODOM
[offboard_waypoint_node-1] [INFO] [1786526286.564770907] [offboard_waypoint_node]: [EV_HOLD_WAIT] continuous_healthy=0.00s required=7.50s
[super_planner_ros2_node-6] [INFO] [1786526287.237350029] [super_planner_ros2_node]: SUPER_ROS2 mode=IDLE enable_output=true reason=NO_GOAL odom=(-2.30,-0.91,-0.17) goal=none tracking_setpoint_enu=(-2.30,-0.91,0.78) setpoint_ned=none yaw(desired/cmd/rate)=(0.00/0.00/0.00) cross_track=0.00 frame_id=px4_ned path_points=0 odom_source=/race/odom cloud_source=/saved_map mavros_connected=true
[offboard_waypoint_node-1] [INFO] [1786526287.464862520] [offboard_waypoint_node]: [CONTROL_ARBITER] selected_source=waiting_for_ev_ground_reference state=WAITING_FOR_ODOM
[offboard_waypoint_node-1] [INFO] [1786526287.564821846] [offboard_waypoint_node]: [EV_HOLD_WAIT] continuous_healthy=0.00s required=7.50s
[mapping_manager_node-5] [INFO] [1786526287.979453089] [mapping_manager_node]: Mapping status: in_flight=false, map_loaded=false, map_saved=false
[super_planner_ros2_node-6] [INFO] [1786526288.286801062] [super_planner_ros2_node]: SUPER_ROS2 mode=IDLE enable_output=true reason=NO_GOAL odom=(-2.47,-0.89,-0.22) goal=none tracking_setpoint_enu=(-2.47,-0.89,0.78) setpoint_ned=none yaw(desired/cmd/rate)=(0.00/0.00/0.00) cross_track=0.00 frame_id=px4_ned path_points=0 odom_source=/race/odom cloud_source=/saved_map mavros_connected=true
[offboard_waypoint_node-1] [INFO] [1786526288.465275119] [offboard_waypoint_node]: [CONTROL_ARBITER] selected_source=waiting_for_ev_ground_reference state=WAITING_FOR_ODOM
[offboard_waypoint_node-1] [INFO] [1786526288.614599056] [offboard_waypoint_node]: [EV_HOLD_WAIT] continuous_healthy=0.00s required=7.50s
[super_planner_ros2_node-6] [INFO] [1786526289.337505222] [super_planner_ros2_node]: SUPER_ROS2 mode=IDLE enable_output=true reason=NO_GOAL odom=(-2.05,-0.92,-0.24) goal=none tracking_setpoint_enu=(-2.05,-0.92,0.78) setpoint_ned=none yaw(desired/cmd/rate)=(0.00/0.00/0.00) cross_track=0.00 frame_id=px4_ned path_points=0 odom_source=/race/odom cloud_source=/saved_map mavros_connected=true
[offboard_waypoint_node-1] [INFO] [1786526289.465432877] [offboard_waypoint_node]: [CONTROL_ARBITER] selected_source=waiting_for_ev_ground_reference state=WAITING_FOR_ODOM
[offboard_waypoint_node-1] [INFO] [1786526289.614678028] [offboard_waypoint_node]: [EV_HOLD_WAIT] continuous_healthy=0.00s required=7.50s
[fastlio_bridge_node-2] [INFO] [1786526290.018177187] [fastlio_bridge_node]: 已桥接并转换里程计: ENU(-2.56, -0.89, -0.22) -> NED(-0.89, -2.56, 0.22)
[super_planner_ros2_node-6] [INFO] [1786526290.387233208] [super_planner_ros2_node]: SUPER_ROS2 mode=IDLE enable_output=true reason=NO_GOAL odom=(-2.48,-0.90,-0.21) goal=none tracking_setpoint_enu=(-2.48,-0.90,0.78) setpoint_ned=none yaw(desired/cmd/rate)=(0.00/0.00/0.00) cross_track=0.00 frame_id=px4_ned path_points=0 odom_source=/race/odom cloud_source=/saved_map mavros_connected=true
[offboard_waypoint_node-1] [INFO] [1786526290.515228071] [offboard_waypoint_node]: [CONTROL_ARBITER] selected_source=waiting_for_ev_ground_reference state=WAITING_FOR_ODOM
[offboard_waypoint_node-1] [INFO] [1786526290.614768277] [offboard_waypoint_node]: [EV_HOLD_WAIT] continuous_healthy=0.00s required=7.50s
[super_planner_ros2_node-6] [INFO] [1786526291.437056379] [super_planner_ros2_node]: SUPER_ROS2 mode=IDLE enable_output=true reason=NO_GOAL odom=(-2.42,-0.90,-0.20) goal=none tracking_setpoint_enu=(-2.42,-0.90,0.78) setpoint_ned=none yaw(desired/cmd/rate)=(0.00/0.00/0.00) cross_track=0.00 frame_id=px4_ned path_points=0 odom_source=/race/odom cloud_source=/saved_map mavros_connected=true
[offboard_waypoint_node-1] [INFO] [1786526291.515338759] [offboard_waypoint_node]: [CONTROL_ARBITER] selected_source=waiting_for_ev_ground_reference state=WAITING_FOR_ODOM
[offboard_waypoint_node-1] [INFO] [1786526291.614782400] [offboard_waypoint_node]: [EV_HOLD_WAIT] continuous_healthy=0.00s required=7.50s
[fastlio_bridge_node-2] [INFO] [1786526292.023612528] [fastlio_bridge_node]: 已桥接并转换里程计: ENU(-2.19, -0.92, -0.20) -> NED(-0.92, -2.19, 0.20)
[super_planner_ros2_node-6] [INFO] [1786526292.486697011] [super_planner_ros2_node]: SUPER_ROS2 mode=IDLE enable_output=true reason=NO_GOAL odom=(-2.22,-0.92,-0.18) goal=none tracking_setpoint_enu=(-2.22,-0.92,0.78) setpoint_ned=none yaw(desired/cmd/rate)=(0.00/0.00/0.00) cross_track=0.00 frame_id=px4_ned path_points=0 odom_source=/race/odom cloud_source=/saved_map mavros_connected=true
[offboard_waypoint_node-1] [INFO] [1786526292.565147000] [offboard_waypoint_node]: [CONTROL_ARBITER] selected_source=waiting_for_ev_ground_reference state=WAITING_FOR_ODOM
[offboard_waypoint_node-1] [INFO] [1786526292.664762249] [offboard_waypoint_node]: [EV_HOLD_WAIT] continuous_healthy=0.00s required=7.50s
[super_planner_ros2_node-6] [INFO] [1786526293.486854505] [super_planner_ros2_node]: SUPER_ROS2 mode=IDLE enable_output=true reason=NO_GOAL odom=(-2.49,-0.93,-0.20) goal=none tracking_setpoint_enu=(-2.49,-0.93,0.78) setpoint_ned=none yaw(desired/cmd/rate)=(0.00/0.00/0.00) cross_track=0.00 frame_id=px4_ned path_points=0 odom_source=/race/odom cloud_source=/saved_map mavros_connected=true
[offboard_waypoint_node-1] [INFO] [1786526293.615147263] [offboard_waypoint_node]: [CONTROL_ARBITER] selected_source=waiting_for_ev_ground_reference state=WAITING_FOR_ODOM
[offboard_waypoint_node-1] [INFO] [1786526293.664828580] [offboard_waypoint_node]: [EV_HOLD_WAIT] continuous_healthy=0.00s required=7.50s
[fastlio_bridge_node-2] [INFO] [1786526294.029400130] [fastlio_bridge_node]: 已桥接并转换里程计: ENU(-2.47, -0.93, -0.21) -> NED(-0.93, -2.47, 0.21)
[super_planner_ros2_node-6] [INFO] [1786526294.536601188] [super_planner_ros2_node]: SUPER_ROS2 mode=IDLE enable_output=true reason=NO_GOAL odom=(-2.45,-0.92,-0.20) goal=none tracking_setpoint_enu=(-2.45,-0.92,0.78) setpoint_ned=none yaw(desired/cmd/rate)=(0.00/0.00/0.00) cross_track=0.00 frame_id=px4_ned path_points=0 odom_source=/race/odom cloud_source=/saved_map mavros_connected=true
[offboard_waypoint_node-1] [INFO] [1786526294.664819944] [offboard_waypoint_node]: [CONTROL_ARBITER] selected_source=waiting_for_ev_ground_reference state=WAITING_FOR_ODOM
[offboard_waypoint_node-1] [INFO] [1786526294.714786212] [offboard_waypoint_node]: [EV_HOLD_WAIT] continuous_healthy=0.00s required=7.50s
[super_planner_ros2_node-6] [INFO] [1786526295.536862277] [super_planner_ros2_node]: SUPER_ROS2 mode=NO_ODOM enable_output=true reason=NO_ODOM odom=(-2.45,-0.92,-0.20) goal=none tracking_setpoint_enu=(-2.45,-0.92,0.78) setpoint_ned=none yaw(desired/cmd/rate)=(0.00/0.00/0.00) cross_track=0.00 frame_id=px4_ned path_points=0 odom_source=/race/odom cloud_source=/saved_map mavros_connected=true
[offboard_waypoint_node-1] [INFO] [1786526295.665296946] [offboard_waypoint_node]: [CONTROL_ARBITER] selected_source=waiting_for_ev_ground_reference state=WAITING_FOR_ODOM
[offboard_waypoint_node-1] [INFO] [1786526295.715076934] [offboard_waypoint_node]: [EV_HOLD_WAIT] continuous_healthy=0.00s required=7.50s
[super_planner_ros2_node-6] [INFO] [1786526296.537244664] [super_planner_ros2_node]: SUPER_ROS2 mode=NO_ODOM enable_output=true reason=NO_ODOM odom=(-2.45,-0.92,-0.20) goal=none tracking_setpoint_enu=(-2.45,-0.92,0.78) setpoint_ned=none yaw(desired/cmd/rate)=(0.00/0.00/0.00) cross_track=0.00 frame_id=px4_ned path_points=0 odom_source=/race/odom cloud_source=/saved_map mavros_connected=true
[offboard_waypoint_node-1] [INFO] [1786526296.714780591] [offboard_waypoint_node]: [CONTROL_ARBITER] selected_source=waiting_for_ev_ground_reference state=WAITING_FOR_ODOM
[offboard_waypoint_node-1] [INFO] [1786526296.764755635] [offboard_waypoint_node]: [EV_HOLD_WAIT] continuous_healthy=0.00s required=7.50s
[super_planner_ros2_node-6] [INFO] [1786526297.586706960] [super_planner_ros2_node]: SUPER_ROS2 mode=NO_ODOM enable_output=true reason=NO_ODOM odom=(-2.45,-0.92,-0.20) goal=none tracking_setpoint_enu=(-2.45,-0.92,0.78) setpoint_ned=none yaw(desired/cmd/rate)=(0.00/0.00/0.00) cross_track=0.00 frame_id=px4_ned path_points=0 odom_source=/race/odom cloud_source=/saved_map mavros_connected=true
[offboard_waypoint_node-1] [INFO] [1786526297.715762082] [offboard_waypoint_node]: [CONTROL_ARBITER] selected_source=waiting_for_ev_ground_reference state=WAITING_FOR_ODOM
[offboard_waypoint_node-1] [INFO] [1786526297.764797036] [offboard_waypoint_node]: [EV_HOLD_WAIT] continuous_healthy=0.00s required=7.50s
[super_planner_ros2_node-6] [INFO] [1786526298.586780115] [super_planner_ros2_node]: SUPER_ROS2 mode=IDLE enable_output=true reason=NO_GOAL odom=(-2.45,-0.92,-0.20) goal=none tracking_setpoint_enu=(-2.45,-0.92,0.78) setpoint_ned=none yaw(desired/cmd/rate)=(0.00/0.00/0.00) cross_track=0.00 frame_id=px4_ned path_points=0 odom_source=/race/odom cloud_source=/saved_map mavros_connected=true
[offboard_waypoint_node-1] [INFO] [1786526298.765161105] [offboard_waypoint_node]: [EV_HOLD_WAIT] continuous_healthy=0.00s required=7.50s
[offboard_waypoint_node-1] [INFO] [1786526298.765721185] [offboard_waypoint_node]: [CONTROL_ARBITER] selected_source=waiting_for_ev_ground_reference state=WAITING_FOR_ODOM
[super_planner_ros2_node-6] [INFO] [1786526299.586941183] [super_planner_ros2_node]: SUPER_ROS2 mode=NO_ODOM enable_output=true reason=NO_ODOM odom=(-2.45,-0.92,-0.20) goal=none tracking_setpoint_enu=(-2.45,-0.92,0.78) setpoint_ned=none yaw(desired/cmd/rate)=(0.00/0.00/0.00) cross_track=0.00 frame_id=px4_ned path_points=0 odom_source=/race/odom cloud_source=/saved_map mavros_connected=true
[offboard_waypoint_node-1] [INFO] [1786526299.814707234] [offboard_waypoint_node]: [EV_HOLD_WAIT] continuous_healthy=0.00s required=7.50s
[offboard_waypoint_node-1] [INFO] [1786526299.814901942] [offboard_waypoint_node]: [CONTROL_ARBITER] selected_source=waiting_for_ev_ground_reference state=WAITING_FOR_ODOM
[super_planner_ros2_node-6] [INFO] [1786526300.637745847] [super_planner_ros2_node]: SUPER_ROS2 mode=NO_ODOM enable_output=true reason=NO_ODOM odom=(-2.45,-0.92,-0.20) goal=none tracking_setpoint_enu=(-2.45,-0.92,0.78) setpoint_ned=none yaw(desired/cmd/rate)=(0.00/0.00/0.00) cross_track=0.00 frame_id=px4_ned path_points=0 odom_source=/race/odom cloud_source=/saved_map mavros_connected=true
[offboard_waypoint_node-1] [INFO] [1786526300.814789877] [offboard_waypoint_node]: [EV_HOLD_WAIT] continuous_healthy=0.00s required=7.50s
[offboard_waypoint_node-1] [INFO] [1786526300.815009991] [offboard_waypoint_node]: [CONTROL_ARBITER] selected_source=waiting_for_ev_ground_reference state=WAITING_FOR_ODOM
[super_planner_ros2_node-6] [INFO] [1786526301.686938499] [super_planner_ros2_node]: SUPER_ROS2 mode=NO_ODOM enable_output=true reason=NO_ODOM odom=(-2.45,-0.92,-0.20) goal=none tracking_setpoint_enu=(-2.45,-0.92,0.78) setpoint_ned=none yaw(desired/cmd/rate)=(0.00/0.00/0.00) cross_track=0.00 frame_id=px4_ned path_points=0 odom_source=/race/odom cloud_source=/saved_map mavros_connected=true
[offboard_waypoint_node-1] [INFO] [1786526301.814842490] [offboard_waypoint_node]: [EV_HOLD_WAIT] continuous_healthy=0.00s required=7.50s
[offboard_waypoint_node-1] [INFO] [1786526301.815069302] [offboard_waypoint_node]: [CONTROL_ARBITER] selected_source=waiting_for_ev_ground_reference state=WAITING_FOR_ODOM
[super_planner_ros2_node-6] [INFO] [1786526302.686946690] [super_planner_ros2_node]: SUPER_ROS2 mode=NO_ODOM enable_output=true reason=NO_ODOM odom=(-2.45,-0.92,-0.20) goal=none tracking_setpoint_enu=(-2.45,-0.92,0.78) setpoint_ned=none yaw(desired/cmd/rate)=(0.00/0.00/0.00) cross_track=0.00 frame_id=px4_ned path_points=0 odom_source=/race/odom cloud_source=/saved_map mavros_connected=true
[offboard_waypoint_node-1] [INFO] [1786526302.864708649] [offboard_waypoint_node]: [EV_HOLD_WAIT] continuous_healthy=0.00s required=7.50s
[offboard_waypoint_node-1] [INFO] [1786526302.864891110] [offboard_waypoint_node]: [CONTROL_ARBITER] selected_source=waiting_for_ev_ground_reference state=WAITING_FOR_ODOM
[super_planner_ros2_node-6] [INFO] [1786526303.687112867] [super_planner_ros2_node]: SUPER_ROS2 mode=NO_ODOM enable_output=true reason=NO_ODOM odom=(-2.45,-0.92,-0.20) goal=none tracking_setpoint_enu=(-2.45,-0.92,0.78) setpoint_ned=none yaw(desired/cmd/rate)=(0.00/0.00/0.00) cross_track=0.00 frame_id=px4_ned path_points=0 odom_source=/race/odom cloud_source=/saved_map mavros_connected=true
[offboard_waypoint_node-1] [INFO] [1786526303.865195275] [offboard_waypoint_node]: [EV_HOLD_WAIT] continuous_healthy=0.00s required=7.50s
[offboard_waypoint_node-1] [INFO] [1786526303.865380744] [offboard_waypoint_node]: [CONTROL_ARBITER] selected_source=waiting_for_ev_ground_reference state=WAITING_FOR_ODOM
[super_planner_ros2_node-6] [INFO] [1786526304.736912138] [super_planner_ros2_node]: SUPER_ROS2 mode=IDLE enable_output=true reason=NO_GOAL odom=(-2.04,-0.91,-0.10) goal=none tracking_setpoint_enu=(-2.04,-0.91,0.78) setpoint_ned=none yaw(desired/cmd/rate)=(0.00/0.00/0.00) cross_track=0.00 frame_id=px4_ned path_points=0 odom_source=/race/odom cloud_source=/saved_map mavros_connected=true
[offboard_waypoint_node-1] [INFO] [1786526304.914709257] [offboard_waypoint_node]: [EV_HOLD_WAIT] continuous_healthy=0.00s required=7.50s
[offboard_waypoint_node-1] [INFO] [1786526304.915062984] [offboard_waypoint_node]: [CONTROL_ARBITER] selected_source=waiting_for_ev_ground_reference state=WAITING_FOR_ODOM
[super_planner_ros2_node-6] [INFO] [1786526305.737071329] [super_planner_ros2_node]: SUPER_ROS2 mode=NO_ODOM enable_output=true reason=NO_ODOM odom=(-2.04,-0.91,-0.10) goal=none tracking_setpoint_enu=(-2.04,-0.91,0.78) setpoint_ned=none yaw(desired/cmd/rate)=(0.00/0.00/0.00) cross_track=0.00 frame_id=px4_ned path_points=0 odom_source=/race/odom cloud_source=/saved_map mavros_connected=true
[offboard_waypoint_node-1] [INFO] [1786526305.914822296] [offboard_waypoint_node]: [EV_HOLD_WAIT] continuous_healthy=0.00s required=7.50s
[offboard_waypoint_node-1] [INFO] [1786526305.915630645] [offboard_waypoint_node]: [CONTROL_ARBITER] selected_source=waiting_for_ev_ground_reference state=WAITING_FOR_ODOM
[super_planner_ros2_node-6] [INFO] [1786526306.737146891] [super_planner_ros2_node]: SUPER_ROS2 mode=NO_ODOM enable_output=true reason=NO_ODOM odom=(-2.04,-0.91,-0.10) goal=none tracking_setpoint_enu=(-2.04,-0.91,0.78) setpoint_ned=none yaw(desired/cmd/rate)=(0.00/0.00/0.00) cross_track=0.00 frame_id=px4_ned path_points=0 odom_source=/race/odom cloud_source=/saved_map mavros_connected=true
[offboard_waypoint_node-1] [INFO] [1786526306.964874401] [offboard_waypoint_node]: [EV_HOLD_WAIT] continuous_healthy=0.00s required=7.50s
[offboard_waypoint_node-1] [INFO] [1786526306.965104208] [offboard_waypoint_node]: [CONTROL_ARBITER] selected_source=waiting_for_ev_ground_reference state=WAITING_FOR_ODOM
[super_planner_ros2_node-6] [INFO] [1786526307.786852409] [super_planner_ros2_node]: SUPER_ROS2 mode=NO_ODOM enable_output=true reason=NO_ODOM odom=(-2.04,-0.91,-0.10) goal=none tracking_setpoint_enu=(-2.04,-0.91,0.78) setpoint_ned=none yaw(desired/cmd/rate)=(0.00/0.00/0.00) cross_track=0.00 frame_id=px4_ned path_points=0 odom_source=/race/odom cloud_source=/saved_map mavros_connected=true
[offboard_waypoint_node-1] [INFO] [1786526307.965121448] [offboard_waypoint_node]: [EV_HOLD_WAIT] continuous_healthy=0.00s required=7.50s
[offboard_waypoint_node-1] [INFO] [1786526307.965869562] [offboard_waypoint_node]: [CONTROL_ARBITER] selected_source=waiting_for_ev_ground_reference state=WAITING_FOR_ODOM
[super_planner_ros2_node-6] [INFO] [1786526308.787017183] [super_planner_ros2_node]: SUPER_ROS2 mode=NO_ODOM enable_output=true reason=NO_ODOM odom=(-2.04,-0.91,-0.10) goal=none tracking_setpoint_enu=(-2.04,-0.91,0.78) setpoint_ned=none yaw(desired/cmd/rate)=(0.00/0.00/0.00) cross_track=0.00 frame_id=px4_ned path_points=0 odom_source=/race/odom cloud_source=/saved_map mavros_connected=true
[offboard_waypoint_node-1] [INFO] [1786526309.014730331] [offboard_waypoint_node]: [EV_HOLD_WAIT] continuous_healthy=0.00s required=7.50s
[offboard_waypoint_node-1] [INFO] [1786526309.015103890] [offboard_waypoint_node]: [CONTROL_ARBITER] selected_source=waiting_for_ev_ground_reference state=WAITING_FOR_ODOM
[super_planner_ros2_node-6] [INFO] [1786526309.837092474] [super_planner_ros2_node]: SUPER_ROS2 mode=NO_ODOM enable_output=true reason=NO_ODOM odom=(-2.04,-0.91,-0.10) goal=none tracking_setpoint_enu=(-2.04,-0.91,0.78) setpoint_ned=none yaw(desired/cmd/rate)=(0.00/0.00/0.00) cross_track=0.00 frame_id=px4_ned path_points=0 odom_source=/race/odom cloud_source=/saved_map mavros_connected=true
[offboard_waypoint_node-1] [INFO] [1786526310.014820164] [offboard_waypoint_node]: [EV_HOLD_WAIT] continuous_healthy=0.00s required=7.50s
[offboard_waypoint_node-1] [INFO] [1786526310.065209490] [offboard_waypoint_node]: [CONTROL_ARBITER] selected_source=waiting_for_ev_ground_reference state=WAITING_FOR_ODOM
[super_planner_ros2_node-6] [INFO] [1786526310.837105920] [super_planner_ros2_node]: SUPER_ROS2 mode=NO_ODOM enable_output=true reason=NO_ODOM odom=(-2.04,-0.91,-0.10) goal=none tracking_setpoint_enu=(-2.04,-0.91,0.78) setpoint_ned=none yaw(desired/cmd/rate)=(0.00/0.00/0.00) cross_track=0.00 frame_id=px4_ned path_points=0 odom_source=/race/odom cloud_source=/saved_map mavros_connected=true
[offboard_waypoint_node-1] [INFO] [1786526311.015007466] [offboard_waypoint_node]: [EV_HOLD_WAIT] continuous_healthy=0.00s required=7.50s
[offboard_waypoint_node-1] [INFO] [1786526311.114967135] [offboard_waypoint_node]: [CONTROL_ARBITER] selected_source=waiting_for_ev_ground_reference state=WAITING_FOR_ODOM
[super_planner_ros2_node-6] [INFO] [1786526311.887301292] [super_planner_ros2_node]: SUPER_ROS2 mode=IDLE enable_output=true reason=NO_GOAL odom=(-2.04,-0.91,-0.11) goal=none tracking_setpoint_enu=(-2.04,-0.91,0.78) setpoint_ned=none yaw(desired/cmd/rate)=(0.00/0.00/0.00) cross_track=0.00 frame_id=px4_ned path_points=0 odom_source=/race/odom cloud_source=/saved_map mavros_connected=true
[offboard_waypoint_node-1] [INFO] [1786526312.016352873] [offboard_waypoint_node]: [EV_HOLD_WAIT] continuous_healthy=0.00s required=7.50s
[offboard_waypoint_node-1] [INFO] [1786526312.114985494] [offboard_waypoint_node]: [CONTROL_ARBITER] selected_source=waiting_for_ev_ground_reference state=WAITING_FOR_ODOM
[super_planner_ros2_node-6] [INFO] [1786526312.937033567] [super_planner_ros2_node]: SUPER_ROS2 mode=NO_ODOM enable_output=true reason=NO_ODOM odom=(-2.04,-0.91,-0.11) goal=none tracking_setpoint_enu=(-2.04,-0.91,0.78) setpoint_ned=none yaw(desired/cmd/rate)=(0.00/0.00/0.00) cross_track=0.00 frame_id=px4_ned path_points=0 odom_source=/race/odom cloud_source=/saved_map mavros_connected=true
[offboard_waypoint_node-1] [INFO] [1786526313.064957309] [offboard_waypoint_node]: [EV_HOLD_WAIT] continuous_healthy=0.00s required=7.50s
[offboard_waypoint_node-1] [INFO] [1786526313.115145523] [offboard_waypoint_node]: [CONTROL_ARBITER] selected_source=waiting_for_ev_ground_reference state=WAITING_FOR_ODOM
[super_planner_ros2_node-6] [INFO] [1786526313.986916576] [super_planner_ros2_node]: SUPER_ROS2 mode=IDLE enable_output=true reason=NO_GOAL odom=(-2.04,-0.91,-0.12) goal=none tracking_setpoint_enu=(-2.04,-0.91,0.78) setpoint_ned=none yaw(desired/cmd/rate)=(0.00/0.00/0.00) cross_track=0.00 frame_id=px4_ned path_points=0 odom_source=/race/odom cloud_source=/saved_map mavros_connected=true
[offboard_waypoint_node-1] [INFO] [1786526314.114773966] [offboard_waypoint_node]: [EV_HOLD_WAIT] continuous_healthy=0.00s required=7.50s
[offboard_waypoint_node-1] [INFO] [1786526314.164903840] [offboard_waypoint_node]: [CONTROL_ARBITER] selected_source=waiting_for_ev_ground_reference state=WAITING_FOR_ODOM
[super_planner_ros2_node-6] [INFO] [1786526314.987030404] [super_planner_ros2_node]: SUPER_ROS2 mode=NO_ODOM enable_output=true reason=NO_ODOM odom=(-2.04,-0.91,-0.12) goal=none tracking_setpoint_enu=(-2.04,-0.91,0.78) setpoint_ned=none yaw(desired/cmd/rate)=(0.00/0.00/0.00) cross_track=0.00 frame_id=px4_ned path_points=0 odom_source=/race/odom cloud_source=/saved_map mavros_connected=true
[offboard_waypoint_node-1] [INFO] [1786526315.114804720] [offboard_waypoint_node]: [EV_HOLD_WAIT] continuous_healthy=0.00s required=7.50s
[offboard_waypoint_node-1] [INFO] [1786526315.165214631] [offboard_waypoint_node]: [CONTROL_ARBITER] selected_source=waiting_for_ev_ground_reference state=WAITING_FOR_ODOM
[super_planner_ros2_node-6] [INFO] [1786526316.037147202] [super_planner_ros2_node]: SUPER_ROS2 mode=NO_ODOM enable_output=true reason=NO_ODOM odom=(-2.04,-0.91,-0.12) goal=none tracking_setpoint_enu=(-2.04,-0.91,0.78) setpoint_ned=none yaw(desired/cmd/rate)=(0.00/0.00/0.00) cross_track=0.00 frame_id=px4_ned path_points=0 odom_source=/race/odom cloud_source=/saved_map mavros_connected=true
[offboard_waypoint_node-1] [INFO] [1786526316.114897779] [offboard_waypoint_node]: [EV_HOLD_WAIT] continuous_healthy=0.00s required=7.50s
[offboard_waypoint_node-1] [INFO] [1786526316.165234914] [offboard_waypoint_node]: [CONTROL_ARBITER] selected_source=waiting_for_ev_ground_reference state=WAITING_FOR_ODOM
[super_planner_ros2_node-6] [INFO] [1786526317.087323718] [super_planner_ros2_node]: SUPER_ROS2 mode=IDLE enable_output=true reason=NO_GOAL odom=(19.79,-2.77,6.52) goal=none tracking_setpoint_enu=(19.79,-2.77,0.78) setpoint_ned=none yaw(desired/cmd/rate)=(0.00/0.00/0.00) cross_track=0.00 frame_id=px4_ned path_points=0 odom_source=/race/odom cloud_source=/saved_map mavros_connected=true
[offboard_waypoint_node-1] [INFO] [1786526317.164922531] [offboard_waypoint_node]: [EV_HOLD_WAIT] continuous_healthy=0.00s required=7.50s
[offboard_waypoint_node-1] [INFO] [1786526317.214852319] [offboard_waypoint_node]: [CONTROL_ARBITER] selected_source=waiting_for_ev_ground_reference state=WAITING_FOR_ODOM
[mapping_manager_node-5] [INFO] [1786526317.979618138] [mapping_manager_node]: Mapping status: in_flight=false, map_loaded=false, map_saved=false
[super_planner_ros2_node-6] [INFO] [1786526318.137019627] [super_planner_ros2_node]: SUPER_ROS2 mode=NO_ODOM enable_output=true reason=NO_ODOM odom=(19.79,-2.77,6.52) goal=none tracking_setpoint_enu=(19.79,-2.77,0.78) setpoint_ned=none yaw(desired/cmd/rate)=(0.00/0.00/0.00) cross_track=0.00 frame_id=px4_ned path_points=0 odom_source=/race/odom cloud_source=/saved_map mavros_connected=true
[offboard_waypoint_node-1] [INFO] [1786526318.165037266] [offboard_waypoint_node]: [EV_HOLD_WAIT] continuous_healthy=0.00s required=7.50s
[offboard_waypoint_node-1] [INFO] [1786526318.216916300] [offboard_waypoint_node]: [CONTROL_ARBITER] selected_source=waiting_for_ev_ground_reference state=WAITING_FOR_ODOM
[super_planner_ros2_node-6] [INFO] [1786526319.137072096] [super_planner_ros2_node]: SUPER_ROS2 mode=IDLE enable_output=true reason=NO_GOAL odom=(-169.48,-14.12,-65.22) goal=none tracking_setpoint_enu=(-169.48,-14.12,0.78) setpoint_ned=none yaw(desired/cmd/rate)=(0.00/0.00/0.00) cross_track=0.00 frame_id=px4_ned path_points=0 odom_source=/race/odom cloud_source=/saved_map mavros_connected=true
[offboard_waypoint_node-1] [INFO] [1786526319.165269072] [offboard_waypoint_node]: [EV_HOLD_WAIT] continuous_healthy=0.00s required=7.50s
[offboard_waypoint_node-1] [INFO] [1786526319.265220799] [offboard_waypoint_node]: [CONTROL_ARBITER] selected_source=waiting_for_ev_ground_reference state=WAITING_FOR_ODOM
[super_planner_ros2_node-6] [INFO] [1786526320.186942617] [super_planner_ros2_node]: SUPER_ROS2 mode=IDLE enable_output=true reason=NO_GOAL odom=(-169.43,-14.21,-65.34) goal=none tracking_setpoint_enu=(-169.43,-14.21,0.78) setpoint_ned=none yaw(desired/cmd/rate)=(0.00/0.00/0.00) cross_track=0.00 frame_id=px4_ned path_points=0 odom_source=/race/odom cloud_source=/saved_map mavros_connected=true
[offboard_waypoint_node-1] [INFO] [1786526320.214838156] [offboard_waypoint_node]: [EV_HOLD_WAIT] continuous_healthy=0.00s required=7.50s
[offboard_waypoint_node-1] [INFO] [1786526320.315018199] [offboard_waypoint_node]: [CONTROL_ARBITER] selected_source=waiting_for_ev_ground_reference state=WAITING_FOR_ODOM
[super_planner_ros2_node-6] [INFO] [1786526321.187513728] [super_planner_ros2_node]: SUPER_ROS2 mode=NO_ODOM enable_output=true reason=NO_ODOM odom=(-169.43,-14.21,-65.34) goal=none tracking_setpoint_enu=(-169.43,-14.21,0.78) setpoint_ned=none yaw(desired/cmd/rate)=(0.00/0.00/0.00) cross_track=0.00 frame_id=px4_ned path_points=0 odom_source=/race/odom cloud_source=/saved_map mavros_connected=true
[offboard_waypoint_node-1] [INFO] [1786526321.215074107] [offboard_waypoint_node]: [EV_HOLD_WAIT] continuous_healthy=0.00s required=7.50s
[offboard_waypoint_node-1] [INFO] [1786526321.315084878] [offboard_waypoint_node]: [CONTROL_ARBITER] selected_source=waiting_for_ev_ground_reference state=WAITING_FOR_ODOM
[offboard_waypoint_node-1] [INFO] [1786526322.215203158] [offboard_waypoint_node]: [EV_HOLD_WAIT] continuous_healthy=0.00s required=7.50s
[super_planner_ros2_node-6] [INFO] [1786526322.237372141] [super_planner_ros2_node]: SUPER_ROS2 mode=IDLE enable_output=true reason=NO_GOAL odom=(-169.30,-14.44,-65.61) goal=none tracking_setpoint_enu=(-169.30,-14.44,0.78) setpoint_ned=none yaw(desired/cmd/rate)=(0.00/0.00/0.00) cross_track=0.00 frame_id=px4_ned path_points=0 odom_source=/race/odom cloud_source=/saved_map mavros_connected=true
[offboard_waypoint_node-1] [INFO] [1786526322.367502657] [offboard_waypoint_node]: [CONTROL_ARBITER] selected_source=waiting_for_ev_ground_reference state=WAITING_FOR_ODOM
[offboard_waypoint_node-1] [INFO] [1786526323.265000459] [offboard_waypoint_node]: [EV_HOLD_WAIT] continuous_healthy=0.00s required=7.50s
[super_planner_ros2_node-6] [INFO] [1786526323.287179411] [super_planner_ros2_node]: SUPER_ROS2 mode=IDLE enable_output=true reason=NO_GOAL odom=(-169.22,-14.36,-65.80) goal=none tracking_setpoint_enu=(-169.22,-14.36,0.78) setpoint_ned=none yaw(desired/cmd/rate)=(0.00/0.00/0.00) cross_track=0.00 frame_id=px4_ned path_points=0 odom_source=/race/odom cloud_source=/saved_map mavros_connected=true
[offboard_waypoint_node-1] [INFO] [1786526323.415221606] [offboard_waypoint_node]: [CONTROL_ARBITER] selected_source=waiting_for_ev_ground_reference state=WAITING_FOR_ODOM
[fastlio_bridge_node-2] [INFO] [1786526324.017312200] [fastlio_bridge_node]: 已桥接并转换里程计: ENU(-917.22, 110.39, -356.51) -> NED(110.39, -917.22, 356.51)
[offboard_waypoint_node-1] [INFO] [1786526324.315167434] [offboard_waypoint_node]: [EV_HOLD_WAIT] continuous_healthy=0.00s required=7.50s
[super_planner_ros2_node-6] [INFO] [1786526324.337038088] [super_planner_ros2_node]: SUPER_ROS2 mode=IDLE enable_output=true reason=NO_GOAL odom=(-948.82,110.10,-368.68) goal=none tracking_setpoint_enu=(-948.82,110.10,0.78) setpoint_ned=none yaw(desired/cmd/rate)=(0.00/0.00/0.00) cross_track=0.00 frame_id=px4_ned path_points=0 odom_source=/race/odom cloud_source=/saved_map mavros_connected=true
[offboard_waypoint_node-1] [INFO] [1786526324.465288296] [offboard_waypoint_node]: [CONTROL_ARBITER] selected_source=waiting_for_ev_ground_reference state=WAITING_FOR_ODOM
[super_planner_ros2_node-6] [INFO] [1786526325.337205718] [super_planner_ros2_node]: SUPER_ROS2 mode=IDLE enable_output=true reason=NO_GOAL odom=(-1053.53,106.33,-408.56) goal=none tracking_setpoint_enu=(-1053.53,106.33,0.78) setpoint_ned=none yaw(desired/cmd/rate)=(0.00/0.00/0.00) cross_track=0.00 frame_id=px4_ned path_points=0 odom_source=/race/odom cloud_source=/saved_map mavros_connected=true
[offboard_waypoint_node-1] [INFO] [1786526325.364947608] [offboard_waypoint_node]: [EV_HOLD_WAIT] continuous_healthy=0.00s required=7.50s
[offboard_waypoint_node-1] [INFO] [1786526325.465499914] [offboard_waypoint_node]: [CONTROL_ARBITER] selected_source=waiting_for_ev_ground_reference state=WAITING_FOR_ODOM
[fastlio_bridge_node-2] [INFO] [1786526326.021108597] [fastlio_bridge_node]: 已桥接并转换里程计: ENU(-1126.36, 103.01, -435.94) -> NED(103.01, -1126.36, 435.94)
[super_planner_ros2_node-6] [INFO] [1786526326.337242591] [super_planner_ros2_node]: SUPER_ROS2 mode=IDLE enable_output=true reason=NO_GOAL odom=(-1157.25,101.35,-447.78) goal=none tracking_setpoint_enu=(-1157.25,101.35,0.78) setpoint_ned=none yaw(desired/cmd/rate)=(0.00/0.00/0.00) cross_track=0.00 frame_id=px4_ned path_points=0 odom_source=/race/odom cloud_source=/saved_map mavros_connected=true
[offboard_waypoint_node-1] [INFO] [1786526326.365129035] [offboard_waypoint_node]: [EV_HOLD_WAIT] continuous_healthy=0.00s required=7.50s
[offboard_waypoint_node-1] [INFO] [1786526326.515483797] [offboard_waypoint_node]: [CONTROL_ARBITER] selected_source=waiting_for_ev_ground_reference state=WAITING_FOR_ODOM
[offboard_waypoint_node-1] [INFO] [1786526327.366205864] [offboard_waypoint_node]: [EV_HOLD_WAIT] continuous_healthy=0.00s required=7.50s
[super_planner_ros2_node-6] [INFO] [1786526327.387007737] [super_planner_ros2_node]: SUPER_ROS2 mode=IDLE enable_output=true reason=NO_GOAL odom=(-1261.44,95.35,-486.57) goal=none tracking_setpoint_enu=(-1261.44,95.35,0.78) setpoint_ned=none yaw(desired/cmd/rate)=(0.00/0.00/0.00) cross_track=0.00 frame_id=px4_ned path_points=0 odom_source=/race/odom cloud_source=/saved_map mavros_connected=true
[offboard_waypoint_node-1] [INFO] [1786526327.565421674] [offboard_waypoint_node]: [CONTROL_ARBITER] selected_source=waiting_for_ev_ground_reference state=WAITING_FOR_ODOM
[fastlio_bridge_node-2] [INFO] [1786526328.022168307] [fastlio_bridge_node]: 已桥接并转换里程计: ENU(-1335.25, 91.85, -513.10) -> NED(91.85, -1335.25, 513.10)
[super_planner_ros2_node-6] [INFO] [1786526328.387506689] [super_planner_ros2_node]: SUPER_ROS2 mode=IDLE enable_output=true reason=NO_GOAL odom=(-1345.90,91.34,-516.88) goal=none tracking_setpoint_enu=(-1345.90,91.34,0.78) setpoint_ned=none yaw(desired/cmd/rate)=(0.00/0.00/0.00) cross_track=0.00 frame_id=px4_ned path_points=0 odom_source=/race/odom cloud_source=/saved_map mavros_connected=true
[offboard_waypoint_node-1] [INFO] [1786526328.414884562] [offboard_waypoint_node]: [EV_HOLD_WAIT] continuous_healthy=0.00s required=7.50s
[navigation stack (prewarm)] 正在停止进程组 15549
[navigation stack (prewarm)] 已退出，状态码 143
