[navigation stack (prewarm)] starting
[navigation stack (prewarm)] command: env MAP_FILE=/home/robot/rong_ws/ws_offboard_control/maps/main/GlobalMap_去顶端_z2.5m.pcd PLANNER_BACKEND=astar_ego TUNING_FILE=/home/robot/rong_ws/ws_offboard_control/flight_records/20260816/flight_20260816_042242/snapshot/astar_ego_tuning_0.75m.yaml MISSION_ENABLED=false RECOGNITION_ENABLED=false RVIZ=true ENABLE_OUTPUT=true MANUAL_HANDOVER=false EV_FAULT_AUTO_LAND=false BODY_TO_SENSOR_X_M=0.0 BODY_TO_SENSOR_Y_M=0.0 BODY_TO_SENSOR_Z_M=0.08 BODY_TO_FASTLIO_YAW_RAD=0.0 WORLD_YAW_ALIGNMENT_RAD=0.0 PUBLISH_FASTLIO_BRIDGE=true PUBLISH_CAMERA_INIT_TF=false MAP_FRAME_ID=map FASTLIO_ODOM_TOPIC=/planning/odom REQUIRE_MAP_LOCAL_ALIGNMENT=true MAP_AUTO_LOAD=true /home/robot/rong_ws/ws_offboard_control/tools/flight/运行导航控制.sh
[navigation stack (prewarm)] pid=4360 pgid=4360 log=/home/robot/rong_ws/ws_offboard_control/flight_records/20260816/flight_20260816_042242/logs/navigation.log
导航后端：    请求=astar_ego，实际=astar_ego，EGO开关=true
任务序列器：  false
地图文件：    /home/robot/rong_ws/ws_offboard_control/maps/main/GlobalMap_去顶端_z2.5m.pcd
地图自动加载：true
Recognition:        false
导航输出：    true
人工接管：    false
EV 故障自动降落：false
[INFO] [launch]: All log files can be found below /home/robot/.ros/log/2026-08-16-04-22-48-985234-robot-4360
[INFO] [launch]: Default logging verbosity is set to INFO
[INFO] [launch.user]: [PLANNER_BACKEND] requested=astar_ego effective=astar_ego ego_enabled=True
[INFO] [launch.user]: [TUNING_FILE]
[INFO] [launch.user]: path=/home/robot/rong_ws/ws_offboard_control/flight_records/20260816/flight_20260816_042242/snapshot/astar_ego_tuning_0.75m.yaml
[INFO] [launch.user]: schema_version=1
[INFO] [launch.user]: [EGO_MAP_SOURCE]
[INFO] [launch.user]: ego_map_source=static_live_px4
[INFO] [launch.user]: [EGO_MAP_TUNING]
[INFO] [launch.user]: {'live_topic': '/cloud_registered', 'body_topic': '/cloud_registered_body', 'pose_topic': '/race/pose', 'live_obstacle_memory_sec': 1.0, 'live_obstacle_voxel_size_m': 0.1, 'live_obstacle_min_observations': 2, 'minimum_reliable_detection_range_m': 0.725, 'pose_sync_max_skew_sec': 0.3, 'pose_buffer_duration_sec': 1.0}
[INFO] [launch.user]: [FAULT_ENVELOPE]
[INFO] [launch.user]: x=[-30.0,30.0] y=[-30.0,30.0] z=[0.5,0.9] jump=max_speed*dt+0.4m grid_padding=3.0m corridor=1.5m
[INFO] [launch.user]: [GLOBAL_PLANNER_TUNING]
[INFO] [launch.user]: {'grid_resolution': 0.15, 'planning_resolution': 0.05, 'hard_inflation_radius': 0.28, 'min_planning_inflation_radius': 0.28, 'soft_obstacle_cost_radius': 0.54, 'clearance_cost_weight': 3.0, 'tracking_lookahead_distance': 0.3, 'max_local_goal_distance': 1.7, 'trajectory_prefetch_sec': 1.5, 'trajectory_stall_timeout_sec': 1.0, 'trajectory_recovery_confirmation_sec': 0.5, 'smoothing_min_clearance': 0.1, 'allow_direct_path': False, 'enable_path_shortcut': False}
[INFO] [launch.user]: [EGO_TUNING]
[INFO] [launch.user]: {'enable': True, 'planning_horizon': 5.0, 'local_update_range_x': 6.0, 'local_update_range_y': 6.0, 'local_update_range_z': 1.25, 'occupancy_map_size_x': 24.0, 'occupancy_map_size_y': 26.0, 'occupancy_publish_max_height': 2.5, 'max_velocity': 0.6, 'max_acceleration': 0.8, 'control_point_spacing': 0.25, 'planning_clearance_m': 0.34, 'constrained_clearance_enable': False, 'constrained_clearance_m': 0.24, 'constrained_optimization_clearance_m': 0.3, 'far_end_clearance_extra_m': 0.06, 'optimization_clearance_m': 0.42, 'max_reference_deviation_m': 0.8, 'use_distinctive_trajectories': True, 'replan_start_position_error_m': 0.25, 'handover_position_tolerance_m': 0.02, 'handover_velocity_tolerance_mps': 0.02, 'handover_acceleration_tolerance_mps2': 0.05, 'fixed_flight_height': 0.75}
[INFO] [launch.user]: [BRIDGE_TUNING]
[INFO] [launch.user]: {'occupancy_timeout_sec': 1.0, 'active_recheck_history_sec': 0.5, 'bspline_timeout_sec': 0.2, 'command_timeout_sec': 0.2, 'dynamic_invalid_grace_sec': 0.75, 'replan_hold_timeout_sec': 3.0, 'replan_reanchor_max_horizontal_speed_mps': 0.08, 'replan_reanchor_stable_sec': 0.5, 'switch_position_tolerance_m': 0.1, 'switch_velocity_tolerance_mps': 0.1, 'switch_acceleration_tolerance_mps2': 0.2, 'collision_sample_spacing_m': 0.04, 'braking_deceleration_mps2': 0.8, 'reaction_time_sec': 0.15, 'dynamic_limit_margin': 1.1, 'max_yaw_rate_rad_s': 0.8}
[INFO] [launch.user]: [OFFBOARD_TUNING]
[INFO] [launch.user]: {'takeoff_height_m': 0.55, 'ego_goal_release_height_m': 0.5, 'ego_goal_stable_height_tolerance_m': 0.05, 'ego_goal_stable_horizontal_speed_mps': 0.08, 'ego_goal_stable_vertical_speed_mps': 0.3, 'ego_goal_stable_duration_sec': 0.5, 'fixed_flight_height_m': 0.75, 'max_safe_height_m': 0.9, 'goal_tolerance_xy_m': 0.1, 'goal_tolerance_z_m': 0.05, 'setpoint_rate_hz': 20.0, 'trusted_position_max_speed_mps': 4.0, 'trusted_position_jump_allowance_m': 0.4, 'ego_setpoint_max_lead_m': 2.0, 'ego_setpoint_timeout_sec': 2.5, 'same_goal_retry_on_safety_latch': True, 'ego_yaw_rate_limit_rad_s': 0.8, 'initial_position_stabilization_sec': 0.5, 'initial_position_max_spread_m': 0.08, 'initial_position_max_speed_mps': 0.2}
[INFO] [offboard_waypoint_node-1]: process started with pid [4465]
[INFO] [fastlio_bridge_node-2]: process started with pid [4467]
[INFO] [frame_transform_node-3]: process started with pid [4469]
[INFO] [map_io_node-4]: process started with pid [4471]
[INFO] [mapping_manager_node-5]: process started with pid [4473]
[INFO] [super_planner_ros2_node-6]: process started with pid [4475]
[INFO] [race_ego_odom_bridge-7]: process started with pid [4477]
[INFO] [race_ego_cloud_bridge-8]: process started with pid [4479]
[INFO] [race_ego_goal_bridge-9]: process started with pid [4481]
[INFO] [ego_planner_node-10]: process started with pid [4483]
[INFO] [traj_server-11]: process started with pid [4485]
[INFO] [race_ego_trajectory_bridge-12]: process started with pid [4487]
[INFO] [rviz2-13]: process started with pid [4489]
[race_ego_trajectory_bridge-12] [INFO] [1786825369.288405867] [race_ego_trajectory_bridge]: [BRIDGE_CLEARANCE_THRESHOLD] hard_clearance=0.290000000
[race_ego_trajectory_bridge-12] [INFO] [1786825369.288619360] [race_ego_trajectory_bridge]: [BRIDGE_BRAKING_CONTRACT] max_speed=0.600 deceleration=0.800 reaction=0.150 clearance=0.290 braking_horizon=0.605 detection_range=0.725
[frame_transform_node-3] [INFO] [1786825369.290590911] [frame_transform_node]: frame_transform_node started
[frame_transform_node-3] [INFO] [1786825369.290688739] [frame_transform_node]:   Static TF map -> odom (identity): disabled
[frame_transform_node-3] [INFO] [1786825369.290701082] [frame_transform_node]:   Fixed map -> camera_init TF disabled
[mapping_manager_node-5] [INFO] [1786825369.292553510] [mapping_manager_node]: mapping_manager_node started
[mapping_manager_node-5] [INFO] [1786825369.292645209] [mapping_manager_node]:   auto_load_on_start: false
[mapping_manager_node-5] [INFO] [1786825369.292652383] [mapping_manager_node]:   auto_save_on_land: true
[race_ego_odom_bridge-7] [INFO] [1786825369.295165944] [race_ego_odom_bridge]: EGO odom bridge: /race/odom -> /race/ego/odom frame=map pose=map_passthrough velocity=bodyFLU->map strict=false
[fastlio_bridge_node-2] [INFO] [1786825369.296652407] [fastlio_bridge_node]: FAST-LIO2 ENU/map -> base_link bridge: /planning/odom -> /race/odom, /race/pose lever=(0.000, 0.000, 0.080) installation_yaw=0.000000 world_yaw=0.000000
[race_ego_cloud_bridge-8] [INFO] [1786825369.299724074] [race_ego_cloud_bridge]: EGO cloud bridge: source=static_live_px4 input=/saved_map+/cloud_registered_body output=/race/ego/cloud required_frame=map frame_transform=map_pose_projection
[race_ego_goal_bridge-9] [INFO] [1786825369.302025659] [race_ego_goal_bridge]: Goal stability uses pose=/race/ego/odom velocity=/mavros/local_position/odom freshness=0.25s
[super_planner_ros2_node-6] [INFO] [1786825369.307711919] [super_planner_ros2_node]: MODE_INIT enable_output=true setpoint_topic=/race/navigation_setpoint setpoint_frame=px4_ned control_rate=20.0 replan_rate=2.0 tracking_lookahead=0.30 heading_lookahead=0.80 max_yaw_rate=1.00 odom_topic=/race/odom odom_input_frame=map require_mavros_connected=false mavros_state_topic=/mavros/state cloud_topic=/saved_map PLANNER_INTERNAL_FRAME=map hard_inflation=0.28 soft_cost_radius=0.54 clearance_cost_weight=3.00 smoothing=true method=chaikin iterations=2 sample_resolution=0.10 allow_direct_path=false enable_path_shortcut=false
[super_planner_ros2_node-6] [INFO] [1786825369.307803071] [super_planner_ros2_node]: [SUPER_TRACKING_POLICY] replan_while_tracking=false
[super_planner_ros2_node-6] [INFO] [1786825369.307811148] [super_planner_ros2_node]: GLOBAL_MODE global_only=true control_output=false global_path=/race/global_path local_goal=/race/ego/local_goal
[super_planner_ros2_node-6] [INFO] [1786825369.307817035] [super_planner_ros2_node]: [SUPER_MODE] global_only=true max_planning_distance=9.000 segment_chaining=false
[super_planner_ros2_node-6] [INFO] [1786825369.307821018] [super_planner_ros2_node]: [SUPER_DIRECT_MODE] enabled=false
[super_planner_ros2_node-6] [INFO] [1786825369.307824589] [super_planner_ros2_node]: [FAULT_ENVELOPE] x=[-30.00,30.00] y=[-30.00,30.00] z=[0.50,0.90] jump=max(4.00m/s*dt)+0.40m grid_padding=3.00m corridor=1.50m
[offboard_waypoint_node-1] [INFO] [1786825369.307933095] [offboard_waypoint_node]: Offboard adapter: control_source=ego navigation_topic=/race/navigation_setpoint ego_topic=/race/ego/trajectory_setpoint frame=px4_ned timeout=0.80s ego_timeout=0.20s height=[0.50, 0.90]m warmup=2.0s stabilization=5.0s takeoff_complete=0.55m strict_health=false
[offboard_waypoint_node-1] [INFO] [1786825369.308003653] [offboard_waypoint_node]: [PLANNER_SOURCE] backend=ego
[offboard_waypoint_node-1] [INFO] [1786825369.308010555] [offboard_waypoint_node]: [TRAJECTORY_SOURCE] selected=ego timeout=2.50s
[race_ego_trajectory_bridge-12] [INFO] [1786825369.310331496] [race_ego_trajectory_bridge]: [EGO_STATUS] state=WAIT_MAP control_enabled=true map=missing odom=missing goal=missing trajectory=missing
[super_planner_ros2_node-6] [INFO] [1786825369.359135056] [super_planner_ros2_node]: SUPER_ROS2 mode=NO_ODOM enable_output=false reason=NO_ODOM odom=(0.00,0.00,0.00) goal=none tracking_setpoint_enu=(0.00,0.00,0.00) setpoint_ned=none yaw(desired/cmd/rate)=(0.00/0.00/0.00) cross_track=0.00 frame_id=px4_ned path_points=0 odom_source=none cloud_source=none mavros_connected=false
[offboard_waypoint_node-1] [INFO] [1786825369.359189867] [offboard_waypoint_node]: [EV_HOLD_WAIT] continuous_healthy=0.00s required=7.50s
[offboard_waypoint_node-1] [INFO] [1786825369.359288165] [offboard_waypoint_node]: [CONTROL_ARBITER] selected_source=waiting_for_ev_ground_reference state=WAITING_FOR_ODOM
[race_ego_trajectory_bridge-12] [INFO] [1786825369.412785975] [race_ego_trajectory_bridge]: [EGO_STATUS] state=WAIT_ALTITUDE_REFERENCE control_enabled=true map=missing odom=missing goal=missing trajectory=missing
[map_io_node-4] [INFO] [1786825369.432574807] [map_io_node]: map_io_node started
[map_io_node-4] [INFO] [1786825369.432677073] [map_io_node]:   map_file: /home/robot/rong_ws/ws_offboard_control/maps/main/GlobalMap_去顶端_z2.5m.pcd
[map_io_node-4] [INFO] [1786825369.432682382] [map_io_node]:   publish_topic: /saved_map
[map_io_node-4] [INFO] [1786825369.432685487] [map_io_node]:   display_leaf_size: 0.10 m
[map_io_node-4] [INFO] [1786825369.432691188] [map_io_node]:   max_display_points: 3000000
[ego_planner_node-10] [INFO] [1786825369.508535924] [race_ego_planner]: [EGO_RECOVERY_GEOMETRY_CONFIG] search_distance=0.600 minimum_forward_progress=0.150 extra_clearance=0.060 max_reference_deviation=0.780 max_lateral_offset=0.750 lateral_offset_step=0.150
[ego_planner_node-10] [INFO] [1786825369.513430699] [race_ego_planner]: [EGO_HANDOVER_TOLERANCE] position_m=0.020 velocity_mps=0.020 acceleration_mps2=0.050
[ego_planner_node-10] [INFO] [1786825369.513474739] [race_ego_planner]: [EGO_REFERENCE_GEOMETRY_LIMIT] max_reference_deviation_m=0.800
[ego_planner_node-10] [INFO] [1786825369.517374252] [race_ego_planner]: [EGO_OCCUPANCY_SAFETY_MODEL] required_center_clearance=0.290 planning_clearance=0.340 resolution=0.150 coarse_inflation_steps=2 coarse_voxel_clearance=0.300 continuous_query=true
[ego_planner_node-10] hit: 0.619039
[ego_planner_node-10] miss: -0.619039
[ego_planner_node-10] min log: -1.99243
[ego_planner_node-10] max: 2.19722
[ego_planner_node-10] thresh log: 1.38629
[ego_planner_node-10] [INFO] [1786825369.526541300] [race_ego_planner]: [EGO_OBSTACLE_CLEARANCE_CONTRACT] required_center_clearance=0.290000000 planning_clearance=0.340000000 optimization_target_clearance=0.420000000 far_end_clearance_extra=0.060000000 far_end_target_clearance=0.480000000 collision_weight=1.200000000 valid=true
[ego_planner_node-10] [INFO] [1786825369.526581571] [race_ego_planner]: [EGO_ACTIVE_OPTIMIZATION_TERMS] smoothness=true obstacle=true feasibility=true reference=false endpoint=true smoothness_weight=1.000000 obstacle_weight=1.200000 feasibility_weight=0.400000 reference_weight=0.000000 configured_fitness_weight=1.000000 obstacle_clearance=0.420000
[ego_planner_node-10] [INFO] [1786825369.562868756] [race_ego_planner]: [EGO_CONSTRAINED_CLEARANCE_CONFIG] enabled=false normal=0.340 constrained=0.240 optimization=0.300
[ego_planner_node-10] [INFO] [1786825369.564469817] [race_ego_planner]: single drone:-1
[rviz2-13] [INFO] [1786825369.810377731] [rviz2]: Stereo is NOT SUPPORTED
[rviz2-13] [INFO] [1786825369.810625840] [rviz2]: OpenGl version: 4.6 (GLSL 4.6)
[rviz2-13] [INFO] [1786825369.843618443] [rviz2]: Stereo is NOT SUPPORTED
[traj_server-11] [WARN] [1786825370.302159760] [race_ego_traj_server]: [Traj server]: ready.
[super_planner_ros2_node-6] [INFO] [1786825370.381916164] [super_planner_ros2_node]: SUPER_ROS2 mode=NO_ODOM enable_output=false reason=NO_ODOM odom=(0.00,0.00,0.00) goal=none tracking_setpoint_enu=(0.00,0.00,0.00) setpoint_ned=none yaw(desired/cmd/rate)=(0.00/0.00/0.00) cross_track=0.00 frame_id=px4_ned path_points=0 odom_source=none cloud_source=none mavros_connected=false
[offboard_waypoint_node-1] [INFO] [1786825370.381983565] [offboard_waypoint_node]: [EV_HOLD_WAIT] continuous_healthy=0.00s required=7.50s
[offboard_waypoint_node-1] [INFO] [1786825370.382068994] [offboard_waypoint_node]: [CONTROL_ARBITER] selected_source=waiting_for_ev_ground_reference state=WAITING_FOR_ODOM
[map_io_node-4] [INFO] [1786825370.458478919] [map_io_node]: Loaded 12236 points from /home/robot/rong_ws/ws_offboard_control/maps/main/GlobalMap_去顶端_z2.5m.pcd
[map_io_node-4] [INFO] [1786825370.459451065] [map_io_node]: Downsampled display map: 12236 -> 11417 points (leaf 0.10 m)
[map_io_node-4] [INFO] [1786825370.460006056] [map_io_node]: Published map to /saved_map (frame: map)
[race_ego_cloud_bridge-8] [INFO] [1786825370.461073530] [race_ego_cloud_bridge]: [EGO_STATIC_MAP_READY] topic=/saved_map frame=map points=11417 fused=true
[super_planner_ros2_node-6] [WARN] [1786825370.461142929] [super_planner_ros2_node]: Using cloud source: /saved_map frame_id=map
[ego_planner_node-10] [FSM]: state: INIT
[ego_planner_node-10] no odom.
[ego_planner_node-10] wait for goal or trigger.
[super_planner_ros2_node-6] [INFO] [1786825371.401673851] [super_planner_ros2_node]: SUPER_ROS2 mode=NO_ODOM enable_output=false reason=NO_ODOM odom=(0.00,0.00,0.00) goal=none tracking_setpoint_enu=(0.00,0.00,0.00) setpoint_ned=none yaw(desired/cmd/rate)=(0.00/0.00/0.00) cross_track=0.00 frame_id=px4_ned path_points=0 odom_source=none cloud_source=/saved_map mavros_connected=false
[offboard_waypoint_node-1] [INFO] [1786825371.401785057] [offboard_waypoint_node]: [EV_HOLD_WAIT] continuous_healthy=0.00s required=7.50s
[offboard_waypoint_node-1] [INFO] [1786825371.401822896] [offboard_waypoint_node]: [CONTROL_ARBITER] selected_source=waiting_for_ev_ground_reference state=WAITING_FOR_ODOM
[ego_planner_node-10] [FSM]: state: INIT
[ego_planner_node-10] no odom.
[ego_planner_node-10] wait for goal or trigger.
[super_planner_ros2_node-6] [INFO] [1786825372.419254950] [super_planner_ros2_node]: SUPER_ROS2 mode=NO_ODOM enable_output=false reason=NO_ODOM odom=(0.00,0.00,0.00) goal=none tracking_setpoint_enu=(0.00,0.00,0.00) setpoint_ned=none yaw(desired/cmd/rate)=(0.00/0.00/0.00) cross_track=0.00 frame_id=px4_ned path_points=0 odom_source=none cloud_source=/saved_map mavros_connected=false
[offboard_waypoint_node-1] [INFO] [1786825372.419694584] [offboard_waypoint_node]: [EV_HOLD_WAIT] continuous_healthy=0.00s required=7.50s
[offboard_waypoint_node-1] [INFO] [1786825372.419770232] [offboard_waypoint_node]: [CONTROL_ARBITER] selected_source=waiting_for_ev_ground_reference state=WAITING_FOR_ODOM
[race_ego_cloud_bridge-8] [INFO] [1786825372.497821308] [race_ego_cloud_bridge]: [EGO_STATIC_MAP_READY] topic=/saved_map frame=map points=11417 fused=true
[ego_planner_node-10] [FSM]: state: INIT
[ego_planner_node-10] no odom.
[ego_planner_node-10] wait for goal or trigger.
[super_planner_ros2_node-6] [INFO] [1786825373.434411939] [super_planner_ros2_node]: SUPER_ROS2 mode=NO_ODOM enable_output=false reason=NO_ODOM odom=(0.00,0.00,0.00) goal=none tracking_setpoint_enu=(0.00,0.00,0.00) setpoint_ned=none yaw(desired/cmd/rate)=(0.00/0.00/0.00) cross_track=0.00 frame_id=px4_ned path_points=0 odom_source=none cloud_source=/saved_map mavros_connected=false
[offboard_waypoint_node-1] [INFO] [1786825373.434473929] [offboard_waypoint_node]: [EV_HOLD_WAIT] continuous_healthy=0.00s required=7.50s
[offboard_waypoint_node-1] [INFO] [1786825373.434636982] [offboard_waypoint_node]: [CONTROL_ARBITER] selected_source=waiting_for_ev_ground_reference state=WAITING_FOR_ODOM
[ego_planner_node-10] [FSM]: state: INIT
[ego_planner_node-10] no odom.
[ego_planner_node-10] wait for goal or trigger.
[offboard_waypoint_node-1] [INFO] [1786825374.447613930] [offboard_waypoint_node]: [EV_HOLD_WAIT] continuous_healthy=0.00s required=7.50s
[offboard_waypoint_node-1] [INFO] [1786825374.447784888] [offboard_waypoint_node]: [CONTROL_ARBITER] selected_source=waiting_for_ev_ground_reference state=WAITING_FOR_ODOM
[super_planner_ros2_node-6] [INFO] [1786825374.447611991] [super_planner_ros2_node]: SUPER_ROS2 mode=NO_ODOM enable_output=false reason=NO_ODOM odom=(0.00,0.00,0.00) goal=none tracking_setpoint_enu=(0.00,0.00,0.00) setpoint_ned=none yaw(desired/cmd/rate)=(0.00/0.00/0.00) cross_track=0.00 frame_id=px4_ned path_points=0 odom_source=none cloud_source=/saved_map mavros_connected=false
[race_ego_cloud_bridge-8] [INFO] [1786825374.525865950] [race_ego_cloud_bridge]: [EGO_STATIC_MAP_READY] topic=/saved_map frame=map points=11417 fused=true
[ego_planner_node-10] [FSM]: state: INIT
[ego_planner_node-10] no odom.
[ego_planner_node-10] wait for goal or trigger.
[super_planner_ros2_node-6] [INFO] [1786825375.459002726] [super_planner_ros2_node]: SUPER_ROS2 mode=NO_ODOM enable_output=false reason=NO_ODOM odom=(0.00,0.00,0.00) goal=none tracking_setpoint_enu=(0.00,0.00,0.00) setpoint_ned=none yaw(desired/cmd/rate)=(0.00/0.00/0.00) cross_track=0.00 frame_id=px4_ned path_points=0 odom_source=none cloud_source=/saved_map mavros_connected=false
[offboard_waypoint_node-1] [INFO] [1786825375.459084940] [offboard_waypoint_node]: [EV_HOLD_WAIT] continuous_healthy=0.00s required=7.50s
[offboard_waypoint_node-1] [INFO] [1786825375.459156425] [offboard_waypoint_node]: [CONTROL_ARBITER] selected_source=waiting_for_ev_ground_reference state=WAITING_FOR_ODOM
[ego_planner_node-10] [FSM]: state: INIT
[ego_planner_node-10] no odom.
[ego_planner_node-10] wait for goal or trigger.
[super_planner_ros2_node-6] [INFO] [1786825376.469096063] [super_planner_ros2_node]: SUPER_ROS2 mode=NO_ODOM enable_output=false reason=NO_ODOM odom=(0.00,0.00,0.00) goal=none tracking_setpoint_enu=(0.00,0.00,0.00) setpoint_ned=none yaw(desired/cmd/rate)=(0.00/0.00/0.00) cross_track=0.00 frame_id=px4_ned path_points=0 odom_source=none cloud_source=/saved_map mavros_connected=false
[offboard_waypoint_node-1] [INFO] [1786825376.469639337] [offboard_waypoint_node]: [EV_HOLD_WAIT] continuous_healthy=0.00s required=7.50s
[offboard_waypoint_node-1] [INFO] [1786825376.469688971] [offboard_waypoint_node]: [CONTROL_ARBITER] selected_source=waiting_for_ev_ground_reference state=WAITING_FOR_ODOM
[race_ego_cloud_bridge-8] [INFO] [1786825376.547082073] [race_ego_cloud_bridge]: [EGO_STATIC_MAP_READY] topic=/saved_map frame=map points=11417 fused=true
[ego_planner_node-10] [FSM]: state: INIT
[ego_planner_node-10] no odom.
[ego_planner_node-10] wait for goal or trigger.
[super_planner_ros2_node-6] [INFO] [1786825377.477949678] [super_planner_ros2_node]: SUPER_ROS2 mode=NO_ODOM enable_output=false reason=NO_ODOM odom=(0.00,0.00,0.00) goal=none tracking_setpoint_enu=(0.00,0.00,0.00) setpoint_ned=none yaw(desired/cmd/rate)=(0.00/0.00/0.00) cross_track=0.00 frame_id=px4_ned path_points=0 odom_source=none cloud_source=/saved_map mavros_connected=false
[offboard_waypoint_node-1] [INFO] [1786825377.478023594] [offboard_waypoint_node]: [EV_HOLD_WAIT] continuous_healthy=0.00s required=7.50s
[offboard_waypoint_node-1] [INFO] [1786825377.478093197] [offboard_waypoint_node]: [CONTROL_ARBITER] selected_source=waiting_for_ev_ground_reference state=WAITING_FOR_ODOM
[ego_planner_node-10] [FSM]: state: INIT
[ego_planner_node-10] no odom.
[ego_planner_node-10] wait for goal or trigger.
[super_planner_ros2_node-6] [INFO] [1786825378.485656856] [super_planner_ros2_node]: SUPER_ROS2 mode=NO_ODOM enable_output=false reason=NO_ODOM odom=(0.00,0.00,0.00) goal=none tracking_setpoint_enu=(0.00,0.00,0.00) setpoint_ned=none yaw(desired/cmd/rate)=(0.00/0.00/0.00) cross_track=0.00 frame_id=px4_ned path_points=0 odom_source=none cloud_source=/saved_map mavros_connected=false
[offboard_waypoint_node-1] [INFO] [1786825378.486235815] [offboard_waypoint_node]: [EV_HOLD_WAIT] continuous_healthy=0.00s required=7.50s
[offboard_waypoint_node-1] [INFO] [1786825378.486299524] [offboard_waypoint_node]: [CONTROL_ARBITER] selected_source=waiting_for_ev_ground_reference state=WAITING_FOR_ODOM
[race_ego_cloud_bridge-8] [INFO] [1786825378.563917814] [race_ego_cloud_bridge]: [EGO_STATIC_MAP_READY] topic=/saved_map frame=map points=11417 fused=true
[ego_planner_node-10] [FSM]: state: INIT
[ego_planner_node-10] no odom.
[ego_planner_node-10] wait for goal or trigger.
[super_planner_ros2_node-6] [INFO] [1786825379.492382457] [super_planner_ros2_node]: SUPER_ROS2 mode=NO_ODOM enable_output=false reason=NO_ODOM odom=(0.00,0.00,0.00) goal=none tracking_setpoint_enu=(0.00,0.00,0.00) setpoint_ned=none yaw(desired/cmd/rate)=(0.00/0.00/0.00) cross_track=0.00 frame_id=px4_ned path_points=0 odom_source=none cloud_source=/saved_map mavros_connected=false
[offboard_waypoint_node-1] [INFO] [1786825379.492462857] [offboard_waypoint_node]: [EV_HOLD_WAIT] continuous_healthy=0.00s required=7.50s
[offboard_waypoint_node-1] [INFO] [1786825379.492498989] [offboard_waypoint_node]: [CONTROL_ARBITER] selected_source=waiting_for_ev_ground_reference state=WAITING_FOR_ODOM
[ego_planner_node-10] [FSM]: state: INIT
[ego_planner_node-10] no odom.
[ego_planner_node-10] wait for goal or trigger.
[super_planner_ros2_node-6] [INFO] [1786825380.498242635] [super_planner_ros2_node]: SUPER_ROS2 mode=NO_ODOM enable_output=false reason=NO_ODOM odom=(0.00,0.00,0.00) goal=none tracking_setpoint_enu=(0.00,0.00,0.00) setpoint_ned=none yaw(desired/cmd/rate)=(0.00/0.00/0.00) cross_track=0.00 frame_id=px4_ned path_points=0 odom_source=none cloud_source=/saved_map mavros_connected=false
[offboard_waypoint_node-1] [INFO] [1786825380.498362236] [offboard_waypoint_node]: [EV_HOLD_WAIT] continuous_healthy=0.00s required=7.50s
[offboard_waypoint_node-1] [INFO] [1786825380.498410439] [offboard_waypoint_node]: [CONTROL_ARBITER] selected_source=waiting_for_ev_ground_reference state=WAITING_FOR_ODOM
[race_ego_cloud_bridge-8] [INFO] [1786825380.575937832] [race_ego_cloud_bridge]: [EGO_STATIC_MAP_READY] topic=/saved_map frame=map points=11417 fused=true
[race_ego_cloud_bridge-8] [ERROR] [1786825380.598219420] [race_ego_cloud_bridge]: PX4_POSE_MISSING topic=/race/pose
[ego_planner_node-10] [FSM]: state: INIT
[ego_planner_node-10] no odom.
[ego_planner_node-10] wait for goal or trigger.
[super_planner_ros2_node-6] [INFO] [1786825381.503378605] [super_planner_ros2_node]: SUPER_ROS2 mode=NO_ODOM enable_output=false reason=NO_ODOM odom=(0.00,0.00,0.00) goal=none tracking_setpoint_enu=(0.00,0.00,0.00) setpoint_ned=none yaw(desired/cmd/rate)=(0.00/0.00/0.00) cross_track=0.00 frame_id=px4_ned path_points=0 odom_source=none cloud_source=/saved_map mavros_connected=false
[offboard_waypoint_node-1] [INFO] [1786825381.503550646] [offboard_waypoint_node]: [EV_HOLD_WAIT] continuous_healthy=0.00s required=7.50s
[offboard_waypoint_node-1] [INFO] [1786825381.503590461] [offboard_waypoint_node]: [CONTROL_ARBITER] selected_source=waiting_for_ev_ground_reference state=WAITING_FOR_ODOM
[rviz2-13] [INFO] [1786825381.609972685] [rviz2]: Message Filter dropping message: frame 'odom' at time 1786825380.581 for reason 'discarding message because the queue is full'
[race_ego_cloud_bridge-8] [ERROR] [1786825381.697395474] [race_ego_cloud_bridge]: PX4_POSE_MISSING topic=/race/pose
[ego_planner_node-10] [FSM]: state: INIT
[ego_planner_node-10] no odom.
[ego_planner_node-10] wait for goal or trigger.
[offboard_waypoint_node-1] [INFO] [1786825382.508088015] [offboard_waypoint_node]: [EV_HOLD_WAIT] continuous_healthy=0.00s required=7.50s
[offboard_waypoint_node-1] [INFO] [1786825382.508171549] [offboard_waypoint_node]: [CONTROL_ARBITER] selected_source=waiting_for_ev_ground_reference state=WAITING_FOR_ODOM
[super_planner_ros2_node-6] [INFO] [1786825382.712665665] [super_planner_ros2_node]: SUPER_ROS2 mode=NO_ODOM enable_output=false reason=NO_ODOM odom=(0.00,0.00,0.00) goal=none tracking_setpoint_enu=(0.00,0.00,0.00) setpoint_ned=none yaw(desired/cmd/rate)=(0.00/0.00/0.00) cross_track=0.00 frame_id=px4_ned path_points=0 odom_source=none cloud_source=/saved_map mavros_connected=false
[race_ego_cloud_bridge-8] [INFO] [1786825382.714541735] [race_ego_cloud_bridge]: [EGO_STATIC_MAP_READY] topic=/saved_map frame=map points=11417 fused=true
[race_ego_cloud_bridge-8] [ERROR] [1786825382.728120295] [race_ego_cloud_bridge]: PX4_POSE_MISSING topic=/race/pose
[ego_planner_node-10] [FSM]: state: INIT
[ego_planner_node-10] no odom.
[ego_planner_node-10] wait for goal or trigger.
[offboard_waypoint_node-1] [INFO] [1786825383.512040635] [offboard_waypoint_node]: [EV_HOLD_WAIT] continuous_healthy=0.00s required=7.50s
[offboard_waypoint_node-1] [INFO] [1786825383.512172892] [offboard_waypoint_node]: [CONTROL_ARBITER] selected_source=waiting_for_ev_ground_reference state=WAITING_FOR_ODOM
[super_planner_ros2_node-6] [INFO] [1786825383.763048345] [super_planner_ros2_node]: SUPER_ROS2 mode=NO_ODOM enable_output=false reason=NO_ODOM odom=(0.00,0.00,0.00) goal=none tracking_setpoint_enu=(0.00,0.00,0.00) setpoint_ned=none yaw(desired/cmd/rate)=(0.00/0.00/0.00) cross_track=0.00 frame_id=px4_ned path_points=0 odom_source=none cloud_source=/saved_map mavros_connected=false
[race_ego_cloud_bridge-8] [ERROR] [1786825383.795653706] [race_ego_cloud_bridge]: PX4_POSE_MISSING topic=/race/pose
[ego_planner_node-10] [FSM]: state: INIT
[ego_planner_node-10] no odom.
[ego_planner_node-10] wait for goal or trigger.
[rviz2-13] [INFO] [1786825384.233736656] [rviz2]: Message Filter dropping message: frame 'odom' at time 1786825383.181 for reason 'discarding message because the queue is full'
[offboard_waypoint_node-1] [INFO] [1786825384.515420455] [offboard_waypoint_node]: [EV_HOLD_WAIT] continuous_healthy=0.00s required=7.50s
[offboard_waypoint_node-1] [INFO] [1786825384.515481921] [offboard_waypoint_node]: [CONTROL_ARBITER] selected_source=waiting_for_ev_ground_reference state=WAITING_FOR_ODOM
[race_ego_cloud_bridge-8] [INFO] [1786825384.592933185] [race_ego_cloud_bridge]: [EGO_STATIC_MAP_READY] topic=/saved_map frame=map points=11417 fused=true
[super_planner_ros2_node-6] [INFO] [1786825384.766563567] [super_planner_ros2_node]: SUPER_ROS2 mode=NO_ODOM enable_output=false reason=NO_ODOM odom=(0.00,0.00,0.00) goal=none tracking_setpoint_enu=(0.00,0.00,0.00) setpoint_ned=none yaw(desired/cmd/rate)=(0.00/0.00/0.00) cross_track=0.00 frame_id=px4_ned path_points=0 odom_source=none cloud_source=/saved_map mavros_connected=false
[race_ego_cloud_bridge-8] [ERROR] [1786825384.914454268] [race_ego_cloud_bridge]: PX4_POSE_MISSING topic=/race/pose
[ego_planner_node-10] [FSM]: state: INIT
[ego_planner_node-10] no odom.
[ego_planner_node-10] wait for goal or trigger.
[offboard_waypoint_node-1] [INFO] [1786825385.518517865] [offboard_waypoint_node]: [EV_HOLD_WAIT] continuous_healthy=0.00s required=7.50s
[offboard_waypoint_node-1] [INFO] [1786825385.518764334] [offboard_waypoint_node]: [CONTROL_ARBITER] selected_source=waiting_for_ev_ground_reference state=WAITING_FOR_ODOM
[super_planner_ros2_node-6] [INFO] [1786825385.769003585] [super_planner_ros2_node]: SUPER_ROS2 mode=NO_ODOM enable_output=false reason=NO_ODOM odom=(0.00,0.00,0.00) goal=none tracking_setpoint_enu=(0.00,0.00,0.00) setpoint_ned=none yaw(desired/cmd/rate)=(0.00/0.00/0.00) cross_track=0.00 frame_id=px4_ned path_points=0 odom_source=none cloud_source=/saved_map mavros_connected=false
[race_ego_cloud_bridge-8] [ERROR] [1786825385.996780332] [race_ego_cloud_bridge]: PX4_POSE_MISSING topic=/race/pose
[ego_planner_node-10] [FSM]: state: INIT
[ego_planner_node-10] no odom.
[ego_planner_node-10] wait for goal or trigger.
[offboard_waypoint_node-1] [INFO] [1786825386.521116102] [offboard_waypoint_node]: [EV_HOLD_WAIT] continuous_healthy=0.00s required=7.50s
[offboard_waypoint_node-1] [INFO] [1786825386.521159285] [offboard_waypoint_node]: [CONTROL_ARBITER] selected_source=waiting_for_ev_ground_reference state=WAITING_FOR_ODOM
[race_ego_cloud_bridge-8] [INFO] [1786825386.598494526] [race_ego_cloud_bridge]: [EGO_STATIC_MAP_READY] topic=/saved_map frame=map points=11417 fused=true
[super_planner_ros2_node-6] [INFO] [1786825386.771553922] [super_planner_ros2_node]: SUPER_ROS2 mode=NO_ODOM enable_output=false reason=NO_ODOM odom=(0.00,0.00,0.00) goal=none tracking_setpoint_enu=(0.00,0.00,0.00) setpoint_ned=none yaw(desired/cmd/rate)=(0.00/0.00/0.00) cross_track=0.00 frame_id=px4_ned path_points=0 odom_source=none cloud_source=/saved_map mavros_connected=false
[rviz2-13] [INFO] [1786825386.794089721] [rviz2]: Message Filter dropping message: frame 'odom' at time 1786825385.781 for reason 'discarding message because the queue is full'
[race_ego_cloud_bridge-8] [ERROR] [1786825387.104053790] [race_ego_cloud_bridge]: PX4_POSE_MISSING topic=/race/pose
[ego_planner_node-10] [FSM]: state: INIT
[ego_planner_node-10] no odom.
[ego_planner_node-10] wait for goal or trigger.
[offboard_waypoint_node-1] [INFO] [1786825387.523423265] [offboard_waypoint_node]: [EV_HOLD_WAIT] continuous_healthy=0.00s required=7.50s
[offboard_waypoint_node-1] [INFO] [1786825387.523464733] [offboard_waypoint_node]: [CONTROL_ARBITER] selected_source=waiting_for_ev_ground_reference state=WAITING_FOR_ODOM
[super_planner_ros2_node-6] [INFO] [1786825387.773788471] [super_planner_ros2_node]: SUPER_ROS2 mode=NO_ODOM enable_output=false reason=NO_ODOM odom=(0.00,0.00,0.00) goal=none tracking_setpoint_enu=(0.00,0.00,0.00) setpoint_ned=none yaw(desired/cmd/rate)=(0.00/0.00/0.00) cross_track=0.00 frame_id=px4_ned path_points=0 odom_source=none cloud_source=/saved_map mavros_connected=false
[ego_planner_node-10] [FSM]: state: INIT
[ego_planner_node-10] no odom.
[ego_planner_node-10] wait for goal or trigger.
[race_ego_cloud_bridge-8] [ERROR] [1786825388.199932979] [race_ego_cloud_bridge]: PX4_POSE_MISSING topic=/race/pose
[offboard_waypoint_node-1] [INFO] [1786825388.525484300] [offboard_waypoint_node]: [EV_HOLD_WAIT] continuous_healthy=0.00s required=7.50s
[offboard_waypoint_node-1] [INFO] [1786825388.525589412] [offboard_waypoint_node]: [CONTROL_ARBITER] selected_source=waiting_for_ev_ground_reference state=WAITING_FOR_ODOM
[race_ego_cloud_bridge-8] [INFO] [1786825388.603125495] [race_ego_cloud_bridge]: [EGO_STATIC_MAP_READY] topic=/saved_map frame=map points=11417 fused=true
[super_planner_ros2_node-6] [INFO] [1786825388.775844469] [super_planner_ros2_node]: SUPER_ROS2 mode=NO_ODOM enable_output=false reason=NO_ODOM odom=(0.00,0.00,0.00) goal=none tracking_setpoint_enu=(0.00,0.00,0.00) setpoint_ned=none yaw(desired/cmd/rate)=(0.00/0.00/0.00) cross_track=0.00 frame_id=px4_ned path_points=0 odom_source=none cloud_source=/saved_map mavros_connected=false
[ego_planner_node-10] [FSM]: state: INIT
[ego_planner_node-10] no odom.
[ego_planner_node-10] wait for goal or trigger.
[race_ego_cloud_bridge-8] [ERROR] [1786825389.216395542] [race_ego_cloud_bridge]: PX4_POSE_MISSING topic=/race/pose
[rviz2-13] [INFO] [1786825389.353789875] [rviz2]: Message Filter dropping message: frame 'odom' at time 1786825388.281 for reason 'discarding message because the queue is full'
[offboard_waypoint_node-1] [INFO] [1786825389.527208378] [offboard_waypoint_node]: [EV_HOLD_WAIT] continuous_healthy=0.00s required=7.50s
[offboard_waypoint_node-1] [INFO] [1786825389.527249621] [offboard_waypoint_node]: [CONTROL_ARBITER] selected_source=waiting_for_ev_ground_reference state=WAITING_FOR_ODOM
[super_planner_ros2_node-6] [INFO] [1786825389.777449594] [super_planner_ros2_node]: SUPER_ROS2 mode=NO_ODOM enable_output=false reason=NO_ODOM odom=(0.00,0.00,0.00) goal=none tracking_setpoint_enu=(0.00,0.00,0.00) setpoint_ned=none yaw(desired/cmd/rate)=(0.00/0.00/0.00) cross_track=0.00 frame_id=px4_ned path_points=0 odom_source=none cloud_source=/saved_map mavros_connected=false
[ego_planner_node-10] [FSM]: state: INIT
[ego_planner_node-10] no odom.
[ego_planner_node-10] wait for goal or trigger.
[race_ego_cloud_bridge-8] [ERROR] [1786825390.302828886] [race_ego_cloud_bridge]: PX4_POSE_MISSING topic=/race/pose
[offboard_waypoint_node-1] [INFO] [1786825390.528751844] [offboard_waypoint_node]: [EV_HOLD_WAIT] continuous_healthy=0.00s required=7.50s
[offboard_waypoint_node-1] [INFO] [1786825390.528795635] [offboard_waypoint_node]: [CONTROL_ARBITER] selected_source=waiting_for_ev_ground_reference state=WAITING_FOR_ODOM
[race_ego_cloud_bridge-8] [INFO] [1786825390.606067569] [race_ego_cloud_bridge]: [EGO_STATIC_MAP_READY] topic=/saved_map frame=map points=11417 fused=true
[super_planner_ros2_node-6] [INFO] [1786825390.779066890] [super_planner_ros2_node]: SUPER_ROS2 mode=NO_ODOM enable_output=false reason=NO_ODOM odom=(0.00,0.00,0.00) goal=none tracking_setpoint_enu=(0.00,0.00,0.00) setpoint_ned=none yaw(desired/cmd/rate)=(0.00/0.00/0.00) cross_track=0.00 frame_id=px4_ned path_points=0 odom_source=none cloud_source=/saved_map mavros_connected=false
[ego_planner_node-10] [FSM]: state: INIT
[ego_planner_node-10] no odom.
[ego_planner_node-10] wait for goal or trigger.
[race_ego_cloud_bridge-8] [ERROR] [1786825391.394827570] [race_ego_cloud_bridge]: PX4_POSE_MISSING topic=/race/pose
[offboard_waypoint_node-1] [INFO] [1786825391.530049189] [offboard_waypoint_node]: [EV_HOLD_WAIT] continuous_healthy=0.00s required=7.50s
[offboard_waypoint_node-1] [INFO] [1786825391.530100899] [offboard_waypoint_node]: [CONTROL_ARBITER] selected_source=waiting_for_ev_ground_reference state=WAITING_FOR_ODOM
[super_planner_ros2_node-6] [INFO] [1786825391.780233651] [super_planner_ros2_node]: SUPER_ROS2 mode=NO_ODOM enable_output=false reason=NO_ODOM odom=(0.00,0.00,0.00) goal=none tracking_setpoint_enu=(0.00,0.00,0.00) setpoint_ned=none yaw(desired/cmd/rate)=(0.00/0.00/0.00) cross_track=0.00 frame_id=px4_ned path_points=0 odom_source=none cloud_source=/saved_map mavros_connected=false
[rviz2-13] [INFO] [1786825391.914489532] [rviz2]: Message Filter dropping message: frame 'odom' at time 1786825390.881 for reason 'discarding message because the queue is full'
[ego_planner_node-10] [FSM]: state: INIT
[ego_planner_node-10] no odom.
[ego_planner_node-10] wait for goal or trigger.
[race_ego_cloud_bridge-8] [ERROR] [1786825392.496488639] [race_ego_cloud_bridge]: PX4_POSE_MISSING topic=/race/pose
[offboard_waypoint_node-1] [INFO] [1786825392.531285250] [offboard_waypoint_node]: [EV_HOLD_WAIT] continuous_healthy=0.00s required=7.50s
[offboard_waypoint_node-1] [INFO] [1786825392.531329912] [offboard_waypoint_node]: [CONTROL_ARBITER] selected_source=waiting_for_ev_ground_reference state=WAITING_FOR_ODOM
[race_ego_cloud_bridge-8] [INFO] [1786825392.608488458] [race_ego_cloud_bridge]: [EGO_STATIC_MAP_READY] topic=/saved_map frame=map points=11417 fused=true
[super_planner_ros2_node-6] [WARN] [1786825392.741220702] [super_planner_ros2_node]: Using odom source: /race/odom odom_input_frame=map planner_map=(0.21, -0.02, -0.06) current_yaw_ned=1.355
[ego_planner_node-10] [FSM]: from INIT to WAIT_TARGET
[super_planner_ros2_node-6] [INFO] [1786825392.781970008] [super_planner_ros2_node]: SUPER_ROS2 mode=IDLE enable_output=false reason=WAIT_ALTITUDE_REFERENCE odom=(0.21,-0.02,-0.06) goal=none tracking_setpoint_enu=(0.21,-0.02,-0.06) setpoint_ned=none yaw(desired/cmd/rate)=(0.00/0.00/0.00) cross_track=0.00 frame_id=px4_ned path_points=0 odom_source=/race/odom cloud_source=/saved_map mavros_connected=false
[race_ego_cloud_bridge-8] [INFO] [1786825392.797050794] [race_ego_cloud_bridge]: [EGO_MAP_PX4_PROJECTION] input_frame=body output_frame=map pose_topic=/race/pose max_pose_age=0.300s min_range=0.20m
[race_ego_cloud_bridge-8] [INFO] [1786825392.798551924] [race_ego_cloud_bridge]: [EGO_MAP_FUSION] static_points=11417 live_raw_points=2951 confirmed_live_voxels=0 min_observations=2 memory_sec=1.00 fused_points=11417
[race_ego_cloud_bridge-8] [INFO] [1786825392.799022756] [race_ego_cloud_bridge]: [EGO_MAP_INPUT] topic=/race/ego/cloud frame=map points=11417 source=static_live_px4 refresh_period=0.00s
[race_ego_trajectory_bridge-12] [INFO] [1786825392.803849705] [race_ego_trajectory_bridge]: [EGO_OCCUPANCY_MAP] topic=/race/ego/cloud frame=map raw_points=11417 map_age=0.005
[ego_planner_node-10] [INFO] [1786825392.805500660] [race_ego_planner]: [EGO_OCCUPANCY_UPDATE] input_topic=grid_map/cloud input_frame=map occupancy_frame=map cloud_points=11417 local_points=7413 occupied_voxels=24368 camera=(0.207,-0.015,-0.060) local_index_bounds=[(47,44,0),(117,116,8)]
[ego_planner_node-10] [FSM]: state: WAIT_TARGET
[ego_planner_node-10] wait for goal or trigger.
[offboard_waypoint_node-1] [INFO] [1786825393.532305778] [offboard_waypoint_node]: [EV_HOLD_WAIT] continuous_healthy=0.00s required=7.50s
[offboard_waypoint_node-1] [INFO] [1786825393.532420141] [offboard_waypoint_node]: [CONTROL_ARBITER] selected_source=waiting_for_ev_ground_reference state=WAITING_FOR_ODOM
[super_planner_ros2_node-6] [INFO] [1786825393.782449316] [super_planner_ros2_node]: SUPER_ROS2 mode=IDLE enable_output=false reason=WAIT_ALTITUDE_REFERENCE odom=(0.21,-0.02,-0.06) goal=none tracking_setpoint_enu=(0.21,-0.02,-0.06) setpoint_ned=none yaw(desired/cmd/rate)=(0.00/0.00/0.00) cross_track=0.00 frame_id=px4_ned path_points=0 odom_source=/race/odom cloud_source=/saved_map mavros_connected=false
[fastlio_bridge_node-2] [INFO] [1786825394.003408503] [fastlio_bridge_node]: 已桥接并转换里程计: ENU(0.21, -0.02, -0.06) -> NED(-0.02, 0.21, 0.06)
[fastlio_bridge_node-2] [INFO] [1786825394.008243428] [fastlio_bridge_node]: 已桥接并转换里程计: ENU(0.21, -0.02, -0.06) -> NED(-0.02, 0.21, 0.06)
[fastlio_bridge_node-2] [INFO] [1786825394.012661192] [fastlio_bridge_node]: 已桥接并转换里程计: ENU(0.21, -0.02, -0.06) -> NED(-0.02, 0.21, 0.06)
[fastlio_bridge_node-2] [INFO] [1786825394.018129874] [fastlio_bridge_node]: 已桥接并转换里程计: ENU(0.21, -0.02, -0.06) -> NED(-0.02, 0.21, 0.06)
[fastlio_bridge_node-2] [INFO] [1786825394.022807013] [fastlio_bridge_node]: 已桥接并转换里程计: ENU(0.21, -0.02, -0.06) -> NED(-0.02, 0.21, 0.06)
[fastlio_bridge_node-2] [INFO] [1786825394.026597071] [fastlio_bridge_node]: 已桥接并转换里程计: ENU(0.21, -0.02, -0.06) -> NED(-0.02, 0.21, 0.06)
[fastlio_bridge_node-2] [INFO] [1786825394.033009764] [fastlio_bridge_node]: 已桥接并转换里程计: ENU(0.21, -0.02, -0.06) -> NED(-0.02, 0.21, 0.06)
[fastlio_bridge_node-2] [INFO] [1786825394.037402173] [fastlio_bridge_node]: 已桥接并转换里程计: ENU(0.21, -0.02, -0.06) -> NED(-0.02, 0.21, 0.06)
[fastlio_bridge_node-2] [INFO] [1786825394.043118795] [fastlio_bridge_node]: 已桥接并转换里程计: ENU(0.21, -0.02, -0.06) -> NED(-0.02, 0.21, 0.06)
[fastlio_bridge_node-2] [INFO] [1786825394.049220342] [fastlio_bridge_node]: 已桥接并转换里程计: ENU(0.21, -0.02, -0.06) -> NED(-0.02, 0.21, 0.06)
[fastlio_bridge_node-2] [INFO] [1786825394.055186062] [fastlio_bridge_node]: 已桥接并转换里程计: ENU(0.21, -0.02, -0.06) -> NED(-0.02, 0.21, 0.06)
[fastlio_bridge_node-2] [INFO] [1786825394.056808721] [fastlio_bridge_node]: 已桥接并转换里程计: ENU(0.21, -0.02, -0.06) -> NED(-0.02, 0.21, 0.06)
[fastlio_bridge_node-2] [INFO] [1786825394.065168591] [fastlio_bridge_node]: 已桥接并转换里程计: ENU(0.21, -0.02, -0.06) -> NED(-0.02, 0.21, 0.06)
[fastlio_bridge_node-2] [INFO] [1786825394.066681358] [fastlio_bridge_node]: 已桥接并转换里程计: ENU(0.21, -0.02, -0.06) -> NED(-0.02, 0.21, 0.06)
[fastlio_bridge_node-2] [INFO] [1786825394.072588272] [fastlio_bridge_node]: 已桥接并转换里程计: ENU(0.21, -0.02, -0.06) -> NED(-0.02, 0.21, 0.06)
[fastlio_bridge_node-2] [INFO] [1786825394.077763398] [fastlio_bridge_node]: 已桥接并转换里程计: ENU(0.21, -0.02, -0.06) -> NED(-0.02, 0.21, 0.06)
[fastlio_bridge_node-2] [INFO] [1786825394.084448935] [fastlio_bridge_node]: 已桥接并转换里程计: ENU(0.21, -0.02, -0.06) -> NED(-0.02, 0.21, 0.06)
[fastlio_bridge_node-2] [INFO] [1786825394.087924980] [fastlio_bridge_node]: 已桥接并转换里程计: ENU(0.21, -0.02, -0.06) -> NED(-0.02, 0.21, 0.06)
[fastlio_bridge_node-2] [INFO] [1786825394.093669776] [fastlio_bridge_node]: 已桥接并转换里程计: ENU(0.21, -0.02, -0.06) -> NED(-0.02, 0.21, 0.06)
[fastlio_bridge_node-2] [INFO] [1786825394.097519613] [fastlio_bridge_node]: 已桥接并转换里程计: ENU(0.21, -0.02, -0.06) -> NED(-0.02, 0.21, 0.06)
[ego_planner_node-10] [FSM]: state: WAIT_TARGET
[ego_planner_node-10] wait for goal or trigger.
[offboard_waypoint_node-1] [INFO] [1786825394.533223036] [offboard_waypoint_node]: [EV_HOLD_WAIT] continuous_healthy=0.00s required=7.50s
[offboard_waypoint_node-1] [INFO] [1786825394.533275829] [offboard_waypoint_node]: [CONTROL_ARBITER] selected_source=waiting_for_ev_ground_reference state=WAITING_FOR_ODOM
[rviz2-13] [INFO] [1786825394.538567101] [rviz2]: Message Filter dropping message: frame 'odom' at time 1786825393.481 for reason 'discarding message because the queue is full'
[race_ego_cloud_bridge-8] [INFO] [1786825394.610502904] [race_ego_cloud_bridge]: [EGO_STATIC_MAP_READY] topic=/saved_map frame=map points=11417 fused=true
[super_planner_ros2_node-6] [INFO] [1786825394.783248704] [super_planner_ros2_node]: SUPER_ROS2 mode=IDLE enable_output=false reason=WAIT_ALTITUDE_REFERENCE odom=(0.21,-0.01,-0.06) goal=none tracking_setpoint_enu=(0.21,-0.01,-0.06) setpoint_ned=none yaw(desired/cmd/rate)=(0.00/0.00/0.00) cross_track=0.00 frame_id=px4_ned path_points=0 odom_source=/race/odom cloud_source=/saved_map mavros_connected=false
[race_ego_cloud_bridge-8] [INFO] [1786825394.903931545] [race_ego_cloud_bridge]: [EGO_MAP_FUSION] static_points=11417 live_raw_points=17681 confirmed_live_voxels=6265 min_observations=2 memory_sec=1.00 fused_points=17682
[race_ego_cloud_bridge-8] [INFO] [1786825394.904227712] [race_ego_cloud_bridge]: [EGO_MAP_INPUT] topic=/race/ego/cloud frame=map points=17682 source=static_live_px4 refresh_period=0.00s
[race_ego_trajectory_bridge-12] [INFO] [1786825394.909554482] [race_ego_trajectory_bridge]: [EGO_OCCUPANCY_MAP] topic=/race/ego/cloud frame=map raw_points=17682 map_age=0.006
[ego_planner_node-10] [INFO] [1786825394.915384400] [race_ego_planner]: [EGO_OCCUPANCY_UPDATE] input_topic=grid_map/cloud input_frame=map occupancy_frame=map cloud_points=17682 local_points=9805 occupied_voxels=23816 camera=(0.207,-0.014,-0.060) local_index_bounds=[(47,44,0),(117,116,8)]
[ego_planner_node-10] [FSM]: state: WAIT_TARGET
[ego_planner_node-10] wait for goal or trigger.
[offboard_waypoint_node-1] [INFO] [1786825395.534172432] [offboard_waypoint_node]: [EV_HOLD_WAIT] continuous_healthy=0.00s required=7.50s
[offboard_waypoint_node-1] [INFO] [1786825395.534352397] [offboard_waypoint_node]: [CONTROL_ARBITER] selected_source=waiting_for_ev_ground_reference state=WAITING_FOR_ODOM
[super_planner_ros2_node-6] [INFO] [1786825395.794426728] [super_planner_ros2_node]: SUPER_ROS2 mode=IDLE enable_output=false reason=WAIT_ALTITUDE_REFERENCE odom=(0.21,-0.02,-0.06) goal=none tracking_setpoint_enu=(0.21,-0.02,-0.06) setpoint_ned=none yaw(desired/cmd/rate)=(0.00/0.00/0.00) cross_track=0.00 frame_id=px4_ned path_points=0 odom_source=/race/odom cloud_source=/saved_map mavros_connected=false
[fastlio_bridge_node-2] [INFO] [1786825396.014646499] [fastlio_bridge_node]: 已桥接并转换里程计: ENU(0.21, -0.02, -0.06) -> NED(-0.02, 0.21, 0.06)
[fastlio_bridge_node-2] [INFO] [1786825396.019575729] [fastlio_bridge_node]: 已桥接并转换里程计: ENU(0.21, -0.02, -0.06) -> NED(-0.02, 0.21, 0.06)
[fastlio_bridge_node-2] [INFO] [1786825396.019857461] [fastlio_bridge_node]: 已桥接并转换里程计: ENU(0.21, -0.02, -0.06) -> NED(-0.02, 0.21, 0.06)
[fastlio_bridge_node-2] [INFO] [1786825396.054673972] [fastlio_bridge_node]: 已桥接并转换里程计: ENU(0.21, -0.02, -0.06) -> NED(-0.02, 0.21, 0.06)
[fastlio_bridge_node-2] [INFO] [1786825396.054841902] [fastlio_bridge_node]: 已桥接并转换里程计: ENU(0.21, -0.02, -0.06) -> NED(-0.02, 0.21, 0.06)
[fastlio_bridge_node-2] [INFO] [1786825396.054872460] [fastlio_bridge_node]: 已桥接并转换里程计: ENU(0.21, -0.02, -0.06) -> NED(-0.02, 0.21, 0.06)
[fastlio_bridge_node-2] [INFO] [1786825396.054899398] [fastlio_bridge_node]: 已桥接并转换里程计: ENU(0.21, -0.02, -0.06) -> NED(-0.02, 0.21, 0.06)
[fastlio_bridge_node-2] [INFO] [1786825396.059290538] [fastlio_bridge_node]: 已桥接并转换里程计: ENU(0.21, -0.02, -0.06) -> NED(-0.02, 0.21, 0.06)
[fastlio_bridge_node-2] [INFO] [1786825396.059617700] [fastlio_bridge_node]: 已桥接并转换里程计: ENU(0.21, -0.02, -0.06) -> NED(-0.02, 0.21, 0.06)
[fastlio_bridge_node-2] [INFO] [1786825396.070880991] [fastlio_bridge_node]: 已桥接并转换里程计: ENU(0.21, -0.02, -0.06) -> NED(-0.02, 0.21, 0.06)
[fastlio_bridge_node-2] [INFO] [1786825396.074784028] [fastlio_bridge_node]: 已桥接并转换里程计: ENU(0.21, -0.02, -0.06) -> NED(-0.02, 0.21, 0.06)
[fastlio_bridge_node-2] [INFO] [1786825396.077976975] [fastlio_bridge_node]: 已桥接并转换里程计: ENU(0.21, -0.02, -0.06) -> NED(-0.02, 0.21, 0.06)
[fastlio_bridge_node-2] [INFO] [1786825396.079802354] [fastlio_bridge_node]: 已桥接并转换里程计: ENU(0.21, -0.02, -0.06) -> NED(-0.02, 0.21, 0.06)
[ego_planner_node-10] [FSM]: state: WAIT_TARGET
[ego_planner_node-10] wait for goal or trigger.
[offboard_waypoint_node-1] [INFO] [1786825396.534832855] [offboard_waypoint_node]: [EV_HOLD_WAIT] continuous_healthy=0.00s required=7.50s
[offboard_waypoint_node-1] [INFO] [1786825396.535031132] [offboard_waypoint_node]: [CONTROL_ARBITER] selected_source=waiting_for_ev_ground_reference state=WAITING_FOR_ODOM
[offboard_waypoint_node-1] [INFO] [1786825396.575321462] [offboard_waypoint_node]: [EV_HEALTH] state=SUSPECT continuous_healthy=0.00s
[offboard_waypoint_node-1] [INFO] [1786825396.575407840] [offboard_waypoint_node]: [EV_FLIGHT_READY] ready=0 continuous_ready=0.00s
[race_ego_cloud_bridge-8] [INFO] [1786825396.612024099] [race_ego_cloud_bridge]: [EGO_STATIC_MAP_READY] topic=/saved_map frame=map points=11417 fused=true
[super_planner_ros2_node-6] [WARN] [1786825396.659673681] [super_planner_ros2_node]: MAVROS reports connected=false; FCU link is down.
[offboard_waypoint_node-1] [WARN] [1786825396.826312884] [offboard_waypoint_node]: [POSE_WAIT] no local velocity sample yet on /mavros/local_position/velocity_local
[super_planner_ros2_node-6] [INFO] [1786825396.834798933] [super_planner_ros2_node]: SUPER_ROS2 mode=IDLE enable_output=false reason=WAIT_ALTITUDE_REFERENCE odom=(0.21,-0.02,-0.06) goal=none tracking_setpoint_enu=(0.21,-0.02,-0.06) setpoint_ned=none yaw(desired/cmd/rate)=(0.00/0.00/0.00) cross_track=0.00 frame_id=px4_ned path_points=0 odom_source=/race/odom cloud_source=/saved_map mavros_connected=false
[race_ego_cloud_bridge-8] [INFO] [1786825397.003984672] [race_ego_cloud_bridge]: [EGO_MAP_FUSION] static_points=11417 live_raw_points=17745 confirmed_live_voxels=6111 min_observations=2 memory_sec=1.00 fused_points=17528
[race_ego_cloud_bridge-8] [INFO] [1786825397.004235119] [race_ego_cloud_bridge]: [EGO_MAP_INPUT] topic=/race/ego/cloud frame=map points=17528 source=static_live_px4 refresh_period=0.00s
[race_ego_trajectory_bridge-12] [INFO] [1786825397.009467060] [race_ego_trajectory_bridge]: [EGO_OCCUPANCY_MAP] topic=/race/ego/cloud frame=map raw_points=17528 map_age=0.005
[ego_planner_node-10] [INFO] [1786825397.014572483] [race_ego_planner]: [EGO_OCCUPANCY_UPDATE] input_topic=grid_map/cloud input_frame=map occupancy_frame=map cloud_points=17528 local_points=9758 occupied_voxels=23769 camera=(0.206,-0.015,-0.061) local_index_bounds=[(47,44,0),(117,116,8)]
[rviz2-13] [INFO] [1786825397.098405855] [rviz2]: Message Filter dropping message: frame 'odom' at time 1786825396.083 for reason 'discarding message because the queue is full'
[offboard_waypoint_node-1] [INFO] [1786825397.360509828] [offboard_waypoint_node]: [POSE_TRUSTED] stable_for=0.50s position_ned=(-0.292,-0.047,-0.467)
[offboard_waypoint_node-1] [INFO] [1786825397.535410110] [offboard_waypoint_node]: [EV_HOLD_WAIT] continuous_healthy=0.00s required=7.50s
[offboard_waypoint_node-1] [INFO] [1786825397.535477365] [offboard_waypoint_node]: [CONTROL_ARBITER] selected_source=waiting_for_ev_ground_reference state=WAITING_FOR_ODOM
[ego_planner_node-10] [FSM]: state: WAIT_TARGET
[ego_planner_node-10] wait for goal or trigger.
[super_planner_ros2_node-6] [INFO] [1786825397.835559259] [super_planner_ros2_node]: SUPER_ROS2 mode=IDLE enable_output=false reason=WAIT_ALTITUDE_REFERENCE odom=(0.21,-0.02,-0.06) goal=none tracking_setpoint_enu=(0.21,-0.02,-0.06) setpoint_ned=none yaw(desired/cmd/rate)=(0.00/0.00/0.00) cross_track=0.00 frame_id=px4_ned path_points=0 odom_source=/race/odom cloud_source=/saved_map mavros_connected=true
[fastlio_bridge_node-2] [INFO] [1786825398.001407450] [fastlio_bridge_node]: 已桥接并转换里程计: ENU(0.21, -0.01, -0.06) -> NED(-0.01, 0.21, 0.06)
[fastlio_bridge_node-2] [INFO] [1786825398.005804336] [fastlio_bridge_node]: 已桥接并转换里程计: ENU(0.21, -0.01, -0.06) -> NED(-0.01, 0.21, 0.06)
[fastlio_bridge_node-2] [INFO] [1786825398.010943010] [fastlio_bridge_node]: 已桥接并转换里程计: ENU(0.21, -0.01, -0.06) -> NED(-0.01, 0.21, 0.06)
[fastlio_bridge_node-2] [INFO] [1786825398.018750907] [fastlio_bridge_node]: 已桥接并转换里程计: ENU(0.21, -0.01, -0.06) -> NED(-0.01, 0.21, 0.06)
[fastlio_bridge_node-2] [INFO] [1786825398.021905561] [fastlio_bridge_node]: 已桥接并转换里程计: ENU(0.21, -0.01, -0.06) -> NED(-0.01, 0.21, 0.06)
[fastlio_bridge_node-2] [INFO] [1786825398.026334179] [fastlio_bridge_node]: 已桥接并转换里程计: ENU(0.21, -0.01, -0.06) -> NED(-0.01, 0.21, 0.06)
[fastlio_bridge_node-2] [INFO] [1786825398.031832194] [fastlio_bridge_node]: 已桥接并转换里程计: ENU(0.21, -0.02, -0.06) -> NED(-0.02, 0.21, 0.06)
[fastlio_bridge_node-2] [INFO] [1786825398.036238270] [fastlio_bridge_node]: 已桥接并转换里程计: ENU(0.21, -0.02, -0.06) -> NED(-0.02, 0.21, 0.06)
[fastlio_bridge_node-2] [INFO] [1786825398.041068169] [fastlio_bridge_node]: 已桥接并转换里程计: ENU(0.21, -0.02, -0.06) -> NED(-0.02, 0.21, 0.06)
[fastlio_bridge_node-2] [INFO] [1786825398.047412680] [fastlio_bridge_node]: 已桥接并转换里程计: ENU(0.21, -0.02, -0.06) -> NED(-0.02, 0.21, 0.06)
[fastlio_bridge_node-2] [INFO] [1786825398.050537067] [fastlio_bridge_node]: 已桥接并转换里程计: ENU(0.21, -0.02, -0.06) -> NED(-0.02, 0.21, 0.06)
[fastlio_bridge_node-2] [INFO] [1786825398.055486731] [fastlio_bridge_node]: 已桥接并转换里程计: ENU(0.21, -0.02, -0.06) -> NED(-0.02, 0.21, 0.06)
[fastlio_bridge_node-2] [INFO] [1786825398.060051825] [fastlio_bridge_node]: 已桥接并转换里程计: ENU(0.21, -0.02, -0.06) -> NED(-0.02, 0.21, 0.06)
[fastlio_bridge_node-2] [INFO] [1786825398.066906372] [fastlio_bridge_node]: 已桥接并转换里程计: ENU(0.21, -0.02, -0.06) -> NED(-0.02, 0.21, 0.06)
[fastlio_bridge_node-2] [INFO] [1786825398.071252483] [fastlio_bridge_node]: 已桥接并转换里程计: ENU(0.21, -0.02, -0.06) -> NED(-0.02, 0.21, 0.06)
[fastlio_bridge_node-2] [INFO] [1786825398.077502425] [fastlio_bridge_node]: 已桥接并转换里程计: ENU(0.21, -0.02, -0.06) -> NED(-0.02, 0.21, 0.06)
[fastlio_bridge_node-2] [INFO] [1786825398.081714429] [fastlio_bridge_node]: 已桥接并转换里程计: ENU(0.21, -0.02, -0.06) -> NED(-0.02, 0.21, 0.06)
[fastlio_bridge_node-2] [INFO] [1786825398.086807147] [fastlio_bridge_node]: 已桥接并转换里程计: ENU(0.21, -0.02, -0.06) -> NED(-0.02, 0.21, 0.06)
[fastlio_bridge_node-2] [INFO] [1786825398.092636306] [fastlio_bridge_node]: 已桥接并转换里程计: ENU(0.21, -0.02, -0.06) -> NED(-0.02, 0.21, 0.06)
[fastlio_bridge_node-2] [INFO] [1786825398.097751612] [fastlio_bridge_node]: 已桥接并转换里程计: ENU(0.21, -0.02, -0.06) -> NED(-0.02, 0.21, 0.06)
[offboard_waypoint_node-1] [INFO] [1786825398.539641485] [offboard_waypoint_node]: [EV_HOLD_WAIT] continuous_healthy=0.00s required=7.50s
[offboard_waypoint_node-1] [INFO] [1786825398.539722525] [offboard_waypoint_node]: [CONTROL_ARBITER] selected_source=waiting_for_ev_ground_reference state=WAITING_FOR_ODOM
[race_ego_cloud_bridge-8] [INFO] [1786825398.621361718] [race_ego_cloud_bridge]: [EGO_STATIC_MAP_READY] topic=/saved_map frame=map points=11417 fused=true
[ego_planner_node-10] [FSM]: state: WAIT_TARGET
[ego_planner_node-10] wait for goal or trigger.
[super_planner_ros2_node-6] [INFO] [1786825398.841985268] [super_planner_ros2_node]: SUPER_ROS2 mode=IDLE enable_output=false reason=WAIT_ALTITUDE_REFERENCE odom=(0.21,-0.02,-0.06) goal=none tracking_setpoint_enu=(0.21,-0.02,-0.06) setpoint_ned=none yaw(desired/cmd/rate)=(0.00/0.00/0.00) cross_track=0.00 frame_id=px4_ned path_points=0 odom_source=/race/odom cloud_source=/saved_map mavros_connected=true
[race_ego_cloud_bridge-8] [INFO] [1786825399.116660144] [race_ego_cloud_bridge]: [EGO_MAP_FUSION] static_points=11417 live_raw_points=17618 confirmed_live_voxels=6595 min_observations=2 memory_sec=1.00 fused_points=18012
[race_ego_cloud_bridge-8] [INFO] [1786825399.116976087] [race_ego_cloud_bridge]: [EGO_MAP_INPUT] topic=/race/ego/cloud frame=map points=18012 source=static_live_px4 refresh_period=0.00s
[race_ego_trajectory_bridge-12] [INFO] [1786825399.123255910] [race_ego_trajectory_bridge]: [EGO_OCCUPANCY_MAP] topic=/race/ego/cloud frame=map raw_points=18012 map_age=0.006
[ego_planner_node-10] [INFO] [1786825399.130470233] [race_ego_planner]: [EGO_OCCUPANCY_UPDATE] input_topic=grid_map/cloud input_frame=map occupancy_frame=map cloud_points=18012 local_points=10041 occupied_voxels=23796 camera=(0.207,-0.016,-0.060) local_index_bounds=[(47,44,0),(117,116,8)]
[mapping_manager_node-5] [INFO] [1786825399.480965933] [mapping_manager_node]: Mapping status: in_flight=false, map_loaded=false, map_saved=false
[offboard_waypoint_node-1] [INFO] [1786825399.546266339] [offboard_waypoint_node]: [EV_HOLD_WAIT] continuous_healthy=0.00s required=7.50s
[offboard_waypoint_node-1] [INFO] [1786825399.546488627] [offboard_waypoint_node]: [CONTROL_ARBITER] selected_source=waiting_for_ev_ground_reference state=WAITING_FOR_ODOM
[rviz2-13] [INFO] [1786825399.659053689] [rviz2]: Message Filter dropping message: frame 'odom' at time 1786825398.582 for reason 'discarding message because the queue is full'
[ego_planner_node-10] [FSM]: state: WAIT_TARGET
[ego_planner_node-10] wait for goal or trigger.
[offboard_waypoint_node-1] [INFO] [1786825399.733941634] [offboard_waypoint_node]: [EV_HEALTH] state=HEALTHY continuous_healthy=0.00s
[offboard_waypoint_node-1] [INFO] [1786825399.734046995] [offboard_waypoint_node]: [EV_FLIGHT_READY] ready=1 continuous_ready=0.00s
[super_planner_ros2_node-6] [INFO] [1786825399.848055249] [super_planner_ros2_node]: SUPER_ROS2 mode=IDLE enable_output=false reason=WAIT_ALTITUDE_REFERENCE odom=(0.21,-0.02,-0.06) goal=none tracking_setpoint_enu=(0.21,-0.02,-0.06) setpoint_ned=none yaw(desired/cmd/rate)=(0.00/0.00/0.00) cross_track=0.00 frame_id=px4_ned path_points=0 odom_source=/race/odom cloud_source=/saved_map mavros_connected=true
[offboard_waypoint_node-1] [ERROR] [1786825399.976427229] [offboard_waypoint_node]: [POSE_REJECT] jump=0.659m dt=0.037s trusted=(-0.292,-0.049,-0.481) received=(-0.015,0.208,0.060)
[fastlio_bridge_node-2] [INFO] [1786825400.005094697] [fastlio_bridge_node]: 已桥接并转换里程计: ENU(0.21, -0.02, -0.06) -> NED(-0.02, 0.21, 0.06)
[fastlio_bridge_node-2] [INFO] [1786825400.009853970] [fastlio_bridge_node]: 已桥接并转换里程计: ENU(0.21, -0.02, -0.06) -> NED(-0.02, 0.21, 0.06)
[fastlio_bridge_node-2] [INFO] [1786825400.014384484] [fastlio_bridge_node]: 已桥接并转换里程计: ENU(0.21, -0.02, -0.06) -> NED(-0.02, 0.21, 0.06)
[fastlio_bridge_node-2] [INFO] [1786825400.019851445] [fastlio_bridge_node]: 已桥接并转换里程计: ENU(0.21, -0.02, -0.06) -> NED(-0.02, 0.21, 0.06)
[fastlio_bridge_node-2] [INFO] [1786825400.023143993] [fastlio_bridge_node]: 已桥接并转换里程计: ENU(0.21, -0.02, -0.06) -> NED(-0.02, 0.21, 0.06)
[fastlio_bridge_node-2] [INFO] [1786825400.031218077] [fastlio_bridge_node]: 已桥接并转换里程计: ENU(0.21, -0.02, -0.06) -> NED(-0.02, 0.21, 0.06)
[fastlio_bridge_node-2] [INFO] [1786825400.033742005] [fastlio_bridge_node]: 已桥接并转换里程计: ENU(0.21, -0.02, -0.06) -> NED(-0.02, 0.21, 0.06)
[fastlio_bridge_node-2] [INFO] [1786825400.040937545] [fastlio_bridge_node]: 已桥接并转换里程计: ENU(0.21, -0.02, -0.06) -> NED(-0.02, 0.21, 0.06)
[fastlio_bridge_node-2] [INFO] [1786825400.043889801] [fastlio_bridge_node]: 已桥接并转换里程计: ENU(0.21, -0.02, -0.06) -> NED(-0.02, 0.21, 0.06)
[fastlio_bridge_node-2] [INFO] [1786825400.051375440] [fastlio_bridge_node]: 已桥接并转换里程计: ENU(0.21, -0.02, -0.06) -> NED(-0.02, 0.21, 0.06)
[fastlio_bridge_node-2] [INFO] [1786825400.055134288] [fastlio_bridge_node]: 已桥接并转换里程计: ENU(0.21, -0.02, -0.06) -> NED(-0.02, 0.21, 0.06)
[fastlio_bridge_node-2] [INFO] [1786825400.061456835] [fastlio_bridge_node]: 已桥接并转换里程计: ENU(0.21, -0.02, -0.06) -> NED(-0.02, 0.21, 0.06)
[fastlio_bridge_node-2] [INFO] [1786825400.064727402] [fastlio_bridge_node]: 已桥接并转换里程计: ENU(0.21, -0.02, -0.06) -> NED(-0.02, 0.21, 0.06)
[fastlio_bridge_node-2] [INFO] [1786825400.072768178] [fastlio_bridge_node]: 已桥接并转换里程计: ENU(0.21, -0.02, -0.06) -> NED(-0.02, 0.21, 0.06)
[fastlio_bridge_node-2] [INFO] [1786825400.075797378] [fastlio_bridge_node]: 已桥接并转换里程计: ENU(0.21, -0.02, -0.06) -> NED(-0.02, 0.21, 0.06)
[fastlio_bridge_node-2] [INFO] [1786825400.079467987] [fastlio_bridge_node]: 已桥接并转换里程计: ENU(0.21, -0.02, -0.06) -> NED(-0.02, 0.21, 0.06)
[fastlio_bridge_node-2] [INFO] [1786825400.084443652] [fastlio_bridge_node]: 已桥接并转换里程计: ENU(0.21, -0.02, -0.06) -> NED(-0.02, 0.21, 0.06)
[fastlio_bridge_node-2] [INFO] [1786825400.092859289] [fastlio_bridge_node]: 已桥接并转换里程计: ENU(0.21, -0.02, -0.06) -> NED(-0.02, 0.21, 0.06)
[fastlio_bridge_node-2] [INFO] [1786825400.096986683] [fastlio_bridge_node]: 已桥接并转换里程计: ENU(0.21, -0.02, -0.06) -> NED(-0.02, 0.21, 0.06)
[fastlio_bridge_node-2] [INFO] [1786825400.099731151] [fastlio_bridge_node]: 已桥接并转换里程计: ENU(0.21, -0.02, -0.06) -> NED(-0.02, 0.21, 0.06)
[offboard_waypoint_node-1] [INFO] [1786825400.552091043] [offboard_waypoint_node]: [EV_HOLD_WAIT] continuous_healthy=0.82s required=7.50s
[offboard_waypoint_node-1] [INFO] [1786825400.552181330] [offboard_waypoint_node]: [CONTROL_ARBITER] selected_source=waiting_for_ev_ground_reference state=WAITING_FOR_ODOM
[race_ego_cloud_bridge-8] [INFO] [1786825400.629698976] [race_ego_cloud_bridge]: [EGO_STATIC_MAP_READY] topic=/saved_map frame=map points=11417 fused=true
[ego_planner_node-10] [FSM]: state: WAIT_TARGET
[ego_planner_node-10] wait for goal or trigger.
[super_planner_ros2_node-6] [INFO] [1786825400.853728225] [super_planner_ros2_node]: SUPER_ROS2 mode=IDLE enable_output=false reason=WAIT_ALTITUDE_REFERENCE odom=(0.21,-0.01,-0.06) goal=none tracking_setpoint_enu=(0.21,-0.01,-0.06) setpoint_ned=none yaw(desired/cmd/rate)=(0.00/0.00/0.00) cross_track=0.00 frame_id=px4_ned path_points=0 odom_source=/race/odom cloud_source=/saved_map mavros_connected=true
[race_ego_trajectory_bridge-12] [INFO] [1786825401.124361160] [race_ego_trajectory_bridge]: [EGO_OCCUPANCY_MAP] topic=/race/ego/cloud frame=map raw_points=17368 map_age=0.011
[race_ego_cloud_bridge-8] [INFO] [1786825401.313121375] [race_ego_cloud_bridge]: [EGO_MAP_FUSION] static_points=11417 live_raw_points=17573 confirmed_live_voxels=6131 min_observations=2 memory_sec=1.00 fused_points=17548
[race_ego_cloud_bridge-8] [INFO] [1786825401.313852574] [race_ego_cloud_bridge]: [EGO_MAP_INPUT] topic=/race/ego/cloud frame=map points=17548 source=static_live_px4 refresh_period=0.00s
[ego_planner_node-10] [INFO] [1786825401.323234526] [race_ego_planner]: [EGO_OCCUPANCY_UPDATE] input_topic=grid_map/cloud input_frame=map occupancy_frame=map cloud_points=17548 local_points=9807 occupied_voxels=23767 camera=(0.206,-0.017,-0.061) local_index_bounds=[(47,44,0),(117,116,8)]
[offboard_waypoint_node-1] [INFO] [1786825401.557287306] [offboard_waypoint_node]: [EV_HOLD_WAIT] continuous_healthy=1.82s required=7.50s
[offboard_waypoint_node-1] [INFO] [1786825401.558481944] [offboard_waypoint_node]: [CONTROL_ARBITER] selected_source=waiting_for_ev_ground_reference state=WAITING_FOR_ODOM
[super_planner_ros2_node-6] [INFO] [1786825401.858625913] [super_planner_ros2_node]: SUPER_ROS2 mode=IDLE enable_output=false reason=WAIT_ALTITUDE_REFERENCE odom=(0.21,-0.01,-0.06) goal=none tracking_setpoint_enu=(0.21,-0.01,-0.06) setpoint_ned=none yaw(desired/cmd/rate)=(0.00/0.00/0.00) cross_track=0.00 frame_id=px4_ned path_points=0 odom_source=/race/odom cloud_source=/saved_map mavros_connected=true
[ego_planner_node-10] [FSM]: state: WAIT_TARGET
[ego_planner_node-10] wait for goal or trigger.
[fastlio_bridge_node-2] [INFO] [1786825402.002130364] [fastlio_bridge_node]: 已桥接并转换里程计: ENU(0.21, -0.02, -0.06) -> NED(-0.02, 0.21, 0.06)
[fastlio_bridge_node-2] [INFO] [1786825402.006968842] [fastlio_bridge_node]: 已桥接并转换里程计: ENU(0.21, -0.02, -0.06) -> NED(-0.02, 0.21, 0.06)
[fastlio_bridge_node-2] [INFO] [1786825402.012299951] [fastlio_bridge_node]: 已桥接并转换里程计: ENU(0.21, -0.02, -0.06) -> NED(-0.02, 0.21, 0.06)
[fastlio_bridge_node-2] [INFO] [1786825402.015725827] [fastlio_bridge_node]: 已桥接并转换里程计: ENU(0.21, -0.02, -0.06) -> NED(-0.02, 0.21, 0.06)
[fastlio_bridge_node-2] [INFO] [1786825402.026784595] [fastlio_bridge_node]: 已桥接并转换里程计: ENU(0.21, -0.02, -0.06) -> NED(-0.02, 0.21, 0.06)
[fastlio_bridge_node-2] [INFO] [1786825402.029722392] [fastlio_bridge_node]: 已桥接并转换里程计: ENU(0.21, -0.02, -0.06) -> NED(-0.02, 0.21, 0.06)
[fastlio_bridge_node-2] [INFO] [1786825402.034727749] [fastlio_bridge_node]: 已桥接并转换里程计: ENU(0.21, -0.02, -0.06) -> NED(-0.02, 0.21, 0.06)
[fastlio_bridge_node-2] [INFO] [1786825402.040197013] [fastlio_bridge_node]: 已桥接并转换里程计: ENU(0.21, -0.02, -0.06) -> NED(-0.02, 0.21, 0.06)
[fastlio_bridge_node-2] [INFO] [1786825402.047554458] [fastlio_bridge_node]: 已桥接并转换里程计: ENU(0.21, -0.02, -0.06) -> NED(-0.02, 0.21, 0.06)
[fastlio_bridge_node-2] [INFO] [1786825402.049953348] [fastlio_bridge_node]: 已桥接并转换里程计: ENU(0.21, -0.02, -0.06) -> NED(-0.02, 0.21, 0.06)
[fastlio_bridge_node-2] [INFO] [1786825402.054620960] [fastlio_bridge_node]: 已桥接并转换里程计: ENU(0.21, -0.02, -0.06) -> NED(-0.02, 0.21, 0.06)
[fastlio_bridge_node-2] [INFO] [1786825402.060477080] [fastlio_bridge_node]: 已桥接并转换里程计: ENU(0.21, -0.02, -0.06) -> NED(-0.02, 0.21, 0.06)
[fastlio_bridge_node-2] [INFO] [1786825402.064984849] [fastlio_bridge_node]: 已桥接并转换里程计: ENU(0.21, -0.02, -0.06) -> NED(-0.02, 0.21, 0.06)
[fastlio_bridge_node-2] [INFO] [1786825402.070079584] [fastlio_bridge_node]: 已桥接并转换里程计: ENU(0.21, -0.02, -0.06) -> NED(-0.02, 0.21, 0.06)
[fastlio_bridge_node-2] [INFO] [1786825402.074652711] [fastlio_bridge_node]: 已桥接并转换里程计: ENU(0.21, -0.02, -0.06) -> NED(-0.02, 0.21, 0.06)
[fastlio_bridge_node-2] [INFO] [1786825402.080241333] [fastlio_bridge_node]: 已桥接并转换里程计: ENU(0.21, -0.02, -0.06) -> NED(-0.02, 0.21, 0.06)
[fastlio_bridge_node-2] [INFO] [1786825402.085238568] [fastlio_bridge_node]: 已桥接并转换里程计: ENU(0.21, -0.02, -0.06) -> NED(-0.02, 0.21, 0.06)
[fastlio_bridge_node-2] [INFO] [1786825402.097787932] [fastlio_bridge_node]: 已桥接并转换里程计: ENU(0.21, -0.02, -0.06) -> NED(-0.02, 0.21, 0.06)
[rviz2-13] [INFO] [1786825402.218595942] [rviz2]: Message Filter dropping message: frame 'odom' at time 1786825401.182 for reason 'discarding message because the queue is full'
[offboard_waypoint_node-1] [INFO] [1786825402.561935361] [offboard_waypoint_node]: [EV_HOLD_WAIT] continuous_healthy=2.83s required=7.50s
[offboard_waypoint_node-1] [INFO] [1786825402.562266296] [offboard_waypoint_node]: [CONTROL_ARBITER] selected_source=waiting_for_ev_ground_reference state=WAITING_FOR_ODOM
[race_ego_cloud_bridge-8] [INFO] [1786825402.639752503] [race_ego_cloud_bridge]: [EGO_STATIC_MAP_READY] topic=/saved_map frame=map points=11417 fused=true
[super_planner_ros2_node-6] [INFO] [1786825402.863018205] [super_planner_ros2_node]: SUPER_ROS2 mode=IDLE enable_output=false reason=WAIT_ALTITUDE_REFERENCE odom=(0.21,-0.01,-0.06) goal=none tracking_setpoint_enu=(0.21,-0.01,-0.06) setpoint_ned=none yaw(desired/cmd/rate)=(0.00/0.00/0.00) cross_track=0.00 frame_id=px4_ned path_points=0 odom_source=/race/odom cloud_source=/saved_map mavros_connected=true
[ego_planner_node-10] [FSM]: state: WAIT_TARGET
[ego_planner_node-10] wait for goal or trigger.
[race_ego_trajectory_bridge-12] [INFO] [1786825403.219375744] [race_ego_trajectory_bridge]: [EGO_OCCUPANCY_MAP] topic=/race/ego/cloud frame=map raw_points=18204 map_age=0.010
[race_ego_cloud_bridge-8] [INFO] [1786825403.412530487] [race_ego_cloud_bridge]: [EGO_MAP_FUSION] static_points=11417 live_raw_points=17664 confirmed_live_voxels=6631 min_observations=2 memory_sec=1.00 fused_points=18048
[race_ego_cloud_bridge-8] [INFO] [1786825403.413131617] [race_ego_cloud_bridge]: [EGO_MAP_INPUT] topic=/race/ego/cloud frame=map points=18048 source=static_live_px4 refresh_period=0.00s
[ego_planner_node-10] [INFO] [1786825403.422122705] [race_ego_planner]: [EGO_OCCUPANCY_UPDATE] input_topic=grid_map/cloud input_frame=map occupancy_frame=map cloud_points=18048 local_points=9895 occupied_voxels=23815 camera=(0.207,-0.015,-0.062) local_index_bounds=[(47,44,0),(117,116,8)]
[offboard_waypoint_node-1] [INFO] [1786825403.565954574] [offboard_waypoint_node]: [EV_HOLD_WAIT] continuous_healthy=3.83s required=7.50s
[offboard_waypoint_node-1] [INFO] [1786825403.566063464] [offboard_waypoint_node]: [CONTROL_ARBITER] selected_source=waiting_for_ev_ground_reference state=WAITING_FOR_ODOM
[super_planner_ros2_node-6] [INFO] [1786825403.867011431] [super_planner_ros2_node]: SUPER_ROS2 mode=IDLE enable_output=false reason=WAIT_ALTITUDE_REFERENCE odom=(0.21,-0.02,-0.06) goal=none tracking_setpoint_enu=(0.21,-0.02,-0.06) setpoint_ned=none yaw(desired/cmd/rate)=(0.00/0.00/0.00) cross_track=0.00 frame_id=px4_ned path_points=0 odom_source=/race/odom cloud_source=/saved_map mavros_connected=true
[ego_planner_node-10] [FSM]: state: WAIT_TARGET
[ego_planner_node-10] wait for goal or trigger.
[fastlio_bridge_node-2] [INFO] [1786825404.004266661] [fastlio_bridge_node]: 已桥接并转换里程计: ENU(0.21, -0.02, -0.06) -> NED(-0.02, 0.21, 0.06)
[fastlio_bridge_node-2] [INFO] [1786825404.008827821] [fastlio_bridge_node]: 已桥接并转换里程计: ENU(0.21, -0.02, -0.06) -> NED(-0.02, 0.21, 0.06)
[fastlio_bridge_node-2] [INFO] [1786825404.013278892] [fastlio_bridge_node]: 已桥接并转换里程计: ENU(0.21, -0.02, -0.06) -> NED(-0.02, 0.21, 0.06)
[fastlio_bridge_node-2] [INFO] [1786825404.017245912] [fastlio_bridge_node]: 已桥接并转换里程计: ENU(0.21, -0.02, -0.06) -> NED(-0.02, 0.21, 0.06)
[fastlio_bridge_node-2] [INFO] [1786825404.021639825] [fastlio_bridge_node]: 已桥接并转换里程计: ENU(0.21, -0.02, -0.06) -> NED(-0.02, 0.21, 0.06)
[fastlio_bridge_node-2] [INFO] [1786825404.028410576] [fastlio_bridge_node]: 已桥接并转换里程计: ENU(0.21, -0.02, -0.06) -> NED(-0.02, 0.21, 0.06)
[fastlio_bridge_node-2] [INFO] [1786825404.032426844] [fastlio_bridge_node]: 已桥接并转换里程计: ENU(0.21, -0.02, -0.06) -> NED(-0.02, 0.21, 0.06)
[fastlio_bridge_node-2] [INFO] [1786825404.039275254] [fastlio_bridge_node]: 已桥接并转换里程计: ENU(0.21, -0.02, -0.06) -> NED(-0.02, 0.21, 0.06)
[fastlio_bridge_node-2] [INFO] [1786825404.042007537] [fastlio_bridge_node]: 已桥接并转换里程计: ENU(0.21, -0.02, -0.06) -> NED(-0.02, 0.21, 0.06)
[fastlio_bridge_node-2] [INFO] [1786825404.051023482] [fastlio_bridge_node]: 已桥接并转换里程计: ENU(0.21, -0.02, -0.06) -> NED(-0.02, 0.21, 0.06)
[fastlio_bridge_node-2] [INFO] [1786825404.053108823] [fastlio_bridge_node]: 已桥接并转换里程计: ENU(0.21, -0.02, -0.06) -> NED(-0.02, 0.21, 0.06)
[fastlio_bridge_node-2] [INFO] [1786825404.058513349] [fastlio_bridge_node]: 已桥接并转换里程计: ENU(0.21, -0.02, -0.06) -> NED(-0.02, 0.21, 0.06)
[fastlio_bridge_node-2] [INFO] [1786825404.061837851] [fastlio_bridge_node]: 已桥接并转换里程计: ENU(0.21, -0.02, -0.06) -> NED(-0.02, 0.21, 0.06)
[fastlio_bridge_node-2] [INFO] [1786825404.071078213] [fastlio_bridge_node]: 已桥接并转换里程计: ENU(0.21, -0.02, -0.06) -> NED(-0.02, 0.21, 0.06)
[fastlio_bridge_node-2] [INFO] [1786825404.072656083] [fastlio_bridge_node]: 已桥接并转换里程计: ENU(0.21, -0.02, -0.06) -> NED(-0.02, 0.21, 0.06)
[fastlio_bridge_node-2] [INFO] [1786825404.078931140] [fastlio_bridge_node]: 已桥接并转换里程计: ENU(0.21, -0.02, -0.06) -> NED(-0.02, 0.21, 0.06)
[fastlio_bridge_node-2] [INFO] [1786825404.082884977] [fastlio_bridge_node]: 已桥接并转换里程计: ENU(0.21, -0.02, -0.06) -> NED(-0.02, 0.21, 0.06)
[fastlio_bridge_node-2] [INFO] [1786825404.090637363] [fastlio_bridge_node]: 已桥接并转换里程计: ENU(0.21, -0.02, -0.06) -> NED(-0.02, 0.21, 0.06)
[fastlio_bridge_node-2] [INFO] [1786825404.094823763] [fastlio_bridge_node]: 已桥接并转换里程计: ENU(0.21, -0.02, -0.06) -> NED(-0.02, 0.21, 0.06)
[fastlio_bridge_node-2] [INFO] [1786825404.098494237] [fastlio_bridge_node]: 已桥接并转换里程计: ENU(0.21, -0.02, -0.06) -> NED(-0.02, 0.21, 0.06)
[offboard_waypoint_node-1] [INFO] [1786825404.569459153] [offboard_waypoint_node]: [EV_HOLD_WAIT] continuous_healthy=4.84s required=7.50s
[offboard_waypoint_node-1] [INFO] [1786825404.569549843] [offboard_waypoint_node]: [CONTROL_ARBITER] selected_source=waiting_for_ev_ground_reference state=WAITING_FOR_ODOM
[race_ego_cloud_bridge-8] [INFO] [1786825404.647250245] [race_ego_cloud_bridge]: [EGO_STATIC_MAP_READY] topic=/saved_map frame=map points=11417 fused=true
[rviz2-13] [INFO] [1786825404.842640122] [rviz2]: Message Filter dropping message: frame 'odom' at time 1786825403.781 for reason 'discarding message because the queue is full'
[super_planner_ros2_node-6] [INFO] [1786825404.870573144] [super_planner_ros2_node]: SUPER_ROS2 mode=IDLE enable_output=false reason=WAIT_ALTITUDE_REFERENCE odom=(0.21,-0.01,-0.06) goal=none tracking_setpoint_enu=(0.21,-0.01,-0.06) setpoint_ned=none yaw(desired/cmd/rate)=(0.00/0.00/0.00) cross_track=0.00 frame_id=px4_ned path_points=0 odom_source=/race/odom cloud_source=/saved_map mavros_connected=true
[ego_planner_node-10] [FSM]: state: WAIT_TARGET
[ego_planner_node-10] wait for goal or trigger.
[race_ego_trajectory_bridge-12] [INFO] [1786825405.219652074] [race_ego_trajectory_bridge]: [EGO_OCCUPANCY_MAP] topic=/race/ego/cloud frame=map raw_points=17775 map_age=0.007
[race_ego_cloud_bridge-8] [INFO] [1786825405.417204472] [race_ego_cloud_bridge]: [EGO_MAP_FUSION] static_points=11417 live_raw_points=17701 confirmed_live_voxels=6390 min_observations=2 memory_sec=1.00 fused_points=17807
[race_ego_cloud_bridge-8] [INFO] [1786825405.418130186] [race_ego_cloud_bridge]: [EGO_MAP_INPUT] topic=/race/ego/cloud frame=map points=17807 source=static_live_px4 refresh_period=0.00s
[ego_planner_node-10] [INFO] [1786825405.429932822] [race_ego_planner]: [EGO_OCCUPANCY_UPDATE] input_topic=grid_map/cloud input_frame=map occupancy_frame=map cloud_points=17807 local_points=9868 occupied_voxels=23776 camera=(0.207,-0.015,-0.061) local_index_bounds=[(47,44,0),(117,116,8)]
[offboard_waypoint_node-1] [INFO] [1786825405.572834689] [offboard_waypoint_node]: [EV_HOLD_WAIT] continuous_healthy=5.84s required=7.50s
[offboard_waypoint_node-1] [INFO] [1786825405.572911321] [offboard_waypoint_node]: [CONTROL_ARBITER] selected_source=waiting_for_ev_ground_reference state=WAITING_FOR_ODOM
[super_planner_ros2_node-6] [INFO] [1786825405.873588608] [super_planner_ros2_node]: SUPER_ROS2 mode=IDLE enable_output=false reason=WAIT_ALTITUDE_REFERENCE odom=(0.21,-0.02,-0.06) goal=none tracking_setpoint_enu=(0.21,-0.02,-0.06) setpoint_ned=none yaw(desired/cmd/rate)=(0.00/0.00/0.00) cross_track=0.00 frame_id=px4_ned path_points=0 odom_source=/race/odom cloud_source=/saved_map mavros_connected=true
[fastlio_bridge_node-2] [INFO] [1786825406.004033613] [fastlio_bridge_node]: 已桥接并转换里程计: ENU(0.21, -0.02, -0.06) -> NED(-0.02, 0.21, 0.06)
[fastlio_bridge_node-2] [INFO] [1786825406.008259341] [fastlio_bridge_node]: 已桥接并转换里程计: ENU(0.21, -0.02, -0.06) -> NED(-0.02, 0.21, 0.06)
[fastlio_bridge_node-2] [INFO] [1786825406.014917742] [fastlio_bridge_node]: 已桥接并转换里程计: ENU(0.21, -0.02, -0.06) -> NED(-0.02, 0.21, 0.06)
[fastlio_bridge_node-2] [INFO] [1786825406.019206374] [fastlio_bridge_node]: 已桥接并转换里程计: ENU(0.21, -0.02, -0.06) -> NED(-0.02, 0.21, 0.06)
[fastlio_bridge_node-2] [INFO] [1786825406.024419182] [fastlio_bridge_node]: 已桥接并转换里程计: ENU(0.21, -0.02, -0.06) -> NED(-0.02, 0.21, 0.06)
[fastlio_bridge_node-2] [INFO] [1786825406.028821060] [fastlio_bridge_node]: 已桥接并转换里程计: ENU(0.21, -0.02, -0.06) -> NED(-0.02, 0.21, 0.06)
[fastlio_bridge_node-2] [INFO] [1786825406.035048223] [fastlio_bridge_node]: 已桥接并转换里程计: ENU(0.21, -0.02, -0.06) -> NED(-0.02, 0.21, 0.06)
[fastlio_bridge_node-2] [INFO] [1786825406.039290923] [fastlio_bridge_node]: 已桥接并转换里程计: ENU(0.21, -0.02, -0.06) -> NED(-0.02, 0.21, 0.06)
[fastlio_bridge_node-2] [INFO] [1786825406.045350103] [fastlio_bridge_node]: 已桥接并转换里程计: ENU(0.21, -0.02, -0.06) -> NED(-0.02, 0.21, 0.06)
[fastlio_bridge_node-2] [INFO] [1786825406.049256617] [fastlio_bridge_node]: 已桥接并转换里程计: ENU(0.21, -0.02, -0.06) -> NED(-0.02, 0.21, 0.06)
[fastlio_bridge_node-2] [INFO] [1786825406.055093917] [fastlio_bridge_node]: 已桥接并转换里程计: ENU(0.21, -0.02, -0.06) -> NED(-0.02, 0.21, 0.06)
[fastlio_bridge_node-2] [INFO] [1786825406.058605631] [fastlio_bridge_node]: 已桥接并转换里程计: ENU(0.21, -0.02, -0.06) -> NED(-0.02, 0.21, 0.06)
[fastlio_bridge_node-2] [INFO] [1786825406.064751928] [fastlio_bridge_node]: 已桥接并转换里程计: ENU(0.21, -0.02, -0.06) -> NED(-0.02, 0.21, 0.06)
[fastlio_bridge_node-2] [INFO] [1786825406.069076677] [fastlio_bridge_node]: 已桥接并转换里程计: ENU(0.21, -0.02, -0.06) -> NED(-0.02, 0.21, 0.06)
[fastlio_bridge_node-2] [INFO] [1786825406.074665356] [fastlio_bridge_node]: 已桥接并转换里程计: ENU(0.21, -0.02, -0.06) -> NED(-0.02, 0.21, 0.06)
[fastlio_bridge_node-2] [INFO] [1786825406.079209823] [fastlio_bridge_node]: 已桥接并转换里程计: ENU(0.21, -0.02, -0.06) -> NED(-0.02, 0.21, 0.06)
[fastlio_bridge_node-2] [INFO] [1786825406.084426914] [fastlio_bridge_node]: 已桥接并转换里程计: ENU(0.21, -0.02, -0.06) -> NED(-0.02, 0.21, 0.06)
[fastlio_bridge_node-2] [INFO] [1786825406.089536216] [fastlio_bridge_node]: 已桥接并转换里程计: ENU(0.21, -0.02, -0.06) -> NED(-0.02, 0.21, 0.06)
[fastlio_bridge_node-2] [INFO] [1786825406.094171174] [fastlio_bridge_node]: 已桥接并转换里程计: ENU(0.21, -0.02, -0.06) -> NED(-0.02, 0.21, 0.06)
[fastlio_bridge_node-2] [INFO] [1786825406.098825623] [fastlio_bridge_node]: 已桥接并转换里程计: ENU(0.21, -0.02, -0.06) -> NED(-0.02, 0.21, 0.06)
[ego_planner_node-10] [FSM]: state: WAIT_TARGET
[ego_planner_node-10] wait for goal or trigger.
[offboard_waypoint_node-1] [INFO] [1786825406.575644669] [offboard_waypoint_node]: [EV_HOLD_WAIT] continuous_healthy=6.84s required=7.50s
[offboard_waypoint_node-1] [INFO] [1786825406.575771735] [offboard_waypoint_node]: [CONTROL_ARBITER] selected_source=waiting_for_ev_ground_reference state=WAITING_FOR_ODOM
[race_ego_cloud_bridge-8] [INFO] [1786825406.653427248] [race_ego_cloud_bridge]: [EGO_STATIC_MAP_READY] topic=/saved_map frame=map points=11417 fused=true
[super_planner_ros2_node-6] [INFO] [1786825406.876444374] [super_planner_ros2_node]: SUPER_ROS2 mode=IDLE enable_output=false reason=WAIT_ALTITUDE_REFERENCE odom=(0.21,-0.02,-0.06) goal=none tracking_setpoint_enu=(0.21,-0.02,-0.06) setpoint_ned=none yaw(desired/cmd/rate)=(0.00/0.00/0.00) cross_track=0.00 frame_id=px4_ned path_points=0 odom_source=/race/odom cloud_source=/saved_map mavros_connected=true
[ego_planner_node-10] [FSM]: state: WAIT_TARGET
[ego_planner_node-10] wait for goal or trigger.
[offboard_waypoint_node-1] [WARN] [1786825407.278117691] [offboard_waypoint_node]: [HOLD_POSITION] x=-0.015 y=0.208 z=0.062 yaw=1.355 reason=EV-ready startup idle hold
[offboard_waypoint_node-1] [WARN] [1786825407.278225015] [offboard_waypoint_node]: [CONTROL_STATE] WAITING_FOR_ODOM -> IDLE_HOLD: no active goal
[offboard_waypoint_node-1] [INFO] [1786825407.278410885] [offboard_waypoint_node]: [HOLD_ERROR] position_error=0.000 velocity=0.002 state=IDLE_HOLD
[race_ego_trajectory_bridge-12] [INFO] [1786825407.327265616] [race_ego_trajectory_bridge]: [EGO_OCCUPANCY_MAP] topic=/race/ego/cloud frame=map raw_points=17712 map_age=0.008
[rviz2-13] [INFO] [1786825407.354679030] [rviz2]: Message Filter dropping message: frame 'odom' at time 1786825405.982 for reason 'discarding message because the queue is full'
[race_ego_cloud_bridge-8] [INFO] [1786825407.442095369] [race_ego_cloud_bridge]: [EGO_MAP_FUSION] static_points=11417 live_raw_points=17681 confirmed_live_voxels=6475 min_observations=2 memory_sec=1.00 fused_points=17892
[race_ego_cloud_bridge-8] [INFO] [1786825407.447777909] [race_ego_cloud_bridge]: [EGO_MAP_INPUT] topic=/race/ego/cloud frame=map points=17892 source=static_live_px4 refresh_period=0.00s
[ego_planner_node-10] [INFO] [1786825407.464385619] [race_ego_planner]: [EGO_OCCUPANCY_UPDATE] input_topic=grid_map/cloud input_frame=map occupancy_frame=map cloud_points=17892 local_points=9925 occupied_voxels=23768 camera=(0.208,-0.016,-0.062) local_index_bounds=[(47,44,0),(117,116,8)]
[offboard_waypoint_node-1] [INFO] [1786825407.578361777] [offboard_waypoint_node]: [CONTROL_ARBITER] selected_source=safety_hold state=IDLE_HOLD
[super_planner_ros2_node-6] [INFO] [1786825407.879105076] [super_planner_ros2_node]: SUPER_ROS2 mode=IDLE enable_output=false reason=WAIT_ALTITUDE_REFERENCE odom=(0.21,-0.01,-0.06) goal=none tracking_setpoint_enu=(0.21,-0.01,-0.06) setpoint_ned=none yaw(desired/cmd/rate)=(0.00/0.00/0.00) cross_track=0.00 frame_id=px4_ned path_points=0 odom_source=/race/odom cloud_source=/saved_map mavros_connected=true
[fastlio_bridge_node-2] [INFO] [1786825408.005697982] [fastlio_bridge_node]: 已桥接并转换里程计: ENU(0.21, -0.02, -0.06) -> NED(-0.02, 0.21, 0.06)
[fastlio_bridge_node-2] [INFO] [1786825408.012308177] [fastlio_bridge_node]: 已桥接并转换里程计: ENU(0.21, -0.02, -0.06) -> NED(-0.02, 0.21, 0.06)
[fastlio_bridge_node-2] [INFO] [1786825408.014383520] [fastlio_bridge_node]: 已桥接并转换里程计: ENU(0.21, -0.02, -0.06) -> NED(-0.02, 0.21, 0.06)
[fastlio_bridge_node-2] [INFO] [1786825408.021136294] [fastlio_bridge_node]: 已桥接并转换里程计: ENU(0.21, -0.02, -0.06) -> NED(-0.02, 0.21, 0.06)
[fastlio_bridge_node-2] [INFO] [1786825408.024957852] [fastlio_bridge_node]: 已桥接并转换里程计: ENU(0.21, -0.02, -0.06) -> NED(-0.02, 0.21, 0.06)
[fastlio_bridge_node-2] [INFO] [1786825408.032006100] [fastlio_bridge_node]: 已桥接并转换里程计: ENU(0.21, -0.02, -0.06) -> NED(-0.02, 0.21, 0.06)
[fastlio_bridge_node-2] [INFO] [1786825408.036434078] [fastlio_bridge_node]: 已桥接并转换里程计: ENU(0.21, -0.02, -0.06) -> NED(-0.02, 0.21, 0.06)
[fastlio_bridge_node-2] [INFO] [1786825408.041070842] [fastlio_bridge_node]: 已桥接并转换里程计: ENU(0.21, -0.02, -0.06) -> NED(-0.02, 0.21, 0.06)
[fastlio_bridge_node-2] [INFO] [1786825408.044561799] [fastlio_bridge_node]: 已桥接并转换里程计: ENU(0.21, -0.02, -0.06) -> NED(-0.02, 0.21, 0.06)
[fastlio_bridge_node-2] [INFO] [1786825408.049114479] [fastlio_bridge_node]: 已桥接并转换里程计: ENU(0.21, -0.02, -0.06) -> NED(-0.02, 0.21, 0.06)
[fastlio_bridge_node-2] [INFO] [1786825408.054938987] [fastlio_bridge_node]: 已桥接并转换里程计: ENU(0.21, -0.02, -0.06) -> NED(-0.02, 0.21, 0.06)
[fastlio_bridge_node-2] [INFO] [1786825408.059534070] [fastlio_bridge_node]: 已桥接并转换里程计: ENU(0.21, -0.02, -0.06) -> NED(-0.02, 0.21, 0.06)
[fastlio_bridge_node-2] [INFO] [1786825408.066230597] [fastlio_bridge_node]: 已桥接并转换里程计: ENU(0.21, -0.02, -0.06) -> NED(-0.02, 0.21, 0.06)
[fastlio_bridge_node-2] [INFO] [1786825408.071245497] [fastlio_bridge_node]: 已桥接并转换里程计: ENU(0.21, -0.02, -0.06) -> NED(-0.02, 0.21, 0.06)
[fastlio_bridge_node-2] [INFO] [1786825408.074003248] [fastlio_bridge_node]: 已桥接并转换里程计: ENU(0.21, -0.02, -0.06) -> NED(-0.02, 0.21, 0.06)
[fastlio_bridge_node-2] [INFO] [1786825408.080691188] [fastlio_bridge_node]: 已桥接并转换里程计: ENU(0.21, -0.02, -0.06) -> NED(-0.02, 0.21, 0.06)
[fastlio_bridge_node-2] [INFO] [1786825408.085537041] [fastlio_bridge_node]: 已桥接并转换里程计: ENU(0.21, -0.02, -0.06) -> NED(-0.02, 0.21, 0.06)
[fastlio_bridge_node-2] [INFO] [1786825408.094409428] [fastlio_bridge_node]: 已桥接并转换里程计: ENU(0.21, -0.02, -0.06) -> NED(-0.02, 0.21, 0.06)
[fastlio_bridge_node-2] [INFO] [1786825408.096931114] [fastlio_bridge_node]: 已桥接并转换里程计: ENU(0.21, -0.02, -0.06) -> NED(-0.02, 0.21, 0.06)
[offboard_waypoint_node-1] [WARN] [1786825408.237412369] [offboard_waypoint_node]: [MAP_LOCAL_ALIGNMENT_LOCKED] yaw=0.000136 translation=(-0.001,0.003,0.000)
[offboard_waypoint_node-1] [INFO] [1786825408.279821543] [offboard_waypoint_node]: [HOLD_ERROR] position_error=0.002 velocity=0.005 state=IDLE_HOLD
[ego_planner_node-10] [FSM]: state: WAIT_TARGET
[ego_planner_node-10] wait for goal or trigger.
[offboard_waypoint_node-1] [INFO] [1786825408.580629828] [offboard_waypoint_node]: [CONTROL_ARBITER] selected_source=safety_hold state=IDLE_HOLD
[race_ego_cloud_bridge-8] [INFO] [1786825408.658814688] [race_ego_cloud_bridge]: [EGO_STATIC_MAP_READY] topic=/saved_map frame=map points=11417 fused=true
[super_planner_ros2_node-6] [INFO] [1786825408.881269121] [super_planner_ros2_node]: SUPER_ROS2 mode=IDLE enable_output=false reason=WAIT_ALTITUDE_REFERENCE odom=(0.21,-0.02,-0.06) goal=none tracking_setpoint_enu=(0.21,-0.02,-0.06) setpoint_ned=none yaw(desired/cmd/rate)=(0.00/0.00/0.00) cross_track=0.00 frame_id=px4_ned path_points=0 odom_source=/race/odom cloud_source=/saved_map mavros_connected=true
[offboard_waypoint_node-1] [INFO] [1786825409.282681287] [offboard_waypoint_node]: [HOLD_ERROR] position_error=0.002 velocity=0.005 state=IDLE_HOLD
[race_ego_trajectory_bridge-12] [INFO] [1786825409.338382269] [race_ego_trajectory_bridge]: [EGO_OCCUPANCY_MAP] topic=/race/ego/cloud frame=map raw_points=17091 map_age=0.006
[ego_planner_node-10] [FSM]: state: WAIT_TARGET
[ego_planner_node-10] wait for goal or trigger.
[race_ego_cloud_bridge-8] [INFO] [1786825409.516222616] [race_ego_cloud_bridge]: [EGO_MAP_FUSION] static_points=11417 live_raw_points=17636 confirmed_live_voxels=5630 min_observations=2 memory_sec=1.00 fused_points=17047
[race_ego_cloud_bridge-8] [INFO] [1786825409.516502353] [race_ego_cloud_bridge]: [EGO_MAP_INPUT] topic=/race/ego/cloud frame=map points=17047 source=static_live_px4 refresh_period=0.00s
[ego_planner_node-10] [INFO] [1786825409.527737343] [race_ego_planner]: [EGO_OCCUPANCY_UPDATE] input_topic=grid_map/cloud input_frame=map occupancy_frame=map cloud_points=17047 local_points=9588 occupied_voxels=23820 camera=(0.207,-0.015,-0.061) local_index_bounds=[(47,44,0),(117,116,8)]
[offboard_waypoint_node-1] [INFO] [1786825409.582812183] [offboard_waypoint_node]: [CONTROL_ARBITER] selected_source=safety_hold state=IDLE_HOLD
[super_planner_ros2_node-6] [INFO] [1786825409.883498830] [super_planner_ros2_node]: SUPER_ROS2 mode=IDLE enable_output=false reason=WAIT_ALTITUDE_REFERENCE odom=(0.21,-0.02,-0.06) goal=none tracking_setpoint_enu=(0.21,-0.02,-0.06) setpoint_ned=none yaw(desired/cmd/rate)=(0.00/0.00/0.00) cross_track=0.00 frame_id=px4_ned path_points=0 odom_source=/race/odom cloud_source=/saved_map mavros_connected=true
[rviz2-13] [INFO] [1786825409.915803776] [rviz2]: Message Filter dropping message: frame 'odom' at time 1786825408.881 for reason 'discarding message because the queue is full'
[fastlio_bridge_node-2] [INFO] [1786825410.005493252] [fastlio_bridge_node]: 已桥接并转换里程计: ENU(0.21, -0.01, -0.06) -> NED(-0.01, 0.21, 0.06)
[fastlio_bridge_node-2] [INFO] [1786825410.009357586] [fastlio_bridge_node]: 已桥接并转换里程计: ENU(0.21, -0.01, -0.06) -> NED(-0.01, 0.21, 0.06)
[fastlio_bridge_node-2] [INFO] [1786825410.012184063] [fastlio_bridge_node]: 已桥接并转换里程计: ENU(0.21, -0.01, -0.06) -> NED(-0.01, 0.21, 0.06)
[fastlio_bridge_node-2] [INFO] [1786825410.016152475] [fastlio_bridge_node]: 已桥接并转换里程计: ENU(0.21, -0.01, -0.06) -> NED(-0.01, 0.21, 0.06)
[fastlio_bridge_node-2] [INFO] [1786825410.018976005] [fastlio_bridge_node]: 已桥接并转换里程计: ENU(0.21, -0.01, -0.06) -> NED(-0.01, 0.21, 0.06)
[fastlio_bridge_node-2] [INFO] [1786825410.026750839] [fastlio_bridge_node]: 已桥接并转换里程计: ENU(0.21, -0.01, -0.06) -> NED(-0.01, 0.21, 0.06)
[fastlio_bridge_node-2] [INFO] [1786825410.031472083] [fastlio_bridge_node]: 已桥接并转换里程计: ENU(0.21, -0.01, -0.06) -> NED(-0.01, 0.21, 0.06)
[fastlio_bridge_node-2] [INFO] [1786825410.033192981] [fastlio_bridge_node]: 已桥接并转换里程计: ENU(0.21, -0.01, -0.06) -> NED(-0.01, 0.21, 0.06)
[fastlio_bridge_node-2] [INFO] [1786825410.038718010] [fastlio_bridge_node]: 已桥接并转换里程计: ENU(0.21, -0.01, -0.06) -> NED(-0.01, 0.21, 0.06)
[fastlio_bridge_node-2] [INFO] [1786825410.044829953] [fastlio_bridge_node]: 已桥接并转换里程计: ENU(0.21, -0.01, -0.06) -> NED(-0.01, 0.21, 0.06)
[fastlio_bridge_node-2] [INFO] [1786825410.050141944] [fastlio_bridge_node]: 已桥接并转换里程计: ENU(0.21, -0.01, -0.06) -> NED(-0.01, 0.21, 0.06)
[fastlio_bridge_node-2] [INFO] [1786825410.054234556] [fastlio_bridge_node]: 已桥接并转换里程计: ENU(0.21, -0.01, -0.06) -> NED(-0.01, 0.21, 0.06)
[fastlio_bridge_node-2] [INFO] [1786825410.059865702] [fastlio_bridge_node]: 已桥接并转换里程计: ENU(0.21, -0.01, -0.06) -> NED(-0.01, 0.21, 0.06)
[fastlio_bridge_node-2] [INFO] [1786825410.063670644] [fastlio_bridge_node]: 已桥接并转换里程计: ENU(0.21, -0.01, -0.06) -> NED(-0.01, 0.21, 0.06)
[fastlio_bridge_node-2] [INFO] [1786825410.071825854] [fastlio_bridge_node]: 已桥接并转换里程计: ENU(0.21, -0.01, -0.06) -> NED(-0.01, 0.21, 0.06)
[fastlio_bridge_node-2] [INFO] [1786825410.074483984] [fastlio_bridge_node]: 已桥接并转换里程计: ENU(0.21, -0.01, -0.06) -> NED(-0.01, 0.21, 0.06)
[fastlio_bridge_node-2] [INFO] [1786825410.078665440] [fastlio_bridge_node]: 已桥接并转换里程计: ENU(0.21, -0.01, -0.06) -> NED(-0.01, 0.21, 0.06)
[fastlio_bridge_node-2] [INFO] [1786825410.085537576] [fastlio_bridge_node]: 已桥接并转换里程计: ENU(0.21, -0.01, -0.06) -> NED(-0.01, 0.21, 0.06)
[fastlio_bridge_node-2] [INFO] [1786825410.088128400] [fastlio_bridge_node]: 已桥接并转换里程计: ENU(0.21, -0.01, -0.06) -> NED(-0.01, 0.21, 0.06)
[fastlio_bridge_node-2] [INFO] [1786825410.094550442] [fastlio_bridge_node]: 已桥接并转换里程计: ENU(0.21, -0.01, -0.06) -> NED(-0.01, 0.21, 0.06)
[fastlio_bridge_node-2] [INFO] [1786825410.098469553] [fastlio_bridge_node]: 已桥接并转换里程计: ENU(0.21, -0.01, -0.06) -> NED(-0.01, 0.21, 0.06)
[offboard_waypoint_node-1] [INFO] [1786825410.284285628] [offboard_waypoint_node]: [HOLD_ERROR] position_error=0.002 velocity=0.003 state=IDLE_HOLD
[ego_planner_node-10] [FSM]: state: WAIT_TARGET
[ego_planner_node-10] wait for goal or trigger.
[offboard_waypoint_node-1] [INFO] [1786825410.585247042] [offboard_waypoint_node]: [CONTROL_ARBITER] selected_source=safety_hold state=IDLE_HOLD
[race_ego_cloud_bridge-8] [INFO] [1786825410.662133599] [race_ego_cloud_bridge]: [EGO_STATIC_MAP_READY] topic=/saved_map frame=map points=11417 fused=true
[super_planner_ros2_node-6] [INFO] [1786825410.885172193] [super_planner_ros2_node]: SUPER_ROS2 mode=IDLE enable_output=false reason=WAIT_ALTITUDE_REFERENCE odom=(0.21,-0.01,-0.06) goal=none tracking_setpoint_enu=(0.21,-0.01,-0.06) setpoint_ned=none yaw(desired/cmd/rate)=(0.00/0.00/0.00) cross_track=0.00 frame_id=px4_ned path_points=0 odom_source=/race/odom cloud_source=/saved_map mavros_connected=true
[offboard_waypoint_node-1] [INFO] [1786825411.285878394] [offboard_waypoint_node]: [HOLD_ERROR] position_error=0.000 velocity=0.001 state=IDLE_HOLD
[race_ego_trajectory_bridge-12] [INFO] [1786825411.418440089] [race_ego_trajectory_bridge]: [EGO_OCCUPANCY_MAP] topic=/race/ego/cloud frame=map raw_points=17242 map_age=0.007
[race_ego_cloud_bridge-8] [INFO] [1786825411.563513028] [race_ego_cloud_bridge]: [EGO_MAP_FUSION] static_points=11417 live_raw_points=17640 confirmed_live_voxels=5922 min_observations=2 memory_sec=1.00 fused_points=17339
[race_ego_cloud_bridge-8] [INFO] [1786825411.564291593] [race_ego_cloud_bridge]: [EGO_MAP_INPUT] topic=/race/ego/cloud frame=map points=17339 source=static_live_px4 refresh_period=0.00s
[offboard_waypoint_node-1] [INFO] [1786825411.586984006] [offboard_waypoint_node]: [CONTROL_ARBITER] selected_source=safety_hold state=IDLE_HOLD
[ego_planner_node-10] [INFO] [1786825411.596670309] [race_ego_planner]: [EGO_OCCUPANCY_UPDATE] input_topic=grid_map/cloud input_frame=map occupancy_frame=map cloud_points=17339 local_points=9696 occupied_voxels=23759 camera=(0.207,-0.016,-0.062) local_index_bounds=[(47,44,0),(117,116,8)]
[ego_planner_node-10] [FSM]: state: WAIT_TARGET
[ego_planner_node-10] wait for goal or trigger.
[super_planner_ros2_node-6] [INFO] [1786825411.886623914] [super_planner_ros2_node]: SUPER_ROS2 mode=IDLE enable_output=false reason=WAIT_ALTITUDE_REFERENCE odom=(0.21,-0.02,-0.06) goal=none tracking_setpoint_enu=(0.21,-0.02,-0.06) setpoint_ned=none yaw(desired/cmd/rate)=(0.00/0.00/0.00) cross_track=0.00 frame_id=px4_ned path_points=0 odom_source=/race/odom cloud_source=/saved_map mavros_connected=true
[fastlio_bridge_node-2] [INFO] [1786825412.003956977] [fastlio_bridge_node]: 已桥接并转换里程计: ENU(0.21, -0.02, -0.06) -> NED(-0.02, 0.21, 0.06)
[fastlio_bridge_node-2] [INFO] [1786825412.007644127] [fastlio_bridge_node]: 已桥接并转换里程计: ENU(0.21, -0.02, -0.06) -> NED(-0.02, 0.21, 0.06)
[fastlio_bridge_node-2] [INFO] [1786825412.011764804] [fastlio_bridge_node]: 已桥接并转换里程计: ENU(0.21, -0.02, -0.06) -> NED(-0.02, 0.21, 0.06)
[fastlio_bridge_node-2] [INFO] [1786825412.019644349] [fastlio_bridge_node]: 已桥接并转换里程计: ENU(0.21, -0.02, -0.06) -> NED(-0.02, 0.21, 0.06)
[fastlio_bridge_node-2] [INFO] [1786825412.021761055] [fastlio_bridge_node]: 已桥接并转换里程计: ENU(0.21, -0.02, -0.06) -> NED(-0.02, 0.21, 0.06)
[fastlio_bridge_node-2] [INFO] [1786825412.027670873] [fastlio_bridge_node]: 已桥接并转换里程计: ENU(0.21, -0.02, -0.06) -> NED(-0.02, 0.21, 0.06)
[fastlio_bridge_node-2] [INFO] [1786825412.034843700] [fastlio_bridge_node]: 已桥接并转换里程计: ENU(0.21, -0.02, -0.06) -> NED(-0.02, 0.21, 0.06)
[fastlio_bridge_node-2] [INFO] [1786825412.041768013] [fastlio_bridge_node]: 已桥接并转换里程计: ENU(0.21, -0.02, -0.06) -> NED(-0.02, 0.21, 0.06)
[fastlio_bridge_node-2] [INFO] [1786825412.042156621] [fastlio_bridge_node]: 已桥接并转换里程计: ENU(0.21, -0.02, -0.06) -> NED(-0.02, 0.21, 0.06)
[fastlio_bridge_node-2] [INFO] [1786825412.046567398] [fastlio_bridge_node]: 已桥接并转换里程计: ENU(0.21, -0.02, -0.06) -> NED(-0.02, 0.21, 0.06)
[fastlio_bridge_node-2] [INFO] [1786825412.051715436] [fastlio_bridge_node]: 已桥接并转换里程计: ENU(0.21, -0.02, -0.06) -> NED(-0.02, 0.21, 0.06)
[fastlio_bridge_node-2] [INFO] [1786825412.057769898] [fastlio_bridge_node]: 已桥接并转换里程计: ENU(0.21, -0.02, -0.06) -> NED(-0.02, 0.21, 0.06)
[fastlio_bridge_node-2] [INFO] [1786825412.061819554] [fastlio_bridge_node]: 已桥接并转换里程计: ENU(0.21, -0.02, -0.06) -> NED(-0.02, 0.21, 0.06)
[fastlio_bridge_node-2] [INFO] [1786825412.068227618] [fastlio_bridge_node]: 已桥接并转换里程计: ENU(0.21, -0.02, -0.06) -> NED(-0.02, 0.21, 0.06)
[fastlio_bridge_node-2] [INFO] [1786825412.071758203] [fastlio_bridge_node]: 已桥接并转换里程计: ENU(0.21, -0.02, -0.06) -> NED(-0.02, 0.21, 0.06)
[fastlio_bridge_node-2] [INFO] [1786825412.078160179] [fastlio_bridge_node]: 已桥接并转换里程计: ENU(0.21, -0.02, -0.06) -> NED(-0.02, 0.21, 0.06)
[fastlio_bridge_node-2] [INFO] [1786825412.083551908] [fastlio_bridge_node]: 已桥接并转换里程计: ENU(0.21, -0.02, -0.06) -> NED(-0.02, 0.21, 0.06)
[fastlio_bridge_node-2] [INFO] [1786825412.086745382] [fastlio_bridge_node]: 已桥接并转换里程计: ENU(0.21, -0.02, -0.06) -> NED(-0.02, 0.21, 0.06)
[fastlio_bridge_node-2] [INFO] [1786825412.090543246] [fastlio_bridge_node]: 已桥接并转换里程计: ENU(0.21, -0.02, -0.06) -> NED(-0.02, 0.21, 0.06)
[fastlio_bridge_node-2] [INFO] [1786825412.097540546] [fastlio_bridge_node]: 已桥接并转换里程计: ENU(0.21, -0.02, -0.06) -> NED(-0.02, 0.21, 0.06)
[offboard_waypoint_node-1] [INFO] [1786825412.287457122] [offboard_waypoint_node]: [HOLD_ERROR] position_error=0.002 velocity=0.004 state=IDLE_HOLD
[rviz2-13] [INFO] [1786825412.540491054] [rviz2]: Message Filter dropping message: frame 'odom' at time 1786825411.480 for reason 'discarding message because the queue is full'
[offboard_waypoint_node-1] [INFO] [1786825412.587947903] [offboard_waypoint_node]: [CONTROL_ARBITER] selected_source=safety_hold state=IDLE_HOLD
[race_ego_cloud_bridge-8] [INFO] [1786825412.666262807] [race_ego_cloud_bridge]: [EGO_STATIC_MAP_READY] topic=/saved_map frame=map points=11417 fused=true
[ego_planner_node-10] [FSM]: state: WAIT_TARGET
[ego_planner_node-10] wait for goal or trigger.
[super_planner_ros2_node-6] [INFO] [1786825412.888200287] [super_planner_ros2_node]: SUPER_ROS2 mode=IDLE enable_output=false reason=WAIT_ALTITUDE_REFERENCE odom=(0.21,-0.02,-0.06) goal=none tracking_setpoint_enu=(0.21,-0.02,-0.06) setpoint_ned=none yaw(desired/cmd/rate)=(0.00/0.00/0.00) cross_track=0.00 frame_id=px4_ned path_points=0 odom_source=/race/odom cloud_source=/saved_map mavros_connected=true
[offboard_waypoint_node-1] [INFO] [1786825413.289375246] [offboard_waypoint_node]: [HOLD_ERROR] position_error=0.002 velocity=0.003 state=IDLE_HOLD
[race_ego_trajectory_bridge-12] [INFO] [1786825413.427984223] [race_ego_trajectory_bridge]: [EGO_OCCUPANCY_MAP] topic=/race/ego/cloud frame=map raw_points=16800 map_age=0.011
[offboard_waypoint_node-1] [INFO] [1786825413.589495848] [offboard_waypoint_node]: [CONTROL_ARBITER] selected_source=safety_hold state=IDLE_HOLD
[race_ego_cloud_bridge-8] [INFO] [1786825413.614849580] [race_ego_cloud_bridge]: [EGO_MAP_FUSION] static_points=11417 live_raw_points=17682 confirmed_live_voxels=5800 min_observations=2 memory_sec=1.00 fused_points=17217
[race_ego_cloud_bridge-8] [INFO] [1786825413.615264020] [race_ego_cloud_bridge]: [EGO_MAP_INPUT] topic=/race/ego/cloud frame=map points=17217 source=static_live_px4 refresh_period=0.00s
[ego_planner_node-10] [INFO] [1786825413.625011332] [race_ego_planner]: [EGO_OCCUPANCY_UPDATE] input_topic=grid_map/cloud input_frame=map occupancy_frame=map cloud_points=17217 local_points=9654 occupied_voxels=23970 camera=(0.207,-0.014,-0.060) local_index_bounds=[(47,44,0),(117,116,8)]
[ego_planner_node-10] [FSM]: state: WAIT_TARGET
[ego_planner_node-10] wait for goal or trigger.
[super_planner_ros2_node-6] [INFO] [1786825413.889493050] [super_planner_ros2_node]: SUPER_ROS2 mode=IDLE enable_output=false reason=WAIT_ALTITUDE_REFERENCE odom=(0.21,-0.01,-0.06) goal=none tracking_setpoint_enu=(0.21,-0.01,-0.06) setpoint_ned=none yaw(desired/cmd/rate)=(0.00/0.00/0.00) cross_track=0.00 frame_id=px4_ned path_points=0 odom_source=/race/odom cloud_source=/saved_map mavros_connected=true
[fastlio_bridge_node-2] [INFO] [1786825414.004461242] [fastlio_bridge_node]: 已桥接并转换里程计: ENU(0.21, -0.01, -0.06) -> NED(-0.01, 0.21, 0.06)
[fastlio_bridge_node-2] [INFO] [1786825414.006183558] [fastlio_bridge_node]: 已桥接并转换里程计: ENU(0.21, -0.01, -0.06) -> NED(-0.01, 0.21, 0.06)
[fastlio_bridge_node-2] [INFO] [1786825414.010863181] [fastlio_bridge_node]: 已桥接并转换里程计: ENU(0.21, -0.01, -0.06) -> NED(-0.01, 0.21, 0.06)
[fastlio_bridge_node-2] [INFO] [1786825414.015312959] [fastlio_bridge_node]: 已桥接并转换里程计: ENU(0.21, -0.01, -0.06) -> NED(-0.01, 0.21, 0.06)
[fastlio_bridge_node-2] [INFO] [1786825414.019842321] [fastlio_bridge_node]: 已桥接并转换里程计: ENU(0.21, -0.01, -0.06) -> NED(-0.01, 0.21, 0.06)
[fastlio_bridge_node-2] [INFO] [1786825414.024171344] [fastlio_bridge_node]: 已桥接并转换里程计: ENU(0.21, -0.01, -0.06) -> NED(-0.01, 0.21, 0.06)
[fastlio_bridge_node-2] [INFO] [1786825414.030012605] [fastlio_bridge_node]: 已桥接并转换里程计: ENU(0.21, -0.01, -0.06) -> NED(-0.01, 0.21, 0.06)
[fastlio_bridge_node-2] [INFO] [1786825414.034749993] [fastlio_bridge_node]: 已桥接并转换里程计: ENU(0.21, -0.01, -0.06) -> NED(-0.01, 0.21, 0.06)
[fastlio_bridge_node-2] [INFO] [1786825414.040375742] [fastlio_bridge_node]: 已桥接并转换里程计: ENU(0.21, -0.01, -0.06) -> NED(-0.01, 0.21, 0.06)
[fastlio_bridge_node-2] [INFO] [1786825414.044976082] [fastlio_bridge_node]: 已桥接并转换里程计: ENU(0.21, -0.01, -0.06) -> NED(-0.01, 0.21, 0.06)
[fastlio_bridge_node-2] [INFO] [1786825414.052415111] [fastlio_bridge_node]: 已桥接并转换里程计: ENU(0.21, -0.01, -0.06) -> NED(-0.01, 0.21, 0.06)
[fastlio_bridge_node-2] [INFO] [1786825414.054184200] [fastlio_bridge_node]: 已桥接并转换里程计: ENU(0.21, -0.01, -0.06) -> NED(-0.01, 0.21, 0.06)
[fastlio_bridge_node-2] [INFO] [1786825414.060880484] [fastlio_bridge_node]: 已桥接并转换里程计: ENU(0.21, -0.01, -0.06) -> NED(-0.01, 0.21, 0.06)
[fastlio_bridge_node-2] [INFO] [1786825414.064140735] [fastlio_bridge_node]: 已桥接并转换里程计: ENU(0.21, -0.01, -0.06) -> NED(-0.01, 0.21, 0.06)
[fastlio_bridge_node-2] [INFO] [1786825414.072169383] [fastlio_bridge_node]: 已桥接并转换里程计: ENU(0.21, -0.01, -0.06) -> NED(-0.01, 0.21, 0.06)
[fastlio_bridge_node-2] [INFO] [1786825414.074191120] [fastlio_bridge_node]: 已桥接并转换里程计: ENU(0.21, -0.01, -0.06) -> NED(-0.01, 0.21, 0.06)
[fastlio_bridge_node-2] [INFO] [1786825414.081947012] [fastlio_bridge_node]: 已桥接并转换里程计: ENU(0.21, -0.01, -0.06) -> NED(-0.01, 0.21, 0.06)
[fastlio_bridge_node-2] [INFO] [1786825414.086121740] [fastlio_bridge_node]: 已桥接并转换里程计: ENU(0.21, -0.01, -0.06) -> NED(-0.01, 0.21, 0.06)
[fastlio_bridge_node-2] [INFO] [1786825414.092995734] [fastlio_bridge_node]: 已桥接并转换里程计: ENU(0.21, -0.01, -0.06) -> NED(-0.01, 0.21, 0.06)
[fastlio_bridge_node-2] [INFO] [1786825414.094644532] [fastlio_bridge_node]: 已桥接并转换里程计: ENU(0.21, -0.01, -0.06) -> NED(-0.01, 0.21, 0.06)
[offboard_waypoint_node-1] [INFO] [1786825414.290252075] [offboard_waypoint_node]: [HOLD_ERROR] position_error=0.002 velocity=0.002 state=IDLE_HOLD
[offboard_waypoint_node-1] [INFO] [1786825414.591344960] [offboard_waypoint_node]: [CONTROL_ARBITER] selected_source=safety_hold state=IDLE_HOLD
[race_ego_cloud_bridge-8] [INFO] [1786825414.667861263] [race_ego_cloud_bridge]: [EGO_STATIC_MAP_READY] topic=/saved_map frame=map points=11417 fused=true
[ego_planner_node-10] [FSM]: state: WAIT_TARGET
[ego_planner_node-10] wait for goal or trigger.
[super_planner_ros2_node-6] [INFO] [1786825414.890880203] [super_planner_ros2_node]: SUPER_ROS2 mode=IDLE enable_output=false reason=WAIT_ALTITUDE_REFERENCE odom=(0.21,-0.01,-0.06) goal=none tracking_setpoint_enu=(0.21,-0.01,-0.06) setpoint_ned=none yaw(desired/cmd/rate)=(0.00/0.00/0.00) cross_track=0.00 frame_id=px4_ned path_points=0 odom_source=/race/odom cloud_source=/saved_map mavros_connected=true
[rviz2-13] [INFO] [1786825415.167742181] [rviz2]: Message Filter dropping message: frame 'odom' at time 1786825414.082 for reason 'discarding message because the queue is full'
[offboard_waypoint_node-1] [INFO] [1786825415.291647345] [offboard_waypoint_node]: [HOLD_ERROR] position_error=0.001 velocity=0.002 state=IDLE_HOLD
[race_ego_trajectory_bridge-12] [INFO] [1786825415.513878519] [race_ego_trajectory_bridge]: [EGO_OCCUPANCY_MAP] topic=/race/ego/cloud frame=map raw_points=17757 map_age=0.008
[offboard_waypoint_node-1] [INFO] [1786825415.592154371] [offboard_waypoint_node]: [CONTROL_ARBITER] selected_source=safety_hold state=IDLE_HOLD
[race_ego_cloud_bridge-8] [INFO] [1786825415.720057293] [race_ego_cloud_bridge]: [EGO_MAP_FUSION] static_points=11417 live_raw_points=17679 confirmed_live_voxels=6380 min_observations=2 memory_sec=1.00 fused_points=17797
[race_ego_cloud_bridge-8] [INFO] [1786825415.720337069] [race_ego_cloud_bridge]: [EGO_MAP_INPUT] topic=/race/ego/cloud frame=map points=17797 source=static_live_px4 refresh_period=0.00s
[ego_planner_node-10] [INFO] [1786825415.731421784] [race_ego_planner]: [EGO_OCCUPANCY_UPDATE] input_topic=grid_map/cloud input_frame=map occupancy_frame=map cloud_points=17797 local_points=10021 occupied_voxels=23859 camera=(0.207,-0.013,-0.061) local_index_bounds=[(47,44,0),(117,116,8)]
[super_planner_ros2_node-6] [INFO] [1786825415.891967062] [super_planner_ros2_node]: SUPER_ROS2 mode=IDLE enable_output=false reason=WAIT_ALTITUDE_REFERENCE odom=(0.21,-0.01,-0.06) goal=none tracking_setpoint_enu=(0.21,-0.01,-0.06) setpoint_ned=none yaw(desired/cmd/rate)=(0.00/0.00/0.00) cross_track=0.00 frame_id=px4_ned path_points=0 odom_source=/race/odom cloud_source=/saved_map mavros_connected=true
[ego_planner_node-10] [FSM]: state: WAIT_TARGET
[ego_planner_node-10] wait for goal or trigger.
[fastlio_bridge_node-2] [INFO] [1786825416.002840171] [fastlio_bridge_node]: 已桥接并转换里程计: ENU(0.21, -0.02, -0.06) -> NED(-0.02, 0.21, 0.06)
[fastlio_bridge_node-2] [INFO] [1786825416.007204836] [fastlio_bridge_node]: 已桥接并转换里程计: ENU(0.21, -0.02, -0.06) -> NED(-0.02, 0.21, 0.06)
[fastlio_bridge_node-2] [INFO] [1786825416.012052288] [fastlio_bridge_node]: 已桥接并转换里程计: ENU(0.21, -0.02, -0.06) -> NED(-0.02, 0.21, 0.06)
[fastlio_bridge_node-2] [INFO] [1786825416.016763341] [fastlio_bridge_node]: 已桥接并转换里程计: ENU(0.21, -0.02, -0.06) -> NED(-0.02, 0.21, 0.06)
[fastlio_bridge_node-2] [INFO] [1786825416.023623567] [fastlio_bridge_node]: 已桥接并转换里程计: ENU(0.21, -0.02, -0.06) -> NED(-0.02, 0.21, 0.06)
[fastlio_bridge_node-2] [INFO] [1786825416.026860823] [fastlio_bridge_node]: 已桥接并转换里程计: ENU(0.21, -0.02, -0.06) -> NED(-0.02, 0.21, 0.06)
[fastlio_bridge_node-2] [INFO] [1786825416.035475107] [fastlio_bridge_node]: 已桥接并转换里程计: ENU(0.21, -0.02, -0.06) -> NED(-0.02, 0.21, 0.06)
[fastlio_bridge_node-2] [INFO] [1786825416.039929142] [fastlio_bridge_node]: 已桥接并转换里程计: ENU(0.21, -0.02, -0.06) -> NED(-0.02, 0.21, 0.06)
[fastlio_bridge_node-2] [INFO] [1786825416.042679326] [fastlio_bridge_node]: 已桥接并转换里程计: ENU(0.21, -0.02, -0.06) -> NED(-0.02, 0.21, 0.06)
[fastlio_bridge_node-2] [INFO] [1786825416.048070332] [fastlio_bridge_node]: 已桥接并转换里程计: ENU(0.21, -0.02, -0.06) -> NED(-0.02, 0.21, 0.06)
[fastlio_bridge_node-2] [INFO] [1786825416.053571230] [fastlio_bridge_node]: 已桥接并转换里程计: ENU(0.21, -0.02, -0.06) -> NED(-0.02, 0.21, 0.06)
[fastlio_bridge_node-2] [INFO] [1786825416.057626862] [fastlio_bridge_node]: 已桥接并转换里程计: ENU(0.21, -0.02, -0.06) -> NED(-0.02, 0.21, 0.06)
[fastlio_bridge_node-2] [INFO] [1786825416.063445108] [fastlio_bridge_node]: 已桥接并转换里程计: ENU(0.21, -0.02, -0.06) -> NED(-0.02, 0.21, 0.06)
[fastlio_bridge_node-2] [INFO] [1786825416.067563151] [fastlio_bridge_node]: 已桥接并转换里程计: ENU(0.21, -0.02, -0.06) -> NED(-0.02, 0.21, 0.06)
[fastlio_bridge_node-2] [INFO] [1786825416.072969147] [fastlio_bridge_node]: 已桥接并转换里程计: ENU(0.21, -0.02, -0.06) -> NED(-0.02, 0.21, 0.06)
[fastlio_bridge_node-2] [INFO] [1786825416.077784453] [fastlio_bridge_node]: 已桥接并转换里程计: ENU(0.21, -0.02, -0.06) -> NED(-0.02, 0.21, 0.06)
[fastlio_bridge_node-2] [INFO] [1786825416.082214512] [fastlio_bridge_node]: 已桥接并转换里程计: ENU(0.21, -0.02, -0.06) -> NED(-0.02, 0.21, 0.06)
[fastlio_bridge_node-2] [INFO] [1786825416.087717974] [fastlio_bridge_node]: 已桥接并转换里程计: ENU(0.21, -0.02, -0.06) -> NED(-0.02, 0.21, 0.06)
[fastlio_bridge_node-2] [INFO] [1786825416.098371087] [fastlio_bridge_node]: 已桥接并转换里程计: ENU(0.21, -0.02, -0.06) -> NED(-0.02, 0.21, 0.06)
[offboard_waypoint_node-1] [INFO] [1786825416.292720207] [offboard_waypoint_node]: [HOLD_ERROR] position_error=0.003 velocity=0.002 state=IDLE_HOLD
[offboard_waypoint_node-1] [INFO] [1786825416.597074501] [offboard_waypoint_node]: [CONTROL_ARBITER] selected_source=safety_hold state=IDLE_HOLD
[race_ego_cloud_bridge-8] [INFO] [1786825416.670523621] [race_ego_cloud_bridge]: [EGO_STATIC_MAP_READY] topic=/saved_map frame=map points=11417 fused=true
[super_planner_ros2_node-6] [INFO] [1786825416.893122252] [super_planner_ros2_node]: SUPER_ROS2 mode=IDLE enable_output=false reason=WAIT_ALTITUDE_REFERENCE odom=(0.21,-0.02,-0.06) goal=none tracking_setpoint_enu=(0.21,-0.02,-0.06) setpoint_ned=none yaw(desired/cmd/rate)=(0.00/0.00/0.00) cross_track=0.00 frame_id=px4_ned path_points=0 odom_source=/race/odom cloud_source=/saved_map mavros_connected=true
[ego_planner_node-10] [FSM]: state: WAIT_TARGET
[ego_planner_node-10] wait for goal or trigger.
[offboard_waypoint_node-1] [INFO] [1786825417.294603009] [offboard_waypoint_node]: [HOLD_ERROR] position_error=0.001 velocity=0.003 state=IDLE_HOLD
[race_ego_trajectory_bridge-12] [INFO] [1786825417.519478467] [race_ego_trajectory_bridge]: [EGO_OCCUPANCY_MAP] topic=/race/ego/cloud frame=map raw_points=17964 map_age=0.008
[offboard_waypoint_node-1] [INFO] [1786825417.644397046] [offboard_waypoint_node]: [CONTROL_ARBITER] selected_source=safety_hold state=IDLE_HOLD
[rviz2-13] [INFO] [1786825417.723184129] [rviz2]: Message Filter dropping message: frame 'odom' at time 1786825416.681 for reason 'discarding message because the queue is full'
[super_planner_ros2_node-6] [INFO] [1786825417.894131967] [super_planner_ros2_node]: SUPER_ROS2 mode=IDLE enable_output=false reason=WAIT_ALTITUDE_REFERENCE odom=(0.21,-0.01,-0.06) goal=none tracking_setpoint_enu=(0.21,-0.01,-0.06) setpoint_ned=none yaw(desired/cmd/rate)=(0.00/0.00/0.00) cross_track=0.00 frame_id=px4_ned path_points=0 odom_source=/race/odom cloud_source=/saved_map mavros_connected=true
[race_ego_cloud_bridge-8] [INFO] [1786825417.911216534] [race_ego_cloud_bridge]: [EGO_MAP_FUSION] static_points=11417 live_raw_points=17633 confirmed_live_voxels=6333 min_observations=2 memory_sec=1.00 fused_points=17750
[race_ego_cloud_bridge-8] [INFO] [1786825417.911595236] [race_ego_cloud_bridge]: [EGO_MAP_INPUT] topic=/race/ego/cloud frame=map points=17750 source=static_live_px4 refresh_period=0.00s
[ego_planner_node-10] [INFO] [1786825417.932215839] [race_ego_planner]: [EGO_OCCUPANCY_UPDATE] input_topic=grid_map/cloud input_frame=map occupancy_frame=map cloud_points=17750 local_points=9786 occupied_voxels=23786 camera=(0.206,-0.015,-0.062) local_index_bounds=[(47,44,0),(117,116,8)]
[fastlio_bridge_node-2] [INFO] [1786825418.001761475] [fastlio_bridge_node]: 已桥接并转换里程计: ENU(0.21, -0.01, -0.06) -> NED(-0.01, 0.21, 0.06)
[fastlio_bridge_node-2] [INFO] [1786825418.005082095] [fastlio_bridge_node]: 已桥接并转换里程计: ENU(0.21, -0.01, -0.06) -> NED(-0.01, 0.21, 0.06)
[fastlio_bridge_node-2] [INFO] [1786825418.010942747] [fastlio_bridge_node]: 已桥接并转换里程计: ENU(0.21, -0.01, -0.06) -> NED(-0.01, 0.21, 0.06)
[fastlio_bridge_node-2] [INFO] [1786825418.016276388] [fastlio_bridge_node]: 已桥接并转换里程计: ENU(0.21, -0.01, -0.06) -> NED(-0.01, 0.21, 0.06)
[fastlio_bridge_node-2] [INFO] [1786825418.023121511] [fastlio_bridge_node]: 已桥接并转换里程计: ENU(0.21, -0.01, -0.06) -> NED(-0.01, 0.21, 0.06)
[fastlio_bridge_node-2] [INFO] [1786825418.026509212] [fastlio_bridge_node]: 已桥接并转换里程计: ENU(0.21, -0.01, -0.06) -> NED(-0.01, 0.21, 0.06)
[fastlio_bridge_node-2] [INFO] [1786825418.028701358] [fastlio_bridge_node]: 已桥接并转换里程计: ENU(0.21, -0.01, -0.06) -> NED(-0.01, 0.21, 0.06)
[fastlio_bridge_node-2] [INFO] [1786825418.035939146] [fastlio_bridge_node]: 已桥接并转换里程计: ENU(0.21, -0.01, -0.06) -> NED(-0.01, 0.21, 0.06)
[ego_planner_node-10] [FSM]: state: WAIT_TARGET
[ego_planner_node-10] wait for goal or trigger.
[fastlio_bridge_node-2] [INFO] [1786825418.040564658] [fastlio_bridge_node]: 已桥接并转换里程计: ENU(0.21, -0.01, -0.06) -> NED(-0.01, 0.21, 0.06)
[fastlio_bridge_node-2] [INFO] [1786825418.044280003] [fastlio_bridge_node]: 已桥接并转换里程计: ENU(0.21, -0.01, -0.06) -> NED(-0.01, 0.21, 0.06)
[fastlio_bridge_node-2] [INFO] [1786825418.051090949] [fastlio_bridge_node]: 已桥接并转换里程计: ENU(0.21, -0.01, -0.06) -> NED(-0.01, 0.21, 0.06)
[fastlio_bridge_node-2] [INFO] [1786825418.055227899] [fastlio_bridge_node]: 已桥接并转换里程计: ENU(0.21, -0.01, -0.06) -> NED(-0.01, 0.21, 0.06)
[fastlio_bridge_node-2] [INFO] [1786825418.063317252] [fastlio_bridge_node]: 已桥接并转换里程计: ENU(0.21, -0.01, -0.06) -> NED(-0.01, 0.21, 0.06)
[fastlio_bridge_node-2] [INFO] [1786825418.065571541] [fastlio_bridge_node]: 已桥接并转换里程计: ENU(0.21, -0.01, -0.06) -> NED(-0.01, 0.21, 0.06)
[fastlio_bridge_node-2] [INFO] [1786825418.069038574] [fastlio_bridge_node]: 已桥接并转换里程计: ENU(0.21, -0.01, -0.06) -> NED(-0.01, 0.21, 0.06)
[fastlio_bridge_node-2] [INFO] [1786825418.074604273] [fastlio_bridge_node]: 已桥接并转换里程计: ENU(0.21, -0.01, -0.06) -> NED(-0.01, 0.21, 0.06)
[fastlio_bridge_node-2] [INFO] [1786825418.079303708] [fastlio_bridge_node]: 已桥接并转换里程计: ENU(0.21, -0.02, -0.06) -> NED(-0.02, 0.21, 0.06)
[fastlio_bridge_node-2] [INFO] [1786825418.085063224] [fastlio_bridge_node]: 已桥接并转换里程计: ENU(0.21, -0.02, -0.06) -> NED(-0.02, 0.21, 0.06)
[fastlio_bridge_node-2] [INFO] [1786825418.090255681] [fastlio_bridge_node]: 已桥接并转换里程计: ENU(0.21, -0.02, -0.06) -> NED(-0.02, 0.21, 0.06)
[fastlio_bridge_node-2] [INFO] [1786825418.096698553] [fastlio_bridge_node]: 已桥接并转换里程计: ENU(0.21, -0.02, -0.06) -> NED(-0.02, 0.21, 0.06)
[fastlio_bridge_node-2] [INFO] [1786825418.099566942] [fastlio_bridge_node]: 已桥接并转换里程计: ENU(0.21, -0.02, -0.06) -> NED(-0.02, 0.21, 0.06)
[offboard_waypoint_node-1] [INFO] [1786825418.294859225] [offboard_waypoint_node]: [HOLD_ERROR] position_error=0.002 velocity=0.002 state=IDLE_HOLD
[offboard_waypoint_node-1] [INFO] [1786825418.575133483] [offboard_waypoint_node]: [EV_FLIGHT_READY] ready=0 continuous_ready=0.00s
[offboard_waypoint_node-1] [WARN] [1786825418.594822052] [offboard_waypoint_node]: [GROUND_REFERENCE_INVALIDATED] EV is no longer continuously healthy while disarmed
[offboard_waypoint_node-1] [WARN] [1786825418.594858246] [offboard_waypoint_node]: [CONTROL_STATE] IDLE_HOLD -> WAITING_FOR_ODOM: waiting for continuous EV health before initial hold
[offboard_waypoint_node-1] [INFO] [1786825418.594864020] [offboard_waypoint_node]: [EV_HOLD_WAIT] continuous_healthy=0.00s required=7.50s
[offboard_waypoint_node-1] [INFO] [1786825418.601297473] [offboard_waypoint_node]: [EV_HEALTH] state=SUSPECT continuous_healthy=0.00s
[offboard_waypoint_node-1] [INFO] [1786825418.608417567] [offboard_waypoint_node]: [EV_FLIGHT_READY] ready=1 continuous_ready=0.00s
[offboard_waypoint_node-1] [INFO] [1786825418.645163414] [offboard_waypoint_node]: [CONTROL_ARBITER] selected_source=waiting_for_ev_ground_reference state=WAITING_FOR_ODOM
[race_ego_cloud_bridge-8] [INFO] [1786825418.672556690] [race_ego_cloud_bridge]: [EGO_STATIC_MAP_READY] topic=/saved_map frame=map points=11417 fused=true
[super_planner_ros2_node-6] [INFO] [1786825418.895157986] [super_planner_ros2_node]: SUPER_ROS2 mode=IDLE enable_output=false reason=WAIT_ALTITUDE_REFERENCE odom=(0.20,-0.02,-0.07) goal=none tracking_setpoint_enu=(0.20,-0.02,-0.07) setpoint_ned=none yaw(desired/cmd/rate)=(0.00/0.00/0.00) cross_track=0.00 frame_id=px4_ned path_points=0 odom_source=/race/odom cloud_source=/saved_map mavros_connected=true
[ego_planner_node-10] [FSM]: state: WAIT_TARGET
[ego_planner_node-10] wait for goal or trigger.
[race_ego_trajectory_bridge-12] [INFO] [1786825419.546910523] [race_ego_trajectory_bridge]: [EGO_OCCUPANCY_MAP] topic=/race/ego/cloud frame=map raw_points=17097 map_age=0.007
[offboard_waypoint_node-1] [INFO] [1786825419.599298400] [offboard_waypoint_node]: [EV_HOLD_WAIT] continuous_healthy=0.99s required=7.50s
[offboard_waypoint_node-1] [INFO] [1786825419.646370059] [offboard_waypoint_node]: [CONTROL_ARBITER] selected_source=waiting_for_ev_ground_reference state=WAITING_FOR_ODOM
[super_planner_ros2_node-6] [INFO] [1786825419.896153331] [super_planner_ros2_node]: SUPER_ROS2 mode=IDLE enable_output=false reason=WAIT_ALTITUDE_REFERENCE odom=(0.21,-0.02,-0.06) goal=none tracking_setpoint_enu=(0.21,-0.02,-0.06) setpoint_ned=none yaw(desired/cmd/rate)=(0.00/0.00/0.00) cross_track=0.00 frame_id=px4_ned path_points=0 odom_source=/race/odom cloud_source=/saved_map mavros_connected=true
[race_ego_cloud_bridge-8] [INFO] [1786825419.914648623] [race_ego_cloud_bridge]: [EGO_MAP_FUSION] static_points=11417 live_raw_points=17777 confirmed_live_voxels=5702 min_observations=2 memory_sec=1.00 fused_points=17119
[race_ego_cloud_bridge-8] [INFO] [1786825419.915024550] [race_ego_cloud_bridge]: [EGO_MAP_INPUT] topic=/race/ego/cloud frame=map points=17119 source=static_live_px4 refresh_period=0.00s
[fastlio_bridge_node-2] [INFO] [1786825420.000172804] [fastlio_bridge_node]: 已桥接并转换里程计: ENU(0.21, -0.02, -0.06) -> NED(-0.02, 0.21, 0.06)
[fastlio_bridge_node-2] [INFO] [1786825420.002143268] [fastlio_bridge_node]: 已桥接并转换里程计: ENU(0.21, -0.02, -0.06) -> NED(-0.02, 0.21, 0.06)
[fastlio_bridge_node-2] [INFO] [1786825420.008372455] [fastlio_bridge_node]: 已桥接并转换里程计: ENU(0.21, -0.02, -0.06) -> NED(-0.02, 0.21, 0.06)
[fastlio_bridge_node-2] [INFO] [1786825420.010884223] [fastlio_bridge_node]: 已桥接并转换里程计: ENU(0.21, -0.02, -0.06) -> NED(-0.02, 0.21, 0.06)
[fastlio_bridge_node-2] [INFO] [1786825420.016206443] [fastlio_bridge_node]: 已桥接并转换里程计: ENU(0.21, -0.02, -0.06) -> NED(-0.02, 0.21, 0.06)
[fastlio_bridge_node-2] [INFO] [1786825420.020989463] [fastlio_bridge_node]: 已桥接并转换里程计: ENU(0.21, -0.02, -0.06) -> NED(-0.02, 0.21, 0.06)
[fastlio_bridge_node-2] [INFO] [1786825420.028274546] [fastlio_bridge_node]: 已桥接并转换里程计: ENU(0.21, -0.02, -0.06) -> NED(-0.02, 0.21, 0.06)
[fastlio_bridge_node-2] [INFO] [1786825420.030886064] [fastlio_bridge_node]: 已桥接并转换里程计: ENU(0.21, -0.02, -0.06) -> NED(-0.02, 0.21, 0.06)
[fastlio_bridge_node-2] [INFO] [1786825420.038916845] [fastlio_bridge_node]: 已桥接并转换里程计: ENU(0.21, -0.02, -0.06) -> NED(-0.02, 0.21, 0.06)
[fastlio_bridge_node-2] [INFO] [1786825420.041254995] [fastlio_bridge_node]: 已桥接并转换里程计: ENU(0.21, -0.02, -0.06) -> NED(-0.02, 0.21, 0.06)
[fastlio_bridge_node-2] [INFO] [1786825420.046536373] [fastlio_bridge_node]: 已桥接并转换里程计: ENU(0.21, -0.02, -0.06) -> NED(-0.02, 0.21, 0.06)
[fastlio_bridge_node-2] [INFO] [1786825420.052247002] [fastlio_bridge_node]: 已桥接并转换里程计: ENU(0.21, -0.02, -0.06) -> NED(-0.02, 0.21, 0.06)
[fastlio_bridge_node-2] [INFO] [1786825420.058414857] [fastlio_bridge_node]: 已桥接并转换里程计: ENU(0.21, -0.02, -0.06) -> NED(-0.02, 0.21, 0.06)
[fastlio_bridge_node-2] [INFO] [1786825420.061433966] [fastlio_bridge_node]: 已桥接并转换里程计: ENU(0.21, -0.02, -0.06) -> NED(-0.02, 0.21, 0.06)
[fastlio_bridge_node-2] [INFO] [1786825420.066752434] [fastlio_bridge_node]: 已桥接并转换里程计: ENU(0.21, -0.02, -0.06) -> NED(-0.02, 0.21, 0.06)
[fastlio_bridge_node-2] [INFO] [1786825420.070411882] [fastlio_bridge_node]: 已桥接并转换里程计: ENU(0.21, -0.02, -0.06) -> NED(-0.02, 0.21, 0.06)
[fastlio_bridge_node-2] [INFO] [1786825420.080691142] [fastlio_bridge_node]: 已桥接并转换里程计: ENU(0.21, -0.02, -0.06) -> NED(-0.02, 0.21, 0.06)
[fastlio_bridge_node-2] [INFO] [1786825420.082858444] [fastlio_bridge_node]: 已桥接并转换里程计: ENU(0.21, -0.02, -0.06) -> NED(-0.02, 0.21, 0.06)
[fastlio_bridge_node-2] [INFO] [1786825420.089170124] [fastlio_bridge_node]: 已桥接并转换里程计: ENU(0.21, -0.02, -0.06) -> NED(-0.02, 0.21, 0.06)
[fastlio_bridge_node-2] [INFO] [1786825420.091289566] [fastlio_bridge_node]: 已桥接并转换里程计: ENU(0.21, -0.02, -0.06) -> NED(-0.02, 0.21, 0.06)
[ego_planner_node-10] [INFO] [1786825420.138302028] [race_ego_planner]: [EGO_OCCUPANCY_UPDATE] input_topic=grid_map/cloud input_frame=map occupancy_frame=map cloud_points=17483 local_points=9780 occupied_voxels=23829 camera=(0.206,-0.015,-0.062) local_index_bounds=[(47,44,0),(117,116,8)]
[rviz2-13] [INFO] [1786825420.342643177] [rviz2]: Message Filter dropping message: frame 'odom' at time 1786825419.281 for reason 'discarding message because the queue is full'
[ego_planner_node-10] [FSM]: state: WAIT_TARGET
[ego_planner_node-10] wait for goal or trigger.
[offboard_waypoint_node-1] [INFO] [1786825420.646768095] [offboard_waypoint_node]: [EV_HOLD_WAIT] continuous_healthy=2.04s required=7.50s
[offboard_waypoint_node-1] [INFO] [1786825420.646912978] [offboard_waypoint_node]: [CONTROL_ARBITER] selected_source=waiting_for_ev_ground_reference state=WAITING_FOR_ODOM
[race_ego_cloud_bridge-8] [INFO] [1786825420.675835041] [race_ego_cloud_bridge]: [EGO_STATIC_MAP_READY] topic=/saved_map frame=map points=11417 fused=true
[super_planner_ros2_node-6] [INFO] [1786825420.896874001] [super_planner_ros2_node]: SUPER_ROS2 mode=IDLE enable_output=false reason=WAIT_ALTITUDE_REFERENCE odom=(0.21,-0.01,-0.06) goal=none tracking_setpoint_enu=(0.21,-0.01,-0.06) setpoint_ned=none yaw(desired/cmd/rate)=(0.00/0.00/0.00) cross_track=0.00 frame_id=px4_ned path_points=0 odom_source=/race/odom cloud_source=/saved_map mavros_connected=true
[ego_planner_node-10] [FSM]: state: WAIT_TARGET
[ego_planner_node-10] wait for goal or trigger.
[race_ego_trajectory_bridge-12] [INFO] [1786825421.628321172] [race_ego_trajectory_bridge]: [EGO_OCCUPANCY_MAP] topic=/race/ego/cloud frame=map raw_points=17419 map_age=0.008
[offboard_waypoint_node-1] [INFO] [1786825421.647472926] [offboard_waypoint_node]: [EV_HOLD_WAIT] continuous_healthy=3.04s required=7.50s
[offboard_waypoint_node-1] [INFO] [1786825421.647608238] [offboard_waypoint_node]: [CONTROL_ARBITER] selected_source=waiting_for_ev_ground_reference state=WAITING_FOR_ODOM
[super_planner_ros2_node-6] [INFO] [1786825421.897701112] [super_planner_ros2_node]: SUPER_ROS2 mode=IDLE enable_output=false reason=WAIT_ALTITUDE_REFERENCE odom=(0.21,-0.01,-0.06) goal=none tracking_setpoint_enu=(0.21,-0.01,-0.06) setpoint_ned=none yaw(desired/cmd/rate)=(0.00/0.00/0.00) cross_track=0.00 frame_id=px4_ned path_points=0 odom_source=/race/odom cloud_source=/saved_map mavros_connected=true
[fastlio_bridge_node-2] [INFO] [1786825422.003458714] [fastlio_bridge_node]: 已桥接并转换里程计: ENU(0.21, -0.01, -0.06) -> NED(-0.01, 0.21, 0.06)
[fastlio_bridge_node-2] [INFO] [1786825422.009049628] [fastlio_bridge_node]: 已桥接并转换里程计: ENU(0.21, -0.01, -0.06) -> NED(-0.01, 0.21, 0.06)
[fastlio_bridge_node-2] [INFO] [1786825422.013416514] [fastlio_bridge_node]: 已桥接并转换里程计: ENU(0.21, -0.01, -0.06) -> NED(-0.01, 0.21, 0.06)
[fastlio_bridge_node-2] [INFO] [1786825422.019758498] [fastlio_bridge_node]: 已桥接并转换里程计: ENU(0.21, -0.01, -0.06) -> NED(-0.01, 0.21, 0.06)
[fastlio_bridge_node-2] [INFO] [1786825422.025034838] [fastlio_bridge_node]: 已桥接并转换里程计: ENU(0.21, -0.01, -0.06) -> NED(-0.01, 0.21, 0.06)
[fastlio_bridge_node-2] [INFO] [1786825422.028783274] [fastlio_bridge_node]: 已桥接并转换里程计: ENU(0.21, -0.01, -0.06) -> NED(-0.01, 0.21, 0.06)
[race_ego_cloud_bridge-8] [INFO] [1786825422.031211930] [race_ego_cloud_bridge]: [EGO_MAP_FUSION] static_points=11417 live_raw_points=17679 confirmed_live_voxels=6031 min_observations=2 memory_sec=1.00 fused_points=17448
[race_ego_cloud_bridge-8] [INFO] [1786825422.031994406] [race_ego_cloud_bridge]: [EGO_MAP_INPUT] topic=/race/ego/cloud frame=map points=17448 source=static_live_px4 refresh_period=0.00s
[fastlio_bridge_node-2] [INFO] [1786825422.033715802] [fastlio_bridge_node]: 已桥接并转换里程计: ENU(0.21, -0.01, -0.06) -> NED(-0.01, 0.21, 0.06)
[fastlio_bridge_node-2] [INFO] [1786825422.039863346] [fastlio_bridge_node]: 已桥接并转换里程计: ENU(0.21, -0.01, -0.06) -> NED(-0.01, 0.21, 0.06)
[fastlio_bridge_node-2] [INFO] [1786825422.043630072] [fastlio_bridge_node]: 已桥接并转换里程计: ENU(0.21, -0.01, -0.06) -> NED(-0.01, 0.21, 0.06)
[fastlio_bridge_node-2] [INFO] [1786825422.049530343] [fastlio_bridge_node]: 已桥接并转换里程计: ENU(0.21, -0.01, -0.06) -> NED(-0.01, 0.21, 0.06)
[fastlio_bridge_node-2] [INFO] [1786825422.051956917] [fastlio_bridge_node]: 已桥接并转换里程计: ENU(0.21, -0.01, -0.06) -> NED(-0.01, 0.21, 0.06)
[fastlio_bridge_node-2] [INFO] [1786825422.058474976] [fastlio_bridge_node]: 已桥接并转换里程计: ENU(0.21, -0.01, -0.06) -> NED(-0.01, 0.21, 0.06)
[fastlio_bridge_node-2] [INFO] [1786825422.062685872] [fastlio_bridge_node]: 已桥接并转换里程计: ENU(0.21, -0.01, -0.06) -> NED(-0.01, 0.21, 0.06)
[fastlio_bridge_node-2] [INFO] [1786825422.068854903] [fastlio_bridge_node]: 已桥接并转换里程计: ENU(0.21, -0.01, -0.06) -> NED(-0.01, 0.21, 0.06)
[fastlio_bridge_node-2] [INFO] [1786825422.073964622] [fastlio_bridge_node]: 已桥接并转换里程计: ENU(0.21, -0.01, -0.06) -> NED(-0.01, 0.21, 0.06)
[fastlio_bridge_node-2] [INFO] [1786825422.079050350] [fastlio_bridge_node]: 已桥接并转换里程计: ENU(0.21, -0.01, -0.06) -> NED(-0.01, 0.21, 0.06)
[fastlio_bridge_node-2] [INFO] [1786825422.082969583] [fastlio_bridge_node]: 已桥接并转换里程计: ENU(0.21, -0.01, -0.06) -> NED(-0.01, 0.21, 0.06)
[fastlio_bridge_node-2] [INFO] [1786825422.087645303] [fastlio_bridge_node]: 已桥接并转换里程计: ENU(0.21, -0.01, -0.06) -> NED(-0.01, 0.21, 0.06)
[fastlio_bridge_node-2] [INFO] [1786825422.092283839] [fastlio_bridge_node]: 已桥接并转换里程计: ENU(0.21, -0.01, -0.06) -> NED(-0.01, 0.21, 0.06)
[ego_planner_node-10] [INFO] [1786825422.228716356] [race_ego_planner]: [EGO_OCCUPANCY_UPDATE] input_topic=grid_map/cloud input_frame=map occupancy_frame=map cloud_points=17536 local_points=9863 occupied_voxels=23770 camera=(0.207,-0.016,-0.060) local_index_bounds=[(47,44,0),(117,116,8)]
[ego_planner_node-10] [FSM]: state: WAIT_TARGET
[ego_planner_node-10] wait for goal or trigger.
[offboard_waypoint_node-1] [INFO] [1786825422.648414733] [offboard_waypoint_node]: [EV_HOLD_WAIT] continuous_healthy=4.04s required=7.50s
[offboard_waypoint_node-1] [INFO] [1786825422.648581330] [offboard_waypoint_node]: [CONTROL_ARBITER] selected_source=waiting_for_ev_ground_reference state=WAITING_FOR_ODOM
[offboard_waypoint_node-1] [INFO] [1786825422.671377425] [offboard_waypoint_node]: [EV_HEALTH] state=HEALTHY continuous_healthy=0.00s
[race_ego_cloud_bridge-8] [INFO] [1786825422.676673423] [race_ego_cloud_bridge]: [EGO_STATIC_MAP_READY] topic=/saved_map frame=map points=11417 fused=true
[super_planner_ros2_node-6] [INFO] [1786825422.898375739] [super_planner_ros2_node]: SUPER_ROS2 mode=IDLE enable_output=false reason=WAIT_ALTITUDE_REFERENCE odom=(0.21,-0.01,-0.06) goal=none tracking_setpoint_enu=(0.21,-0.01,-0.06) setpoint_ned=none yaw(desired/cmd/rate)=(0.00/0.00/0.00) cross_track=0.00 frame_id=px4_ned path_points=0 odom_source=/race/odom cloud_source=/saved_map mavros_connected=true
[rviz2-13] [INFO] [1786825422.964199862] [rviz2]: Message Filter dropping message: frame 'odom' at time 1786825421.882 for reason 'discarding message because the queue is full'
[offboard_waypoint_node-1] [INFO] [1786825423.648981749] [offboard_waypoint_node]: [EV_HOLD_WAIT] continuous_healthy=5.04s required=7.50s
[offboard_waypoint_node-1] [INFO] [1786825423.649080513] [offboard_waypoint_node]: [CONTROL_ARBITER] selected_source=waiting_for_ev_ground_reference state=WAITING_FOR_ODOM
[ego_planner_node-10] [FSM]: state: WAIT_TARGET
[ego_planner_node-10] wait for goal or trigger.
[race_ego_trajectory_bridge-12] [INFO] [1786825423.816758998] [race_ego_trajectory_bridge]: [EGO_OCCUPANCY_MAP] topic=/race/ego/cloud frame=map raw_points=17786 map_age=0.006
[super_planner_ros2_node-6] [INFO] [1786825423.901206705] [super_planner_ros2_node]: SUPER_ROS2 mode=IDLE enable_output=false reason=WAIT_ALTITUDE_REFERENCE odom=(0.21,-0.02,-0.06) goal=none tracking_setpoint_enu=(0.21,-0.02,-0.06) setpoint_ned=none yaw(desired/cmd/rate)=(0.00/0.00/0.00) cross_track=0.00 frame_id=px4_ned path_points=0 odom_source=/race/odom cloud_source=/saved_map mavros_connected=true
[fastlio_bridge_node-2] [INFO] [1786825424.011868575] [fastlio_bridge_node]: 已桥接并转换里程计: ENU(0.21, -0.02, -0.06) -> NED(-0.02, 0.21, 0.06)
[fastlio_bridge_node-2] [INFO] [1786825424.014055272] [fastlio_bridge_node]: 已桥接并转换里程计: ENU(0.21, -0.02, -0.06) -> NED(-0.02, 0.21, 0.06)
[fastlio_bridge_node-2] [INFO] [1786825424.014213912] [fastlio_bridge_node]: 已桥接并转换里程计: ENU(0.21, -0.02, -0.06) -> NED(-0.02, 0.21, 0.06)
[fastlio_bridge_node-2] [INFO] [1786825424.016881531] [fastlio_bridge_node]: 已桥接并转换里程计: ENU(0.21, -0.02, -0.06) -> NED(-0.02, 0.21, 0.06)
[fastlio_bridge_node-2] [INFO] [1786825424.022010271] [fastlio_bridge_node]: 已桥接并转换里程计: ENU(0.21, -0.02, -0.06) -> NED(-0.02, 0.21, 0.06)
[fastlio_bridge_node-2] [INFO] [1786825424.028674126] [fastlio_bridge_node]: 已桥接并转换里程计: ENU(0.21, -0.02, -0.06) -> NED(-0.02, 0.21, 0.06)
[fastlio_bridge_node-2] [INFO] [1786825424.038028149] [fastlio_bridge_node]: 已桥接并转换里程计: ENU(0.21, -0.02, -0.06) -> NED(-0.02, 0.21, 0.06)
[fastlio_bridge_node-2] [INFO] [1786825424.040601882] [fastlio_bridge_node]: 已桥接并转换里程计: ENU(0.21, -0.02, -0.06) -> NED(-0.02, 0.21, 0.06)
[race_ego_cloud_bridge-8] [INFO] [1786825424.041802774] [race_ego_cloud_bridge]: [EGO_MAP_FUSION] static_points=11417 live_raw_points=20626 confirmed_live_voxels=6787 min_observations=2 memory_sec=1.00 fused_points=18204
[race_ego_cloud_bridge-8] [INFO] [1786825424.042350662] [race_ego_cloud_bridge]: [EGO_MAP_INPUT] topic=/race/ego/cloud frame=map points=18204 source=static_live_px4 refresh_period=0.00s
[fastlio_bridge_node-2] [INFO] [1786825424.044725342] [fastlio_bridge_node]: 已桥接并转换里程计: ENU(0.21, -0.02, -0.06) -> NED(-0.02, 0.21, 0.06)
[fastlio_bridge_node-2] [INFO] [1786825424.051710252] [fastlio_bridge_node]: 已桥接并转换里程计: ENU(0.21, -0.02, -0.06) -> NED(-0.02, 0.21, 0.06)
[fastlio_bridge_node-2] [INFO] [1786825424.055748664] [fastlio_bridge_node]: 已桥接并转换里程计: ENU(0.21, -0.02, -0.06) -> NED(-0.02, 0.21, 0.06)
[fastlio_bridge_node-2] [INFO] [1786825424.060857669] [fastlio_bridge_node]: 已桥接并转换里程计: ENU(0.21, -0.02, -0.06) -> NED(-0.02, 0.21, 0.06)
[fastlio_bridge_node-2] [INFO] [1786825424.071429925] [fastlio_bridge_node]: 已桥接并转换里程计: ENU(0.21, -0.02, -0.06) -> NED(-0.02, 0.21, 0.06)
[fastlio_bridge_node-2] [INFO] [1786825424.074321508] [fastlio_bridge_node]: 已桥接并转换里程计: ENU(0.21, -0.02, -0.06) -> NED(-0.02, 0.21, 0.06)
[fastlio_bridge_node-2] [INFO] [1786825424.078064939] [fastlio_bridge_node]: 已桥接并转换里程计: ENU(0.21, -0.02, -0.06) -> NED(-0.02, 0.21, 0.06)
[fastlio_bridge_node-2] [INFO] [1786825424.080250880] [fastlio_bridge_node]: 已桥接并转换里程计: ENU(0.21, -0.02, -0.06) -> NED(-0.02, 0.21, 0.06)
[fastlio_bridge_node-2] [INFO] [1786825424.084217160] [fastlio_bridge_node]: 已桥接并转换里程计: ENU(0.21, -0.02, -0.06) -> NED(-0.02, 0.21, 0.06)
[fastlio_bridge_node-2] [INFO] [1786825424.091301447] [fastlio_bridge_node]: 已桥接并转换里程计: ENU(0.21, -0.02, -0.06) -> NED(-0.02, 0.21, 0.06)
[fastlio_bridge_node-2] [INFO] [1786825424.099352473] [fastlio_bridge_node]: 已桥接并转换里程计: ENU(0.21, -0.02, -0.06) -> NED(-0.02, 0.21, 0.06)
[ego_planner_node-10] [INFO] [1786825424.245910025] [race_ego_planner]: [EGO_OCCUPANCY_UPDATE] input_topic=grid_map/cloud input_frame=map occupancy_frame=map cloud_points=17809 local_points=9883 occupied_voxels=23788 camera=(0.207,-0.015,-0.062) local_index_bounds=[(47,44,0),(117,116,8)]
[offboard_waypoint_node-1] [INFO] [1786825424.649788239] [offboard_waypoint_node]: [EV_HOLD_WAIT] continuous_healthy=6.04s required=7.50s
[offboard_waypoint_node-1] [INFO] [1786825424.649957573] [offboard_waypoint_node]: [CONTROL_ARBITER] selected_source=waiting_for_ev_ground_reference state=WAITING_FOR_ODOM
[race_ego_cloud_bridge-8] [INFO] [1786825424.677579416] [race_ego_cloud_bridge]: [EGO_STATIC_MAP_READY] topic=/saved_map frame=map points=11417 fused=true
[ego_planner_node-10] [FSM]: state: WAIT_TARGET
[ego_planner_node-10] wait for goal or trigger.
[super_planner_ros2_node-6] [INFO] [1786825424.949949019] [super_planner_ros2_node]: SUPER_ROS2 mode=IDLE enable_output=false reason=WAIT_ALTITUDE_REFERENCE odom=(0.21,-0.02,-0.06) goal=none tracking_setpoint_enu=(0.21,-0.02,-0.06) setpoint_ned=none yaw(desired/cmd/rate)=(0.00/0.00/0.00) cross_track=0.00 frame_id=px4_ned path_points=0 odom_source=/race/odom cloud_source=/saved_map mavros_connected=true
[rviz2-13] [INFO] [1786825425.524049625] [rviz2]: Message Filter dropping message: frame 'odom' at time 1786825424.482 for reason 'discarding message because the queue is full'
[offboard_waypoint_node-1] [INFO] [1786825425.652563970] [offboard_waypoint_node]: [EV_HOLD_WAIT] continuous_healthy=7.04s required=7.50s
[offboard_waypoint_node-1] [INFO] [1786825425.652807885] [offboard_waypoint_node]: [CONTROL_ARBITER] selected_source=waiting_for_ev_ground_reference state=WAITING_FOR_ODOM
[race_ego_trajectory_bridge-12] [INFO] [1786825425.829835908] [race_ego_trajectory_bridge]: [EGO_OCCUPANCY_MAP] topic=/race/ego/cloud frame=map raw_points=17823 map_age=0.006
[ego_planner_node-10] [FSM]: state: WAIT_TARGET
[ego_planner_node-10] wait for goal or trigger.
[super_planner_ros2_node-6] [INFO] [1786825425.950456195] [super_planner_ros2_node]: SUPER_ROS2 mode=IDLE enable_output=false reason=WAIT_ALTITUDE_REFERENCE odom=(0.21,-0.01,-0.06) goal=none tracking_setpoint_enu=(0.21,-0.01,-0.06) setpoint_ned=none yaw(desired/cmd/rate)=(0.00/0.00/0.00) cross_track=0.00 frame_id=px4_ned path_points=0 odom_source=/race/odom cloud_source=/saved_map mavros_connected=true
[offboard_waypoint_node-1] [INFO] [1786825426.076082851] [offboard_waypoint_node]: [EV_FLIGHT_READY] ready=0 continuous_ready=0.00s
[offboard_waypoint_node-1] [INFO] [1786825426.143901768] [offboard_waypoint_node]: [EV_HEALTH] state=SUSPECT continuous_healthy=0.00s
[offboard_waypoint_node-1] [INFO] [1786825426.152076329] [offboard_waypoint_node]: [EV_FLIGHT_READY] ready=1 continuous_ready=0.00s
[race_ego_cloud_bridge-8] [INFO] [1786825426.170586762] [race_ego_cloud_bridge]: [EGO_MAP_FUSION] static_points=11417 live_raw_points=17680 confirmed_live_voxels=6446 min_observations=2 memory_sec=1.00 fused_points=17863
[race_ego_cloud_bridge-8] [INFO] [1786825426.170935210] [race_ego_cloud_bridge]: [EGO_MAP_INPUT] topic=/race/ego/cloud frame=map points=17863 source=static_live_px4 refresh_period=0.00s
[ego_planner_node-10] [INFO] [1786825426.338982476] [race_ego_planner]: [EGO_OCCUPANCY_UPDATE] input_topic=grid_map/cloud input_frame=map occupancy_frame=map cloud_points=17802 local_points=9904 occupied_voxels=23792 camera=(0.204,-0.016,-0.065) local_index_bounds=[(47,44,0),(117,116,8)]
[race_ego_cloud_bridge-8] [INFO] [1786825426.678635958] [race_ego_cloud_bridge]: [EGO_STATIC_MAP_READY] topic=/saved_map frame=map points=11417 fused=true
[offboard_waypoint_node-1] [INFO] [1786825426.701190078] [offboard_waypoint_node]: [EV_HOLD_WAIT] continuous_healthy=0.55s required=7.50s
[offboard_waypoint_node-1] [INFO] [1786825426.701372886] [offboard_waypoint_node]: [CONTROL_ARBITER] selected_source=waiting_for_ev_ground_reference state=WAITING_FOR_ODOM
[super_planner_ros2_node-6] [INFO] [1786825426.951384091] [super_planner_ros2_node]: SUPER_ROS2 mode=IDLE enable_output=false reason=WAIT_ALTITUDE_REFERENCE odom=(0.21,-0.02,-0.06) goal=none tracking_setpoint_enu=(0.21,-0.02,-0.06) setpoint_ned=none yaw(desired/cmd/rate)=(0.00/0.00/0.00) cross_track=0.00 frame_id=px4_ned path_points=0 odom_source=/race/odom cloud_source=/saved_map mavros_connected=true
[ego_planner_node-10] [FSM]: state: WAIT_TARGET
[ego_planner_node-10] wait for goal or trigger.
[offboard_waypoint_node-1] [INFO] [1786825427.702908012] [offboard_waypoint_node]: [EV_HOLD_WAIT] continuous_healthy=1.55s required=7.50s
[offboard_waypoint_node-1] [INFO] [1786825427.703104131] [offboard_waypoint_node]: [CONTROL_ARBITER] selected_source=waiting_for_ev_ground_reference state=WAITING_FOR_ODOM
[race_ego_trajectory_bridge-12] [INFO] [1786825427.916531562] [race_ego_trajectory_bridge]: [EGO_OCCUPANCY_MAP] topic=/race/ego/cloud frame=map raw_points=17931 map_age=0.007
[super_planner_ros2_node-6] [INFO] [1786825427.952071542] [super_planner_ros2_node]: SUPER_ROS2 mode=IDLE enable_output=false reason=WAIT_ALTITUDE_REFERENCE odom=(0.21,-0.01,-0.06) goal=none tracking_setpoint_enu=(0.21,-0.01,-0.06) setpoint_ned=none yaw(desired/cmd/rate)=(0.00/0.00/0.00) cross_track=0.00 frame_id=px4_ned path_points=0 odom_source=/race/odom cloud_source=/saved_map mavros_connected=true
[fastlio_bridge_node-2] [INFO] [1786825428.001210553] [fastlio_bridge_node]: 已桥接并转换里程计: ENU(0.21, -0.01, -0.06) -> NED(-0.01, 0.21, 0.06)
[fastlio_bridge_node-2] [INFO] [1786825428.003423027] [fastlio_bridge_node]: 已桥接并转换里程计: ENU(0.21, -0.01, -0.06) -> NED(-0.01, 0.21, 0.06)
[fastlio_bridge_node-2] [INFO] [1786825428.011386315] [fastlio_bridge_node]: 已桥接并转换里程计: ENU(0.21, -0.01, -0.06) -> NED(-0.01, 0.21, 0.06)
[fastlio_bridge_node-2] [INFO] [1786825428.014860886] [fastlio_bridge_node]: 已桥接并转换里程计: ENU(0.21, -0.01, -0.06) -> NED(-0.01, 0.21, 0.06)
[fastlio_bridge_node-2] [INFO] [1786825428.017226574] [fastlio_bridge_node]: 已桥接并转换里程计: ENU(0.21, -0.01, -0.06) -> NED(-0.01, 0.21, 0.06)
[fastlio_bridge_node-2] [INFO] [1786825428.022378899] [fastlio_bridge_node]: 已桥接并转换里程计: ENU(0.21, -0.01, -0.06) -> NED(-0.01, 0.21, 0.06)
[fastlio_bridge_node-2] [INFO] [1786825428.028209129] [fastlio_bridge_node]: 已桥接并转换里程计: ENU(0.21, -0.01, -0.06) -> NED(-0.01, 0.21, 0.06)
[fastlio_bridge_node-2] [INFO] [1786825428.032770952] [fastlio_bridge_node]: 已桥接并转换里程计: ENU(0.21, -0.01, -0.06) -> NED(-0.01, 0.21, 0.06)
[fastlio_bridge_node-2] [INFO] [1786825428.040025595] [fastlio_bridge_node]: 已桥接并转换里程计: ENU(0.21, -0.01, -0.06) -> NED(-0.01, 0.21, 0.06)
[fastlio_bridge_node-2] [INFO] [1786825428.042301635] [fastlio_bridge_node]: 已桥接并转换里程计: ENU(0.21, -0.01, -0.06) -> NED(-0.01, 0.21, 0.06)
[fastlio_bridge_node-2] [INFO] [1786825428.046370582] [fastlio_bridge_node]: 已桥接并转换里程计: ENU(0.21, -0.01, -0.06) -> NED(-0.01, 0.21, 0.06)
[fastlio_bridge_node-2] [INFO] [1786825428.054540643] [fastlio_bridge_node]: 已桥接并转换里程计: ENU(0.21, -0.01, -0.06) -> NED(-0.01, 0.21, 0.06)
[fastlio_bridge_node-2] [INFO] [1786825428.057031768] [fastlio_bridge_node]: 已桥接并转换里程计: ENU(0.21, -0.01, -0.06) -> NED(-0.01, 0.21, 0.06)
[fastlio_bridge_node-2] [INFO] [1786825428.064831402] [fastlio_bridge_node]: 已桥接并转换里程计: ENU(0.21, -0.01, -0.06) -> NED(-0.01, 0.21, 0.06)
[fastlio_bridge_node-2] [INFO] [1786825428.067941773] [fastlio_bridge_node]: 已桥接并转换里程计: ENU(0.21, -0.01, -0.06) -> NED(-0.01, 0.21, 0.06)
[fastlio_bridge_node-2] [INFO] [1786825428.073510162] [fastlio_bridge_node]: 已桥接并转换里程计: ENU(0.21, -0.01, -0.06) -> NED(-0.01, 0.21, 0.06)
[fastlio_bridge_node-2] [INFO] [1786825428.079043248] [fastlio_bridge_node]: 已桥接并转换里程计: ENU(0.21, -0.01, -0.06) -> NED(-0.01, 0.21, 0.06)
[fastlio_bridge_node-2] [INFO] [1786825428.082021571] [fastlio_bridge_node]: 已桥接并转换里程计: ENU(0.21, -0.01, -0.06) -> NED(-0.01, 0.21, 0.06)
[fastlio_bridge_node-2] [INFO] [1786825428.086700615] [fastlio_bridge_node]: 已桥接并转换里程计: ENU(0.21, -0.01, -0.06) -> NED(-0.01, 0.21, 0.06)
[fastlio_bridge_node-2] [INFO] [1786825428.092228413] [fastlio_bridge_node]: 已桥接并转换里程计: ENU(0.21, -0.01, -0.06) -> NED(-0.01, 0.21, 0.06)
[fastlio_bridge_node-2] [INFO] [1786825428.098576097] [fastlio_bridge_node]: 已桥接并转换里程计: ENU(0.21, -0.01, -0.06) -> NED(-0.01, 0.21, 0.06)
[rviz2-13] [INFO] [1786825428.147623242] [rviz2]: Message Filter dropping message: frame 'odom' at time 1786825427.081 for reason 'discarding message because the queue is full'
[ego_planner_node-10] [FSM]: state: WAIT_TARGET
[ego_planner_node-10] wait for goal or trigger.
[offboard_waypoint_node-1] [INFO] [1786825428.200388843] [offboard_waypoint_node]: [EV_HEALTH] state=HEALTHY continuous_healthy=0.00s
[race_ego_cloud_bridge-8] [INFO] [1786825428.308798979] [race_ego_cloud_bridge]: [EGO_MAP_FUSION] static_points=11417 live_raw_points=17715 confirmed_live_voxels=6451 min_observations=2 memory_sec=1.00 fused_points=17868
[race_ego_cloud_bridge-8] [INFO] [1786825428.309424600] [race_ego_cloud_bridge]: [EGO_MAP_INPUT] topic=/race/ego/cloud frame=map points=17868 source=static_live_px4 refresh_period=0.00s
[ego_planner_node-10] [INFO] [1786825428.442039887] [race_ego_planner]: [EGO_OCCUPANCY_UPDATE] input_topic=grid_map/cloud input_frame=map occupancy_frame=map cloud_points=18240 local_points=10000 occupied_voxels=23805 camera=(0.207,-0.015,-0.062) local_index_bounds=[(47,44,0),(117,116,8)]
[race_ego_cloud_bridge-8] [INFO] [1786825428.679921446] [race_ego_cloud_bridge]: [EGO_STATIC_MAP_READY] topic=/saved_map frame=map points=11417 fused=true
[offboard_waypoint_node-1] [INFO] [1786825428.704453054] [offboard_waypoint_node]: [EV_HOLD_WAIT] continuous_healthy=2.55s required=7.50s
[offboard_waypoint_node-1] [INFO] [1786825428.704605578] [offboard_waypoint_node]: [CONTROL_ARBITER] selected_source=waiting_for_ev_ground_reference state=WAITING_FOR_ODOM
[super_planner_ros2_node-6] [INFO] [1786825428.952862390] [super_planner_ros2_node]: SUPER_ROS2 mode=IDLE enable_output=false reason=WAIT_ALTITUDE_REFERENCE odom=(0.21,-0.01,-0.06) goal=none tracking_setpoint_enu=(0.21,-0.01,-0.06) setpoint_ned=none yaw(desired/cmd/rate)=(0.00/0.00/0.00) cross_track=0.00 frame_id=px4_ned path_points=0 odom_source=/race/odom cloud_source=/saved_map mavros_connected=true
[ego_planner_node-10] [FSM]: state: WAIT_TARGET
[ego_planner_node-10] wait for goal or trigger.
[mapping_manager_node-5] [INFO] [1786825429.538060811] [mapping_manager_node]: Mapping status: in_flight=false, map_loaded=false, map_saved=false
[offboard_waypoint_node-1] [INFO] [1786825429.753155198] [offboard_waypoint_node]: [EV_HOLD_WAIT] continuous_healthy=3.60s required=7.50s
[offboard_waypoint_node-1] [INFO] [1786825429.753380325] [offboard_waypoint_node]: [CONTROL_ARBITER] selected_source=waiting_for_ev_ground_reference state=WAITING_FOR_ODOM
[race_ego_trajectory_bridge-12] [INFO] [1786825429.925511582] [race_ego_trajectory_bridge]: [EGO_OCCUPANCY_MAP] topic=/race/ego/cloud frame=map raw_points=17827 map_age=0.008
[super_planner_ros2_node-6] [INFO] [1786825429.953548198] [super_planner_ros2_node]: SUPER_ROS2 mode=IDLE enable_output=false reason=WAIT_ALTITUDE_REFERENCE odom=(0.21,-0.01,-0.06) goal=none tracking_setpoint_enu=(0.21,-0.01,-0.06) setpoint_ned=none yaw(desired/cmd/rate)=(0.00/0.00/0.00) cross_track=0.00 frame_id=px4_ned path_points=0 odom_source=/race/odom cloud_source=/saved_map mavros_connected=true
[fastlio_bridge_node-2] [INFO] [1786825430.004848465] [fastlio_bridge_node]: 已桥接并转换里程计: ENU(0.21, -0.01, -0.06) -> NED(-0.01, 0.21, 0.06)
[fastlio_bridge_node-2] [INFO] [1786825430.012469400] [fastlio_bridge_node]: 已桥接并转换里程计: ENU(0.21, -0.01, -0.06) -> NED(-0.01, 0.21, 0.06)
[fastlio_bridge_node-2] [INFO] [1786825430.016782498] [fastlio_bridge_node]: 已桥接并转换里程计: ENU(0.21, -0.01, -0.06) -> NED(-0.01, 0.21, 0.06)
[fastlio_bridge_node-2] [INFO] [1786825430.020969134] [fastlio_bridge_node]: 已桥接并转换里程计: ENU(0.21, -0.01, -0.06) -> NED(-0.01, 0.21, 0.06)
[fastlio_bridge_node-2] [INFO] [1786825430.023677331] [fastlio_bridge_node]: 已桥接并转换里程计: ENU(0.21, -0.01, -0.06) -> NED(-0.01, 0.21, 0.06)
[fastlio_bridge_node-2] [INFO] [1786825430.029792331] [fastlio_bridge_node]: 已桥接并转换里程计: ENU(0.21, -0.01, -0.06) -> NED(-0.01, 0.21, 0.06)
[fastlio_bridge_node-2] [INFO] [1786825430.037794069] [fastlio_bridge_node]: 已桥接并转换里程计: ENU(0.21, -0.01, -0.06) -> NED(-0.01, 0.21, 0.06)
[fastlio_bridge_node-2] [INFO] [1786825430.043234289] [fastlio_bridge_node]: 已桥接并转换里程计: ENU(0.21, -0.01, -0.06) -> NED(-0.01, 0.21, 0.06)
[fastlio_bridge_node-2] [INFO] [1786825430.049128229] [fastlio_bridge_node]: 已桥接并转换里程计: ENU(0.21, -0.01, -0.06) -> NED(-0.01, 0.21, 0.06)
[fastlio_bridge_node-2] [INFO] [1786825430.054032152] [fastlio_bridge_node]: 已桥接并转换里程计: ENU(0.21, -0.01, -0.06) -> NED(-0.01, 0.21, 0.06)
[fastlio_bridge_node-2] [INFO] [1786825430.058703991] [fastlio_bridge_node]: 已桥接并转换里程计: ENU(0.21, -0.01, -0.06) -> NED(-0.01, 0.21, 0.06)
[fastlio_bridge_node-2] [INFO] [1786825430.068590103] [fastlio_bridge_node]: 已桥接并转换里程计: ENU(0.21, -0.01, -0.06) -> NED(-0.01, 0.21, 0.06)
[fastlio_bridge_node-2] [INFO] [1786825430.072436896] [fastlio_bridge_node]: 已桥接并转换里程计: ENU(0.21, -0.01, -0.06) -> NED(-0.01, 0.21, 0.06)
[fastlio_bridge_node-2] [INFO] [1786825430.076161245] [fastlio_bridge_node]: 已桥接并转换里程计: ENU(0.21, -0.01, -0.06) -> NED(-0.01, 0.21, 0.06)
[fastlio_bridge_node-2] [INFO] [1786825430.079260714] [fastlio_bridge_node]: 已桥接并转换里程计: ENU(0.21, -0.01, -0.06) -> NED(-0.01, 0.21, 0.06)
[fastlio_bridge_node-2] [INFO] [1786825430.086891957] [fastlio_bridge_node]: 已桥接并转换里程计: ENU(0.21, -0.01, -0.06) -> NED(-0.01, 0.21, 0.06)
[fastlio_bridge_node-2] [INFO] [1786825430.089044740] [fastlio_bridge_node]: 已桥接并转换里程计: ENU(0.21, -0.01, -0.06) -> NED(-0.01, 0.21, 0.06)
[fastlio_bridge_node-2] [INFO] [1786825430.097951706] [fastlio_bridge_node]: 已桥接并转换里程计: ENU(0.21, -0.01, -0.06) -> NED(-0.01, 0.21, 0.06)
[ego_planner_node-10] [FSM]: state: WAIT_TARGET
[ego_planner_node-10] wait for goal or trigger.
[race_ego_cloud_bridge-8] [INFO] [1786825430.430804021] [race_ego_cloud_bridge]: [EGO_MAP_FUSION] static_points=11417 live_raw_points=17759 confirmed_live_voxels=6213 min_observations=2 memory_sec=1.00 fused_points=17630
[race_ego_cloud_bridge-8] [INFO] [1786825430.431205983] [race_ego_cloud_bridge]: [EGO_MAP_INPUT] topic=/race/ego/cloud frame=map points=17630 source=static_live_px4 refresh_period=0.00s
[ego_planner_node-10] [INFO] [1786825430.632805907] [race_ego_planner]: [EGO_OCCUPANCY_UPDATE] input_topic=grid_map/cloud input_frame=map occupancy_frame=map cloud_points=17495 local_points=9773 occupied_voxels=23758 camera=(0.207,-0.015,-0.062) local_index_bounds=[(47,44,0),(117,116,8)]
[race_ego_cloud_bridge-8] [INFO] [1786825430.679749881] [race_ego_cloud_bridge]: [EGO_STATIC_MAP_READY] topic=/saved_map frame=map points=11417 fused=true
[rviz2-13] [INFO] [1786825430.708850498] [rviz2]: Message Filter dropping message: frame 'odom' at time 1786825429.581 for reason 'discarding message because the queue is full'
[offboard_waypoint_node-1] [INFO] [1786825430.802359107] [offboard_waypoint_node]: [EV_HOLD_WAIT] continuous_healthy=4.65s required=7.50s
[offboard_waypoint_node-1] [INFO] [1786825430.803666208] [offboard_waypoint_node]: [CONTROL_ARBITER] selected_source=waiting_for_ev_ground_reference state=WAITING_FOR_ODOM
[super_planner_ros2_node-6] [INFO] [1786825431.001147221] [super_planner_ros2_node]: SUPER_ROS2 mode=IDLE enable_output=false reason=WAIT_ALTITUDE_REFERENCE odom=(0.21,-0.01,-0.06) goal=none tracking_setpoint_enu=(0.21,-0.01,-0.06) setpoint_ned=none yaw(desired/cmd/rate)=(0.00/0.00/0.00) cross_track=0.00 frame_id=px4_ned path_points=0 odom_source=/race/odom cloud_source=/saved_map mavros_connected=true
[ego_planner_node-10] [FSM]: state: WAIT_TARGET
[ego_planner_node-10] wait for goal or trigger.
[offboard_waypoint_node-1] [INFO] [1786825431.849322834] [offboard_waypoint_node]: [EV_HOLD_WAIT] continuous_healthy=5.70s required=7.50s
[offboard_waypoint_node-1] [INFO] [1786825431.849919468] [offboard_waypoint_node]: [CONTROL_ARBITER] selected_source=waiting_for_ev_ground_reference state=WAITING_FOR_ODOM
[fastlio_bridge_node-2] [INFO] [1786825432.003302797] [fastlio_bridge_node]: 已桥接并转换里程计: ENU(0.21, -0.02, -0.06) -> NED(-0.02, 0.21, 0.06)
[fastlio_bridge_node-2] [INFO] [1786825432.006648498] [fastlio_bridge_node]: 已桥接并转换里程计: ENU(0.21, -0.02, -0.06) -> NED(-0.02, 0.21, 0.06)
[fastlio_bridge_node-2] [INFO] [1786825432.009628846] [fastlio_bridge_node]: 已桥接并转换里程计: ENU(0.21, -0.02, -0.06) -> NED(-0.02, 0.21, 0.06)
[fastlio_bridge_node-2] [INFO] [1786825432.014040380] [fastlio_bridge_node]: 已桥接并转换里程计: ENU(0.21, -0.02, -0.06) -> NED(-0.02, 0.21, 0.06)
[fastlio_bridge_node-2] [INFO] [1786825432.022637461] [fastlio_bridge_node]: 已桥接并转换里程计: ENU(0.21, -0.02, -0.06) -> NED(-0.02, 0.21, 0.06)
[fastlio_bridge_node-2] [INFO] [1786825432.025567823] [fastlio_bridge_node]: 已桥接并转换里程计: ENU(0.21, -0.02, -0.06) -> NED(-0.02, 0.21, 0.06)
[fastlio_bridge_node-2] [INFO] [1786825432.029233607] [fastlio_bridge_node]: 已桥接并转换里程计: ENU(0.21, -0.02, -0.06) -> NED(-0.02, 0.21, 0.06)
[race_ego_trajectory_bridge-12] [INFO] [1786825432.030514088] [race_ego_trajectory_bridge]: [EGO_OCCUPANCY_MAP] topic=/race/ego/cloud frame=map raw_points=16390 map_age=0.006
[fastlio_bridge_node-2] [INFO] [1786825432.034247723] [fastlio_bridge_node]: 已桥接并转换里程计: ENU(0.21, -0.02, -0.06) -> NED(-0.02, 0.21, 0.06)
[fastlio_bridge_node-2] [INFO] [1786825432.041474200] [fastlio_bridge_node]: 已桥接并转换里程计: ENU(0.21, -0.02, -0.06) -> NED(-0.02, 0.21, 0.06)
[fastlio_bridge_node-2] [INFO] [1786825432.043064292] [fastlio_bridge_node]: 已桥接并转换里程计: ENU(0.21, -0.02, -0.06) -> NED(-0.02, 0.21, 0.06)
[super_planner_ros2_node-6] [INFO] [1786825432.051548983] [super_planner_ros2_node]: SUPER_ROS2 mode=IDLE enable_output=false reason=WAIT_ALTITUDE_REFERENCE odom=(0.21,-0.02,-0.06) goal=none tracking_setpoint_enu=(0.21,-0.02,-0.06) setpoint_ned=none yaw(desired/cmd/rate)=(0.00/0.00/0.00) cross_track=0.00 frame_id=px4_ned path_points=0 odom_source=/race/odom cloud_source=/saved_map mavros_connected=true
[fastlio_bridge_node-2] [INFO] [1786825432.052422179] [fastlio_bridge_node]: 已桥接并转换里程计: ENU(0.21, -0.02, -0.06) -> NED(-0.02, 0.21, 0.06)
[fastlio_bridge_node-2] [INFO] [1786825432.058345935] [fastlio_bridge_node]: 已桥接并转换里程计: ENU(0.21, -0.02, -0.06) -> NED(-0.02, 0.21, 0.06)
[fastlio_bridge_node-2] [INFO] [1786825432.063410789] [fastlio_bridge_node]: 已桥接并转换里程计: ENU(0.21, -0.02, -0.06) -> NED(-0.02, 0.21, 0.06)
[fastlio_bridge_node-2] [INFO] [1786825432.068924140] [fastlio_bridge_node]: 已桥接并转换里程计: ENU(0.21, -0.02, -0.06) -> NED(-0.02, 0.21, 0.06)
[fastlio_bridge_node-2] [INFO] [1786825432.069924592] [fastlio_bridge_node]: 已桥接并转换里程计: ENU(0.21, -0.02, -0.06) -> NED(-0.02, 0.21, 0.06)
[fastlio_bridge_node-2] [INFO] [1786825432.073641184] [fastlio_bridge_node]: 已桥接并转换里程计: ENU(0.21, -0.02, -0.06) -> NED(-0.02, 0.21, 0.06)
[fastlio_bridge_node-2] [INFO] [1786825432.081144600] [fastlio_bridge_node]: 已桥接并转换里程计: ENU(0.21, -0.02, -0.06) -> NED(-0.02, 0.21, 0.06)
[fastlio_bridge_node-2] [INFO] [1786825432.083425297] [fastlio_bridge_node]: 已桥接并转换里程计: ENU(0.21, -0.02, -0.06) -> NED(-0.02, 0.21, 0.06)
[fastlio_bridge_node-2] [INFO] [1786825432.088751907] [fastlio_bridge_node]: 已桥接并转换里程计: ENU(0.21, -0.02, -0.06) -> NED(-0.02, 0.21, 0.06)
[fastlio_bridge_node-2] [INFO] [1786825432.094035052] [fastlio_bridge_node]: 已桥接并转换里程计: ENU(0.21, -0.02, -0.06) -> NED(-0.02, 0.21, 0.06)
[race_ego_cloud_bridge-8] [INFO] [1786825432.437203423] [race_ego_cloud_bridge]: [EGO_MAP_FUSION] static_points=11417 live_raw_points=17729 confirmed_live_voxels=5390 min_observations=2 memory_sec=1.00 fused_points=16807
[race_ego_cloud_bridge-8] [INFO] [1786825432.439034306] [race_ego_cloud_bridge]: [EGO_MAP_INPUT] topic=/race/ego/cloud frame=map points=16807 source=static_live_px4 refresh_period=0.00s
[ego_planner_node-10] [FSM]: state: WAIT_TARGET
[ego_planner_node-10] wait for goal or trigger.
[ego_planner_node-10] [INFO] [1786825432.658139265] [race_ego_planner]: [EGO_OCCUPANCY_UPDATE] input_topic=grid_map/cloud input_frame=map occupancy_frame=map cloud_points=16412 local_points=9416 occupied_voxels=23733 camera=(0.208,-0.016,-0.062) local_index_bounds=[(47,44,0),(117,116,8)]
[race_ego_cloud_bridge-8] [INFO] [1786825432.681398105] [race_ego_cloud_bridge]: [EGO_STATIC_MAP_READY] topic=/saved_map frame=map points=11417 fused=true
[offboard_waypoint_node-1] [INFO] [1786825432.897184412] [offboard_waypoint_node]: [EV_HOLD_WAIT] continuous_healthy=6.75s required=7.50s
[offboard_waypoint_node-1] [INFO] [1786825432.897515558] [offboard_waypoint_node]: [CONTROL_ARBITER] selected_source=waiting_for_ev_ground_reference state=WAITING_FOR_ODOM
[super_planner_ros2_node-6] [INFO] [1786825433.096606588] [super_planner_ros2_node]: SUPER_ROS2 mode=IDLE enable_output=false reason=WAIT_ALTITUDE_REFERENCE odom=(0.21,-0.01,-0.06) goal=none tracking_setpoint_enu=(0.21,-0.01,-0.06) setpoint_ned=none yaw(desired/cmd/rate)=(0.00/0.00/0.00) cross_track=0.00 frame_id=px4_ned path_points=0 odom_source=/race/odom cloud_source=/saved_map mavros_connected=true
[rviz2-13] [INFO] [1786825433.269042160] [rviz2]: Message Filter dropping message: frame 'odom' at time 1786825432.181 for reason 'discarding message because the queue is full'
[ego_planner_node-10] [FSM]: state: WAIT_TARGET
[ego_planner_node-10] wait for goal or trigger.
[offboard_waypoint_node-1] [WARN] [1786825433.695958038] [offboard_waypoint_node]: [HOLD_POSITION] x=-0.012 y=0.206 z=0.061 yaw=1.355 reason=EV-ready startup idle hold
[offboard_waypoint_node-1] [WARN] [1786825433.696131099] [offboard_waypoint_node]: [CONTROL_STATE] WAITING_FOR_ODOM -> IDLE_HOLD: no active goal
[offboard_waypoint_node-1] [INFO] [1786825433.696209347] [offboard_waypoint_node]: [HOLD_ERROR] position_error=0.000 velocity=0.008 state=IDLE_HOLD
[offboard_waypoint_node-1] [INFO] [1786825433.945179031] [offboard_waypoint_node]: [CONTROL_ARBITER] selected_source=safety_hold state=IDLE_HOLD
[fastlio_bridge_node-2] [INFO] [1786825434.000451102] [fastlio_bridge_node]: 已桥接并转换里程计: ENU(0.21, -0.01, -0.06) -> NED(-0.01, 0.21, 0.06)
[fastlio_bridge_node-2] [INFO] [1786825434.000691190] [fastlio_bridge_node]: 已桥接并转换里程计: ENU(0.21, -0.01, -0.06) -> NED(-0.01, 0.21, 0.06)
[fastlio_bridge_node-2] [INFO] [1786825434.005387680] [fastlio_bridge_node]: 已桥接并转换里程计: ENU(0.21, -0.01, -0.06) -> NED(-0.01, 0.21, 0.06)
[fastlio_bridge_node-2] [INFO] [1786825434.013822283] [fastlio_bridge_node]: 已桥接并转换里程计: ENU(0.21, -0.01, -0.06) -> NED(-0.01, 0.21, 0.06)
[fastlio_bridge_node-2] [INFO] [1786825434.019986748] [fastlio_bridge_node]: 已桥接并转换里程计: ENU(0.21, -0.01, -0.06) -> NED(-0.01, 0.21, 0.06)
[fastlio_bridge_node-2] [INFO] [1786825434.021829754] [fastlio_bridge_node]: 已桥接并转换里程计: ENU(0.21, -0.01, -0.06) -> NED(-0.01, 0.21, 0.06)
[fastlio_bridge_node-2] [INFO] [1786825434.024806179] [fastlio_bridge_node]: 已桥接并转换里程计: ENU(0.21, -0.01, -0.06) -> NED(-0.01, 0.21, 0.06)
[fastlio_bridge_node-2] [INFO] [1786825434.033878884] [fastlio_bridge_node]: 已桥接并转换里程计: ENU(0.21, -0.01, -0.06) -> NED(-0.01, 0.21, 0.06)
[fastlio_bridge_node-2] [INFO] [1786825434.036882210] [fastlio_bridge_node]: 已桥接并转换里程计: ENU(0.21, -0.01, -0.06) -> NED(-0.01, 0.21, 0.06)
[fastlio_bridge_node-2] [INFO] [1786825434.049611396] [fastlio_bridge_node]: 已桥接并转换里程计: ENU(0.21, -0.01, -0.06) -> NED(-0.01, 0.21, 0.06)
[fastlio_bridge_node-2] [INFO] [1786825434.049992328] [fastlio_bridge_node]: 已桥接并转换里程计: ENU(0.21, -0.01, -0.06) -> NED(-0.01, 0.21, 0.06)
[fastlio_bridge_node-2] [INFO] [1786825434.053133785] [fastlio_bridge_node]: 已桥接并转换里程计: ENU(0.21, -0.01, -0.06) -> NED(-0.01, 0.21, 0.06)
[fastlio_bridge_node-2] [INFO] [1786825434.058168819] [fastlio_bridge_node]: 已桥接并转换里程计: ENU(0.21, -0.01, -0.06) -> NED(-0.01, 0.21, 0.06)
[fastlio_bridge_node-2] [INFO] [1786825434.062632500] [fastlio_bridge_node]: 已桥接并转换里程计: ENU(0.21, -0.01, -0.06) -> NED(-0.01, 0.21, 0.06)
[fastlio_bridge_node-2] [INFO] [1786825434.066920046] [fastlio_bridge_node]: 已桥接并转换里程计: ENU(0.21, -0.01, -0.06) -> NED(-0.01, 0.21, 0.06)
[fastlio_bridge_node-2] [INFO] [1786825434.070163042] [fastlio_bridge_node]: 已桥接并转换里程计: ENU(0.21, -0.01, -0.06) -> NED(-0.01, 0.21, 0.06)
[fastlio_bridge_node-2] [INFO] [1786825434.074910451] [fastlio_bridge_node]: 已桥接并转换里程计: ENU(0.21, -0.01, -0.06) -> NED(-0.01, 0.21, 0.06)
[fastlio_bridge_node-2] [INFO] [1786825434.079879896] [fastlio_bridge_node]: 已桥接并转换里程计: ENU(0.21, -0.01, -0.06) -> NED(-0.01, 0.21, 0.06)
[fastlio_bridge_node-2] [INFO] [1786825434.088903214] [fastlio_bridge_node]: 已桥接并转换里程计: ENU(0.21, -0.01, -0.06) -> NED(-0.01, 0.21, 0.06)
[fastlio_bridge_node-2] [INFO] [1786825434.092798642] [fastlio_bridge_node]: 已桥接并转换里程计: ENU(0.21, -0.01, -0.06) -> NED(-0.01, 0.21, 0.06)
[fastlio_bridge_node-2] [INFO] [1786825434.096708088] [fastlio_bridge_node]: 已桥接并转换里程计: ENU(0.21, -0.01, -0.06) -> NED(-0.01, 0.21, 0.06)
[super_planner_ros2_node-6] [INFO] [1786825434.146958909] [super_planner_ros2_node]: SUPER_ROS2 mode=IDLE enable_output=false reason=WAIT_ALTITUDE_REFERENCE odom=(0.21,-0.01,-0.06) goal=none tracking_setpoint_enu=(0.21,-0.01,-0.06) setpoint_ned=none yaw(desired/cmd/rate)=(0.00/0.00/0.00) cross_track=0.00 frame_id=px4_ned path_points=0 odom_source=/race/odom cloud_source=/saved_map mavros_connected=true
[race_ego_trajectory_bridge-12] [INFO] [1786825434.149224865] [race_ego_trajectory_bridge]: [EGO_OCCUPANCY_MAP] topic=/race/ego/cloud frame=map raw_points=17267 map_age=0.007
[race_ego_cloud_bridge-8] [INFO] [1786825434.525880991] [race_ego_cloud_bridge]: [EGO_MAP_FUSION] static_points=11417 live_raw_points=17697 confirmed_live_voxels=6143 min_observations=2 memory_sec=1.00 fused_points=17560
[race_ego_cloud_bridge-8] [INFO] [1786825434.526469799] [race_ego_cloud_bridge]: [EGO_MAP_INPUT] topic=/race/ego/cloud frame=map points=17560 source=static_live_px4 refresh_period=0.00s
[ego_planner_node-10] [FSM]: state: WAIT_TARGET
[ego_planner_node-10] wait for goal or trigger.
[race_ego_cloud_bridge-8] [INFO] [1786825434.675335400] [race_ego_cloud_bridge]: [EGO_STATIC_MAP_READY] topic=/saved_map frame=map points=11417 fused=true
[offboard_waypoint_node-1] [INFO] [1786825434.744987634] [offboard_waypoint_node]: [HOLD_ERROR] position_error=0.003 velocity=0.004 state=IDLE_HOLD
[ego_planner_node-10] [INFO] [1786825434.752049639] [race_ego_planner]: [EGO_OCCUPANCY_UPDATE] input_topic=grid_map/cloud input_frame=map occupancy_frame=map cloud_points=17618 local_points=9871 occupied_voxels=23782 camera=(0.207,-0.015,-0.062) local_index_bounds=[(47,44,0),(117,116,8)]
[offboard_waypoint_node-1] [INFO] [1786825434.999206341] [offboard_waypoint_node]: [CONTROL_ARBITER] selected_source=safety_hold state=IDLE_HOLD
[super_planner_ros2_node-6] [INFO] [1786825435.193024795] [super_planner_ros2_node]: SUPER_ROS2 mode=IDLE enable_output=false reason=WAIT_ALTITUDE_REFERENCE odom=(0.21,-0.01,-0.06) goal=none tracking_setpoint_enu=(0.21,-0.01,-0.06) setpoint_ned=none yaw(desired/cmd/rate)=(0.00/0.00/0.00) cross_track=0.00 frame_id=px4_ned path_points=0 odom_source=/race/odom cloud_source=/saved_map mavros_connected=true
[ego_planner_node-10] [FSM]: state: WAIT_TARGET
[ego_planner_node-10] wait for goal or trigger.
[offboard_waypoint_node-1] [INFO] [1786825435.793594077] [offboard_waypoint_node]: [HOLD_ERROR] position_error=0.005 velocity=0.001 state=IDLE_HOLD
[rviz2-13] [INFO] [1786825435.834148838] [rviz2]: Message Filter dropping message: frame 'odom' at time 1786825434.682 for reason 'discarding message because the queue is full'
[fastlio_bridge_node-2] [INFO] [1786825436.001245915] [fastlio_bridge_node]: 已桥接并转换里程计: ENU(0.21, -0.02, -0.06) -> NED(-0.02, 0.21, 0.06)
[fastlio_bridge_node-2] [INFO] [1786825436.006317852] [fastlio_bridge_node]: 已桥接并转换里程计: ENU(0.21, -0.02, -0.06) -> NED(-0.02, 0.21, 0.06)
[fastlio_bridge_node-2] [INFO] [1786825436.009487588] [fastlio_bridge_node]: 已桥接并转换里程计: ENU(0.21, -0.02, -0.06) -> NED(-0.02, 0.21, 0.06)
[fastlio_bridge_node-2] [INFO] [1786825436.011771715] [fastlio_bridge_node]: 已桥接并转换里程计: ENU(0.21, -0.02, -0.06) -> NED(-0.02, 0.21, 0.06)
[fastlio_bridge_node-2] [INFO] [1786825436.019303660] [fastlio_bridge_node]: 已桥接并转换里程计: ENU(0.21, -0.02, -0.06) -> NED(-0.02, 0.21, 0.06)
[fastlio_bridge_node-2] [INFO] [1786825436.022802806] [fastlio_bridge_node]: 已桥接并转换里程计: ENU(0.21, -0.02, -0.06) -> NED(-0.02, 0.21, 0.06)
[fastlio_bridge_node-2] [INFO] [1786825436.027248680] [fastlio_bridge_node]: 已桥接并转换里程计: ENU(0.21, -0.02, -0.06) -> NED(-0.02, 0.21, 0.06)
[fastlio_bridge_node-2] [INFO] [1786825436.036140124] [fastlio_bridge_node]: 已桥接并转换里程计: ENU(0.21, -0.02, -0.06) -> NED(-0.02, 0.21, 0.06)
[fastlio_bridge_node-2] [INFO] [1786825436.038712589] [fastlio_bridge_node]: 已桥接并转换里程计: ENU(0.21, -0.02, -0.06) -> NED(-0.02, 0.21, 0.06)
[offboard_waypoint_node-1] [INFO] [1786825436.042004100] [offboard_waypoint_node]: [CONTROL_ARBITER] selected_source=safety_hold state=IDLE_HOLD
[fastlio_bridge_node-2] [INFO] [1786825436.044370645] [fastlio_bridge_node]: 已桥接并转换里程计: ENU(0.21, -0.02, -0.06) -> NED(-0.02, 0.21, 0.06)
[fastlio_bridge_node-2] [INFO] [1786825436.049301928] [fastlio_bridge_node]: 已桥接并转换里程计: ENU(0.21, -0.02, -0.06) -> NED(-0.02, 0.21, 0.06)
[fastlio_bridge_node-2] [INFO] [1786825436.052498175] [fastlio_bridge_node]: 已桥接并转换里程计: ENU(0.21, -0.02, -0.06) -> NED(-0.02, 0.21, 0.06)
[fastlio_bridge_node-2] [INFO] [1786825436.061390137] [fastlio_bridge_node]: 已桥接并转换里程计: ENU(0.21, -0.02, -0.06) -> NED(-0.02, 0.21, 0.06)
[fastlio_bridge_node-2] [INFO] [1786825436.065582293] [fastlio_bridge_node]: 已桥接并转换里程计: ENU(0.21, -0.02, -0.06) -> NED(-0.02, 0.21, 0.06)
[fastlio_bridge_node-2] [INFO] [1786825436.067403410] [fastlio_bridge_node]: 已桥接并转换里程计: ENU(0.21, -0.02, -0.06) -> NED(-0.02, 0.21, 0.06)
[fastlio_bridge_node-2] [INFO] [1786825436.071211961] [fastlio_bridge_node]: 已桥接并转换里程计: ENU(0.21, -0.02, -0.06) -> NED(-0.02, 0.21, 0.06)
[fastlio_bridge_node-2] [INFO] [1786825436.076352047] [fastlio_bridge_node]: 已桥接并转换里程计: ENU(0.21, -0.02, -0.06) -> NED(-0.02, 0.21, 0.06)
[fastlio_bridge_node-2] [INFO] [1786825436.083819711] [fastlio_bridge_node]: 已桥接并转换里程计: ENU(0.21, -0.02, -0.06) -> NED(-0.02, 0.21, 0.06)
[fastlio_bridge_node-2] [INFO] [1786825436.089230955] [fastlio_bridge_node]: 已桥接并转换里程计: ENU(0.21, -0.02, -0.06) -> NED(-0.02, 0.21, 0.06)
[race_ego_trajectory_bridge-12] [INFO] [1786825436.152077527] [race_ego_trajectory_bridge]: [EGO_OCCUPANCY_MAP] topic=/race/ego/cloud frame=map raw_points=16635 map_age=0.008
[super_planner_ros2_node-6] [INFO] [1786825436.241768566] [super_planner_ros2_node]: SUPER_ROS2 mode=IDLE enable_output=false reason=WAIT_ALTITUDE_REFERENCE odom=(0.21,-0.02,-0.06) goal=none tracking_setpoint_enu=(0.21,-0.02,-0.06) setpoint_ned=none yaw(desired/cmd/rate)=(0.00/0.00/0.00) cross_track=0.00 frame_id=px4_ned path_points=0 odom_source=/race/odom cloud_source=/saved_map mavros_connected=true
[race_ego_cloud_bridge-8] [INFO] [1786825436.630156718] [race_ego_cloud_bridge]: [EGO_MAP_FUSION] static_points=11417 live_raw_points=17814 confirmed_live_voxels=5825 min_observations=2 memory_sec=1.00 fused_points=17242
[race_ego_cloud_bridge-8] [INFO] [1786825436.630573746] [race_ego_cloud_bridge]: [EGO_MAP_INPUT] topic=/race/ego/cloud frame=map points=17242 source=static_live_px4 refresh_period=0.00s
[race_ego_cloud_bridge-8] [INFO] [1786825436.673691911] [race_ego_cloud_bridge]: [EGO_STATIC_MAP_READY] topic=/saved_map frame=map points=11417 fused=true
[offboard_waypoint_node-1] [INFO] [1786825436.840652349] [offboard_waypoint_node]: [HOLD_ERROR] position_error=0.004 velocity=0.004 state=IDLE_HOLD
[ego_planner_node-10] [INFO] [1786825436.843807447] [race_ego_planner]: [EGO_OCCUPANCY_UPDATE] input_topic=grid_map/cloud input_frame=map occupancy_frame=map cloud_points=17389 local_points=9792 occupied_voxels=23812 camera=(0.207,-0.016,-0.062) local_index_bounds=[(47,44,0),(117,116,8)]
[ego_planner_node-10] [FSM]: state: WAIT_TARGET
[ego_planner_node-10] wait for goal or trigger.
[offboard_waypoint_node-1] [INFO] [1786825437.090124791] [offboard_waypoint_node]: [CONTROL_ARBITER] selected_source=safety_hold state=IDLE_HOLD
[super_planner_ros2_node-6] [INFO] [1786825437.289661979] [super_planner_ros2_node]: SUPER_ROS2 mode=IDLE enable_output=false reason=WAIT_ALTITUDE_REFERENCE odom=(0.21,-0.01,-0.06) goal=none tracking_setpoint_enu=(0.21,-0.01,-0.06) setpoint_ned=none yaw(desired/cmd/rate)=(0.00/0.00/0.00) cross_track=0.00 frame_id=px4_ned path_points=0 odom_source=/race/odom cloud_source=/saved_map mavros_connected=true
[offboard_waypoint_node-1] [INFO] [1786825437.889099968] [offboard_waypoint_node]: [HOLD_ERROR] position_error=0.005 velocity=0.001 state=IDLE_HOLD
[ego_planner_node-10] [FSM]: state: WAIT_TARGET
[ego_planner_node-10] wait for goal or trigger.
[fastlio_bridge_node-2] [INFO] [1786825438.001526293] [fastlio_bridge_node]: 已桥接并转换里程计: ENU(0.21, -0.02, -0.06) -> NED(-0.02, 0.21, 0.06)
[fastlio_bridge_node-2] [INFO] [1786825438.004600534] [fastlio_bridge_node]: 已桥接并转换里程计: ENU(0.21, -0.02, -0.06) -> NED(-0.02, 0.21, 0.06)
[fastlio_bridge_node-2] [INFO] [1786825438.012491471] [fastlio_bridge_node]: 已桥接并转换里程计: ENU(0.21, -0.02, -0.06) -> NED(-0.02, 0.21, 0.06)
[fastlio_bridge_node-2] [INFO] [1786825438.015888215] [fastlio_bridge_node]: 已桥接并转换里程计: ENU(0.21, -0.02, -0.06) -> NED(-0.02, 0.21, 0.06)
[fastlio_bridge_node-2] [INFO] [1786825438.019464021] [fastlio_bridge_node]: 已桥接并转换里程计: ENU(0.21, -0.02, -0.06) -> NED(-0.02, 0.21, 0.06)
[fastlio_bridge_node-2] [INFO] [1786825438.023174892] [fastlio_bridge_node]: 已桥接并转换里程计: ENU(0.21, -0.02, -0.06) -> NED(-0.02, 0.21, 0.06)
[fastlio_bridge_node-2] [INFO] [1786825438.028526763] [fastlio_bridge_node]: 已桥接并转换里程计: ENU(0.21, -0.02, -0.06) -> NED(-0.02, 0.21, 0.06)
[fastlio_bridge_node-2] [INFO] [1786825438.033301946] [fastlio_bridge_node]: 已桥接并转换里程计: ENU(0.21, -0.02, -0.06) -> NED(-0.02, 0.21, 0.06)
[fastlio_bridge_node-2] [INFO] [1786825438.039608572] [fastlio_bridge_node]: 已桥接并转换里程计: ENU(0.21, -0.02, -0.06) -> NED(-0.02, 0.21, 0.06)
[fastlio_bridge_node-2] [INFO] [1786825438.043017554] [fastlio_bridge_node]: 已桥接并转换里程计: ENU(0.21, -0.02, -0.06) -> NED(-0.02, 0.21, 0.06)
[fastlio_bridge_node-2] [INFO] [1786825438.051625426] [fastlio_bridge_node]: 已桥接并转换里程计: ENU(0.21, -0.02, -0.06) -> NED(-0.02, 0.21, 0.06)
[fastlio_bridge_node-2] [INFO] [1786825438.052929353] [fastlio_bridge_node]: 已桥接并转换里程计: ENU(0.21, -0.02, -0.06) -> NED(-0.02, 0.21, 0.06)
[fastlio_bridge_node-2] [INFO] [1786825438.063799863] [fastlio_bridge_node]: 已桥接并转换里程计: ENU(0.21, -0.02, -0.06) -> NED(-0.02, 0.21, 0.06)
[fastlio_bridge_node-2] [INFO] [1786825438.067487841] [fastlio_bridge_node]: 已桥接并转换里程计: ENU(0.21, -0.02, -0.06) -> NED(-0.02, 0.21, 0.06)
[fastlio_bridge_node-2] [INFO] [1786825438.072147396] [fastlio_bridge_node]: 已桥接并转换里程计: ENU(0.21, -0.02, -0.06) -> NED(-0.02, 0.21, 0.06)
[fastlio_bridge_node-2] [INFO] [1786825438.080988841] [fastlio_bridge_node]: 已桥接并转换里程计: ENU(0.21, -0.02, -0.06) -> NED(-0.02, 0.21, 0.06)
[fastlio_bridge_node-2] [INFO] [1786825438.086088302] [fastlio_bridge_node]: 已桥接并转换里程计: ENU(0.21, -0.02, -0.06) -> NED(-0.02, 0.21, 0.06)
[fastlio_bridge_node-2] [INFO] [1786825438.089399736] [fastlio_bridge_node]: 已桥接并转换里程计: ENU(0.21, -0.02, -0.06) -> NED(-0.02, 0.21, 0.06)
[fastlio_bridge_node-2] [INFO] [1786825438.091052086] [fastlio_bridge_node]: 已桥接并转换里程计: ENU(0.21, -0.02, -0.06) -> NED(-0.02, 0.21, 0.06)
[fastlio_bridge_node-2] [INFO] [1786825438.094737557] [fastlio_bridge_node]: 已桥接并转换里程计: ENU(0.21, -0.02, -0.06) -> NED(-0.02, 0.21, 0.06)
[offboard_waypoint_node-1] [INFO] [1786825438.139316850] [offboard_waypoint_node]: [CONTROL_ARBITER] selected_source=safety_hold state=IDLE_HOLD
[race_ego_trajectory_bridge-12] [INFO] [1786825438.245129102] [race_ego_trajectory_bridge]: [EGO_OCCUPANCY_MAP] topic=/race/ego/cloud frame=map raw_points=17181 map_age=0.007
[super_planner_ros2_node-6] [INFO] [1786825438.289697290] [super_planner_ros2_node]: SUPER_ROS2 mode=IDLE enable_output=false reason=WAIT_ALTITUDE_REFERENCE odom=(0.21,-0.01,-0.06) goal=none tracking_setpoint_enu=(0.21,-0.01,-0.06) setpoint_ned=none yaw(desired/cmd/rate)=(0.00/0.00/0.00) cross_track=0.00 frame_id=px4_ned path_points=0 odom_source=/race/odom cloud_source=/saved_map mavros_connected=true
[rviz2-13] [INFO] [1786825438.454446963] [rviz2]: Message Filter dropping message: frame 'odom' at time 1786825437.383 for reason 'discarding message because the queue is full'
[race_ego_cloud_bridge-8] [INFO] [1786825438.637019887] [race_ego_cloud_bridge]: [EGO_MAP_FUSION] static_points=11417 live_raw_points=14895 confirmed_live_voxels=5740 min_observations=2 memory_sec=1.00 fused_points=17157
[race_ego_cloud_bridge-8] [INFO] [1786825438.637525158] [race_ego_cloud_bridge]: [EGO_MAP_INPUT] topic=/race/ego/cloud frame=map points=17157 source=static_live_px4 refresh_period=0.00s
[race_ego_cloud_bridge-8] [INFO] [1786825438.669316108] [race_ego_cloud_bridge]: [EGO_STATIC_MAP_READY] topic=/saved_map frame=map points=11417 fused=true
[ego_planner_node-10] [INFO] [1786825438.850669308] [race_ego_planner]: [EGO_OCCUPANCY_UPDATE] input_topic=grid_map/cloud input_frame=map occupancy_frame=map cloud_points=16915 local_points=9604 occupied_voxels=23743 camera=(0.207,-0.015,-0.062) local_index_bounds=[(47,44,0),(117,116,8)]
[offboard_waypoint_node-1] [INFO] [1786825438.937568939] [offboard_waypoint_node]: [HOLD_ERROR] position_error=0.004 velocity=0.002 state=IDLE_HOLD
[ego_planner_node-10] [FSM]: state: WAIT_TARGET
[ego_planner_node-10] wait for goal or trigger.
[offboard_waypoint_node-1] [INFO] [1786825439.187301878] [offboard_waypoint_node]: [CONTROL_ARBITER] selected_source=safety_hold state=IDLE_HOLD
[super_planner_ros2_node-6] [INFO] [1786825439.337377337] [super_planner_ros2_node]: SUPER_ROS2 mode=IDLE enable_output=false reason=WAIT_ALTITUDE_REFERENCE odom=(0.21,-0.02,-0.06) goal=none tracking_setpoint_enu=(0.21,-0.02,-0.06) setpoint_ned=none yaw(desired/cmd/rate)=(0.00/0.00/0.00) cross_track=0.00 frame_id=px4_ned path_points=0 odom_source=/race/odom cloud_source=/saved_map mavros_connected=true
[offboard_waypoint_node-1] [INFO] [1786825439.986354062] [offboard_waypoint_node]: [HOLD_ERROR] position_error=0.002 velocity=0.006 state=IDLE_HOLD
[fastlio_bridge_node-2] [INFO] [1786825440.001477803] [fastlio_bridge_node]: 已桥接并转换里程计: ENU(0.21, -0.01, -0.06) -> NED(-0.01, 0.21, 0.06)
[fastlio_bridge_node-2] [INFO] [1786825440.010403253] [fastlio_bridge_node]: 已桥接并转换里程计: ENU(0.21, -0.01, -0.06) -> NED(-0.01, 0.21, 0.06)
[fastlio_bridge_node-2] [INFO] [1786825440.012772979] [fastlio_bridge_node]: 已桥接并转换里程计: ENU(0.21, -0.01, -0.06) -> NED(-0.01, 0.21, 0.06)
[fastlio_bridge_node-2] [INFO] [1786825440.016254680] [fastlio_bridge_node]: 已桥接并转换里程计: ENU(0.21, -0.01, -0.06) -> NED(-0.01, 0.21, 0.06)
[fastlio_bridge_node-2] [INFO] [1786825440.021221161] [fastlio_bridge_node]: 已桥接并转换里程计: ENU(0.21, -0.01, -0.06) -> NED(-0.01, 0.21, 0.06)
[fastlio_bridge_node-2] [INFO] [1786825440.026905421] [fastlio_bridge_node]: 已桥接并转换里程计: ENU(0.21, -0.01, -0.06) -> NED(-0.01, 0.21, 0.06)
[fastlio_bridge_node-2] [INFO] [1786825440.033320473] [fastlio_bridge_node]: 已桥接并转换里程计: ENU(0.21, -0.01, -0.06) -> NED(-0.01, 0.21, 0.06)
[fastlio_bridge_node-2] [INFO] [1786825440.037608634] [fastlio_bridge_node]: 已桥接并转换里程计: ENU(0.21, -0.01, -0.06) -> NED(-0.01, 0.21, 0.06)
[fastlio_bridge_node-2] [INFO] [1786825440.045713814] [fastlio_bridge_node]: 已桥接并转换里程计: ENU(0.21, -0.01, -0.06) -> NED(-0.01, 0.21, 0.06)
[fastlio_bridge_node-2] [INFO] [1786825440.049228067] [fastlio_bridge_node]: 已桥接并转换里程计: ENU(0.21, -0.01, -0.06) -> NED(-0.01, 0.21, 0.06)
[fastlio_bridge_node-2] [INFO] [1786825440.051595461] [fastlio_bridge_node]: 已桥接并转换里程计: ENU(0.21, -0.01, -0.06) -> NED(-0.01, 0.21, 0.06)
[fastlio_bridge_node-2] [INFO] [1786825440.056310166] [fastlio_bridge_node]: 已桥接并转换里程计: ENU(0.21, -0.01, -0.06) -> NED(-0.01, 0.21, 0.06)
[fastlio_bridge_node-2] [INFO] [1786825440.063149788] [fastlio_bridge_node]: 已桥接并转换里程计: ENU(0.21, -0.01, -0.06) -> NED(-0.01, 0.21, 0.06)
[fastlio_bridge_node-2] [INFO] [1786825440.066606831] [fastlio_bridge_node]: 已桥接并转换里程计: ENU(0.21, -0.01, -0.06) -> NED(-0.01, 0.21, 0.06)
[fastlio_bridge_node-2] [INFO] [1786825440.070576657] [fastlio_bridge_node]: 已桥接并转换里程计: ENU(0.21, -0.01, -0.06) -> NED(-0.01, 0.21, 0.06)
[ego_planner_node-10] [FSM]: state: WAIT_TARGET
[ego_planner_node-10] wait for goal or trigger.
[fastlio_bridge_node-2] [INFO] [1786825440.076112702] [fastlio_bridge_node]: 已桥接并转换里程计: ENU(0.21, -0.01, -0.06) -> NED(-0.01, 0.21, 0.06)
[fastlio_bridge_node-2] [INFO] [1786825440.081014985] [fastlio_bridge_node]: 已桥接并转换里程计: ENU(0.21, -0.01, -0.06) -> NED(-0.01, 0.21, 0.06)
[fastlio_bridge_node-2] [INFO] [1786825440.086957173] [fastlio_bridge_node]: 已桥接并转换里程计: ENU(0.21, -0.01, -0.06) -> NED(-0.01, 0.21, 0.06)
[fastlio_bridge_node-2] [INFO] [1786825440.093843277] [fastlio_bridge_node]: 已桥接并转换里程计: ENU(0.21, -0.01, -0.06) -> NED(-0.01, 0.21, 0.06)
[offboard_waypoint_node-1] [INFO] [1786825440.236395608] [offboard_waypoint_node]: [CONTROL_ARBITER] selected_source=safety_hold state=IDLE_HOLD
[race_ego_trajectory_bridge-12] [INFO] [1786825440.317717116] [race_ego_trajectory_bridge]: [EGO_OCCUPANCY_MAP] topic=/race/ego/cloud frame=map raw_points=18446 map_age=0.009
[super_planner_ros2_node-6] [INFO] [1786825440.386669299] [super_planner_ros2_node]: SUPER_ROS2 mode=IDLE enable_output=false reason=WAIT_ALTITUDE_REFERENCE odom=(0.21,-0.01,-0.06) goal=none tracking_setpoint_enu=(0.21,-0.01,-0.06) setpoint_ned=none yaw(desired/cmd/rate)=(0.00/0.00/0.00) cross_track=0.00 frame_id=px4_ned path_points=0 odom_source=/race/odom cloud_source=/saved_map mavros_connected=true
[race_ego_cloud_bridge-8] [INFO] [1786825440.640888779] [race_ego_cloud_bridge]: [EGO_MAP_FUSION] static_points=11417 live_raw_points=20781 confirmed_live_voxels=6931 min_observations=2 memory_sec=1.00 fused_points=18348
[race_ego_cloud_bridge-8] [INFO] [1786825440.641497733] [race_ego_cloud_bridge]: [EGO_MAP_INPUT] topic=/race/ego/cloud frame=map points=18348 source=static_live_px4 refresh_period=0.00s
[race_ego_cloud_bridge-8] [INFO] [1786825440.666766166] [race_ego_cloud_bridge]: [EGO_STATIC_MAP_READY] topic=/saved_map frame=map points=11417 fused=true
[rviz2-13] [INFO] [1786825441.013715601] [rviz2]: Message Filter dropping message: frame 'odom' at time 1786825439.981 for reason 'discarding message because the queue is full'
[offboard_waypoint_node-1] [INFO] [1786825441.037414303] [offboard_waypoint_node]: [HOLD_ERROR] position_error=0.003 velocity=0.002 state=IDLE_HOLD
[ego_planner_node-10] [INFO] [1786825441.038343692] [race_ego_planner]: [EGO_OCCUPANCY_UPDATE] input_topic=grid_map/cloud input_frame=map occupancy_frame=map cloud_points=18347 local_points=10020 occupied_voxels=23826 camera=(0.207,-0.015,-0.063) local_index_bounds=[(47,44,0),(117,116,8)]
[ego_planner_node-10] [FSM]: state: WAIT_TARGET
[ego_planner_node-10] wait for goal or trigger.
[offboard_waypoint_node-1] [INFO] [1786825441.285304463] [offboard_waypoint_node]: [CONTROL_ARBITER] selected_source=safety_hold state=IDLE_HOLD
[super_planner_ros2_node-6] [INFO] [1786825441.434899870] [super_planner_ros2_node]: SUPER_ROS2 mode=IDLE enable_output=false reason=WAIT_ALTITUDE_REFERENCE odom=(0.21,-0.01,-0.06) goal=none tracking_setpoint_enu=(0.21,-0.01,-0.06) setpoint_ned=none yaw(desired/cmd/rate)=(0.00/0.00/0.00) cross_track=0.00 frame_id=px4_ned path_points=0 odom_source=/race/odom cloud_source=/saved_map mavros_connected=true
[fastlio_bridge_node-2] [INFO] [1786825442.001882341] [fastlio_bridge_node]: 已桥接并转换里程计: ENU(0.21, -0.01, -0.06) -> NED(-0.01, 0.21, 0.06)
[fastlio_bridge_node-2] [INFO] [1786825442.008347818] [fastlio_bridge_node]: 已桥接并转换里程计: ENU(0.21, -0.01, -0.06) -> NED(-0.01, 0.21, 0.06)
[fastlio_bridge_node-2] [INFO] [1786825442.013460632] [fastlio_bridge_node]: 已桥接并转换里程计: ENU(0.21, -0.01, -0.06) -> NED(-0.01, 0.21, 0.06)
[fastlio_bridge_node-2] [INFO] [1786825442.015874939] [fastlio_bridge_node]: 已桥接并转换里程计: ENU(0.21, -0.01, -0.06) -> NED(-0.01, 0.21, 0.06)
[fastlio_bridge_node-2] [INFO] [1786825442.019495383] [fastlio_bridge_node]: 已桥接并转换里程计: ENU(0.21, -0.01, -0.06) -> NED(-0.01, 0.21, 0.06)
[fastlio_bridge_node-2] [INFO] [1786825442.024588599] [fastlio_bridge_node]: 已桥接并转换里程计: ENU(0.21, -0.01, -0.06) -> NED(-0.01, 0.21, 0.06)
[fastlio_bridge_node-2] [INFO] [1786825442.029559058] [fastlio_bridge_node]: 已桥接并转换里程计: ENU(0.21, -0.01, -0.06) -> NED(-0.01, 0.21, 0.06)
[fastlio_bridge_node-2] [INFO] [1786825442.041228366] [fastlio_bridge_node]: 已桥接并转换里程计: ENU(0.21, -0.01, -0.06) -> NED(-0.01, 0.21, 0.06)
[fastlio_bridge_node-2] [INFO] [1786825442.047159538] [fastlio_bridge_node]: 已桥接并转换里程计: ENU(0.21, -0.01, -0.06) -> NED(-0.01, 0.21, 0.06)
[fastlio_bridge_node-2] [INFO] [1786825442.055133546] [fastlio_bridge_node]: 已桥接并转换里程计: ENU(0.21, -0.01, -0.06) -> NED(-0.01, 0.21, 0.06)
[fastlio_bridge_node-2] [INFO] [1786825442.059600475] [fastlio_bridge_node]: 已桥接并转换里程计: ENU(0.21, -0.01, -0.06) -> NED(-0.01, 0.21, 0.06)
[fastlio_bridge_node-2] [INFO] [1786825442.061659915] [fastlio_bridge_node]: 已桥接并转换里程计: ENU(0.21, -0.01, -0.06) -> NED(-0.01, 0.21, 0.06)
[fastlio_bridge_node-2] [INFO] [1786825442.064382803] [fastlio_bridge_node]: 已桥接并转换里程计: ENU(0.21, -0.01, -0.06) -> NED(-0.01, 0.21, 0.06)
[fastlio_bridge_node-2] [INFO] [1786825442.071517149] [fastlio_bridge_node]: 已桥接并转换里程计: ENU(0.21, -0.01, -0.06) -> NED(-0.01, 0.21, 0.06)
[fastlio_bridge_node-2] [INFO] [1786825442.077691455] [fastlio_bridge_node]: 已桥接并转换里程计: ENU(0.21, -0.01, -0.06) -> NED(-0.01, 0.21, 0.06)
[fastlio_bridge_node-2] [INFO] [1786825442.080526249] [fastlio_bridge_node]: 已桥接并转换里程计: ENU(0.21, -0.01, -0.06) -> NED(-0.01, 0.21, 0.06)
[offboard_waypoint_node-1] [INFO] [1786825442.084302557] [offboard_waypoint_node]: [HOLD_ERROR] position_error=0.004 velocity=0.002 state=IDLE_HOLD
[fastlio_bridge_node-2] [INFO] [1786825442.084524041] [fastlio_bridge_node]: 已桥接并转换里程计: ENU(0.21, -0.01, -0.06) -> NED(-0.01, 0.21, 0.06)
[fastlio_bridge_node-2] [INFO] [1786825442.091262650] [fastlio_bridge_node]: 已桥接并转换里程计: ENU(0.21, -0.01, -0.06) -> NED(-0.01, 0.21, 0.06)
[ego_planner_node-10] [FSM]: state: WAIT_TARGET
[ego_planner_node-10] wait for goal or trigger.
[offboard_waypoint_node-1] [INFO] [1786825442.334053731] [offboard_waypoint_node]: [CONTROL_ARBITER] selected_source=safety_hold state=IDLE_HOLD
[race_ego_trajectory_bridge-12] [INFO] [1786825442.442844064] [race_ego_trajectory_bridge]: [EGO_OCCUPANCY_MAP] topic=/race/ego/cloud frame=map raw_points=17606 map_age=0.013
[super_planner_ros2_node-6] [INFO] [1786825442.483767844] [super_planner_ros2_node]: SUPER_ROS2 mode=IDLE enable_output=false reason=WAIT_ALTITUDE_REFERENCE odom=(0.21,-0.02,-0.06) goal=none tracking_setpoint_enu=(0.21,-0.02,-0.06) setpoint_ned=none yaw(desired/cmd/rate)=(0.00/0.00/0.00) cross_track=0.00 frame_id=px4_ned path_points=0 odom_source=/race/odom cloud_source=/saved_map mavros_connected=true
[race_ego_cloud_bridge-8] [INFO] [1786825442.664744479] [race_ego_cloud_bridge]: [EGO_STATIC_MAP_READY] topic=/saved_map frame=map points=11417 fused=true
[race_ego_cloud_bridge-8] [INFO] [1786825442.832137695] [race_ego_cloud_bridge]: [EGO_MAP_FUSION] static_points=11417 live_raw_points=14825 confirmed_live_voxels=5700 min_observations=2 memory_sec=1.00 fused_points=17117
[race_ego_cloud_bridge-8] [INFO] [1786825442.833236566] [race_ego_cloud_bridge]: [EGO_MAP_INPUT] topic=/race/ego/cloud frame=map points=17117 source=static_live_px4 refresh_period=0.00s
[ego_planner_node-10] [INFO] [1786825443.041018520] [race_ego_planner]: [EGO_OCCUPANCY_UPDATE] input_topic=grid_map/cloud input_frame=map occupancy_frame=map cloud_points=17529 local_points=9682 occupied_voxels=23735 camera=(0.206,-0.014,-0.061) local_index_bounds=[(47,44,0),(117,116,8)]
[offboard_waypoint_node-1] [INFO] [1786825443.135915671] [offboard_waypoint_node]: [HOLD_ERROR] position_error=0.005 velocity=0.001 state=IDLE_HOLD
[ego_planner_node-10] [FSM]: state: WAIT_TARGET
[ego_planner_node-10] wait for goal or trigger.
[offboard_waypoint_node-1] [INFO] [1786825443.383590542] [offboard_waypoint_node]: [CONTROL_ARBITER] selected_source=safety_hold state=IDLE_HOLD
[super_planner_ros2_node-6] [INFO] [1786825443.532536838] [super_planner_ros2_node]: SUPER_ROS2 mode=IDLE enable_output=false reason=WAIT_ALTITUDE_REFERENCE odom=(0.21,-0.01,-0.06) goal=none tracking_setpoint_enu=(0.21,-0.01,-0.06) setpoint_ned=none yaw(desired/cmd/rate)=(0.00/0.00/0.00) cross_track=0.00 frame_id=px4_ned path_points=0 odom_source=/race/odom cloud_source=/saved_map mavros_connected=true
[rviz2-13] [INFO] [1786825443.573071835] [rviz2]: Message Filter dropping message: frame 'odom' at time 1786825442.481 for reason 'discarding message because the queue is full'
[fastlio_bridge_node-2] [INFO] [1786825444.001279844] [fastlio_bridge_node]: 已桥接并转换里程计: ENU(0.21, -0.02, -0.06) -> NED(-0.02, 0.21, 0.06)
[fastlio_bridge_node-2] [INFO] [1786825444.007198538] [fastlio_bridge_node]: 已桥接并转换里程计: ENU(0.21, -0.02, -0.06) -> NED(-0.02, 0.21, 0.06)
[fastlio_bridge_node-2] [INFO] [1786825444.008311198] [fastlio_bridge_node]: 已桥接并转换里程计: ENU(0.21, -0.02, -0.06) -> NED(-0.02, 0.21, 0.06)
[fastlio_bridge_node-2] [INFO] [1786825444.015276271] [fastlio_bridge_node]: 已桥接并转换里程计: ENU(0.21, -0.02, -0.06) -> NED(-0.02, 0.21, 0.06)
[fastlio_bridge_node-2] [INFO] [1786825444.020503795] [fastlio_bridge_node]: 已桥接并转换里程计: ENU(0.21, -0.02, -0.06) -> NED(-0.02, 0.21, 0.06)
[fastlio_bridge_node-2] [INFO] [1786825444.029728047] [fastlio_bridge_node]: 已桥接并转换里程计: ENU(0.21, -0.02, -0.06) -> NED(-0.02, 0.21, 0.06)
[fastlio_bridge_node-2] [INFO] [1786825444.032520184] [fastlio_bridge_node]: 已桥接并转换里程计: ENU(0.21, -0.02, -0.06) -> NED(-0.02, 0.21, 0.06)
[fastlio_bridge_node-2] [INFO] [1786825444.040503568] [fastlio_bridge_node]: 已桥接并转换里程计: ENU(0.21, -0.02, -0.06) -> NED(-0.02, 0.21, 0.06)
[fastlio_bridge_node-2] [INFO] [1786825444.041024318] [fastlio_bridge_node]: 已桥接并转换里程计: ENU(0.21, -0.02, -0.06) -> NED(-0.02, 0.21, 0.06)
[fastlio_bridge_node-2] [INFO] [1786825444.044190281] [fastlio_bridge_node]: 已桥接并转换里程计: ENU(0.21, -0.02, -0.06) -> NED(-0.02, 0.21, 0.06)
[fastlio_bridge_node-2] [INFO] [1786825444.048478924] [fastlio_bridge_node]: 已桥接并转换里程计: ENU(0.21, -0.02, -0.06) -> NED(-0.02, 0.21, 0.06)
[fastlio_bridge_node-2] [INFO] [1786825444.053903122] [fastlio_bridge_node]: 已桥接并转换里程计: ENU(0.21, -0.02, -0.06) -> NED(-0.02, 0.21, 0.06)
[fastlio_bridge_node-2] [INFO] [1786825444.056371917] [fastlio_bridge_node]: 已桥接并转换里程计: ENU(0.21, -0.02, -0.06) -> NED(-0.02, 0.21, 0.06)
[fastlio_bridge_node-2] [INFO] [1786825444.068004048] [fastlio_bridge_node]: 已桥接并转换里程计: ENU(0.21, -0.02, -0.06) -> NED(-0.02, 0.21, 0.06)
[fastlio_bridge_node-2] [INFO] [1786825444.073315224] [fastlio_bridge_node]: 已桥接并转换里程计: ENU(0.21, -0.02, -0.06) -> NED(-0.02, 0.21, 0.06)
[fastlio_bridge_node-2] [INFO] [1786825444.076480474] [fastlio_bridge_node]: 已桥接并转换里程计: ENU(0.21, -0.02, -0.06) -> NED(-0.02, 0.21, 0.06)
[fastlio_bridge_node-2] [INFO] [1786825444.080086704] [fastlio_bridge_node]: 已桥接并转换里程计: ENU(0.21, -0.02, -0.06) -> NED(-0.02, 0.21, 0.06)
[fastlio_bridge_node-2] [INFO] [1786825444.087561519] [fastlio_bridge_node]: 已桥接并转换里程计: ENU(0.21, -0.02, -0.06) -> NED(-0.02, 0.21, 0.06)
[fastlio_bridge_node-2] [INFO] [1786825444.092298155] [fastlio_bridge_node]: 已桥接并转换里程计: ENU(0.21, -0.02, -0.06) -> NED(-0.02, 0.21, 0.06)
[fastlio_bridge_node-2] [INFO] [1786825444.094911978] [fastlio_bridge_node]: 已桥接并转换里程计: ENU(0.21, -0.02, -0.06) -> NED(-0.02, 0.21, 0.06)
[offboard_waypoint_node-1] [INFO] [1786825444.182763363] [offboard_waypoint_node]: [HOLD_ERROR] position_error=0.002 velocity=0.003 state=IDLE_HOLD
[ego_planner_node-10] [FSM]: state: WAIT_TARGET
[ego_planner_node-10] wait for goal or trigger.
[offboard_waypoint_node-1] [INFO] [1786825444.432158783] [offboard_waypoint_node]: [CONTROL_ARBITER] selected_source=safety_hold state=IDLE_HOLD
[super_planner_ros2_node-6] [INFO] [1786825444.583102590] [super_planner_ros2_node]: SUPER_ROS2 mode=IDLE enable_output=false reason=WAIT_ALTITUDE_REFERENCE odom=(0.21,-0.01,-0.06) goal=none tracking_setpoint_enu=(0.21,-0.01,-0.06) setpoint_ned=none yaw(desired/cmd/rate)=(0.00/0.00/0.00) cross_track=0.00 frame_id=px4_ned path_points=0 odom_source=/race/odom cloud_source=/saved_map mavros_connected=true
[race_ego_trajectory_bridge-12] [INFO] [1786825444.642793446] [race_ego_trajectory_bridge]: [EGO_OCCUPANCY_MAP] topic=/race/ego/cloud frame=map raw_points=16344 map_age=0.007
[race_ego_cloud_bridge-8] [INFO] [1786825444.660716254] [race_ego_cloud_bridge]: [EGO_STATIC_MAP_READY] topic=/saved_map frame=map points=11417 fused=true
[race_ego_cloud_bridge-8] [INFO] [1786825444.853159392] [race_ego_cloud_bridge]: [EGO_MAP_FUSION] static_points=11417 live_raw_points=14696 confirmed_live_voxels=4920 min_observations=2 memory_sec=1.00 fused_points=16337
[race_ego_cloud_bridge-8] [INFO] [1786825444.853996118] [race_ego_cloud_bridge]: [EGO_MAP_INPUT] topic=/race/ego/cloud frame=map points=16337 source=static_live_px4 refresh_period=0.00s
[ego_planner_node-10] [INFO] [1786825445.054016770] [race_ego_planner]: [EGO_OCCUPANCY_UPDATE] input_topic=grid_map/cloud input_frame=map occupancy_frame=map cloud_points=16852 local_points=9532 occupied_voxels=23775 camera=(0.207,-0.015,-0.063) local_index_bounds=[(47,44,0),(117,116,8)]
[offboard_waypoint_node-1] [INFO] [1786825445.231488929] [offboard_waypoint_node]: [HOLD_ERROR] position_error=0.003 velocity=0.004 state=IDLE_HOLD
[offboard_waypoint_node-1] [INFO] [1786825445.481555667] [offboard_waypoint_node]: [CONTROL_ARBITER] selected_source=safety_hold state=IDLE_HOLD
[ego_planner_node-10] [FSM]: state: WAIT_TARGET
[ego_planner_node-10] wait for goal or trigger.
[super_planner_ros2_node-6] [INFO] [1786825445.633246459] [super_planner_ros2_node]: SUPER_ROS2 mode=IDLE enable_output=false reason=WAIT_ALTITUDE_REFERENCE odom=(0.21,-0.01,-0.06) goal=none tracking_setpoint_enu=(0.21,-0.01,-0.06) setpoint_ned=none yaw(desired/cmd/rate)=(0.00/0.00/0.00) cross_track=0.00 frame_id=px4_ned path_points=0 odom_source=/race/odom cloud_source=/saved_map mavros_connected=true
[fastlio_bridge_node-2] [INFO] [1786825446.002085550] [fastlio_bridge_node]: 已桥接并转换里程计: ENU(0.21, -0.01, -0.06) -> NED(-0.01, 0.21, 0.06)
[fastlio_bridge_node-2] [INFO] [1786825446.011259268] [fastlio_bridge_node]: 已桥接并转换里程计: ENU(0.21, -0.01, -0.06) -> NED(-0.01, 0.21, 0.06)
[fastlio_bridge_node-2] [INFO] [1786825446.015418336] [fastlio_bridge_node]: 已桥接并转换里程计: ENU(0.21, -0.01, -0.06) -> NED(-0.01, 0.21, 0.06)
[fastlio_bridge_node-2] [INFO] [1786825446.018733721] [fastlio_bridge_node]: 已桥接并转换里程计: ENU(0.21, -0.01, -0.06) -> NED(-0.01, 0.21, 0.06)
[fastlio_bridge_node-2] [INFO] [1786825446.021840706] [fastlio_bridge_node]: 已桥接并转换里程计: ENU(0.21, -0.01, -0.06) -> NED(-0.01, 0.21, 0.06)
[fastlio_bridge_node-2] [INFO] [1786825446.029939296] [fastlio_bridge_node]: 已桥接并转换里程计: ENU(0.21, -0.01, -0.06) -> NED(-0.01, 0.21, 0.06)
[fastlio_bridge_node-2] [INFO] [1786825446.032210150] [fastlio_bridge_node]: 已桥接并转换里程计: ENU(0.21, -0.01, -0.06) -> NED(-0.01, 0.21, 0.06)
[fastlio_bridge_node-2] [INFO] [1786825446.036243912] [fastlio_bridge_node]: 已桥接并转换里程计: ENU(0.21, -0.01, -0.06) -> NED(-0.01, 0.21, 0.06)
[fastlio_bridge_node-2] [INFO] [1786825446.040622620] [fastlio_bridge_node]: 已桥接并转换里程计: ENU(0.21, -0.01, -0.06) -> NED(-0.01, 0.21, 0.06)
[fastlio_bridge_node-2] [INFO] [1786825446.046073894] [fastlio_bridge_node]: 已桥接并转换里程计: ENU(0.21, -0.01, -0.06) -> NED(-0.01, 0.21, 0.06)
[fastlio_bridge_node-2] [INFO] [1786825446.056835306] [fastlio_bridge_node]: 已桥接并转换里程计: ENU(0.21, -0.01, -0.06) -> NED(-0.01, 0.21, 0.06)
[fastlio_bridge_node-2] [INFO] [1786825446.062418904] [fastlio_bridge_node]: 已桥接并转换里程计: ENU(0.21, -0.01, -0.06) -> NED(-0.01, 0.21, 0.06)
[fastlio_bridge_node-2] [INFO] [1786825446.067003192] [fastlio_bridge_node]: 已桥接并转换里程计: ENU(0.21, -0.01, -0.06) -> NED(-0.01, 0.21, 0.06)
[fastlio_bridge_node-2] [INFO] [1786825446.068632220] [fastlio_bridge_node]: 已桥接并转换里程计: ENU(0.21, -0.01, -0.06) -> NED(-0.01, 0.21, 0.06)
[fastlio_bridge_node-2] [INFO] [1786825446.072622789] [fastlio_bridge_node]: 已桥接并转换里程计: ENU(0.21, -0.01, -0.06) -> NED(-0.01, 0.21, 0.06)
[fastlio_bridge_node-2] [INFO] [1786825446.081272986] [fastlio_bridge_node]: 已桥接并转换里程计: ENU(0.21, -0.01, -0.06) -> NED(-0.01, 0.21, 0.06)
[fastlio_bridge_node-2] [INFO] [1786825446.083211185] [fastlio_bridge_node]: 已桥接并转换里程计: ENU(0.21, -0.01, -0.06) -> NED(-0.01, 0.21, 0.06)
[fastlio_bridge_node-2] [INFO] [1786825446.085332853] [fastlio_bridge_node]: 已桥接并转换里程计: ENU(0.21, -0.01, -0.06) -> NED(-0.01, 0.21, 0.06)
[fastlio_bridge_node-2] [INFO] [1786825446.091276125] [fastlio_bridge_node]: 已桥接并转换里程计: ENU(0.21, -0.01, -0.06) -> NED(-0.01, 0.21, 0.06)
[fastlio_bridge_node-2] [INFO] [1786825446.094981300] [fastlio_bridge_node]: 已桥接并转换里程计: ENU(0.21, -0.01, -0.06) -> NED(-0.01, 0.21, 0.06)
[rviz2-13] [INFO] [1786825446.133134171] [rviz2]: Message Filter dropping message: frame 'odom' at time 1786825445.084 for reason 'discarding message because the queue is full'
[offboard_waypoint_node-1] [INFO] [1786825446.280879313] [offboard_waypoint_node]: [HOLD_ERROR] position_error=0.004 velocity=0.001 state=IDLE_HOLD
[offboard_waypoint_node-1] [INFO] [1786825446.531084302] [offboard_waypoint_node]: [CONTROL_ARBITER] selected_source=safety_hold state=IDLE_HOLD
[ego_planner_node-10] [FSM]: state: WAIT_TARGET
[ego_planner_node-10] wait for goal or trigger.
[race_ego_trajectory_bridge-12] [INFO] [1786825446.644339308] [race_ego_trajectory_bridge]: [EGO_OCCUPANCY_MAP] topic=/race/ego/cloud frame=map raw_points=17505 map_age=0.009
[race_ego_cloud_bridge-8] [INFO] [1786825446.660046234] [race_ego_cloud_bridge]: [EGO_STATIC_MAP_READY] topic=/saved_map frame=map points=11417 fused=true
[super_planner_ros2_node-6] [INFO] [1786825446.680593671] [super_planner_ros2_node]: SUPER_ROS2 mode=IDLE enable_output=false reason=WAIT_ALTITUDE_REFERENCE odom=(0.21,-0.01,-0.06) goal=none tracking_setpoint_enu=(0.21,-0.01,-0.06) setpoint_ned=none yaw(desired/cmd/rate)=(0.00/0.00/0.00) cross_track=0.00 frame_id=px4_ned path_points=0 odom_source=/race/odom cloud_source=/saved_map mavros_connected=true
[race_ego_cloud_bridge-8] [INFO] [1786825447.025250015] [race_ego_cloud_bridge]: [EGO_MAP_FUSION] static_points=11417 live_raw_points=14781 confirmed_live_voxels=5790 min_observations=2 memory_sec=1.00 fused_points=17207
[race_ego_cloud_bridge-8] [INFO] [1786825447.026836153] [race_ego_cloud_bridge]: [EGO_MAP_INPUT] topic=/race/ego/cloud frame=map points=17207 source=static_live_px4 refresh_period=0.00s
[ego_planner_node-10] [INFO] [1786825447.229918140] [race_ego_planner]: [EGO_OCCUPANCY_UPDATE] input_topic=grid_map/cloud input_frame=map occupancy_frame=map cloud_points=17547 local_points=9828 occupied_voxels=23758 camera=(0.208,-0.016,-0.061) local_index_bounds=[(47,44,0),(117,116,8)]
[offboard_waypoint_node-1] [INFO] [1786825447.331200966] [offboard_waypoint_node]: [HOLD_ERROR] position_error=0.005 velocity=0.003 state=IDLE_HOLD
[offboard_waypoint_node-1] [INFO] [1786825447.531199870] [offboard_waypoint_node]: [CONTROL_ARBITER] selected_source=safety_hold state=IDLE_HOLD
[ego_planner_node-10] [FSM]: state: WAIT_TARGET
[ego_planner_node-10] wait for goal or trigger.
[super_planner_ros2_node-6] [INFO] [1786825447.729557563] [super_planner_ros2_node]: SUPER_ROS2 mode=IDLE enable_output=false reason=WAIT_ALTITUDE_REFERENCE odom=(0.21,-0.01,-0.06) goal=none tracking_setpoint_enu=(0.21,-0.01,-0.06) setpoint_ned=none yaw(desired/cmd/rate)=(0.00/0.00/0.00) cross_track=0.00 frame_id=px4_ned path_points=0 odom_source=/race/odom cloud_source=/saved_map mavros_connected=true
[fastlio_bridge_node-2] [INFO] [1786825448.000207260] [fastlio_bridge_node]: 已桥接并转换里程计: ENU(0.21, -0.02, -0.06) -> NED(-0.02, 0.21, 0.06)
[fastlio_bridge_node-2] [INFO] [1786825448.002896573] [fastlio_bridge_node]: 已桥接并转换里程计: ENU(0.21, -0.02, -0.06) -> NED(-0.02, 0.21, 0.06)
[fastlio_bridge_node-2] [INFO] [1786825448.008827202] [fastlio_bridge_node]: 已桥接并转换里程计: ENU(0.21, -0.02, -0.06) -> NED(-0.02, 0.21, 0.06)
[fastlio_bridge_node-2] [INFO] [1786825448.011126837] [fastlio_bridge_node]: 已桥接并转换里程计: ENU(0.21, -0.02, -0.06) -> NED(-0.02, 0.21, 0.06)
[fastlio_bridge_node-2] [INFO] [1786825448.017280332] [fastlio_bridge_node]: 已桥接并转换里程计: ENU(0.21, -0.02, -0.06) -> NED(-0.02, 0.21, 0.06)
[fastlio_bridge_node-2] [INFO] [1786825448.019024633] [fastlio_bridge_node]: 已桥接并转换里程计: ENU(0.21, -0.02, -0.06) -> NED(-0.02, 0.21, 0.06)
[fastlio_bridge_node-2] [INFO] [1786825448.023206069] [fastlio_bridge_node]: 已桥接并转换里程计: ENU(0.21, -0.02, -0.06) -> NED(-0.02, 0.21, 0.06)
[fastlio_bridge_node-2] [INFO] [1786825448.030509382] [fastlio_bridge_node]: 已桥接并转换里程计: ENU(0.21, -0.02, -0.06) -> NED(-0.02, 0.21, 0.06)
[fastlio_bridge_node-2] [INFO] [1786825448.036776640] [fastlio_bridge_node]: 已桥接并转换里程计: ENU(0.21, -0.02, -0.06) -> NED(-0.02, 0.21, 0.06)
[fastlio_bridge_node-2] [INFO] [1786825448.042026697] [fastlio_bridge_node]: 已桥接并转换里程计: ENU(0.21, -0.02, -0.06) -> NED(-0.02, 0.21, 0.06)
[fastlio_bridge_node-2] [INFO] [1786825448.043616346] [fastlio_bridge_node]: 已桥接并转换里程计: ENU(0.21, -0.02, -0.06) -> NED(-0.02, 0.21, 0.06)
[fastlio_bridge_node-2] [INFO] [1786825448.051902497] [fastlio_bridge_node]: 已桥接并转换里程计: ENU(0.21, -0.02, -0.06) -> NED(-0.02, 0.21, 0.06)
[fastlio_bridge_node-2] [INFO] [1786825448.054456784] [fastlio_bridge_node]: 已桥接并转换里程计: ENU(0.21, -0.02, -0.06) -> NED(-0.02, 0.21, 0.06)
[fastlio_bridge_node-2] [INFO] [1786825448.061973315] [fastlio_bridge_node]: 已桥接并转换里程计: ENU(0.21, -0.02, -0.06) -> NED(-0.02, 0.21, 0.06)
[fastlio_bridge_node-2] [INFO] [1786825448.064548699] [fastlio_bridge_node]: 已桥接并转换里程计: ENU(0.21, -0.02, -0.06) -> NED(-0.02, 0.21, 0.06)
[fastlio_bridge_node-2] [INFO] [1786825448.069876699] [fastlio_bridge_node]: 已桥接并转换里程计: ENU(0.21, -0.02, -0.06) -> NED(-0.02, 0.21, 0.06)
[fastlio_bridge_node-2] [INFO] [1786825448.074460112] [fastlio_bridge_node]: 已桥接并转换里程计: ENU(0.21, -0.02, -0.06) -> NED(-0.02, 0.21, 0.06)
[fastlio_bridge_node-2] [INFO] [1786825448.081906937] [fastlio_bridge_node]: 已桥接并转换里程计: ENU(0.21, -0.02, -0.06) -> NED(-0.02, 0.21, 0.06)
[fastlio_bridge_node-2] [INFO] [1786825448.084670360] [fastlio_bridge_node]: 已桥接并转换里程计: ENU(0.21, -0.02, -0.06) -> NED(-0.02, 0.21, 0.06)
[fastlio_bridge_node-2] [INFO] [1786825448.091706024] [fastlio_bridge_node]: 已桥接并转换里程计: ENU(0.21, -0.02, -0.06) -> NED(-0.02, 0.21, 0.06)
[fastlio_bridge_node-2] [INFO] [1786825448.094571293] [fastlio_bridge_node]: 已桥接并转换里程计: ENU(0.21, -0.02, -0.06) -> NED(-0.02, 0.21, 0.06)
[offboard_waypoint_node-1] [INFO] [1786825448.379597873] [offboard_waypoint_node]: [HOLD_ERROR] position_error=0.004 velocity=0.001 state=IDLE_HOLD
[offboard_waypoint_node-1] [INFO] [1786825448.579202182] [offboard_waypoint_node]: [CONTROL_ARBITER] selected_source=safety_hold state=IDLE_HOLD
[rviz2-13] [INFO] [1786825448.635848546] [rviz2]: Message Filter dropping message: frame 'odom' at time 1786825447.581 for reason 'discarding message because the queue is full'
[race_ego_trajectory_bridge-12] [INFO] [1786825448.644702569] [race_ego_trajectory_bridge]: [EGO_OCCUPANCY_MAP] topic=/race/ego/cloud frame=map raw_points=17718 map_age=0.010
[race_ego_cloud_bridge-8] [INFO] [1786825448.658460918] [race_ego_cloud_bridge]: [EGO_STATIC_MAP_READY] topic=/saved_map frame=map points=11417 fused=true
[ego_planner_node-10] [FSM]: state: WAIT_TARGET
[ego_planner_node-10] wait for goal or trigger.
[super_planner_ros2_node-6] [INFO] [1786825448.778914758] [super_planner_ros2_node]: SUPER_ROS2 mode=IDLE enable_output=false reason=WAIT_ALTITUDE_REFERENCE odom=(0.21,-0.02,-0.06) goal=none tracking_setpoint_enu=(0.21,-0.02,-0.06) setpoint_ned=none yaw(desired/cmd/rate)=(0.00/0.00/0.00) cross_track=0.00 frame_id=px4_ned path_points=0 odom_source=/race/odom cloud_source=/saved_map mavros_connected=true
[race_ego_cloud_bridge-8] [INFO] [1786825449.057199662] [race_ego_cloud_bridge]: [EGO_MAP_FUSION] static_points=11417 live_raw_points=14753 confirmed_live_voxels=5768 min_observations=2 memory_sec=1.00 fused_points=17185
[race_ego_cloud_bridge-8] [INFO] [1786825449.058198285] [race_ego_cloud_bridge]: [EGO_MAP_INPUT] topic=/race/ego/cloud frame=map points=17185 source=static_live_px4 refresh_period=0.00s
[ego_planner_node-10] [INFO] [1786825449.254082690] [race_ego_planner]: [EGO_OCCUPANCY_UPDATE] input_topic=grid_map/cloud input_frame=map occupancy_frame=map cloud_points=16855 local_points=9536 occupied_voxels=23716 camera=(0.206,-0.015,-0.061) local_index_bounds=[(47,44,0),(117,116,8)]
[offboard_waypoint_node-1] [INFO] [1786825449.428746982] [offboard_waypoint_node]: [HOLD_ERROR] position_error=0.004 velocity=0.003 state=IDLE_HOLD
[offboard_waypoint_node-1] [INFO] [1786825449.629683096] [offboard_waypoint_node]: [CONTROL_ARBITER] selected_source=safety_hold state=IDLE_HOLD
[super_planner_ros2_node-6] [INFO] [1786825449.779374404] [super_planner_ros2_node]: SUPER_ROS2 mode=IDLE enable_output=false reason=WAIT_ALTITUDE_REFERENCE odom=(0.21,-0.02,-0.06) goal=none tracking_setpoint_enu=(0.21,-0.02,-0.06) setpoint_ned=none yaw(desired/cmd/rate)=(0.00/0.00/0.00) cross_track=0.00 frame_id=px4_ned path_points=0 odom_source=/race/odom cloud_source=/saved_map mavros_connected=true
[ego_planner_node-10] [FSM]: state: WAIT_TARGET
[ego_planner_node-10] wait for goal or trigger.
[fastlio_bridge_node-2] [INFO] [1786825450.001069837] [fastlio_bridge_node]: 已桥接并转换里程计: ENU(0.21, -0.02, -0.06) -> NED(-0.02, 0.21, 0.06)
[fastlio_bridge_node-2] [INFO] [1786825450.009193315] [fastlio_bridge_node]: 已桥接并转换里程计: ENU(0.21, -0.02, -0.06) -> NED(-0.02, 0.21, 0.06)
[fastlio_bridge_node-2] [INFO] [1786825450.011014440] [fastlio_bridge_node]: 已桥接并转换里程计: ENU(0.21, -0.02, -0.06) -> NED(-0.02, 0.21, 0.06)
[fastlio_bridge_node-2] [INFO] [1786825450.013059807] [fastlio_bridge_node]: 已桥接并转换里程计: ENU(0.21, -0.02, -0.06) -> NED(-0.02, 0.21, 0.06)
[fastlio_bridge_node-2] [INFO] [1786825450.018843623] [fastlio_bridge_node]: 已桥接并转换里程计: ENU(0.21, -0.02, -0.06) -> NED(-0.02, 0.21, 0.06)
[fastlio_bridge_node-2] [INFO] [1786825450.024456072] [fastlio_bridge_node]: 已桥接并转换里程计: ENU(0.21, -0.02, -0.06) -> NED(-0.02, 0.21, 0.06)
[fastlio_bridge_node-2] [INFO] [1786825450.034625134] [fastlio_bridge_node]: 已桥接并转换里程计: ENU(0.21, -0.02, -0.06) -> NED(-0.02, 0.21, 0.06)
[fastlio_bridge_node-2] [INFO] [1786825450.037379360] [fastlio_bridge_node]: 已桥接并转换里程计: ENU(0.21, -0.02, -0.06) -> NED(-0.02, 0.21, 0.06)
[fastlio_bridge_node-2] [INFO] [1786825450.040113057] [fastlio_bridge_node]: 已桥接并转换里程计: ENU(0.21, -0.02, -0.06) -> NED(-0.02, 0.21, 0.06)
[fastlio_bridge_node-2] [INFO] [1786825450.048144823] [fastlio_bridge_node]: 已桥接并转换里程计: ENU(0.21, -0.02, -0.06) -> NED(-0.02, 0.21, 0.06)
[fastlio_bridge_node-2] [INFO] [1786825450.054376116] [fastlio_bridge_node]: 已桥接并转换里程计: ENU(0.21, -0.02, -0.06) -> NED(-0.02, 0.21, 0.06)
[fastlio_bridge_node-2] [INFO] [1786825450.059508744] [fastlio_bridge_node]: 已桥接并转换里程计: ENU(0.21, -0.02, -0.06) -> NED(-0.02, 0.21, 0.06)
[fastlio_bridge_node-2] [INFO] [1786825450.062125842] [fastlio_bridge_node]: 已桥接并转换里程计: ENU(0.21, -0.02, -0.06) -> NED(-0.02, 0.21, 0.06)
[fastlio_bridge_node-2] [INFO] [1786825450.068878268] [fastlio_bridge_node]: 已桥接并转换里程计: ENU(0.21, -0.02, -0.06) -> NED(-0.02, 0.21, 0.06)
[fastlio_bridge_node-2] [INFO] [1786825450.073299525] [fastlio_bridge_node]: 已桥接并转换里程计: ENU(0.21, -0.02, -0.06) -> NED(-0.02, 0.21, 0.06)
[fastlio_bridge_node-2] [INFO] [1786825450.079315756] [fastlio_bridge_node]: 已桥接并转换里程计: ENU(0.21, -0.02, -0.06) -> NED(-0.02, 0.21, 0.06)
[fastlio_bridge_node-2] [INFO] [1786825450.084741136] [fastlio_bridge_node]: 已桥接并转换里程计: ENU(0.21, -0.02, -0.06) -> NED(-0.02, 0.21, 0.06)
[fastlio_bridge_node-2] [INFO] [1786825450.092826617] [fastlio_bridge_node]: 已桥接并转换里程计: ENU(0.21, -0.02, -0.06) -> NED(-0.02, 0.21, 0.06)
[fastlio_bridge_node-2] [INFO] [1786825450.097483463] [fastlio_bridge_node]: 已桥接并转换里程计: ENU(0.21, -0.02, -0.06) -> NED(-0.02, 0.21, 0.06)
[fastlio_bridge_node-2] [INFO] [1786825450.099924357] [fastlio_bridge_node]: 已桥接并转换里程计: ENU(0.21, -0.02, -0.06) -> NED(-0.02, 0.21, 0.06)
[offboard_waypoint_node-1] [INFO] [1786825450.478196711] [offboard_waypoint_node]: [HOLD_ERROR] position_error=0.004 velocity=0.002 state=IDLE_HOLD
[race_ego_cloud_bridge-8] [INFO] [1786825450.657952550] [race_ego_cloud_bridge]: [EGO_STATIC_MAP_READY] topic=/saved_map frame=map points=11417 fused=true
[offboard_waypoint_node-1] [INFO] [1786825450.678451895] [offboard_waypoint_node]: [CONTROL_ARBITER] selected_source=safety_hold state=IDLE_HOLD
[super_planner_ros2_node-6] [INFO] [1786825450.827950441] [super_planner_ros2_node]: SUPER_ROS2 mode=IDLE enable_output=false reason=WAIT_ALTITUDE_REFERENCE odom=(0.21,-0.01,-0.06) goal=none tracking_setpoint_enu=(0.21,-0.01,-0.06) setpoint_ned=none yaw(desired/cmd/rate)=(0.00/0.00/0.00) cross_track=0.00 frame_id=px4_ned path_points=0 odom_source=/race/odom cloud_source=/saved_map mavros_connected=true
[race_ego_trajectory_bridge-12] [INFO] [1786825450.847516049] [race_ego_trajectory_bridge]: [EGO_OCCUPANCY_MAP] topic=/race/ego/cloud frame=map raw_points=17808 map_age=0.010
[ego_planner_node-10] [FSM]: state: WAIT_TARGET
[ego_planner_node-10] wait for goal or trigger.
[race_ego_cloud_bridge-8] [INFO] [1786825451.227126957] [race_ego_cloud_bridge]: [EGO_MAP_FUSION] static_points=11417 live_raw_points=17760 confirmed_live_voxels=6472 min_observations=2 memory_sec=1.00 fused_points=17889
[race_ego_cloud_bridge-8] [INFO] [1786825451.229293463] [race_ego_cloud_bridge]: [EGO_MAP_INPUT] topic=/race/ego/cloud frame=map points=17889 source=static_live_px4 refresh_period=0.00s
[rviz2-13] [INFO] [1786825451.256838636] [rviz2]: Message Filter dropping message: frame 'odom' at time 1786825450.182 for reason 'discarding message because the queue is full'
[ego_planner_node-10] [INFO] [1786825451.449427218] [race_ego_planner]: [EGO_OCCUPANCY_UPDATE] input_topic=grid_map/cloud input_frame=map occupancy_frame=map cloud_points=18071 local_points=9907 occupied_voxels=23759 camera=(0.206,-0.015,-0.061) local_index_bounds=[(47,44,0),(117,116,8)]
[offboard_waypoint_node-1] [INFO] [1786825451.527992105] [offboard_waypoint_node]: [HOLD_ERROR] position_error=0.006 velocity=0.006 state=IDLE_HOLD
[offboard_waypoint_node-1] [INFO] [1786825451.728324281] [offboard_waypoint_node]: [CONTROL_ARBITER] selected_source=safety_hold state=IDLE_HOLD
[super_planner_ros2_node-6] [INFO] [1786825451.877510801] [super_planner_ros2_node]: SUPER_ROS2 mode=IDLE enable_output=false reason=WAIT_ALTITUDE_REFERENCE odom=(0.21,-0.01,-0.06) goal=none tracking_setpoint_enu=(0.21,-0.01,-0.06) setpoint_ned=none yaw(desired/cmd/rate)=(0.00/0.00/0.00) cross_track=0.00 frame_id=px4_ned path_points=0 odom_source=/race/odom cloud_source=/saved_map mavros_connected=true
[fastlio_bridge_node-2] [INFO] [1786825452.001669092] [fastlio_bridge_node]: 已桥接并转换里程计: ENU(0.21, -0.02, -0.06) -> NED(-0.02, 0.21, 0.06)
[ego_planner_node-10] [FSM]: state: WAIT_TARGET
[ego_planner_node-10] wait for goal or trigger.
[fastlio_bridge_node-2] [INFO] [1786825452.012758789] [fastlio_bridge_node]: 已桥接并转换里程计: ENU(0.21, -0.02, -0.06) -> NED(-0.02, 0.21, 0.06)
[fastlio_bridge_node-2] [INFO] [1786825452.019587645] [fastlio_bridge_node]: 已桥接并转换里程计: ENU(0.21, -0.02, -0.06) -> NED(-0.02, 0.21, 0.06)
[fastlio_bridge_node-2] [INFO] [1786825452.039422250] [fastlio_bridge_node]: 已桥接并转换里程计: ENU(0.21, -0.02, -0.06) -> NED(-0.02, 0.21, 0.06)
[fastlio_bridge_node-2] [INFO] [1786825452.042882757] [fastlio_bridge_node]: 已桥接并转换里程计: ENU(0.21, -0.02, -0.06) -> NED(-0.02, 0.21, 0.06)
[fastlio_bridge_node-2] [INFO] [1786825452.046438830] [fastlio_bridge_node]: 已桥接并转换里程计: ENU(0.21, -0.02, -0.06) -> NED(-0.02, 0.21, 0.06)
[fastlio_bridge_node-2] [INFO] [1786825452.050244101] [fastlio_bridge_node]: 已桥接并转换里程计: ENU(0.21, -0.02, -0.06) -> NED(-0.02, 0.21, 0.06)
[fastlio_bridge_node-2] [INFO] [1786825452.054599379] [fastlio_bridge_node]: 已桥接并转换里程计: ENU(0.21, -0.02, -0.06) -> NED(-0.02, 0.21, 0.06)
[fastlio_bridge_node-2] [INFO] [1786825452.060676326] [fastlio_bridge_node]: 已桥接并转换里程计: ENU(0.21, -0.02, -0.06) -> NED(-0.02, 0.21, 0.06)
[fastlio_bridge_node-2] [INFO] [1786825452.064603191] [fastlio_bridge_node]: 已桥接并转换里程计: ENU(0.21, -0.02, -0.06) -> NED(-0.02, 0.21, 0.06)
[fastlio_bridge_node-2] [INFO] [1786825452.070996777] [fastlio_bridge_node]: 已桥接并转换里程计: ENU(0.21, -0.02, -0.06) -> NED(-0.02, 0.21, 0.06)
[fastlio_bridge_node-2] [INFO] [1786825452.075153182] [fastlio_bridge_node]: 已桥接并转换里程计: ENU(0.21, -0.02, -0.06) -> NED(-0.02, 0.21, 0.06)
[fastlio_bridge_node-2] [INFO] [1786825452.080741829] [fastlio_bridge_node]: 已桥接并转换里程计: ENU(0.21, -0.02, -0.06) -> NED(-0.02, 0.21, 0.06)
[fastlio_bridge_node-2] [INFO] [1786825452.083164402] [fastlio_bridge_node]: 已桥接并转换里程计: ENU(0.21, -0.02, -0.06) -> NED(-0.02, 0.21, 0.06)
[fastlio_bridge_node-2] [INFO] [1786825452.096791276] [fastlio_bridge_node]: 已桥接并转换里程计: ENU(0.21, -0.02, -0.06) -> NED(-0.02, 0.21, 0.06)
[offboard_waypoint_node-1] [INFO] [1786825452.531169906] [offboard_waypoint_node]: [HOLD_ERROR] position_error=0.007 velocity=0.006 state=IDLE_HOLD
[race_ego_cloud_bridge-8] [INFO] [1786825452.657569927] [race_ego_cloud_bridge]: [EGO_STATIC_MAP_READY] topic=/saved_map frame=map points=11417 fused=true
[offboard_waypoint_node-1] [INFO] [1786825452.777585728] [offboard_waypoint_node]: [CONTROL_ARBITER] selected_source=safety_hold state=IDLE_HOLD
[super_planner_ros2_node-6] [INFO] [1786825452.877700403] [super_planner_ros2_node]: SUPER_ROS2 mode=IDLE enable_output=false reason=WAIT_ALTITUDE_REFERENCE odom=(0.21,-0.02,-0.06) goal=none tracking_setpoint_enu=(0.21,-0.02,-0.06) setpoint_ned=none yaw(desired/cmd/rate)=(0.00/0.00/0.00) cross_track=0.00 frame_id=px4_ned path_points=0 odom_source=/race/odom cloud_source=/saved_map mavros_connected=true
[race_ego_trajectory_bridge-12] [INFO] [1786825452.950203737] [race_ego_trajectory_bridge]: [EGO_OCCUPANCY_MAP] topic=/race/ego/cloud frame=map raw_points=17529 map_age=0.008
[ego_planner_node-10] [FSM]: state: WAIT_TARGET
[ego_planner_node-10] wait for goal or trigger.
[race_ego_cloud_bridge-8] [INFO] [1786825453.346114528] [race_ego_cloud_bridge]: [EGO_MAP_FUSION] static_points=11417 live_raw_points=17883 confirmed_live_voxels=6341 min_observations=2 memory_sec=1.00 fused_points=17758
[race_ego_cloud_bridge-8] [INFO] [1786825453.346572425] [race_ego_cloud_bridge]: [EGO_MAP_INPUT] topic=/race/ego/cloud frame=map points=17758 source=static_live_px4 refresh_period=0.00s
[ego_planner_node-10] [INFO] [1786825453.550996864] [race_ego_planner]: [EGO_OCCUPANCY_UPDATE] input_topic=grid_map/cloud input_frame=map occupancy_frame=map cloud_points=17785 local_points=9933 occupied_voxels=23795 camera=(0.206,-0.016,-0.061) local_index_bounds=[(47,44,0),(117,117,8)]
[offboard_waypoint_node-1] [INFO] [1786825453.576827848] [offboard_waypoint_node]: [HOLD_ERROR] position_error=0.003 velocity=0.003 state=IDLE_HOLD
[offboard_waypoint_node-1] [INFO] [1786825453.826867790] [offboard_waypoint_node]: [CONTROL_ARBITER] selected_source=safety_hold state=IDLE_HOLD
[rviz2-13] [INFO] [1786825453.877181361] [rviz2]: Message Filter dropping message: frame 'odom' at time 1786825452.781 for reason 'discarding message because the queue is full'
[super_planner_ros2_node-6] [INFO] [1786825453.927166236] [super_planner_ros2_node]: SUPER_ROS2 mode=IDLE enable_output=false reason=WAIT_ALTITUDE_REFERENCE odom=(0.21,-0.02,-0.06) goal=none tracking_setpoint_enu=(0.21,-0.02,-0.06) setpoint_ned=none yaw(desired/cmd/rate)=(0.00/0.00/0.00) cross_track=0.00 frame_id=px4_ned path_points=0 odom_source=/race/odom cloud_source=/saved_map mavros_connected=true
[fastlio_bridge_node-2] [INFO] [1786825454.004513527] [fastlio_bridge_node]: 已桥接并转换里程计: ENU(0.21, -0.02, -0.06) -> NED(-0.02, 0.21, 0.06)
[fastlio_bridge_node-2] [INFO] [1786825454.010095784] [fastlio_bridge_node]: 已桥接并转换里程计: ENU(0.21, -0.02, -0.06) -> NED(-0.02, 0.21, 0.06)
[fastlio_bridge_node-2] [INFO] [1786825454.014874737] [fastlio_bridge_node]: 已桥接并转换里程计: ENU(0.21, -0.02, -0.06) -> NED(-0.02, 0.21, 0.06)
[fastlio_bridge_node-2] [INFO] [1786825454.022116030] [fastlio_bridge_node]: 已桥接并转换里程计: ENU(0.21, -0.02, -0.06) -> NED(-0.02, 0.21, 0.06)
[fastlio_bridge_node-2] [INFO] [1786825454.024584959] [fastlio_bridge_node]: 已桥接并转换里程计: ENU(0.21, -0.02, -0.06) -> NED(-0.02, 0.21, 0.06)
[fastlio_bridge_node-2] [INFO] [1786825454.027888057] [fastlio_bridge_node]: 已桥接并转换里程计: ENU(0.21, -0.02, -0.06) -> NED(-0.02, 0.21, 0.06)
[fastlio_bridge_node-2] [INFO] [1786825454.033182682] [fastlio_bridge_node]: 已桥接并转换里程计: ENU(0.21, -0.02, -0.06) -> NED(-0.02, 0.21, 0.06)
[fastlio_bridge_node-2] [INFO] [1786825454.041275791] [fastlio_bridge_node]: 已桥接并转换里程计: ENU(0.21, -0.02, -0.06) -> NED(-0.02, 0.21, 0.06)
[fastlio_bridge_node-2] [INFO] [1786825454.042666538] [fastlio_bridge_node]: 已桥接并转换里程计: ENU(0.21, -0.02, -0.06) -> NED(-0.02, 0.21, 0.06)
[fastlio_bridge_node-2] [INFO] [1786825454.047253911] [fastlio_bridge_node]: 已桥接并转换里程计: ENU(0.21, -0.02, -0.06) -> NED(-0.02, 0.21, 0.06)
[fastlio_bridge_node-2] [INFO] [1786825454.052879775] [fastlio_bridge_node]: 已桥接并转换里程计: ENU(0.21, -0.02, -0.06) -> NED(-0.02, 0.21, 0.06)
[fastlio_bridge_node-2] [INFO] [1786825454.060691687] [fastlio_bridge_node]: 已桥接并转换里程计: ENU(0.21, -0.02, -0.06) -> NED(-0.02, 0.21, 0.06)
[fastlio_bridge_node-2] [INFO] [1786825454.072853183] [fastlio_bridge_node]: 已桥接并转换里程计: ENU(0.21, -0.02, -0.06) -> NED(-0.02, 0.21, 0.06)
[fastlio_bridge_node-2] [INFO] [1786825454.074718806] [fastlio_bridge_node]: 已桥接并转换里程计: ENU(0.21, -0.02, -0.06) -> NED(-0.02, 0.21, 0.06)
[fastlio_bridge_node-2] [INFO] [1786825454.077149516] [fastlio_bridge_node]: 已桥接并转换里程计: ENU(0.21, -0.02, -0.06) -> NED(-0.02, 0.21, 0.06)
[fastlio_bridge_node-2] [INFO] [1786825454.081449632] [fastlio_bridge_node]: 已桥接并转换里程计: ENU(0.21, -0.02, -0.06) -> NED(-0.02, 0.21, 0.06)
[fastlio_bridge_node-2] [INFO] [1786825454.094688341] [fastlio_bridge_node]: 已桥接并转换里程计: ENU(0.21, -0.02, -0.06) -> NED(-0.02, 0.21, 0.06)
[fastlio_bridge_node-2] [INFO] [1786825454.096760313] [fastlio_bridge_node]: 已桥接并转换里程计: ENU(0.21, -0.02, -0.06) -> NED(-0.02, 0.21, 0.06)
[ego_planner_node-10] [FSM]: state: WAIT_TARGET
[ego_planner_node-10] wait for goal or trigger.
[offboard_waypoint_node-1] [INFO] [1786825454.627525572] [offboard_waypoint_node]: [HOLD_ERROR] position_error=0.001 velocity=0.006 state=IDLE_HOLD
[race_ego_cloud_bridge-8] [INFO] [1786825454.654807130] [race_ego_cloud_bridge]: [EGO_STATIC_MAP_READY] topic=/saved_map frame=map points=11417 fused=true
[offboard_waypoint_node-1] [INFO] [1786825454.827531787] [offboard_waypoint_node]: [CONTROL_ARBITER] selected_source=safety_hold state=IDLE_HOLD
[super_planner_ros2_node-6] [INFO] [1786825454.976246359] [super_planner_ros2_node]: SUPER_ROS2 mode=IDLE enable_output=false reason=WAIT_ALTITUDE_REFERENCE odom=(0.21,-0.01,-0.06) goal=none tracking_setpoint_enu=(0.21,-0.01,-0.06) setpoint_ned=none yaw(desired/cmd/rate)=(0.00/0.00/0.00) cross_track=0.00 frame_id=px4_ned path_points=0 odom_source=/race/odom cloud_source=/saved_map mavros_connected=true
[race_ego_trajectory_bridge-12] [INFO] [1786825455.072755283] [race_ego_trajectory_bridge]: [EGO_OCCUPANCY_MAP] topic=/race/ego/cloud frame=map raw_points=16842 map_age=0.010
[ego_planner_node-10] [FSM]: state: WAIT_TARGET
[ego_planner_node-10] wait for goal or trigger.
[race_ego_cloud_bridge-8] [INFO] [1786825455.430082144] [race_ego_cloud_bridge]: [EGO_MAP_FUSION] static_points=11417 live_raw_points=17736 confirmed_live_voxels=5764 min_observations=2 memory_sec=1.00 fused_points=17181
[race_ego_cloud_bridge-8] [INFO] [1786825455.431283725] [race_ego_cloud_bridge]: [EGO_MAP_INPUT] topic=/race/ego/cloud frame=map points=17181 source=static_live_px4 refresh_period=0.00s
[ego_planner_node-10] [INFO] [1786825455.657307365] [race_ego_planner]: [EGO_OCCUPANCY_UPDATE] input_topic=grid_map/cloud input_frame=map occupancy_frame=map cloud_points=16556 local_points=9475 occupied_voxels=23758 camera=(0.206,-0.015,-0.062) local_index_bounds=[(47,44,0),(117,116,8)]
[offboard_waypoint_node-1] [INFO] [1786825455.676319790] [offboard_waypoint_node]: [HOLD_ERROR] position_error=0.004 velocity=0.004 state=IDLE_HOLD
[offboard_waypoint_node-1] [INFO] [1786825455.876315862] [offboard_waypoint_node]: [CONTROL_ARBITER] selected_source=safety_hold state=IDLE_HOLD
[fastlio_bridge_node-2] [INFO] [1786825456.005910191] [fastlio_bridge_node]: 已桥接并转换里程计: ENU(0.21, -0.01, -0.06) -> NED(-0.01, 0.21, 0.06)
[fastlio_bridge_node-2] [INFO] [1786825456.012367876] [fastlio_bridge_node]: 已桥接并转换里程计: ENU(0.21, -0.01, -0.06) -> NED(-0.01, 0.21, 0.06)
[fastlio_bridge_node-2] [INFO] [1786825456.015733534] [fastlio_bridge_node]: 已桥接并转换里程计: ENU(0.21, -0.01, -0.06) -> NED(-0.01, 0.21, 0.06)
[fastlio_bridge_node-2] [INFO] [1786825456.017833196] [fastlio_bridge_node]: 已桥接并转换里程计: ENU(0.21, -0.01, -0.06) -> NED(-0.01, 0.21, 0.06)
[fastlio_bridge_node-2] [INFO] [1786825456.025371287] [fastlio_bridge_node]: 已桥接并转换里程计: ENU(0.21, -0.01, -0.06) -> NED(-0.01, 0.21, 0.06)
[super_planner_ros2_node-6] [INFO] [1786825456.025984913] [super_planner_ros2_node]: SUPER_ROS2 mode=IDLE enable_output=false reason=WAIT_ALTITUDE_REFERENCE odom=(0.21,-0.01,-0.06) goal=none tracking_setpoint_enu=(0.21,-0.01,-0.06) setpoint_ned=none yaw(desired/cmd/rate)=(0.00/0.00/0.00) cross_track=0.00 frame_id=px4_ned path_points=0 odom_source=/race/odom cloud_source=/saved_map mavros_connected=true
[fastlio_bridge_node-2] [INFO] [1786825456.029127133] [fastlio_bridge_node]: 已桥接并转换里程计: ENU(0.21, -0.01, -0.06) -> NED(-0.01, 0.21, 0.06)
[fastlio_bridge_node-2] [INFO] [1786825456.033501902] [fastlio_bridge_node]: 已桥接并转换里程计: ENU(0.21, -0.01, -0.06) -> NED(-0.01, 0.21, 0.06)
[fastlio_bridge_node-2] [INFO] [1786825456.036999416] [fastlio_bridge_node]: 已桥接并转换里程计: ENU(0.21, -0.01, -0.06) -> NED(-0.01, 0.21, 0.06)
[fastlio_bridge_node-2] [INFO] [1786825456.043870844] [fastlio_bridge_node]: 已桥接并转换里程计: ENU(0.21, -0.01, -0.06) -> NED(-0.01, 0.21, 0.06)
[fastlio_bridge_node-2] [INFO] [1786825456.045922280] [fastlio_bridge_node]: 已桥接并转换里程计: ENU(0.21, -0.01, -0.06) -> NED(-0.01, 0.21, 0.06)
[fastlio_bridge_node-2] [INFO] [1786825456.051303588] [fastlio_bridge_node]: 已桥接并转换里程计: ENU(0.21, -0.01, -0.06) -> NED(-0.01, 0.21, 0.06)
[fastlio_bridge_node-2] [INFO] [1786825456.060118763] [fastlio_bridge_node]: 已桥接并转换里程计: ENU(0.21, -0.01, -0.06) -> NED(-0.01, 0.21, 0.06)
[fastlio_bridge_node-2] [INFO] [1786825456.067996100] [fastlio_bridge_node]: 已桥接并转换里程计: ENU(0.21, -0.01, -0.06) -> NED(-0.01, 0.21, 0.06)
[fastlio_bridge_node-2] [INFO] [1786825456.072543543] [fastlio_bridge_node]: 已桥接并转换里程计: ENU(0.21, -0.01, -0.06) -> NED(-0.01, 0.21, 0.06)
[fastlio_bridge_node-2] [INFO] [1786825456.078140603] [fastlio_bridge_node]: 已桥接并转换里程计: ENU(0.21, -0.01, -0.06) -> NED(-0.01, 0.21, 0.06)
[fastlio_bridge_node-2] [INFO] [1786825456.080546612] [fastlio_bridge_node]: 已桥接并转换里程计: ENU(0.21, -0.01, -0.06) -> NED(-0.01, 0.21, 0.06)
[fastlio_bridge_node-2] [INFO] [1786825456.084517447] [fastlio_bridge_node]: 已桥接并转换里程计: ENU(0.21, -0.01, -0.06) -> NED(-0.01, 0.21, 0.06)
[fastlio_bridge_node-2] [INFO] [1786825456.087712906] [fastlio_bridge_node]: 已桥接并转换里程计: ENU(0.21, -0.01, -0.06) -> NED(-0.01, 0.21, 0.06)
[fastlio_bridge_node-2] [INFO] [1786825456.097426039] [fastlio_bridge_node]: 已桥接并转换里程计: ENU(0.21, -0.01, -0.06) -> NED(-0.01, 0.21, 0.06)
[ego_planner_node-10] [FSM]: state: WAIT_TARGET
[ego_planner_node-10] wait for goal or trigger.
[rviz2-13] [INFO] [1786825456.439741373] [rviz2]: Message Filter dropping message: frame 'odom' at time 1786825455.382 for reason 'discarding message because the queue is full'
[race_ego_cloud_bridge-8] [INFO] [1786825456.656434776] [race_ego_cloud_bridge]: [EGO_STATIC_MAP_READY] topic=/saved_map frame=map points=11417 fused=true
[offboard_waypoint_node-1] [INFO] [1786825456.726157563] [offboard_waypoint_node]: [HOLD_ERROR] position_error=0.003 velocity=0.001 state=IDLE_HOLD
[offboard_waypoint_node-1] [INFO] [1786825456.876403488] [offboard_waypoint_node]: [CONTROL_ARBITER] selected_source=safety_hold state=IDLE_HOLD
[super_planner_ros2_node-6] [INFO] [1786825457.026038321] [super_planner_ros2_node]: SUPER_ROS2 mode=IDLE enable_output=false reason=WAIT_ALTITUDE_REFERENCE odom=(0.21,-0.01,-0.06) goal=none tracking_setpoint_enu=(0.21,-0.01,-0.06) setpoint_ned=none yaw(desired/cmd/rate)=(0.00/0.00/0.00) cross_track=0.00 frame_id=px4_ned path_points=0 odom_source=/race/odom cloud_source=/saved_map mavros_connected=true
[race_ego_trajectory_bridge-12] [INFO] [1786825457.241202584] [race_ego_trajectory_bridge]: [EGO_OCCUPANCY_MAP] topic=/race/ego/cloud frame=map raw_points=16598 map_age=0.007
[ego_planner_node-10] [FSM]: state: WAIT_TARGET
[ego_planner_node-10] wait for goal or trigger.
[race_ego_cloud_bridge-8] [INFO] [1786825457.471183616] [race_ego_cloud_bridge]: [EGO_MAP_FUSION] static_points=11417 live_raw_points=14854 confirmed_live_voxels=5193 min_observations=2 memory_sec=1.00 fused_points=16610
[race_ego_cloud_bridge-8] [INFO] [1786825457.473568813] [race_ego_cloud_bridge]: [EGO_MAP_INPUT] topic=/race/ego/cloud frame=map points=16610 source=static_live_px4 refresh_period=0.00s
[offboard_waypoint_node-1] [INFO] [1786825457.775704664] [offboard_waypoint_node]: [HOLD_ERROR] position_error=0.003 velocity=0.001 state=IDLE_HOLD
[ego_planner_node-10] [INFO] [1786825457.831396629] [race_ego_planner]: [EGO_OCCUPANCY_UPDATE] input_topic=grid_map/cloud input_frame=map occupancy_frame=map cloud_points=17102 local_points=9623 occupied_voxels=23720 camera=(0.206,-0.015,-0.061) local_index_bounds=[(47,44,0),(117,116,8)]
[offboard_waypoint_node-1] [INFO] [1786825457.925874782] [offboard_waypoint_node]: [CONTROL_ARBITER] selected_source=safety_hold state=IDLE_HOLD
[fastlio_bridge_node-2] [INFO] [1786825458.002729256] [fastlio_bridge_node]: 已桥接并转换里程计: ENU(0.21, -0.01, -0.06) -> NED(-0.01, 0.21, 0.06)
[fastlio_bridge_node-2] [INFO] [1786825458.003077802] [fastlio_bridge_node]: 已桥接并转换里程计: ENU(0.21, -0.01, -0.06) -> NED(-0.01, 0.21, 0.06)
[fastlio_bridge_node-2] [INFO] [1786825458.026735047] [fastlio_bridge_node]: 已桥接并转换里程计: ENU(0.21, -0.01, -0.06) -> NED(-0.01, 0.21, 0.06)
[fastlio_bridge_node-2] [INFO] [1786825458.027188449] [fastlio_bridge_node]: 已桥接并转换里程计: ENU(0.21, -0.01, -0.06) -> NED(-0.01, 0.21, 0.06)
[fastlio_bridge_node-2] [INFO] [1786825458.042664506] [fastlio_bridge_node]: 已桥接并转换里程计: ENU(0.21, -0.01, -0.06) -> NED(-0.01, 0.21, 0.06)
[fastlio_bridge_node-2] [INFO] [1786825458.047830883] [fastlio_bridge_node]: 已桥接并转换里程计: ENU(0.21, -0.01, -0.06) -> NED(-0.01, 0.21, 0.06)
[fastlio_bridge_node-2] [INFO] [1786825458.059942589] [fastlio_bridge_node]: 已桥接并转换里程计: ENU(0.21, -0.01, -0.06) -> NED(-0.01, 0.21, 0.06)
[fastlio_bridge_node-2] [INFO] [1786825458.072346837] [fastlio_bridge_node]: 已桥接并转换里程计: ENU(0.21, -0.01, -0.06) -> NED(-0.01, 0.21, 0.06)
[fastlio_bridge_node-2] [INFO] [1786825458.078183819] [fastlio_bridge_node]: 已桥接并转换里程计: ENU(0.21, -0.01, -0.06) -> NED(-0.01, 0.21, 0.06)
[super_planner_ros2_node-6] [INFO] [1786825458.086918166] [super_planner_ros2_node]: SUPER_ROS2 mode=IDLE enable_output=false reason=WAIT_ALTITUDE_REFERENCE odom=(0.21,-0.01,-0.06) goal=none tracking_setpoint_enu=(0.21,-0.01,-0.06) setpoint_ned=none yaw(desired/cmd/rate)=(0.00/0.00/0.00) cross_track=0.00 frame_id=px4_ned path_points=0 odom_source=/race/odom cloud_source=/saved_map mavros_connected=true
[fastlio_bridge_node-2] [INFO] [1786825458.089962095] [fastlio_bridge_node]: 已桥接并转换里程计: ENU(0.21, -0.01, -0.06) -> NED(-0.01, 0.21, 0.06)
[fastlio_bridge_node-2] [INFO] [1786825458.090498281] [fastlio_bridge_node]: 已桥接并转换里程计: ENU(0.21, -0.01, -0.06) -> NED(-0.01, 0.21, 0.06)
[fastlio_bridge_node-2] [INFO] [1786825458.097657594] [fastlio_bridge_node]: 已桥接并转换里程计: ENU(0.21, -0.01, -0.06) -> NED(-0.01, 0.21, 0.06)
[ego_planner_node-10] [FSM]: state: WAIT_TARGET
[ego_planner_node-10] wait for goal or trigger.
[race_ego_cloud_bridge-8] [INFO] [1786825458.653113539] [race_ego_cloud_bridge]: [EGO_STATIC_MAP_READY] topic=/saved_map frame=map points=11417 fused=true
[offboard_waypoint_node-1] [INFO] [1786825458.825516746] [offboard_waypoint_node]: [HOLD_ERROR] position_error=0.004 velocity=0.002 state=IDLE_HOLD
[offboard_waypoint_node-1] [INFO] [1786825458.975446421] [offboard_waypoint_node]: [CONTROL_ARBITER] selected_source=safety_hold state=IDLE_HOLD
[rviz2-13] [INFO] [1786825459.066064379] [rviz2]: Message Filter dropping message: frame 'odom' at time 1786825457.981 for reason 'discarding message because the queue is full'
[super_planner_ros2_node-6] [INFO] [1786825459.125251989] [super_planner_ros2_node]: SUPER_ROS2 mode=IDLE enable_output=false reason=WAIT_ALTITUDE_REFERENCE odom=(0.21,-0.01,-0.06) goal=none tracking_setpoint_enu=(0.21,-0.01,-0.06) setpoint_ned=none yaw(desired/cmd/rate)=(0.00/0.00/0.00) cross_track=0.00 frame_id=px4_ned path_points=0 odom_source=/race/odom cloud_source=/saved_map mavros_connected=true
[race_ego_trajectory_bridge-12] [INFO] [1786825459.342071235] [race_ego_trajectory_bridge]: [EGO_OCCUPANCY_MAP] topic=/race/ego/cloud frame=map raw_points=17745 map_age=0.009
[mapping_manager_node-5] [INFO] [1786825459.538240148] [mapping_manager_node]: Mapping status: in_flight=false, map_loaded=false, map_saved=false
[race_ego_cloud_bridge-8] [INFO] [1786825459.544907322] [race_ego_cloud_bridge]: [EGO_MAP_FUSION] static_points=11417 live_raw_points=17692 confirmed_live_voxels=6278 min_observations=2 memory_sec=1.00 fused_points=17695
[race_ego_cloud_bridge-8] [INFO] [1786825459.546321887] [race_ego_cloud_bridge]: [EGO_MAP_INPUT] topic=/race/ego/cloud frame=map points=17695 source=static_live_px4 refresh_period=0.00s
[ego_planner_node-10] [FSM]: state: WAIT_TARGET
[ego_planner_node-10] wait for goal or trigger.
[offboard_waypoint_node-1] [INFO] [1786825459.826085977] [offboard_waypoint_node]: [HOLD_ERROR] position_error=0.004 velocity=0.002 state=IDLE_HOLD
[ego_planner_node-10] [INFO] [1786825459.964359387] [race_ego_planner]: [EGO_OCCUPANCY_UPDATE] input_topic=grid_map/cloud input_frame=map occupancy_frame=map cloud_points=17531 local_points=9683 occupied_voxels=23754 camera=(0.207,-0.015,-0.061) local_index_bounds=[(47,44,0),(117,116,8)]
[offboard_waypoint_node-1] [INFO] [1786825459.976943797] [offboard_waypoint_node]: [CONTROL_ARBITER] selected_source=safety_hold state=IDLE_HOLD
[fastlio_bridge_node-2] [INFO] [1786825460.006964057] [fastlio_bridge_node]: 已桥接并转换里程计: ENU(0.21, -0.02, -0.06) -> NED(-0.02, 0.21, 0.06)
[fastlio_bridge_node-2] [INFO] [1786825460.011368962] [fastlio_bridge_node]: 已桥接并转换里程计: ENU(0.21, -0.02, -0.06) -> NED(-0.02, 0.21, 0.06)
[fastlio_bridge_node-2] [INFO] [1786825460.012168027] [fastlio_bridge_node]: 已桥接并转换里程计: ENU(0.21, -0.02, -0.06) -> NED(-0.02, 0.21, 0.06)
[fastlio_bridge_node-2] [INFO] [1786825460.019921399] [fastlio_bridge_node]: 已桥接并转换里程计: ENU(0.21, -0.02, -0.06) -> NED(-0.02, 0.21, 0.06)
[fastlio_bridge_node-2] [INFO] [1786825460.022175965] [fastlio_bridge_node]: 已桥接并转换里程计: ENU(0.21, -0.02, -0.06) -> NED(-0.02, 0.21, 0.06)
[fastlio_bridge_node-2] [INFO] [1786825460.027381875] [fastlio_bridge_node]: 已桥接并转换里程计: ENU(0.21, -0.02, -0.06) -> NED(-0.02, 0.21, 0.06)
[fastlio_bridge_node-2] [INFO] [1786825460.033953330] [fastlio_bridge_node]: 已桥接并转换里程计: ENU(0.21, -0.02, -0.06) -> NED(-0.02, 0.21, 0.06)
[fastlio_bridge_node-2] [INFO] [1786825460.050044484] [fastlio_bridge_node]: 已桥接并转换里程计: ENU(0.21, -0.02, -0.06) -> NED(-0.02, 0.21, 0.06)
[fastlio_bridge_node-2] [INFO] [1786825460.051243844] [fastlio_bridge_node]: 已桥接并转换里程计: ENU(0.21, -0.02, -0.06) -> NED(-0.02, 0.21, 0.06)
[fastlio_bridge_node-2] [INFO] [1786825460.055701981] [fastlio_bridge_node]: 已桥接并转换里程计: ENU(0.21, -0.02, -0.06) -> NED(-0.02, 0.21, 0.06)
[fastlio_bridge_node-2] [INFO] [1786825460.065753664] [fastlio_bridge_node]: 已桥接并转换里程计: ENU(0.21, -0.02, -0.06) -> NED(-0.02, 0.21, 0.06)
[fastlio_bridge_node-2] [INFO] [1786825460.066019685] [fastlio_bridge_node]: 已桥接并转换里程计: ENU(0.21, -0.02, -0.06) -> NED(-0.02, 0.21, 0.06)
[fastlio_bridge_node-2] [INFO] [1786825460.071815481] [fastlio_bridge_node]: 已桥接并转换里程计: ENU(0.21, -0.02, -0.06) -> NED(-0.02, 0.21, 0.06)
[fastlio_bridge_node-2] [INFO] [1786825460.075323839] [fastlio_bridge_node]: 已桥接并转换里程计: ENU(0.21, -0.02, -0.06) -> NED(-0.02, 0.21, 0.06)
[fastlio_bridge_node-2] [INFO] [1786825460.079855335] [fastlio_bridge_node]: 已桥接并转换里程计: ENU(0.21, -0.01, -0.06) -> NED(-0.01, 0.21, 0.06)
[fastlio_bridge_node-2] [INFO] [1786825460.092434949] [fastlio_bridge_node]: 已桥接并转换里程计: ENU(0.21, -0.01, -0.06) -> NED(-0.01, 0.21, 0.06)
[fastlio_bridge_node-2] [INFO] [1786825460.095374855] [fastlio_bridge_node]: 已桥接并转换里程计: ENU(0.21, -0.01, -0.06) -> NED(-0.01, 0.21, 0.06)
[super_planner_ros2_node-6] [INFO] [1786825460.125881954] [super_planner_ros2_node]: SUPER_ROS2 mode=IDLE enable_output=false reason=WAIT_ALTITUDE_REFERENCE odom=(0.21,-0.01,-0.06) goal=none tracking_setpoint_enu=(0.21,-0.01,-0.06) setpoint_ned=none yaw(desired/cmd/rate)=(0.00/0.00/0.00) cross_track=0.00 frame_id=px4_ned path_points=0 odom_source=/race/odom cloud_source=/saved_map mavros_connected=true
[race_ego_cloud_bridge-8] [INFO] [1786825460.653568983] [race_ego_cloud_bridge]: [EGO_STATIC_MAP_READY] topic=/saved_map frame=map points=11417 fused=true
[ego_planner_node-10] [FSM]: state: WAIT_TARGET
[ego_planner_node-10] wait for goal or trigger.
[offboard_waypoint_node-1] [INFO] [1786825460.875669594] [offboard_waypoint_node]: [HOLD_ERROR] position_error=0.002 velocity=0.002 state=IDLE_HOLD
[offboard_waypoint_node-1] [INFO] [1786825461.025094553] [offboard_waypoint_node]: [CONTROL_ARBITER] selected_source=safety_hold state=IDLE_HOLD
[super_planner_ros2_node-6] [INFO] [1786825461.174827376] [super_planner_ros2_node]: SUPER_ROS2 mode=IDLE enable_output=false reason=WAIT_ALTITUDE_REFERENCE odom=(0.21,-0.02,-0.06) goal=none tracking_setpoint_enu=(0.21,-0.02,-0.06) setpoint_ned=none yaw(desired/cmd/rate)=(0.00/0.00/0.00) cross_track=0.00 frame_id=px4_ned path_points=0 odom_source=/race/odom cloud_source=/saved_map mavros_connected=true
[race_ego_trajectory_bridge-12] [INFO] [1786825461.539911142] [race_ego_trajectory_bridge]: [EGO_OCCUPANCY_MAP] topic=/race/ego/cloud frame=map raw_points=18107 map_age=0.010
[rviz2-13] [INFO] [1786825461.627667834] [rviz2]: Message Filter dropping message: frame 'odom' at time 1786825460.582 for reason 'discarding message because the queue is full'
[race_ego_cloud_bridge-8] [INFO] [1786825461.729007306] [race_ego_cloud_bridge]: [EGO_MAP_FUSION] static_points=11417 live_raw_points=17666 confirmed_live_voxels=6578 min_observations=2 memory_sec=1.00 fused_points=17995
[race_ego_cloud_bridge-8] [INFO] [1786825461.729471228] [race_ego_cloud_bridge]: [EGO_MAP_INPUT] topic=/race/ego/cloud frame=map points=17995 source=static_live_px4 refresh_period=0.00s
[ego_planner_node-10] [FSM]: state: WAIT_TARGET
[ego_planner_node-10] wait for goal or trigger.
[offboard_waypoint_node-1] [INFO] [1786825461.925231284] [offboard_waypoint_node]: [HOLD_ERROR] position_error=0.004 velocity=0.001 state=IDLE_HOLD
[fastlio_bridge_node-2] [INFO] [1786825462.001390607] [fastlio_bridge_node]: 已桥接并转换里程计: ENU(0.21, -0.01, -0.06) -> NED(-0.01, 0.21, 0.06)
[fastlio_bridge_node-2] [INFO] [1786825462.018048217] [fastlio_bridge_node]: 已桥接并转换里程计: ENU(0.21, -0.01, -0.06) -> NED(-0.01, 0.21, 0.06)
[fastlio_bridge_node-2] [INFO] [1786825462.022778933] [fastlio_bridge_node]: 已桥接并转换里程计: ENU(0.21, -0.01, -0.06) -> NED(-0.01, 0.21, 0.06)
[fastlio_bridge_node-2] [INFO] [1786825462.031273217] [fastlio_bridge_node]: 已桥接并转换里程计: ENU(0.21, -0.01, -0.06) -> NED(-0.01, 0.21, 0.06)
[fastlio_bridge_node-2] [INFO] [1786825462.035714443] [fastlio_bridge_node]: 已桥接并转换里程计: ENU(0.21, -0.01, -0.06) -> NED(-0.01, 0.21, 0.06)
[fastlio_bridge_node-2] [INFO] [1786825462.039379883] [fastlio_bridge_node]: 已桥接并转换里程计: ENU(0.21, -0.01, -0.06) -> NED(-0.01, 0.21, 0.06)
[fastlio_bridge_node-2] [INFO] [1786825462.041179956] [fastlio_bridge_node]: 已桥接并转换里程计: ENU(0.21, -0.01, -0.06) -> NED(-0.01, 0.21, 0.06)
[fastlio_bridge_node-2] [INFO] [1786825462.044578033] [fastlio_bridge_node]: 已桥接并转换里程计: ENU(0.21, -0.01, -0.06) -> NED(-0.01, 0.21, 0.06)
[fastlio_bridge_node-2] [INFO] [1786825462.048791940] [fastlio_bridge_node]: 已桥接并转换里程计: ENU(0.21, -0.01, -0.06) -> NED(-0.01, 0.21, 0.06)
[fastlio_bridge_node-2] [INFO] [1786825462.058361592] [fastlio_bridge_node]: 已桥接并转换里程计: ENU(0.21, -0.01, -0.06) -> NED(-0.01, 0.21, 0.06)
[fastlio_bridge_node-2] [INFO] [1786825462.066434148] [fastlio_bridge_node]: 已桥接并转换里程计: ENU(0.21, -0.01, -0.06) -> NED(-0.01, 0.21, 0.06)
[fastlio_bridge_node-2] [INFO] [1786825462.072881087] [fastlio_bridge_node]: 已桥接并转换里程计: ENU(0.21, -0.01, -0.06) -> NED(-0.01, 0.21, 0.06)
[offboard_waypoint_node-1] [INFO] [1786825462.075839646] [offboard_waypoint_node]: [CONTROL_ARBITER] selected_source=safety_hold state=IDLE_HOLD
[fastlio_bridge_node-2] [INFO] [1786825462.077755110] [fastlio_bridge_node]: 已桥接并转换里程计: ENU(0.21, -0.01, -0.06) -> NED(-0.01, 0.21, 0.06)
[fastlio_bridge_node-2] [INFO] [1786825462.080563237] [fastlio_bridge_node]: 已桥接并转换里程计: ENU(0.21, -0.01, -0.06) -> NED(-0.01, 0.21, 0.06)
[fastlio_bridge_node-2] [INFO] [1786825462.090525572] [fastlio_bridge_node]: 已桥接并转换里程计: ENU(0.21, -0.01, -0.06) -> NED(-0.01, 0.21, 0.06)
[fastlio_bridge_node-2] [INFO] [1786825462.096061640] [fastlio_bridge_node]: 已桥接并转换里程计: ENU(0.21, -0.01, -0.06) -> NED(-0.01, 0.21, 0.06)
[fastlio_bridge_node-2] [INFO] [1786825462.099089197] [fastlio_bridge_node]: 已桥接并转换里程计: ENU(0.21, -0.01, -0.06) -> NED(-0.01, 0.21, 0.06)
[ego_planner_node-10] [INFO] [1786825462.139074184] [race_ego_planner]: [EGO_OCCUPANCY_UPDATE] input_topic=grid_map/cloud input_frame=map occupancy_frame=map cloud_points=17606 local_points=9864 occupied_voxels=23781 camera=(0.207,-0.014,-0.061) local_index_bounds=[(47,44,0),(117,116,8)]
[super_planner_ros2_node-6] [INFO] [1786825462.224624769] [super_planner_ros2_node]: SUPER_ROS2 mode=IDLE enable_output=false reason=WAIT_ALTITUDE_REFERENCE odom=(0.21,-0.01,-0.06) goal=none tracking_setpoint_enu=(0.21,-0.01,-0.06) setpoint_ned=none yaw(desired/cmd/rate)=(0.00/0.00/0.00) cross_track=0.00 frame_id=px4_ned path_points=0 odom_source=/race/odom cloud_source=/saved_map mavros_connected=true
[race_ego_cloud_bridge-8] [INFO] [1786825462.654994761] [race_ego_cloud_bridge]: [EGO_STATIC_MAP_READY] topic=/saved_map frame=map points=11417 fused=true
[offboard_waypoint_node-1] [INFO] [1786825462.975052706] [offboard_waypoint_node]: [HOLD_ERROR] position_error=0.004 velocity=0.001 state=IDLE_HOLD
[ego_planner_node-10] [FSM]: state: WAIT_TARGET
[ego_planner_node-10] wait for goal or trigger.
[offboard_waypoint_node-1] [INFO] [1786825463.124930394] [offboard_waypoint_node]: [CONTROL_ARBITER] selected_source=safety_hold state=IDLE_HOLD
[super_planner_ros2_node-6] [INFO] [1786825463.226153280] [super_planner_ros2_node]: SUPER_ROS2 mode=IDLE enable_output=false reason=WAIT_ALTITUDE_REFERENCE odom=(0.21,-0.01,-0.06) goal=none tracking_setpoint_enu=(0.21,-0.01,-0.06) setpoint_ned=none yaw(desired/cmd/rate)=(0.00/0.00/0.00) cross_track=0.00 frame_id=px4_ned path_points=0 odom_source=/race/odom cloud_source=/saved_map mavros_connected=true
[race_ego_trajectory_bridge-12] [INFO] [1786825463.635241052] [race_ego_trajectory_bridge]: [EGO_OCCUPANCY_MAP] topic=/race/ego/cloud frame=map raw_points=16583 map_age=0.007
[race_ego_cloud_bridge-8] [INFO] [1786825463.832799946] [race_ego_cloud_bridge]: [EGO_MAP_FUSION] static_points=11417 live_raw_points=14813 confirmed_live_voxels=4939 min_observations=2 memory_sec=1.00 fused_points=16356
[race_ego_cloud_bridge-8] [INFO] [1786825463.833282162] [race_ego_cloud_bridge]: [EGO_MAP_INPUT] topic=/race/ego/cloud frame=map points=16356 source=static_live_px4 refresh_period=0.00s
[offboard_waypoint_node-1] [INFO] [1786825463.976953941] [offboard_waypoint_node]: [HOLD_ERROR] position_error=0.003 velocity=0.003 state=IDLE_HOLD
[fastlio_bridge_node-2] [INFO] [1786825464.001286161] [fastlio_bridge_node]: 已桥接并转换里程计: ENU(0.21, -0.01, -0.06) -> NED(-0.01, 0.21, 0.06)
[fastlio_bridge_node-2] [INFO] [1786825464.036398779] [fastlio_bridge_node]: 已桥接并转换里程计: ENU(0.21, -0.01, -0.06) -> NED(-0.01, 0.21, 0.06)
[fastlio_bridge_node-2] [INFO] [1786825464.036796099] [fastlio_bridge_node]: 已桥接并转换里程计: ENU(0.21, -0.01, -0.06) -> NED(-0.01, 0.21, 0.06)
[fastlio_bridge_node-2] [INFO] [1786825464.036905823] [fastlio_bridge_node]: 已桥接并转换里程计: ENU(0.21, -0.01, -0.06) -> NED(-0.01, 0.21, 0.06)
[fastlio_bridge_node-2] [INFO] [1786825464.042157600] [fastlio_bridge_node]: 已桥接并转换里程计: ENU(0.21, -0.01, -0.06) -> NED(-0.01, 0.21, 0.06)
[fastlio_bridge_node-2] [INFO] [1786825464.048318759] [fastlio_bridge_node]: 已桥接并转换里程计: ENU(0.21, -0.01, -0.06) -> NED(-0.01, 0.21, 0.06)
[fastlio_bridge_node-2] [INFO] [1786825464.048539017] [fastlio_bridge_node]: 已桥接并转换里程计: ENU(0.21, -0.01, -0.06) -> NED(-0.01, 0.21, 0.06)
[fastlio_bridge_node-2] [INFO] [1786825464.048614504] [fastlio_bridge_node]: 已桥接并转换里程计: ENU(0.21, -0.01, -0.06) -> NED(-0.01, 0.21, 0.06)
[fastlio_bridge_node-2] [INFO] [1786825464.057525514] [fastlio_bridge_node]: 已桥接并转换里程计: ENU(0.21, -0.01, -0.06) -> NED(-0.01, 0.21, 0.06)
[fastlio_bridge_node-2] [INFO] [1786825464.057995799] [fastlio_bridge_node]: 已桥接并转换里程计: ENU(0.21, -0.01, -0.06) -> NED(-0.01, 0.21, 0.06)
[fastlio_bridge_node-2] [INFO] [1786825464.066446344] [fastlio_bridge_node]: 已桥接并转换里程计: ENU(0.21, -0.01, -0.06) -> NED(-0.01, 0.21, 0.06)
[fastlio_bridge_node-2] [INFO] [1786825464.069216588] [fastlio_bridge_node]: 已桥接并转换里程计: ENU(0.21, -0.01, -0.06) -> NED(-0.01, 0.21, 0.06)
[fastlio_bridge_node-2] [INFO] [1786825464.078874907] [fastlio_bridge_node]: 已桥接并转换里程计: ENU(0.21, -0.01, -0.06) -> NED(-0.01, 0.21, 0.06)
[fastlio_bridge_node-2] [INFO] [1786825464.082425428] [fastlio_bridge_node]: 已桥接并转换里程计: ENU(0.21, -0.01, -0.06) -> NED(-0.01, 0.21, 0.06)
[fastlio_bridge_node-2] [INFO] [1786825464.086033841] [fastlio_bridge_node]: 已桥接并转换里程计: ENU(0.21, -0.01, -0.06) -> NED(-0.01, 0.21, 0.06)
[fastlio_bridge_node-2] [INFO] [1786825464.087951236] [fastlio_bridge_node]: 已桥接并转换里程计: ENU(0.21, -0.01, -0.06) -> NED(-0.01, 0.21, 0.06)
[offboard_waypoint_node-1] [INFO] [1786825464.127781097] [offboard_waypoint_node]: [CONTROL_ARBITER] selected_source=safety_hold state=IDLE_HOLD
[rviz2-13] [INFO] [1786825464.181639504] [rviz2]: Message Filter dropping message: frame 'odom' at time 1786825463.081 for reason 'discarding message because the queue is full'
[ego_planner_node-10] [INFO] [1786825464.232622479] [race_ego_planner]: [EGO_OCCUPANCY_UPDATE] input_topic=grid_map/cloud input_frame=map occupancy_frame=map cloud_points=16936 local_points=9537 occupied_voxels=23737 camera=(0.206,-0.014,-0.062) local_index_bounds=[(47,44,0),(117,116,8)]
[ego_planner_node-10] [FSM]: state: WAIT_TARGET
[ego_planner_node-10] wait for goal or trigger.
[super_planner_ros2_node-6] [INFO] [1786825464.274798008] [super_planner_ros2_node]: SUPER_ROS2 mode=IDLE enable_output=false reason=WAIT_ALTITUDE_REFERENCE odom=(0.21,-0.01,-0.06) goal=none tracking_setpoint_enu=(0.21,-0.01,-0.06) setpoint_ned=none yaw(desired/cmd/rate)=(0.00/0.00/0.00) cross_track=0.00 frame_id=px4_ned path_points=0 odom_source=/race/odom cloud_source=/saved_map mavros_connected=true
[race_ego_cloud_bridge-8] [INFO] [1786825464.653414489] [race_ego_cloud_bridge]: [EGO_STATIC_MAP_READY] topic=/saved_map frame=map points=11417 fused=true
[offboard_waypoint_node-1] [INFO] [1786825465.024463648] [offboard_waypoint_node]: [HOLD_ERROR] position_error=0.003 velocity=0.001 state=IDLE_HOLD
[offboard_waypoint_node-1] [INFO] [1786825465.174784967] [offboard_waypoint_node]: [CONTROL_ARBITER] selected_source=safety_hold state=IDLE_HOLD
[super_planner_ros2_node-6] [INFO] [1786825465.325964893] [super_planner_ros2_node]: SUPER_ROS2 mode=IDLE enable_output=false reason=WAIT_ALTITUDE_REFERENCE odom=(0.21,-0.01,-0.06) goal=none tracking_setpoint_enu=(0.21,-0.01,-0.06) setpoint_ned=none yaw(desired/cmd/rate)=(0.00/0.00/0.00) cross_track=0.00 frame_id=px4_ned path_points=0 odom_source=/race/odom cloud_source=/saved_map mavros_connected=true
[ego_planner_node-10] [FSM]: state: WAIT_TARGET
[ego_planner_node-10] wait for goal or trigger.
[race_ego_trajectory_bridge-12] [INFO] [1786825465.780452447] [race_ego_trajectory_bridge]: [EGO_OCCUPANCY_MAP] topic=/race/ego/cloud frame=map raw_points=17147 map_age=0.020
[race_ego_cloud_bridge-8] [INFO] [1786825465.939205234] [race_ego_cloud_bridge]: [EGO_MAP_FUSION] static_points=11417 live_raw_points=17635 confirmed_live_voxels=5940 min_observations=2 memory_sec=1.00 fused_points=17357
[race_ego_cloud_bridge-8] [INFO] [1786825465.939594613] [race_ego_cloud_bridge]: [EGO_MAP_INPUT] topic=/race/ego/cloud frame=map points=17357 source=static_live_px4 refresh_period=0.00s
[fastlio_bridge_node-2] [INFO] [1786825466.002303132] [fastlio_bridge_node]: 已桥接并转换里程计: ENU(0.21, -0.02, -0.06) -> NED(-0.02, 0.21, 0.06)
[fastlio_bridge_node-2] [INFO] [1786825466.008039816] [fastlio_bridge_node]: 已桥接并转换里程计: ENU(0.21, -0.02, -0.06) -> NED(-0.02, 0.21, 0.06)
[fastlio_bridge_node-2] [INFO] [1786825466.011759150] [fastlio_bridge_node]: 已桥接并转换里程计: ENU(0.21, -0.02, -0.06) -> NED(-0.02, 0.21, 0.06)
[fastlio_bridge_node-2] [INFO] [1786825466.014740919] [fastlio_bridge_node]: 已桥接并转换里程计: ENU(0.21, -0.02, -0.06) -> NED(-0.02, 0.21, 0.06)
[fastlio_bridge_node-2] [INFO] [1786825466.019998310] [fastlio_bridge_node]: 已桥接并转换里程计: ENU(0.21, -0.02, -0.06) -> NED(-0.02, 0.21, 0.06)
[offboard_waypoint_node-1] [INFO] [1786825466.024658069] [offboard_waypoint_node]: [HOLD_ERROR] position_error=0.003 velocity=0.003 state=IDLE_HOLD
[fastlio_bridge_node-2] [INFO] [1786825466.033222784] [fastlio_bridge_node]: 已桥接并转换里程计: ENU(0.21, -0.02, -0.06) -> NED(-0.02, 0.21, 0.06)
[fastlio_bridge_node-2] [INFO] [1786825466.034347427] [fastlio_bridge_node]: 已桥接并转换里程计: ENU(0.21, -0.02, -0.06) -> NED(-0.02, 0.21, 0.06)
[fastlio_bridge_node-2] [INFO] [1786825466.036270731] [fastlio_bridge_node]: 已桥接并转换里程计: ENU(0.21, -0.02, -0.06) -> NED(-0.02, 0.21, 0.06)
[fastlio_bridge_node-2] [INFO] [1786825466.043708317] [fastlio_bridge_node]: 已桥接并转换里程计: ENU(0.21, -0.02, -0.06) -> NED(-0.02, 0.21, 0.06)
[fastlio_bridge_node-2] [INFO] [1786825466.050726710] [fastlio_bridge_node]: 已桥接并转换里程计: ENU(0.21, -0.02, -0.06) -> NED(-0.02, 0.21, 0.06)
[fastlio_bridge_node-2] [INFO] [1786825466.058336107] [fastlio_bridge_node]: 已桥接并转换里程计: ENU(0.21, -0.02, -0.06) -> NED(-0.02, 0.21, 0.06)
[fastlio_bridge_node-2] [INFO] [1786825466.059717606] [fastlio_bridge_node]: 已桥接并转换里程计: ENU(0.21, -0.02, -0.06) -> NED(-0.02, 0.21, 0.06)
[fastlio_bridge_node-2] [INFO] [1786825466.061577338] [fastlio_bridge_node]: 已桥接并转换里程计: ENU(0.21, -0.02, -0.06) -> NED(-0.02, 0.21, 0.06)
[fastlio_bridge_node-2] [INFO] [1786825466.066551868] [fastlio_bridge_node]: 已桥接并转换里程计: ENU(0.21, -0.02, -0.06) -> NED(-0.02, 0.21, 0.06)
[fastlio_bridge_node-2] [INFO] [1786825466.069621192] [fastlio_bridge_node]: 已桥接并转换里程计: ENU(0.21, -0.02, -0.06) -> NED(-0.02, 0.21, 0.06)
[fastlio_bridge_node-2] [INFO] [1786825466.075464438] [fastlio_bridge_node]: 已桥接并转换里程计: ENU(0.21, -0.02, -0.06) -> NED(-0.02, 0.21, 0.06)
[fastlio_bridge_node-2] [INFO] [1786825466.080918154] [fastlio_bridge_node]: 已桥接并转换里程计: ENU(0.21, -0.02, -0.06) -> NED(-0.02, 0.21, 0.06)
[fastlio_bridge_node-2] [INFO] [1786825466.086429341] [fastlio_bridge_node]: 已桥接并转换里程计: ENU(0.21, -0.02, -0.06) -> NED(-0.02, 0.21, 0.06)
[fastlio_bridge_node-2] [INFO] [1786825466.092255166] [fastlio_bridge_node]: 已桥接并转换里程计: ENU(0.21, -0.02, -0.06) -> NED(-0.02, 0.21, 0.06)
[offboard_waypoint_node-1] [INFO] [1786825466.224788992] [offboard_waypoint_node]: [CONTROL_ARBITER] selected_source=safety_hold state=IDLE_HOLD
[ego_planner_node-10] [INFO] [1786825466.340933316] [race_ego_planner]: [EGO_OCCUPANCY_UPDATE] input_topic=grid_map/cloud input_frame=map occupancy_frame=map cloud_points=17586 local_points=9858 occupied_voxels=23747 camera=(0.208,-0.014,-0.060) local_index_bounds=[(47,44,0),(117,116,8)]
[super_planner_ros2_node-6] [INFO] [1786825466.375383505] [super_planner_ros2_node]: SUPER_ROS2 mode=IDLE enable_output=false reason=WAIT_ALTITUDE_REFERENCE odom=(0.21,-0.01,-0.06) goal=none tracking_setpoint_enu=(0.21,-0.01,-0.06) setpoint_ned=none yaw(desired/cmd/rate)=(0.00/0.00/0.00) cross_track=0.00 frame_id=px4_ned path_points=0 odom_source=/race/odom cloud_source=/saved_map mavros_connected=true
[ego_planner_node-10] [FSM]: state: WAIT_TARGET
[ego_planner_node-10] wait for goal or trigger.
[race_ego_cloud_bridge-8] [INFO] [1786825466.652507268] [race_ego_cloud_bridge]: [EGO_STATIC_MAP_READY] topic=/saved_map frame=map points=11417 fused=true
[rviz2-13] [INFO] [1786825466.747256973] [rviz2]: Message Filter dropping message: frame 'odom' at time 1786825465.682 for reason 'discarding message because the queue is full'
[offboard_waypoint_node-1] [INFO] [1786825467.025151063] [offboard_waypoint_node]: [HOLD_ERROR] position_error=0.006 velocity=0.006 state=IDLE_HOLD
[offboard_waypoint_node-1] [INFO] [1786825467.274344611] [offboard_waypoint_node]: [CONTROL_ARBITER] selected_source=safety_hold state=IDLE_HOLD
[super_planner_ros2_node-6] [INFO] [1786825467.424583423] [super_planner_ros2_node]: SUPER_ROS2 mode=IDLE enable_output=false reason=WAIT_ALTITUDE_REFERENCE odom=(0.21,-0.02,-0.06) goal=none tracking_setpoint_enu=(0.21,-0.02,-0.06) setpoint_ned=none yaw(desired/cmd/rate)=(0.00/0.00/0.00) cross_track=0.00 frame_id=px4_ned path_points=0 odom_source=/race/odom cloud_source=/saved_map mavros_connected=true
[ego_planner_node-10] [FSM]: state: WAIT_TARGET
[ego_planner_node-10] wait for goal or trigger.
[race_ego_trajectory_bridge-12] [INFO] [1786825467.852501446] [race_ego_trajectory_bridge]: [EGO_OCCUPANCY_MAP] topic=/race/ego/cloud frame=map raw_points=17390 map_age=0.010
[fastlio_bridge_node-2] [INFO] [1786825468.000269718] [fastlio_bridge_node]: 已桥接并转换里程计: ENU(0.21, -0.02, -0.06) -> NED(-0.02, 0.21, 0.06)
[fastlio_bridge_node-2] [INFO] [1786825468.009455716] [fastlio_bridge_node]: 已桥接并转换里程计: ENU(0.21, -0.01, -0.06) -> NED(-0.01, 0.21, 0.06)
[fastlio_bridge_node-2] [INFO] [1786825468.013623288] [fastlio_bridge_node]: 已桥接并转换里程计: ENU(0.21, -0.01, -0.06) -> NED(-0.01, 0.21, 0.06)
[fastlio_bridge_node-2] [INFO] [1786825468.023699235] [fastlio_bridge_node]: 已桥接并转换里程计: ENU(0.21, -0.01, -0.06) -> NED(-0.01, 0.21, 0.06)
[fastlio_bridge_node-2] [INFO] [1786825468.035404072] [fastlio_bridge_node]: 已桥接并转换里程计: ENU(0.21, -0.01, -0.06) -> NED(-0.01, 0.21, 0.06)
[fastlio_bridge_node-2] [INFO] [1786825468.041135250] [fastlio_bridge_node]: 已桥接并转换里程计: ENU(0.21, -0.01, -0.06) -> NED(-0.01, 0.21, 0.06)
[fastlio_bridge_node-2] [INFO] [1786825468.041573198] [fastlio_bridge_node]: 已桥接并转换里程计: ENU(0.21, -0.01, -0.06) -> NED(-0.01, 0.21, 0.06)
[fastlio_bridge_node-2] [INFO] [1786825468.044152767] [fastlio_bridge_node]: 已桥接并转换里程计: ENU(0.21, -0.01, -0.06) -> NED(-0.01, 0.21, 0.06)
[race_ego_cloud_bridge-8] [INFO] [1786825468.049630897] [race_ego_cloud_bridge]: [EGO_MAP_FUSION] static_points=11417 live_raw_points=14802 confirmed_live_voxels=5083 min_observations=2 memory_sec=1.00 fused_points=16500
[race_ego_cloud_bridge-8] [INFO] [1786825468.050019610] [race_ego_cloud_bridge]: [EGO_MAP_INPUT] topic=/race/ego/cloud frame=map points=16500 source=static_live_px4 refresh_period=0.00s
[fastlio_bridge_node-2] [INFO] [1786825468.051264936] [fastlio_bridge_node]: 已桥接并转换里程计: ENU(0.21, -0.01, -0.06) -> NED(-0.01, 0.21, 0.06)
[fastlio_bridge_node-2] [INFO] [1786825468.054505828] [fastlio_bridge_node]: 已桥接并转换里程计: ENU(0.21, -0.01, -0.06) -> NED(-0.01, 0.21, 0.06)
[fastlio_bridge_node-2] [INFO] [1786825468.062240530] [fastlio_bridge_node]: 已桥接并转换里程计: ENU(0.21, -0.01, -0.06) -> NED(-0.01, 0.21, 0.06)
[fastlio_bridge_node-2] [INFO] [1786825468.068084868] [fastlio_bridge_node]: 已桥接并转换里程计: ENU(0.21, -0.01, -0.06) -> NED(-0.01, 0.21, 0.06)
[fastlio_bridge_node-2] [INFO] [1786825468.072964684] [fastlio_bridge_node]: 已桥接并转换里程计: ENU(0.21, -0.01, -0.06) -> NED(-0.01, 0.21, 0.06)
[offboard_waypoint_node-1] [INFO] [1786825468.074425182] [offboard_waypoint_node]: [HOLD_ERROR] position_error=0.004 velocity=0.001 state=IDLE_HOLD
[fastlio_bridge_node-2] [INFO] [1786825468.075533382] [fastlio_bridge_node]: 已桥接并转换里程计: ENU(0.21, -0.01, -0.06) -> NED(-0.01, 0.21, 0.06)
[fastlio_bridge_node-2] [INFO] [1786825468.081648420] [fastlio_bridge_node]: 已桥接并转换里程计: ENU(0.21, -0.01, -0.06) -> NED(-0.01, 0.21, 0.06)
[fastlio_bridge_node-2] [INFO] [1786825468.087823410] [fastlio_bridge_node]: 已桥接并转换里程计: ENU(0.21, -0.01, -0.06) -> NED(-0.01, 0.21, 0.06)
[fastlio_bridge_node-2] [INFO] [1786825468.091438498] [fastlio_bridge_node]: 已桥接并转换里程计: ENU(0.21, -0.01, -0.06) -> NED(-0.01, 0.21, 0.06)
[fastlio_bridge_node-2] [INFO] [1786825468.097062340] [fastlio_bridge_node]: 已桥接并转换里程计: ENU(0.21, -0.02, -0.06) -> NED(-0.02, 0.21, 0.06)
[offboard_waypoint_node-1] [INFO] [1786825468.275421406] [offboard_waypoint_node]: [CONTROL_ARBITER] selected_source=safety_hold state=IDLE_HOLD
[ego_planner_node-10] [INFO] [1786825468.373911132] [race_ego_planner]: [EGO_OCCUPANCY_UPDATE] input_topic=grid_map/cloud input_frame=map occupancy_frame=map cloud_points=17126 local_points=9594 occupied_voxels=23661 camera=(0.207,-0.014,-0.063) local_index_bounds=[(47,44,0),(117,116,8)]
[super_planner_ros2_node-6] [INFO] [1786825468.474293100] [super_planner_ros2_node]: SUPER_ROS2 mode=IDLE enable_output=false reason=WAIT_ALTITUDE_REFERENCE odom=(0.21,-0.01,-0.06) goal=none tracking_setpoint_enu=(0.21,-0.01,-0.06) setpoint_ned=none yaw(desired/cmd/rate)=(0.00/0.00/0.00) cross_track=0.00 frame_id=px4_ned path_points=0 odom_source=/race/odom cloud_source=/saved_map mavros_connected=true
[race_ego_cloud_bridge-8] [INFO] [1786825468.652838115] [race_ego_cloud_bridge]: [EGO_STATIC_MAP_READY] topic=/saved_map frame=map points=11417 fused=true
[ego_planner_node-10] [FSM]: state: WAIT_TARGET
[ego_planner_node-10] wait for goal or trigger.
[offboard_waypoint_node-1] [INFO] [1786825469.077312077] [offboard_waypoint_node]: [HOLD_ERROR] position_error=0.003 velocity=0.002 state=IDLE_HOLD
[offboard_waypoint_node-1] [INFO] [1786825469.324654523] [offboard_waypoint_node]: [CONTROL_ARBITER] selected_source=safety_hold state=IDLE_HOLD
[super_planner_ros2_node-6] [INFO] [1786825469.474731778] [super_planner_ros2_node]: SUPER_ROS2 mode=IDLE enable_output=false reason=WAIT_ALTITUDE_REFERENCE odom=(0.21,-0.01,-0.06) goal=none tracking_setpoint_enu=(0.21,-0.01,-0.06) setpoint_ned=none yaw(desired/cmd/rate)=(0.00/0.00/0.00) cross_track=0.00 frame_id=px4_ned path_points=0 odom_source=/race/odom cloud_source=/saved_map mavros_connected=true
[rviz2-13] [INFO] [1786825469.497644009] [rviz2]: Message Filter dropping message: frame 'odom' at time 1786825468.282 for reason 'discarding message because the queue is full'
[ego_planner_node-10] [FSM]: state: WAIT_TARGET
[ego_planner_node-10] wait for goal or trigger.
[race_ego_trajectory_bridge-12] [INFO] [1786825469.987964237] [race_ego_trajectory_bridge]: [EGO_OCCUPANCY_MAP] topic=/race/ego/cloud frame=map raw_points=18035 map_age=0.007
[fastlio_bridge_node-2] [INFO] [1786825470.003117325] [fastlio_bridge_node]: 已桥接并转换里程计: ENU(0.21, -0.02, -0.06) -> NED(-0.02, 0.21, 0.06)
[fastlio_bridge_node-2] [INFO] [1786825470.006487173] [fastlio_bridge_node]: 已桥接并转换里程计: ENU(0.21, -0.02, -0.06) -> NED(-0.02, 0.21, 0.06)
[fastlio_bridge_node-2] [INFO] [1786825470.016938023] [fastlio_bridge_node]: 已桥接并转换里程计: ENU(0.21, -0.02, -0.06) -> NED(-0.02, 0.21, 0.06)
[fastlio_bridge_node-2] [INFO] [1786825470.017080348] [fastlio_bridge_node]: 已桥接并转换里程计: ENU(0.21, -0.02, -0.06) -> NED(-0.02, 0.21, 0.06)
[fastlio_bridge_node-2] [INFO] [1786825470.026990774] [fastlio_bridge_node]: 已桥接并转换里程计: ENU(0.21, -0.02, -0.06) -> NED(-0.02, 0.21, 0.06)
[fastlio_bridge_node-2] [INFO] [1786825470.033123146] [fastlio_bridge_node]: 已桥接并转换里程计: ENU(0.21, -0.02, -0.06) -> NED(-0.02, 0.21, 0.06)
[fastlio_bridge_node-2] [INFO] [1786825470.036943233] [fastlio_bridge_node]: 已桥接并转换里程计: ENU(0.21, -0.02, -0.06) -> NED(-0.02, 0.21, 0.06)
[fastlio_bridge_node-2] [INFO] [1786825470.038152497] [fastlio_bridge_node]: 已桥接并转换里程计: ENU(0.21, -0.02, -0.06) -> NED(-0.02, 0.21, 0.06)
[fastlio_bridge_node-2] [INFO] [1786825470.044478047] [fastlio_bridge_node]: 已桥接并转换里程计: ENU(0.21, -0.02, -0.06) -> NED(-0.02, 0.21, 0.06)
[fastlio_bridge_node-2] [INFO] [1786825470.048981871] [fastlio_bridge_node]: 已桥接并转换里程计: ENU(0.21, -0.02, -0.06) -> NED(-0.02, 0.21, 0.06)
[fastlio_bridge_node-2] [INFO] [1786825470.056511243] [fastlio_bridge_node]: 已桥接并转换里程计: ENU(0.21, -0.02, -0.06) -> NED(-0.02, 0.21, 0.06)
[fastlio_bridge_node-2] [INFO] [1786825470.062269868] [fastlio_bridge_node]: 已桥接并转换里程计: ENU(0.21, -0.02, -0.06) -> NED(-0.02, 0.21, 0.06)
[fastlio_bridge_node-2] [INFO] [1786825470.069370537] [fastlio_bridge_node]: 已桥接并转换里程计: ENU(0.21, -0.02, -0.06) -> NED(-0.02, 0.21, 0.06)
[fastlio_bridge_node-2] [INFO] [1786825470.071251921] [fastlio_bridge_node]: 已桥接并转换里程计: ENU(0.21, -0.02, -0.06) -> NED(-0.02, 0.21, 0.06)
[fastlio_bridge_node-2] [INFO] [1786825470.074580359] [fastlio_bridge_node]: 已桥接并转换里程计: ENU(0.21, -0.02, -0.06) -> NED(-0.02, 0.21, 0.06)
[fastlio_bridge_node-2] [INFO] [1786825470.089415120] [fastlio_bridge_node]: 已桥接并转换里程计: ENU(0.21, -0.02, -0.06) -> NED(-0.02, 0.21, 0.06)
[fastlio_bridge_node-2] [INFO] [1786825470.089947069] [fastlio_bridge_node]: 已桥接并转换里程计: ENU(0.21, -0.01, -0.06) -> NED(-0.01, 0.21, 0.06)
[fastlio_bridge_node-2] [INFO] [1786825470.096907103] [fastlio_bridge_node]: 已桥接并转换里程计: ENU(0.21, -0.01, -0.06) -> NED(-0.01, 0.21, 0.06)
[fastlio_bridge_node-2] [INFO] [1786825470.099920785] [fastlio_bridge_node]: 已桥接并转换里程计: ENU(0.21, -0.01, -0.06) -> NED(-0.01, 0.21, 0.06)
[race_ego_cloud_bridge-8] [INFO] [1786825470.124089677] [race_ego_cloud_bridge]: [EGO_MAP_FUSION] static_points=11417 live_raw_points=17591 confirmed_live_voxels=6368 min_observations=2 memory_sec=1.00 fused_points=17785
[offboard_waypoint_node-1] [INFO] [1786825470.124351020] [offboard_waypoint_node]: [HOLD_ERROR] position_error=0.004 velocity=0.004 state=IDLE_HOLD
[race_ego_cloud_bridge-8] [INFO] [1786825470.126041969] [race_ego_cloud_bridge]: [EGO_MAP_INPUT] topic=/race/ego/cloud frame=map points=17785 source=static_live_px4 refresh_period=0.00s
[offboard_waypoint_node-1] [INFO] [1786825470.324769820] [offboard_waypoint_node]: [CONTROL_ARBITER] selected_source=safety_hold state=IDLE_HOLD
[super_planner_ros2_node-6] [INFO] [1786825470.474807011] [super_planner_ros2_node]: SUPER_ROS2 mode=IDLE enable_output=false reason=WAIT_ALTITUDE_REFERENCE odom=(0.21,-0.01,-0.06) goal=none tracking_setpoint_enu=(0.21,-0.01,-0.06) setpoint_ned=none yaw(desired/cmd/rate)=(0.00/0.00/0.00) cross_track=0.00 frame_id=px4_ned path_points=0 odom_source=/race/odom cloud_source=/saved_map mavros_connected=true
[ego_planner_node-10] [INFO] [1786825470.553175029] [race_ego_planner]: [EGO_OCCUPANCY_UPDATE] input_topic=grid_map/cloud input_frame=map occupancy_frame=map cloud_points=17473 local_points=9670 occupied_voxels=23635 camera=(0.207,-0.014,-0.061) local_index_bounds=[(47,44,0),(117,116,8)]
[race_ego_cloud_bridge-8] [INFO] [1786825470.652623582] [race_ego_cloud_bridge]: [EGO_STATIC_MAP_READY] topic=/saved_map frame=map points=11417 fused=true
[ego_planner_node-10] [FSM]: state: WAIT_TARGET
[ego_planner_node-10] wait for goal or trigger.
[offboard_waypoint_node-1] [INFO] [1786825471.124505953] [offboard_waypoint_node]: [HOLD_ERROR] position_error=0.003 velocity=0.001 state=IDLE_HOLD
[offboard_waypoint_node-1] [INFO] [1786825471.374707966] [offboard_waypoint_node]: [CONTROL_ARBITER] selected_source=safety_hold state=IDLE_HOLD
[offboard_waypoint_node-1] [INFO] [1786825471.409278959] [offboard_waypoint_node]: [EV_HEALTH] state=SUSPECT continuous_healthy=0.00s
[super_planner_ros2_node-6] [INFO] [1786825471.524411454] [super_planner_ros2_node]: SUPER_ROS2 mode=IDLE enable_output=false reason=WAIT_ALTITUDE_REFERENCE odom=(0.21,-0.01,-0.06) goal=none tracking_setpoint_enu=(0.21,-0.01,-0.06) setpoint_ned=none yaw(desired/cmd/rate)=(0.00/0.00/0.00) cross_track=0.00 frame_id=px4_ned path_points=0 odom_source=/race/odom cloud_source=/saved_map mavros_connected=true
[fastlio_bridge_node-2] [INFO] [1786825472.013195483] [fastlio_bridge_node]: 已桥接并转换里程计: ENU(0.21, -0.01, -0.06) -> NED(-0.01, 0.21, 0.06)
[fastlio_bridge_node-2] [INFO] [1786825472.014754320] [fastlio_bridge_node]: 已桥接并转换里程计: ENU(0.21, -0.01, -0.06) -> NED(-0.01, 0.21, 0.06)
[fastlio_bridge_node-2] [INFO] [1786825472.025484558] [fastlio_bridge_node]: 已桥接并转换里程计: ENU(0.21, -0.01, -0.06) -> NED(-0.01, 0.21, 0.06)
[ego_planner_node-10] [FSM]: state: WAIT_TARGET
[ego_planner_node-10] wait for goal or trigger.
[fastlio_bridge_node-2] [INFO] [1786825472.035436131] [fastlio_bridge_node]: 已桥接并转换里程计: ENU(0.21, -0.01, -0.06) -> NED(-0.01, 0.21, 0.06)
[fastlio_bridge_node-2] [INFO] [1786825472.036764025] [fastlio_bridge_node]: 已桥接并转换里程计: ENU(0.21, -0.01, -0.06) -> NED(-0.01, 0.21, 0.06)
[fastlio_bridge_node-2] [INFO] [1786825472.039521290] [fastlio_bridge_node]: 已桥接并转换里程计: ENU(0.21, -0.01, -0.06) -> NED(-0.01, 0.21, 0.06)
[fastlio_bridge_node-2] [INFO] [1786825472.044432659] [fastlio_bridge_node]: 已桥接并转换里程计: ENU(0.21, -0.01, -0.06) -> NED(-0.01, 0.21, 0.06)
[fastlio_bridge_node-2] [INFO] [1786825472.046207833] [fastlio_bridge_node]: 已桥接并转换里程计: ENU(0.21, -0.01, -0.06) -> NED(-0.01, 0.21, 0.06)
[fastlio_bridge_node-2] [INFO] [1786825472.050783777] [fastlio_bridge_node]: 已桥接并转换里程计: ENU(0.21, -0.01, -0.06) -> NED(-0.01, 0.21, 0.06)
[rviz2-13] [INFO] [1786825472.051675728] [rviz2]: Message Filter dropping message: frame 'odom' at time 1786825470.882 for reason 'discarding message because the queue is full'
[fastlio_bridge_node-2] [INFO] [1786825472.055129190] [fastlio_bridge_node]: 已桥接并转换里程计: ENU(0.21, -0.01, -0.06) -> NED(-0.01, 0.21, 0.06)
[fastlio_bridge_node-2] [INFO] [1786825472.060807247] [fastlio_bridge_node]: 已桥接并转换里程计: ENU(0.21, -0.01, -0.06) -> NED(-0.01, 0.21, 0.06)
[race_ego_trajectory_bridge-12] [INFO] [1786825472.061294966] [race_ego_trajectory_bridge]: [EGO_OCCUPANCY_MAP] topic=/race/ego/cloud frame=map raw_points=17696 map_age=0.009
[fastlio_bridge_node-2] [INFO] [1786825472.066086296] [fastlio_bridge_node]: 已桥接并转换里程计: ENU(0.21, -0.01, -0.06) -> NED(-0.01, 0.21, 0.06)
[fastlio_bridge_node-2] [INFO] [1786825472.068259645] [fastlio_bridge_node]: 已桥接并转换里程计: ENU(0.21, -0.01, -0.06) -> NED(-0.01, 0.21, 0.06)
[fastlio_bridge_node-2] [INFO] [1786825472.075722413] [fastlio_bridge_node]: 已桥接并转换里程计: ENU(0.21, -0.01, -0.06) -> NED(-0.01, 0.21, 0.06)
[fastlio_bridge_node-2] [INFO] [1786825472.085705125] [fastlio_bridge_node]: 已桥接并转换里程计: ENU(0.21, -0.01, -0.06) -> NED(-0.01, 0.21, 0.06)
[fastlio_bridge_node-2] [INFO] [1786825472.087419833] [fastlio_bridge_node]: 已桥接并转换里程计: ENU(0.21, -0.01, -0.06) -> NED(-0.01, 0.21, 0.06)
[fastlio_bridge_node-2] [INFO] [1786825472.094110426] [fastlio_bridge_node]: 已桥接并转换里程计: ENU(0.21, -0.01, -0.06) -> NED(-0.01, 0.21, 0.06)
[offboard_waypoint_node-1] [INFO] [1786825472.174752256] [offboard_waypoint_node]: [HOLD_ERROR] position_error=0.006 velocity=0.010 state=IDLE_HOLD
[race_ego_cloud_bridge-8] [INFO] [1786825472.264833792] [race_ego_cloud_bridge]: [EGO_MAP_FUSION] static_points=11417 live_raw_points=17791 confirmed_live_voxels=6262 min_observations=2 memory_sec=1.00 fused_points=17679
[race_ego_cloud_bridge-8] [INFO] [1786825472.270942104] [race_ego_cloud_bridge]: [EGO_MAP_INPUT] topic=/race/ego/cloud frame=map points=17679 source=static_live_px4 refresh_period=0.00s
[offboard_waypoint_node-1] [INFO] [1786825472.425045782] [offboard_waypoint_node]: [CONTROL_ARBITER] selected_source=safety_hold state=IDLE_HOLD
[super_planner_ros2_node-6] [INFO] [1786825472.524841720] [super_planner_ros2_node]: SUPER_ROS2 mode=IDLE enable_output=false reason=WAIT_ALTITUDE_REFERENCE odom=(0.21,-0.01,-0.06) goal=none tracking_setpoint_enu=(0.21,-0.01,-0.06) setpoint_ned=none yaw(desired/cmd/rate)=(0.00/0.00/0.00) cross_track=0.00 frame_id=px4_ned path_points=0 odom_source=/race/odom cloud_source=/saved_map mavros_connected=true
[race_ego_cloud_bridge-8] [INFO] [1786825472.653721889] [race_ego_cloud_bridge]: [EGO_STATIC_MAP_READY] topic=/saved_map frame=map points=11417 fused=true
[ego_planner_node-10] [INFO] [1786825472.666359226] [race_ego_planner]: [EGO_OCCUPANCY_UPDATE] input_topic=grid_map/cloud input_frame=map occupancy_frame=map cloud_points=17305 local_points=9740 occupied_voxels=23600 camera=(0.207,-0.014,-0.061) local_index_bounds=[(47,44,0),(117,116,8)]
[offboard_waypoint_node-1] [INFO] [1786825473.176577239] [offboard_waypoint_node]: [HOLD_ERROR] position_error=0.015 velocity=0.011 state=IDLE_HOLD
[ego_planner_node-10] [FSM]: state: WAIT_TARGET
[ego_planner_node-10] wait for goal or trigger.
[offboard_waypoint_node-1] [INFO] [1786825473.474500270] [offboard_waypoint_node]: [CONTROL_ARBITER] selected_source=safety_hold state=IDLE_HOLD
[super_planner_ros2_node-6] [INFO] [1786825473.574461386] [super_planner_ros2_node]: SUPER_ROS2 mode=IDLE enable_output=false reason=WAIT_ALTITUDE_REFERENCE odom=(0.21,-0.01,-0.06) goal=none tracking_setpoint_enu=(0.21,-0.01,-0.06) setpoint_ned=none yaw(desired/cmd/rate)=(0.00/0.00/0.00) cross_track=0.00 frame_id=px4_ned path_points=0 odom_source=/race/odom cloud_source=/saved_map mavros_connected=true
[offboard_waypoint_node-1] [INFO] [1786825473.640085434] [offboard_waypoint_node]: [EV_HEALTH] state=HEALTHY continuous_healthy=0.00s
[fastlio_bridge_node-2] [INFO] [1786825474.004300729] [fastlio_bridge_node]: 已桥接并转换里程计: ENU(0.21, -0.01, -0.06) -> NED(-0.01, 0.21, 0.06)
[fastlio_bridge_node-2] [INFO] [1786825474.008774941] [fastlio_bridge_node]: 已桥接并转换里程计: ENU(0.21, -0.01, -0.06) -> NED(-0.01, 0.21, 0.06)
[fastlio_bridge_node-2] [INFO] [1786825474.014927723] [fastlio_bridge_node]: 已桥接并转换里程计: ENU(0.21, -0.01, -0.06) -> NED(-0.01, 0.21, 0.06)
[fastlio_bridge_node-2] [INFO] [1786825474.020484357] [fastlio_bridge_node]: 已桥接并转换里程计: ENU(0.21, -0.01, -0.06) -> NED(-0.01, 0.21, 0.06)
[fastlio_bridge_node-2] [INFO] [1786825474.023098945] [fastlio_bridge_node]: 已桥接并转换里程计: ENU(0.21, -0.01, -0.06) -> NED(-0.01, 0.21, 0.06)
[fastlio_bridge_node-2] [INFO] [1786825474.032924671] [fastlio_bridge_node]: 已桥接并转换里程计: ENU(0.21, -0.01, -0.06) -> NED(-0.01, 0.21, 0.06)
[fastlio_bridge_node-2] [INFO] [1786825474.045005591] [fastlio_bridge_node]: 已桥接并转换里程计: ENU(0.21, -0.01, -0.06) -> NED(-0.01, 0.21, 0.06)
[fastlio_bridge_node-2] [INFO] [1786825474.051178740] [fastlio_bridge_node]: 已桥接并转换里程计: ENU(0.21, -0.01, -0.06) -> NED(-0.01, 0.21, 0.06)
[fastlio_bridge_node-2] [INFO] [1786825474.052293753] [fastlio_bridge_node]: 已桥接并转换里程计: ENU(0.21, -0.01, -0.06) -> NED(-0.01, 0.21, 0.06)
[fastlio_bridge_node-2] [INFO] [1786825474.057863898] [fastlio_bridge_node]: 已桥接并转换里程计: ENU(0.21, -0.01, -0.06) -> NED(-0.01, 0.21, 0.06)
[fastlio_bridge_node-2] [INFO] [1786825474.069859199] [fastlio_bridge_node]: 已桥接并转换里程计: ENU(0.21, -0.01, -0.06) -> NED(-0.01, 0.21, 0.06)
[fastlio_bridge_node-2] [INFO] [1786825474.070456393] [fastlio_bridge_node]: 已桥接并转换里程计: ENU(0.21, -0.01, -0.06) -> NED(-0.01, 0.21, 0.06)
[fastlio_bridge_node-2] [INFO] [1786825474.077128508] [fastlio_bridge_node]: 已桥接并转换里程计: ENU(0.21, -0.01, -0.06) -> NED(-0.01, 0.21, 0.06)
[fastlio_bridge_node-2] [INFO] [1786825474.086222697] [fastlio_bridge_node]: 已桥接并转换里程计: ENU(0.21, -0.01, -0.06) -> NED(-0.01, 0.21, 0.06)
[fastlio_bridge_node-2] [INFO] [1786825474.088123423] [fastlio_bridge_node]: 已桥接并转换里程计: ENU(0.21, -0.01, -0.06) -> NED(-0.01, 0.21, 0.06)
[fastlio_bridge_node-2] [INFO] [1786825474.092274224] [fastlio_bridge_node]: 已桥接并转换里程计: ENU(0.21, -0.01, -0.06) -> NED(-0.01, 0.21, 0.06)
[fastlio_bridge_node-2] [INFO] [1786825474.094169542] [fastlio_bridge_node]: 已桥接并转换里程计: ENU(0.21, -0.01, -0.06) -> NED(-0.01, 0.21, 0.06)
[race_ego_trajectory_bridge-12] [INFO] [1786825474.148090844] [race_ego_trajectory_bridge]: [EGO_OCCUPANCY_MAP] topic=/race/ego/cloud frame=map raw_points=17243 map_age=0.008
[offboard_waypoint_node-1] [INFO] [1786825474.224853122] [offboard_waypoint_node]: [HOLD_ERROR] position_error=0.003 velocity=0.009 state=IDLE_HOLD
[race_ego_cloud_bridge-8] [INFO] [1786825474.331795841] [race_ego_cloud_bridge]: [EGO_MAP_FUSION] static_points=11417 live_raw_points=17623 confirmed_live_voxels=5854 min_observations=2 memory_sec=1.00 fused_points=17271
[race_ego_cloud_bridge-8] [INFO] [1786825474.332119330] [race_ego_cloud_bridge]: [EGO_MAP_INPUT] topic=/race/ego/cloud frame=map points=17271 source=static_live_px4 refresh_period=0.00s
[ego_planner_node-10] [FSM]: state: WAIT_TARGET
[ego_planner_node-10] wait for goal or trigger.
[offboard_waypoint_node-1] [INFO] [1786825474.475141251] [offboard_waypoint_node]: [CONTROL_ARBITER] selected_source=safety_hold state=IDLE_HOLD
[rviz2-13] [INFO] [1786825474.555096317] [rviz2]: Message Filter dropping message: frame 'odom' at time 1786825473.382 for reason 'discarding message because the queue is full'
[super_planner_ros2_node-6] [INFO] [1786825474.624591302] [super_planner_ros2_node]: SUPER_ROS2 mode=IDLE enable_output=false reason=WAIT_ALTITUDE_REFERENCE odom=(0.21,-0.01,-0.06) goal=none tracking_setpoint_enu=(0.21,-0.01,-0.06) setpoint_ned=none yaw(desired/cmd/rate)=(0.00/0.00/0.00) cross_track=0.00 frame_id=px4_ned path_points=0 odom_source=/race/odom cloud_source=/saved_map mavros_connected=true
[race_ego_cloud_bridge-8] [INFO] [1786825474.651772267] [race_ego_cloud_bridge]: [EGO_STATIC_MAP_READY] topic=/saved_map frame=map points=11417 fused=true
[ego_planner_node-10] [INFO] [1786825474.751459110] [race_ego_planner]: [EGO_OCCUPANCY_UPDATE] input_topic=grid_map/cloud input_frame=map occupancy_frame=map cloud_points=17502 local_points=9832 occupied_voxels=23588 camera=(0.206,-0.014,-0.061) local_index_bounds=[(47,44,0),(117,116,8)]
[offboard_waypoint_node-1] [INFO] [1786825475.274455180] [offboard_waypoint_node]: [HOLD_ERROR] position_error=0.005 velocity=0.007 state=IDLE_HOLD
[ego_planner_node-10] [FSM]: state: WAIT_TARGET
[ego_planner_node-10] wait for goal or trigger.
[offboard_waypoint_node-1] [INFO] [1786825475.524725057] [offboard_waypoint_node]: [CONTROL_ARBITER] selected_source=safety_hold state=IDLE_HOLD
[super_planner_ros2_node-6] [INFO] [1786825475.674300584] [super_planner_ros2_node]: SUPER_ROS2 mode=IDLE enable_output=false reason=WAIT_ALTITUDE_REFERENCE odom=(0.21,-0.01,-0.06) goal=none tracking_setpoint_enu=(0.21,-0.01,-0.06) setpoint_ned=none yaw(desired/cmd/rate)=(0.00/0.00/0.00) cross_track=0.00 frame_id=px4_ned path_points=0 odom_source=/race/odom cloud_source=/saved_map mavros_connected=true
[fastlio_bridge_node-2] [INFO] [1786825476.003227982] [fastlio_bridge_node]: 已桥接并转换里程计: ENU(0.21, -0.01, -0.06) -> NED(-0.01, 0.21, 0.06)
[fastlio_bridge_node-2] [INFO] [1786825476.008217548] [fastlio_bridge_node]: 已桥接并转换里程计: ENU(0.21, -0.01, -0.06) -> NED(-0.01, 0.21, 0.06)
[fastlio_bridge_node-2] [INFO] [1786825476.014433218] [fastlio_bridge_node]: 已桥接并转换里程计: ENU(0.21, -0.01, -0.06) -> NED(-0.01, 0.21, 0.06)
[fastlio_bridge_node-2] [INFO] [1786825476.019791504] [fastlio_bridge_node]: 已桥接并转换里程计: ENU(0.21, -0.01, -0.06) -> NED(-0.01, 0.21, 0.06)
[fastlio_bridge_node-2] [INFO] [1786825476.032969526] [fastlio_bridge_node]: 已桥接并转换里程计: ENU(0.21, -0.01, -0.06) -> NED(-0.01, 0.21, 0.06)
[fastlio_bridge_node-2] [INFO] [1786825476.038745417] [fastlio_bridge_node]: 已桥接并转换里程计: ENU(0.21, -0.01, -0.06) -> NED(-0.01, 0.21, 0.06)
[fastlio_bridge_node-2] [INFO] [1786825476.048635608] [fastlio_bridge_node]: 已桥接并转换里程计: ENU(0.21, -0.01, -0.06) -> NED(-0.01, 0.21, 0.06)
[fastlio_bridge_node-2] [INFO] [1786825476.051493225] [fastlio_bridge_node]: 已桥接并转换里程计: ENU(0.21, -0.01, -0.06) -> NED(-0.01, 0.21, 0.06)
[fastlio_bridge_node-2] [INFO] [1786825476.059297351] [fastlio_bridge_node]: 已桥接并转换里程计: ENU(0.21, -0.01, -0.06) -> NED(-0.01, 0.21, 0.06)
[fastlio_bridge_node-2] [INFO] [1786825476.062505174] [fastlio_bridge_node]: 已桥接并转换里程计: ENU(0.21, -0.01, -0.06) -> NED(-0.01, 0.21, 0.06)
[fastlio_bridge_node-2] [INFO] [1786825476.067257283] [fastlio_bridge_node]: 已桥接并转换里程计: ENU(0.21, -0.01, -0.06) -> NED(-0.01, 0.21, 0.06)
[fastlio_bridge_node-2] [INFO] [1786825476.068759523] [fastlio_bridge_node]: 已桥接并转换里程计: ENU(0.21, -0.01, -0.06) -> NED(-0.01, 0.21, 0.06)
[fastlio_bridge_node-2] [INFO] [1786825476.075545396] [fastlio_bridge_node]: 已桥接并转换里程计: ENU(0.21, -0.01, -0.06) -> NED(-0.01, 0.21, 0.06)
[fastlio_bridge_node-2] [INFO] [1786825476.081122654] [fastlio_bridge_node]: 已桥接并转换里程计: ENU(0.21, -0.01, -0.06) -> NED(-0.01, 0.21, 0.06)
[fastlio_bridge_node-2] [INFO] [1786825476.087440016] [fastlio_bridge_node]: 已桥接并转换里程计: ENU(0.21, -0.01, -0.06) -> NED(-0.01, 0.21, 0.06)
[race_ego_trajectory_bridge-12] [INFO] [1786825476.248005723] [race_ego_trajectory_bridge]: [EGO_OCCUPANCY_MAP] topic=/race/ego/cloud frame=map raw_points=17071 map_age=0.011
[offboard_waypoint_node-1] [INFO] [1786825476.275629259] [offboard_waypoint_node]: [HOLD_ERROR] position_error=0.002 velocity=0.005 state=IDLE_HOLD
[race_ego_cloud_bridge-8] [INFO] [1786825476.424878445] [race_ego_cloud_bridge]: [EGO_MAP_FUSION] static_points=11417 live_raw_points=17580 confirmed_live_voxels=5939 min_observations=2 memory_sec=1.00 fused_points=17356
[race_ego_cloud_bridge-8] [INFO] [1786825476.425245763] [race_ego_cloud_bridge]: [EGO_MAP_INPUT] topic=/race/ego/cloud frame=map points=17356 source=static_live_px4 refresh_period=0.00s
[offboard_waypoint_node-1] [INFO] [1786825476.574725486] [offboard_waypoint_node]: [CONTROL_ARBITER] selected_source=safety_hold state=IDLE_HOLD
[ego_planner_node-10] [FSM]: state: WAIT_TARGET
[ego_planner_node-10] wait for goal or trigger.
[race_ego_cloud_bridge-8] [INFO] [1786825476.654152661] [race_ego_cloud_bridge]: [EGO_STATIC_MAP_READY] topic=/saved_map frame=map points=11417 fused=true
[super_planner_ros2_node-6] [INFO] [1786825476.675758698] [super_planner_ros2_node]: SUPER_ROS2 mode=IDLE enable_output=false reason=WAIT_ALTITUDE_REFERENCE odom=(0.21,-0.01,-0.06) goal=none tracking_setpoint_enu=(0.21,-0.01,-0.06) setpoint_ned=none yaw(desired/cmd/rate)=(0.00/0.00/0.00) cross_track=0.00 frame_id=px4_ned path_points=0 odom_source=/race/odom cloud_source=/saved_map mavros_connected=true
[ego_planner_node-10] [INFO] [1786825476.857372978] [race_ego_planner]: [EGO_OCCUPANCY_UPDATE] input_topic=grid_map/cloud input_frame=map occupancy_frame=map cloud_points=17641 local_points=9826 occupied_voxels=23706 camera=(0.207,-0.015,-0.061) local_index_bounds=[(47,44,0),(117,117,8)]
[rviz2-13] [INFO] [1786825477.109707939] [rviz2]: Message Filter dropping message: frame 'odom' at time 1786825475.982 for reason 'discarding message because the queue is full'
[offboard_waypoint_node-1] [INFO] [1786825477.324928579] [offboard_waypoint_node]: [HOLD_ERROR] position_error=0.003 velocity=0.001 state=IDLE_HOLD
[offboard_waypoint_node-1] [INFO] [1786825477.626573644] [offboard_waypoint_node]: [CONTROL_ARBITER] selected_source=safety_hold state=IDLE_HOLD
[ego_planner_node-10] [FSM]: state: WAIT_TARGET
[ego_planner_node-10] wait for goal or trigger.
[super_planner_ros2_node-6] [INFO] [1786825477.724458049] [super_planner_ros2_node]: SUPER_ROS2 mode=IDLE enable_output=false reason=WAIT_ALTITUDE_REFERENCE odom=(0.21,-0.01,-0.06) goal=none tracking_setpoint_enu=(0.21,-0.01,-0.06) setpoint_ned=none yaw(desired/cmd/rate)=(0.00/0.00/0.00) cross_track=0.00 frame_id=px4_ned path_points=0 odom_source=/race/odom cloud_source=/saved_map mavros_connected=true
[fastlio_bridge_node-2] [INFO] [1786825478.018903551] [fastlio_bridge_node]: 已桥接并转换里程计: ENU(0.21, -0.01, -0.06) -> NED(-0.01, 0.21, 0.06)
[fastlio_bridge_node-2] [INFO] [1786825478.023733825] [fastlio_bridge_node]: 已桥接并转换里程计: ENU(0.21, -0.01, -0.06) -> NED(-0.01, 0.21, 0.06)
[fastlio_bridge_node-2] [INFO] [1786825478.027731601] [fastlio_bridge_node]: 已桥接并转换里程计: ENU(0.21, -0.01, -0.06) -> NED(-0.01, 0.21, 0.06)
[fastlio_bridge_node-2] [INFO] [1786825478.029654645] [fastlio_bridge_node]: 已桥接并转换里程计: ENU(0.21, -0.01, -0.06) -> NED(-0.01, 0.21, 0.06)
[fastlio_bridge_node-2] [INFO] [1786825478.034515924] [fastlio_bridge_node]: 已桥接并转换里程计: ENU(0.21, -0.01, -0.06) -> NED(-0.01, 0.21, 0.06)
[fastlio_bridge_node-2] [INFO] [1786825478.040461645] [fastlio_bridge_node]: 已桥接并转换里程计: ENU(0.21, -0.01, -0.06) -> NED(-0.01, 0.21, 0.06)
[fastlio_bridge_node-2] [INFO] [1786825478.049250966] [fastlio_bridge_node]: 已桥接并转换里程计: ENU(0.21, -0.01, -0.06) -> NED(-0.01, 0.21, 0.06)
[fastlio_bridge_node-2] [INFO] [1786825478.049461187] [fastlio_bridge_node]: 已桥接并转换里程计: ENU(0.21, -0.01, -0.06) -> NED(-0.01, 0.21, 0.06)
[fastlio_bridge_node-2] [INFO] [1786825478.056448735] [fastlio_bridge_node]: 已桥接并转换里程计: ENU(0.21, -0.01, -0.06) -> NED(-0.01, 0.21, 0.06)
[fastlio_bridge_node-2] [INFO] [1786825478.060187184] [fastlio_bridge_node]: 已桥接并转换里程计: ENU(0.21, -0.01, -0.06) -> NED(-0.01, 0.21, 0.06)
[fastlio_bridge_node-2] [INFO] [1786825478.068167416] [fastlio_bridge_node]: 已桥接并转换里程计: ENU(0.21, -0.01, -0.06) -> NED(-0.01, 0.21, 0.06)
[fastlio_bridge_node-2] [INFO] [1786825478.072606602] [fastlio_bridge_node]: 已桥接并转换里程计: ENU(0.21, -0.01, -0.06) -> NED(-0.01, 0.21, 0.06)
[fastlio_bridge_node-2] [INFO] [1786825478.084987580] [fastlio_bridge_node]: 已桥接并转换里程计: ENU(0.21, -0.01, -0.06) -> NED(-0.01, 0.21, 0.06)
[fastlio_bridge_node-2] [INFO] [1786825478.097430529] [fastlio_bridge_node]: 已桥接并转换里程计: ENU(0.21, -0.01, -0.06) -> NED(-0.01, 0.21, 0.06)
[fastlio_bridge_node-2] [INFO] [1786825478.099247676] [fastlio_bridge_node]: 已桥接并转换里程计: ENU(0.21, -0.01, -0.06) -> NED(-0.01, 0.21, 0.06)
[offboard_waypoint_node-1] [INFO] [1786825478.325069223] [offboard_waypoint_node]: [HOLD_ERROR] position_error=0.002 velocity=0.003 state=IDLE_HOLD
[race_ego_trajectory_bridge-12] [INFO] [1786825478.351037048] [race_ego_trajectory_bridge]: [EGO_OCCUPANCY_MAP] topic=/race/ego/cloud frame=map raw_points=18229 map_age=0.007
[race_ego_cloud_bridge-8] [INFO] [1786825478.550150926] [race_ego_cloud_bridge]: [EGO_MAP_FUSION] static_points=11417 live_raw_points=17695 confirmed_live_voxels=6775 min_observations=2 memory_sec=1.00 fused_points=18192
[race_ego_cloud_bridge-8] [INFO] [1786825478.550589074] [race_ego_cloud_bridge]: [EGO_MAP_INPUT] topic=/race/ego/cloud frame=map points=18192 source=static_live_px4 refresh_period=0.00s
[race_ego_cloud_bridge-8] [INFO] [1786825478.654712208] [race_ego_cloud_bridge]: [EGO_STATIC_MAP_READY] topic=/saved_map frame=map points=11417 fused=true
[offboard_waypoint_node-1] [INFO] [1786825478.675061129] [offboard_waypoint_node]: [CONTROL_ARBITER] selected_source=safety_hold state=IDLE_HOLD
[super_planner_ros2_node-6] [INFO] [1786825478.724532250] [super_planner_ros2_node]: SUPER_ROS2 mode=IDLE enable_output=false reason=WAIT_ALTITUDE_REFERENCE odom=(0.21,-0.01,-0.06) goal=none tracking_setpoint_enu=(0.21,-0.01,-0.06) setpoint_ned=none yaw(desired/cmd/rate)=(0.00/0.00/0.00) cross_track=0.00 frame_id=px4_ned path_points=0 odom_source=/race/odom cloud_source=/saved_map mavros_connected=true
[ego_planner_node-10] [FSM]: state: WAIT_TARGET
[ego_planner_node-10] wait for goal or trigger.
[ego_planner_node-10] [INFO] [1786825479.077766893] [race_ego_planner]: [EGO_OCCUPANCY_UPDATE] input_topic=grid_map/cloud input_frame=map occupancy_frame=map cloud_points=18126 local_points=9909 occupied_voxels=23712 camera=(0.206,-0.015,-0.062) local_index_bounds=[(47,44,0),(117,117,8)]
[offboard_waypoint_node-1] [INFO] [1786825479.325558923] [offboard_waypoint_node]: [HOLD_ERROR] position_error=0.003 velocity=0.004 state=IDLE_HOLD
[rviz2-13] [INFO] [1786825479.669731485] [rviz2]: Message Filter dropping message: frame 'odom' at time 1786825478.481 for reason 'discarding message because the queue is full'
[offboard_waypoint_node-1] [INFO] [1786825479.724950733] [offboard_waypoint_node]: [CONTROL_ARBITER] selected_source=safety_hold state=IDLE_HOLD
[super_planner_ros2_node-6] [INFO] [1786825479.724941436] [super_planner_ros2_node]: SUPER_ROS2 mode=IDLE enable_output=false reason=WAIT_ALTITUDE_REFERENCE odom=(0.21,-0.01,-0.06) goal=none tracking_setpoint_enu=(0.21,-0.01,-0.06) setpoint_ned=none yaw(desired/cmd/rate)=(0.00/0.00/0.00) cross_track=0.00 frame_id=px4_ned path_points=0 odom_source=/race/odom cloud_source=/saved_map mavros_connected=true
[fastlio_bridge_node-2] [INFO] [1786825480.004417663] [fastlio_bridge_node]: 已桥接并转换里程计: ENU(0.21, -0.01, -0.06) -> NED(-0.01, 0.21, 0.06)
[ego_planner_node-10] [FSM]: state: WAIT_TARGET
[ego_planner_node-10] wait for goal or trigger.
[fastlio_bridge_node-2] [INFO] [1786825480.007556481] [fastlio_bridge_node]: 已桥接并转换里程计: ENU(0.21, -0.01, -0.06) -> NED(-0.01, 0.21, 0.06)
[fastlio_bridge_node-2] [INFO] [1786825480.010354633] [fastlio_bridge_node]: 已桥接并转换里程计: ENU(0.21, -0.01, -0.06) -> NED(-0.01, 0.21, 0.06)
[fastlio_bridge_node-2] [INFO] [1786825480.021091627] [fastlio_bridge_node]: 已桥接并转换里程计: ENU(0.21, -0.01, -0.06) -> NED(-0.01, 0.21, 0.06)
[fastlio_bridge_node-2] [INFO] [1786825480.024006496] [fastlio_bridge_node]: 已桥接并转换里程计: ENU(0.21, -0.01, -0.06) -> NED(-0.01, 0.21, 0.06)
[fastlio_bridge_node-2] [INFO] [1786825480.026848992] [fastlio_bridge_node]: 已桥接并转换里程计: ENU(0.21, -0.01, -0.06) -> NED(-0.01, 0.21, 0.06)
[fastlio_bridge_node-2] [INFO] [1786825480.029987515] [fastlio_bridge_node]: 已桥接并转换里程计: ENU(0.21, -0.01, -0.06) -> NED(-0.01, 0.21, 0.06)
[fastlio_bridge_node-2] [INFO] [1786825480.035218280] [fastlio_bridge_node]: 已桥接并转换里程计: ENU(0.21, -0.01, -0.06) -> NED(-0.01, 0.21, 0.06)
[fastlio_bridge_node-2] [INFO] [1786825480.040438388] [fastlio_bridge_node]: 已桥接并转换里程计: ENU(0.21, -0.01, -0.06) -> NED(-0.01, 0.21, 0.06)
[fastlio_bridge_node-2] [INFO] [1786825480.046734961] [fastlio_bridge_node]: 已桥接并转换里程计: ENU(0.21, -0.01, -0.06) -> NED(-0.01, 0.21, 0.06)
[fastlio_bridge_node-2] [INFO] [1786825480.058417196] [fastlio_bridge_node]: 已桥接并转换里程计: ENU(0.21, -0.01, -0.06) -> NED(-0.01, 0.21, 0.06)
[fastlio_bridge_node-2] [INFO] [1786825480.060905257] [fastlio_bridge_node]: 已桥接并转换里程计: ENU(0.21, -0.01, -0.06) -> NED(-0.01, 0.21, 0.06)
[fastlio_bridge_node-2] [INFO] [1786825480.064557125] [fastlio_bridge_node]: 已桥接并转换里程计: ENU(0.21, -0.01, -0.06) -> NED(-0.01, 0.21, 0.06)
[fastlio_bridge_node-2] [INFO] [1786825480.075014365] [fastlio_bridge_node]: 已桥接并转换里程计: ENU(0.21, -0.01, -0.06) -> NED(-0.01, 0.21, 0.06)
[fastlio_bridge_node-2] [INFO] [1786825480.077521326] [fastlio_bridge_node]: 已桥接并转换里程计: ENU(0.21, -0.01, -0.06) -> NED(-0.01, 0.21, 0.06)
[fastlio_bridge_node-2] [INFO] [1786825480.079230409] [fastlio_bridge_node]: 已桥接并转换里程计: ENU(0.21, -0.01, -0.06) -> NED(-0.01, 0.21, 0.06)
[fastlio_bridge_node-2] [INFO] [1786825480.088244772] [fastlio_bridge_node]: 已桥接并转换里程计: ENU(0.21, -0.01, -0.06) -> NED(-0.01, 0.21, 0.06)
[fastlio_bridge_node-2] [INFO] [1786825480.090381330] [fastlio_bridge_node]: 已桥接并转换里程计: ENU(0.21, -0.01, -0.06) -> NED(-0.01, 0.21, 0.06)
[fastlio_bridge_node-2] [INFO] [1786825480.096745929] [fastlio_bridge_node]: 已桥接并转换里程计: ENU(0.21, -0.01, -0.06) -> NED(-0.01, 0.21, 0.06)
[offboard_waypoint_node-1] [INFO] [1786825480.375491529] [offboard_waypoint_node]: [HOLD_ERROR] position_error=0.005 velocity=0.003 state=IDLE_HOLD
[race_ego_trajectory_bridge-12] [INFO] [1786825480.430533006] [race_ego_trajectory_bridge]: [EGO_OCCUPANCY_MAP] topic=/race/ego/cloud frame=map raw_points=17053 map_age=0.009
[offboard_waypoint_node-1] [INFO] [1786825480.457176670] [offboard_waypoint_node]: [EV_HEALTH] state=SUSPECT continuous_healthy=0.00s
[race_ego_cloud_bridge-8] [INFO] [1786825480.623403484] [race_ego_cloud_bridge]: [EGO_MAP_FUSION] static_points=11417 live_raw_points=14750 confirmed_live_voxels=5427 min_observations=2 memory_sec=1.00 fused_points=16844
[race_ego_cloud_bridge-8] [INFO] [1786825480.624056031] [race_ego_cloud_bridge]: [EGO_MAP_INPUT] topic=/race/ego/cloud frame=map points=16844 source=static_live_px4 refresh_period=0.00s
[race_ego_cloud_bridge-8] [INFO] [1786825480.652172832] [race_ego_cloud_bridge]: [EGO_STATIC_MAP_READY] topic=/saved_map frame=map points=11417 fused=true
[super_planner_ros2_node-6] [INFO] [1786825480.725114241] [super_planner_ros2_node]: SUPER_ROS2 mode=IDLE enable_output=false reason=WAIT_ALTITUDE_REFERENCE odom=(0.21,-0.01,-0.06) goal=none tracking_setpoint_enu=(0.21,-0.01,-0.06) setpoint_ned=none yaw(desired/cmd/rate)=(0.00/0.00/0.00) cross_track=0.00 frame_id=px4_ned path_points=0 odom_source=/race/odom cloud_source=/saved_map mavros_connected=true
[offboard_waypoint_node-1] [INFO] [1786825480.726043592] [offboard_waypoint_node]: [CONTROL_ARBITER] selected_source=safety_hold state=IDLE_HOLD
[ego_planner_node-10] [FSM]: state: WAIT_TARGET
[ego_planner_node-10] wait for goal or trigger.
[ego_planner_node-10] [INFO] [1786825481.158211112] [race_ego_planner]: [EGO_OCCUPANCY_UPDATE] input_topic=grid_map/cloud input_frame=map occupancy_frame=map cloud_points=17247 local_points=9662 occupied_voxels=23544 camera=(0.205,-0.014,-0.062) local_index_bounds=[(47,44,0),(117,116,8)]
[offboard_waypoint_node-1] [INFO] [1786825481.424880229] [offboard_waypoint_node]: [HOLD_ERROR] position_error=0.002 velocity=0.001 state=IDLE_HOLD
[super_planner_ros2_node-6] [INFO] [1786825481.774852170] [super_planner_ros2_node]: SUPER_ROS2 mode=IDLE enable_output=false reason=WAIT_ALTITUDE_REFERENCE odom=(0.21,-0.01,-0.06) goal=none tracking_setpoint_enu=(0.21,-0.01,-0.06) setpoint_ned=none yaw(desired/cmd/rate)=(0.00/0.00/0.00) cross_track=0.00 frame_id=px4_ned path_points=0 odom_source=/race/odom cloud_source=/saved_map mavros_connected=true
[offboard_waypoint_node-1] [INFO] [1786825481.775300666] [offboard_waypoint_node]: [CONTROL_ARBITER] selected_source=safety_hold state=IDLE_HOLD
[fastlio_bridge_node-2] [INFO] [1786825482.011269093] [fastlio_bridge_node]: 已桥接并转换里程计: ENU(0.21, -0.01, -0.06) -> NED(-0.01, 0.21, 0.06)
[fastlio_bridge_node-2] [INFO] [1786825482.015172979] [fastlio_bridge_node]: 已桥接并转换里程计: ENU(0.21, -0.01, -0.06) -> NED(-0.01, 0.21, 0.06)
[fastlio_bridge_node-2] [INFO] [1786825482.016251999] [fastlio_bridge_node]: 已桥接并转换里程计: ENU(0.21, -0.01, -0.06) -> NED(-0.01, 0.21, 0.06)
[fastlio_bridge_node-2] [INFO] [1786825482.021204911] [fastlio_bridge_node]: 已桥接并转换里程计: ENU(0.21, -0.01, -0.06) -> NED(-0.01, 0.21, 0.06)
[fastlio_bridge_node-2] [INFO] [1786825482.025906418] [fastlio_bridge_node]: 已桥接并转换里程计: ENU(0.21, -0.01, -0.06) -> NED(-0.01, 0.21, 0.06)
[fastlio_bridge_node-2] [INFO] [1786825482.030868027] [fastlio_bridge_node]: 已桥接并转换里程计: ENU(0.21, -0.01, -0.06) -> NED(-0.01, 0.21, 0.06)
[fastlio_bridge_node-2] [INFO] [1786825482.039906712] [fastlio_bridge_node]: 已桥接并转换里程计: ENU(0.21, -0.01, -0.06) -> NED(-0.01, 0.21, 0.06)
[fastlio_bridge_node-2] [INFO] [1786825482.041545145] [fastlio_bridge_node]: 已桥接并转换里程计: ENU(0.21, -0.01, -0.06) -> NED(-0.01, 0.21, 0.06)
[fastlio_bridge_node-2] [INFO] [1786825482.044886387] [fastlio_bridge_node]: 已桥接并转换里程计: ENU(0.21, -0.01, -0.06) -> NED(-0.01, 0.21, 0.06)
[fastlio_bridge_node-2] [INFO] [1786825482.053856404] [fastlio_bridge_node]: 已桥接并转换里程计: ENU(0.21, -0.01, -0.06) -> NED(-0.01, 0.21, 0.06)
[fastlio_bridge_node-2] [INFO] [1786825482.055498193] [fastlio_bridge_node]: 已桥接并转换里程计: ENU(0.21, -0.01, -0.06) -> NED(-0.01, 0.21, 0.06)
[fastlio_bridge_node-2] [INFO] [1786825482.062026180] [fastlio_bridge_node]: 已桥接并转换里程计: ENU(0.21, -0.01, -0.06) -> NED(-0.01, 0.21, 0.06)
[fastlio_bridge_node-2] [INFO] [1786825482.065628407] [fastlio_bridge_node]: 已桥接并转换里程计: ENU(0.21, -0.01, -0.06) -> NED(-0.01, 0.21, 0.06)
[fastlio_bridge_node-2] [INFO] [1786825482.072944865] [fastlio_bridge_node]: 已桥接并转换里程计: ENU(0.21, -0.01, -0.06) -> NED(-0.01, 0.21, 0.06)
[fastlio_bridge_node-2] [INFO] [1786825482.077925681] [fastlio_bridge_node]: 已桥接并转换里程计: ENU(0.21, -0.01, -0.06) -> NED(-0.01, 0.21, 0.06)
[fastlio_bridge_node-2] [INFO] [1786825482.079583499] [fastlio_bridge_node]: 已桥接并转换里程计: ENU(0.21, -0.01, -0.06) -> NED(-0.01, 0.21, 0.06)
[fastlio_bridge_node-2] [INFO] [1786825482.091074970] [fastlio_bridge_node]: 已桥接并转换里程计: ENU(0.21, -0.01, -0.06) -> NED(-0.01, 0.21, 0.06)
[fastlio_bridge_node-2] [INFO] [1786825482.098390044] [fastlio_bridge_node]: 已桥接并转换里程计: ENU(0.21, -0.01, -0.06) -> NED(-0.01, 0.21, 0.06)
[rviz2-13] [INFO] [1786825482.171844261] [rviz2]: Message Filter dropping message: frame 'odom' at time 1786825481.081 for reason 'discarding message because the queue is full'
[ego_planner_node-10] [FSM]: state: WAIT_TARGET
[ego_planner_node-10] wait for goal or trigger.
[offboard_waypoint_node-1] [INFO] [1786825482.425198884] [offboard_waypoint_node]: [HOLD_ERROR] position_error=0.002 velocity=0.001 state=IDLE_HOLD
[race_ego_trajectory_bridge-12] [INFO] [1786825482.521263573] [race_ego_trajectory_bridge]: [EGO_OCCUPANCY_MAP] topic=/race/ego/cloud frame=map raw_points=18614 map_age=0.011
[race_ego_cloud_bridge-8] [INFO] [1786825482.645356823] [race_ego_cloud_bridge]: [EGO_MAP_FUSION] static_points=11417 live_raw_points=17766 confirmed_live_voxels=6708 min_observations=2 memory_sec=1.00 fused_points=18125
[race_ego_cloud_bridge-8] [INFO] [1786825482.645716961] [race_ego_cloud_bridge]: [EGO_MAP_INPUT] topic=/race/ego/cloud frame=map points=18125 source=static_live_px4 refresh_period=0.00s
[race_ego_cloud_bridge-8] [INFO] [1786825482.652558880] [race_ego_cloud_bridge]: [EGO_STATIC_MAP_READY] topic=/saved_map frame=map points=11417 fused=true
[offboard_waypoint_node-1] [INFO] [1786825482.739564968] [offboard_waypoint_node]: [EV_HEALTH] state=HEALTHY continuous_healthy=0.00s
[super_planner_ros2_node-6] [INFO] [1786825482.775026806] [super_planner_ros2_node]: SUPER_ROS2 mode=IDLE enable_output=false reason=WAIT_ALTITUDE_REFERENCE odom=(0.21,-0.01,-0.06) goal=none tracking_setpoint_enu=(0.21,-0.01,-0.06) setpoint_ned=none yaw(desired/cmd/rate)=(0.00/0.00/0.00) cross_track=0.00 frame_id=px4_ned path_points=0 odom_source=/race/odom cloud_source=/saved_map mavros_connected=true
[offboard_waypoint_node-1] [INFO] [1786825482.826857919] [offboard_waypoint_node]: [CONTROL_ARBITER] selected_source=safety_hold state=IDLE_HOLD
[ego_planner_node-10] [INFO] [1786825483.243368699] [race_ego_planner]: [EGO_OCCUPANCY_UPDATE] input_topic=grid_map/cloud input_frame=map occupancy_frame=map cloud_points=18393 local_points=9941 occupied_voxels=23690 camera=(0.208,-0.016,-0.061) local_index_bounds=[(47,44,0),(117,117,8)]
[ego_planner_node-10] [FSM]: state: WAIT_TARGET
[ego_planner_node-10] wait for goal or trigger.
[offboard_waypoint_node-1] [INFO] [1786825483.425454593] [offboard_waypoint_node]: [HOLD_ERROR] position_error=0.003 velocity=0.003 state=IDLE_HOLD
[super_planner_ros2_node-6] [INFO] [1786825483.825361725] [super_planner_ros2_node]: SUPER_ROS2 mode=IDLE enable_output=false reason=WAIT_ALTITUDE_REFERENCE odom=(0.21,-0.01,-0.06) goal=none tracking_setpoint_enu=(0.21,-0.01,-0.06) setpoint_ned=none yaw(desired/cmd/rate)=(0.00/0.00/0.00) cross_track=0.00 frame_id=px4_ned path_points=0 odom_source=/race/odom cloud_source=/saved_map mavros_connected=true
[offboard_waypoint_node-1] [INFO] [1786825483.875652702] [offboard_waypoint_node]: [CONTROL_ARBITER] selected_source=safety_hold state=IDLE_HOLD
[fastlio_bridge_node-2] [INFO] [1786825484.007299704] [fastlio_bridge_node]: 已桥接并转换里程计: ENU(0.21, -0.01, -0.06) -> NED(-0.01, 0.21, 0.06)
[fastlio_bridge_node-2] [INFO] [1786825484.010455509] [fastlio_bridge_node]: 已桥接并转换里程计: ENU(0.21, -0.01, -0.06) -> NED(-0.01, 0.21, 0.06)
[fastlio_bridge_node-2] [INFO] [1786825484.023207037] [fastlio_bridge_node]: 已桥接并转换里程计: ENU(0.21, -0.01, -0.06) -> NED(-0.01, 0.21, 0.06)
[fastlio_bridge_node-2] [INFO] [1786825484.031993101] [fastlio_bridge_node]: 已桥接并转换里程计: ENU(0.21, -0.01, -0.06) -> NED(-0.01, 0.21, 0.06)
[fastlio_bridge_node-2] [INFO] [1786825484.034156808] [fastlio_bridge_node]: 已桥接并转换里程计: ENU(0.21, -0.01, -0.06) -> NED(-0.01, 0.21, 0.06)
[fastlio_bridge_node-2] [INFO] [1786825484.042198904] [fastlio_bridge_node]: 已桥接并转换里程计: ENU(0.21, -0.01, -0.06) -> NED(-0.01, 0.21, 0.06)
[fastlio_bridge_node-2] [INFO] [1786825484.052815715] [fastlio_bridge_node]: 已桥接并转换里程计: ENU(0.21, -0.01, -0.06) -> NED(-0.01, 0.21, 0.06)
[fastlio_bridge_node-2] [INFO] [1786825484.056934051] [fastlio_bridge_node]: 已桥接并转换里程计: ENU(0.21, -0.01, -0.06) -> NED(-0.01, 0.21, 0.06)
[fastlio_bridge_node-2] [INFO] [1786825484.058889407] [fastlio_bridge_node]: 已桥接并转换里程计: ENU(0.21, -0.01, -0.06) -> NED(-0.01, 0.21, 0.06)
[fastlio_bridge_node-2] [INFO] [1786825484.068356648] [fastlio_bridge_node]: 已桥接并转换里程计: ENU(0.21, -0.01, -0.06) -> NED(-0.01, 0.21, 0.06)
[fastlio_bridge_node-2] [INFO] [1786825484.070721924] [fastlio_bridge_node]: 已桥接并转换里程计: ENU(0.21, -0.01, -0.06) -> NED(-0.01, 0.21, 0.06)
[fastlio_bridge_node-2] [INFO] [1786825484.075618442] [fastlio_bridge_node]: 已桥接并转换里程计: ENU(0.21, -0.01, -0.06) -> NED(-0.01, 0.21, 0.06)
[fastlio_bridge_node-2] [INFO] [1786825484.083542375] [fastlio_bridge_node]: 已桥接并转换里程计: ENU(0.21, -0.01, -0.06) -> NED(-0.01, 0.21, 0.06)
[fastlio_bridge_node-2] [INFO] [1786825484.086769298] [fastlio_bridge_node]: 已桥接并转换里程计: ENU(0.21, -0.01, -0.06) -> NED(-0.01, 0.21, 0.06)
[fastlio_bridge_node-2] [INFO] [1786825484.089881023] [fastlio_bridge_node]: 已桥接并转换里程计: ENU(0.21, -0.01, -0.06) -> NED(-0.01, 0.21, 0.06)
[ego_planner_node-10] [FSM]: state: WAIT_TARGET
[ego_planner_node-10] wait for goal or trigger.
[offboard_waypoint_node-1] [INFO] [1786825484.475694567] [offboard_waypoint_node]: [HOLD_ERROR] position_error=0.005 velocity=0.002 state=IDLE_HOLD
[race_ego_trajectory_bridge-12] [INFO] [1786825484.640186236] [race_ego_trajectory_bridge]: [EGO_OCCUPANCY_MAP] topic=/race/ego/cloud frame=map raw_points=16882 map_age=0.011
[race_ego_cloud_bridge-8] [INFO] [1786825484.653541169] [race_ego_cloud_bridge]: [EGO_STATIC_MAP_READY] topic=/saved_map frame=map points=11417 fused=true
[rviz2-13] [INFO] [1786825484.738511618] [rviz2]: Message Filter dropping message: frame 'odom' at time 1786825483.681 for reason 'discarding message because the queue is full'
[super_planner_ros2_node-6] [INFO] [1786825484.825470702] [super_planner_ros2_node]: SUPER_ROS2 mode=IDLE enable_output=false reason=WAIT_ALTITUDE_REFERENCE odom=(0.21,-0.02,-0.06) goal=none tracking_setpoint_enu=(0.21,-0.02,-0.06) setpoint_ned=none yaw(desired/cmd/rate)=(0.00/0.00/0.00) cross_track=0.00 frame_id=px4_ned path_points=0 odom_source=/race/odom cloud_source=/saved_map mavros_connected=true
[race_ego_cloud_bridge-8] [INFO] [1786825484.857925398] [race_ego_cloud_bridge]: [EGO_MAP_FUSION] static_points=11417 live_raw_points=14664 confirmed_live_voxels=4973 min_observations=2 memory_sec=1.00 fused_points=16390
[race_ego_cloud_bridge-8] [INFO] [1786825484.859498931] [race_ego_cloud_bridge]: [EGO_MAP_INPUT] topic=/race/ego/cloud frame=map points=16390 source=static_live_px4 refresh_period=0.00s
[offboard_waypoint_node-1] [INFO] [1786825484.875694281] [offboard_waypoint_node]: [CONTROL_ARBITER] selected_source=safety_hold state=IDLE_HOLD
[ego_planner_node-10] [INFO] [1786825485.281807964] [race_ego_planner]: [EGO_OCCUPANCY_UPDATE] input_topic=grid_map/cloud input_frame=map occupancy_frame=map cloud_points=16332 local_points=9395 occupied_voxels=23553 camera=(0.206,-0.014,-0.062) local_index_bounds=[(47,44,0),(117,116,8)]
[offboard_waypoint_node-1] [INFO] [1786825485.525313216] [offboard_waypoint_node]: [HOLD_ERROR] position_error=0.003 velocity=0.002 state=IDLE_HOLD
[ego_planner_node-10] [FSM]: state: WAIT_TARGET
[ego_planner_node-10] wait for goal or trigger.
[super_planner_ros2_node-6] [INFO] [1786825485.875587982] [super_planner_ros2_node]: SUPER_ROS2 mode=IDLE enable_output=false reason=WAIT_ALTITUDE_REFERENCE odom=(0.21,-0.01,-0.06) goal=none tracking_setpoint_enu=(0.21,-0.01,-0.06) setpoint_ned=none yaw(desired/cmd/rate)=(0.00/0.00/0.00) cross_track=0.00 frame_id=px4_ned path_points=0 odom_source=/race/odom cloud_source=/saved_map mavros_connected=true
[offboard_waypoint_node-1] [INFO] [1786825485.875786129] [offboard_waypoint_node]: [CONTROL_ARBITER] selected_source=safety_hold state=IDLE_HOLD
[fastlio_bridge_node-2] [INFO] [1786825486.009416548] [fastlio_bridge_node]: 已桥接并转换里程计: ENU(0.21, -0.01, -0.06) -> NED(-0.01, 0.21, 0.06)
[fastlio_bridge_node-2] [INFO] [1786825486.009808310] [fastlio_bridge_node]: 已桥接并转换里程计: ENU(0.21, -0.01, -0.06) -> NED(-0.01, 0.21, 0.06)
[fastlio_bridge_node-2] [INFO] [1786825486.009884994] [fastlio_bridge_node]: 已桥接并转换里程计: ENU(0.21, -0.01, -0.06) -> NED(-0.01, 0.21, 0.06)
[fastlio_bridge_node-2] [INFO] [1786825486.009942040] [fastlio_bridge_node]: 已桥接并转换里程计: ENU(0.21, -0.01, -0.06) -> NED(-0.01, 0.21, 0.06)
[fastlio_bridge_node-2] [INFO] [1786825486.011828416] [fastlio_bridge_node]: 已桥接并转换里程计: ENU(0.21, -0.01, -0.06) -> NED(-0.01, 0.21, 0.06)
[fastlio_bridge_node-2] [INFO] [1786825486.025370088] [fastlio_bridge_node]: 已桥接并转换里程计: ENU(0.21, -0.01, -0.06) -> NED(-0.01, 0.21, 0.06)
[fastlio_bridge_node-2] [INFO] [1786825486.025586627] [fastlio_bridge_node]: 已桥接并转换里程计: ENU(0.21, -0.01, -0.06) -> NED(-0.01, 0.21, 0.06)
[fastlio_bridge_node-2] [INFO] [1786825486.025627480] [fastlio_bridge_node]: 已桥接并转换里程计: ENU(0.21, -0.01, -0.06) -> NED(-0.01, 0.21, 0.06)
[fastlio_bridge_node-2] [INFO] [1786825486.037881868] [fastlio_bridge_node]: 已桥接并转换里程计: ENU(0.21, -0.01, -0.06) -> NED(-0.01, 0.21, 0.06)
[fastlio_bridge_node-2] [INFO] [1786825486.056776916] [fastlio_bridge_node]: 已桥接并转换里程计: ENU(0.21, -0.01, -0.06) -> NED(-0.01, 0.21, 0.06)
[fastlio_bridge_node-2] [INFO] [1786825486.057212035] [fastlio_bridge_node]: 已桥接并转换里程计: ENU(0.21, -0.01, -0.06) -> NED(-0.01, 0.21, 0.06)
[fastlio_bridge_node-2] [INFO] [1786825486.058118697] [fastlio_bridge_node]: 已桥接并转换里程计: ENU(0.21, -0.01, -0.06) -> NED(-0.01, 0.21, 0.06)
[fastlio_bridge_node-2] [INFO] [1786825486.069778344] [fastlio_bridge_node]: 已桥接并转换里程计: ENU(0.21, -0.01, -0.06) -> NED(-0.01, 0.21, 0.06)
[fastlio_bridge_node-2] [INFO] [1786825486.071976945] [fastlio_bridge_node]: 已桥接并转换里程计: ENU(0.21, -0.01, -0.06) -> NED(-0.01, 0.21, 0.06)
[fastlio_bridge_node-2] [INFO] [1786825486.077290346] [fastlio_bridge_node]: 已桥接并转换里程计: ENU(0.21, -0.01, -0.06) -> NED(-0.01, 0.21, 0.06)
[fastlio_bridge_node-2] [INFO] [1786825486.077681496] [fastlio_bridge_node]: 已桥接并转换里程计: ENU(0.21, -0.01, -0.06) -> NED(-0.01, 0.21, 0.06)
[fastlio_bridge_node-2] [INFO] [1786825486.083365086] [fastlio_bridge_node]: 已桥接并转换里程计: ENU(0.21, -0.01, -0.06) -> NED(-0.01, 0.21, 0.06)
[offboard_waypoint_node-1] [INFO] [1786825486.529135276] [offboard_waypoint_node]: [HOLD_ERROR] position_error=0.002 velocity=0.001 state=IDLE_HOLD
[race_ego_cloud_bridge-8] [INFO] [1786825486.655452997] [race_ego_cloud_bridge]: [EGO_STATIC_MAP_READY] topic=/saved_map frame=map points=11417 fused=true
[ego_planner_node-10] [FSM]: state: WAIT_TARGET
[ego_planner_node-10] wait for goal or trigger.
[race_ego_trajectory_bridge-12] [INFO] [1786825486.749119517] [race_ego_trajectory_bridge]: [EGO_OCCUPANCY_MAP] topic=/race/ego/cloud frame=map raw_points=17599 map_age=0.011
[super_planner_ros2_node-6] [INFO] [1786825486.926984184] [super_planner_ros2_node]: SUPER_ROS2 mode=IDLE enable_output=false reason=WAIT_ALTITUDE_REFERENCE odom=(0.21,-0.01,-0.06) goal=none tracking_setpoint_enu=(0.21,-0.01,-0.06) setpoint_ned=none yaw(desired/cmd/rate)=(0.00/0.00/0.00) cross_track=0.00 frame_id=px4_ned path_points=0 odom_source=/race/odom cloud_source=/saved_map mavros_connected=true
[offboard_waypoint_node-1] [INFO] [1786825486.927498677] [offboard_waypoint_node]: [CONTROL_ARBITER] selected_source=safety_hold state=IDLE_HOLD
[race_ego_cloud_bridge-8] [INFO] [1786825486.931567634] [race_ego_cloud_bridge]: [EGO_MAP_FUSION] static_points=11417 live_raw_points=17684 confirmed_live_voxels=6111 min_observations=2 memory_sec=1.00 fused_points=17528
[race_ego_cloud_bridge-8] [INFO] [1786825486.931956665] [race_ego_cloud_bridge]: [EGO_MAP_INPUT] topic=/race/ego/cloud frame=map points=17528 source=static_live_px4 refresh_period=0.00s
[ego_planner_node-10] [INFO] [1786825487.348845660] [race_ego_planner]: [EGO_OCCUPANCY_UPDATE] input_topic=grid_map/cloud input_frame=map occupancy_frame=map cloud_points=17382 local_points=9653 occupied_voxels=23560 camera=(0.207,-0.014,-0.062) local_index_bounds=[(47,44,0),(117,116,8)]
[rviz2-13] [INFO] [1786825487.351760710] [rviz2]: Message Filter dropping message: frame 'odom' at time 1786825486.281 for reason 'discarding message because the queue is full'
[offboard_waypoint_node-1] [INFO] [1786825487.575863494] [offboard_waypoint_node]: [HOLD_ERROR] position_error=0.005 velocity=0.006 state=IDLE_HOLD
[ego_planner_node-10] [FSM]: state: WAIT_TARGET
[ego_planner_node-10] wait for goal or trigger.
[super_planner_ros2_node-6] [INFO] [1786825487.975802444] [super_planner_ros2_node]: SUPER_ROS2 mode=IDLE enable_output=false reason=WAIT_ALTITUDE_REFERENCE odom=(0.21,-0.01,-0.06) goal=none tracking_setpoint_enu=(0.21,-0.01,-0.06) setpoint_ned=none yaw(desired/cmd/rate)=(0.00/0.00/0.00) cross_track=0.00 frame_id=px4_ned path_points=0 odom_source=/race/odom cloud_source=/saved_map mavros_connected=true
[offboard_waypoint_node-1] [INFO] [1786825487.976180850] [offboard_waypoint_node]: [CONTROL_ARBITER] selected_source=safety_hold state=IDLE_HOLD
[fastlio_bridge_node-2] [INFO] [1786825488.002503520] [fastlio_bridge_node]: 已桥接并转换里程计: ENU(0.21, -0.01, -0.06) -> NED(-0.01, 0.21, 0.06)
[fastlio_bridge_node-2] [INFO] [1786825488.006396731] [fastlio_bridge_node]: 已桥接并转换里程计: ENU(0.21, -0.01, -0.06) -> NED(-0.01, 0.21, 0.06)
[fastlio_bridge_node-2] [INFO] [1786825488.008041112] [fastlio_bridge_node]: 已桥接并转换里程计: ENU(0.21, -0.01, -0.06) -> NED(-0.01, 0.21, 0.06)
[fastlio_bridge_node-2] [INFO] [1786825488.012934264] [fastlio_bridge_node]: 已桥接并转换里程计: ENU(0.21, -0.01, -0.06) -> NED(-0.01, 0.21, 0.06)
[fastlio_bridge_node-2] [INFO] [1786825488.017054054] [fastlio_bridge_node]: 已桥接并转换里程计: ENU(0.21, -0.01, -0.06) -> NED(-0.01, 0.21, 0.06)
[fastlio_bridge_node-2] [INFO] [1786825488.019971360] [fastlio_bridge_node]: 已桥接并转换里程计: ENU(0.21, -0.01, -0.06) -> NED(-0.01, 0.21, 0.06)
[fastlio_bridge_node-2] [INFO] [1786825488.032571615] [fastlio_bridge_node]: 已桥接并转换里程计: ENU(0.21, -0.01, -0.06) -> NED(-0.01, 0.21, 0.06)
[fastlio_bridge_node-2] [INFO] [1786825488.033968680] [fastlio_bridge_node]: 已桥接并转换里程计: ENU(0.21, -0.01, -0.06) -> NED(-0.01, 0.21, 0.06)
[fastlio_bridge_node-2] [INFO] [1786825488.036425291] [fastlio_bridge_node]: 已桥接并转换里程计: ENU(0.21, -0.01, -0.06) -> NED(-0.01, 0.21, 0.06)
[fastlio_bridge_node-2] [INFO] [1786825488.045560406] [fastlio_bridge_node]: 已桥接并转换里程计: ENU(0.21, -0.01, -0.06) -> NED(-0.01, 0.21, 0.06)
[fastlio_bridge_node-2] [INFO] [1786825488.047215622] [fastlio_bridge_node]: 已桥接并转换里程计: ENU(0.21, -0.01, -0.06) -> NED(-0.01, 0.21, 0.06)
[fastlio_bridge_node-2] [INFO] [1786825488.051985925] [fastlio_bridge_node]: 已桥接并转换里程计: ENU(0.21, -0.01, -0.06) -> NED(-0.01, 0.21, 0.06)
[fastlio_bridge_node-2] [INFO] [1786825488.061091055] [fastlio_bridge_node]: 已桥接并转换里程计: ENU(0.21, -0.01, -0.06) -> NED(-0.01, 0.21, 0.06)
[fastlio_bridge_node-2] [INFO] [1786825488.063656141] [fastlio_bridge_node]: 已桥接并转换里程计: ENU(0.21, -0.01, -0.06) -> NED(-0.01, 0.21, 0.06)
[fastlio_bridge_node-2] [INFO] [1786825488.072107729] [fastlio_bridge_node]: 已桥接并转换里程计: ENU(0.21, -0.01, -0.06) -> NED(-0.01, 0.21, 0.06)
[fastlio_bridge_node-2] [INFO] [1786825488.073258809] [fastlio_bridge_node]: 已桥接并转换里程计: ENU(0.21, -0.01, -0.06) -> NED(-0.01, 0.21, 0.06)
[fastlio_bridge_node-2] [INFO] [1786825488.078414608] [fastlio_bridge_node]: 已桥接并转换里程计: ENU(0.21, -0.01, -0.06) -> NED(-0.01, 0.21, 0.06)
[fastlio_bridge_node-2] [INFO] [1786825488.085755811] [fastlio_bridge_node]: 已桥接并转换里程计: ENU(0.21, -0.01, -0.06) -> NED(-0.01, 0.21, 0.06)
[fastlio_bridge_node-2] [INFO] [1786825488.093667588] [fastlio_bridge_node]: 已桥接并转换里程计: ENU(0.21, -0.01, -0.06) -> NED(-0.01, 0.21, 0.06)
[fastlio_bridge_node-2] [INFO] [1786825488.094779336] [fastlio_bridge_node]: 已桥接并转换里程计: ENU(0.21, -0.01, -0.06) -> NED(-0.01, 0.21, 0.06)
[fastlio_bridge_node-2] [INFO] [1786825488.096555274] [fastlio_bridge_node]: 已桥接并转换里程计: ENU(0.21, -0.01, -0.06) -> NED(-0.01, 0.21, 0.06)
[offboard_waypoint_node-1] [INFO] [1786825488.576266461] [offboard_waypoint_node]: [HOLD_ERROR] position_error=0.006 velocity=0.007 state=IDLE_HOLD
[race_ego_cloud_bridge-8] [INFO] [1786825488.655616931] [race_ego_cloud_bridge]: [EGO_STATIC_MAP_READY] topic=/saved_map frame=map points=11417 fused=true
[race_ego_trajectory_bridge-12] [INFO] [1786825488.933404084] [race_ego_trajectory_bridge]: [EGO_OCCUPANCY_MAP] topic=/race/ego/cloud frame=map raw_points=17655 map_age=0.010
[super_planner_ros2_node-6] [INFO] [1786825488.975959783] [super_planner_ros2_node]: SUPER_ROS2 mode=IDLE enable_output=false reason=WAIT_ALTITUDE_REFERENCE odom=(0.21,-0.01,-0.06) goal=none tracking_setpoint_enu=(0.21,-0.01,-0.06) setpoint_ned=none yaw(desired/cmd/rate)=(0.00/0.00/0.00) cross_track=0.00 frame_id=px4_ned path_points=0 odom_source=/race/odom cloud_source=/saved_map mavros_connected=true
[ego_planner_node-10] [FSM]: state: WAIT_TARGET
[ego_planner_node-10] wait for goal or trigger.
[offboard_waypoint_node-1] [INFO] [1786825489.026084844] [offboard_waypoint_node]: [CONTROL_ARBITER] selected_source=safety_hold state=IDLE_HOLD
[race_ego_cloud_bridge-8] [INFO] [1786825489.119127442] [race_ego_cloud_bridge]: [EGO_MAP_FUSION] static_points=11417 live_raw_points=17870 confirmed_live_voxels=6374 min_observations=2 memory_sec=1.00 fused_points=17791
[race_ego_cloud_bridge-8] [INFO] [1786825489.119508914] [race_ego_cloud_bridge]: [EGO_MAP_INPUT] topic=/race/ego/cloud frame=map points=17791 source=static_live_px4 refresh_period=0.00s
[ego_planner_node-10] [INFO] [1786825489.478058082] [race_ego_planner]: [EGO_OCCUPANCY_UPDATE] input_topic=grid_map/cloud input_frame=map occupancy_frame=map cloud_points=17637 local_points=9767 occupied_voxels=23587 camera=(0.207,-0.013,-0.062) local_index_bounds=[(47,44,0),(117,116,8)]
[mapping_manager_node-5] [INFO] [1786825489.510997968] [mapping_manager_node]: Mapping status: in_flight=false, map_loaded=false, map_saved=false
[offboard_waypoint_node-1] [INFO] [1786825489.626222175] [offboard_waypoint_node]: [HOLD_ERROR] position_error=0.004 velocity=0.002 state=IDLE_HOLD
[super_planner_ros2_node-6] [INFO] [1786825489.982830471] [super_planner_ros2_node]: SUPER_ROS2 mode=IDLE enable_output=false reason=WAIT_ALTITUDE_REFERENCE odom=(0.21,-0.01,-0.06) goal=none tracking_setpoint_enu=(0.21,-0.01,-0.06) setpoint_ned=none yaw(desired/cmd/rate)=(0.00/0.00/0.00) cross_track=0.00 frame_id=px4_ned path_points=0 odom_source=/race/odom cloud_source=/saved_map mavros_connected=true
[fastlio_bridge_node-2] [INFO] [1786825490.004024814] [fastlio_bridge_node]: 已桥接并转换里程计: ENU(0.21, -0.01, -0.06) -> NED(-0.01, 0.21, 0.06)
[fastlio_bridge_node-2] [INFO] [1786825490.012872169] [fastlio_bridge_node]: 已桥接并转换里程计: ENU(0.21, -0.01, -0.06) -> NED(-0.01, 0.21, 0.06)
[fastlio_bridge_node-2] [INFO] [1786825490.016452861] [fastlio_bridge_node]: 已桥接并转换里程计: ENU(0.21, -0.01, -0.06) -> NED(-0.01, 0.21, 0.06)
[fastlio_bridge_node-2] [INFO] [1786825490.020522784] [fastlio_bridge_node]: 已桥接并转换里程计: ENU(0.21, -0.01, -0.06) -> NED(-0.01, 0.21, 0.06)
[fastlio_bridge_node-2] [INFO] [1786825490.025123477] [fastlio_bridge_node]: 已桥接并转换里程计: ENU(0.21, -0.01, -0.06) -> NED(-0.01, 0.21, 0.06)
[fastlio_bridge_node-2] [INFO] [1786825490.026917107] [fastlio_bridge_node]: 已桥接并转换里程计: ENU(0.21, -0.01, -0.06) -> NED(-0.01, 0.21, 0.06)
[fastlio_bridge_node-2] [INFO] [1786825490.029858826] [fastlio_bridge_node]: 已桥接并转换里程计: ENU(0.21, -0.01, -0.06) -> NED(-0.01, 0.21, 0.06)
[fastlio_bridge_node-2] [INFO] [1786825490.037193609] [fastlio_bridge_node]: 已桥接并转换里程计: ENU(0.21, -0.01, -0.06) -> NED(-0.01, 0.21, 0.06)
[rviz2-13] [INFO] [1786825490.040435002] [rviz2]: Message Filter dropping message: frame 'odom' at time 1786825488.881 for reason 'discarding message because the queue is full'
[fastlio_bridge_node-2] [INFO] [1786825490.044423388] [fastlio_bridge_node]: 已桥接并转换里程计: ENU(0.21, -0.01, -0.06) -> NED(-0.01, 0.21, 0.06)
[fastlio_bridge_node-2] [INFO] [1786825490.046520629] [fastlio_bridge_node]: 已桥接并转换里程计: ENU(0.21, -0.01, -0.06) -> NED(-0.01, 0.21, 0.06)
[fastlio_bridge_node-2] [INFO] [1786825490.052086007] [fastlio_bridge_node]: 已桥接并转换里程计: ENU(0.21, -0.01, -0.06) -> NED(-0.01, 0.21, 0.06)
[fastlio_bridge_node-2] [INFO] [1786825490.056596150] [fastlio_bridge_node]: 已桥接并转换里程计: ENU(0.21, -0.01, -0.06) -> NED(-0.01, 0.21, 0.06)
[fastlio_bridge_node-2] [INFO] [1786825490.060862750] [fastlio_bridge_node]: 已桥接并转换里程计: ENU(0.21, -0.01, -0.06) -> NED(-0.01, 0.21, 0.06)
[fastlio_bridge_node-2] [INFO] [1786825490.066304023] [fastlio_bridge_node]: 已桥接并转换里程计: ENU(0.21, -0.01, -0.06) -> NED(-0.01, 0.21, 0.06)
[fastlio_bridge_node-2] [INFO] [1786825490.071254239] [fastlio_bridge_node]: 已桥接并转换里程计: ENU(0.21, -0.01, -0.06) -> NED(-0.01, 0.21, 0.06)
[offboard_waypoint_node-1] [INFO] [1786825490.075984828] [offboard_waypoint_node]: [CONTROL_ARBITER] selected_source=safety_hold state=IDLE_HOLD
[fastlio_bridge_node-2] [INFO] [1786825490.082120981] [fastlio_bridge_node]: 已桥接并转换里程计: ENU(0.21, -0.01, -0.06) -> NED(-0.01, 0.21, 0.06)
[fastlio_bridge_node-2] [INFO] [1786825490.088724098] [fastlio_bridge_node]: 已桥接并转换里程计: ENU(0.21, -0.01, -0.06) -> NED(-0.01, 0.21, 0.06)
[fastlio_bridge_node-2] [INFO] [1786825490.091620780] [fastlio_bridge_node]: 已桥接并转换里程计: ENU(0.21, -0.01, -0.06) -> NED(-0.01, 0.21, 0.06)
[fastlio_bridge_node-2] [INFO] [1786825490.095640229] [fastlio_bridge_node]: 已桥接并转换里程计: ENU(0.21, -0.01, -0.06) -> NED(-0.01, 0.21, 0.06)
[ego_planner_node-10] [FSM]: state: WAIT_TARGET
[ego_planner_node-10] wait for goal or trigger.
[offboard_waypoint_node-1] [INFO] [1786825490.626489388] [offboard_waypoint_node]: [HOLD_ERROR] position_error=0.004 velocity=0.005 state=IDLE_HOLD
[race_ego_cloud_bridge-8] [INFO] [1786825490.656495450] [race_ego_cloud_bridge]: [EGO_STATIC_MAP_READY] topic=/saved_map frame=map points=11417 fused=true
[race_ego_trajectory_bridge-12] [INFO] [1786825490.986661406] [race_ego_trajectory_bridge]: [EGO_OCCUPANCY_MAP] topic=/race/ego/cloud frame=map raw_points=17177 map_age=0.009
[super_planner_ros2_node-6] [INFO] [1786825491.025973176] [super_planner_ros2_node]: SUPER_ROS2 mode=IDLE enable_output=false reason=WAIT_ALTITUDE_REFERENCE odom=(0.21,-0.02,-0.06) goal=none tracking_setpoint_enu=(0.21,-0.02,-0.06) setpoint_ned=none yaw(desired/cmd/rate)=(0.00/0.00/0.00) cross_track=0.00 frame_id=px4_ned path_points=0 odom_source=/race/odom cloud_source=/saved_map mavros_connected=true
[offboard_waypoint_node-1] [INFO] [1786825491.076181884] [offboard_waypoint_node]: [CONTROL_ARBITER] selected_source=safety_hold state=IDLE_HOLD
[race_ego_cloud_bridge-8] [INFO] [1786825491.229989884] [race_ego_cloud_bridge]: [EGO_MAP_FUSION] static_points=11417 live_raw_points=17876 confirmed_live_voxels=6105 min_observations=2 memory_sec=1.00 fused_points=17522
[race_ego_cloud_bridge-8] [INFO] [1786825491.230353194] [race_ego_cloud_bridge]: [EGO_MAP_INPUT] topic=/race/ego/cloud frame=map points=17522 source=static_live_px4 refresh_period=0.00s
[ego_planner_node-10] [FSM]: state: WAIT_TARGET
[ego_planner_node-10] wait for goal or trigger.
[offboard_waypoint_node-1] [INFO] [1786825491.626998746] [offboard_waypoint_node]: [HOLD_ERROR] position_error=0.004 velocity=0.008 state=IDLE_HOLD
[ego_planner_node-10] [INFO] [1786825491.645022041] [race_ego_planner]: [EGO_OCCUPANCY_UPDATE] input_topic=grid_map/cloud input_frame=map occupancy_frame=map cloud_points=17633 local_points=9793 occupied_voxels=23602 camera=(0.207,-0.014,-0.063) local_index_bounds=[(47,44,0),(117,116,8)]
[fastlio_bridge_node-2] [INFO] [1786825492.000797106] [fastlio_bridge_node]: 已桥接并转换里程计: ENU(0.21, -0.01, -0.06) -> NED(-0.01, 0.21, 0.06)
[fastlio_bridge_node-2] [INFO] [1786825492.010429864] [fastlio_bridge_node]: 已桥接并转换里程计: ENU(0.21, -0.01, -0.06) -> NED(-0.01, 0.21, 0.06)
[fastlio_bridge_node-2] [INFO] [1786825492.015214935] [fastlio_bridge_node]: 已桥接并转换里程计: ENU(0.21, -0.01, -0.06) -> NED(-0.01, 0.21, 0.06)
[fastlio_bridge_node-2] [INFO] [1786825492.021446877] [fastlio_bridge_node]: 已桥接并转换里程计: ENU(0.21, -0.01, -0.06) -> NED(-0.01, 0.21, 0.06)
[super_planner_ros2_node-6] [INFO] [1786825492.026070902] [super_planner_ros2_node]: SUPER_ROS2 mode=IDLE enable_output=false reason=WAIT_ALTITUDE_REFERENCE odom=(0.21,-0.01,-0.06) goal=none tracking_setpoint_enu=(0.21,-0.01,-0.06) setpoint_ned=none yaw(desired/cmd/rate)=(0.00/0.00/0.00) cross_track=0.00 frame_id=px4_ned path_points=0 odom_source=/race/odom cloud_source=/saved_map mavros_connected=true
[fastlio_bridge_node-2] [INFO] [1786825492.028125018] [fastlio_bridge_node]: 已桥接并转换里程计: ENU(0.21, -0.01, -0.06) -> NED(-0.01, 0.21, 0.06)
[fastlio_bridge_node-2] [INFO] [1786825492.039293733] [fastlio_bridge_node]: 已桥接并转换里程计: ENU(0.21, -0.01, -0.06) -> NED(-0.01, 0.21, 0.06)
[fastlio_bridge_node-2] [INFO] [1786825492.041798026] [fastlio_bridge_node]: 已桥接并转换里程计: ENU(0.21, -0.01, -0.06) -> NED(-0.01, 0.21, 0.06)
[fastlio_bridge_node-2] [INFO] [1786825492.046864549] [fastlio_bridge_node]: 已桥接并转换里程计: ENU(0.21, -0.01, -0.06) -> NED(-0.01, 0.21, 0.06)
[fastlio_bridge_node-2] [INFO] [1786825492.052916026] [fastlio_bridge_node]: 已桥接并转换里程计: ENU(0.21, -0.01, -0.06) -> NED(-0.01, 0.21, 0.06)
[fastlio_bridge_node-2] [INFO] [1786825492.055537606] [fastlio_bridge_node]: 已桥接并转换里程计: ENU(0.21, -0.01, -0.06) -> NED(-0.01, 0.21, 0.06)
[fastlio_bridge_node-2] [INFO] [1786825492.060046938] [fastlio_bridge_node]: 已桥接并转换里程计: ENU(0.21, -0.01, -0.06) -> NED(-0.01, 0.21, 0.06)
[fastlio_bridge_node-2] [INFO] [1786825492.069438477] [fastlio_bridge_node]: 已桥接并转换里程计: ENU(0.21, -0.01, -0.06) -> NED(-0.01, 0.21, 0.06)
[fastlio_bridge_node-2] [INFO] [1786825492.071878976] [fastlio_bridge_node]: 已桥接并转换里程计: ENU(0.21, -0.01, -0.06) -> NED(-0.01, 0.21, 0.06)
[offboard_waypoint_node-1] [INFO] [1786825492.076412804] [offboard_waypoint_node]: [CONTROL_ARBITER] selected_source=safety_hold state=IDLE_HOLD
[fastlio_bridge_node-2] [INFO] [1786825492.078605685] [fastlio_bridge_node]: 已桥接并转换里程计: ENU(0.21, -0.01, -0.06) -> NED(-0.01, 0.21, 0.06)
[fastlio_bridge_node-2] [INFO] [1786825492.084226030] [fastlio_bridge_node]: 已桥接并转换里程计: ENU(0.21, -0.01, -0.06) -> NED(-0.01, 0.21, 0.06)
[fastlio_bridge_node-2] [INFO] [1786825492.089459907] [fastlio_bridge_node]: 已桥接并转换里程计: ENU(0.21, -0.01, -0.06) -> NED(-0.01, 0.21, 0.06)
[fastlio_bridge_node-2] [INFO] [1786825492.097634610] [fastlio_bridge_node]: 已桥接并转换里程计: ENU(0.21, -0.01, -0.06) -> NED(-0.01, 0.21, 0.06)
[ego_planner_node-10] [FSM]: state: WAIT_TARGET
[ego_planner_node-10] wait for goal or trigger.
[offboard_waypoint_node-1] [INFO] [1786825492.419376204] [offboard_waypoint_node]: [EV_HEALTH] state=SUSPECT continuous_healthy=0.00s
[offboard_waypoint_node-1] [INFO] [1786825492.627914331] [offboard_waypoint_node]: [HOLD_ERROR] position_error=0.003 velocity=0.004 state=IDLE_HOLD
[race_ego_cloud_bridge-8] [INFO] [1786825492.670180251] [race_ego_cloud_bridge]: [EGO_STATIC_MAP_READY] topic=/saved_map frame=map points=11417 fused=true
[rviz2-13] [INFO] [1786825492.724998405] [rviz2]: Message Filter dropping message: frame 'odom' at time 1786825491.582 for reason 'discarding message because the queue is full'
[super_planner_ros2_node-6] [INFO] [1786825493.031160300] [super_planner_ros2_node]: SUPER_ROS2 mode=IDLE enable_output=false reason=WAIT_ALTITUDE_REFERENCE odom=(0.21,-0.01,-0.06) goal=none tracking_setpoint_enu=(0.21,-0.01,-0.06) setpoint_ned=none yaw(desired/cmd/rate)=(0.00/0.00/0.00) cross_track=0.00 frame_id=px4_ned path_points=0 odom_source=/race/odom cloud_source=/saved_map mavros_connected=true
[race_ego_trajectory_bridge-12] [INFO] [1786825493.048835335] [race_ego_trajectory_bridge]: [EGO_OCCUPANCY_MAP] topic=/race/ego/cloud frame=map raw_points=16475 map_age=0.006
[offboard_waypoint_node-1] [INFO] [1786825493.076503209] [offboard_waypoint_node]: [CONTROL_ARBITER] selected_source=safety_hold state=IDLE_HOLD
[race_ego_cloud_bridge-8] [INFO] [1786825493.265121469] [race_ego_cloud_bridge]: [EGO_MAP_FUSION] static_points=11417 live_raw_points=14674 confirmed_live_voxels=4960 min_observations=2 memory_sec=1.00 fused_points=16377
[race_ego_cloud_bridge-8] [INFO] [1786825493.265529484] [race_ego_cloud_bridge]: [EGO_MAP_INPUT] topic=/race/ego/cloud frame=map points=16377 source=static_live_px4 refresh_period=0.00s
[ego_planner_node-10] [FSM]: state: WAIT_TARGET
[ego_planner_node-10] wait for goal or trigger.
[ego_planner_node-10] [INFO] [1786825493.671811980] [race_ego_planner]: [EGO_OCCUPANCY_UPDATE] input_topic=grid_map/cloud input_frame=map occupancy_frame=map cloud_points=16649 local_points=9435 occupied_voxels=23523 camera=(0.207,-0.013,-0.062) local_index_bounds=[(47,44,0),(117,116,8)]
[offboard_waypoint_node-1] [INFO] [1786825493.676380218] [offboard_waypoint_node]: [HOLD_ERROR] position_error=0.002 velocity=0.000 state=IDLE_HOLD
[fastlio_bridge_node-2] [INFO] [1786825494.005361181] [fastlio_bridge_node]: 已桥接并转换里程计: ENU(0.21, -0.01, -0.06) -> NED(-0.01, 0.21, 0.06)
[fastlio_bridge_node-2] [INFO] [1786825494.026961594] [fastlio_bridge_node]: 已桥接并转换里程计: ENU(0.21, -0.01, -0.06) -> NED(-0.01, 0.21, 0.06)
[fastlio_bridge_node-2] [INFO] [1786825494.028084895] [fastlio_bridge_node]: 已桥接并转换里程计: ENU(0.21, -0.01, -0.06) -> NED(-0.01, 0.21, 0.06)
[fastlio_bridge_node-2] [INFO] [1786825494.028512496] [fastlio_bridge_node]: 已桥接并转换里程计: ENU(0.21, -0.01, -0.06) -> NED(-0.01, 0.21, 0.06)
[fastlio_bridge_node-2] [INFO] [1786825494.029355692] [fastlio_bridge_node]: 已桥接并转换里程计: ENU(0.21, -0.01, -0.06) -> NED(-0.01, 0.21, 0.06)
[super_planner_ros2_node-6] [INFO] [1786825494.031551313] [super_planner_ros2_node]: SUPER_ROS2 mode=IDLE enable_output=false reason=WAIT_ALTITUDE_REFERENCE odom=(0.21,-0.01,-0.06) goal=none tracking_setpoint_enu=(0.21,-0.01,-0.06) setpoint_ned=none yaw(desired/cmd/rate)=(0.00/0.00/0.00) cross_track=0.00 frame_id=px4_ned path_points=0 odom_source=/race/odom cloud_source=/saved_map mavros_connected=true
[fastlio_bridge_node-2] [INFO] [1786825494.042402568] [fastlio_bridge_node]: 已桥接并转换里程计: ENU(0.21, -0.01, -0.06) -> NED(-0.01, 0.21, 0.06)
[fastlio_bridge_node-2] [INFO] [1786825494.042552168] [fastlio_bridge_node]: 已桥接并转换里程计: ENU(0.21, -0.01, -0.06) -> NED(-0.01, 0.21, 0.06)
[fastlio_bridge_node-2] [INFO] [1786825494.058571660] [fastlio_bridge_node]: 已桥接并转换里程计: ENU(0.21, -0.01, -0.06) -> NED(-0.01, 0.21, 0.06)
[fastlio_bridge_node-2] [INFO] [1786825494.074157845] [fastlio_bridge_node]: 已桥接并转换里程计: ENU(0.21, -0.01, -0.06) -> NED(-0.01, 0.21, 0.06)
[fastlio_bridge_node-2] [INFO] [1786825494.074641010] [fastlio_bridge_node]: 已桥接并转换里程计: ENU(0.21, -0.01, -0.06) -> NED(-0.01, 0.21, 0.06)
[offboard_waypoint_node-1] [INFO] [1786825494.081472936] [offboard_waypoint_node]: [CONTROL_ARBITER] selected_source=safety_hold state=IDLE_HOLD
[fastlio_bridge_node-2] [INFO] [1786825494.085823929] [fastlio_bridge_node]: 已桥接并转换里程计: ENU(0.21, -0.01, -0.06) -> NED(-0.01, 0.21, 0.06)
[fastlio_bridge_node-2] [INFO] [1786825494.086082780] [fastlio_bridge_node]: 已桥接并转换里程计: ENU(0.21, -0.01, -0.06) -> NED(-0.01, 0.21, 0.06)
[fastlio_bridge_node-2] [INFO] [1786825494.086355206] [fastlio_bridge_node]: 已桥接并转换里程计: ENU(0.21, -0.01, -0.06) -> NED(-0.01, 0.21, 0.06)
[fastlio_bridge_node-2] [INFO] [1786825494.089994949] [fastlio_bridge_node]: 已桥接并转换里程计: ENU(0.21, -0.01, -0.06) -> NED(-0.01, 0.21, 0.06)
[fastlio_bridge_node-2] [INFO] [1786825494.096140966] [fastlio_bridge_node]: 已桥接并转换里程计: ENU(0.21, -0.01, -0.06) -> NED(-0.01, 0.21, 0.06)
[ego_planner_node-10] [FSM]: state: WAIT_TARGET
[ego_planner_node-10] wait for goal or trigger.
[race_ego_cloud_bridge-8] [INFO] [1786825494.656170501] [race_ego_cloud_bridge]: [EGO_STATIC_MAP_READY] topic=/saved_map frame=map points=11417 fused=true
[offboard_waypoint_node-1] [INFO] [1786825494.665186979] [offboard_waypoint_node]: [EV_HEALTH] state=HEALTHY continuous_healthy=0.00s
[offboard_waypoint_node-1] [INFO] [1786825494.676528882] [offboard_waypoint_node]: [HOLD_ERROR] position_error=0.004 velocity=0.005 state=IDLE_HOLD
[super_planner_ros2_node-6] [INFO] [1786825495.076547206] [super_planner_ros2_node]: SUPER_ROS2 mode=IDLE enable_output=false reason=WAIT_ALTITUDE_REFERENCE odom=(0.21,-0.02,-0.06) goal=none tracking_setpoint_enu=(0.21,-0.02,-0.06) setpoint_ned=none yaw(desired/cmd/rate)=(0.00/0.00/0.00) cross_track=0.00 frame_id=px4_ned path_points=0 odom_source=/race/odom cloud_source=/saved_map mavros_connected=true
[offboard_waypoint_node-1] [INFO] [1786825495.126819598] [offboard_waypoint_node]: [CONTROL_ARBITER] selected_source=safety_hold state=IDLE_HOLD
[race_ego_trajectory_bridge-12] [INFO] [1786825495.144594020] [race_ego_trajectory_bridge]: [EGO_OCCUPANCY_MAP] topic=/race/ego/cloud frame=map raw_points=18314 map_age=0.009
[race_ego_goal_bridge-9] [WARN] [1786825495.241317089] [race_ego_goal_bridge]: [GOAL_BRIDGE_ALTITUDE_REFERENCE_ACCEPTED] flight_id=1 ground_map=-0.063 target_map=0.687
[ego_planner_node-10] [WARN] [1786825495.241451783] [race_ego_planner]: [EGO_ALTITUDE_REFERENCE_ACCEPTED] flight_id=1 ground_map=-0.063 target_map=0.687 bounds_z=[0.437,0.837]
[super_planner_ros2_node-6] [WARN] [1786825495.241992450] [super_planner_ros2_node]: [SUPER_ALTITUDE_REFERENCE_ACCEPTED] flight_id=1 ground_map=-0.063 target_map=0.687 target_agl=0.750
[offboard_waypoint_node-1] [WARN] [1786825495.239728846] [offboard_waypoint_node]: [FLIGHT_ALTITUDE_REFERENCE_LOCKED] flight_id=1 ground_local_ned=0.063 target_local_ned=-0.687 ground_map=-0.063 target_map=0.687 target_agl=0.750
[offboard_waypoint_node-1] [WARN] [1786825495.242141240] [offboard_waypoint_node]: [HOLD_POSITION] x=-0.016 y=0.205 z=-0.687 yaw=1.355 reason=takeoff XY lock
[offboard_waypoint_node-1] [INFO] [1786825495.242153500] [offboard_waypoint_node]: [OFFBOARD_TAKEOFF_TRANSITION] from=0 to=1 current_position=(-0.016,0.205,0.063) takeoff_target=(-0.016,0.205,-0.687) reason=takeoff_service
[race_ego_trajectory_bridge-12] [WARN] [1786825495.242980660] [race_ego_trajectory_bridge]: [BRIDGE_ALTITUDE_REFERENCE_ACCEPTED] flight_id=1 ground_map=-0.063 target_map=0.687
[race_ego_trajectory_bridge-12] [INFO] [1786825495.329370599] [race_ego_trajectory_bridge]: [EGO_STATUS] state=WAIT_GOAL control_enabled=true map=ready odom=ready goal=missing trajectory=missing
[race_ego_cloud_bridge-8] [INFO] [1786825495.335823613] [race_ego_cloud_bridge]: [EGO_MAP_FUSION] static_points=11417 live_raw_points=17676 confirmed_live_voxels=6420 min_observations=2 memory_sec=1.00 fused_points=17837
[race_ego_cloud_bridge-8] [INFO] [1786825495.337025643] [race_ego_cloud_bridge]: [EGO_MAP_INPUT] topic=/race/ego/cloud frame=map points=17837 source=static_live_px4 refresh_period=0.00s
[rviz2-13] [INFO] [1786825495.353566882] [rviz2]: Message Filter dropping message: frame 'odom' at time 1786825494.282 for reason 'discarding message because the queue is full'
[offboard_waypoint_node-1] [INFO] [1786825495.676783958] [offboard_waypoint_node]: [HOLD_ERROR] position_error=0.750 velocity=0.010 state=IDLE_HOLD
[ego_planner_node-10] [FSM]: state: WAIT_TARGET
[ego_planner_node-10] wait for goal or trigger.
[ego_planner_node-10] [INFO] [1786825495.778856367] [race_ego_planner]: [EGO_OCCUPANCY_UPDATE] input_topic=grid_map/cloud input_frame=map occupancy_frame=map cloud_points=18190 local_points=9950 occupied_voxels=23592 camera=(0.207,-0.013,-0.062) local_index_bounds=[(47,44,0),(117,116,8)]
[fastlio_bridge_node-2] [INFO] [1786825496.001886796] [fastlio_bridge_node]: 已桥接并转换里程计: ENU(0.21, -0.01, -0.06) -> NED(-0.01, 0.21, 0.06)
[fastlio_bridge_node-2] [INFO] [1786825496.005616978] [fastlio_bridge_node]: 已桥接并转换里程计: ENU(0.21, -0.01, -0.06) -> NED(-0.01, 0.21, 0.06)
[fastlio_bridge_node-2] [INFO] [1786825496.008528371] [fastlio_bridge_node]: 已桥接并转换里程计: ENU(0.21, -0.01, -0.06) -> NED(-0.01, 0.21, 0.06)
[fastlio_bridge_node-2] [INFO] [1786825496.010702596] [fastlio_bridge_node]: 已桥接并转换里程计: ENU(0.21, -0.01, -0.06) -> NED(-0.01, 0.21, 0.06)
[fastlio_bridge_node-2] [INFO] [1786825496.020045860] [fastlio_bridge_node]: 已桥接并转换里程计: ENU(0.21, -0.01, -0.06) -> NED(-0.01, 0.21, 0.06)
[fastlio_bridge_node-2] [INFO] [1786825496.021553296] [fastlio_bridge_node]: 已桥接并转换里程计: ENU(0.21, -0.01, -0.06) -> NED(-0.01, 0.21, 0.06)
[fastlio_bridge_node-2] [INFO] [1786825496.027302001] [fastlio_bridge_node]: 已桥接并转换里程计: ENU(0.21, -0.01, -0.06) -> NED(-0.01, 0.21, 0.06)
[fastlio_bridge_node-2] [INFO] [1786825496.034202884] [fastlio_bridge_node]: 已桥接并转换里程计: ENU(0.21, -0.01, -0.06) -> NED(-0.01, 0.21, 0.06)
[fastlio_bridge_node-2] [INFO] [1786825496.037622106] [fastlio_bridge_node]: 已桥接并转换里程计: ENU(0.21, -0.01, -0.06) -> NED(-0.01, 0.21, 0.06)
[fastlio_bridge_node-2] [INFO] [1786825496.053513798] [fastlio_bridge_node]: 已桥接并转换里程计: ENU(0.21, -0.01, -0.06) -> NED(-0.01, 0.21, 0.06)
[fastlio_bridge_node-2] [INFO] [1786825496.054724470] [fastlio_bridge_node]: 已桥接并转换里程计: ENU(0.21, -0.01, -0.06) -> NED(-0.01, 0.21, 0.06)
[fastlio_bridge_node-2] [INFO] [1786825496.058928949] [fastlio_bridge_node]: 已桥接并转换里程计: ENU(0.21, -0.01, -0.06) -> NED(-0.01, 0.21, 0.06)
[fastlio_bridge_node-2] [INFO] [1786825496.065151831] [fastlio_bridge_node]: 已桥接并转换里程计: ENU(0.21, -0.01, -0.06) -> NED(-0.01, 0.21, 0.06)
[fastlio_bridge_node-2] [INFO] [1786825496.073041382] [fastlio_bridge_node]: 已桥接并转换里程计: ENU(0.21, -0.01, -0.06) -> NED(-0.01, 0.21, 0.06)
[fastlio_bridge_node-2] [INFO] [1786825496.073969228] [fastlio_bridge_node]: 已桥接并转换里程计: ENU(0.21, -0.01, -0.06) -> NED(-0.01, 0.21, 0.06)
[fastlio_bridge_node-2] [INFO] [1786825496.080427209] [fastlio_bridge_node]: 已桥接并转换里程计: ENU(0.21, -0.01, -0.06) -> NED(-0.01, 0.21, 0.06)
[fastlio_bridge_node-2] [INFO] [1786825496.086825449] [fastlio_bridge_node]: 已桥接并转换里程计: ENU(0.21, -0.01, -0.06) -> NED(-0.01, 0.21, 0.06)
[fastlio_bridge_node-2] [INFO] [1786825496.089139302] [fastlio_bridge_node]: 已桥接并转换里程计: ENU(0.21, -0.01, -0.06) -> NED(-0.01, 0.21, 0.06)
[fastlio_bridge_node-2] [INFO] [1786825496.093805533] [fastlio_bridge_node]: 已桥接并转换里程计: ENU(0.21, -0.01, -0.06) -> NED(-0.01, 0.21, 0.06)
[fastlio_bridge_node-2] [INFO] [1786825496.098173768] [fastlio_bridge_node]: 已桥接并转换里程计: ENU(0.21, -0.01, -0.06) -> NED(-0.01, 0.21, 0.06)
[super_planner_ros2_node-6] [INFO] [1786825496.125822822] [super_planner_ros2_node]: SUPER_ROS2 mode=IDLE enable_output=false reason=NO_GOAL odom=(0.21,-0.01,-0.06) goal=none tracking_setpoint_enu=(0.21,-0.01,0.69) setpoint_ned=none yaw(desired/cmd/rate)=(0.00/0.00/0.00) cross_track=0.00 frame_id=px4_ned path_points=0 odom_source=/race/odom cloud_source=/saved_map mavros_connected=true
[offboard_waypoint_node-1] [INFO] [1786825496.176447575] [offboard_waypoint_node]: [CONTROL_ARBITER] selected_source=safety_hold state=IDLE_HOLD
[race_ego_cloud_bridge-8] [INFO] [1786825496.654840395] [race_ego_cloud_bridge]: [EGO_STATIC_MAP_READY] topic=/saved_map frame=map points=11417 fused=true
[offboard_waypoint_node-1] [INFO] [1786825496.725649186] [offboard_waypoint_node]: [HOLD_ERROR] position_error=0.750 velocity=0.006 state=IDLE_HOLD
[ego_planner_node-10] [FSM]: state: WAIT_TARGET
[ego_planner_node-10] wait for goal or trigger.
[super_planner_ros2_node-6] [INFO] [1786825497.175660948] [super_planner_ros2_node]: SUPER_ROS2 mode=IDLE enable_output=false reason=NO_GOAL odom=(0.21,-0.01,-0.06) goal=none tracking_setpoint_enu=(0.21,-0.01,0.69) setpoint_ned=none yaw(desired/cmd/rate)=(0.00/0.00/0.00) cross_track=0.00 frame_id=px4_ned path_points=0 odom_source=/race/odom cloud_source=/saved_map mavros_connected=true
[offboard_waypoint_node-1] [INFO] [1786825497.225417757] [offboard_waypoint_node]: [CONTROL_ARBITER] selected_source=safety_hold state=IDLE_HOLD
[race_ego_trajectory_bridge-12] [INFO] [1786825497.240513038] [race_ego_trajectory_bridge]: [EGO_OCCUPANCY_MAP] topic=/race/ego/cloud frame=map raw_points=17620 map_age=0.018
[race_ego_cloud_bridge-8] [INFO] [1786825497.427513679] [race_ego_cloud_bridge]: [EGO_MAP_FUSION] static_points=11417 live_raw_points=17706 confirmed_live_voxels=5869 min_observations=2 memory_sec=1.00 fused_points=17286
[race_ego_cloud_bridge-8] [INFO] [1786825497.427937756] [race_ego_cloud_bridge]: [EGO_MAP_INPUT] topic=/race/ego/cloud frame=map points=17286 source=static_live_px4 refresh_period=0.00s
[offboard_waypoint_node-1] [INFO] [1786825497.726179477] [offboard_waypoint_node]: [HOLD_ERROR] position_error=0.751 velocity=0.003 state=IDLE_HOLD
[ego_planner_node-10] [INFO] [1786825497.837058345] [race_ego_planner]: [EGO_OCCUPANCY_UPDATE] input_topic=grid_map/cloud input_frame=map occupancy_frame=map cloud_points=17576 local_points=9780 occupied_voxels=23605 camera=(0.207,-0.015,-0.062) local_index_bounds=[(47,44,0),(117,116,8)]
[ego_planner_node-10] [FSM]: state: WAIT_TARGET
[ego_planner_node-10] wait for goal or trigger.
[rviz2-13] [INFO] [1786825497.975453933] [rviz2]: Message Filter dropping message: frame 'odom' at time 1786825496.881 for reason 'discarding message because the queue is full'
[fastlio_bridge_node-2] [INFO] [1786825498.004664496] [fastlio_bridge_node]: 已桥接并转换里程计: ENU(0.21, -0.01, -0.06) -> NED(-0.01, 0.21, 0.06)
[fastlio_bridge_node-2] [INFO] [1786825498.009158013] [fastlio_bridge_node]: 已桥接并转换里程计: ENU(0.21, -0.01, -0.06) -> NED(-0.01, 0.21, 0.06)
[fastlio_bridge_node-2] [INFO] [1786825498.016234586] [fastlio_bridge_node]: 已桥接并转换里程计: ENU(0.21, -0.01, -0.06) -> NED(-0.01, 0.21, 0.06)
[fastlio_bridge_node-2] [INFO] [1786825498.020919330] [fastlio_bridge_node]: 已桥接并转换里程计: ENU(0.21, -0.01, -0.06) -> NED(-0.01, 0.21, 0.06)
[fastlio_bridge_node-2] [INFO] [1786825498.024652299] [fastlio_bridge_node]: 已桥接并转换里程计: ENU(0.21, -0.01, -0.06) -> NED(-0.01, 0.21, 0.06)
[fastlio_bridge_node-2] [INFO] [1786825498.034418960] [fastlio_bridge_node]: 已桥接并转换里程计: ENU(0.21, -0.01, -0.06) -> NED(-0.01, 0.21, 0.06)
[fastlio_bridge_node-2] [INFO] [1786825498.038838827] [fastlio_bridge_node]: 已桥接并转换里程计: ENU(0.21, -0.01, -0.06) -> NED(-0.01, 0.21, 0.06)
[fastlio_bridge_node-2] [INFO] [1786825498.046806674] [fastlio_bridge_node]: 已桥接并转换里程计: ENU(0.21, -0.01, -0.06) -> NED(-0.01, 0.21, 0.06)
[fastlio_bridge_node-2] [INFO] [1786825498.051730806] [fastlio_bridge_node]: 已桥接并转换里程计: ENU(0.21, -0.01, -0.06) -> NED(-0.01, 0.21, 0.06)
[fastlio_bridge_node-2] [INFO] [1786825498.058754466] [fastlio_bridge_node]: 已桥接并转换里程计: ENU(0.21, -0.01, -0.06) -> NED(-0.01, 0.21, 0.06)
[fastlio_bridge_node-2] [INFO] [1786825498.060591548] [fastlio_bridge_node]: 已桥接并转换里程计: ENU(0.21, -0.01, -0.06) -> NED(-0.01, 0.21, 0.06)
[fastlio_bridge_node-2] [INFO] [1786825498.070688694] [fastlio_bridge_node]: 已桥接并转换里程计: ENU(0.21, -0.01, -0.06) -> NED(-0.01, 0.21, 0.06)
[fastlio_bridge_node-2] [INFO] [1786825498.075353838] [fastlio_bridge_node]: 已桥接并转换里程计: ENU(0.21, -0.01, -0.06) -> NED(-0.01, 0.21, 0.06)
[fastlio_bridge_node-2] [INFO] [1786825498.076070735] [fastlio_bridge_node]: 已桥接并转换里程计: ENU(0.21, -0.01, -0.06) -> NED(-0.01, 0.21, 0.06)
[fastlio_bridge_node-2] [INFO] [1786825498.084055046] [fastlio_bridge_node]: 已桥接并转换里程计: ENU(0.21, -0.01, -0.06) -> NED(-0.01, 0.21, 0.06)
[fastlio_bridge_node-2] [INFO] [1786825498.086656343] [fastlio_bridge_node]: 已桥接并转换里程计: ENU(0.21, -0.01, -0.06) -> NED(-0.01, 0.21, 0.06)
[fastlio_bridge_node-2] [INFO] [1786825498.091543961] [fastlio_bridge_node]: 已桥接并转换里程计: ENU(0.21, -0.01, -0.06) -> NED(-0.01, 0.21, 0.06)
[super_planner_ros2_node-6] [INFO] [1786825498.225452324] [super_planner_ros2_node]: SUPER_ROS2 mode=IDLE enable_output=false reason=NO_GOAL odom=(0.21,-0.01,-0.06) goal=none tracking_setpoint_enu=(0.21,-0.01,0.69) setpoint_ned=none yaw(desired/cmd/rate)=(0.00/0.00/0.00) cross_track=0.00 frame_id=px4_ned path_points=0 odom_source=/race/odom cloud_source=/saved_map mavros_connected=true
[race_ego_cloud_bridge-8] [INFO] [1786825498.653928819] [race_ego_cloud_bridge]: [EGO_STATIC_MAP_READY] topic=/saved_map frame=map points=11417 fused=true
[offboard_waypoint_node-1] [INFO] [1786825498.774398867] [offboard_waypoint_node]: [HOLD_ERROR] position_error=0.748 velocity=0.005 state=IDLE_HOLD
[ego_planner_node-10] [FSM]: state: WAIT_TARGET
[ego_planner_node-10] wait for goal or trigger.
[race_ego_trajectory_bridge-12] [INFO] [1786825499.259671002] [race_ego_trajectory_bridge]: [EGO_OCCUPANCY_MAP] topic=/race/ego/cloud frame=map raw_points=17651 map_age=0.017
[super_planner_ros2_node-6] [INFO] [1786825499.274117455] [super_planner_ros2_node]: SUPER_ROS2 mode=IDLE enable_output=false reason=NO_GOAL odom=(0.21,-0.01,-0.06) goal=none tracking_setpoint_enu=(0.21,-0.01,0.69) setpoint_ned=none yaw(desired/cmd/rate)=(0.00/0.00/0.00) cross_track=0.00 frame_id=px4_ned path_points=0 odom_source=/race/odom cloud_source=/saved_map mavros_connected=true
[race_ego_cloud_bridge-8] [INFO] [1786825499.433817932] [race_ego_cloud_bridge]: [EGO_MAP_FUSION] static_points=11417 live_raw_points=17780 confirmed_live_voxels=6101 min_observations=2 memory_sec=1.00 fused_points=17518
[race_ego_cloud_bridge-8] [INFO] [1786825499.435529962] [race_ego_cloud_bridge]: [EGO_MAP_INPUT] topic=/race/ego/cloud frame=map points=17518 source=static_live_px4 refresh_period=0.00s
[offboard_waypoint_node-1] [INFO] [1786825499.824830330] [offboard_waypoint_node]: [HOLD_ERROR] position_error=0.747 velocity=0.003 state=IDLE_HOLD
[ego_planner_node-10] [INFO] [1786825499.859700886] [race_ego_planner]: [EGO_OCCUPANCY_UPDATE] input_topic=grid_map/cloud input_frame=map occupancy_frame=map cloud_points=17363 local_points=9692 occupied_voxels=23626 camera=(0.206,-0.013,-0.061) local_index_bounds=[(47,44,0),(117,116,8)]
[fastlio_bridge_node-2] [INFO] [1786825500.002948151] [fastlio_bridge_node]: 已桥接并转换里程计: ENU(0.21, -0.01, -0.06) -> NED(-0.01, 0.21, 0.06)
[fastlio_bridge_node-2] [INFO] [1786825500.006809937] [fastlio_bridge_node]: 已桥接并转换里程计: ENU(0.21, -0.01, -0.06) -> NED(-0.01, 0.21, 0.06)
[fastlio_bridge_node-2] [INFO] [1786825500.011456844] [fastlio_bridge_node]: 已桥接并转换里程计: ENU(0.21, -0.01, -0.06) -> NED(-0.01, 0.21, 0.06)
[fastlio_bridge_node-2] [INFO] [1786825500.016264592] [fastlio_bridge_node]: 已桥接并转换里程计: ENU(0.21, -0.01, -0.06) -> NED(-0.01, 0.21, 0.06)
[fastlio_bridge_node-2] [INFO] [1786825500.019494791] [fastlio_bridge_node]: 已桥接并转换里程计: ENU(0.21, -0.01, -0.06) -> NED(-0.01, 0.21, 0.06)
[fastlio_bridge_node-2] [INFO] [1786825500.027256200] [fastlio_bridge_node]: 已桥接并转换里程计: ENU(0.21, -0.01, -0.06) -> NED(-0.01, 0.21, 0.06)
[fastlio_bridge_node-2] [INFO] [1786825500.029510832] [fastlio_bridge_node]: 已桥接并转换里程计: ENU(0.21, -0.01, -0.06) -> NED(-0.01, 0.21, 0.06)
[fastlio_bridge_node-2] [INFO] [1786825500.037186009] [fastlio_bridge_node]: 已桥接并转换里程计: ENU(0.21, -0.01, -0.06) -> NED(-0.01, 0.21, 0.06)
[fastlio_bridge_node-2] [INFO] [1786825500.040157329] [fastlio_bridge_node]: 已桥接并转换里程计: ENU(0.21, -0.01, -0.06) -> NED(-0.01, 0.21, 0.06)
[fastlio_bridge_node-2] [INFO] [1786825500.044433637] [fastlio_bridge_node]: 已桥接并转换里程计: ENU(0.21, -0.01, -0.06) -> NED(-0.01, 0.21, 0.06)
[fastlio_bridge_node-2] [INFO] [1786825500.051978171] [fastlio_bridge_node]: 已桥接并转换里程计: ENU(0.21, -0.01, -0.06) -> NED(-0.01, 0.21, 0.06)
[fastlio_bridge_node-2] [INFO] [1786825500.056633968] [fastlio_bridge_node]: 已桥接并转换里程计: ENU(0.21, -0.01, -0.06) -> NED(-0.01, 0.21, 0.06)
[fastlio_bridge_node-2] [INFO] [1786825500.057898446] [fastlio_bridge_node]: 已桥接并转换里程计: ENU(0.21, -0.01, -0.06) -> NED(-0.01, 0.21, 0.06)
[fastlio_bridge_node-2] [INFO] [1786825500.063964895] [fastlio_bridge_node]: 已桥接并转换里程计: ENU(0.21, -0.01, -0.06) -> NED(-0.01, 0.21, 0.06)
[fastlio_bridge_node-2] [INFO] [1786825500.074436034] [fastlio_bridge_node]: 已桥接并转换里程计: ENU(0.21, -0.01, -0.06) -> NED(-0.01, 0.21, 0.06)
[fastlio_bridge_node-2] [INFO] [1786825500.080047460] [fastlio_bridge_node]: 已桥接并转换里程计: ENU(0.21, -0.01, -0.06) -> NED(-0.01, 0.21, 0.06)
[fastlio_bridge_node-2] [INFO] [1786825500.080618175] [fastlio_bridge_node]: 已桥接并转换里程计: ENU(0.21, -0.01, -0.06) -> NED(-0.01, 0.21, 0.06)
[fastlio_bridge_node-2] [INFO] [1786825500.088515824] [fastlio_bridge_node]: 已桥接并转换里程计: ENU(0.21, -0.01, -0.06) -> NED(-0.01, 0.21, 0.06)
[fastlio_bridge_node-2] [INFO] [1786825500.095492219] [fastlio_bridge_node]: 已桥接并转换里程计: ENU(0.21, -0.01, -0.06) -> NED(-0.01, 0.21, 0.06)
[fastlio_bridge_node-2] [INFO] [1786825500.098612991] [fastlio_bridge_node]: 已桥接并转换里程计: ENU(0.21, -0.01, -0.06) -> NED(-0.01, 0.21, 0.06)
[ego_planner_node-10] [FSM]: state: WAIT_TARGET
[ego_planner_node-10] wait for goal or trigger.
[super_planner_ros2_node-6] [INFO] [1786825500.323504143] [super_planner_ros2_node]: SUPER_ROS2 mode=IDLE enable_output=false reason=NO_GOAL odom=(0.21,-0.01,-0.06) goal=none tracking_setpoint_enu=(0.21,-0.01,0.69) setpoint_ned=none yaw(desired/cmd/rate)=(0.00/0.00/0.00) cross_track=0.00 frame_id=px4_ned path_points=0 odom_source=/race/odom cloud_source=/saved_map mavros_connected=true
[rviz2-13] [INFO] [1786825500.600449728] [rviz2]: Message Filter dropping message: frame 'odom' at time 1786825499.382 for reason 'discarding message because the queue is full'
[race_ego_cloud_bridge-8] [INFO] [1786825500.657772132] [race_ego_cloud_bridge]: [EGO_STATIC_MAP_READY] topic=/saved_map frame=map points=11417 fused=true
[offboard_waypoint_node-1] [INFO] [1786825500.874758617] [offboard_waypoint_node]: [HOLD_ERROR] position_error=0.748 velocity=0.003 state=IDLE_HOLD
[ego_planner_node-10] [FSM]: state: WAIT_TARGET
[ego_planner_node-10] wait for goal or trigger.
[super_planner_ros2_node-6] [INFO] [1786825501.372880654] [super_planner_ros2_node]: SUPER_ROS2 mode=IDLE enable_output=false reason=NO_GOAL odom=(0.21,-0.01,-0.06) goal=none tracking_setpoint_enu=(0.21,-0.01,0.69) setpoint_ned=none yaw(desired/cmd/rate)=(0.00/0.00/0.00) cross_track=0.00 frame_id=px4_ned path_points=0 odom_source=/race/odom cloud_source=/saved_map mavros_connected=true
[race_ego_cloud_bridge-8] [INFO] [1786825501.436824349] [race_ego_cloud_bridge]: [EGO_MAP_FUSION] static_points=11417 live_raw_points=17884 confirmed_live_voxels=5695 min_observations=2 memory_sec=1.00 fused_points=17112
[race_ego_cloud_bridge-8] [INFO] [1786825501.437303236] [race_ego_cloud_bridge]: [EGO_MAP_INPUT] topic=/race/ego/cloud frame=map points=17112 source=static_live_px4 refresh_period=0.00s
[race_ego_trajectory_bridge-12] [INFO] [1786825501.443365316] [race_ego_trajectory_bridge]: [EGO_OCCUPANCY_MAP] topic=/race/ego/cloud frame=map raw_points=17112 map_age=0.006
[offboard_waypoint_node-1] [INFO] [1786825501.922749386] [offboard_waypoint_node]: [HOLD_ERROR] position_error=0.750 velocity=0.004 state=IDLE_HOLD
[fastlio_bridge_node-2] [INFO] [1786825502.011447204] [fastlio_bridge_node]: 已桥接并转换里程计: ENU(0.21, -0.01, -0.06) -> NED(-0.01, 0.21, 0.06)
[fastlio_bridge_node-2] [INFO] [1786825502.012146908] [fastlio_bridge_node]: 已桥接并转换里程计: ENU(0.21, -0.01, -0.06) -> NED(-0.01, 0.21, 0.06)
[fastlio_bridge_node-2] [INFO] [1786825502.013458257] [fastlio_bridge_node]: 已桥接并转换里程计: ENU(0.21, -0.01, -0.06) -> NED(-0.01, 0.21, 0.06)
[fastlio_bridge_node-2] [INFO] [1786825502.016372941] [fastlio_bridge_node]: 已桥接并转换里程计: ENU(0.21, -0.01, -0.06) -> NED(-0.01, 0.21, 0.06)
[fastlio_bridge_node-2] [INFO] [1786825502.017739675] [fastlio_bridge_node]: 已桥接并转换里程计: ENU(0.21, -0.01, -0.06) -> NED(-0.01, 0.21, 0.06)
[fastlio_bridge_node-2] [INFO] [1786825502.023972008] [fastlio_bridge_node]: 已桥接并转换里程计: ENU(0.21, -0.01, -0.06) -> NED(-0.01, 0.21, 0.06)
[fastlio_bridge_node-2] [INFO] [1786825502.034104929] [fastlio_bridge_node]: 已桥接并转换里程计: ENU(0.21, -0.01, -0.06) -> NED(-0.01, 0.21, 0.06)
[fastlio_bridge_node-2] [INFO] [1786825502.034492512] [fastlio_bridge_node]: 已桥接并转换里程计: ENU(0.21, -0.01, -0.06) -> NED(-0.01, 0.21, 0.06)
[fastlio_bridge_node-2] [INFO] [1786825502.040097153] [fastlio_bridge_node]: 已桥接并转换里程计: ENU(0.21, -0.01, -0.06) -> NED(-0.01, 0.21, 0.06)
[fastlio_bridge_node-2] [INFO] [1786825502.041990033] [fastlio_bridge_node]: 已桥接并转换里程计: ENU(0.21, -0.01, -0.06) -> NED(-0.01, 0.21, 0.06)
[fastlio_bridge_node-2] [INFO] [1786825502.050601796] [fastlio_bridge_node]: 已桥接并转换里程计: ENU(0.21, -0.01, -0.06) -> NED(-0.01, 0.21, 0.06)
[fastlio_bridge_node-2] [INFO] [1786825502.053116138] [fastlio_bridge_node]: 已桥接并转换里程计: ENU(0.21, -0.01, -0.06) -> NED(-0.01, 0.21, 0.06)
[fastlio_bridge_node-2] [INFO] [1786825502.059002018] [fastlio_bridge_node]: 已桥接并转换里程计: ENU(0.21, -0.01, -0.06) -> NED(-0.01, 0.21, 0.06)
[fastlio_bridge_node-2] [INFO] [1786825502.069526446] [fastlio_bridge_node]: 已桥接并转换里程计: ENU(0.21, -0.01, -0.06) -> NED(-0.01, 0.21, 0.06)
[ego_planner_node-10] [INFO] [1786825502.070773076] [race_ego_planner]: [EGO_OCCUPANCY_UPDATE] input_topic=grid_map/cloud input_frame=map occupancy_frame=map cloud_points=16449 local_points=9415 occupied_voxels=23558 camera=(0.206,-0.012,-0.061) local_index_bounds=[(47,44,0),(117,116,8)]
[fastlio_bridge_node-2] [INFO] [1786825502.075613720] [fastlio_bridge_node]: 已桥接并转换里程计: ENU(0.21, -0.01, -0.06) -> NED(-0.01, 0.21, 0.06)
[fastlio_bridge_node-2] [INFO] [1786825502.078204761] [fastlio_bridge_node]: 已桥接并转换里程计: ENU(0.21, -0.01, -0.06) -> NED(-0.01, 0.21, 0.06)
[fastlio_bridge_node-2] [INFO] [1786825502.086402079] [fastlio_bridge_node]: 已桥接并转换里程计: ENU(0.21, -0.01, -0.06) -> NED(-0.01, 0.21, 0.06)
[fastlio_bridge_node-2] [INFO] [1786825502.088902881] [fastlio_bridge_node]: 已桥接并转换里程计: ENU(0.21, -0.01, -0.06) -> NED(-0.01, 0.21, 0.06)
[fastlio_bridge_node-2] [INFO] [1786825502.093597947] [fastlio_bridge_node]: 已桥接并转换里程计: ENU(0.21, -0.01, -0.06) -> NED(-0.01, 0.21, 0.06)
[fastlio_bridge_node-2] [INFO] [1786825502.097109330] [fastlio_bridge_node]: 已桥接并转换里程计: ENU(0.21, -0.01, -0.06) -> NED(-0.01, 0.21, 0.06)
[ego_planner_node-10] [FSM]: state: WAIT_TARGET
[ego_planner_node-10] wait for goal or trigger.
[super_planner_ros2_node-6] [INFO] [1786825502.422506761] [super_planner_ros2_node]: SUPER_ROS2 mode=IDLE enable_output=false reason=NO_GOAL odom=(0.21,-0.01,-0.06) goal=none tracking_setpoint_enu=(0.21,-0.01,0.69) setpoint_ned=none yaw(desired/cmd/rate)=(0.00/0.00/0.00) cross_track=0.00 frame_id=px4_ned path_points=0 odom_source=/race/odom cloud_source=/saved_map mavros_connected=true
[race_ego_cloud_bridge-8] [INFO] [1786825502.655745527] [race_ego_cloud_bridge]: [EGO_STATIC_MAP_READY] topic=/saved_map frame=map points=11417 fused=true
[offboard_waypoint_node-1] [INFO] [1786825502.922818497] [offboard_waypoint_node]: [HOLD_ERROR] position_error=0.750 velocity=0.009 state=IDLE_HOLD
[offboard_waypoint_node-1] [INFO] [1786825503.122403494] [offboard_waypoint_node]: Offboard armed; vertical takeoff at NED XY=(-0.01, 0.20), yaw=1.35 until height 0.55m.
[rviz2-13] [INFO] [1786825503.163092190] [rviz2]: Message Filter dropping message: frame 'odom' at time 1786825502.081 for reason 'discarding message because the queue is full'
[offboard_waypoint_node-1] [INFO] [1786825503.172511635] [offboard_waypoint_node]: Vertical takeoff: height 0.00/0.55m; planner XY/yaw held back
[ego_planner_node-10] [FSM]: state: WAIT_TARGET
[ego_planner_node-10] wait for goal or trigger.
[super_planner_ros2_node-6] [INFO] [1786825503.472123600] [super_planner_ros2_node]: SUPER_ROS2 mode=IDLE enable_output=false reason=NO_GOAL odom=(0.21,-0.01,-0.05) goal=none tracking_setpoint_enu=(0.21,-0.01,0.69) setpoint_ned=none yaw(desired/cmd/rate)=(0.00/0.00/0.00) cross_track=0.00 frame_id=px4_ned path_points=0 odom_source=/race/odom cloud_source=/saved_map mavros_connected=true
[race_ego_cloud_bridge-8] [INFO] [1786825503.547712112] [race_ego_cloud_bridge]: [EGO_MAP_FUSION] static_points=11417 live_raw_points=17918 confirmed_live_voxels=6219 min_observations=2 memory_sec=1.00 fused_points=17636
[race_ego_cloud_bridge-8] [INFO] [1786825503.548200849] [race_ego_cloud_bridge]: [EGO_MAP_INPUT] topic=/race/ego/cloud frame=map points=17636 source=static_live_px4 refresh_period=0.00s
[race_ego_trajectory_bridge-12] [INFO] [1786825503.582119015] [race_ego_trajectory_bridge]: [EGO_OCCUPANCY_MAP] topic=/race/ego/cloud frame=map raw_points=17636 map_age=0.034
[fastlio_bridge_node-2] [INFO] [1786825504.029714973] [fastlio_bridge_node]: 已桥接并转换里程计: ENU(0.20, -0.02, -0.03) -> NED(-0.02, 0.20, 0.03)
[fastlio_bridge_node-2] [INFO] [1786825504.030611671] [fastlio_bridge_node]: 已桥接并转换里程计: ENU(0.20, -0.02, -0.03) -> NED(-0.02, 0.20, 0.03)
[fastlio_bridge_node-2] [INFO] [1786825504.076300909] [fastlio_bridge_node]: 已桥接并转换里程计: ENU(0.20, -0.02, -0.03) -> NED(-0.02, 0.20, 0.03)
[fastlio_bridge_node-2] [INFO] [1786825504.093943460] [fastlio_bridge_node]: 已桥接并转换里程计: ENU(0.20, -0.01, -0.01) -> NED(-0.01, 0.20, 0.01)
[fastlio_bridge_node-2] [INFO] [1786825504.094769441] [fastlio_bridge_node]: 已桥接并转换里程计: ENU(0.19, -0.01, -0.00) -> NED(-0.01, 0.19, 0.00)
[ego_planner_node-10] [INFO] [1786825504.111986872] [race_ego_planner]: [EGO_OCCUPANCY_UPDATE] input_topic=grid_map/cloud input_frame=map occupancy_frame=map cloud_points=17283 local_points=9616 occupied_voxels=25425 camera=(0.203,-0.016,-0.037) local_index_bounds=[(47,44,0),(117,116,9)]
[offboard_waypoint_node-1] [INFO] [1786825504.224998540] [offboard_waypoint_node]: Vertical takeoff: height 0.14/0.55m; planner XY/yaw held back
[super_planner_ros2_node-6] [INFO] [1786825504.472198883] [super_planner_ros2_node]: SUPER_ROS2 mode=IDLE enable_output=false reason=NO_GOAL odom=(0.19,-0.00,0.22) goal=none tracking_setpoint_enu=(0.19,-0.00,0.69) setpoint_ned=none yaw(desired/cmd/rate)=(0.00/0.00/0.00) cross_track=0.00 frame_id=px4_ned path_points=0 odom_source=/race/odom cloud_source=/saved_map mavros_connected=true
[race_ego_cloud_bridge-8] [INFO] [1786825504.657756966] [race_ego_cloud_bridge]: [EGO_STATIC_MAP_READY] topic=/saved_map frame=map points=11417 fused=true
[offboard_waypoint_node-1] [INFO] [1786825505.271449360] [offboard_waypoint_node]: Vertical takeoff: height 0.48/0.55m; planner XY/yaw held back
[offboard_waypoint_node-1] [INFO] [1786825505.279189591] [offboard_waypoint_node]: [EV_FLIGHT_READY] ready=0 continuous_ready=0.00s
[super_planner_ros2_node-6] [INFO] [1786825505.480581983] [super_planner_ros2_node]: SUPER_ROS2 mode=IDLE enable_output=false reason=NO_GOAL odom=(0.22,0.05,0.40) goal=none tracking_setpoint_enu=(0.22,0.05,0.69) setpoint_ned=none yaw(desired/cmd/rate)=(0.00/0.00/0.00) cross_track=0.00 frame_id=px4_ned path_points=0 odom_source=/race/odom cloud_source=/saved_map mavros_connected=true
[offboard_waypoint_node-1] [INFO] [1786825505.577239050] [offboard_waypoint_node]: [EV_HEALTH] state=SUSPECT continuous_healthy=0.00s
[ego_planner_node-10] [FSM]: state: WAIT_TARGET
[ego_planner_node-10] wait for goal or trigger.
[race_ego_cloud_bridge-8] [INFO] [1786825505.634691526] [race_ego_cloud_bridge]: [EGO_MAP_FUSION] static_points=11417 live_raw_points=11805 confirmed_live_voxels=2627 min_observations=2 memory_sec=1.00 fused_points=14044
[race_ego_cloud_bridge-8] [INFO] [1786825505.637074023] [race_ego_cloud_bridge]: [EGO_MAP_INPUT] topic=/race/ego/cloud frame=map points=14044 source=static_live_px4 refresh_period=0.00s
[offboard_waypoint_node-1] [INFO] [1786825505.672428011] [offboard_waypoint_node]: Takeoff height reached; holding XY until a fresh safe EGO trajectory is ready
[race_ego_trajectory_bridge-12] [INFO] [1786825505.700474508] [race_ego_trajectory_bridge]: [EGO_OCCUPANCY_MAP] topic=/race/ego/cloud frame=map raw_points=14044 map_age=0.065
[rviz2-13] [INFO] [1786825505.884096854] [rviz2]: Message Filter dropping message: frame 'odom' at time 1786825502.682 for reason 'discarding message because the queue is full'
[offboard_waypoint_node-1] [ERROR] [1786825505.921124059] [offboard_waypoint_node]: [EV_HEALTH_FAULT] external vision reported FAULT in flight; AUTO.LAND disabled, pilot must take over immediately
[race_ego_cloud_bridge-8] [ERROR] [1786825505.959613943] [race_ego_cloud_bridge]: PX4_POSE_SYNC_FAILED cloud_stamp=1786825505.380936623 nearest_skew=0.502s limit=0.300s
[ego_planner_node-10] [INFO] [1786825506.520256033] [race_ego_planner]: [EGO_OCCUPANCY_UPDATE] input_topic=grid_map/cloud input_frame=map occupancy_frame=map cloud_points=13668 local_points=9168 occupied_voxels=28360 camera=(0.354,-0.018,0.300) local_index_bounds=[(47,44,0),(117,116,11)]
[super_planner_ros2_node-6] [INFO] [1786825506.520942740] [super_planner_ros2_node]: SUPER_ROS2 mode=IDLE enable_output=false reason=NO_GOAL odom=(0.36,-0.02,0.30) goal=none tracking_setpoint_enu=(0.36,-0.02,0.69) setpoint_ned=none yaw(desired/cmd/rate)=(0.00/0.00/0.00) cross_track=0.00 frame_id=px4_ned path_points=0 odom_source=/race/odom cloud_source=/saved_map mavros_connected=true
[race_ego_cloud_bridge-8] [INFO] [1786825506.653252154] [race_ego_cloud_bridge]: [EGO_STATIC_MAP_READY] topic=/saved_map frame=map points=11417 fused=true
[offboard_waypoint_node-1] [INFO] [1786825506.724272131] [offboard_waypoint_node]: Takeoff height reached; holding XY until a fresh safe EGO trajectory is ready
[ego_planner_node-10] [FSM]: state: WAIT_TARGET
[ego_planner_node-10] wait for goal or trigger.
[super_planner_ros2_node-6] [INFO] [1786825507.570419045] [super_planner_ros2_node]: SUPER_ROS2 mode=IDLE enable_output=false reason=NO_GOAL odom=(0.53,-0.18,-0.08) goal=none tracking_setpoint_enu=(0.53,-0.18,0.69) setpoint_ned=none yaw(desired/cmd/rate)=(0.00/0.00/0.00) cross_track=0.00 frame_id=px4_ned path_points=0 odom_source=/race/odom cloud_source=/saved_map mavros_connected=true
[race_ego_cloud_bridge-8] [INFO] [1786825507.649131508] [race_ego_cloud_bridge]: [EGO_MAP_FUSION] static_points=11417 live_raw_points=17860 confirmed_live_voxels=3770 min_observations=2 memory_sec=1.00 fused_points=15187
[race_ego_cloud_bridge-8] [INFO] [1786825507.649563819] [race_ego_cloud_bridge]: [EGO_MAP_INPUT] topic=/race/ego/cloud frame=map points=15187 source=static_live_px4 refresh_period=0.00s
[offboard_waypoint_node-1] [INFO] [1786825507.773119254] [offboard_waypoint_node]: Takeoff height reached; holding XY until a fresh safe EGO trajectory is ready
[race_ego_trajectory_bridge-12] [INFO] [1786825507.879024003] [race_ego_trajectory_bridge]: [EGO_OCCUPANCY_MAP] topic=/race/ego/cloud frame=map raw_points=14904 map_age=0.012
[fastlio_bridge_node-2] [INFO] [1786825508.010315090] [fastlio_bridge_node]: 已桥接并转换里程计: ENU(0.45, -0.13, -0.12) -> NED(-0.13, 0.45, 0.12)
[fastlio_bridge_node-2] [INFO] [1786825508.056893185] [fastlio_bridge_node]: 已桥接并转换里程计: ENU(0.45, -0.13, -0.11) -> NED(-0.13, 0.45, 0.11)
[fastlio_bridge_node-2] [INFO] [1786825508.064702674] [fastlio_bridge_node]: 已桥接并转换里程计: ENU(0.45, -0.13, -0.11) -> NED(-0.13, 0.45, 0.11)
[fastlio_bridge_node-2] [INFO] [1786825508.071058129] [fastlio_bridge_node]: 已桥接并转换里程计: ENU(0.45, -0.13, -0.10) -> NED(-0.13, 0.45, 0.10)
[fastlio_bridge_node-2] [INFO] [1786825508.073035842] [fastlio_bridge_node]: 已桥接并转换里程计: ENU(0.45, -0.13, -0.09) -> NED(-0.13, 0.45, 0.09)
[offboard_waypoint_node-1] [WARN] [1786825508.087899627] [offboard_waypoint_node]: [CONTROL_STATE] IDLE_HOLD -> MANUAL_OVERRIDE: pilot left OFFBOARD
[offboard_waypoint_node-1] [ERROR] [1786825508.087994157] [offboard_waypoint_node]: [PILOT_OVERRIDE_LATCHED] reason=pilot left OFFBOARD; no more OFFBOARD/arm requests or setpoints will be sent until the navigation stack is restarted
[offboard_waypoint_node-1] [INFO] [1786825508.120022769] [offboard_waypoint_node]: [CONTROL_ARBITER] selected_source=pilot_override state=MANUAL_OVERRIDE
[rviz2-13] [INFO] [1786825508.478482996] [rviz2]: Message Filter dropping message: frame 'odom' at time 1786825506.581 for reason 'discarding message because the queue is full'
[super_planner_ros2_node-6] [INFO] [1786825508.570642528] [super_planner_ros2_node]: SUPER_ROS2 mode=IDLE enable_output=false reason=NO_GOAL odom=(0.49,-0.16,-0.03) goal=none tracking_setpoint_enu=(0.49,-0.16,0.69) setpoint_ned=none yaw(desired/cmd/rate)=(0.00/0.00/0.00) cross_track=0.00 frame_id=px4_ned path_points=0 odom_source=/race/odom cloud_source=/saved_map mavros_connected=true
[ego_planner_node-10] [INFO] [1786825508.605779871] [race_ego_planner]: [EGO_OCCUPANCY_UPDATE] input_topic=grid_map/cloud input_frame=map occupancy_frame=map cloud_points=15039 local_points=9371 occupied_voxels=25840 camera=(0.493,-0.163,-0.034) local_index_bounds=[(47,43,0),(117,116,9)]
[ego_planner_node-10] [FSM]: state: WAIT_TARGET
[ego_planner_node-10] wait for goal or trigger.
[race_ego_cloud_bridge-8] [INFO] [1786825508.651800077] [race_ego_cloud_bridge]: [EGO_STATIC_MAP_READY] topic=/saved_map frame=map points=11417 fused=true
[offboard_waypoint_node-1] [INFO] [1786825509.121568315] [offboard_waypoint_node]: [CONTROL_ARBITER] selected_source=pilot_override state=MANUAL_OVERRIDE
[super_planner_ros2_node-6] [INFO] [1786825509.619472213] [super_planner_ros2_node]: SUPER_ROS2 mode=IDLE enable_output=false reason=NO_GOAL odom=(0.49,-0.16,-0.05) goal=none tracking_setpoint_enu=(0.49,-0.16,0.69) setpoint_ned=none yaw(desired/cmd/rate)=(0.00/0.00/0.00) cross_track=0.00 frame_id=px4_ned path_points=0 odom_source=/race/odom cloud_source=/saved_map mavros_connected=true
[ego_planner_node-10] [FSM]: state: WAIT_TARGET
[ego_planner_node-10] wait for goal or trigger.
[race_ego_cloud_bridge-8] [INFO] [1786825509.846175105] [race_ego_cloud_bridge]: [EGO_MAP_FUSION] static_points=11417 live_raw_points=17649 confirmed_live_voxels=6031 min_observations=2 memory_sec=1.00 fused_points=17448
[race_ego_cloud_bridge-8] [INFO] [1786825509.846605868] [race_ego_cloud_bridge]: [EGO_MAP_INPUT] topic=/race/ego/cloud frame=map points=17448 source=static_live_px4 refresh_period=0.00s
[fastlio_bridge_node-2] [INFO] [1786825510.003523503] [fastlio_bridge_node]: 已桥接并转换里程计: ENU(0.49, -0.16, -0.05) -> NED(-0.16, 0.49, 0.05)
[fastlio_bridge_node-2] [INFO] [1786825510.011515682] [fastlio_bridge_node]: 已桥接并转换里程计: ENU(0.49, -0.16, -0.05) -> NED(-0.16, 0.49, 0.05)
[fastlio_bridge_node-2] [INFO] [1786825510.013476647] [fastlio_bridge_node]: 已桥接并转换里程计: ENU(0.49, -0.16, -0.05) -> NED(-0.16, 0.49, 0.05)
[fastlio_bridge_node-2] [INFO] [1786825510.025276368] [fastlio_bridge_node]: 已桥接并转换里程计: ENU(0.49, -0.16, -0.05) -> NED(-0.16, 0.49, 0.05)
[fastlio_bridge_node-2] [INFO] [1786825510.027134103] [fastlio_bridge_node]: 已桥接并转换里程计: ENU(0.49, -0.16, -0.05) -> NED(-0.16, 0.49, 0.05)
[fastlio_bridge_node-2] [INFO] [1786825510.029362986] [fastlio_bridge_node]: 已桥接并转换里程计: ENU(0.49, -0.16, -0.05) -> NED(-0.16, 0.49, 0.05)
[fastlio_bridge_node-2] [INFO] [1786825510.042281622] [fastlio_bridge_node]: 已桥接并转换里程计: ENU(0.49, -0.16, -0.05) -> NED(-0.16, 0.49, 0.05)
[fastlio_bridge_node-2] [INFO] [1786825510.047005051] [fastlio_bridge_node]: 已桥接并转换里程计: ENU(0.49, -0.16, -0.05) -> NED(-0.16, 0.49, 0.05)
[fastlio_bridge_node-2] [INFO] [1786825510.049742892] [fastlio_bridge_node]: 已桥接并转换里程计: ENU(0.49, -0.16, -0.05) -> NED(-0.16, 0.49, 0.05)
[fastlio_bridge_node-2] [INFO] [1786825510.056485459] [fastlio_bridge_node]: 已桥接并转换里程计: ENU(0.49, -0.16, -0.05) -> NED(-0.16, 0.49, 0.05)
[race_ego_trajectory_bridge-12] [INFO] [1786825510.060064876] [race_ego_trajectory_bridge]: [EGO_OCCUPANCY_MAP] topic=/race/ego/cloud frame=map raw_points=17580 map_age=0.012
[fastlio_bridge_node-2] [INFO] [1786825510.073420143] [fastlio_bridge_node]: 已桥接并转换里程计: ENU(0.49, -0.16, -0.05) -> NED(-0.16, 0.49, 0.05)
[fastlio_bridge_node-2] [INFO] [1786825510.076293768] [fastlio_bridge_node]: 已桥接并转换里程计: ENU(0.49, -0.16, -0.05) -> NED(-0.16, 0.49, 0.05)
[fastlio_bridge_node-2] [INFO] [1786825510.080868782] [fastlio_bridge_node]: 已桥接并转换里程计: ENU(0.49, -0.16, -0.05) -> NED(-0.16, 0.49, 0.05)
[fastlio_bridge_node-2] [INFO] [1786825510.087514059] [fastlio_bridge_node]: 已桥接并转换里程计: ENU(0.49, -0.16, -0.05) -> NED(-0.16, 0.49, 0.05)
[fastlio_bridge_node-2] [INFO] [1786825510.087680426] [fastlio_bridge_node]: 已桥接并转换里程计: ENU(0.49, -0.16, -0.05) -> NED(-0.16, 0.49, 0.05)
[fastlio_bridge_node-2] [INFO] [1786825510.095962272] [fastlio_bridge_node]: 已桥接并转换里程计: ENU(0.49, -0.16, -0.05) -> NED(-0.16, 0.49, 0.05)
[offboard_waypoint_node-1] [INFO] [1786825510.171009436] [offboard_waypoint_node]: [CONTROL_ARBITER] selected_source=pilot_override state=MANUAL_OVERRIDE
[super_planner_ros2_node-6] [INFO] [1786825510.619840938] [super_planner_ros2_node]: SUPER_ROS2 mode=IDLE enable_output=false reason=NO_GOAL odom=(0.49,-0.16,-0.06) goal=none tracking_setpoint_enu=(0.49,-0.16,0.69) setpoint_ned=none yaw(desired/cmd/rate)=(0.00/0.00/0.00) cross_track=0.00 frame_id=px4_ned path_points=0 odom_source=/race/odom cloud_source=/saved_map mavros_connected=true
[race_ego_cloud_bridge-8] [INFO] [1786825510.648409165] [race_ego_cloud_bridge]: [EGO_STATIC_MAP_READY] topic=/saved_map frame=map points=11417 fused=true
[ego_planner_node-10] [INFO] [1786825510.757758145] [race_ego_planner]: [EGO_OCCUPANCY_UPDATE] input_topic=grid_map/cloud input_frame=map occupancy_frame=map cloud_points=16856 local_points=9678 occupied_voxels=24079 camera=(0.488,-0.161,-0.062) local_index_bounds=[(47,43,0),(117,116,8)]
[ego_planner_node-10] [FSM]: state: WAIT_TARGET
[ego_planner_node-10] wait for goal or trigger.
[rviz2-13] [INFO] [1786825510.978531383] [rviz2]: Message Filter dropping message: frame 'odom' at time 1786825509.581 for reason 'discarding message because the queue is full'
[offboard_waypoint_node-1] [INFO] [1786825511.218928507] [offboard_waypoint_node]: [CONTROL_ARBITER] selected_source=pilot_override state=MANUAL_OVERRIDE
[super_planner_ros2_node-6] [INFO] [1786825511.669251152] [super_planner_ros2_node]: SUPER_ROS2 mode=IDLE enable_output=false reason=NO_GOAL odom=(0.49,-0.16,-0.07) goal=none tracking_setpoint_enu=(0.49,-0.16,0.69) setpoint_ned=none yaw(desired/cmd/rate)=(0.00/0.00/0.00) cross_track=0.00 frame_id=px4_ned path_points=0 odom_source=/race/odom cloud_source=/saved_map mavros_connected=true
[fastlio_bridge_node-2] [INFO] [1786825512.001380801] [fastlio_bridge_node]: 已桥接并转换里程计: ENU(0.49, -0.16, -0.07) -> NED(-0.16, 0.49, 0.07)
[fastlio_bridge_node-2] [INFO] [1786825512.003417741] [fastlio_bridge_node]: 已桥接并转换里程计: ENU(0.49, -0.16, -0.07) -> NED(-0.16, 0.49, 0.07)
[fastlio_bridge_node-2] [INFO] [1786825512.012246254] [fastlio_bridge_node]: 已桥接并转换里程计: ENU(0.49, -0.16, -0.07) -> NED(-0.16, 0.49, 0.07)
[fastlio_bridge_node-2] [INFO] [1786825512.017052939] [fastlio_bridge_node]: 已桥接并转换里程计: ENU(0.49, -0.16, -0.07) -> NED(-0.16, 0.49, 0.07)
[fastlio_bridge_node-2] [INFO] [1786825512.022655525] [fastlio_bridge_node]: 已桥接并转换里程计: ENU(0.49, -0.16, -0.07) -> NED(-0.16, 0.49, 0.07)
[ego_planner_node-10] [FSM]: state: WAIT_TARGET
[ego_planner_node-10] wait for goal or trigger.
[fastlio_bridge_node-2] [INFO] [1786825512.028551391] [fastlio_bridge_node]: 已桥接并转换里程计: ENU(0.49, -0.16, -0.07) -> NED(-0.16, 0.49, 0.07)
[fastlio_bridge_node-2] [INFO] [1786825512.030844252] [fastlio_bridge_node]: 已桥接并转换里程计: ENU(0.49, -0.16, -0.07) -> NED(-0.16, 0.49, 0.07)
[fastlio_bridge_node-2] [INFO] [1786825512.035006845] [fastlio_bridge_node]: 已桥接并转换里程计: ENU(0.49, -0.16, -0.07) -> NED(-0.16, 0.49, 0.07)
[race_ego_cloud_bridge-8] [INFO] [1786825512.036242137] [race_ego_cloud_bridge]: [EGO_MAP_FUSION] static_points=11417 live_raw_points=17762 confirmed_live_voxels=6254 min_observations=2 memory_sec=1.00 fused_points=17671
[race_ego_cloud_bridge-8] [INFO] [1786825512.036873720] [race_ego_cloud_bridge]: [EGO_MAP_INPUT] topic=/race/ego/cloud frame=map points=17671 source=static_live_px4 refresh_period=0.00s
[fastlio_bridge_node-2] [INFO] [1786825512.046534293] [fastlio_bridge_node]: 已桥接并转换里程计: ENU(0.49, -0.16, -0.07) -> NED(-0.16, 0.49, 0.07)
[fastlio_bridge_node-2] [INFO] [1786825512.046738050] [fastlio_bridge_node]: 已桥接并转换里程计: ENU(0.49, -0.16, -0.07) -> NED(-0.16, 0.49, 0.07)
[fastlio_bridge_node-2] [INFO] [1786825512.048516128] [fastlio_bridge_node]: 已桥接并转换里程计: ENU(0.49, -0.16, -0.07) -> NED(-0.16, 0.49, 0.07)
[fastlio_bridge_node-2] [INFO] [1786825512.053302115] [fastlio_bridge_node]: 已桥接并转换里程计: ENU(0.49, -0.16, -0.07) -> NED(-0.16, 0.49, 0.07)
[fastlio_bridge_node-2] [INFO] [1786825512.060890769] [fastlio_bridge_node]: 已桥接并转换里程计: ENU(0.49, -0.16, -0.07) -> NED(-0.16, 0.49, 0.07)
[fastlio_bridge_node-2] [INFO] [1786825512.065101026] [fastlio_bridge_node]: 已桥接并转换里程计: ENU(0.49, -0.16, -0.07) -> NED(-0.16, 0.49, 0.07)
[fastlio_bridge_node-2] [INFO] [1786825512.072997799] [fastlio_bridge_node]: 已桥接并转换里程计: ENU(0.49, -0.16, -0.07) -> NED(-0.16, 0.49, 0.07)
[fastlio_bridge_node-2] [INFO] [1786825512.078050129] [fastlio_bridge_node]: 已桥接并转换里程计: ENU(0.49, -0.16, -0.07) -> NED(-0.16, 0.49, 0.07)
[fastlio_bridge_node-2] [INFO] [1786825512.081855686] [fastlio_bridge_node]: 已桥接并转换里程计: ENU(0.49, -0.16, -0.07) -> NED(-0.16, 0.49, 0.07)
[fastlio_bridge_node-2] [INFO] [1786825512.089157761] [fastlio_bridge_node]: 已桥接并转换里程计: ENU(0.49, -0.16, -0.07) -> NED(-0.16, 0.49, 0.07)
[fastlio_bridge_node-2] [INFO] [1786825512.090952600] [fastlio_bridge_node]: 已桥接并转换里程计: ENU(0.49, -0.16, -0.07) -> NED(-0.16, 0.49, 0.07)
[fastlio_bridge_node-2] [INFO] [1786825512.097082983] [fastlio_bridge_node]: 已桥接并转换里程计: ENU(0.49, -0.16, -0.07) -> NED(-0.16, 0.49, 0.07)
[fastlio_bridge_node-2] [INFO] [1786825512.098460497] [fastlio_bridge_node]: 已桥接并转换里程计: ENU(0.49, -0.16, -0.07) -> NED(-0.16, 0.49, 0.07)
[race_ego_trajectory_bridge-12] [INFO] [1786825512.159752477] [race_ego_trajectory_bridge]: [EGO_OCCUPANCY_MAP] topic=/race/ego/cloud frame=map raw_points=17752 map_age=0.008
[offboard_waypoint_node-1] [INFO] [1786825512.270013623] [offboard_waypoint_node]: [CONTROL_ARBITER] selected_source=pilot_override state=MANUAL_OVERRIDE
[race_ego_cloud_bridge-8] [INFO] [1786825512.646935242] [race_ego_cloud_bridge]: [EGO_STATIC_MAP_READY] topic=/saved_map frame=map points=11417 fused=true
[super_planner_ros2_node-6] [INFO] [1786825512.718414211] [super_planner_ros2_node]: SUPER_ROS2 mode=IDLE enable_output=false reason=NO_GOAL odom=(0.49,-0.16,-0.06) goal=none tracking_setpoint_enu=(0.49,-0.16,0.69) setpoint_ned=none yaw(desired/cmd/rate)=(0.00/0.00/0.00) cross_track=0.00 frame_id=px4_ned path_points=0 odom_source=/race/odom cloud_source=/saved_map mavros_connected=true
[ego_planner_node-10] [INFO] [1786825512.765563975] [race_ego_planner]: [EGO_OCCUPANCY_UPDATE] input_topic=grid_map/cloud input_frame=map occupancy_frame=map cloud_points=17922 local_points=10005 occupied_voxels=24105 camera=(0.487,-0.160,-0.063) local_index_bounds=[(47,43,0),(117,116,8)]
[ego_planner_node-10] [FSM]: state: WAIT_TARGET
[ego_planner_node-10] wait for goal or trigger.
[offboard_waypoint_node-1] [INFO] [1786825513.318339800] [offboard_waypoint_node]: [CONTROL_ARBITER] selected_source=pilot_override state=MANUAL_OVERRIDE
[rviz2-13] [INFO] [1786825513.534602089] [rviz2]: Message Filter dropping message: frame 'odom' at time 1786825512.382 for reason 'discarding message because the queue is full'
[super_planner_ros2_node-6] [INFO] [1786825513.719853027] [super_planner_ros2_node]: SUPER_ROS2 mode=IDLE enable_output=false reason=NO_GOAL odom=(0.49,-0.16,-0.06) goal=none tracking_setpoint_enu=(0.49,-0.16,0.69) setpoint_ned=none yaw(desired/cmd/rate)=(0.00/0.00/0.00) cross_track=0.00 frame_id=px4_ned path_points=0 odom_source=/race/odom cloud_source=/saved_map mavros_connected=true
[fastlio_bridge_node-2] [INFO] [1786825514.006008448] [fastlio_bridge_node]: 已桥接并转换里程计: ENU(0.49, -0.16, -0.06) -> NED(-0.16, 0.49, 0.06)
[fastlio_bridge_node-2] [INFO] [1786825514.012114143] [fastlio_bridge_node]: 已桥接并转换里程计: ENU(0.49, -0.16, -0.06) -> NED(-0.16, 0.49, 0.06)
[fastlio_bridge_node-2] [INFO] [1786825514.018975685] [fastlio_bridge_node]: 已桥接并转换里程计: ENU(0.49, -0.16, -0.06) -> NED(-0.16, 0.49, 0.06)
[fastlio_bridge_node-2] [INFO] [1786825514.025006655] [fastlio_bridge_node]: 已桥接并转换里程计: ENU(0.49, -0.16, -0.06) -> NED(-0.16, 0.49, 0.06)
[fastlio_bridge_node-2] [INFO] [1786825514.029774451] [fastlio_bridge_node]: 已桥接并转换里程计: ENU(0.49, -0.16, -0.06) -> NED(-0.16, 0.49, 0.06)
[fastlio_bridge_node-2] [INFO] [1786825514.034917418] [fastlio_bridge_node]: 已桥接并转换里程计: ENU(0.49, -0.16, -0.06) -> NED(-0.16, 0.49, 0.06)
[race_ego_cloud_bridge-8] [INFO] [1786825514.042304976] [race_ego_cloud_bridge]: [EGO_MAP_INPUT] topic=/race/ego/cloud frame=map points=17572 source=static_live_px4 refresh_period=0.00s
[fastlio_bridge_node-2] [INFO] [1786825514.047836231] [fastlio_bridge_node]: 已桥接并转换里程计: ENU(0.49, -0.16, -0.06) -> NED(-0.16, 0.49, 0.06)
[fastlio_bridge_node-2] [INFO] [1786825514.050884660] [fastlio_bridge_node]: 已桥接并转换里程计: ENU(0.49, -0.16, -0.06) -> NED(-0.16, 0.49, 0.06)
[fastlio_bridge_node-2] [INFO] [1786825514.052004484] [fastlio_bridge_node]: 已桥接并转换里程计: ENU(0.49, -0.16, -0.06) -> NED(-0.16, 0.49, 0.06)
[fastlio_bridge_node-2] [INFO] [1786825514.054057681] [fastlio_bridge_node]: 已桥接并转换里程计: ENU(0.49, -0.16, -0.06) -> NED(-0.16, 0.49, 0.06)
[fastlio_bridge_node-2] [INFO] [1786825514.058519434] [fastlio_bridge_node]: 已桥接并转换里程计: ENU(0.49, -0.16, -0.06) -> NED(-0.16, 0.49, 0.06)
[fastlio_bridge_node-2] [INFO] [1786825514.063143803] [fastlio_bridge_node]: 已桥接并转换里程计: ENU(0.49, -0.16, -0.06) -> NED(-0.16, 0.49, 0.06)
[fastlio_bridge_node-2] [INFO] [1786825514.073545694] [fastlio_bridge_node]: 已桥接并转换里程计: ENU(0.49, -0.16, -0.06) -> NED(-0.16, 0.49, 0.06)
[fastlio_bridge_node-2] [INFO] [1786825514.080621106] [fastlio_bridge_node]: 已桥接并转换里程计: ENU(0.49, -0.16, -0.06) -> NED(-0.16, 0.49, 0.06)
[fastlio_bridge_node-2] [INFO] [1786825514.085822305] [fastlio_bridge_node]: 已桥接并转换里程计: ENU(0.49, -0.16, -0.06) -> NED(-0.16, 0.49, 0.06)
[fastlio_bridge_node-2] [INFO] [1786825514.088364926] [fastlio_bridge_node]: 已桥接并转换里程计: ENU(0.49, -0.16, -0.06) -> NED(-0.16, 0.49, 0.06)
[fastlio_bridge_node-2] [INFO] [1786825514.095359210] [fastlio_bridge_node]: 已桥接并转换里程计: ENU(0.49, -0.16, -0.06) -> NED(-0.16, 0.49, 0.06)
[fastlio_bridge_node-2] [INFO] [1786825514.098545077] [fastlio_bridge_node]: 已桥接并转换里程计: ENU(0.49, -0.16, -0.06) -> NED(-0.16, 0.49, 0.06)
[ego_planner_node-10] [FSM]: state: WAIT_TARGET
[ego_planner_node-10] wait for goal or trigger.
[race_ego_cloud_bridge-8] [INFO] [1786825514.262904248] [race_ego_cloud_bridge]: [EGO_MAP_FUSION] static_points=11417 live_raw_points=17762 confirmed_live_voxels=6319 min_observations=2 memory_sec=1.00 fused_points=17736
[race_ego_trajectory_bridge-12] [INFO] [1786825514.313272668] [race_ego_trajectory_bridge]: [EGO_OCCUPANCY_MAP] topic=/race/ego/cloud frame=map raw_points=17736 map_age=0.050
[offboard_waypoint_node-1] [INFO] [1786825514.336408283] [offboard_waypoint_node]: [CONTROL_ARBITER] selected_source=pilot_override state=MANUAL_OVERRIDE
[race_ego_cloud_bridge-8] [INFO] [1786825514.645681999] [race_ego_cloud_bridge]: [EGO_STATIC_MAP_READY] topic=/saved_map frame=map points=11417 fused=true
[super_planner_ros2_node-6] [INFO] [1786825514.767541458] [super_planner_ros2_node]: SUPER_ROS2 mode=IDLE enable_output=false reason=NO_GOAL odom=(0.49,-0.16,-0.05) goal=none tracking_setpoint_enu=(0.49,-0.16,0.69) setpoint_ned=none yaw(desired/cmd/rate)=(0.00/0.00/0.00) cross_track=0.00 frame_id=px4_ned path_points=0 odom_source=/race/odom cloud_source=/saved_map mavros_connected=true
[ego_planner_node-10] [INFO] [1786825514.870277342] [race_ego_planner]: [EGO_OCCUPANCY_UPDATE] input_topic=grid_map/cloud input_frame=map occupancy_frame=map cloud_points=17064 local_points=9766 occupied_voxels=24087 camera=(0.487,-0.162,-0.055) local_index_bounds=[(47,43,0),(117,116,8)]
[ego_planner_node-10] [FSM]: state: WAIT_TARGET
[ego_planner_node-10] wait for goal or trigger.
[offboard_waypoint_node-1] [INFO] [1786825515.368192842] [offboard_waypoint_node]: [CONTROL_ARBITER] selected_source=pilot_override state=MANUAL_OVERRIDE
[super_planner_ros2_node-6] [INFO] [1786825515.817263401] [super_planner_ros2_node]: SUPER_ROS2 mode=IDLE enable_output=false reason=NO_GOAL odom=(0.49,-0.16,-0.07) goal=none tracking_setpoint_enu=(0.49,-0.16,0.69) setpoint_ned=none yaw(desired/cmd/rate)=(0.00/0.00/0.00) cross_track=0.00 frame_id=px4_ned path_points=0 odom_source=/race/odom cloud_source=/saved_map mavros_connected=true
[fastlio_bridge_node-2] [INFO] [1786825516.000487728] [fastlio_bridge_node]: 已桥接并转换里程计: ENU(0.49, -0.16, -0.08) -> NED(-0.16, 0.49, 0.08)
[fastlio_bridge_node-2] [INFO] [1786825516.007114477] [fastlio_bridge_node]: 已桥接并转换里程计: ENU(0.49, -0.16, -0.08) -> NED(-0.16, 0.49, 0.08)
[fastlio_bridge_node-2] [INFO] [1786825516.013567128] [fastlio_bridge_node]: 已桥接并转换里程计: ENU(0.49, -0.16, -0.08) -> NED(-0.16, 0.49, 0.08)
[fastlio_bridge_node-2] [INFO] [1786825516.022562485] [fastlio_bridge_node]: 已桥接并转换里程计: ENU(0.49, -0.16, -0.08) -> NED(-0.16, 0.49, 0.08)
[fastlio_bridge_node-2] [INFO] [1786825516.026461628] [fastlio_bridge_node]: 已桥接并转换里程计: ENU(0.49, -0.16, -0.08) -> NED(-0.16, 0.49, 0.08)
[fastlio_bridge_node-2] [INFO] [1786825516.028888057] [fastlio_bridge_node]: 已桥接并转换里程计: ENU(0.49, -0.16, -0.08) -> NED(-0.16, 0.49, 0.08)
[fastlio_bridge_node-2] [INFO] [1786825516.031589800] [fastlio_bridge_node]: 已桥接并转换里程计: ENU(0.49, -0.16, -0.08) -> NED(-0.16, 0.49, 0.08)
[fastlio_bridge_node-2] [INFO] [1786825516.041609730] [fastlio_bridge_node]: 已桥接并转换里程计: ENU(0.49, -0.16, -0.08) -> NED(-0.16, 0.49, 0.08)
[fastlio_bridge_node-2] [INFO] [1786825516.045502086] [fastlio_bridge_node]: 已桥接并转换里程计: ENU(0.49, -0.16, -0.08) -> NED(-0.16, 0.49, 0.08)
[fastlio_bridge_node-2] [INFO] [1786825516.049421162] [fastlio_bridge_node]: 已桥接并转换里程计: ENU(0.49, -0.16, -0.08) -> NED(-0.16, 0.49, 0.08)
[fastlio_bridge_node-2] [INFO] [1786825516.053611674] [fastlio_bridge_node]: 已桥接并转换里程计: ENU(0.49, -0.16, -0.08) -> NED(-0.16, 0.49, 0.08)
[fastlio_bridge_node-2] [INFO] [1786825516.058568169] [fastlio_bridge_node]: 已桥接并转换里程计: ENU(0.49, -0.16, -0.08) -> NED(-0.16, 0.49, 0.08)
[fastlio_bridge_node-2] [INFO] [1786825516.063686847] [fastlio_bridge_node]: 已桥接并转换里程计: ENU(0.49, -0.16, -0.08) -> NED(-0.16, 0.49, 0.08)
[fastlio_bridge_node-2] [INFO] [1786825516.067033549] [fastlio_bridge_node]: 已桥接并转换里程计: ENU(0.49, -0.16, -0.08) -> NED(-0.16, 0.49, 0.08)
[fastlio_bridge_node-2] [INFO] [1786825516.073181622] [fastlio_bridge_node]: 已桥接并转换里程计: ENU(0.49, -0.16, -0.08) -> NED(-0.16, 0.49, 0.08)
[fastlio_bridge_node-2] [INFO] [1786825516.082413841] [fastlio_bridge_node]: 已桥接并转换里程计: ENU(0.49, -0.16, -0.08) -> NED(-0.16, 0.49, 0.08)
[fastlio_bridge_node-2] [INFO] [1786825516.083663232] [fastlio_bridge_node]: 已桥接并转换里程计: ENU(0.49, -0.16, -0.08) -> NED(-0.16, 0.49, 0.08)
[fastlio_bridge_node-2] [INFO] [1786825516.087495409] [fastlio_bridge_node]: 已桥接并转换里程计: ENU(0.49, -0.16, -0.08) -> NED(-0.16, 0.49, 0.08)
[fastlio_bridge_node-2] [INFO] [1786825516.099901100] [fastlio_bridge_node]: 已桥接并转换里程计: ENU(0.49, -0.16, -0.08) -> NED(-0.16, 0.49, 0.08)
[rviz2-13] [INFO] [1786825516.162284580] [rviz2]: Message Filter dropping message: frame 'odom' at time 1786825514.981 for reason 'discarding message because the queue is full'
[race_ego_cloud_bridge-8] [INFO] [1786825516.229530312] [race_ego_cloud_bridge]: [EGO_MAP_INPUT] topic=/race/ego/cloud frame=map points=17515 source=static_live_px4 refresh_period=0.00s
[offboard_waypoint_node-1] [INFO] [1786825516.417632962] [offboard_waypoint_node]: [CONTROL_ARBITER] selected_source=pilot_override state=MANUAL_OVERRIDE
[ego_planner_node-10] [FSM]: state: WAIT_TARGET
[ego_planner_node-10] wait for goal or trigger.
[race_ego_cloud_bridge-8] [INFO] [1786825516.451186014] [race_ego_cloud_bridge]: [EGO_MAP_FUSION] static_points=11417 live_raw_points=14782 confirmed_live_voxels=5679 min_observations=2 memory_sec=1.00 fused_points=17096
[race_ego_trajectory_bridge-12] [INFO] [1786825516.458553715] [race_ego_trajectory_bridge]: [EGO_OCCUPANCY_MAP] topic=/race/ego/cloud frame=map raw_points=17096 map_age=0.007
[race_ego_cloud_bridge-8] [INFO] [1786825516.654923350] [race_ego_cloud_bridge]: [EGO_STATIC_MAP_READY] topic=/saved_map frame=map points=11417 fused=true
[super_planner_ros2_node-6] [INFO] [1786825516.817534170] [super_planner_ros2_node]: SUPER_ROS2 mode=IDLE enable_output=false reason=NO_GOAL odom=(0.49,-0.16,-0.07) goal=none tracking_setpoint_enu=(0.49,-0.16,0.69) setpoint_ned=none yaw(desired/cmd/rate)=(0.00/0.00/0.00) cross_track=0.00 frame_id=px4_ned path_points=0 odom_source=/race/odom cloud_source=/saved_map mavros_connected=true
[ego_planner_node-10] [INFO] [1786825516.984780224] [race_ego_planner]: [EGO_OCCUPANCY_UPDATE] input_topic=grid_map/cloud input_frame=map occupancy_frame=map cloud_points=17477 local_points=9949 occupied_voxels=24086 camera=(0.487,-0.162,-0.076) local_index_bounds=[(47,43,0),(117,116,8)]
[offboard_waypoint_node-1] [INFO] [1786825517.418828178] [offboard_waypoint_node]: [CONTROL_ARBITER] selected_source=pilot_override state=MANUAL_OVERRIDE
[ego_planner_node-10] [FSM]: state: WAIT_TARGET
[ego_planner_node-10] wait for goal or trigger.
[super_planner_ros2_node-6] [INFO] [1786825517.820269686] [super_planner_ros2_node]: SUPER_ROS2 mode=IDLE enable_output=false reason=NO_GOAL odom=(0.49,-0.16,-0.08) goal=none tracking_setpoint_enu=(0.49,-0.16,0.69) setpoint_ned=none yaw(desired/cmd/rate)=(0.00/0.00/0.00) cross_track=0.00 frame_id=px4_ned path_points=0 odom_source=/race/odom cloud_source=/saved_map mavros_connected=true
[fastlio_bridge_node-2] [INFO] [1786825518.002402068] [fastlio_bridge_node]: 已桥接并转换里程计: ENU(0.49, -0.16, -0.07) -> NED(-0.16, 0.49, 0.07)
[fastlio_bridge_node-2] [INFO] [1786825518.011060909] [fastlio_bridge_node]: 已桥接并转换里程计: ENU(0.49, -0.16, -0.07) -> NED(-0.16, 0.49, 0.07)
[fastlio_bridge_node-2] [INFO] [1786825518.018976538] [fastlio_bridge_node]: 已桥接并转换里程计: ENU(0.49, -0.16, -0.07) -> NED(-0.16, 0.49, 0.07)
[fastlio_bridge_node-2] [INFO] [1786825518.020811813] [fastlio_bridge_node]: 已桥接并转换里程计: ENU(0.49, -0.16, -0.07) -> NED(-0.16, 0.49, 0.07)
[fastlio_bridge_node-2] [INFO] [1786825518.022820959] [fastlio_bridge_node]: 已桥接并转换里程计: ENU(0.49, -0.16, -0.07) -> NED(-0.16, 0.49, 0.07)
[fastlio_bridge_node-2] [INFO] [1786825518.026824377] [fastlio_bridge_node]: 已桥接并转换里程计: ENU(0.49, -0.16, -0.07) -> NED(-0.16, 0.49, 0.07)
[fastlio_bridge_node-2] [INFO] [1786825518.037444598] [fastlio_bridge_node]: 已桥接并转换里程计: ENU(0.49, -0.16, -0.07) -> NED(-0.16, 0.49, 0.07)
[fastlio_bridge_node-2] [INFO] [1786825518.047465005] [fastlio_bridge_node]: 已桥接并转换里程计: ENU(0.49, -0.16, -0.07) -> NED(-0.16, 0.49, 0.07)
[fastlio_bridge_node-2] [INFO] [1786825518.048172015] [fastlio_bridge_node]: 已桥接并转换里程计: ENU(0.49, -0.16, -0.07) -> NED(-0.16, 0.49, 0.07)
[fastlio_bridge_node-2] [INFO] [1786825518.050143843] [fastlio_bridge_node]: 已桥接并转换里程计: ENU(0.49, -0.16, -0.07) -> NED(-0.16, 0.49, 0.07)
[fastlio_bridge_node-2] [INFO] [1786825518.054546152] [fastlio_bridge_node]: 已桥接并转换里程计: ENU(0.49, -0.16, -0.07) -> NED(-0.16, 0.49, 0.07)
[fastlio_bridge_node-2] [INFO] [1786825518.056948085] [fastlio_bridge_node]: 已桥接并转换里程计: ENU(0.49, -0.16, -0.07) -> NED(-0.16, 0.49, 0.07)
[fastlio_bridge_node-2] [INFO] [1786825518.062150542] [fastlio_bridge_node]: 已桥接并转换里程计: ENU(0.49, -0.16, -0.07) -> NED(-0.16, 0.49, 0.07)
[fastlio_bridge_node-2] [INFO] [1786825518.067820774] [fastlio_bridge_node]: 已桥接并转换里程计: ENU(0.49, -0.16, -0.07) -> NED(-0.16, 0.49, 0.07)
[fastlio_bridge_node-2] [INFO] [1786825518.070088560] [fastlio_bridge_node]: 已桥接并转换里程计: ENU(0.49, -0.16, -0.07) -> NED(-0.16, 0.49, 0.07)
[fastlio_bridge_node-2] [INFO] [1786825518.078656202] [fastlio_bridge_node]: 已桥接并转换里程计: ENU(0.49, -0.16, -0.07) -> NED(-0.16, 0.49, 0.07)
[fastlio_bridge_node-2] [INFO] [1786825518.082070842] [fastlio_bridge_node]: 已桥接并转换里程计: ENU(0.49, -0.16, -0.07) -> NED(-0.16, 0.49, 0.07)
[fastlio_bridge_node-2] [INFO] [1786825518.092159302] [fastlio_bridge_node]: 已桥接并转换里程计: ENU(0.49, -0.16, -0.07) -> NED(-0.16, 0.49, 0.07)
[fastlio_bridge_node-2] [INFO] [1786825518.099341480] [fastlio_bridge_node]: 已桥接并转换里程计: ENU(0.49, -0.16, -0.07) -> NED(-0.16, 0.49, 0.07)
[race_ego_cloud_bridge-8] [INFO] [1786825518.247082259] [race_ego_cloud_bridge]: [EGO_MAP_INPUT] topic=/race/ego/cloud frame=map points=18065 source=static_live_px4 refresh_period=0.00s
[offboard_waypoint_node-1] [INFO] [1786825518.466657578] [offboard_waypoint_node]: [CONTROL_ARBITER] selected_source=pilot_override state=MANUAL_OVERRIDE
[race_ego_cloud_bridge-8] [INFO] [1786825518.625911876] [race_ego_cloud_bridge]: [EGO_MAP_FUSION] static_points=11417 live_raw_points=17683 confirmed_live_voxels=6284 min_observations=2 memory_sec=1.00 fused_points=17701
[race_ego_trajectory_bridge-12] [INFO] [1786825518.634801903] [race_ego_trajectory_bridge]: [EGO_OCCUPANCY_MAP] topic=/race/ego/cloud frame=map raw_points=17701 map_age=0.009
[race_ego_cloud_bridge-8] [INFO] [1786825518.645701931] [race_ego_cloud_bridge]: [EGO_STATIC_MAP_READY] topic=/saved_map frame=map points=11417 fused=true
[ego_planner_node-10] [FSM]: state: WAIT_TARGET
[ego_planner_node-10] wait for goal or trigger.
[rviz2-13] [INFO] [1786825518.721759216] [rviz2]: Message Filter dropping message: frame 'odom' at time 1786825517.582 for reason 'discarding message because the queue is full'
[super_planner_ros2_node-6] [INFO] [1786825518.866321743] [super_planner_ros2_node]: SUPER_ROS2 mode=IDLE enable_output=false reason=NO_GOAL odom=(0.49,-0.16,-0.07) goal=none tracking_setpoint_enu=(0.49,-0.16,0.69) setpoint_ned=none yaw(desired/cmd/rate)=(0.00/0.00/0.00) cross_track=0.00 frame_id=px4_ned path_points=0 odom_source=/race/odom cloud_source=/saved_map mavros_connected=true
[ego_planner_node-10] [INFO] [1786825519.237995217] [race_ego_planner]: [EGO_OCCUPANCY_UPDATE] input_topic=grid_map/cloud input_frame=map occupancy_frame=map cloud_points=16734 local_points=9689 occupied_voxels=24074 camera=(0.483,-0.157,-0.082) local_index_bounds=[(47,43,0),(117,116,8)]
[offboard_waypoint_node-1] [INFO] [1786825519.468537136] [offboard_waypoint_node]: [CONTROL_ARBITER] selected_source=pilot_override state=MANUAL_OVERRIDE
[mapping_manager_node-5] [INFO] [1786825519.501911739] [mapping_manager_node]: Mapping status: in_flight=false, map_loaded=false, map_saved=false
[ego_planner_node-10] [FSM]: state: WAIT_TARGET
[ego_planner_node-10] wait for goal or trigger.
[super_planner_ros2_node-6] [INFO] [1786825519.868532233] [super_planner_ros2_node]: SUPER_ROS2 mode=IDLE enable_output=false reason=NO_GOAL odom=(0.49,-0.16,-0.08) goal=none tracking_setpoint_enu=(0.49,-0.16,0.69) setpoint_ned=none yaw(desired/cmd/rate)=(0.00/0.00/0.00) cross_track=0.00 frame_id=px4_ned path_points=0 odom_source=/race/odom cloud_source=/saved_map mavros_connected=true
[fastlio_bridge_node-2] [INFO] [1786825520.011573814] [fastlio_bridge_node]: 已桥接并转换里程计: ENU(0.49, -0.16, -0.07) -> NED(-0.16, 0.49, 0.07)
[fastlio_bridge_node-2] [INFO] [1786825520.014300027] [fastlio_bridge_node]: 已桥接并转换里程计: ENU(0.49, -0.16, -0.07) -> NED(-0.16, 0.49, 0.07)
[fastlio_bridge_node-2] [INFO] [1786825520.023716001] [fastlio_bridge_node]: 已桥接并转换里程计: ENU(0.49, -0.16, -0.07) -> NED(-0.16, 0.49, 0.07)
[fastlio_bridge_node-2] [INFO] [1786825520.028722380] [fastlio_bridge_node]: 已桥接并转换里程计: ENU(0.49, -0.16, -0.07) -> NED(-0.16, 0.49, 0.07)
[fastlio_bridge_node-2] [INFO] [1786825520.032932407] [fastlio_bridge_node]: 已桥接并转换里程计: ENU(0.49, -0.16, -0.07) -> NED(-0.16, 0.49, 0.07)
[fastlio_bridge_node-2] [INFO] [1786825520.034099090] [fastlio_bridge_node]: 已桥接并转换里程计: ENU(0.49, -0.16, -0.07) -> NED(-0.16, 0.49, 0.07)
[fastlio_bridge_node-2] [INFO] [1786825520.038804315] [fastlio_bridge_node]: 已桥接并转换里程计: ENU(0.49, -0.16, -0.07) -> NED(-0.16, 0.49, 0.07)
[fastlio_bridge_node-2] [INFO] [1786825520.045482156] [fastlio_bridge_node]: 已桥接并转换里程计: ENU(0.49, -0.16, -0.07) -> NED(-0.16, 0.49, 0.07)
[fastlio_bridge_node-2] [INFO] [1786825520.049239188] [fastlio_bridge_node]: 已桥接并转换里程计: ENU(0.49, -0.16, -0.07) -> NED(-0.16, 0.49, 0.07)
[fastlio_bridge_node-2] [INFO] [1786825520.057867665] [fastlio_bridge_node]: 已桥接并转换里程计: ENU(0.49, -0.16, -0.07) -> NED(-0.16, 0.49, 0.07)
[fastlio_bridge_node-2] [INFO] [1786825520.064373913] [fastlio_bridge_node]: 已桥接并转换里程计: ENU(0.49, -0.16, -0.07) -> NED(-0.16, 0.49, 0.07)
[fastlio_bridge_node-2] [INFO] [1786825520.073101315] [fastlio_bridge_node]: 已桥接并转换里程计: ENU(0.49, -0.16, -0.07) -> NED(-0.16, 0.49, 0.07)
[fastlio_bridge_node-2] [INFO] [1786825520.080412572] [fastlio_bridge_node]: 已桥接并转换里程计: ENU(0.49, -0.16, -0.07) -> NED(-0.16, 0.49, 0.07)
[offboard_waypoint_node-1] [WARN] [1786825520.082509503] [offboard_waypoint_node]: [FLIGHT_ALTITUDE_REFERENCE_RESET] flight_id=1 reason=vehicle disarmed
[race_ego_goal_bridge-9] [WARN] [1786825520.082759961] [race_ego_goal_bridge]: [GOAL_BRIDGE_HANDOVER_RESET] vehicle disarmed; next flight must pass the takeoff gate
[super_planner_ros2_node-6] [INFO] [1786825520.084298547] [super_planner_ros2_node]: [SUPER_TAKEOFF_PATH_RESET] vehicle disarmed; next flight must release the takeoff path
[super_planner_ros2_node-6] [WARN] [1786825520.084573682] [super_planner_ros2_node]: [SUPER_ALTITUDE_REFERENCE_RESET] flight_id=1
[race_ego_trajectory_bridge-12] [INFO] [1786825520.084576635] [race_ego_trajectory_bridge]: [EGO_STATUS] state=WAIT_ALTITUDE_REFERENCE control_enabled=true map=ready odom=ready goal=missing trajectory=missing
[fastlio_bridge_node-2] [INFO] [1786825520.085397021] [fastlio_bridge_node]: 已桥接并转换里程计: ENU(0.49, -0.16, -0.07) -> NED(-0.16, 0.49, 0.07)
[fastlio_bridge_node-2] [INFO] [1786825520.089125746] [fastlio_bridge_node]: 已桥接并转换里程计: ENU(0.49, -0.16, -0.07) -> NED(-0.16, 0.49, 0.07)
[fastlio_bridge_node-2] [INFO] [1786825520.092367641] [fastlio_bridge_node]: 已桥接并转换里程计: ENU(0.49, -0.16, -0.07) -> NED(-0.16, 0.49, 0.07)
[fastlio_bridge_node-2] [INFO] [1786825520.095454519] [fastlio_bridge_node]: 已桥接并转换里程计: ENU(0.49, -0.16, -0.07) -> NED(-0.16, 0.49, 0.07)
[race_ego_cloud_bridge-8] [INFO] [1786825520.418080655] [race_ego_cloud_bridge]: [EGO_MAP_INPUT] topic=/race/ego/cloud frame=map points=16609 source=static_live_px4 refresh_period=0.00s
[offboard_waypoint_node-1] [INFO] [1786825520.516447366] [offboard_waypoint_node]: [CONTROL_ARBITER] selected_source=pilot_override state=MANUAL_OVERRIDE
[race_ego_cloud_bridge-8] [INFO] [1786825520.646815633] [race_ego_cloud_bridge]: [EGO_STATIC_MAP_READY] topic=/saved_map frame=map points=11417 fused=true
[race_ego_cloud_bridge-8] [INFO] [1786825520.718266998] [race_ego_cloud_bridge]: [EGO_MAP_FUSION] static_points=11417 live_raw_points=17881 confirmed_live_voxels=5605 min_observations=2 memory_sec=1.00 fused_points=17022
[race_ego_trajectory_bridge-12] [INFO] [1786825520.726048283] [race_ego_trajectory_bridge]: [EGO_OCCUPANCY_MAP] topic=/race/ego/cloud frame=map raw_points=17022 map_age=0.007
[ego_planner_node-10] [FSM]: state: WAIT_TARGET
[ego_planner_node-10] wait for goal or trigger.
[super_planner_ros2_node-6] [INFO] [1786825520.917905106] [super_planner_ros2_node]: SUPER_ROS2 mode=IDLE enable_output=false reason=WAIT_ALTITUDE_REFERENCE odom=(0.49,-0.16,-0.07) goal=none tracking_setpoint_enu=(0.49,-0.16,-0.07) setpoint_ned=none yaw(desired/cmd/rate)=(0.00/0.00/0.00) cross_track=0.00 frame_id=px4_ned path_points=0 odom_source=/race/odom cloud_source=/saved_map mavros_connected=true
[ego_planner_node-10] [INFO] [1786825521.267751335] [race_ego_planner]: [EGO_OCCUPANCY_UPDATE] input_topic=grid_map/cloud input_frame=map occupancy_frame=map cloud_points=17407 local_points=9829 occupied_voxels=24170 camera=(0.489,-0.162,-0.075) local_index_bounds=[(47,43,0),(117,116,8)]
[rviz2-13] [INFO] [1786825521.285385786] [rviz2]: Message Filter dropping message: frame 'odom' at time 1786825519.482 for reason 'discarding message because the queue is full'
[offboard_waypoint_node-1] [INFO] [1786825521.518367621] [offboard_waypoint_node]: [CONTROL_ARBITER] selected_source=pilot_override state=MANUAL_OVERRIDE
[super_planner_ros2_node-6] [INFO] [1786825521.965722563] [super_planner_ros2_node]: SUPER_ROS2 mode=IDLE enable_output=false reason=WAIT_ALTITUDE_REFERENCE odom=(0.49,-0.16,-0.07) goal=none tracking_setpoint_enu=(0.49,-0.16,-0.07) setpoint_ned=none yaw(desired/cmd/rate)=(0.00/0.00/0.00) cross_track=0.00 frame_id=px4_ned path_points=0 odom_source=/race/odom cloud_source=/saved_map mavros_connected=true
[ego_planner_node-10] [FSM]: state: WAIT_TARGET
[ego_planner_node-10] wait for goal or trigger.
[fastlio_bridge_node-2] [INFO] [1786825522.005777189] [fastlio_bridge_node]: 已桥接并转换里程计: ENU(0.49, -0.16, -0.07) -> NED(-0.16, 0.49, 0.07)
[fastlio_bridge_node-2] [INFO] [1786825522.007752941] [fastlio_bridge_node]: 已桥接并转换里程计: ENU(0.49, -0.16, -0.07) -> NED(-0.16, 0.49, 0.07)
[fastlio_bridge_node-2] [INFO] [1786825522.014621313] [fastlio_bridge_node]: 已桥接并转换里程计: ENU(0.49, -0.16, -0.07) -> NED(-0.16, 0.49, 0.07)
[fastlio_bridge_node-2] [INFO] [1786825522.018900538] [fastlio_bridge_node]: 已桥接并转换里程计: ENU(0.49, -0.16, -0.07) -> NED(-0.16, 0.49, 0.07)
[fastlio_bridge_node-2] [INFO] [1786825522.024421457] [fastlio_bridge_node]: 已桥接并转换里程计: ENU(0.49, -0.16, -0.07) -> NED(-0.16, 0.49, 0.07)
[fastlio_bridge_node-2] [INFO] [1786825522.031315360] [fastlio_bridge_node]: 已桥接并转换里程计: ENU(0.49, -0.16, -0.07) -> NED(-0.16, 0.49, 0.07)
[fastlio_bridge_node-2] [INFO] [1786825522.032340287] [fastlio_bridge_node]: 已桥接并转换里程计: ENU(0.49, -0.16, -0.07) -> NED(-0.16, 0.49, 0.07)
[fastlio_bridge_node-2] [INFO] [1786825522.037130092] [fastlio_bridge_node]: 已桥接并转换里程计: ENU(0.49, -0.16, -0.07) -> NED(-0.16, 0.49, 0.07)
[fastlio_bridge_node-2] [INFO] [1786825522.042468481] [fastlio_bridge_node]: 已桥接并转换里程计: ENU(0.49, -0.16, -0.07) -> NED(-0.16, 0.49, 0.07)
[fastlio_bridge_node-2] [INFO] [1786825522.051901698] [fastlio_bridge_node]: 已桥接并转换里程计: ENU(0.49, -0.16, -0.07) -> NED(-0.16, 0.49, 0.07)
[fastlio_bridge_node-2] [INFO] [1786825522.059371618] [fastlio_bridge_node]: 已桥接并转换里程计: ENU(0.49, -0.16, -0.07) -> NED(-0.16, 0.49, 0.07)
[fastlio_bridge_node-2] [INFO] [1786825522.064663357] [fastlio_bridge_node]: 已桥接并转换里程计: ENU(0.49, -0.16, -0.07) -> NED(-0.16, 0.49, 0.07)
[fastlio_bridge_node-2] [INFO] [1786825522.070571867] [fastlio_bridge_node]: 已桥接并转换里程计: ENU(0.49, -0.16, -0.07) -> NED(-0.16, 0.49, 0.07)
[fastlio_bridge_node-2] [INFO] [1786825522.079185003] [fastlio_bridge_node]: 已桥接并转换里程计: ENU(0.49, -0.16, -0.07) -> NED(-0.16, 0.49, 0.07)
[fastlio_bridge_node-2] [INFO] [1786825522.085871697] [fastlio_bridge_node]: 已桥接并转换里程计: ENU(0.49, -0.16, -0.07) -> NED(-0.16, 0.49, 0.07)
[fastlio_bridge_node-2] [INFO] [1786825522.097466545] [fastlio_bridge_node]: 已桥接并转换里程计: ENU(0.49, -0.16, -0.07) -> NED(-0.16, 0.49, 0.07)
[fastlio_bridge_node-2] [INFO] [1786825522.097909443] [fastlio_bridge_node]: 已桥接并转换里程计: ENU(0.49, -0.16, -0.07) -> NED(-0.16, 0.49, 0.07)
[offboard_waypoint_node-1] [INFO] [1786825522.518619612] [offboard_waypoint_node]: [CONTROL_ARBITER] selected_source=pilot_override state=MANUAL_OVERRIDE
[race_ego_cloud_bridge-8] [INFO] [1786825522.532465953] [race_ego_cloud_bridge]: [EGO_MAP_INPUT] topic=/race/ego/cloud frame=map points=17362 source=static_live_px4 refresh_period=0.00s
[race_ego_cloud_bridge-8] [INFO] [1786825522.647706981] [race_ego_cloud_bridge]: [EGO_STATIC_MAP_READY] topic=/saved_map frame=map points=11417 fused=true
[race_ego_cloud_bridge-8] [INFO] [1786825522.749237865] [race_ego_cloud_bridge]: [EGO_MAP_FUSION] static_points=11417 live_raw_points=17782 confirmed_live_voxels=6211 min_observations=2 memory_sec=1.00 fused_points=17628
[race_ego_trajectory_bridge-12] [INFO] [1786825522.766422496] [race_ego_trajectory_bridge]: [EGO_OCCUPANCY_MAP] topic=/race/ego/cloud frame=map raw_points=17628 map_age=0.017
[super_planner_ros2_node-6] [INFO] [1786825522.966374227] [super_planner_ros2_node]: SUPER_ROS2 mode=IDLE enable_output=false reason=WAIT_ALTITUDE_REFERENCE odom=(0.49,-0.16,-0.07) goal=none tracking_setpoint_enu=(0.49,-0.16,-0.07) setpoint_ned=none yaw(desired/cmd/rate)=(0.00/0.00/0.00) cross_track=0.00 frame_id=px4_ned path_points=0 odom_source=/race/odom cloud_source=/saved_map mavros_connected=true
[ego_planner_node-10] [FSM]: state: WAIT_TARGET
[ego_planner_node-10] wait for goal or trigger.
[ego_planner_node-10] [INFO] [1786825523.462954704] [race_ego_planner]: [EGO_OCCUPANCY_UPDATE] input_topic=grid_map/cloud input_frame=map occupancy_frame=map cloud_points=17640 local_points=9950 occupied_voxels=24167 camera=(0.488,-0.160,-0.074) local_index_bounds=[(47,43,0),(117,116,8)]
[offboard_waypoint_node-1] [INFO] [1786825523.522980385] [offboard_waypoint_node]: [CONTROL_ARBITER] selected_source=pilot_override state=MANUAL_OVERRIDE
[navigation stack (prewarm)] 正在停止进程组 4360
[navigation stack (prewarm)] TERM 超时，强制结束进程组 4360
[navigation stack (prewarm)] 已退出，状态码 143
